id,is_member
32656,0.9534971
137254,0.0081256
134884,0.83882815
33065,0.71418685
34304,0.95365036
135396,0.0092895795
136721,0.87455004
132335,0.004808258
136398,0.01585436
33421,0.8255665
31249,0.9026834
133683,0.11921106
130332,0.792941
32617,0.7779414
134819,0.0566309
136244,0.4824061
131151,0.0034988734
35543,0.86420757
32599,0.9401566
30335,0.53191185
35360,0.97201836
132061,0.4960941
133928,0.017354226
131173,0.84224164
133041,0.12776734
134466,0.015750432
31295,0.27848554
33917,0.9705732
136154,0.029746357
36291,0.89766157
31604,0.8653876
30039,0.8336207
132068,0.008351165
31396,0.8471195
37018,0.85267985
37454,0.66454023
34755,0.83870286
32401,0.89385295
131967,0.004949409
131420,0.25478363
33458,0.7648685
133404,0.18262921
30938,0.9553505
34434,0.91364175
30370,0.86692506
134846,0.031764414
36744,0.22737187
33694,0.8588331
133896,0.038089424
133409,0.0074688466
135258,0.23019384
30312,0.610365
31267,0.7512282
32145,0.943433
134533,0.05758586
132367,0.83794063
131736,0.4401431
37045,0.42145178
134933,0.122579046
132334,0.06348503
135048,0.014880912
133437,0.010922858
135135,0.078629926
32981,0.96802884
133779,0.25744927
35166,0.7466051
130358,0.06853588
35939,0.980185
32458,0.857464
133867,0.029117415
131277,0.012674773
32603,0.88308924
133534,0.01711705
31921,0.97409105
137129,0.03883428
32207,0.9243749
30851,0.14973615
32277,0.024043499
33730,0.65988016
32695,0.8847694
131483,0.0030214651
32041,0.91958773
34679,0.93882126
133778,0.017413137
136457,0.11153956
130801,0.008626205
134360,0.8048408
31390,0.866068
34822,0.4472824
33445,0.8637788
31808,0.73549926
130865,0.7743958
33780,0.7293505
130220,0.47607633
136648,0.10838486
130862,0.0058011073
34505,0.78917986
134794,0.013194401
35679,0.96981084
31125,0.9366863
34442,0.96950847
135840,0.018117009
133264,0.05534582
133228,0.1779766
130805,0.017758818
35775,0.88034964
36310,0.6989662
36323,0.78705585
135559,0.78317124
36178,0.83955026
131741,0.30113128
37076,0.6170338
132143,0.12949607
36236,0.91208714
130034,0.07682662
134720,0.023719726
133103,0.009546112
131733,0.007308242
34760,0.881947
31484,0.55751044
31140,0.65887374
132741,0.0090633165
36771,0.9072834
131636,0.74789846
132305,0.087191395
132714,0.0036902733
33523,0.8109462
31511,0.8845169
31388,0.5787208
31515,0.847329
132157,0.38580117
34312,0.71849126
35101,0.88044125
33380,0.70121545
36074,0.83416444
131599,0.63324684
132491,0.0093156835
33435,0.5258359
31662,0.5611631
35985,0.7470229
130883,0.09267667
36609,0.8976397
37114,0.959943
36076,0.8969279
37150,0.958049
134968,0.84711653
132142,0.17307733
137190,0.011126587
32440,0.9619876
35910,0.62572825
136439,0.23870765
130899,0.018838039
132576,0.00850946
31782,0.8937545
132391,0.63618815
32592,0.9114468
132161,0.06901153
32821,0.64943016
33315,0.9240168
32107,0.7214881
30722,0.93499887
133323,0.033697985
134055,0.2981748
30680,0.7022604
132415,0.20747137
36252,0.5617543
34455,0.9149846
34923,0.86841935
136119,0.030391492
36008,0.9127676
135563,0.1436108
135368,0.06969367
131855,0.13111141
135606,0.14750454
30674,0.91863585
31880,0.91310424
134493,0.13217872
34932,0.17015044
31175,0.85456634
30605,0.8408987
133520,0.03538414
30267,0.8341745
32104,0.52789783
136365,0.011598209
134180,0.05151347
137365,0.011701129
135407,0.8376519
136205,0.04894234
33642,0.7848932
33746,0.96367157
33099,0.93613213
34844,0.5010789
30528,0.07709999
130629,0.046729323
133168,0.7404507
32848,0.38929164
131528,0.05000897
136588,0.21711828
34011,0.95324755
134560,0.2717663
133964,0.043021858
134888,0.31826207
30654,0.6684635
132726,0.34212327
33077,0.9692366
30499,0.64870524
134604,0.1146399
35084,0.88893586
135374,0.8963941
30089,0.70046127
131429,0.015532475
31313,0.9467213
35409,0.8770053
136646,0.03846033
130241,0.037054826
35760,0.88254297
134335,0.122555524
136107,0.10313277
30001,0.8331097
36166,0.9389652
136623,0.038397275
35494,0.95836884
37157,0.23487285
133870,0.035681006
131424,0.55363476
34142,0.81444633
32734,0.25200245
130073,0.2044966
30646,0.9398334
30387,0.66020656
33252,0.777017
133861,0.021797225
32742,0.92920953
137484,0.49597502
33162,0.788399
132665,0.020232404
33449,0.94192743
131114,0.0368924
36121,0.93829924
31629,0.71755683
32414,0.9372973
132426,0.071854115
32281,0.80831045
130996,0.009001217
31079,0.9234233
133538,0.11615299
34139,0.8697139
33833,0.9588811
32739,0.69163567
30211,0.7521678
132473,0.023500424
131439,0.019859249
130708,0.010413429
136735,0.003008329
132418,0.008032762
135415,0.118272066
133115,0.0010678871
131094,0.2563535
30918,0.5436295
134058,0.10450296
135256,0.024564413
36046,0.08813072
36293,0.8941581
130410,0.8170163
34348,0.64111453
131344,0.033766456
137463,0.07634095
134568,0.58376634
30384,0.9553956
131507,0.7069655
32179,0.97665024
133051,0.8581709
136287,0.32018924
35597,0.82337743
131952,0.007827627
35104,0.9524602
132344,0.628246
131187,0.012486301
32422,0.8034067
35503,0.92595565
36457,0.9171528
34200,0.65339214
31173,0.95377547
32406,0.82596445
133880,0.018145856
30420,0.34884137
35892,0.9031833
137170,0.36580044
133539,0.0030564666
132406,0.14577058
136749,0.12912656
136116,0.0030282915
30493,0.9550521
34032,0.9082936
33283,0.15417083
136000,0.9495737
135682,0.008122473
137013,0.0053617875
132397,0.13854948
132408,0.0031901712
133663,0.12176688
35916,0.4494199
34974,0.87195045
33578,0.9606334
33277,0.9428715
137147,0.6201424
32726,0.858955
33470,0.9223591
31415,0.23014094
136042,0.043897662
130006,0.021872804
133221,0.114194185
131904,0.009741687
32465,0.95279
36284,0.7971254
134578,0.124767125
130973,0.011175275
136593,0.8521767
133868,0.019031301
136972,0.5722287
130005,0.0073842783
34071,0.9064627
34752,0.91343105
132540,0.8734699
134660,0.012593218
36489,0.9518246
32215,0.9336183
36319,0.9594562
132121,0.018362004
136826,0.8944392
32798,0.9275902
135144,0.010434209
130694,0.11313128
31773,0.8161494
132368,0.24965014
132457,0.11358634
135229,0.003159139
30188,0.8578077
35387,0.16660964
134553,0.0028952262
131062,0.68507487
36585,0.6818624
36030,0.8621294
32783,0.9242829
131284,0.569956
34575,0.889317
30882,0.91346294
34613,0.8081631
131248,0.32320067
136157,0.015552524
32769,0.9306822
130097,0.6935593
31020,0.9265316
133559,0.028665354
30896,0.8860755
133488,0.072073214
133631,0.0033706692
34141,0.8289493
34260,0.4871355
35560,0.7064956
31622,0.97385025
35035,0.18924342
33852,0.66263324
135491,0.0047203964
30820,0.94528294
32493,0.88333046
32351,0.9622348
32745,0.8750957
36623,0.5225364
36073,0.38079563
135393,0.020550014
37277,0.79036844
136748,0.078900814
136824,0.1669507
131296,0.004321478
131664,0.017296212
36241,0.8701582
32411,0.82131255
30853,0.83456457
36141,0.9500469
131902,0.07274876
130965,0.025240337
36117,0.7050192
34827,0.8326646
32487,0.9685102
130007,0.6075909
32685,0.6126371
133023,0.36345354
32650,0.9536514
31065,0.35444713
135785,0.0915604
134852,0.49876365
30187,0.07643059
34430,0.8748285
134177,0.053430863
35614,0.06173563
32261,0.8216804
32740,0.95464826
36281,0.8313552
133727,0.012708299
36423,0.9401422
30106,0.94034237
31389,0.92697895
37451,0.03664457
32560,0.58834606
33705,0.8463675
34982,0.9173372
34461,0.48531795
132221,0.2892345
30422,0.5157849
135795,0.23543148
130317,0.0032693334
135294,0.26761097
137204,0.67187965
36240,0.92073655
132313,0.3107768
34785,0.56443673
137036,0.12852958
36429,0.78969115
30223,0.7842721
37179,0.9086298
35058,0.9081153
32071,0.90391463
35230,0.90598947
31504,0.3556179
131821,0.049854305
30777,0.970831
132861,0.18998517
33659,0.5585238
137059,0.049629413
135926,0.63470614
134802,0.04970544
131713,0.021473462
130303,0.5880718
36729,0.8611994
133938,0.04987402
34490,0.8840606
37259,0.9597797
135569,0.009099881
32381,0.8039072
34671,0.8805969
132400,0.042269483
137104,0.0076608923
130907,0.06845539
130022,0.0074754315
35795,0.93285674
132546,0.0073842565
35839,0.8764234
35022,0.7875372
137272,0.062835775
131937,0.7896619
33859,0.891
33788,0.9263661
136459,0.89883024
131509,0.023527429
131860,0.008729678
131307,0.2941474
136339,0.004818875
135054,0.14756708
130021,0.1837835
137043,0.13469362
30326,0.9369683
34564,0.5979842
136812,0.0025717365
133185,0.23490211
134175,0.12884441
31034,0.8886322
36037,0.8917475
31715,0.785064
131166,0.855071
131140,0.091593355
133052,0.22621202
132291,0.5020733
37197,0.4750455
36021,0.9415068
131682,0.018491149
31112,0.32878616
37275,0.728212
34726,0.948516
131551,0.096806884
30332,0.9191367
134328,0.3031504
35245,0.94346344
136211,0.91295785
135724,0.07052705
31383,0.90510654
131756,0.44249785
133196,0.077665396
132798,0.87452185
132542,0.5463199
33931,0.45818275
34370,0.4832387
35015,0.6791768
136401,0.097810894
136814,0.12533282
37443,0.97432953
35752,0.82887626
36099,0.62205446
130721,0.014654095
136240,0.004622446
132315,0.17739017
36066,0.22331661
131178,0.06530889
35857,0.8559794
36859,0.920096
134659,0.06985281
132783,0.19460091
36620,0.9446534
130330,0.8625071
130483,0.7497324
35272,0.9478474
132684,0.22053537
134681,0.17868496
35204,0.37603745
32246,0.87723434
133187,0.011816761
33691,0.9477317
132263,0.8406381
132946,0.023512205
34110,0.9521277
37176,0.13171951
32000,0.9560258
34593,0.82916737
131943,0.025551818
34881,0.90426064
131169,0.48649472
31711,0.9064017
36459,0.9269299
130344,0.08513299
135418,0.95623666
133131,0.060232967
132724,0.58158666
135161,0.008661905
135466,0.76112974
30560,0.9405146
30945,0.93947846
131346,0.0024264061
30792,0.8332201
134935,0.049960017
37010,0.97618234
133302,0.50225544
130491,0.011583039
36441,0.7331016
34680,0.9031394
36826,0.7661427
31106,0.8855112
134234,0.5593388
134463,0.1603786
30762,0.0779455
135792,0.9396298
37099,0.9614014
36230,0.85890085
131157,0.27162713
30660,0.8064249
30907,0.88193893
33041,0.38547838
134406,0.06490964
137207,0.065742694
134209,0.18215728
37351,0.93738294
136032,0.030874826
133033,0.003318948
133371,0.07132616
133140,0.044528
133687,0.76606494
134469,0.0609414
132579,0.19557552
36432,0.9643458
31704,0.84251124
130174,0.00057134347
30095,0.6417025
30960,0.7445591
33024,0.965919
34086,0.9091641
137472,0.011722842
34177,0.90173703
131726,0.81672794
130311,0.068853475
133998,0.8591994
30436,0.8990271
131063,0.72418386
36263,0.8095328
136590,0.11262418
31924,0.90851736
30803,0.9310915
137246,0.0031247088
37397,0.9010673
35973,0.91406417
133985,0.04048804
32400,0.18047509
37245,0.86916757
33926,0.9068363
32079,0.9331722
36550,0.9700473
35304,0.6184827
130739,0.030822035
135794,0.06072202
35984,0.625234
133137,0.010988254
31254,0.7828365
137310,0.13898149
31720,0.4805809
31668,0.48821303
130243,0.16754547
135902,0.035488985
33734,0.35553735
33163,0.96512014
134280,0.114454284
131265,0.13863276
132754,0.7925553
31046,0.91463524
131359,0.053332146
133243,0.8227457
34358,0.9322622
37139,0.9110061
131960,0.0038814517
33158,0.93421113
133016,0.39096108
134255,0.44176248
34617,0.92855185
36567,0.9630661
31425,0.023863625
31684,0.85244936
132385,0.071553275
34207,0.53915817
135570,0.07066524
37464,0.8533587
132069,0.015155618
30423,0.9594474
135542,0.009583624
131465,0.021765415
135120,0.012472092
131318,0.42843848
133535,0.12072171
35800,0.7684641
132878,0.2221111
34524,0.61247814
37425,0.94447917
135345,0.025591813
30577,0.9588426
137492,0.0036183677
134365,0.13314438
35690,0.93718374
130094,0.7707181
33794,0.89400995
34333,0.855926
130482,0.52830356
37362,0.93178934
34652,0.8717883
130395,0.0062336777
35828,0.9240396
130958,0.0026489345
133993,0.0031839528
133700,0.058653194
30703,0.8533439
134378,0.02795076
130897,0.021595074
33825,0.9534195
36512,0.70569694
133894,0.11692274
32265,0.85765105
136504,0.4915702
31944,0.5926171
132014,0.8492269
35041,0.6076674
134151,0.08630537
130351,0.019546274
31211,0.8893725
37061,0.8913731
136615,0.044566926
34978,0.8930066
34691,0.9010738
133686,0.8171791
135679,0.61242515
135136,0.25071093
34026,0.9098254
31342,0.97433835
134079,0.8228439
133295,0.23856615
135408,0.76603174
130019,0.005759867
30618,0.46720773
32772,0.9240212
131941,0.011190813
135533,0.006117618
137051,0.058964342
30894,0.9436133
133058,0.002922338
136138,0.37103045
135018,0.31958714
34527,0.95200366
132825,0.011213906
134429,0.8029517
35191,0.27899033
36707,0.8685864
35962,0.95920044
34091,0.43680102
36062,0.9408736
34475,0.8708504
36863,0.9549938
34943,0.43112674
132784,0.009469763
32425,0.6627705
35592,0.81622404
34386,0.28688544
132796,0.36159763
34058,0.8723964
132246,0.05117755
136493,0.16868362
137303,0.054054733
31971,0.8989667
35203,0.8712549
132598,0.121785685
135994,0.44685638
31137,0.9050756
34498,0.34197047
35057,0.96492153
31962,0.6581423
130595,0.0062320773
34482,0.9054571
134634,0.08422092
134530,0.1029476
31778,0.8184349
31336,0.9379524
31184,0.81237227
34919,0.9483197
130838,0.0018401273
132864,0.046652175
137086,0.1312511
35570,0.4599523
134845,0.004005219
35873,0.94023305
132393,0.69010234
131320,0.04123509
35787,0.90994614
133301,0.0044936016
133744,0.06740225
130908,0.030935563
133071,0.22575437
36203,0.9710547
131159,0.0028148806
136221,0.289806
131386,0.0095932055
135828,0.6583949
34336,0.83121765
134159,0.08224731
37138,0.87940747
33535,0.9608387
30595,0.9544971
131963,0.011397898
35140,0.87567645
130279,0.0019646483
32860,0.7553804
32636,0.92076576
133212,0.06599078
35547,0.9245726
37355,0.88965106
36015,0.9360939
132614,0.06048545
37253,0.9688268
33299,0.93748957
132950,0.07354236
32806,0.9438728
34117,0.541098
133772,0.5102992
35482,0.8357717
136097,0.17447989
132681,0.017387
133608,0.06021696
130144,0.0066500995
136229,0.0152512705
35577,0.6119051
130910,0.52709514
134068,0.07770824
37204,0.936075
131834,0.18657562
36139,0.60787684
37357,0.56337065
30151,0.94433975
33708,0.8074642
132144,0.0030293136
31861,0.89737916
31303,0.8757174
132383,0.004851762
135551,0.47942442
131667,0.23280597
132947,0.72645
35186,0.9228146
134613,0.0073483265
137199,0.040943343
37067,0.5063811
34596,0.9627481
34667,0.4009512
131648,0.024219321
33188,0.82736427
36748,0.93745846
32964,0.9301902
33728,0.31857124
133156,0.7373389
132807,0.011727887
130038,0.004590513
131725,0.0015170521
32594,0.9386917
130052,0.19834955
33748,0.94949114
133673,0.044842213
130854,0.06124345
135662,0.033962734
34301,0.9364842
30048,0.91913795
36025,0.67260283
32067,0.8500609
134322,0.010246832
33415,0.9549026
32625,0.9268185
131384,0.12817225
134026,0.07100749
133427,0.026702857
31729,0.059219655
32158,0.47123623
130027,0.01468863
134302,0.03695182
135947,0.032857336
132299,0.03209513
30874,0.925246
136933,0.0073276777
137316,0.5092063
37271,0.73694927
32647,0.59603727
34971,0.9391856
133738,0.043637525
31644,0.29688877
36091,0.8539637
32672,0.5702076
31983,0.94407856
133586,0.037731882
137411,0.18640183
34006,0.96142983
31026,0.8691586
30250,0.82237756
31310,0.9757471
131998,0.76356184
135747,0.86775136
133521,0.13568288
132005,0.0077828625
137276,0.58213454
137358,0.041005887
35491,0.95954686
34539,0.5466607
136034,0.028472988
131553,0.3327847
33688,0.9216044
135508,0.060585722
34464,0.8301723
132236,0.015460425
33300,0.84687257
31813,0.5546449
132141,0.40099812
35316,0.93601817
136701,0.07320405
30339,0.30457363
132646,0.020374402
31599,0.44825968
131810,0.0021615094
134816,0.108643554
32983,0.89176065
32088,0.8170554
33442,0.9641534
135234,0.12221946
134957,0.005573748
31661,0.41619092
30208,0.94614667
34611,0.9405647
132848,0.2112953
37079,0.9231601
131746,0.002839986
30482,0.9003297
133152,0.092045985
133329,0.015931161
134250,0.0037022613
30505,0.36553395
35190,0.18732128
35138,0.93599737
36575,0.9547077
34909,0.8183376
31829,0.7729557
30877,0.9383265
34955,0.86361885
33698,0.9564522
31514,0.9539948
136541,0.0102978805
33109,0.97306347
131969,0.010652923
32471,0.63981444
132939,0.54862505
135919,0.008226176
136144,0.09299209
131353,0.024236266
134981,0.058486752
33320,0.82409906
35923,0.9220936
132923,0.079836115
31441,0.92692816
134496,0.3744669
134428,0.96361434
33576,0.5879259
132811,0.93558455
137032,0.0031111313
32889,0.75176114
131028,0.3194785
30506,0.73379284
33361,0.7858195
35343,0.6003035
33070,0.9532229
32005,0.3237822
131817,0.01319976
35922,0.96614975
36334,0.8684879
37265,0.93606234
133650,0.54487616
31538,0.6412903
30785,0.911025
30470,0.9605884
137371,0.57659
35785,0.52935493
132920,0.19352205
134599,0.021384435
134538,0.0031196214
131084,0.061441075
130628,0.1945833
32825,0.9199477
133590,0.87237716
134084,0.44901252
132719,0.0027015733
135032,0.63166136
130054,0.0064581027
135506,0.045104507
137280,0.13556686
134231,0.15442322
136373,0.018093612
31365,0.92461956
136099,0.027471619
31086,0.9709934
131039,0.0065282243
133579,0.32105765
37030,0.87013936
35206,0.86884546
131121,0.17651753
35422,0.81547797
37228,0.9372206
135025,0.6095495
136402,0.0136726005
131421,0.09774561
137120,0.5766251
134564,0.39397818
35825,0.33078775
136367,0.08337949
33169,0.8245353
33161,0.9176842
132571,0.70072097
34850,0.33924136
31369,0.87488925
134312,0.025379248
32691,0.8980128
134942,0.26033825
130702,0.013015222
135985,0.012621068
135573,0.13608003
137197,0.02569634
36610,0.9354079
135170,0.1185423
134768,0.7983705
32954,0.9543149
36666,0.9612618
133505,0.2744948
34641,0.9551165
130831,0.0034334962
134661,0.0048988997
137156,0.09395407
33671,0.9065803
35545,0.95096666
33480,0.7882134
132834,0.010894351
36067,0.9199611
36633,0.7109331
33704,0.16964212
132488,0.053246025
133223,0.0049172183
135874,0.11568255
136503,0.4594416
130246,0.20834765
133445,0.043559458
34754,0.5464423
36018,0.80259323
132078,0.018537752
132975,0.5003555
31548,0.91841066
133385,0.007092875
133144,0.119201474
136005,0.0045951894
36329,0.8488134
134675,0.107075565
136418,0.54269147
134001,0.10531403
31000,0.95712924
33540,0.6744617
131772,0.015550027
132904,0.7227549
36710,0.7864248
132941,0.20624007
135779,0.0044623916
136348,0.01820495
135235,0.039189342
132035,0.9231366
135148,0.16861054
30641,0.14668335
134947,0.08861603
132007,0.0086125955
137182,0.69709694
35505,0.8963025
30948,0.97134495
31506,0.7728885
136586,0.19443414
133766,0.008078103
130134,0.0072620595
137428,0.64765674
30567,0.903349
133602,0.18807057
35817,0.7557861
133355,0.11395091
31837,0.95691633
135472,0.006206664
31166,0.6732333
133260,0.39104435
33276,0.92955375
31601,0.73146415
32775,0.94128335
34777,0.8285558
135469,0.31393602
132330,0.021313868
132476,0.04584075
136335,0.37670878
131978,0.0050522145
34689,0.900957
137206,0.032822218
135223,0.35372445
130433,0.009922403
32692,0.9370418
132219,0.9091203
134577,0.0148793245
133166,0.3712681
34116,0.9290165
135182,0.13190998
133046,0.15181708
132483,0.045211907
132401,0.015183265
37163,0.8183156
136643,0.022468021
33216,0.9644121
132524,0.47582665
34355,0.92811084
35670,0.9138003
134791,0.038205195
131917,0.019148642
36063,0.9599828
132003,0.021467993
135246,0.121402375
36239,0.9374376
33770,0.93042713
132266,0.039512187
133026,0.013842953
36749,0.864689
34375,0.85750246
35226,0.9353793
32334,0.734646
131830,0.0494138
36122,0.57494783
130032,0.036183078
130663,0.0035523386
132884,0.10635216
33714,0.87828314
35724,0.90951943
136838,0.073897965
130412,0.006129464
134436,0.08201629
137409,0.018237622
32338,0.9388111
133729,0.032309882
131040,0.048644595
134618,0.8986752
35044,0.9469476
130727,0.01883847
135656,0.039536163
131544,0.2018847
33490,0.9431311
130068,0.040653944
33778,0.95029956
36160,0.8919335
35572,0.66375387
132727,0.46467742
133496,0.18595909
36916,0.9181015
134447,0.30421677
131812,0.35714203
31585,0.906886
133238,0.028365053
31954,0.95539045
135647,0.16040137
36165,0.9324106
134500,0.49259666
133234,0.63786256
136662,0.0028577838
33050,0.8906577
35983,0.9215246
32177,0.96386415
36162,0.8951194
135692,0.003790685
132129,0.011798172
34501,0.23177923
131464,0.0019119696
135922,0.025615431
131220,0.7990648
31164,0.93042505
135108,0.06073576
133607,0.09516125
135110,0.020545356
131230,0.19294165
134331,0.6989176
30912,0.4301398
133282,0.15359916
34657,0.09672329
36024,0.9596786
131845,0.37318343
132086,0.46954578
33869,0.91659874
131392,0.0019542314
30998,0.9266481
130873,0.0017739969
35450,0.6050352
137169,0.81274974
135494,0.017446676
31681,0.4986588
33579,0.8013243
132478,0.122023895
33806,0.95035946
135286,0.043970115
37439,0.96336937
33270,0.84896594
136168,0.0043434724
32369,0.9381926
30706,0.978
32820,0.5733349
134972,0.43739736
30206,0.850563
133862,0.015575999
130845,0.09831678
134203,0.3898975
36990,0.36985776
34283,0.4025041
134396,0.09151328
32049,0.7542294
133824,0.8672499
134327,0.021035157
32059,0.7077002
36599,0.5209587
133025,0.116063535
33097,0.931909
31640,0.87889767
132321,0.7803954
37488,0.8992068
34558,0.8857674
32512,0.81555337
36355,0.75822884
35259,0.8376567
131624,0.0025438548
31480,0.955564
37005,0.8862743
31261,0.8752303
31023,0.8975291
135538,0.5833658
34289,0.9565606
36830,0.92459744
134956,0.015750263
136051,0.014696886
35235,0.9530029
30985,0.97674406
30249,0.85483277
134521,0.88818586
33234,0.5894827
34843,0.38494393
33823,0.62335086
133770,0.40231627
30109,0.723464
131798,0.0018760132
132999,0.56465244
132617,0.010492354
131699,0.032155853
130252,0.6016707
36790,0.841177
133995,0.012350802
134814,0.029661499
135016,0.14036228
135726,0.070731215
33482,0.97956675
131189,0.016070224
134540,0.19725206
35152,0.75390005
134940,0.0069052535
133235,0.003685007
33132,0.9234307
36225,0.6360445
30359,0.48684058
34623,0.55839694
34225,0.96621853
137105,0.587767
134239,0.039457653
131398,0.0037644892
131787,0.07948285
33622,0.9223263
135164,0.033447076
33256,0.94500214
132309,0.76394284
33561,0.9114539
130485,0.853166
33002,0.92049724
33310,0.9460662
135158,0.070518926
34588,0.9378017
130866,0.10619602
135707,0.07063015
130927,0.14699209
135895,0.013939682
130464,0.016341316
135327,0.15678671
33627,0.31781027
30147,0.947277
132662,0.41346782
135856,0.0044184015
136880,0.120833
34098,0.6737514
33782,0.91170317
130336,0.010501947
32344,0.9721862
133567,0.049621396
36518,0.95107174
32712,0.93547267
35144,0.77430725
136225,0.0020248552
36205,0.91920763
134262,0.005306665
134431,0.15995333
36955,0.63225687
136899,0.83233505
35156,0.9185173
37193,0.27212995
133725,0.1280083
134767,0.15528363
132251,0.84911555
136600,0.0042651873
135155,0.014551358
135610,0.038892888
134548,0.38389352
31113,0.91478574
32897,0.8936745
130265,0.07361654
31916,0.7446493
134944,0.0052103666
135232,0.76173717
130435,0.030925874
135936,0.51029426
136273,0.2582838
130402,0.009726929
130118,0.03793654
134315,0.13805994
33183,0.8209587
32849,0.9628611
130934,0.3989414
33590,0.926514
35763,0.94109887
35427,0.95055014
132715,0.081669584
130186,0.00334112
35285,0.12760381
30687,0.90716773
31408,0.5436087
135215,0.27302983
37290,0.9352323
133036,0.57861596
37378,0.8984083
34664,0.9079988
130857,0.008917602
30323,0.91345966
31716,0.91471004
131942,0.28169578
133179,0.046539087
130431,0.0066698724
134098,0.15300897
134588,0.5566676
30284,0.94894284
32027,0.9594352
30891,0.86900574
132164,0.6676749
133313,0.00919634
32811,0.91292447
34228,0.85352623
33386,0.6072726
34284,0.5989002
131269,0.32739624
32736,0.7438541
131164,0.8302116
36736,0.9008342
133424,0.8599362
136330,0.8077319
36814,0.5217932
31378,0.9498413
30441,0.9503747
134687,0.024068186
31498,0.20046836
34362,0.81242186
34934,0.31187883
30199,0.9432908
130309,0.096963435
30886,0.5352544
32513,0.90745634
32892,0.8285341
32719,0.9757032
133287,0.08796131
130695,0.051344674
136374,0.32217985
37468,0.9355315
34662,0.8517149
33230,0.90570724
33115,0.72682065
131484,0.10890173
33731,0.95922434
30270,0.8696122
131780,0.007714839
31316,0.9532583
32729,0.92142874
135012,0.024860686
34446,0.66903883
36245,0.8882956
36386,0.864553
132563,0.034388285
136309,0.40531877
35094,0.8297224
30408,0.970357
131886,0.5533778
31251,0.8635433
37074,0.92554575
31769,0.66837025
37017,0.8899721
133670,0.26540166
30333,0.95670885
35768,0.14230308
131043,0.0031767676
35788,0.9003401
35193,0.8157477
34789,0.95794755
132867,0.03778553
137075,0.589401
133899,0.01034484
32137,0.47650892
33079,0.9544887
132910,0.88012505
136851,0.002715626
133018,0.01589834
31174,0.946122
32998,0.94766796
132889,0.028132493
35180,0.916184
134964,0.44634834
35384,0.9592889
134934,0.07047879
134505,0.3848604
30879,0.6907899
30772,0.9549268
34959,0.95369905
31429,0.6396561
132897,0.00790881
136768,0.45746505
34220,0.9318881
131826,0.052978426
35395,0.7827051
32294,0.88929296
130418,0.0051107365
35743,0.8486784
133794,0.0054060156
135765,0.517382
33875,0.90750474
31615,0.7616998
136199,0.061562568
32960,0.94727564
35403,0.3482192
33528,0.9604188
133382,0.012386181
33432,0.8710477
135314,0.26225838
33839,0.89078444
31758,0.9250556
30085,0.6307687
131930,0.054137956
136216,0.45722678
134624,0.20102651
131113,0.67794245
136731,0.01573516
36619,0.92723316
137483,0.0036935604
133414,0.76888293
135929,0.14352632
131840,0.6064685
132866,0.092048004
30196,0.5394703
30497,0.93088305
132158,0.40931845
31030,0.92965364
134620,0.0031343324
32506,0.95528036
137111,0.17704545
130869,0.004575884
36454,0.8735882
36495,0.62979084
32502,0.7190653
30649,0.8150818
34704,0.6089393
31521,0.02506262
32612,0.75095516
134237,0.0052497196
33366,0.79118526
132928,0.09428905
130500,0.4089346
33683,0.95951456
132667,0.031095468
134590,0.17928632
33551,0.9606861
132077,0.009004275
31915,0.49566495
33062,0.92239493
32087,0.47756556
135875,0.097522035
136087,0.65581733
33510,0.9609559
131257,0.19654167
34272,0.92973155
135428,0.0068274364
30474,0.83292276
37286,0.6796953
137494,0.1845108
32525,0.8461482
36578,0.96125454
30999,0.95475006
35359,0.6787173
130217,0.019224592
30446,0.885905
135677,0.0053406563
136527,0.04150519
34261,0.9104051
35329,0.9467124
36487,0.73511845
135260,0.045372806
135403,0.17748378
34325,0.8495834
133601,0.0027493406
32441,0.8342487
32671,0.9189725
33137,0.24689299
133335,0.9441913
36851,0.94066906
131697,0.5875759
36695,0.618073
130940,0.090259284
31761,0.86900294
136679,0.04532809
130301,0.007601876
31157,0.2936772
35455,0.9625177
131920,0.003936832
30454,0.84838355
134796,0.061423972
131603,0.077721156
135272,0.21541756
134346,0.10014727
134507,0.0026284757
131861,0.63718134
30919,0.8979756
30878,0.11530864
34034,0.29029828
133202,0.60096866
32446,0.6719565
136906,0.17025077
37250,0.08933883
34267,0.85162973
130060,0.051310677
130335,0.029960865
34860,0.15191156
134372,0.29149446
30714,0.2917872
37306,0.9138936
35700,0.7993552
130253,0.020377556
34108,0.8723547
130963,0.10680556
30554,0.81953067
134722,0.82305235
134343,0.014645422
33777,0.9206731
30239,0.88903874
35784,0.85080516
137245,0.16907808
36903,0.9064674
136338,0.22112076
137040,0.06709672
30492,0.943523
137334,0.032466356
32940,0.884459
136008,0.13280204
132700,0.041947175
34988,0.9436735
37416,0.5809824
132508,0.008022756
31901,0.19200374
136267,0.06888482
33236,0.906308
35328,0.95763034
32252,0.92173004
135484,0.06543107
31648,0.92599475
37346,0.91237533
130603,0.20965943
133412,0.0026513995
32171,0.95747435
33418,0.8090328
31574,0.84785885
135803,0.5412997
33027,0.9600622
37068,0.87660795
131201,0.004232984
33110,0.93134195
33293,0.9444112
35685,0.90408766
36395,0.8264969
134686,0.5235288
30491,0.9471243
32885,0.6177943
137304,0.046208963
33128,0.16361345
31482,0.5691161
36090,0.89927876
33658,0.8634489
135545,0.0398586
130161,0.07836323
30623,0.97228146
134268,0.81260663
135564,0.4047966
30485,0.9246154
131831,0.5622737
131811,0.04216241
137098,0.09822921
32801,0.91496104
132339,0.7938519
32505,0.85833794
36896,0.841018
131472,0.6213489
31454,0.9066663
31345,0.9624739
134772,0.17824546
36777,0.8625071
33451,0.94539577
35185,0.80757433
30478,0.73431426
135735,0.23357008
134585,0.35386044
131403,0.10174217
31380,0.9354784
136746,0.14166921
136024,0.035964604
135681,0.4817668
33856,0.9367516
132407,0.087829515
137295,0.05902682
33305,0.947959
31475,0.40712032
134835,0.21391988
131066,0.0037872759
133988,0.008417947
132302,0.12550788
35004,0.9674031
32788,0.9482402
131330,0.28337008
132043,0.093436524
130045,0.0026069258
35831,0.37152085
31584,0.8771271
33681,0.9538694
32523,0.46815926
31936,0.7987375
136924,0.13424481
136612,0.015016356
36815,0.93779415
130400,0.020600304
130219,0.16804145
36824,0.96271956
35659,0.9627554
36747,0.749947
135957,0.5694214
32916,0.67606896
34935,0.8991844
134352,0.02184035
36109,0.93740326
135480,0.23599191
135412,0.0042401715
133092,0.14425217
35793,0.24831362
130537,0.20122546
131144,0.037804425
37089,0.94011706
135227,0.030739853
33085,0.9138238
134800,0.6332961
131459,0.016478203
32072,0.9279072
32725,0.8425466
131639,0.0070120613
34603,0.83879435
30077,0.2076687
135141,0.011595515
36848,0.90176
133865,0.96061754
134418,0.0057148035
131288,0.01766686
135650,0.023072388
34870,0.94323707
34733,0.82901806
36185,0.79364336
32638,0.9014749
31142,0.87940425
34651,0.27095363
33784,0.89285094
130524,0.039673414
31488,0.9707981
30235,0.81116575
131769,0.008710276
34585,0.432369
135058,0.21096653
133617,0.00649088
135067,0.18348224
134002,0.17585169
131046,0.11645718
136019,0.013135648
134921,0.10947545
131368,0.5856855
35896,0.8860538
35434,0.96312666
134732,0.29868895
36881,0.017488267
31227,0.71693015
134310,0.46278912
34801,0.88535476
36150,0.88254213
30645,0.9313042
35322,0.91308004
130046,0.041453853
135399,0.18844274
132652,0.5414574
132431,0.020183947
34670,0.5669682
136372,0.022286767
133430,0.010363847
35981,0.79754424
36045,0.93057245
32693,0.94250983
133835,0.71994215
130601,0.008334257
136171,0.17684314
37051,0.26137182
135536,0.22141814
137148,0.6349457
130776,0.007727804
133967,0.05803199
36591,0.94935316
137333,0.10521144
133578,0.009238956
31405,0.9740018
36767,0.94930094
37007,0.9549718
131966,0.0582511
136415,0.22799824
32415,0.92646575
131128,0.0015902051
133309,0.026997462
35739,0.94850796
36181,0.8100649
31751,0.9330748
37212,0.9656263
136333,0.04659663
36449,0.94257706
136702,0.16507663
34758,0.7688783
30821,0.9508496
34504,0.6887743
134552,0.7296688
136062,0.54734266
131859,0.8454002
132605,0.058088977
33915,0.9415204
30760,0.36083052
132790,0.074129134
33291,0.93186057
134674,0.01825776
32012,0.9050672
37279,0.9565714
134662,0.20424369
134558,0.016259536
132695,0.30188736
133432,0.022266665
37151,0.6271167
133322,0.70944715
31372,0.92921907
33054,0.90900874
131170,0.27770796
34154,0.84768933
135553,0.10882052
134692,0.12448104
36052,0.7243558
35453,0.9665959
36838,0.2737653
134600,0.4161132
134423,0.04376948
130771,0.07233968
136567,0.30570462
33835,0.9683792
34414,0.9108108
132496,0.66962963
136791,0.0045324187
34532,0.86627626
132677,0.16477144
33332,0.84021777
135475,0.047269657
33160,0.9655668
131973,0.24798012
135244,0.6685105
35593,0.95769125
34951,0.7311971
130849,0.014607506
132122,0.09887304
36533,0.9578383
31397,0.967068
31082,0.5763975
35644,0.6661535
136765,0.07879691
35098,0.62303233
31628,0.6411864
31216,0.95029217
130533,0.05463936
133855,0.46545145
33943,0.6529082
34736,0.11658344
130587,0.15441133
30013,0.7082595
36801,0.8895685
35926,0.8769748
131294,0.21052201
132047,0.32247728
133085,0.030740049
32844,0.84681493
135664,0.036309868
36726,0.9139634
36226,0.7398236
137247,0.80541503
31897,0.9197876
33174,0.93387336
32482,0.89640737
33953,0.83964175
36579,0.7281966
133421,0.005577296
131168,0.5691951
32293,0.7644541
36035,0.9324568
34865,0.7514045
132417,0.010067227
31243,0.035567984
36866,0.8189521
37231,0.10061586
34416,0.96870214
134575,0.47144365
33411,0.4417935
33119,0.9035307
36650,0.8006679
130049,0.014578385
131628,0.0052655186
133175,0.65337485
132815,0.02318831
31363,0.96288764
133126,0.15313639
32637,0.9614175
131412,0.01715462
137344,0.001705798
32384,0.8631424
31209,0.7677059
137131,0.022909595
134697,0.77897775
32868,0.95454353
37300,0.9491941
135541,0.010188145
130578,0.009038635
36075,0.903938
137432,0.40238467
135471,0.011593864
132978,0.0133675
30364,0.9265869
36369,0.8064269
34422,0.8634863
137122,0.021420976
131600,0.059541814
34307,0.96738863
130978,0.8629135
37484,0.83541197
134616,0.004079118
131206,0.13512719
31344,0.5433262
34849,0.47279644
130714,0.0028988514
131406,0.20857371
134682,0.1634243
35377,0.9283547
137172,0.014450229
134353,0.09122679
31143,0.9137519
30112,0.94758123
133594,0.01226671
135665,0.011261862
134789,0.09518414
34125,0.27136713
137095,0.038943335
32017,0.94498956
133599,0.040591385
131216,0.8717594
34157,0.89414144
130151,0.5692794
130166,0.108691916
134801,0.0029997176
36629,0.93143046
34111,0.2724079
137345,0.353433
32445,0.38890877
135323,0.03885603
31643,0.8682261
133839,0.022059672
35137,0.9254175
131427,0.2723271
132120,0.043866873
132568,0.051726684
31255,0.19758126
31332,0.70105207
135248,0.04049185
135359,0.03425462
35495,0.9380277
133439,0.77984256
135813,0.10601743
34624,0.84390277
30946,0.7361187
132211,0.49299833
30715,0.80301166
136674,0.002755605
35060,0.90236735
32886,0.94760835
136952,0.012436294
31637,0.97732973
34675,0.9571738
134954,0.5870076
30271,0.9273945
33203,0.93614143
36078,0.87742615
35694,0.7780885
134197,0.021037223
31221,0.81510764
133467,0.022775562
34183,0.6029448
132273,0.08656323
34746,0.88488007
31987,0.91744775
134928,0.23595221
134181,0.27885577
135616,0.78416556
134077,0.011497126
136241,0.008946407
36806,0.9342598
136243,0.14882855
37070,0.7849219
134135,0.01478415
36724,0.7842928
135123,0.47246134
34487,0.86797565
136341,0.0038753306
34987,0.9284928
134185,0.00780165
37077,0.38986006
33072,0.95954794
33665,0.945078
36437,0.94303346
37209,0.96556616
34872,0.9108798
37482,0.9433219
35946,0.9634103
33836,0.615605
30568,0.17467032
35899,0.6994428
133829,0.015273395
132631,0.27720365
136693,0.03758976
31611,0.9730514
132087,0.6837837
35718,0.52329415
37241,0.9407236
31686,0.631421
136981,0.26124144
31220,0.78117955
133710,0.07422551
32378,0.9439436
134747,0.8496005
135674,0.12511744
131872,0.031829197
30668,0.9500938
135113,0.2512839
137348,0.29839712
34703,0.90018034
32102,0.9449009
135757,0.9598258
132585,0.4073807
36206,0.86919284
134025,0.006473793
36070,0.86942434
35103,0.91055626
130143,0.010360473
30726,0.9460375
30310,0.84810156
136155,0.029625384
31976,0.90051144
135831,0.033877045
130099,0.006149406
34479,0.6532358
34065,0.92199475
135371,0.102657445
132136,0.015057246
34965,0.69801193
135390,0.0056727664
132927,0.14109811
135968,0.0030699302
33950,0.9568345
130761,0.29437357
33214,0.5923741
131737,0.012927219
131228,0.38081008
30965,0.8849853
35792,0.46634135
132738,0.31091657
130677,0.005577103
35333,0.845451
36773,0.86114764
34855,0.9589145
137175,0.79544926
33057,0.8675324
30410,0.25211215
131305,0.7369003
34061,0.67340386
34259,0.9377349
35340,0.5845319
37344,0.9282011
136867,0.05630528
35405,0.94128966
137352,0.068166465
130125,0.7507927
34845,0.08593024
133252,0.048710454
130367,0.7825392
137035,0.2156399
131996,0.018430062
31210,0.91906667
34540,0.7566158
137305,0.110545546
35578,0.9511231
134065,0.017712058
132575,0.031358346
30794,0.9316663
33802,0.65016115
135815,0.049631044
131008,0.018697042
31088,0.81263363
31321,0.9181404
34452,0.9088978
135203,0.8424735
130240,0.51125216
36862,0.93062013
37195,0.22310498
137497,0.010782874
36983,0.83330077
130664,0.05275792
30865,0.86926854
132767,0.016486282
35331,0.9455525
34193,0.9472231
134402,0.0046817623
32934,0.9433982
130127,0.12108156
135104,0.017860396
36439,0.7905649
36440,0.68149614
30933,0.9183188
30735,0.86966646
34431,0.9573698
31286,0.87025136
37330,0.66077435
31123,0.83366853
35123,0.86893535
35943,0.923128
32991,0.66654044
130182,0.008209421
30166,0.897868
30461,0.5711561
36176,0.9265439
132588,0.75134385
134022,0.53032166
133971,0.0136520965
131535,0.10110648
135187,0.3816335
132637,0.09742719
31568,0.95508415
34743,0.9510473
133261,0.022770863
131598,0.41166097
35554,0.96402013
132850,0.09433541
136038,0.0030148907
130481,0.01972301
133370,0.04427628
136854,0.013920412
35039,0.88609403
130211,0.015462223
34882,0.83548754
131654,0.3467505
136125,0.4314359
31762,0.31964326
135614,0.0012928784
135208,0.66871613
32240,0.8920671
137291,0.8501296
132209,0.0042648413
132862,0.005365904
32494,0.7091593
36007,0.66264844
31195,0.9390729
32922,0.7926548
137424,0.47833648
32388,0.47394112
136204,0.016607065
34020,0.9463042
132203,0.16465485
137115,0.8528337
136037,0.72277725
137377,0.18031469
35308,0.8459523
136083,0.29123405
36283,0.41434956
30790,0.93344814
135043,0.19213618
31780,0.950564
133831,0.03279637
134141,0.009996936
134603,0.70748436
34101,0.94163805
132308,0.017896725
35652,0.95212674
32501,0.2912384
34387,0.49795762
30766,0.7621653
36026,0.37745816
34773,0.7234288
36069,0.8437646
33064,0.83079505
132550,0.23215815
32157,0.82170177
130673,0.7281266
130977,0.1454359
31002,0.9131117
136709,0.6880491
132708,0.008556623
30362,0.97028035
32660,0.9410714
133689,0.088522784
34428,0.89975464
135755,0.5644328
30328,0.7697619
134534,0.09128256
133491,0.015125273
30183,0.81385434
131605,0.022860322
137491,0.17969912
36987,0.9405566
135504,0.0038673826
33874,0.93799484
130900,0.0014401918
33168,0.94032246
131071,0.6114737
36992,0.8791284
130692,0.07254047
130326,0.024596157
30656,0.48848486
132338,0.08516082
34831,0.9243494
37420,0.9409193
131130,0.38032302
134461,0.0025442808
34600,0.9339426
36574,0.96666974
135912,0.06170449
34883,0.9307428
30781,0.7648787
136979,0.199996
35348,0.7339987
31450,0.979086
136232,0.06529886
35095,0.8525878
135107,0.007550989
136948,0.016547922
31367,0.7602243
33840,0.9357055
132543,0.1714963
136026,0.073713854
132860,0.009117629
133575,0.04447272
133502,0.016841266
32101,0.055984613
132355,0.1284858
132474,0.5255748
31269,0.8327779
31917,0.9448318
136565,0.33319297
133757,0.46799228
131435,0.01038213
32013,0.737189
33706,0.87801594
32127,0.9399312
36473,0.9184115
136610,0.8477797
131360,0.5148523
135824,0.0038767739
33727,0.7188082
136718,0.66828704
30291,0.8219794
130589,0.006058579
132222,0.017016197
135097,0.0031406765
37257,0.7734798
30546,0.15351763
35284,0.953222
134223,0.23197834
30141,0.8989052
131518,0.80401886
31759,0.3463054
130971,0.010048445
33503,0.898367
131848,0.004312173
37207,0.9494791
31387,0.9083635
131254,0.016456094
35089,0.20143588
35376,0.94621974
34842,0.60110533
132379,0.056628384
36660,0.7826882
31010,0.90265554
131816,0.007222875
131727,0.11178186
136253,0.011610132
135587,0.044477016
136078,0.025751447
33595,0.95034844
135362,0.011114946
134963,0.027404804
30510,0.8990566
32956,0.5482273
130440,0.023952724
134224,0.008718421
130747,0.03673022
131160,0.01078148
32236,0.9194079
30225,0.8408596
31179,0.97367454
36079,0.938791
36988,0.6686928
132934,0.06845325
131202,0.06502743
35897,0.90520996
135192,0.10414927
33209,0.44924417
33431,0.70531446
136669,0.0015928571
34699,0.5912429
136432,0.108369865
136072,0.5792597
136962,0.015384348
35716,0.9498685
35920,0.87126935
30163,0.8122037
32694,0.84849745
36102,0.8210237
130421,0.021216188
35728,0.8979463
130790,0.034432277
136606,0.04300406
31867,0.9655654
130607,0.7393008
33179,0.87046593
35546,0.84360904
130209,0.011583416
30849,0.6960606
132673,0.8443763
137301,0.010849564
133299,0.04309018
33475,0.60866326
33589,0.93768954
30719,0.7289677
132440,0.09753389
33396,0.8191153
134809,0.008912336
131259,0.01306504
135440,0.02171491
134551,0.4555737
132948,0.0040680314
30664,0.57304764
30167,0.7233012
35383,0.8845374
136222,0.03732262
32538,0.9402052
32573,0.9566602
37297,0.9430126
32992,0.81659687
132716,0.66454744
33635,0.9677183
130132,0.6483023
30466,0.4166739
32135,0.19305144
136153,0.23880127
34605,0.14988445
30433,0.95609593
135645,0.58834916
134642,0.01812352
137135,0.0076624947
137009,0.55348283
36686,0.8391826
31559,0.92557365
130565,0.0776991
32082,0.7476696
135640,0.105777085
131806,0.03269096
37436,0.86854887
34391,0.8919224
32427,0.8324514
133647,0.38068852
32454,0.73200446
30394,0.9229595
130092,0.3348407
136698,0.6927907
36953,0.9593949
35654,0.6311671
30952,0.63572234
130648,0.42829946
36010,0.9173144
37210,0.9119989
130029,0.017463319
130734,0.23677683
35646,0.8047872
130116,0.12707417
133217,0.31041023
32110,0.6149188
33512,0.84497136
136234,0.93165815
33624,0.06630751
34476,0.7532017
33529,0.9150304
32165,0.07113043
136226,0.063290656
136954,0.25096694
132170,0.018090846
35294,0.9605546
133637,0.005367317
32587,0.9219381
31572,0.95369446
34826,0.86153334
32670,0.86392635
36670,0.80494016
131204,0.014145203
33372,0.76162577
132565,0.015973762
135805,0.0023860366
135524,0.22111899
136347,0.001016064
130716,0.012905758
35291,0.4161328
34365,0.9463941
134781,0.17860827
30973,0.94916433
134625,0.0022556752
137360,0.006851038
30788,0.8500416
131301,0.051268104
36154,0.855715
35033,0.9245119
36140,0.27265814
35456,0.79073757
133472,0.907346
35824,0.9629468
133423,0.002947858
136220,0.61944276
133340,0.16017024
30226,0.97240657
34457,0.84130836
35997,0.97662455
131205,0.6105275
136179,0.67913723
132006,0.5085385
136423,0.18601973
32522,0.9530327
31271,0.69653374
32460,0.654969
134152,0.65194625
32509,0.82924604
133378,0.44174692
132342,0.34110892
134644,0.26123098
32727,0.93206406
36571,0.91767114
134930,0.28057036
135036,0.0026219147
132551,0.0067244605
31147,0.5412418
137394,0.9447514
34147,0.9339506
36275,0.8705262
136149,0.55640554
35159,0.74860215
134038,0.009893345
36430,0.9414531
31528,0.9504586
133399,0.02227932
133498,0.124895304
33228,0.21600434
33424,0.8787855
31589,0.9137262
134761,0.004467941
135791,0.05653492
35305,0.53527325
133739,0.060656853
136976,0.011883742
130386,0.0045629786
135960,0.024085313
130915,0.34971198
35386,0.9420398
34458,0.5435153
137380,0.12678178
136375,0.008967706
30347,0.8735249
135583,0.05907064
134808,0.2865915
34692,0.9564711
33463,0.8093787
34816,0.8144738
37338,0.21859291
136519,0.9027786
31588,0.49177128
32461,0.8654679
130758,0.11224121
30748,0.925339
35511,0.9062447
131951,0.0022195175
36151,0.40039253
136306,0.04360577
135163,0.052898265
33620,0.93183285
36463,0.93100995
130618,0.059432827
32348,0.89067584
135555,0.21848829
135585,0.58220744
36456,0.8876273
35974,0.73711157
31108,0.91774565
30860,0.9087474
131875,0.0062506623
35213,0.2096981
35606,0.69589907
134052,0.4756519
133084,0.8253419
36127,0.91376233
130001,0.34229967
135901,0.9655845
32312,0.9336767
32786,0.42203245
132942,0.66528124
137270,0.29432756
130235,0.02343071
136782,0.0049277055
34392,0.9557396
131405,0.13595918
136800,0.74584085
31265,0.95799845
133070,0.3460808
133898,0.33083412
32520,0.9421901
130676,0.006387101
31288,0.65906745
133706,0.3099013
34247,0.9332913
136903,0.03257285
131460,0.18913113
30117,0.92802066
133434,0.098044656
136006,0.6501727
35433,0.95315254
34793,0.8557661
133676,0.0015852677
135712,0.024934584
37093,0.40545484
133749,0.66486025
136461,0.7953934
130157,0.004180469
136191,0.086733565
132213,0.64827436
36392,0.89889234
32843,0.11827575
30152,0.94166535
136780,0.07691338
132354,0.13613203
33044,0.8945896
132075,0.2304623
135450,0.06699559
32051,0.90167725
35640,0.94667745
131759,0.017215835
33068,0.9330979
132777,0.03829257
130492,0.24644397
135820,0.042670026
36598,0.6061756
133265,0.32639182
31909,0.47923073
36374,0.9402215
33147,0.9645439
32331,0.9637914
134652,0.05487658
131468,0.47281232
130580,0.7298337
33426,0.82066894
130459,0.01978643
132371,0.024295662
137145,0.730694
133097,0.7878772
36119,0.9479371
34480,0.9591203
131597,0.6316947
35062,0.93611884
130884,0.06924416
36190,0.9481411
37048,0.9416319
136043,0.04019606
130983,0.0060571893
31699,0.96996313
131584,0.008803928
33358,0.3205379
130712,0.018233998
135890,0.061707962
136823,0.07458095
33744,0.6558716
133449,0.0020907978
131163,0.5004525
31278,0.8418916
133390,0.0072326814
134247,0.61377966
30787,0.9448662
130621,0.784505
134610,0.059656717
136629,0.9142734
135055,0.0038088232
132504,0.013644951
131659,0.026013518
36314,0.9583868
133939,0.44465578
32578,0.65106136
32613,0.9343516
30789,0.9479521
32900,0.7537685
134313,0.0020611864
134913,0.017930917
35038,0.8650098
36095,0.8246087
135678,0.85207427
136128,0.17105432
132805,0.51703286
31374,0.9143744
35885,0.8463272
133804,0.014042862
134394,0.011911856
36878,0.90439
132399,0.005810454
32286,0.71834594
33849,0.8217938
134985,0.18518007
132115,0.6271653
33517,0.8832416
33381,0.95185536
36671,0.88918835
32973,0.8226875
137430,0.04871536
132686,0.04105987
135722,0.010468686
36831,0.8694552
137458,0.273859
135801,0.037979875
131656,0.019117016
33215,0.96586335
31290,0.92899567
32032,0.90561825
132632,0.79041535
31650,0.95704186
135633,0.30294552
35125,0.9290644
36889,0.9533159
30940,0.3210931
34759,0.9592667
130539,0.03071508
35746,0.93237936
35863,0.94496584
135280,0.002461939
37027,0.14311457
36027,0.8603943
134011,0.049830697
34097,0.9452564
131720,0.034757856
136247,0.5349782
133947,0.029167933
31150,0.9405045
33090,0.8361115
33640,0.9470342
34638,0.8741795
32333,0.5417601
31586,0.74221766
133345,0.4286382
33855,0.56725526
32658,0.83743876
133204,0.01622879
33330,0.42798173
132267,0.18381156
135202,0.042232465
134950,0.1337387
130208,0.010604655
34037,0.74112
30721,0.8932189
37466,0.72521234
130257,0.15125062
130922,0.07154648
133802,0.0849608
36975,0.8528285
130953,0.6700968
34349,0.36225235
34303,0.81491816
35008,0.6959423
130480,0.65168065
32738,0.9275343
136181,0.039038416
34087,0.94067496
131098,0.8544455
133300,0.0018704107
32478,0.9273193
131927,0.929064
135376,0.18181936
36112,0.7723687
130189,0.0049076295
132300,0.00846043
31159,0.44084582
132114,0.0042302115
31198,0.972439
137184,0.028161386
132610,0.007591875
34687,0.9712039
32117,0.90323526
37041,0.88865745
31148,0.13533673
36197,0.9713008
130093,0.081736416
135261,0.09250386
33258,0.96947944
31928,0.8394264
35755,0.9433761
130987,0.16684711
137398,0.0045138835
34690,0.45751783
130577,0.10106943
130041,0.0056224484
132381,0.07412484
136530,0.011872214
135743,0.039955657
34812,0.8019038
131321,0.14645559
134559,0.08134989
33718,0.4256107
135711,0.77698684
134792,0.73501265
33547,0.86508995
33709,0.8868899
137007,0.8917475
134111,0.16009924
134166,0.012194449
37424,0.8919854
133375,0.0067504514
32555,0.66837907
130449,0.017346282
136551,0.24196503
33829,0.9349837
36658,0.91427225
130937,0.0092217615
133471,0.40028176
131555,0.119722486
31132,0.836645
135760,0.58511966
132953,0.7104672
32332,0.85272294
133606,0.00072356587
36316,0.91273075
136770,0.043047898
32283,0.88550496
132936,0.0039879233
30930,0.49757802
132098,0.07300455
32932,0.9762748
136672,0.092926554
31230,0.9709986
132630,0.11951303
31031,0.9450301
31518,0.73960716
130359,0.5296469
36222,0.8925037
133931,0.8553475
130447,0.62512726
34681,0.96954936
31810,0.8970522
35040,0.9360591
35075,0.8555733
36419,0.26179218
36941,0.9554254
135186,0.03127133
133132,0.0267405
31043,0.88019234
34853,0.96523076
31616,0.9164331
130242,0.1990175
133045,0.15057693
132455,0.025546264
134685,0.034794934
34144,0.9296309
134641,0.007317671
36469,0.9006732
34459,0.32941663
32714,0.9142271
36669,0.77989465
34361,0.94385546
131021,0.7813076
134050,0.042854182
137292,0.026154501
135955,0.034052555
34749,0.8770489
31044,0.8419366
135085,0.13279277
32606,0.66627115
32099,0.89787126
36443,0.94651043
133669,0.0032117348
135310,0.16439785
34004,0.93958193
132096,0.026747005
137347,0.009668015
131803,0.90690446
31770,0.9168307
33626,0.7434881
34791,0.4253075
35466,0.5028527
135736,0.21586387
33144,0.8775363
31844,0.9444884
134398,0.24512388
30233,0.9692217
34806,0.88663334
35711,0.9341575
37159,0.3278502
37469,0.9507112
136117,0.7426878
132036,0.93782276
137407,0.5263862
33156,0.8851723
34964,0.5867761
134937,0.35042903
133237,0.018525736
131310,0.82287455
131707,0.02639944
33205,0.5940254
36315,0.1063883
33425,0.71113026
34824,0.931824
137439,0.058017075
31677,0.9678243
30959,0.6755714
136611,0.42850196
137155,0.768602
30507,0.8371486
34410,0.8859714
132582,0.43578902
33654,0.43202356
131962,0.92955774
37497,0.80224955
133978,0.06314868
133618,0.27161217
134911,0.21011834
137249,0.0020572452
35894,0.58121175
37237,0.94785666
131044,0.825719
33645,0.9005194
36672,0.91539997
136047,0.011679968
34095,0.90067434
136973,0.22023638
132698,0.0337314
33634,0.90629345
32227,0.95222425
30885,0.4641589
35843,0.5516321
33586,0.9344191
136009,0.13825859
132638,0.044036984
131190,0.7292103
33049,0.956446
36834,0.70486426
136667,0.04751998
130214,0.0024782927
33352,0.7168151
30598,0.9420787
134120,0.57828957
134700,0.7645576
33989,0.8737292
35263,0.8867133
131774,0.04187274
137386,0.039676577
34546,0.7428154
33758,0.27935383
33961,0.3028711
35135,0.9005795
34278,0.96504575
133183,0.03762027
31487,0.9483663
33208,0.76330394
36036,0.91359884
134417,0.008966257
36837,0.95198476
37379,0.8638106
136455,0.12487191
32994,0.9518354
137010,0.02570796
35904,0.83467543
31776,0.89212435
131462,0.15975647
31501,0.9756034
31070,0.9484689
131868,0.030159976
132331,0.0033938112
132138,0.0056416253
130086,0.5154699
136269,0.1499177
31847,0.8873459
32068,0.5936402
33329,0.8802814
136379,0.002711975
30732,0.96933395
135188,0.0118718
136209,0.044666734
131782,0.0041633393
131270,0.01146329
37293,0.9429828
134326,0.014446026
36442,0.9406306
136349,0.029182393
134864,0.032433115
33819,0.96584374
130231,0.051403917
132944,0.078510605
31990,0.96439546
130969,0.3169977
33902,0.92389256
133086,0.049564667
36346,0.9374441
31746,0.37065926
37208,0.93864477
37132,0.82403743
132736,0.01748463
130425,0.10987315
31874,0.9466645
32456,0.9240059
36034,0.8469187
134525,0.07114413
131815,0.03618154
31350,0.94211817
133577,0.6647014
35056,0.77888626
36595,0.88712287
133564,0.016801158
36552,0.94427484
131224,0.61863893
36756,0.94717866
34102,0.8465052
130149,0.20322973
31001,0.9645929
137049,0.5042233
33495,0.55057365
32579,0.9166569
136649,0.74044055
36378,0.6790323
132337,0.07463359
136510,0.004999895
136971,0.015980335
133922,0.27203956
136134,0.007327733
136942,0.0043021976
133917,0.7656683
136789,0.003116509
134087,0.7979657
132008,0.17726484
130115,0.043396775
31700,0.6196973
133660,0.042296544
131662,0.015949188
135046,0.14786483
133267,0.0013343525
132959,0.11924578
132762,0.8105323
33268,0.9466315
135307,0.009168613
135581,0.095465474
34928,0.14547108
136337,0.11349303
37395,0.89608765
30257,0.9445459
131923,0.1824739
131706,0.3165436
135072,0.7014094
130968,0.40444717
33867,0.6156442
36680,0.1685089
32761,0.6970367
34328,0.95923644
132511,0.59835446
37429,0.865831
131833,0.15597805
34017,0.8952546
35753,0.58364224
137110,0.6085121
31519,0.96145254
134798,0.023455514
134397,0.40738168
135117,0.0036357087
32979,0.963682
130939,0.05015729
133373,0.058903396
33892,0.9037491
30087,0.82557833
33357,0.8683612
131582,0.020032022
30670,0.80797434
34315,0.89501935
134596,0.33968446
134101,0.046182647
30895,0.3894871
34701,0.56426287
33601,0.96394724
132398,0.5417172
137470,0.010913624
34602,0.9200541
134039,0.03230521
31057,0.9329115
130794,0.054402225
30634,0.77688885
132452,0.008906395
34094,0.7203229
32122,0.73729694
34437,0.92089355
131492,0.15813012
37388,0.953304
30132,0.92528296
136261,0.018299391
132045,0.08171219
136350,0.0031697315
35738,0.94802
37125,0.80148494
137376,0.0020922318
33951,0.9647025
136362,0.016138459
134967,0.34451643
36466,0.92374134
35777,0.68686223
37331,0.9333046
136946,0.02934404
32641,0.6445769
31910,0.8542114
135814,0.12172204
35072,0.8206008
135739,0.006354818
34893,0.8799329
30371,0.9076103
35607,0.6827708
132911,0.029618232
132454,0.05645891
130250,0.0022927676
134727,0.03393862
133526,0.02121696
130952,0.19127606
134350,0.0049426807
130592,0.116092496
133872,0.11588158
133558,0.0008153166
137057,0.13664035
30252,0.93135333
32184,0.15218078
31556,0.9696177
130506,0.69868606
34666,0.9738957
34991,0.081779025
33556,0.90327555
35735,0.8772821
131899,0.35798195
34398,0.6397087
37020,0.9239176
130645,0.3570759
33582,0.8719547
133817,0.08663648
131578,0.009156488
30830,0.9608121
32300,0.79703104
33766,0.9089553
135848,0.70022005
33243,0.9423111
136183,0.003471845
33287,0.7362892
131655,0.1469502
31654,0.8047298
33069,0.93456566
35957,0.94458115
33398,0.9573002
134591,0.028290419
30088,0.46644488
33324,0.5258995
31181,0.8273285
36161,0.94146895
37234,0.92329645
35342,0.9421041
136881,0.019946786
137185,0.66272885
37327,0.32453322
37453,0.63965154
133874,0.0134816505
30954,0.17211357
135073,0.3147603
33736,0.92819196
36147,0.87339485
136665,0.3310884
36977,0.22714329
33900,0.97307307
132892,0.016458632
31570,0.21515802
35314,0.81363523
135889,0.04500929
130259,0.22687149
134421,0.30167854
131261,0.32107922
36118,0.60909295
132149,0.010331482
30172,0.9513279
37154,0.90848756
134562,0.062242802
133286,0.057745554
36453,0.96146697
130406,0.06599902
33131,0.6591498
131976,0.11032546
35228,0.6145572
137302,0.08098042
30178,0.9307527
33842,0.9274792
130770,0.006663649
132264,0.60767657
133209,0.13837972
35815,0.24029587
31238,0.85041714
135830,0.8429136
34090,0.9357152
134729,0.6460191
130408,0.04340952
31876,0.933825
132711,0.21819586
130851,0.008178556
130529,0.020263162
32645,0.94701564
35320,0.93535167
33282,0.94273055
132492,0.36331952
132276,0.032603532
136105,0.12002051
31879,0.83001566
31420,0.9057707
36993,0.8715786
34373,0.57285726
137125,0.0154230455
33413,0.8726762
135699,0.050038703
135859,0.46225658
135445,0.0058542076
36759,0.9590009
135089,0.019277263
136640,0.12868547
36723,0.8847874
34612,0.9343636
133522,0.003251901
131674,0.023229912
133731,0.17165826
30431,0.8344295
35346,0.7507937
134248,0.05410943
35756,0.9629995
132134,0.10244368
33689,0.9554328
34887,0.93260586
33121,0.8460613
135543,0.023663944
34706,0.80274737
131836,0.011818186
132477,0.6217574
31207,0.89200115
36237,0.8709564
32325,0.81601965
135615,0.021632275
33504,0.76709884
34199,0.9579782
134008,0.0474363
36128,0.90699124
35493,0.91465515
35436,0.9496213
36879,0.94770294
31566,0.8385762
130207,0.04451802
36873,0.8599794
132151,0.17705426
130424,0.0028322507
32298,0.8658257
32652,0.91744864
36268,0.5780333
31925,0.8865742
36390,0.95211154
32626,0.6571075
36380,0.8436555
136581,0.17484012
136630,0.02017076
131200,0.06051628
136236,0.008005327
131450,0.004500501
35879,0.9078151
134580,0.058233
35183,0.91067725
131979,0.005480675
36411,0.46859333
134844,0.19061764
34523,0.19934434
134696,0.065157205
32657,0.90180606
131473,0.27088234
135514,0.8471803
30080,0.9264302
135443,0.44438267
133380,0.0036219521
131138,0.9378692
33820,0.55488163
132994,0.9440619
133699,0.25565508
35576,0.8733307
136044,0.008271837
133639,0.43786138
132255,0.20373033
132442,0.6203874
33564,0.090549685
130531,0.08776488
37016,0.27972865
131491,0.02961625
34626,0.97134316
35364,0.82510215
31206,0.86448777
134847,0.7364666
135907,0.010613554
136871,0.18187238
131907,0.11803689
33575,0.94878227
36562,0.8695581
136636,0.039601047
37372,0.8319369
136219,0.5234617
30378,0.8255574
35887,0.96053725
32113,0.82919407
31474,0.56693923
133628,0.0050020255
35492,0.8613287
35891,0.63567734
134755,0.025622616
30968,0.9505791
33949,0.86984605
130382,0.008088188
33464,0.84726095
130573,0.16112165
36144,0.87766373
131983,0.26259434
130061,0.9437063
137092,0.002179742
136169,0.8858341
134834,0.02476838
34167,0.9561291
30453,0.31792203
31960,0.7468842
132882,0.9382412
32109,0.8578679
36399,0.8480627
134587,0.05852633
30620,0.89483917
131314,0.18449293
135179,0.013703378
34203,0.9353795
32357,0.88592356
137173,0.35374907
37119,0.96626216
31483,0.87958646
32600,0.9087922
32222,0.67253274
135373,0.11440891
34221,0.93469423
133665,0.0015981894
34898,0.4567638
136175,0.55914617
30320,0.8544918
135763,0.024624694
30381,0.86139756
136416,0.18943526
136733,0.014047721
33996,0.8854635
30751,0.90774983
31325,0.9016254
134478,0.004634161
30543,0.7880075
32762,0.9507294
32839,0.8759137
35220,0.8078613
135308,0.064732544
34885,0.5965279
131380,0.007369198
31485,0.9646385
35898,0.95431054
30717,0.87871104
133059,0.30449682
133180,0.018782541
35770,0.91911006
133316,0.010138673
34411,0.90828747
32717,0.7260592
133792,0.0036109504
134456,0.20511693
135354,0.0702112
31058,0.8106268
36919,0.2782779
136145,0.30079734
132993,0.004724475
33968,0.78512925
36193,0.911382
136133,0.017028093
33453,0.8692468
132326,0.0766421
132917,0.2877688
133141,0.24666494
132386,0.07539311
36929,0.9327656
35410,0.78362006
133531,0.018598855
136190,0.2967059
30276,0.93423444
36590,0.9682022
134294,0.27973592
134896,0.055459425
131961,0.017716605
30325,0.9184626
36782,0.8682803
32064,0.9417642
33822,0.8478265
35927,0.94795036
136592,0.46371555
136639,0.053953744
130605,0.012347684
130671,0.004970493
137106,0.023929259
134903,0.13555108
133306,0.02069244
31289,0.7679625
132262,0.055326823
135400,0.13018593
36200,0.92629486
132097,0.8223518
131448,0.0043347506
32659,0.9518648
34385,0.5506058
136877,0.0054078824
132916,0.018039832
134783,0.005399996
133330,0.09358811
135740,0.008870974
37044,0.9512176
33222,0.92119247
130042,0.15560125
34409,0.9698626
30075,0.87684155
135021,0.3218793
31790,0.63898945
137163,0.56971604
131563,0.03150987
130596,0.04132397
31430,0.8895971
33223,0.94880277
33176,0.7539305
30519,0.9458347
135365,0.11039784
132317,0.22547519
131922,0.061214007
32405,0.9234121
135510,0.5792597
34432,0.86021
35688,0.37064564
32208,0.92725897
130744,0.11556217
36364,0.9104998
33365,0.9483262
134614,0.0011974307
31262,0.8538583
136578,0.0065349108
30265,0.72902477
134094,0.8844075
34463,0.6468445
32235,0.95926267
37003,0.3873933
132187,0.82865345
136111,0.68243057
30887,0.57894814
31726,0.23015626
133098,0.178505
136995,0.058899764
35448,0.9015655
135216,0.10919879
132027,0.7470217
35507,0.6585521
30910,0.27925774
132837,0.034586955
133078,0.5839423
32550,0.8545389
35279,0.8697214
36255,0.82614094
135194,0.0108376015
133130,0.9476989
137212,0.86479646
130284,0.0108838575
34757,0.972583
36057,0.096195765
30757,0.9227566
32499,0.50182885
33600,0.8889644
136898,0.0938124
37161,0.8825846
132169,0.06392834
131466,0.66347146
132011,0.033020925
30798,0.94976044
36794,0.8800012
31456,0.35053477
32339,0.23607937
33207,0.9155769
131771,0.0063876854
136282,0.01272922
30937,0.71928006
34551,0.9142896
32272,0.9349246
134821,0.49113652
135978,0.8562636
134455,0.043884415
36246,0.19872561
36781,0.77169406
131092,0.0036245843
132513,0.6279249
133272,0.28907365
30746,0.9421877
135479,0.021659106
32443,0.8430687
134557,0.003323366
32228,0.40683725
132960,0.5942822
134190,0.2990586
133524,0.26638514
130824,0.0063109216
30051,0.88040537
33175,0.80905676
130723,0.051910177
31296,0.9300411
130415,0.00830837
34642,0.2871172
136785,0.007451881
33074,0.9609631
34930,0.95353395
31621,0.93681127
30123,0.73627114
131490,0.79320204
131033,0.06864257
136902,0.03033223
137136,0.0046134465
31907,0.8902251
136514,0.049062833
133169,0.605769
34911,0.9449083
132639,0.041626442
33014,0.80473614
35832,0.38487002
133970,0.007103517
132517,0.23647457
33786,0.96498215
31597,0.7138589
35151,0.87567014
135663,0.12350128
134763,0.042748325
131404,0.5360505
134554,0.41233698
133263,0.027390072
135196,0.20860378
30663,0.6159803
135268,0.20484313
130597,0.11242655
37196,0.9375829
136759,0.7225874
135449,0.015053295
37124,0.26819316
33232,0.9156064
32379,0.5592196
133879,0.018210132
130844,0.61081505
133936,0.008311803
35014,0.9621355
134890,0.32030553
34485,0.7979135
133028,0.030283084
34230,0.2542832
36783,0.39788046
134760,0.8300516
132589,0.58997244
34306,0.72137123
33832,0.95973337
130720,0.033503696
132998,0.0081789885
31838,0.914683
135905,0.06588042
136817,0.0017752252
36184,0.8775231
135878,0.034972347
36273,0.9071679
133127,0.0973062
33745,0.9595385
37143,0.689473
34730,0.89644533
134220,0.08303246
31404,0.8318537
130294,0.0041766134
136959,0.10732148
130474,0.114361025
133061,0.009692439
135324,0.8385839
30679,0.9720482
130652,0.08555898
33302,0.33622527
35401,0.88449126
36513,0.17671862
32009,0.915738
34151,0.61387414
30511,0.69078094
34795,0.7282691
132298,0.002809679
132820,0.17010187
32898,0.5992995
132328,0.0069208588
134218,0.06439989
130108,0.40328172
136654,0.041565128
132675,0.3036865
130058,0.8231231
33807,0.9583333
37200,0.82413435
135369,0.9175165
136887,0.82739323
135167,0.09246592
30164,0.9629356
133244,0.0987041
131408,0.06102848
36146,0.5404108
33893,0.7687605
30678,0.9008055
35557,0.9542495
136598,0.026758246
31526,0.9098086
32915,0.9653045
134435,0.8165101
33773,0.9092576
30559,0.4203406
137478,0.17654443
132634,0.030594427
36922,0.8893991
134121,0.40103316
36372,0.90529597
34868,0.95750266
136411,0.020179784
37472,0.89108866
30427,0.9456748
35629,0.8574393
30590,0.9172986
134829,0.91950387
32957,0.07040561
31632,0.42545477
135388,0.010608023
130809,0.012332429
137144,0.20217285
30400,0.9417332
35536,0.9483251
35464,0.93655676
35722,0.76497465
137103,0.61063516
130741,0.27742425
32632,0.9743925
134154,0.0039384533
30102,0.5504204
35347,0.85803926
30783,0.95560366
35023,0.93277556
34468,0.42045382
33513,0.97494817
134879,0.047233015
34222,0.30103585
135917,0.5624374
136961,0.05080216
131765,0.034290385
37242,0.96182483
35032,0.9114028
131281,0.01656711
137493,0.5493255
135869,0.47623867
30094,0.97250193
134820,0.0029156862
133973,0.11473964
132766,0.010919448
132868,0.030698707
132740,0.013247601
30450,0.90485495
37040,0.78467625
30294,0.5927258
130467,0.66098857
30780,0.4042834
32047,0.9323163
131161,0.0033629476
136825,0.054137006
132566,0.032622483
33597,0.96637994
31545,0.31295946
36326,0.91941345
133122,0.4578757
32548,0.92142683
137290,0.06867194
30124,0.9506347
34002,0.93715745
34950,0.9675376
30880,0.9508113
134726,0.09765922
131378,0.0145934215
134459,0.043150935
35306,0.9570431
32866,0.75497574
36982,0.9325425
134811,0.95939046
134265,0.009654652
131402,0.036266316
130945,0.037185717
130070,0.0037481955
134486,0.015852539
36978,0.47171766
135870,0.008882653
130646,0.0075182198
32972,0.8576572
36852,0.3239732
134721,0.004235105
33930,0.73138297
32699,0.91744894
30699,0.86225665
130511,0.09301077
30530,0.33419582
30240,0.14730656
30700,0.92881507
131091,0.008155184
134445,0.08071305
33247,0.9382565
34800,0.7133689
31793,0.89907044
33797,0.93972224
130846,0.5024412
131218,0.008729389
30996,0.73843306
131316,0.010935822
132896,0.48257405
130919,0.58399004
134771,0.0476919
32516,0.95746124
131273,0.012049169
134990,0.0037204798
30148,0.940488
132940,0.041892726
36765,0.74550885
35001,0.8675917
134490,0.41545656
33360,0.9411699
130668,0.009315485
134329,0.32935902
130363,0.48398075
136127,0.0038808289
35709,0.9676202
33269,0.8781716
33407,0.95941854
32169,0.8787646
33487,0.7894591
36188,0.9086826
134677,0.56556606
30241,0.93287647
134828,0.042955358
32913,0.85433555
35051,0.7016373
134542,0.08256505
34811,0.76981485
37298,0.8695262
130079,0.0027092707
132259,0.07242776
130768,0.006850503
136498,0.008310948
131433,0.024495749
30005,0.25459543
133271,0.4194231
30603,0.84435976
35029,0.88074297
34471,0.85555655
36472,0.73635346
36607,0.92367494
30459,0.9683317
130197,0.4716399
132732,0.42389902
134112,0.12897602
133384,0.25713405
33983,0.92234814
30867,0.77436167
30819,0.91794235
36964,0.48479244
135176,0.90238434
30971,0.85484433
33607,0.94624376
136011,0.26643836
35417,0.6713775
135482,0.011839624
137168,0.17285758
134432,0.3553902
135860,0.29300156
132056,0.04130344
35895,0.36856315
134713,0.008212544
30677,0.89133126
130615,0.4532848
34640,0.82851
31471,0.9390083
35684,0.9750327
36398,0.8705457
32407,0.9534244
35829,0.9619791
134097,0.19032547
136569,0.005067857
33747,0.965876
30863,0.95233935
133921,0.7452896
130558,0.014155555
130536,0.116932936
135298,0.1565787
35083,0.9344352
136491,0.054482076
135516,0.124529794
133029,0.5696444
37100,0.9326179
34698,0.9424302
131383,0.0024764827
134027,0.01103765
133188,0.029018044
35299,0.5740682
34049,0.90731186
131506,0.06887959
34152,0.8473184
130156,0.13587101
134980,0.07709597
36341,0.7452484
132557,0.5700508
133713,0.2911645
36138,0.93012744
34696,0.7984592
35174,0.9094282
130823,0.55274504
133192,0.005413743
32618,0.8810038
30876,0.93121064
36502,0.8881118
32480,0.94157547
35059,0.79157335
36363,0.8625331
132560,0.005157893
30636,0.9499667
132127,0.6931051
36171,0.7502063
37199,0.911054
31197,0.8710122
137237,0.36548942
33333,0.94241315
135537,0.102426134
131482,0.7854611
133177,0.3780058
133415,0.05184727
32291,0.8215261
130955,0.17540656
33830,0.96054167
33126,0.85225815
135523,0.11167883
36795,0.8169555
131847,0.010378368
130047,0.0045239157
130288,0.013827898
136621,0.69468737
31678,0.7685265
36172,0.9238736
135322,0.4497924
31060,0.9414493
35701,0.8723524
34140,0.9410459
36809,0.90236473
134701,0.2162563
32933,0.9267415
32172,0.80881286
36003,0.9522356
131082,0.007892
31932,0.96073097
134910,0.062110174
135253,0.0031549286
34587,0.8042055
36667,0.8744405
33737,0.8589419
30724,0.87601167
133823,0.28212172
130348,0.26609072
31900,0.8945225
132380,0.13599373
30765,0.93096733
137088,0.10424714
135162,0.030378707
134472,0.64997345
131134,0.74804074
136784,0.36519238
32007,0.47071096
134368,0.43932027
37267,0.77615577
130811,0.1465538
35537,0.78020567
31509,0.96267915
132022,0.005663524
134363,0.13987504
135427,0.14925452
35698,0.93673384
132366,0.014674324
136382,0.07414551
36870,0.91141945
131410,0.49309087
130239,0.0447019
134495,0.034504626
137359,0.016341385
132628,0.24418658
133705,0.130045
30496,0.9432379
34767,0.9038575
131790,0.18980229
33844,0.95420426
37165,0.39858833
130490,0.37427288
30007,0.8391407
135558,0.533375
132178,0.008307112
32728,0.9084292
33165,0.7683054
33061,0.5653671
130759,0.2766862
132852,0.033730686
30518,0.952583
132973,0.048235543
132072,0.081752
130164,0.07773834
30405,0.8111532
133484,0.21674697
135850,0.018849583
31241,0.93873405
132190,0.22783947
133587,0.013128615
131575,0.9413664
132258,0.025402388
135242,0.11863201
34559,0.91925365
37230,0.6085177
32030,0.95604974
133460,0.75767195
136634,0.85215616
37308,0.13284521
31366,0.8880382
136631,0.35029262
37158,0.9406506
133215,0.0023565523
31092,0.14944786
36426,0.9264555
35107,0.3683495
33196,0.94501406
133279,0.47722927
131846,0.6214424
133083,0.30059686
136713,0.0034429987
131481,0.0379431
136363,0.16104454
133158,0.017052973
32664,0.93910986
33111,0.54666954
130276,0.14915898
31878,0.73834825
136761,0.29900104
134731,0.14794533
30928,0.93100643
137181,0.28714985
135592,0.12654956
33479,0.9140093
132981,0.05057955
130078,0.033364087
131334,0.005179723
35162,0.93784803
34542,0.22049391
130346,0.038211845
131665,0.020766784
32133,0.80576557
135821,0.017380485
133797,0.0022037462
31694,0.930008
33868,0.8616873
34562,0.91649866
30778,0.9606666
35953,0.9616009
36324,0.9512786
131758,0.008539913
31553,0.9181289
136263,0.08672404
133625,0.0035324772
131863,0.27989227
31499,0.9455412
31569,0.92173237
32279,0.7746472
137101,0.35052603
136413,0.1028681
30439,0.3875176
33311,0.90729684
32466,0.9372677
137128,0.25311592
33618,0.80514795
31505,0.9669759
132577,0.015677152
35526,0.9314732
30137,0.47427645
130037,0.21141225
37316,0.55642116
30143,0.90683603
31301,0.098049566
132580,0.3181991
134924,0.88642716
133671,0.0030162628
132392,0.00828454
36963,0.69320637
35418,0.9655632
31162,0.8730187
35147,0.5309273
132341,0.08564862
30301,0.8577251
130710,0.7671586
137186,0.5037431
130944,0.03202748
34121,0.63768536
133095,0.60125774
130631,0.22796513
30809,0.93391776
130729,0.0014585422
33908,0.8077747
32827,0.91993445
135325,0.027594954
30341,0.84819347
32698,0.8302808
130310,0.18250744
33481,0.93331385
37129,0.9505187
34042,0.40943238
135868,0.34460238
137308,0.07230031
132016,0.38174275
35783,0.8916707
36711,0.95791245
34216,0.37810138
31922,0.8076837
33684,0.8826103
33801,0.94706005
133954,0.03574331
32211,0.92076355
31041,0.92348814
33834,0.4053912
131300,0.010485208
131487,0.88747734
34981,0.39301375
137034,0.0028055615
132461,0.42892104
34326,0.9678775
30064,0.27786925
134267,0.15237802
33212,0.8633981
35017,0.8200574
130203,0.072532944
131671,0.023132233
33518,0.8903577
135572,0.055725772
33569,0.94090134
36938,0.94821084
36042,0.78264266
133821,0.093620405
134645,0.18126856
32951,0.6712586
35937,0.5446174
135597,0.0042184554
36304,0.7912023
32304,0.5896804
131417,0.003379343
135204,0.17383988
32317,0.9608532
30651,0.966132
32891,0.70373684
131077,0.086706966
35053,0.92372435
132699,0.0013405541
35806,0.8585795
31439,0.19863798
135899,0.061525058
36984,0.91150075
130018,0.4570132
31730,0.77186686
32663,0.8250726
134348,0.303914
133889,0.66061133
30502,0.8671819
36875,0.9528021
36322,0.8765151
135782,0.103852764
130501,0.044602312
136463,0.49846223
31196,0.91076756
136035,0.0027497578
131302,0.28041872
33775,0.22089028
31581,0.9316015
36912,0.34787935
132028,0.06452353
131065,0.012073499
31977,0.49020004
135619,0.0019298493
36305,0.9344988
32551,0.95298254
33195,0.93391544
130422,0.06331859
135379,0.022045413
131145,0.03275158
35484,0.90481013
131879,0.86975896
130297,0.18360634
131854,0.19526355
31059,0.7920379
36876,0.88863033
35105,0.8794928
30212,0.4926144
133674,0.3913317
30175,0.90087825
31947,0.89841115
131348,0.31030247
33031,0.93033475
32530,0.90801513
135153,0.051372897
37043,0.88992506
35170,0.9472187
133783,0.973125
32778,0.9050551
133426,0.072107695
34618,0.94752294
130392,0.017903447
132436,0.011153035
35368,0.45499653
136912,0.017043073
36646,0.5237191
135295,0.021175178
134167,0.033299804
130364,0.017151024
137281,0.010205142
135146,0.004428767
136886,0.15262069
131629,0.007773207
30975,0.5267861
33193,0.9524423
131153,0.27530393
35778,0.947078
31784,0.8286651
130841,0.010433535
133350,0.49052998
37477,0.9456576
31323,0.56184083
35909,0.93974686
133119,0.0017391051
136070,0.053601313
33450,0.8593413
34073,0.63539493
33007,0.5743555
36918,0.89370376
136242,0.0792776
135438,0.014273088
131362,0.00871192
30713,0.8903194
36947,0.8248156
135600,0.19543093
137396,0.2142431
133230,0.014028397
130902,0.014512497
135435,0.61096144
35031,0.9446496
32683,0.6955595
135961,0.061476484
32540,0.94784665
35473,0.691094
36149,0.82034445
136584,0.0031174393
132559,0.020554727
33702,0.27982974
134319,0.06608868
33690,0.87885946
133274,0.004724177
35955,0.51291466
132918,0.004024301
37101,0.9426316
133805,0.12419839
135762,0.92893034
136614,0.0037361158
131001,0.060254455
132549,0.008925103
30749,0.9532197
132459,0.103698246
37105,0.9739448
35239,0.92352086
134887,0.47201473
131980,0.013498912
130778,0.0056468057
35660,0.9215332
132894,0.14301711
133229,0.008979295
131709,0.1071646
33909,0.80403405
135276,0.14247082
131934,0.0021129127
137444,0.025820192
133008,0.41135445
135598,0.6032868
132021,0.09370902
133506,0.019399056
131400,0.7920587
35454,0.84964794
34382,0.87002015
36433,0.94346833
130352,0.0040073725
131783,0.63131446
31840,0.9176178
136650,0.040392507
133905,0.32797065
134873,0.1303558
36960,0.95030874
34378,0.9057164
131928,0.06027521
35840,0.9338134
35268,0.9345494
36507,0.92275107
133884,0.687685
37013,0.9467458
31182,0.9323601
32014,0.9321753
30366,0.83191425
136932,0.0106496615
34331,0.33954304
132561,0.8915624
132489,0.2623025
131995,0.9362601
35741,0.8930071
32679,0.89368176
131469,0.7601093
133746,0.052994393
36820,0.9409002
134629,0.015703605
132690,0.0014518463
131198,0.06921121
136027,0.0050260765
136691,0.9568276
35381,0.9503631
34972,0.75579464
135456,0.21751758
132498,0.61452043
33101,0.91111404
136555,0.61880267
137387,0.08523563
131970,0.12271479
130949,0.21709158
130779,0.23323359
34916,0.5025982
136982,0.002840313
130315,0.013964729
134541,0.027854498
32896,0.947465
135001,0.29314542
135759,0.0065584867
131085,0.3132481
136965,0.5673776
134355,0.028643098
132361,0.1273489
134412,0.55135286
135279,0.057449292
136860,0.40696782
135346,0.012906225
30383,0.6915213
134470,0.007952747
32751,0.95251197
130192,0.20283507
35441,0.63925177
137471,0.2543858
135930,0.39617732
130444,0.03637003
30988,0.9152405
34939,0.68110424
35517,0.9399344
135688,0.16226389
130590,0.06510199
130639,0.062057137
31356,0.44168913
36302,0.92299044
136656,0.024343211
34014,0.9441109
137452,0.017363628
133810,0.20939463
34070,0.7866297
132270,0.01363118
36991,0.7300653
30881,0.20856073
33186,0.95283926
131467,0.16496669
32470,0.57373756
33862,0.36914918
33467,0.50209713
130718,0.016817525
133162,0.010125186
134270,0.13750765
36761,0.838047
133258,0.22282805
131691,0.12145166
35599,0.73100716
135173,0.507015
35265,0.9407301
34541,0.8892695
35065,0.9264603
135038,0.44486445
30242,0.5401027
34854,0.9352131
35115,0.935069
33506,0.9034958
31019,0.8616201
30447,0.8937951
36542,0.6297629
32326,0.9585163
130999,0.0027563323
134837,0.788978
135882,0.04784476
31817,0.9427729
32861,0.61817497
137211,0.14431368
135612,0.55924
135084,0.58198583
33427,0.83386695
35681,0.700842
136885,0.84286636
133769,0.07864079
33501,0.8375123
34305,0.9159707
133303,0.06053472
132210,0.12844501
31236,0.8724569
130981,0.0032001948
133943,0.015556313
30840,0.9574429
31124,0.93493074
133276,0.016715718
30230,0.8989535
30308,0.208494
31275,0.68003565
134174,0.051187973
37225,0.9450544
35283,0.9135499
130609,0.01563476
36675,0.86041194
37131,0.4673793
130504,0.93918365
35136,0.7139258
31872,0.8410528
130110,0.022994263
35423,0.4250114
32802,0.8624045
131884,0.07313277
32321,0.590989
37118,0.2553157
31695,0.9362619
30922,0.8921982
130786,0.008301854
35697,0.5561924
130626,0.076528236
130856,0.008419074
130711,0.012434461
32977,0.80614054
131633,0.011777932
130438,0.07029992
132597,0.3873241
31864,0.83899605
130202,0.090167895
35069,0.8883737
133979,0.006322478
37251,0.81502104
33248,0.21271467
133966,0.118129626
135312,0.0072187292
35858,0.905706
30900,0.89152014
32833,0.5430222
36949,0.8346533
133452,0.008389759
33617,0.5872212
36674,0.6932569
132199,0.0067740227
134608,0.06889355
136505,0.22595899
34169,0.5644707
33244,0.8045123
30205,0.50451326
36264,0.9505788
37410,0.23548841
135370,0.508387
132857,0.014071153
32707,0.9133177
35102,0.90401256
130039,0.008827516
34586,0.9545826
136408,0.10057492
34496,0.86997914
130636,0.024654575
132147,0.012294028
136566,0.39775273
33018,0.9658544
135595,0.03535454
131663,0.45706126
133433,0.014127872
133121,0.104119934
33285,0.8637871
32383,0.9674888
133147,0.018357266
136712,0.079894446
130196,0.0036185982
33265,0.94710505
34238,0.94388396
34120,0.9485398
131666,0.11138371
35349,0.9200233
30107,0.8997878
136864,0.014051955
131748,0.10911325
31717,0.8119711
135061,0.09068261
132471,0.07305694
35068,0.9353376
131850,0.12875172
30068,0.7246473
32337,0.5935437
135772,0.06627023
32260,0.9226975
135439,0.0025518711
30573,0.95114523
134714,0.01221121
137008,0.06264264
32777,0.9475821
33341,0.8914719
34645,0.36130247
32987,0.8454795
136781,0.0034084336
32150,0.6219047
32809,0.9540837
36572,0.13134696
30544,0.93592346
134984,0.43875846
135392,0.023920396
135017,0.017054172
33096,0.7628223
30125,0.86786383
36333,0.5858175
131363,0.21145485
134468,0.09256524
132295,0.88319266
136478,0.74249345
130858,0.023632659
132519,0.01073461
30487,0.405897
133030,0.099516846
134640,0.5025767
136297,0.052821703
137420,0.8904385
136328,0.032177955
36698,0.80047
130591,0.017220441
136685,0.72508514
30991,0.89047295
135245,0.013605859
135363,0.21871638
132601,0.73932725
135671,0.016086625
136016,0.25179768
135715,0.02400454
37384,0.7837154
31283,0.7252423
130600,0.57769233
36952,0.8220445
131495,0.01812896
132623,0.004674979
35267,0.9655848
133161,0.009754723
35425,0.902057
131356,0.1104501
32899,0.6899118
36663,0.33677226
37398,0.93785137
133450,0.011468673
132829,0.22747028
37115,0.67317086
32793,0.935402
31735,0.9576302
33015,0.8879197
134824,0.04885235
130453,0.06441137
34953,0.8191088
132423,0.02953897
133207,0.0031357883
134279,0.19001439
130089,0.042311944
36780,0.95834583
32154,0.9387316
35406,0.65033907
135981,0.06830902
31011,0.8840095
135774,0.0137857655
32195,0.07765083
33672,0.6171056
134139,0.13883716
31676,0.8995006
33122,0.8492966
36807,0.95827925
33241,0.9334688
31653,0.80024713
135138,0.1866146
33973,0.9261918
133178,0.0037886451
130550,0.11086633
33629,0.9497266
131687,0.004973958
136208,0.0118839275
30412,0.5751925
136913,0.108777665
133846,0.0042011146
136706,0.15034188
31801,0.9467691
133065,0.006818253
133777,0.13108952
133463,0.011766637
34821,0.9661176
135143,0.0028476706
133990,0.047572657
32936,0.28704432
131543,0.05673377
135544,0.2220087
30444,0.95452553
135030,0.0067679267
136053,0.007080547
133596,0.73383385
130800,0.13979748
136508,0.0067705074
31258,0.078042574
36740,0.6552786
31721,0.843697
35595,0.89712775
133458,0.38990268
37052,0.97502476
132132,0.13080041
31846,0.8465069
135810,0.19218238
135356,0.0111947665
135197,0.7709342
137459,0.019440467
135631,0.43056896
130062,0.56938386
132651,0.08009596
137240,0.82162774
130785,0.008605075
135184,0.11647858
131035,0.0026389156
130930,0.504137
130238,0.096946985
130989,0.109380655
130835,0.006486542
33732,0.8763563
30031,0.18801631
134207,0.6849951
130472,0.16569273
36382,0.7474093
33937,0.87832594
35510,0.95981616
32542,0.7470029
134140,0.0038133254
137002,0.0019817103
31146,0.9337612
137319,0.021610906
35307,0.9634873
35465,0.69879556
132697,0.22061764
32323,0.9166413
33912,0.9536327
130644,0.015327017
34257,0.64802766
36290,0.90259767
35907,0.95473087
34892,0.9517076
135865,0.07354292
31675,0.72945076
31634,0.9116625
33720,0.5799415
136797,0.007123796
134857,0.02535693
30779,0.9133204
134850,0.15259051
130630,0.0817211
35300,0.9569182
34625,0.17081669
137023,0.0015537922
34948,0.38900867
135151,0.24318229
36011,0.30770943
34833,0.9508219
133054,0.019193113
135419,0.17592946
130153,0.010407259
33948,0.33593583
136161,0.05581906
130791,0.22932361
131801,0.15797387
31905,0.84428984
36209,0.95865196
35980,0.6542768
130737,0.0036620225
133358,0.006777473
35512,0.9344409
37078,0.39462596
35366,0.9276153
137239,0.028241465
136445,0.06128166
34150,0.9408769
35110,0.94837934
32244,0.8689694
134183,0.084868886
131131,0.0030906103
134241,0.010736727
135122,0.09641638
130305,0.04563813
33816,0.95715404
34088,0.86253816
136644,0.014429327
36080,0.8789517
34768,0.9547841
30044,0.85631627
34921,0.87973905
132179,0.008225487
30672,0.94968396
30953,0.9262971
130700,0.06564517
31705,0.9676221
135653,0.0014241047
134325,0.10404172
33437,0.8806774
34544,0.9626079
132835,0.0049701105
32709,0.7768395
130071,0.007090732
136891,0.014931142
135822,0.0038190011
132915,0.22388019
31771,0.58841014
34797,0.08830904
35625,0.87088853
33905,0.89470047
30464,0.9332633
131217,0.72935396
30120,0.81085587
136580,0.005585135
36944,0.9025885
131645,0.027912404
134306,0.05030206
31786,0.8791272
32770,0.94635445
135954,0.019707592
130932,0.103805244
36648,0.6335552
132706,0.0037873967
36867,0.09997955
136010,0.02771409
131557,0.020024892
33100,0.9599225
133319,0.06310817
130674,0.2249323
135436,0.0031149804
132836,0.30845731
133629,0.1047733
31649,0.91291034
33284,0.9602462
31825,0.7244569
30073,0.76390547
35529,0.93196815
134989,0.013072489
34161,0.83381397
31094,0.5931986
134403,0.6841735
31202,0.81472206
131097,0.05580732
33242,0.20184778
135098,0.031831283
32146,0.91767746
30061,0.8435415
134238,0.2639052
137058,0.07662233
136720,0.16131337
37082,0.69704616
130232,0.053944107
135918,0.0048226817
31816,0.86328065
131331,0.068982095
130376,0.030666616
134018,0.022321321
34616,0.97018707
136090,0.5901487
131512,0.65552086
33545,0.7736488
137112,0.014645999
34960,0.8885395
136089,0.17933698
34606,0.64606386
135967,0.012228758
35165,0.92952317
136448,0.008266542
33063,0.7341742
32557,0.6343627
32263,0.96636015
30181,0.9637697
135086,0.0028860194
32057,0.9662995
133941,0.94149107
35214,0.55321366
30254,0.8180773
36235,0.8041399
32149,0.95799744
136074,0.0070028175
37149,0.66443765
132039,0.1870891
35559,0.20725173
132041,0.058164295
35902,0.8920833
137020,0.20405544
130349,0.06021892
36948,0.8913818
36401,0.96362865
133573,0.021996154
30360,0.24423958
135608,0.023777483
137337,0.1654332
34963,0.857573
37376,0.15419845
131089,0.75824386
30557,0.9205851
35133,0.9130392
130470,0.28624016
35324,0.9245216
133005,0.27748752
131939,0.064898565
132900,0.06018908
36271,0.90101177
135963,0.054758575
131027,0.18373136
33831,0.9502111
30314,0.5691015
36612,0.31489834
133840,0.01598791
31256,0.9518624
31503,0.6838586
135378,0.007453292
36499,0.5789418
132573,0.20776139
131107,0.52012944
31795,0.31498593
135088,0.08834398
36732,0.21892498
32533,0.23947674
36494,0.91875964
130121,0.0029402787
32098,0.96184707
35721,0.8248719
136922,0.053595904
37289,0.882844
136250,0.003691885
136889,0.0027289935
132763,0.16817522
35518,0.74377584
131545,0.017589394
134770,0.010904549
136993,0.05045073
132499,0.20525505
134076,0.200808
30275,0.9600387
130493,0.03816488
137063,0.002053473
36082,0.5765226
132493,0.0015871109
35091,0.69613343
134780,0.013784768
30438,0.7043427
132812,0.8789664
131108,0.34528694
131533,0.024557937
131150,0.015859675
32462,0.95616186
37353,0.94787645
35207,0.9745568
136777,0.09690502
131789,0.056643747
137479,0.522539
36713,0.6485819
136936,0.0016312957
132088,0.31594154
133363,0.24748269
35337,0.8840585
130966,0.028308362
133859,0.0070234747
134389,0.015565487
34643,0.7860643
37364,0.90333116
133001,0.0041807825
134621,0.22747983
33818,0.95042014
32901,0.8905068
36204,0.8981131
31130,0.93970644
30591,0.1732361
33261,0.9501044
33866,0.09565367
134019,0.0762098
135505,0.0025154387
131449,0.02624714
135844,0.49148425
133992,0.069100335
35121,0.96403116
34074,0.8982884
34135,0.6445487
31077,0.42213094
30658,0.41137603
132636,0.22702342
130466,0.3081943
32701,0.6800318
136124,0.8685641
134093,0.9570094
34175,0.8949181
33896,0.32691482
133441,0.0031330318
36368,0.8880291
30711,0.9274712
134286,0.0030791205
34976,0.92222625
132799,0.014942327
32779,0.8039063
136114,0.010081974
136495,0.10200457
33992,0.9611706
136320,0.12170472
133693,0.68990624
37417,0.9629501
36592,0.90594965
32118,0.8905747
31805,0.95678025
35289,0.95786726
135264,0.3627404
30243,0.91237646
136174,0.04133203
32608,0.9085217
35054,0.4679263
33249,0.95146865
36218,0.44546553
34685,0.9052602
131478,0.038930498
34258,0.6752648
36028,0.6822924
135789,0.07417756
131188,0.046218693
37292,0.7688646
137406,0.05011168
135326,0.011275463
32402,0.5469843
132165,0.31432626
37107,0.97339916
35216,0.57964754
33469,0.947562
132529,0.010086063
33804,0.9607905
133728,0.40045378
132530,0.74706817
134149,0.01515532
34659,0.91226023
32053,0.96081424
34852,0.96029246
136985,0.007007726
34630,0.94331205
33817,0.8000915
133186,0.006795565
136331,0.04013896
137434,0.091709
137085,0.08548485
132340,0.026904244
36768,0.94957983
32365,0.40841642
135024,0.009568623
31952,0.68323445
35645,0.932794
132285,0.007728456
35114,0.9311173
33152,0.8397501
131905,0.30900502
31968,0.96664864
34277,0.8890583
35249,0.16103393
134285,0.029847834
33280,0.9417982
36116,0.93111247
136276,0.1488028
137415,0.13347863
132828,0.026280835
35781,0.81556106
33919,0.65283185
135686,0.010002606
137393,0.099127755
137480,0.30759218
136969,0.008039779
30522,0.81789577
135502,0.054412037
134665,0.6873194
132843,0.57892036
34252,0.94004965
136007,0.22359218
133919,0.09700125
131049,0.12767677
136921,0.025000682
30162,0.94101554
136291,0.101455785
33314,0.1656743
34274,0.9249591
136399,0.1923101
30892,0.4115348
133818,0.15856163
34115,0.9476215
133037,0.607551
33536,0.9708682
31330,0.8000504
33927,0.94272006
134813,0.0020405527
134544,0.8151998
33632,0.80372363
34528,0.924834
34424,0.90968996
32292,0.94558275
131256,0.055695392
131176,0.028041102
35067,0.9510957
33502,0.8133282
32607,0.19555737
133974,0.059269857
37415,0.5849045
130817,0.13499689
131616,0.011653845
131723,0.11836402
134865,0.1720345
137117,0.095277
30201,0.7911248
36718,0.6701986
30057,0.88374245
31728,0.92404294
32627,0.9585276
130620,0.026634587
130888,0.015577811
35762,0.96662116
135437,0.2633395
130158,0.5093423
134056,0.055986196
130445,0.949309
36521,0.9744648
133474,0.004513639
32842,0.27853993
31787,0.8745824
133788,0.0055007795
30827,0.94786423
134929,0.048808467
130184,0.39010885
133877,0.008169784
132705,0.07352559
130373,0.016232908
34453,0.9278572
35372,0.93524206
35867,0.6013206
32724,0.71064687
135529,0.014077234
132247,0.042519465
32950,0.87208486
131430,0.60040677
32268,0.35727942
132676,0.12777546
34506,0.6895893
30272,0.9107131
36766,0.7601093
37418,0.8932676
34281,0.9677178
131298,0.052179128
136477,0.059293773
131088,0.6827986
37370,0.92166007
131355,0.91111326
137017,0.11827065
35822,0.7775858
137284,0.004304791
130991,0.5522293
30192,0.84873736
131527,0.08437804
36577,0.62248975
131283,0.3952254
33906,0.95167243
136310,0.009589885
135991,0.021227619
130187,0.2442104
133256,0.052564107
133503,0.018555295
135871,0.0036233447
35727,0.086545795
130891,0.046098724
135398,0.20983133
134096,0.021929974
133514,0.055584446
34866,0.27823043
130389,0.123610795
30776,0.44982913
34770,0.8402867
34595,0.8328443
132997,0.03181182
135777,0.19756271
32120,0.9026091
133622,0.011127195
36400,0.71822584
33231,0.828841
32644,0.93200326
34408,0.90162975
36509,0.26031235
132048,0.04697032
36455,0.55739146
136756,0.31752473
34187,0.9169893
134977,0.07489516
30920,0.9681612
135526,0.027839178
35382,0.9278782
34148,0.9217731
136554,0.26737824
136666,0.02965544
33385,0.6253447
30665,0.17907895
33322,0.29848373
31822,0.94959
31497,0.97264105
135029,0.015111769
31691,0.9587486
37339,0.9046284
134936,0.88083
32255,0.82832175
34538,0.26259062
35678,0.44856447
132105,0.06286988
37434,0.9538792
130984,0.32921132
37015,0.96068144
132689,0.6906457
36106,0.92859143
31577,0.97400576
132502,0.059046667
34607,0.9126895
130255,0.042276423
136661,0.45413935
31598,0.9381221
130916,0.26936826
136098,0.021644117
137091,0.24680269
32865,0.6754085
134040,0.062365614
33740,0.6206681
35695,0.91713166
135818,0.046829373
137350,0.01749829
36159,0.96229625
134029,0.5373662
134501,0.027820894
133510,0.0012585459
33599,0.92080396
137323,0.042245314
35146,0.9248013
135942,0.2970159
130992,0.014840103
136901,0.0016538673
131823,0.3719144
131191,0.21329215
33977,0.9303779
37057,0.93379426
31875,0.77018034
34986,0.7963591
36596,0.7604741
32917,0.39028677
36491,0.89002883
36208,0.5386976
132813,0.3357426
133269,0.16257186
136140,0.143725
133809,0.0042061885
135837,0.730554
137451,0.017671999
136020,0.8129695
37113,0.9532446
30099,0.894037
131696,0.21220624
30131,0.45296216
136703,0.05790761
132919,0.047492247
36556,0.92175514
136763,0.03300544
133912,0.094824426
130245,0.24401537
135375,0.034218874
33779,0.80911636
37262,0.40740818
131015,0.9558964
30957,0.90677196
32907,0.80519736
136716,0.054972578
34079,0.8993693
32819,0.7021329
130582,0.2154891
132193,0.069881454
35687,0.96305335
31607,0.9306926
32019,0.8247182
33591,0.8915674
33446,0.7829363
36481,0.30877197
136983,0.01458042
134393,0.023552291
30289,0.611809
30042,0.95663893
132450,0.23393409
30043,0.6218769
132001,0.11207541
136719,0.009552111
33814,0.92876714
135078,0.090135746
133623,0.0022809033
134130,0.44774747
34039,0.88863915
32593,0.82917756
32532,0.7002619
34589,0.7169135
135658,0.07340628
35655,0.9599479
34005,0.9713324
136257,0.0039041408
131820,0.6197124
136077,0.011969864
33491,0.95581084
32396,0.2211154
132746,0.0021482562
32768,0.41564623
36566,0.8683051
136905,0.5685194
130323,0.03877319
136762,0.15165438
133268,0.017342934
132460,0.047780838
30548,0.8078695
35933,0.82418233
136210,0.21405238
37252,0.81046206
134242,0.9386396
131880,0.252791
30523,0.2608288
35131,0.9534321
136270,0.0068852766
32181,0.9059051
36545,0.82267153
136435,0.0789396
130545,0.5404394
131579,0.07164565
136663,0.032497264
133304,0.06649461
131580,0.17305073
130103,0.22919208
30524,0.9465456
33067,0.91914934
34764,0.93894595
37248,0.9482042
133114,0.0154059455
132679,0.91303355
135463,0.82207334
136992,0.004087821
131743,0.026947703
36853,0.5424405
36659,0.95017827
33350,0.8031456
31739,0.7316682
30177,0.87978375
31114,0.9573991
32220,0.9670349
30708,0.9246081
31935,0.614341
35734,0.28019464
34249,0.7252046
136450,0.6876928
31833,0.80845076
32757,0.8686385
137268,0.28963187
33153,0.95582783
137448,0.0041789366
134222,0.0036558826
130804,0.59890443
37098,0.90728164
131781,0.72209924
34802,0.9533655
137405,0.21199735
137338,0.7911376
131574,0.06928607
131841,0.0065435786
130705,0.6012558
36474,0.9509848
32846,0.92308533
131766,0.00438971
36340,0.9656465
130298,0.8072935
131050,0.17365
36899,0.9078806
136224,0.5453468
31657,0.05962174
134563,0.006770806
137174,0.6534713
32024,0.8569359
133691,0.11129457
32488,0.6528403
32170,0.9600451
131064,0.0018314937
33827,0.9590702
132671,0.89927334
35509,0.8041629
134988,0.33878157
130929,0.4192983
130855,0.13415508
132240,0.5417601
31494,0.8163382
136837,0.13492306
134072,0.6645997
130619,0.018092329
130428,0.08180693
135380,0.027330061
32029,0.01785052
35774,0.32403725
134489,0.5750801
32209,0.93760055
30534,0.9636683
132842,0.058931477
32198,0.9504596
31633,0.8566498
36182,0.95093817
37184,0.94950694
33637,0.7085976
132191,0.051857736
132516,0.15284455
130564,0.8694312
33006,0.8444276
32342,0.9063496
35313,0.94255865
32948,0.87583333
137487,0.005746589
137488,0.022250067
33136,0.87335974
130256,0.43002272
130216,0.059687838
33246,0.33718866
33004,0.8794401
32258,0.042208277
134529,0.5229394
130669,0.15512198
32350,0.69739723
36696,0.9078386
34942,0.7146476
32514,0.9595305
134565,0.03810376
34912,0.9014189
131805,0.028520469
35855,0.91523397
137419,0.025024096
36129,0.9512103
135459,0.24051088
134212,0.14680347
31445,0.95221287
34010,0.9469217
30805,0.9073893
33404,0.8401045
132877,0.024194323
133560,0.07672425
130634,0.106324665
134535,0.084186204
134092,0.002321016
31702,0.8674085
37491,0.7742201
30589,0.971058
134882,0.0170967
136617,0.5974882
36362,0.9470556
36009,0.8976967
30811,0.92042893
31231,0.56323475
32190,0.5222474
30494,0.9254405
135843,0.6068804
132128,0.7303105
32675,0.96280867
35706,0.8842128
33107,0.9241186
132569,0.0169372
136170,0.008889406
35195,0.9328419
34083,0.9559638
30866,0.94384265
34502,0.95844287
33993,0.6668412
131279,0.35493588
33328,0.9044822
134443,0.01504766
35854,0.9005555
34472,0.19954848
136736,0.017405618
135101,0.07049926
30091,0.944848
34279,0.6661965
137373,0.0057709175
135787,0.06429185
134208,0.12894216
34584,0.8197063
130471,0.009503673
133205,0.20624216
130510,0.0037425768
30921,0.83477485
30574,0.8918563
130117,0.03838665
134916,0.045880653
133789,0.016651714
34846,0.8477426
32605,0.9401511
131212,0.054370478
130044,0.00954834
35845,0.886253
31682,0.97646403
35996,0.91720015
31855,0.9336234
131099,0.34750897
32202,0.27583575
131068,0.04817245
30032,0.7715849
134825,0.31348994
33511,0.86880684
132378,0.06493344
132155,0.05682181
33486,0.9275189
135093,0.039015554
136831,0.08726844
34656,0.25708222
130236,0.026024884
35732,0.55990964
132487,0.16561379
36101,0.72851837
35085,0.85637504
130429,0.26857242
132986,0.7071401
134293,0.06132232
136390,0.010972444
134349,0.024881184
136988,0.011923423
31379,0.9664484
133447,0.043648276
133977,0.38384125
33566,0.95928216
134215,0.033833254
135060,0.023687722
33317,0.94524276
36699,0.89708155
131011,0.24063827
31963,0.13998292
30224,0.87488455
34181,0.8054781
134992,0.0030335505
136434,0.039261654
34381,0.86491
133585,0.010641049
132547,0.14274469
30955,0.9602781
134371,0.029724868
30540,0.26886827
33974,0.95051956
35255,0.9624694
31612,0.9688417
31563,0.95828485
133656,0.005323265
30508,0.904291
32270,0.92161745
33370,0.797599
36183,0.23649403
34264,0.7160273
34891,0.7568189
132956,0.00898855
131968,0.6092917
132914,0.0070490646
130755,0.03576576
133438,0.03744586
31606,0.7085564
133703,0.025025293
130221,0.04996184
30210,0.06919475
31871,0.5613437
137019,0.03202494
30399,0.93264973
33139,0.14735462
32484,0.9139855
34517,0.9597682
34186,0.3526395
30304,0.8844255
36260,0.24012671
33382,0.70767057
135984,0.006141933
134872,0.023166044
130599,0.0040533505
130138,0.20254949
34646,0.75048125
32372,0.95113087
130015,0.05297735
130819,0.005533291
30831,0.9599305
134440,0.86110514
32718,0.7930384
36276,0.93299276
36560,0.6687796
134187,0.53723305
130023,0.1676721
135790,0.60623235
135311,0.07652091
35591,0.96755946
135047,0.7315085
130145,0.004119613
133500,0.105802275
136387,0.031016132
134405,0.07316813
32404,0.9131226
134465,0.003920376
36627,0.5512327
133876,0.0049615693
136986,0.14204068
134113,0.7886212
134442,0.72512454
136844,0.56444776
134595,0.018965293
136894,0.5433495
31737,0.92434937
31462,0.6327817
135535,0.52311337
30638,0.76928014
135752,0.011498475
34317,0.6458487
130414,0.0028248
31036,0.96232235
136544,0.76097155
34761,0.84355634
30924,0.26691335
37062,0.93806094
130667,0.38758695
36829,0.96768177
134210,0.012490699
130112,0.16347438
135872,0.03249734
135983,0.9217913
136501,0.036634598
35680,0.8739937
36511,0.8508819
130131,0.8242426
33219,0.9039518
30428,0.84877473
133651,0.40840787
32760,0.7676121
132173,0.5631278
130834,0.14663038
132816,0.032315407
33029,0.9451626
34863,0.32185858
134095,0.86146873
36485,0.50532454
30386,0.85019606
136737,0.6739609
36706,0.84274757
32026,0.8986361
131210,0.005092614
131249,0.03394704
130756,0.1343291
35020,0.9534606
136383,0.4129299
133548,0.0022321227
32958,0.88109195
30572,0.09382074
135037,0.59914535
135111,0.111352965
130167,0.010220629
33969,0.80586016
136014,0.12760736
36156,0.877024
33134,0.8509258
136428,0.008479989
31549,0.7521653
33454,0.9618193
30418,0.7491508
130295,0.035067596
30981,0.62070036
136760,0.002648603
33184,0.9252698
32002,0.8851558
131181,0.025736565
34779,0.9562131
31863,0.80935776
132004,0.3622547
32939,0.8427899
30022,0.92231256
132201,0.35450634
33534,0.9697178
36097,0.9098051
131165,0.059512008
134300,0.20567027
34069,0.9629624
35658,0.57993805
137286,0.03856218
30683,0.73858947
31757,0.86432004
34499,0.285879
136167,0.16954787
34162,0.9556623
30261,0.9201087
130889,0.008506524
31368,0.9268018
36714,0.9696712
32187,0.88177055
132409,0.0022014922
36135,0.34945568
34840,0.9249264
35315,0.9481586
133073,0.8822322
136268,0.016680941
134960,0.14220922
31025,0.72654194
35668,0.7949898
135675,0.1733427
33965,0.83835536
31877,0.9366834
30149,0.87414515
135485,0.7675856
134748,0.7816539
136288,0.03144023
137037,0.08136227
33093,0.9410155
131689,0.13945638
137335,0.0023059237
137369,0.0024300364
133719,0.36047554
131895,0.0026632356
135266,0.032446437
135806,0.033665195
135879,0.14790706
132195,0.22383809
30355,0.94115555
132327,0.35362095
30093,0.9339056
132583,0.9003986
131426,0.6994594
135414,0.028690098
134240,0.006933298
34751,0.9178645
33336,0.50997573
135273,0.02589688
137367,0.26042807
32766,0.28620318
31491,0.73492825
32838,0.7338415
136165,0.005681657
33402,0.92016107
136815,0.007985592
131777,0.3540321
134257,0.0167491
33104,0.6148162
132512,0.01538281
133760,0.5442143
136326,0.87083346
131022,0.6853035
34796,0.79342633
33765,0.92701614
37382,0.3791617
34920,0.6560784
132771,0.27515563
34929,0.7245803
136840,0.010924239
135467,0.0067123813
34383,0.9165384
35130,0.6673698
35956,0.95942193
34007,0.834371
36950,0.8374046
30144,0.87792504
31979,0.9379393
137093,0.64100695
136271,0.88729364
130948,0.014934861
33141,0.91505224
33588,0.84048426
132996,0.2139382
36758,0.83432066
135382,0.4373724
132642,0.8144462
30479,0.052987304
36741,0.7086955
136741,0.08014921
30958,0.8412751
30115,0.963454
131864,0.004689432
31857,0.91240996
31500,0.95557564
36914,0.8396082
131186,0.8263094
34771,0.90182525
136355,0.066143125
132254,0.14389066
31760,0.045917697
134776,0.053471636
30282,0.86743677
131272,0.004231079
35967,0.2855898
134885,0.014908619
132932,0.00950199
32225,0.93359494
131172,0.06193227
133675,0.018817702
131866,0.16200921
136655,0.010348301
130458,0.07830246
36376,0.08980676
36120,0.87795264
30980,0.8224715
131373,0.042236052
131235,0.30430087
34995,0.92625886
37135,0.7030798
32151,0.8838446
136017,0.2041482
33939,0.8578458
30283,0.9550368
132324,0.9068532
31169,0.8991946
30843,0.8117214
135825,0.019860288
31573,0.81001395
135207,0.0069258227
131075,0.030093594
30512,0.9674018
36985,0.6503257
33638,0.87184227
131047,0.14157304
35197,0.8406628
35736,0.9128407
135591,0.7061816
130901,0.5509876
130155,0.02085653
31183,0.6578607
35553,0.29744545
134970,0.098868795
133410,0.0463499
131345,0.18578155
34590,0.8630847
33656,0.60612684
136836,0.0074708834
35827,0.9379141
31834,0.804482
132548,0.1891314
30768,0.96849793
133060,0.6545747
133576,0.021441754
30993,0.36510187
136218,0.020086603
32085,0.8790805
133736,0.027904758
134901,0.029530138
33181,0.9149495
137271,0.3818174
36823,0.8249994
33304,0.90207005
31856,0.56215566
134733,0.65040183
134476,0.04796488
31788,0.81931984
136079,0.14651291
136575,0.12265708
30318,0.76664525
133273,0.05973264
31035,0.94401205
134110,0.02655808
37223,0.8441573
36894,0.07456798
30440,0.8695691
31766,0.7694063
31110,0.9628922
134061,0.5497521
30377,0.97705394
131853,0.3672736
136345,0.04054557
32639,0.96492165
30613,0.8777441
136734,0.95340073
132742,0.09375821
32546,0.7954166
33375,0.34367108
131126,0.60882413
34321,0.945382
133079,0.48804176
132845,0.0019483393
36524,0.8369182
30796,0.9461131
134216,0.0055459416
31398,0.8738335
31085,0.9594955
34080,0.9199917
130050,0.050081003
30587,0.956744
35674,0.803677
132789,0.8155447
132570,0.1597294
131267,0.86077327
31481,0.8832654
136744,0.5396947
131073,0.0046452754
33348,0.88591176
37295,0.9064103
35744,0.6909198
131274,0.21026428
31620,0.7737338
133111,0.61215514
32887,0.8925919
34109,0.76988804
135004,0.028026637
135423,0.02586852
134797,0.20293172
135519,0.019206775
31337,0.8060457
31403,0.53576714
36685,0.68641376
131918,0.061163783
133044,0.10239127
31747,0.92349
30982,0.9343707
37000,0.8110652
34862,0.112220235
33630,0.88248664
33476,0.7738936
131606,0.10362991
132731,0.11255264
32166,0.9301999
35429,0.9291179
30817,0.9081857
135632,0.05696194
32746,0.73386365
134856,0.1027252
134932,0.47813326
135217,0.7584707
135395,0.03780927
133529,0.071746714
130072,0.031105725
137437,0.007959227
34165,0.880976
134388,0.49698123
32792,0.77995723
136195,0.040156066
35355,0.16633934
34702,0.92747253
131000,0.213697
131333,0.032734323
32526,0.9221422
33309,0.9559102
30369,0.36309442
132320,0.34247082
134978,0.061429594
134650,0.042362526
35564,0.9491842
31658,0.9625076
132458,0.7314029
32926,0.1016153
31490,0.9107815
30340,0.75008816
30833,0.9403794
31666,0.9119193
34705,0.93432856
36169,0.7023686
33135,0.93296206
136835,0.040616833
133732,0.053790115
35589,0.6063994
133157,0.068829775
136687,0.028923087
132026,0.42866245
34905,0.95168
131825,0.10252069
31056,0.745141
130381,0.11844328
133172,0.0070798504
31672,0.84910643
135347,0.691207
34429,0.8398015
134655,0.005247484
136239,0.047573622
137485,0.0041813883
32167,0.77315515
132887,0.11516627
136298,0.010559488
134752,0.11862975
33078,0.7109776
33028,0.943926
36565,0.9192611
36584,0.911954
34957,0.8940528
136252,0.670883
31311,0.9014244
131954,0.39973852
132650,0.08196897
130579,0.91662085
31517,0.8641363
37467,0.91281885
33767,0.90301377
32789,0.9609885
35555,0.61728525
34445,0.9490722
132782,0.28849474
37221,0.9382743
133324,0.28591245
135447,0.010800741
31557,0.3256213
33124,0.88731295
137378,0.0029793226
35150,0.90896285
36177,0.9409744
130281,0.015974158
32649,0.90166634
36570,0.12992604
37178,0.72845525
37198,0.9427758
32803,0.9488163
32141,0.7075956
35789,0.92141235
33812,0.52622485
34271,0.8966815
33025,0.9562038
31111,0.95275956
137228,0.008177492
35751,0.1667572
31958,0.94686526
35803,0.8971043
37073,0.8942434
133735,0.04319437
36888,0.90715617
134314,0.061723087
131982,0.8799589
131892,0.0064981133
135372,0.0051423693
137223,0.2569464
35421,0.85681766
31651,0.87913334
33151,0.9282204
32428,0.78792876
134859,0.097031154
31281,0.84530574
132444,0.044311106
131076,0.2482355
130283,0.056645498
37004,0.8108944
35703,0.91236454
37167,0.942385
35302,0.84324336
35391,0.9281059
35208,0.90452427
36563,0.61628777
34158,0.6389016
36920,0.95824236
132507,0.23729697
32238,0.9504082
133668,0.020083534
35414,0.8299327
135281,0.51708806
135352,0.02389062
31974,0.8999069
32076,0.9417537
131102,0.014454263
34710,0.030121231
135931,0.029079089
136556,0.16038065
32804,0.8316509
36279,0.7925113
135433,0.48775792
30216,0.9150164
37387,0.55668366
33677,0.93052596
135838,0.033676464
32997,0.19425292
35818,0.21152173
31823,0.9338331
131745,0.11164972
135425,0.004509917
32588,0.926259
136146,0.09845882
135462,0.2838524
136799,0.08462296
35097,0.61227995
32962,0.9740148
130861,0.9530691
37236,0.9032979
31984,0.26541945
133170,0.6927288
37155,0.9258614
35201,0.8828595
133369,0.18952453
37229,0.78936154
133405,0.15978296
132933,0.24440742
131375,0.09165743
134290,0.76238143
36892,0.93705475
31385,0.9319085
130333,0.003875978
33751,0.95962316
133163,0.017540017
137039,0.023425201
130553,0.00218254
130274,0.002824984
130137,0.004613072
135458,0.022721495
35389,0.9598133
130016,0.12557082
133486,0.7432684
132692,0.65266335
34209,0.9250067
130179,0.020734921
131914,0.06254031
130461,0.0039378135
35358,0.84040356
36832,0.930384
135680,0.21587473
131471,0.03001959
37203,0.87683845
131372,0.08057072
36779,0.8046351
136454,0.39303532
36551,0.888402
30293,0.9369358
34709,0.934628
134416,0.04635103
133461,0.55445075
131610,0.028289204
32515,0.9238874
134063,0.24163663
33972,0.49595743
30460,0.82242095
34663,0.9328612
31228,0.91615534
130926,0.006395614
34470,0.92021304
131946,0.026177362
131678,0.55956393
32930,0.94197685
136316,0.09291481
130567,0.68662494
37408,0.700377
136524,0.30682558
31486,0.9455734
30752,0.67211854
31542,0.92869455
133588,0.013658974
131760,0.2655618
137341,0.18323107
36406,0.7281296
34998,0.9189466
30286,0.29085308
35799,0.7577243
35686,0.7442013
132895,0.37268847
134291,0.044713322
31006,0.9370531
33237,0.9159695
36907,0.86194474
131724,0.5890751
134156,0.76009965
30425,0.92277205
130028,0.025416575
33053,0.91056645
34096,0.25534353
36348,0.8780435
133112,0.0045797257
34190,0.69692266
36307,0.92609334
30133,0.72237146
35025,0.91096723
33710,0.9494139
33343,0.7983447
34057,0.9023756
136542,0.007055252
36737,0.7789959
134090,0.009056458
136517,0.041531213
34231,0.85771245
132913,0.68221885
32340,0.77851295
134351,0.020172926
132901,0.0032152722
133549,0.021961872
32229,0.8124222
132425,0.026647892
37206,0.41808137
130190,0.6295977
31836,0.9450351
131025,0.051311076
133593,0.06422662
133563,0.009640388
131129,0.028416004
130532,0.009121706
31868,0.62746555
132522,0.7389635
131311,0.7739976
35398,0.8512968
30738,0.51821566
136301,0.40778702
37373,0.72505015
37322,0.6119752
134785,0.09717949
31767,0.6559306
131525,0.055299874
33189,0.68959767
30159,0.8603058
34478,0.9687555
131060,0.13133126
32361,0.7957661
130886,0.00463408
35247,0.25470448
136258,0.0160153
35154,0.96800953
136385,0.005507738
133418,0.18385413
135941,0.1972301
37363,0.96552926
134889,0.040819306
136359,0.059522595
33091,0.93396384
35471,0.90905344
137422,0.05560564
133462,0.76050514
131006,0.78362006
30468,0.87866694
131620,0.010708695
36309,0.6835493
136525,0.008686442
37109,0.8836465
137464,0.020057356
134841,0.95543116
130961,0.6075438
136810,0.008949904
34508,0.77566826
35733,0.93622553
33676,0.6344406
132033,0.039859854
131325,0.0426016
131530,0.05383167
135448,0.019585142
135823,0.056993403
135096,0.37713334
33185,0.8810442
32537,0.7727076
134386,0.039706666
133139,0.1844283
37186,0.92539966
32640,0.7500491
135966,0.7086955
30984,0.97083193
30764,0.8812134
137210,0.3035492
134504,0.60517097
137447,0.01148299
137243,0.32632554
130033,0.004943241
32175,0.7636649
35189,0.90610486
33441,0.2571683
132751,0.6961128
34835,0.82420707
133047,0.028638447
36287,0.96006685
131219,0.031594597
130475,0.051557936
130959,0.21700823
32033,0.92542773
133473,0.0013804217
136690,0.17721727
131003,0.23393773
136194,0.7921899
132451,0.7399071
32581,0.93746215
31582,0.8863122
136637,0.0065724635
36754,0.8476148
32253,0.89986056
133334,0.034734026
133857,0.0031304075
31613,0.89641726
36130,0.90043604
30096,0.8517123
132592,0.7483816
134415,0.40779772
32112,0.02988233
33318,0.2151054
132015,0.03374694
135928,0.16946329
134438,0.058592726
137074,0.009961848
137033,0.17027526
31911,0.81168324
33368,0.961244
135530,0.0030244917
135748,0.022337751
137099,0.00784212
34223,0.9207829
132849,0.14624837
133176,0.019332172
132744,0.0011468601
133784,0.52950054
133950,0.08107865
36265,0.9051286
31428,0.69784987
31531,0.8893706
130129,0.0031114835
30462,0.7708564
132556,0.0068270806
31452,0.38722438
34549,0.9221436
36559,0.95493233
136131,0.8103614
33048,0.86705965
131137,0.14386903
36050,0.60807997
37185,0.8913401
32835,0.9111382
132082,0.0070023993
130698,0.34467024
135974,0.37616986
133662,0.0031910723
36331,0.7107341
136828,0.020052444
136956,0.044357717
30344,0.6548091
136582,0.07017033
137238,0.052626807
130693,0.90141803
130575,0.015575199
35636,0.8927604
30306,0.92204696
35582,0.8188918
131637,0.03301616
31756,0.9072995
30868,0.2350094
133837,0.086037196
35847,0.9263633
133246,0.028210456
135068,0.026075818
134357,0.037299104
32702,0.69825095
136052,0.02889529
33764,0.79201216
30509,0.83006746
30063,0.7269476
32706,0.88124806
131849,0.013977499
135517,0.1624839
132821,0.69831234
30090,0.72159827
132090,0.0048098783
133741,0.025579074
131767,0.002992695
32586,0.9577348
135236,0.029326744
36874,0.8887157
35826,0.95862377
34380,0.75914365
30406,0.5725845
34510,0.8227844
34344,0.7299944
132117,0.12276435
35549,0.90694606
131829,0.0054883137
130847,0.052062716
36647,0.8857087
33325,0.85022765
131630,0.46918413
32732,0.6161442
33573,0.87752736
130904,0.13132931
133216,0.050949305
33406,0.2563303
136850,0.18126486
32287,0.62780726
31463,0.9276783
31100,0.9604424
33942,0.89916885
135932,0.09099941
131364,0.34917697
134531,0.011987319
136548,0.0032775982
31870,0.8541551
35002,0.7357232
36033,0.88521427
37480,0.9521391
33955,0.9482115
32056,0.902898
36212,0.9324289
32986,0.72762156
37050,0.7191555
133289,0.00926652
133925,0.030221071
135489,0.0034632473
137465,0.045883786
136036,0.74482685
36295,0.96759665
133864,0.0065618954
135413,0.0052601937
36810,0.8664715
136764,0.41734588
135051,0.0020316713
30130,0.82759476
36191,0.8421445
32876,0.88012564
31798,0.7300911
131882,0.004306618
32870,0.9201334
136494,0.019329298
131059,0.0017238458
136113,0.006484232
36462,0.952921
134105,0.75518674
34873,0.9589131
34820,0.86962205
133236,0.10755245
135053,0.0029449821
133466,0.92225397
132073,0.1738959
135728,0.033233486
35090,0.945522
37315,0.93414927
135695,0.22023658
33456,0.74997133
133326,0.00882073
32721,0.78256613
33240,0.8182159
130995,0.00964322
132353,0.65352714
137354,0.4410206
136122,0.010041327
32389,0.93080765
34829,0.9682113
35319,0.9583886
31392,0.8802365
30119,0.96261156
130434,0.024645453
36850,0.8357398
36410,0.96920335
36966,0.4952304
37392,0.9390766
131819,0.10340945
136283,0.008282553
133442,0.58768165
30987,0.8567246
134288,0.5754918
130783,0.1922656
36735,0.74689806
32705,0.8118044
136711,0.81573915
32162,0.94046885
30872,0.88620424
31235,0.48621753
34031,0.88449126
132009,0.0023727585
132567,0.057549864
31093,0.95304525
36642,0.05860785
137383,0.014674199
32097,0.48636216
36573,0.7535227
34029,0.6229644
136164,0.030763395
37058,0.54146475
130095,0.13662043
37026,0.81248
137042,0.014464137
32008,0.88707024
134550,0.32589486
36083,0.11348928
30465,0.715725
131112,0.0053573446
31005,0.4717229
34597,0.84117186
133199,0.79256046
134926,0.121005826
37240,0.8734089
135355,0.26902765
31244,0.8287457
33604,0.91284466
131041,0.45109704
37366,0.78706485
136486,0.063164055
31888,0.57348037
36032,0.9589326
134782,0.0069867573
34869,0.9611822
35253,0.49172938
136380,0.08851032
130880,0.8549483
32188,0.2825604
30526,0.8893665
136392,0.020192364
135897,0.019036228
132552,0.13950653
32061,0.25182787
130584,0.056511994
35155,0.7315661
135156,0.36153945
135091,0.55563253
36285,0.9545871
131461,0.0015808203
32832,0.93463206
135520,0.026295055
35437,0.89989626
35013,0.97070384
134278,0.68183905
31455,0.9196738
132645,0.22424507
130269,0.04950606
134419,0.0037347672
36857,0.6348254
130813,0.7646457
131419,0.0778175
30972,0.9474922
133290,0.47906685
36645,0.851813
131456,0.0046110447
30028,0.9085169
34075,0.91385126
136929,0.8947988
35862,0.67964447
36353,0.21039659
35000,0.17313802
133476,0.006302874
35061,0.9445818
136865,0.17238306
30597,0.85152423
31192,0.9628291
33570,0.61895686
132281,0.05934151
36681,0.64694744
36267,0.9048804
36233,0.87235975
30823,0.96121776
132419,0.20257738
30731,0.92084754
33493,0.7727009
133004,0.0025788478
34335,0.9549491
32633,0.9363368
32682,0.77774334
30495,0.9632135
35187,0.7736737
36569,0.92471945
136045,0.8819496
35944,0.7830364
137331,0.30965102
135270,0.035517957
130682,0.22160216
131856,0.003369841
30414,0.78278035
136975,0.0022310172
36482,0.92569906
30741,0.7790662
34769,0.9588138
133945,0.11411001
30909,0.9412126
130136,0.5328847
131794,0.93953043
130816,0.033422742
30536,0.95900166
30121,0.94663435
137192,0.4935369
37476,0.93178946
31980,0.8948647
36477,0.9496366
133751,0.4548945
133942,0.3276205
36805,0.9472671
37081,0.8115869
36359,0.608807
130912,0.16718319
32952,0.8347106
135397,0.08067773
131493,0.64870524
130316,0.58439916
35168,0.93650234
33478,0.8598894
37361,0.92874163
33047,0.80347025
132405,0.36928996
135624,0.10602589
37358,0.8262715
31406,0.96227986
37337,0.8552102
136370,0.00168074
33112,0.7069872
36510,0.74922675
30025,0.9414101
131660,0.9511478
32266,0.92586946
134654,0.1289984
134831,0.087644376
137171,0.06360568
131432,0.12770772
136141,0.0034192689
136895,0.49852937
35298,0.93374914
133933,0.018899744
34644,0.9656181
130091,0.043346804
131837,0.0019781524
135734,0.19464888
33397,0.9547015
36769,0.85005957
32353,0.7404184
130878,0.6798001
134482,0.11304665
35078,0.9510197
30322,0.8554668
34454,0.5354466
33170,0.557509
135337,0.6205548
135894,0.09337265
136433,0.18711388
34329,0.25528848
130670,0.37264478
33414,0.9182812
37345,0.9635453
132792,0.005439688
35621,0.95428514
33227,0.29880884
135416,0.026032446
132654,0.028459987
35905,0.8871344
32938,0.89150035
132968,0.013266345
134318,0.770419
31355,0.9033124
31891,0.9388078
137385,0.5851382
134498,0.64524806
136391,0.003231549
32591,0.87989914
35470,0.9254398
137076,0.025189145
131171,0.0028898409
33982,0.4610841
30279,0.9608241
33347,0.86854225
136547,0.0073367464
32223,0.9553197
36381,0.710506
36858,0.97771764
36375,0.646924
34615,0.81678385
36148,0.7952932
33468,0.8806798
133477,0.6861818
33439,0.9557297
34235,0.91565603
133720,0.056569166
132718,0.009272143
32367,0.9347466
31051,0.94494337
134400,0.09491291
133969,0.3380037
37269,0.89756507
35264,0.9695495
136990,0.32522497
130585,0.6212832
130570,0.007407473
33326,0.86524826
33148,0.88665056
36384,0.9241893
133366,0.06580796
134991,0.028028421
134251,0.56536484
130263,0.23171917
132348,0.0035110612
130947,0.31312752
136061,0.054358676
135050,0.019233849
133550,0.0021265026
31324,0.8470146
134246,0.008420655
31451,0.9369988
133562,0.60604936
31314,0.20700271
36901,0.8050986
136188,0.089772
32324,0.91813886
35045,0.81001705
134147,0.059396885
33897,0.7738633
134119,0.10443167
130507,0.028820768
131289,0.09413858
30150,0.9051494
35246,0.8188018
134631,0.050432175
136086,0.011637375
136101,0.012198126
136212,0.2680287
131596,0.063756265
30263,0.8458307
132057,0.0018164426
130080,0.010072165
31692,0.58187205
136728,0.039062835
134488,0.105418205
130542,0.0067636296
34240,0.8621263
33841,0.93443435
34571,0.97225386
132329,0.8034028
130084,0.075304486
131263,0.0012576771
133584,0.2358373
136847,0.3473866
31476,0.960023
133081,0.57287955
134927,0.95148623
33448,0.74235064
35500,0.95232415
130976,0.04101075
130679,0.121916614
132347,0.02106995
135464,0.019007038
30046,0.95324874
34313,0.10644123
132066,0.003698596
133930,0.40243047
37333,0.97732794
134129,0.15419935
31293,0.9586129
33679,0.93528795
133501,0.088346615
130391,0.19499901
33339,0.84727114
131106,0.01662267
131309,0.060847472
31800,0.8948301
32955,0.34468094
132377,0.60693485
34722,0.9298421
133726,0.0036466036
32476,0.86149085
35139,0.9477639
132655,0.5569121
34658,0.66024315
37116,0.86936516
133782,0.16168502
134118,0.03930065
137445,0.9046393
33612,0.6693555
130635,0.04954955
36995,0.9652065
131395,0.0140935695
37426,0.7486372
32380,0.93111676
133225,0.0019101023
32320,0.91767275
133566,0.191122
36296,0.86687106
133310,0.019109806
35221,0.471874
133530,0.08114481
135028,0.039298248
130180,0.004825488
130554,0.095971055
131241,0.7146586
136658,0.031596962
135522,0.0874847
131194,0.016029058
132619,0.0076352083
30490,0.75502026
30415,0.87688583
32464,0.95581925
132013,0.17568673
32391,0.7042274
36734,0.8558865
133667,0.05903288
36023,0.8764781
134738,0.08234248
133133,0.10992178
136280,0.09202874
35219,0.6195618
34003,0.96121633
35671,0.9378682
31679,0.79837185
30693,0.693843
33769,0.9477911
34338,0.9306141
32234,0.8736071
131442,0.9160217
34089,0.91615283
131738,0.04224461
131339,0.009448653
30292,0.15756036
132119,0.19533965
34126,0.9321881
130430,0.016205054
135568,0.94097865
34245,0.04645733
134037,0.6522975
133999,0.7684322
34076,0.9544278
34012,0.96021885
33058,0.77911717
130920,0.03977284
133632,0.19764599
132788,0.007492436
36844,0.7155053
136112,0.14268097
37412,0.856607
130689,0.040681407
135221,0.07842051
135561,0.21380469
36352,0.8231208
130355,0.1461231
35073,0.9458778
136013,0.0069655697
130247,0.0010417025
136108,0.5426934
37391,0.72373533
136978,0.085372716
132587,0.033857673
35050,0.098247334
33798,0.95020133
34913,0.8713452
135804,0.016617525
30942,0.97018695
132468,0.5165457
31933,0.9704021
134046,0.37468404
131232,0.0048479373
35527,0.8750104
131876,0.049879123
30469,0.7695841
30925,0.9049479
32949,0.95398676
131371,0.0082671475
136364,0.009521186
35435,0.64902776
32794,0.68009466
135687,0.076381676
134059,0.16142547
36125,0.95833474
132769,0.059389982
132510,0.028356295
35539,0.81817865
37317,0.5139107
31688,0.61372286
34451,0.20513117
31693,0.95283276
34104,0.9158405
31107,0.9423523
135694,0.948726
31279,0.88691616
34421,0.8108252
132424,0.123938285
133249,0.08061074
32598,0.9503278
136465,0.05380178
135525,0.015825074
37285,0.9097095
135659,0.018903833
36338,0.7700424
30338,0.94350696
34027,0.5334962
132564,0.07226615
33660,0.7279824
36581,0.946167
32375,0.9304426
34368,0.9264557
31939,0.51913834
134173,0.13954282
37047,0.8702947
134537,0.06696704
136039,0.034585748
130552,0.029238204
133633,0.4624302
130083,0.16207188
135159,0.2730101
136137,0.021742
132413,0.39401817
134718,0.24351193
135618,0.0073030824
33204,0.9293357
133885,0.25490615
30644,0.9547627
33321,0.6487643
30171,0.92909867
36220,0.43424353
32730,0.9762378
30875,0.8540162
132533,0.009322291
34509,0.94786775
130369,0.0024229402
132858,0.03371597
135219,0.30887908
35243,0.7969199
31809,0.97247815
136676,0.2025955
32189,0.8586553
31004,0.7933663
37111,0.9479289
135126,0.8586884
136311,0.66276413
133853,0.014858567
135065,0.07698448
132403,0.4615688
130643,0.41989574
130548,0.6449862
134053,0.012260559
30563,0.91602963
131135,0.071607016
32888,0.642974
35900,0.73935175
136920,0.033665102
31386,0.70336264
131649,0.007830416
32128,0.7890145
131985,0.25372934
30694,0.89335746
133696,0.5383556
30661,0.964331
136540,0.263879
130986,0.009752075
132660,0.028963333
36360,0.63384736
33772,0.96374774
32034,0.9412159
134509,0.0052797482
130419,0.34065723
135262,0.042562477
36475,0.59456265
33019,0.9639902
135481,0.0056731887
132279,0.052899234
30036,0.87789786
32489,0.94015074
30992,0.36804745
135100,0.010749057
31250,0.8574057
133420,0.004760834
36537,0.93493783
30003,0.5081402
134545,0.012013021
32810,0.88378686
34609,0.6624395
135168,0.014254136
35982,0.89843917
33824,0.9626077
33201,0.9315078
34311,0.8288412
30575,0.17970285
136180,0.004859963
137109,0.050322916
130181,0.2420901
31470,0.965362
33537,0.713387
136255,0.04045884
137269,0.56784415
31465,0.8106895
30380,0.7833642
134451,0.10108587
34772,0.96482044
33477,0.9629465
32243,0.9247318
135319,0.44453984
35256,0.86707747
131262,0.40995058
131255,0.75814945
136872,0.2830753
134876,0.008303444
30076,0.8087041
131276,0.003180391
134993,0.8356995
31306,0.85727286
130405,0.23874186
136949,0.83090436
35749,0.2746509
32554,0.96161205
33211,0.87060446
33763,0.971641
34263,0.71963596
31426,0.9434572
132233,0.03499241
36818,0.901445
32123,0.6634067
135128,0.020123526
132467,0.039629765
133224,0.19111562
133102,0.37083894
137215,0.079988174
30556,0.94492006
33356,0.8792293
136945,0.012980658
132536,0.6521849
32796,0.9717291
134074,0.0070984615
31950,0.78597784
133519,0.03234345
35830,0.9644224
135302,0.0704901
130105,0.21472724
31508,0.9150321
34926,0.94445324
35178,0.8894639
32153,0.9604089
137132,0.04488709
131381,0.19320025
134281,0.02075129
130706,0.16009161
132375,0.18968469
133690,0.017577205
133068,0.16185741
136587,0.010090992
35917,0.8093036
35318,0.8795787
31841,0.4510161
36906,0.4645535
134316,0.008343192
135394,0.0064836545
33155,0.9455088
35428,0.9467364
131698,0.45311466
35730,0.62561953
134952,0.016875345
135496,0.021919835
135137,0.8322391
132795,0.00746016
131550,0.0033330556
131522,0.032721598
134764,0.7073498
35992,0.9645917
31665,0.1653952
135769,0.08969961
30429,0.9107788
32596,0.79477644
32387,0.29906264
132092,0.14314897
130598,0.8049613
35288,0.6644649
132469,0.014356478
132109,0.82980597
31062,0.74266845
130366,0.07515494
132020,0.38221315
136647,0.10870984
137005,0.74124044
31039,0.8439293
35261,0.9576721
136235,0.0016885817
136060,0.0039873323
131565,0.029675074
133866,0.017430566
34899,0.9491421
33907,0.8886749
132076,0.006048236
137108,0.020791817
132137,0.39429095
36791,0.46185747
33038,0.9503822
131422,0.0060577
35999,0.90287244
31803,0.9654723
36262,0.8416001
31064,0.83212376
135970,0.37436077
136484,0.032544937
35373,0.90779936
33075,0.88507277
137312,0.11909554
35865,0.8310376
131589,0.032828808
35834,0.6676026
137178,0.072897695
134793,0.016157754
130066,0.0047735865
134886,0.10553828
31272,0.7956002
32928,0.97395056
34285,0.87357986
30214,0.9405431
130456,0.07795445
35262,0.96188724
133490,0.24750206
34145,0.9333265
134663,0.8393239
32449,0.83487064
131295,0.04733304
133763,0.07371608
135417,0.027928626
34179,0.9310549
31384,0.9430495
36961,0.7853881
131692,0.007311113
133957,0.014257995
135933,0.03669599
135213,0.019422168
134276,0.0067848917
36688,0.79713434
132733,0.04221219
132432,0.43992352
135035,0.9025222
130798,0.22746709
136892,0.0064132977
131081,0.24170256
34792,0.7877369
134702,0.05788404
133615,0.6981323
137097,0.5104654
130085,0.57373756
130420,0.23684546
32021,0.9348858
133459,0.8884592
137139,0.40373018
35988,0.924613
135629,0.025900159
135749,0.13176812
31492,0.84194946
31541,0.8038997
33885,0.93916065
30537,0.9605223
30327,0.9437955
136774,0.03798886
35951,0.5453468
31014,0.8006692
36868,0.6616693
132768,0.01926766
35275,0.8842113
31225,0.9033316
134605,0.008240886
133408,0.17315513
35215,0.8648094
132081,0.116036706
35954,0.94332045
31190,0.842432
133569,0.31061488
136842,0.0034805785
135112,0.13045126
30379,0.08874249
135000,0.05830743
37375,0.7730489
136576,0.16898766
130120,0.7610422
31208,0.9155768
136997,0.27594975
37475,0.824954
135321,0.013048045
36703,0.8585437
35798,0.67521787
137028,0.028583242
33805,0.85546076
36065,0.7876873
34023,0.9463142
35087,0.89427805
34807,0.9500795
35903,0.95153147
130388,0.57573026
35521,0.77050996
35673,0.6286579
135546,0.012232924
133619,0.003023139
137241,0.6440436
136041,0.011141554
35522,0.83181465
33843,0.62487674
36500,0.9618661
34009,0.7091744
30020,0.7665262
30372,0.7843321
36885,0.8845183
134877,0.5236647
34568,0.7600202
130684,0.5578581
35254,0.9653646
136657,0.12438273
132871,0.0034408954
136633,0.040764324
131546,0.01195569
37273,0.8681262
130390,0.0017242497
32191,0.85366654
135973,0.48726827
135625,0.045900267
30962,0.20914704
130681,0.8065449
30416,0.8213887
130417,0.022044927
136632,0.009095831
134194,0.008569578
32791,0.96202964
35925,0.97296745
35908,0.8690093
133241,0.37827432
32065,0.95414865
35634,0.82377905
131913,0.91490966
31444,0.8632448
136653,0.76766753
134579,0.01782292
34001,0.93841183
35635,0.9096402
131874,0.10525586
35026,0.93755037
34419,0.95131457
130527,0.040905744
130484,0.017967135
31343,0.7725875
137130,0.36673892
34492,0.25331774
130226,0.18204144
34896,0.9245857
30927,0.9424771
32795,0.9190033
31239,0.8106843
30652,0.8784328
134715,0.32282618
32507,0.9145734
35009,0.8597268
136285,0.093347706
135410,0.02729341
32106,0.26142317
134691,0.10811008
31826,0.962836
31600,0.86036307
134549,0.007805187
35810,0.756586
30582,0.93222326
135628,0.005104243
137355,0.009609802
36891,0.8712636
35930,0.85049343
132753,0.20796391
33964,0.9192712
32993,0.96696955
134361,0.74733377
136795,0.022642465
130683,0.002653668
32828,0.67204493
132659,0.5264665
136619,0.67245466
133292,0.10911871
136659,0.004951525
36931,0.3571655
36048,0.36067173
135174,0.06556074
130632,0.05930209
134453,0.04821508
132261,0.009599174
134684,0.0036961825
136897,0.1404981
136930,0.24422622
34351,0.9676695
31731,0.1894355
133527,0.93304163
132991,0.21571687
30140,0.82718533
131891,0.0050530294
35361,0.92576563
30771,0.9699304
35202,0.24318194
34176,0.9036391
132531,0.93676555
31191,0.86228937
137209,0.05345962
131231,0.17018619
36244,0.8942423
32374,0.9543535
134430,0.52561927
133708,0.4585703
34194,0.5140234
36366,0.6787155
132382,0.049635258
135689,0.24507335
137446,0.09353176
34778,0.25779492
36657,0.81969696
32147,0.83617836
37492,0.9393782
35516,0.33989173
35598,0.9179519
35558,0.13836439
135044,0.0035035748
133429,0.0030181617
133233,0.84667593
134374,0.022398226
134395,0.16115671
131778,0.13832806
31152,0.92547405
32430,0.86288756
137399,0.008919883
133654,0.08714641
31723,0.92083097
34035,0.9187527
33433,0.8898012
130383,0.8151283
33462,0.33715305
37059,0.882208
135898,0.6550721
34969,0.6306775
132955,0.87956595
132189,0.0078331875
133572,0.29609478
131352,0.1805072
135087,0.027421273
37450,0.9261382
30939,0.62335294
133825,0.014965765
36292,0.740642
134362,0.07725275
135335,0.1445997
30728,0.6346336
130943,0.0039027338
32142,0.93552893
35731,0.8282055
130106,0.11170987
131423,0.024235046
136604,0.06733695
133657,0.006279444
136189,0.18691306
36044,0.630576
134004,0.01473996
136421,0.02580087
134342,0.07188948
36693,0.8766661
30374,0.9480338
31042,0.6133518
36811,0.96204144
134637,0.45194417
33392,0.5313656
134192,0.9065005
34149,0.57332015
31765,0.29917145
136869,0.14048392
131669,0.44903636
133368,0.6357809
136520,0.31431505
136564,0.013257896
37172,0.7002105
130171,0.0065609445
133206,0.02217153
30545,0.9527558
137250,0.1670688
33129,0.8473363
130829,0.013687798
32356,0.5008122
37486,0.86779815
31090,0.7701511
37217,0.9203508
133247,0.25683814
31930,0.76497996
132590,0.008934104
31163,0.77694464
30182,0.89154524
34054,0.9571572
134774,0.0012818682
130486,0.7598892
135257,0.35144728
35449,0.8907514
131264,0.20979719
134024,0.03992674
31109,0.91567093
133509,0.10371124
33664,0.9618036
30961,0.9453869
136143,0.008986278
136803,0.009577593
36833,0.8721286
135115,0.041691158
31008,0.86303645
137320,0.19463667
36480,0.26670864
132182,0.17544104
33263,0.94029504
35648,0.95639485
136750,0.021245493
31391,0.85644513
30688,0.9683118
134221,0.03238911
34832,0.8639213
135205,0.0038157846
135350,0.026061168
31399,0.9690123
137123,0.6932156
132945,0.5920973
31667,0.9636189
30934,0.9414803
130690,0.057403024
33273,0.8618077
135972,0.05494369
134750,0.024868323
131776,0.33569568
32510,0.81110346
36470,0.96215326
133881,0.86978877
32221,0.96137583
134217,0.38609084
136876,0.014973183
135499,0.0025963613
130114,0.1510154
130013,0.21613644
136336,0.108965956
136303,0.0065091033
31266,0.5738702
136485,0.48085457
133644,0.0048119216
34233,0.91900635
30396,0.4775756
135892,0.0026793939
136357,0.092493735
30430,0.37041652
130892,0.04052386
36583,0.92818123
133106,0.007418535
136806,0.067727216
35357,0.9603121
36775,0.95095426
135285,0.097668275
136866,0.21013406
37390,0.8295302
135269,0.12183575
31017,0.7844018
32568,0.8307025
32001,0.9264604
33848,0.96676207
37201,0.9531606
30747,0.9139051
30669,0.9347977
137138,0.06562184
30483,0.8339946
35293,0.74840736
30720,0.9601393
130387,0.02678495
32467,0.94119835
134380,0.595132
131590,0.6960677
137414,0.005577103
134264,0.092980064
136313,0.007389057
35814,0.94256055
35070,0.9115422
131488,0.006756426
136695,0.22460325
137469,0.21841675
31638,0.9236139
33108,0.8699768
135701,0.014007841
136354,0.010619805
32479,0.84788567
136342,0.018090893
135460,0.0054658544
131388,0.071907714
135406,0.029251223
31783,0.9255719
135071,0.36719784
31978,0.95761424
133288,0.78999084
132909,0.8725408
34439,0.91009265
137030,0.006920964
131117,0.09365104
33389,0.95004356
32459,0.9366806
33531,0.78888714
35217,0.93492717
34591,0.5304707
133197,0.00996619
32700,0.48436013
35274,0.934645
130020,0.8692215
135465,0.036689244
137001,0.027938861
134576,0.0040111314
131095,0.3893427
130011,0.5169657
31068,0.13944183
133897,0.0058184396
137047,0.12282512
135670,0.4540496
30834,0.19710016
36821,0.81858015
137118,0.112552606
132438,0.110128574
31687,0.657705
136622,0.13894679
130828,0.013123476
132971,0.94809455
132497,0.37702
32723,0.9545869
130781,0.004583111
136801,0.022346511
33750,0.5843505
130300,0.0022770371
137220,0.49785465
34021,0.5546225
30392,0.31008962
132310,0.81811434
33253,0.631621
37054,0.5845234
34100,0.50580657
34879,0.94252807
34809,0.78183174
136068,0.14250828
133357,0.004892054
131034,0.5839014
36856,0.9544019
33703,0.881229
32398,0.7840794
130404,0.17026854
136206,0.37207562
37332,0.25139832
135209,0.04987402
136430,0.022728166
31119,0.8763599
36356,0.6374169
36131,0.95600325
135515,0.0154908225
33883,0.7224981
32103,0.78625494
131619,0.0016147585
132322,0.9322209
131199,0.004416644
137327,0.0023889497
136909,0.61087006
133211,0.6313029
135318,0.0058069187
133165,0.0009873501
31792,0.9630641
137339,0.41474232
134719,0.5417304
130921,0.24904865
34174,0.89422065
135237,0.17626412
133150,0.006407436
36301,0.9445155
35367,0.50338745
34046,0.8880172
35653,0.764825
133469,0.31953594
136570,0.0044193245
137467,0.17227927
132046,0.005343821
36921,0.9603242
135725,0.63318366
133743,0.019653464
30179,0.94655085
34288,0.8629329
37264,0.9630079
33717,0.9673638
136381,0.012222638
37219,0.6194306
32571,0.79063755
130957,0.89470935
136185,0.73945
131573,0.07463247
36784,0.83186084
33958,0.7540245
30514,0.9461061
35443,0.95300454
135255,0.08632775
33040,0.8826515
30220,0.5256123
34861,0.9566894
134790,0.14642493
31707,0.8745993
36880,0.81864536
136230,0.12611657
34323,0.9637947
132734,0.6261816
132830,0.016786419
134717,0.02929447
130839,0.011359186
130520,0.020197049
32559,0.44369003
33383,0.96225333
131479,0.20187664
36180,0.950786
32062,0.6184328
30126,0.9480431
136356,0.009068791
31144,0.769577
137443,0.04510333
131542,0.30190536
33022,0.95522016
136727,0.19173785
134786,0.9075541
132979,0.014864076
132176,0.03951013
136177,0.014458965
32566,0.7169855
35866,0.6931527
130169,0.4198331
32974,0.8452031
133976,0.05038073
32547,0.9611868
34902,0.63614756
133714,0.0074634585
136683,0.032323916
132318,0.5908944
132350,0.30941352
31551,0.80897385
131327,0.0009776144
32368,0.9580773
132668,0.053808056
35108,0.3985875
34672,0.60575134
134332,0.006093469
135723,0.0019571166
37218,0.91824925
35371,0.92668587
32942,0.73772377
130555,0.0026999665
37037,0.8315423
31015,0.7580858
30033,0.9543764
31919,0.42719576
130107,0.5154618
131959,0.36705554
32299,0.91096413
32419,0.884913
37069,0.54034245
132809,0.0037857455
30673,0.45197883
33364,0.8554275
135841,0.027233852
33198,0.9070558
34712,0.91801125
135877,0.036823463
33899,0.4903269
134520,0.384705
131476,0.014370809
131115,0.74124044
32815,0.6441676
33891,0.95056534
32763,0.94233733
34967,0.8450124
32927,0.93270147
37205,0.69222623
36005,0.60408205
130030,0.6644493
33142,0.912395
135732,0.23252735
33725,0.95013565
131558,0.043107603
132312,0.006414519
30256,0.5403327
34914,0.23484682
36884,0.86617947
33521,0.41939065
132876,0.015678948
135019,0.020448573
34467,0.5866119
136660,0.87430584
136076,0.127526
31464,0.86231416
132225,0.14104699
134615,0.2471569
133910,0.0040414906
136811,0.33882356
33707,0.874477
31898,0.8398659
134593,0.002879291
32884,0.9059141
36700,0.96069366
134104,0.35437602
135483,0.0029738403
132906,0.00809435
34810,0.96013904
36835,0.87142724
37456,0.962869
35225,0.92273116
31583,0.9562419
131342,0.23539168
36059,0.9372409
37479,0.27234653
132217,0.006043124
32601,0.86140966
32980,0.3639902
131929,0.007537879
134146,0.107861824
136732,0.10992847
135473,0.11617318
133347,0.39066973
132034,0.6261966
32518,0.9687384
32362,0.8846313
31128,0.811333
34166,0.9206653
133296,0.022262897
131038,0.0031264871
132907,0.7451175
136471,0.6488552
135452,0.8718966
34608,0.8148513
137077,0.02448365
134745,0.08485311
130749,0.56049657
31949,0.91856086
33741,0.96673346
136681,0.86572385
131784,0.8034028
135609,0.029718576
136277,0.37885633
31811,0.94394594
135139,0.92800045
135490,0.4407766
134511,0.008836298
34996,0.90032357
30926,0.28060567
130562,0.008423307
137214,0.33614686
30515,0.9445429
37474,0.92604434
131100,0.041125264
134784,0.0035031457
31989,0.90411174
136294,0.044989415
33409,0.8062622
31287,0.8351943
135057,0.051118102
137368,0.89175093
36452,0.9070897
36689,0.79383165
36198,0.84727997
133123,0.010557027
37413,0.93342686
32485,0.7847582
34567,0.92521113
132125,0.013921296
130463,0.043552127
130843,0.04407316
136447,0.00461001
30105,0.9001565
135696,0.44191644
36839,0.8395509
134736,0.0043819705
135635,0.16909298
135092,0.13511713
136935,0.009095845
33033,0.9160315
137441,0.41834936
34050,0.81552106
136783,0.0040948936
35764,0.97397554
137116,0.01428523
34739,0.1377675
36056,0.957568
35540,0.9142957
33264,0.77450037
36227,0.9215966
36071,0.9414454
36187,0.92030483
133389,0.87927574
36391,0.9140526
135212,0.03935403
35931,0.6110854
132070,0.0027501516
35561,0.96387786
33799,0.9107658
32873,0.55634385
136403,0.017155327
37354,0.96634597
137363,0.019055346
133478,0.10303309
36847,0.92075366
33400,0.75160325
32311,0.40387294
135904,0.27372497
33713,0.30184978
34629,0.8957297
32204,0.7958722
131389,0.61024207
37350,0.86077225
131078,0.5432615
36022,0.63566446
134106,0.39981058
134200,0.42608672
31186,0.73865604
33596,0.71687776
31908,0.9137142
31851,0.57045066
37104,0.96650934
33499,0.9465371
132437,0.07971929
134866,0.5909583
134333,0.25216016
33574,0.8499358
136710,0.06905076
136626,0.08259576
34265,0.776178
34518,0.9663688
137053,0.117200345
132759,0.031070024
34999,0.93447614
37261,0.9290961
135617,0.22317562
30029,0.9680979
131621,0.23339307
30727,0.9639536
134143,0.046093732
37414,0.9723006
135796,0.043650355
31552,0.88498163
30642,0.8263946
31410,0.6392242
131562,0.20469551
136302,0.0035388225
132053,0.16770478
132992,0.0028813507
134656,0.011359111
35585,0.9231703
33743,0.84937626
37122,0.9316933
31764,0.6480326
130302,0.35088742
36132,0.93571746
133394,0.73792404
130707,0.008955742
34877,0.9489839
133614,0.020855272
136599,0.17146385
31641,0.8756071
36587,0.878947
135778,0.08676867
35169,0.9085048
31614,0.5845521
135731,0.8963101
133688,0.37219313
35132,0.77753407
35415,0.8713469
135385,0.06803711
34473,0.44748044
31696,0.6368251
132112,0.0017019259
133348,0.0593288
131677,0.18018605
30451,0.95406306
133203,0.3159599
133842,0.069953255
134594,0.0077036256
31763,0.9374217
134902,0.79828113
135992,0.0036719998
135059,0.0025375495
30056,0.084870875
134204,0.027872318
132433,0.46321112
131835,0.050183967
130299,0.32612085
30869,0.84656495
34319,0.5552454
31421,0.4673815
130906,0.11829512
130496,0.01373117
36932,0.85820633
131122,0.05799461
133929,0.05732703
132465,0.02066764
34513,0.9420085
134277,0.023023836
35861,0.84538805
131328,0.81559426
131911,0.055749133
134898,0.54472905
130378,0.1003522
133813,0.22199541
34195,0.8135625
35515,0.20105824
136964,0.011751997
32200,0.7114723
136522,0.46237043
132599,0.6229866
37080,0.94991124
137159,0.10695352
136794,0.3398726
37396,0.3960238
137298,0.01022393
130003,0.6445412
33877,0.9708986
30457,0.6175507
131253,0.012142445
135006,0.28227562
132781,0.57078767
34714,0.08979924
36277,0.78862983
32797,0.5526315
30049,0.7309777
134345,0.023136506
31048,0.95958
134854,0.12430649
132678,0.58470345
31567,0.8273484
136139,0.02155906
33095,0.82744014
132591,0.05624219
30744,0.89561415
36019,0.94101006
137336,0.092318594
133321,0.0031784836
31149,0.7312534
30228,0.8798382
131324,0.4940147
133698,0.032638
37437,0.9401769
34353,0.45366466
30358,0.92142946
134188,0.1336654
31865,0.7660078
33756,0.9534044
130455,0.39403847
137162,0.4347932
35568,0.94895965
130469,0.15302375
136118,0.8077319
136568,0.0036787486
135753,0.068108365
30929,0.8888421
36104,0.031603504
136907,0.23489766
34515,0.8029379
33924,0.93485725
32297,0.88521254
36540,0.79712063
136827,0.030919252
31022,0.9460855
36068,0.37625283
135453,0.10163615
34484,0.9638739
133799,0.2079286
133758,0.0025162823
35432,0.9603151
131118,0.12688527
134066,0.10532695
30018,0.7164436
30630,0.07961244
36827,0.90800464
35921,0.8341233
34198,0.9176569
35128,0.92460823
135808,0.7916863
130697,0.10994886
131291,0.021900542
35563,0.9236361
34343,0.8187043
130292,0.070278265
132765,0.0032523337
136198,0.70990074
134128,0.039492078
132785,0.55634046
135956,0.011308784
32472,0.36125222
37498,0.082972705
130830,0.14139841
34713,0.09380305
130740,0.23832107
32192,0.91140825
133344,0.0461296
131079,0.015362852
31617,0.8903767
134116,0.22485326
131728,0.0066959327
30129,0.95110196
131614,0.59410286
134115,0.09033319
37342,0.9539764
31237,0.85097194
36040,0.92442125
36913,0.86926734
136246,0.12295835
32447,0.8548732
34182,0.89887184
133305,0.002696766
33088,0.89660907
32218,0.92676
130898,0.7864907
133219,0.020167649
136389,0.5134312
130356,0.19003054
30231,0.92878574
136940,0.004374851
136002,0.054736685
133975,0.16696787
130602,0.0062277876
35835,0.8975204
35725,0.90462816
32025,0.44205838
37002,0.7462711
135532,0.5737098
133849,0.02097735
131881,0.075884774
35958,0.95760494
32360,0.6840385
31982,0.5819841
132963,0.6436222
35876,0.91395557
32359,0.8745339
130547,0.124183536
32582,0.9140981
132010,0.5513315
30086,0.322633
34443,0.9612635
36796,0.87991285
132303,0.100168936
36383,0.8540272
136664,0.40597734
133834,0.09916432
134392,0.13818891
136417,0.0027047973
36731,0.3429962
32830,0.6543273
32910,0.83368087
130082,0.09204083
135003,0.7038415
136668,0.09221534
30549,0.033840183
130713,0.86778325
133932,0.0029912202
134178,0.1506729
136021,0.006360752
33619,0.78317124
35444,0.92877144
130194,0.005144268
34123,0.8737152
133952,0.0058163796
31529,0.94535077
133507,0.0045489613
36490,0.9552092
132604,0.003069964
134920,0.79165906
135005,0.75645936
134125,0.22788997
36113,0.6098268
34127,0.2786592
134906,0.4054558
130185,0.8170199
34949,0.77517474
136147,0.38385642
37006,0.8353546
136583,0.28854904
31469,0.9178824
133317,0.10255234
30297,0.95330423
33419,0.22102882
34395,0.8584953
133400,0.0010895779
35602,0.9780994
31520,0.75401664
130128,0.05593214
131399,0.018407656
135512,0.030119311
35520,0.8671272
30739,0.62041795
33213,0.7755158
136745,0.16192855
36251,0.95662004
34420,0.96806484
136214,0.6522712
34610,0.55836904
30753,0.9423556
132965,0.50813884
31007,0.9489251
30936,0.9698066
132482,0.18295097
37481,0.9470963
34103,0.91530335
135913,0.12007444
36425,0.20680375
32130,0.30210668
137307,0.6986451
30186,0.916638
134779,0.0030293048
31779,0.7164225
135015,0.007900838
34817,0.9556229
30189,0.72431594
137435,0.75605595
31248,0.8506183
36558,0.9589396
134959,0.0016093672
137203,0.037178136
34356,0.4207816
130503,0.024267357
132954,0.04175145
133852,0.5629808
33319,0.92646533
30964,0.846462
32168,0.9451106
37310,0.90427816
35809,0.82146156
132980,0.010585535
34449,0.964818
130569,0.016336175
134900,0.15597905
131705,0.103776075
137226,0.010623253
35007,0.5916942
35717,0.95953476
34520,0.7347542
133057,0.21448119
131529,0.1402528
137490,0.8799075
131749,0.15304941
137012,0.58520865
137489,0.7721383
33613,0.83317935
34924,0.6238179
132052,0.3195606
135063,0.30396205
135195,0.13356718
36084,0.6435768
33016,0.76466763
32643,0.91303504
130757,0.8925847
133678,0.044837903
131072,0.0363702
36665,0.9348126
134383,0.14376077
133231,0.0751729
30990,0.9010082
33719,0.93352634
30472,0.741894
32455,0.97383285
36299,0.9476413
133997,0.47472396
30350,0.82816046
135621,0.05168834
34286,0.6291447
34242,0.63006294
32457,0.9593017
137366,0.8566576
137381,0.9505301
34825,0.9277875
36819,0.3784569
135927,0.03434163
133376,0.012341859
133768,0.013476908
32941,0.9740864
133328,0.017797679
30583,0.96722054
32420,0.8704494
30403,0.87990963
130215,0.014998924
33359,0.95233905
33292,0.19264
31263,0.90727055
31618,0.96677357
136742,0.08656889
34635,0.84579384
132059,0.06443262
131013,0.49749663
135982,0.06589424
131653,0.045206495
133077,0.6340774
132883,0.13279092
134518,0.12097045
30854,0.91236675
130268,0.69854236
36974,0.8533559
133104,0.015930982
33913,0.7706886
135811,0.011199725
134971,0.67067367
130476,0.009564561
137213,0.15034106
33791,0.95396495
132257,0.35641506
132839,0.018514326
134145,0.0071261404
131029,0.35282886
136318,0.0015031169
36047,0.9662652
132287,0.8988656
135577,0.17314924
134946,0.27202615
36673,0.88496846
135798,0.7547597
36136,0.94523966
35504,0.8292385
35413,0.8394217
36530,0.8703762
34318,0.90739274
34727,0.9031525
136618,0.059229534
134581,0.055259872
132717,0.23418343
133545,0.35990572
132074,0.015476727
130936,0.021114664
34460,0.75647473
31820,0.104927264
132526,0.02248222
30736,0.9575252
135560,0.012786185
136340,0.011806543
32996,0.93060535
34799,0.9258005
132926,0.303223
133307,0.18340068
131786,0.008476214
30553,0.5801979
133386,0.0023976124
133359,0.16024171
134838,0.0216225
33102,0.88699013
35096,0.36683077
131111,0.2410859
132924,0.43422997
37441,0.91916674
37274,0.8512883
31998,0.54842013
130124,0.8840108
35773,0.44601664
32577,0.9181068
31839,0.20695141
37145,0.9343072
133407,0.114306994
37281,0.5704196
131494,0.016609807
132229,0.009331465
137375,0.0009163395
135315,0.015719607
31547,0.94040275
137134,0.7836566
33262,0.80368036
33390,0.9377515
136366,0.031560935
33693,0.6119752
136594,0.02683484
35519,0.9518694
137364,0.30135342
136159,0.64945024
134805,0.70794743
35995,0.43718994
131601,0.19687358
31116,0.459759
30608,0.9377592
130767,0.00742781
137102,0.82722837
130534,0.011967157
35780,0.9509207
36483,0.72069293
33012,0.91688573
136591,0.17055012
135703,0.061770808
35394,0.45575023
136793,0.07034367
130457,0.12788698
30531,0.27390772
137225,0.034320448
134707,0.22175358
34018,0.386306
33167,0.927978
136095,0.007858878
137160,0.0030464255
137296,0.76517016
130025,0.025710758
134341,0.0022488462
136596,0.73122734
136057,0.1945242
34818,0.89886963
134909,0.06982423
134961,0.0037355996
130374,0.64202464
32040,0.9207395
131890,0.46243092
36103,0.912993
30315,0.7033231
36498,0.87912804
131873,0.08022996
31099,0.465916
131615,0.109685816
135377,0.37936383
133153,0.0032292276
136684,0.008928266
36053,0.9299119
30009,0.91683215
36497,0.6520716
35211,0.93843013
35882,0.1045913
34204,0.9578294
31418,0.9388264
31118,0.952553
36676,0.909734
132635,0.032711156
33298,0.9457701
131057,0.068306215
130183,0.0022268964
137233,0.030852012
31671,0.92797434
131237,0.28166845
132396,0.0040316544
136849,0.11312759
31845,0.48712113
133694,0.46863094
30023,0.8825555
33218,0.93237317
31789,0.9550549
34526,0.96708995
33925,0.94426954
31906,0.42383525
31610,0.8103955
131548,0.36316463
134880,0.05569986
31722,0.20155014
133946,0.010008991
32242,0.6814877
36308,0.586342
133096,0.05022289
33787,0.85673887
135309,0.04807167
37084,0.8908855
32450,0.43651316
36762,0.88044333
31424,0.9466003
130178,0.7210515
135455,0.27604696
35277,0.75538814
130583,0.008042978
37226,0.82511616
132958,0.73536503
134229,0.23414192
35489,0.17571414
32879,0.81610155
133908,0.10444385
36332,0.83951604
131018,0.64125234
30445,0.94841087
134570,0.023684625
36855,0.38239172
130272,0.8815112
32193,0.94870585
133860,0.22699209
135116,0.038410578
36041,0.88089037
137183,0.29559615
135613,0.39677218
33991,0.9509727
35476,0.83729094
133677,0.637426
131458,0.0021355038
130347,0.03438177
33986,0.955901
35886,0.7129408
130468,0.037518088
36842,0.9167555
33962,0.89563453
36272,0.6328836
136353,0.0024239917
32131,0.9085013
35729,0.7951967
133845,0.045072645
34884,0.9462798
134013,0.01531089
37009,0.8607397
130538,0.15339889
131156,0.0010896625
130864,0.05943086
36428,0.886827
130818,0.007240163
30489,0.96842545
32611,0.9573764
136792,0.027806384
134261,0.006373531
137477,0.081096165
132439,0.014773112
130793,0.86013865
32653,0.15790153
130964,0.009799142
34563,0.59652615
35005,0.9642721
31222,0.890933
36416,0.21578078
34787,0.92952096
31442,0.5968949
131016,0.262758
135200,0.20436001
31226,0.9309042
33815,0.94343215
34251,0.94862247
135797,0.10624504
132827,0.7686721
137025,0.0016782609
30021,0.8761521
31458,0.94448364
134532,0.0026956417
137073,0.8561582
136289,0.84224343
137384,0.005355955
30407,0.92804974
36720,0.96715
32908,0.83079886
35594,0.9172272
136552,0.004791607
33461,0.9389736
136492,0.06017987
130505,0.22966236
131351,0.002913375
32116,0.846545
30888,0.9666222
30755,0.9383242
30316,0.15299144
33429,0.8158402
131007,0.038493857
31985,0.8613463
136376,0.049966354
30978,0.67298406
136030,0.92776877
34841,0.8458603
36954,0.9086017
36787,0.72948235
31575,0.7739426
136607,0.0040104934
131183,0.052090365
136395,0.46940637
34907,0.16163202
30217,0.12387076
35420,0.95634425
132447,0.40108052
32343,0.724424
30266,0.9230722
31395,0.5859228
33335,0.91610944
133956,0.10777772
32055,0.9432763
135964,0.04363099
35242,0.9451006
131293,0.29172027
134344,0.01380791
31029,0.8520798
33021,0.9116528
30155,0.92955333
130516,0.00639518
130604,0.0035463737
130764,0.022067549
32674,0.935939
32335,0.8279451
30599,0.13715523
130982,0.021207398
135477,0.012211249
33266,0.879863
31995,0.66217184
132930,0.012883794
137282,0.0040857117
134021,0.10875342
36458,0.27024516
36388,0.4303344
132002,0.67936647
135996,0.20621394
136998,0.16538869
135716,0.29044673
136625,0.0075758714
130154,0.043652814
34440,0.8887354
36408,0.96272624
130360,0.034904573
35092,0.48839557
132301,0.28159788
132969,0.0017476559
131568,0.0024463604
35027,0.65547836
133080,0.026678849
137022,0.8350233
135042,0.014242503
33954,0.93309695
34519,0.8205351
30612,0.6236391
31966,0.78933215
133189,0.03098827
131607,0.6090507
33465,0.80183125
32662,0.9426073
32052,0.87477505
130518,0.8396301
130751,0.008814183
37356,0.9700974
135938,0.012962514
36123,0.19111867
135331,0.82789826
134078,0.018896768
30034,0.9366665
35480,0.8465673
132870,0.05230169
130814,0.43174323
131844,0.54419315
36418,0.96055067
136446,0.13069828
34941,0.8328761
130931,0.7976945
132370,0.06054881
132984,0.30727032
32531,0.8617174
130896,0.19975777
32301,0.8201727
34983,0.96640736
34466,0.46075967
30065,0.91727394
134744,0.06851848
35227,0.9706449
36098,0.86767757
130810,0.006886728
130696,0.06837275
36361,0.6825847
31080,0.27097318
33460,0.08670675
35588,0.8483041
136405,0.008922884
137006,0.050331898
34456,0.93680465
36414,0.8994655
33346,0.39387512
135328,0.0041719
134695,0.0034756386
131329,0.17921132
130088,0.0047873794
133640,0.007487654
36580,0.97061545
32143,0.20722862
30165,0.92103016
131045,0.49118116
134347,0.23505405
137340,0.36182162
32946,0.9213162
36632,0.93672776
33845,0.8001139
130357,0.022859013
133841,0.010419577
30349,0.52290136
36179,0.6042243
131647,0.08669489
133171,0.0020993804
34639,0.9617701
135945,0.27551135
135501,0.017567178
36126,0.09288534
37189,0.8371435
130642,0.005710318
132402,0.015751075
131520,0.7831995
36282,0.9611706
135034,0.5947763
130254,0.0063496563
31873,0.5566767
130036,0.0669785
133940,0.007616142
134818,0.017562266
132421,0.883184
131906,0.12907606
37368,0.634226
135305,0.03943523
30156,0.9447336
30917,0.9478019
32752,0.5803193
133848,0.044087775
33549,0.90894127
35081,0.95527434
34661,0.9121805
34085,0.9459228
136275,0.0049356124
135105,0.014004903
136476,0.24130246
36664,0.9509428
35351,0.9242557
136689,0.68830717
33541,0.47970515
32083,0.35802162
32492,0.89870185
31021,0.86795986
30348,0.9384623
31299,0.94745904
30682,0.80018896
30997,0.93341404
132404,0.013545962
131638,0.10997437
35715,0.85711783
31540,0.9214993
30113,0.7561319
133626,0.48921347
33560,0.33524334
31101,0.8874184
30541,0.20646746
32585,0.88420045
32392,0.9221558
135094,0.032721993
136322,0.02631708
30498,0.95410407
134647,0.096432075
137283,0.71833056
137153,0.014143236
34765,0.79596287
134199,0.03735318
33313,0.95469165
137299,0.4480326
32680,0.90773916
33105,0.88881063
31358,0.8870145
35573,0.8786241
135201,0.057322785
33669,0.89576536
131096,0.085148804
136200,0.19729961
35499,0.9283759
130064,0.015393501
36396,0.96014565
31631,0.8583167
32037,0.69706947
33092,0.92490935
36786,0.57969815
130266,0.12020179
34224,0.90257096
136166,0.79335594
130148,0.04221725
31941,0.96036
32776,0.8485299
30145,0.899198
133012,0.0036574095
37465,0.83314073
133873,0.701773
33944,0.90796775
130773,0.04141991
133066,0.00459452
136467,0.033494078
131926,0.19236894
35439,0.40330273
33935,0.90675086
36000,0.18226711
33837,0.8447263
131570,0.026350765
137140,0.029959992
33976,0.88169503
130150,0.004445435
32078,0.93999517
36261,0.91524297
132316,0.4565569
33438,0.9142271
37153,0.93995
132080,0.02217201
131299,0.0076986775
33229,0.4709157
135962,0.027726503
34295,0.840413
136904,0.7706606
136018,0.018886149
32044,0.9652415
130170,0.0038899826
36402,0.93418527
132226,0.07154016
35765,0.9602131
134572,0.019902175
133701,0.22727026
33226,0.9474798
136472,0.020783968
136329,0.037604064
30442,0.040243402
134219,0.011292023
31334,0.56969166
136308,0.0038237062
130719,0.8652116
132967,0.020375961
30060,0.9635553
131735,0.054937936
36553,0.9011394
137400,0.03252312
136717,0.04756618
134381,0.08521809
31945,0.35477942
31307,0.8947401
136378,0.116666384
137455,0.6243872
132363,0.42429176
132023,0.18863314
37499,0.9699458
30812,0.95654315
30826,0.2909822
33221,0.5955253
135287,0.22476044
136088,0.06257892
32823,0.8040282
130837,0.17555445
130728,0.4337061
132778,0.6598173
133883,0.18565622
31535,0.62238777
31133,0.8403822
136939,0.021462888
35311,0.7562481
33998,0.9570788
135282,0.053279422
135332,0.92707986
34533,0.9025961
136757,0.48972562
33716,0.8259728
134320,0.026111396
130557,0.034591034
136512,0.34212872
132395,0.17183484
33337,0.9176584
35769,0.94553363
131197,0.058608007
136464,0.029100945
37404,0.6231436
33524,0.9032593
30337,0.74071586
35864,0.57070786
133565,0.5783841
137266,0.58179706
131223,0.0028085248
36877,0.7919256
135713,0.014417533
33507,0.9198589
135267,0.051733572
31970,0.5800499
136040,0.45040917
33473,0.9546386
137275,0.37011385
34973,0.8243936
133149,0.01855783
131948,0.12670164
131103,0.504091
35852,0.418641
133159,0.8051314
134987,0.017631749
135993,0.0066207247
131268,0.011137752
31821,0.78864825
36997,0.89787996
30547,0.9536484
133962,0.5439929
130368,0.9382412
130508,0.84265554
35497,0.95371246
31543,0.8838057
134931,0.49325314
133201,0.07454085
32543,0.88648707
36861,0.80653304
34834,0.850125
34491,0.9687941
33505,0.71965283
33598,0.8342209
131586,0.0059771584
33140,0.25978538
132922,0.025776947
35297,0.94976836
32182,0.45830572
37146,0.8850494
36409,0.07403665
36799,0.89556074
36100,0.8884844
132595,0.12825686
135432,0.37645635
133134,0.5872289
35548,0.8401121
31351,0.8736283
36951,0.95135564
130350,0.030557785
134069,0.051194526
132819,0.4965849
130623,0.16116396
33580,0.8862091
35779,0.84771997
131236,0.008836907
35222,0.9543497
130448,0.005076642
30835,0.45072737
135492,0.15691873
132304,0.007788241
30170,0.5409499
35869,0.6688216
33417,0.94309664
33894,0.93711215
133895,0.008608037
32553,0.35284263
132188,0.9134131
136344,0.0018289507
30329,0.81945574
34345,0.91874593
135064,0.20732315
31964,0.59449095
35682,0.8689392
130654,0.4497182
133353,0.070220396
132140,0.023647489
133043,0.3105362
31338,0.8877602
131058,0.17444067
34857,0.86792207
32790,0.9391205
37246,0.93273765
31804,0.036216177
133009,0.11403706
134969,0.51917803
135228,0.13760173
37400,0.8257415
31120,0.16817035
130730,0.0047579855
35099,0.9202494
131785,0.02233792
130780,0.0020565738
30745,0.93165785
131415,0.14981285
31151,0.6672425
133143,0.5020096
135554,0.06959019
130678,0.3566749
133552,0.03096237
134925,0.008456747
132030,0.0024167625
36152,0.920435
32318,0.9341486
32929,0.7316992
31069,0.4234927
32328,0.93886507
132523,0.034025438
136231,0.041956134
34093,0.07296084
34160,0.918914
30040,0.94248676
134517,0.009799221
134142,0.601142
34753,0.91292644
33125,0.84784293
131051,0.12898754
35849,0.4917131
136054,0.5644122
130661,0.057534106
135041,0.007570242
30857,0.87505263
34053,0.9399388
35402,0.95449585
31061,0.3260021
34180,0.7122927
131477,0.07800668
135165,0.0029678051
134089,0.0014222147
136543,0.0011564828
136533,0.0081029
34592,0.9754818
35566,0.9170611
36107,0.9430604
30733,0.9480231
131445,0.0105922
131896,0.3004968
35767,0.26403642
32138,0.32216153
34246,0.95569116
133533,0.31505582
132113,0.47588944
136321,0.0674185
132435,0.029843556
30916,0.8571381
30941,0.9474791
34138,0.88772744
135666,0.04197034
36557,0.5726448
137496,0.044254784
132183,0.0156228095
34573,0.85592896
135142,0.08275506
131903,0.03748765
131227,0.148266
135589,0.17548381
35380,0.914659
136500,0.88083
134303,0.2217782
132779,0.02658742
30800,0.8668032
33790,0.9299125
32558,0.90926147
134108,0.69777477
136787,0.86476856
34211,0.9578009
134015,0.01966292
34448,0.7681554
37403,0.96038485
136033,0.2368053
32159,0.9665019
130222,0.11729686
131104,0.15347801
130104,0.012054932
32970,0.8008756
36730,0.9586516
131795,0.011408955
37202,0.94161725
133774,0.75005394
30610,0.87700444
32224,0.9188972
137164,0.022363352
134524,0.012531283
34412,0.92563635
131739,0.81786186
134664,0.06546448
32535,0.90547675
34985,0.86219877
131133,0.53481305
132937,0.2129468
134047,0.7687003
35761,0.83670884
136951,0.02795714
135304,0.17025958
131119,0.8392432
32091,0.89126986
36640,0.9105694
132364,0.44795558
33423,0.82361346
33742,0.91401845
135210,0.035673417
36445,0.94517064
131673,0.23289724
35948,0.95764476
131090,0.5878402
135737,0.018212112
34131,0.7899407
130262,0.0024321042
31038,0.91947794
36471,0.82154906
136910,0.020435039
130606,0.039388668
33614,0.5120205
133610,0.67904764
136272,0.6883152
34290,0.79702884
132110,0.4788402
134205,0.00425242
36828,0.83340615
130100,0.0027147336
133076,0.028438497
135317,0.0046662875
136427,0.12954046
132995,0.14051293
134633,0.022732293
36860,0.95418483
36195,0.8922329
32931,0.9384677
37088,0.92901915
36883,0.9681977
33811,0.8300995
30725,0.9321504
130530,0.0024968835
31738,0.31661075
136786,0.82599217
34665,0.88177836
36772,0.9703921
131497,0.33492988
131297,0.6407228
31655,0.8792769
130665,0.0075391596
33527,0.9616571
132865,0.16480519
132135,0.07992346
132822,0.0063180937
136022,0.590442
37496,0.5994731
130519,0.027562095
136237,0.005640884
135056,0.010672279
37318,0.83561885
132977,0.010425611
133101,0.071561575
35196,0.11883179
130848,0.20223552
31937,0.883085
135300,0.19146094
133354,0.24927174
30723,0.96606535
134523,0.7628897
33653,0.91238874
136429,0.02048695
34784,0.82067835
131087,0.0043836473
133093,0.5886999
130502,0.19514251
33443,0.78002626
36249,0.88218474
35400,0.9608527
134699,0.13436972
30579,0.93330646
137179,0.007829297
135290,0.36834112
35535,0.119195715
34270,0.8824241
37278,0.8258885
34579,0.893873
130806,0.19962797
31280,0.919908
135474,0.31936628
35791,0.9512068
30290,0.36813828
136351,0.070103385
134672,0.02166183
135125,0.1307892
37360,0.8278624
136360,0.43513602
30697,0.9685679
136822,0.0058766073
35171,0.9638045
132606,0.023504172
30637,0.9629544
133456,0.15923056
136790,0.8704978
35556,0.64946395
135293,0.3354129
136202,0.071452394
35961,0.90384704
30215,0.64820504
132153,0.5503482
134367,0.62051284
33130,0.8773724
37227,0.76710796
132622,0.022443414
133627,0.005685853
136832,0.020177219
131842,0.14176875
131858,0.6092039
132943,0.034905054
132761,0.018851403
130655,0.06705939
135334,0.06772641
35530,0.829838
131889,0.00653924
30246,0.4177476
137087,0.83330613
34474,0.88396597
131956,0.026330715
30750,0.40525913
32290,0.62058145
33009,0.9581929
31213,0.93554854
34388,0.8151597
134597,0.012567594
133528,0.109163724
136535,0.03238966
130067,0.7943398
137218,0.10257559
132694,0.9065864
35469,0.89321667
130637,0.014053561
136438,0.72066677
32989,0.93738073
132063,0.7032315
30730,0.23838829
136531,0.0026037164
134062,0.0030868968
135746,0.019340508
30139,0.4907731
31028,0.97442734
136883,0.015346726
133717,0.39162904
132624,0.020099523
135691,0.066152364
31460,0.6033551
131002,0.07598226
133218,0.9388567
136081,0.3121997
134284,0.1385429
130396,0.42300802
37347,0.46088377
32385,0.94528824
37249,0.68127835
135271,0.025092592
31268,0.7250277
135719,0.1419179
137495,0.07853674
136944,0.040422782
131949,0.8034017
135102,0.19394702
30594,0.65484965
134582,0.16211064
35665,0.9409257
130168,0.30536258
133049,0.010709499
30566,0.94614065
32850,0.6193813
30434,0.9597859
133580,0.5503114
31546,0.65406996
131496,0.08240886
30786,0.79005575
30950,0.49854958
134260,0.01883538
134081,0.010324127
130627,0.007363779
130223,0.530369
32282,0.5013817
35590,0.5565626
30501,0.92644125
31431,0.89473933
134955,0.07447304
135027,0.08343678
131440,0.029497525
31794,0.85782826
130815,0.013294402
137198,0.19563693
30002,0.9415907
33988,0.9607493
131361,0.007970259
136641,0.0638022
31869,0.8539999
32136,0.9299609
30281,0.91726893
134099,0.09502374
34316,0.90208757
137146,0.5775875
33296,0.39329168
32968,0.9438533
134297,0.0038179727
132234,0.016757254
34296,0.8592038
35868,0.91759336
134853,0.42305952
32567,0.82494783
130559,0.10365642
31596,0.94274616
130593,0.02205397
36196,0.9237787
36755,0.9407057
31920,0.7450101
32173,0.90521896
31625,0.81497765
133886,0.029780202
36484,0.83320725
35077,0.9379406
31341,0.89810616
131192,0.016443541
33187,0.4109585
130282,0.018166637
136914,0.092551105
134162,0.0039534634
130261,0.12248802
135109,0.7635224
132389,0.047486667
135233,0.66392124
32453,0.79714954
132131,0.0033188502
30244,0.23466416
132804,0.021538131
134777,0.02407073
35699,0.6316799
137326,0.71299434
34543,0.93095195
134206,0.10635832
34633,0.445784
37110,0.9711391
135401,0.03949063
31895,0.3967265
136067,0.036520224
36479,0.87214583
34556,0.7771932
35143,0.7081492
32382,0.6238699
132682,0.010402732
30696,0.95085573
135069,0.026958847
133017,0.00899166
134905,0.0607654
32590,0.9158662
33581,0.91962695
135531,0.20567925
34636,0.93139786
33275,0.9612051
130176,0.022651901
137029,0.39859137
35683,0.7932746
32754,0.9458659
130638,0.0069644777
31493,0.6738603
136100,0.009578054
35838,0.94890225
31172,0.48629916
131719,0.01663833
31317,0.8410693
33583,0.8984565
134862,0.011555638
36404,0.45930377
37386,0.6766054
134871,0.8374042
134725,0.026930965
31103,0.9195501
134487,0.06868045
134035,0.09637173
32703,0.7981656
130624,0.6145473
35986,0.90617865
132961,0.007194585
133487,0.5999615
134441,0.010967985
131209,0.040981866
137442,0.00434199
35808,0.60046685
32969,0.24871406
133775,0.028709996
135717,0.03576544
131409,0.59612864
36234,0.93307424
134102,0.08228082
32176,0.7613358
133014,0.12701656
37021,0.88053787
130210,0.45899364
34718,0.91364574
137382,0.0032086966
31807,0.1628717
137234,0.5941827
36250,0.9534884
37096,0.9642286
31893,0.8696977
35802,0.9224948
136319,0.22554033
136001,0.19702417
136670,0.0093630785
32042,0.9357555
130342,0.85633415
31534,0.2764817
35338,0.97536904
30190,0.59605217
130657,0.16721946
132712,0.20792453
31349,0.63162917
35212,0.5720661
130852,0.5019385
31027,0.9192568
131502,0.010015145
33257,0.7891537
134858,0.015911266
131626,0.045100074
133715,0.15513735
136274,0.0048069553
35963,0.7104163
35626,0.8366599
132186,0.39364597
131536,0.0036495898
130917,0.86702526
136908,0.25494528
135342,0.43120816
35740,0.9511204
37349,0.9621132
34503,0.9584785
131174,0.048432015
137342,0.21946819
30074,0.88262403
35960,0.8249571
134307,0.24998242
130742,0.18292221
131702,0.020294314
134693,0.04053498
31683,0.74795264
132723,0.4662891
131971,0.040277865
35627,0.40983793
33625,0.926925
31095,0.87426174
35583,0.97468764
33272,0.71598697
130877,0.19421662
36259,0.9092496
131180,0.52990127
135224,0.26587418
34686,0.8581312
130152,0.18648678
32241,0.9431903
134678,0.0020155043
30816,0.94703436
133388,0.6534483
135336,0.20790705
36387,0.5070804
31912,0.85726374
135855,0.2132412
134822,0.58700025
137389,0.0094052255
130165,0.10542322
137026,0.050373908
33312,0.7642057
130130,0.51910263
34067,0.8843198
35586,0.82119924
34405,0.94418895
137248,0.04094158
32812,0.9111377
137187,0.16396926
136808,0.013377132
130616,0.0041310596
131799,0.004576768
35006,0.9379999
32780,0.76336426
134611,0.011530487
35506,0.8916757
135914,0.007326491
34309,0.95613617
133991,0.7195783
37263,0.8810082
35565,0.49872437
36602,0.6991605
36816,0.8050387
33888,0.9472783
134698,0.12042967
34708,0.5323146
36980,0.93172383
135299,0.07627724
33416,0.56217617
31407,0.940461
137208,0.041429434
136526,0.010528907
133482,0.016938154
31727,0.94032604
32852,0.8187585
36354,0.95914936
31371,0.8248464
131158,0.037799887
133907,0.31460696
134338,0.05123831
35796,0.34423122
37019,0.9638226
31433,0.7718116
130313,0.014774208
37136,0.8074047
33981,0.67592806
131571,0.018173367
35365,0.9527302
34314,0.9350241
33941,0.3510257
132232,0.01840991
133924,0.06265877
135239,0.015034655
136227,0.42793238
34619,0.20735127
134449,0.44005093
32686,0.25339296
34937,0.9025787
134919,0.15427178
37402,0.6318132
33210,0.75322783
34013,0.22755854
132840,0.9293153
131367,0.34500617
37365,0.9105271
36760,0.055983953
30767,0.8561747
132430,0.031525124
34838,0.87091476
136513,0.008761612
30268,0.8060547
36649,0.9519406
136162,0.04877538
132775,0.019369991
135854,0.05816746
31135,0.7482442
133981,0.10671916
135833,0.061569925
137089,0.059782434
135470,0.73091996
132747,0.37931338
130572,0.4360681
130672,0.017536648
32429,0.9235538
34788,0.92638165
133570,0.038290363
135468,0.013543063
31918,0.03072357
133828,0.0067400592
132666,0.40789855
37270,0.96331394
133254,0.1470504
30904,0.9379284
33674,0.9458283
33401,0.9549867
132486,0.70361704
32500,0.92386204
32999,0.6634222
132898,0.19006468
130200,0.005358407
37024,0.8688727
136772,0.7846012
33466,0.8746371
135846,0.16900606
35617,0.24790677
36503,0.8528474
135900,0.71657634
35052,0.7614124
130427,0.006929405
130380,0.004008235
32036,0.9644091
36266,0.9419486
134823,0.023182802
132212,0.05649719
130280,0.40220925
31170,0.9526094
35016,0.9554731
135386,0.5991844
132710,0.0018549081
131757,0.007139976
131428,0.074327916
131710,0.08690438
135274,0.0070063127
33548,0.93131816
132670,0.1214186
34280,0.9339274
34677,0.9161043
33918,0.968527
34903,0.90791607
133332,0.6691706
135817,0.33536172
35100,0.8789982
133752,0.81274974
33233,0.8694678
134668,0.032914322
132107,0.002790137
135230,0.024688445
134168,0.0058382056
30716,0.6404654
132908,0.0017043531
35782,0.8922072
35388,0.86351526
35708,0.912992
133716,0.14206715
33553,0.9390258
37190,0.18523085
132872,0.006212481
134815,0.731677
31083,0.9542416
135943,0.06421232
135106,0.015427043
132888,0.27104852
30111,0.72322655
132885,0.45657378
133679,0.3015447
33562,0.94849795
130109,0.66500294
131238,0.23264654
36927,0.88195145
33081,0.9052792
134751,0.004450792
134607,0.01691439
134983,0.075571485
33052,0.8529467
36841,0.90104616
136534,0.015496568
133833,0.01153152
36886,0.90594316
34450,0.94832224
35759,0.9311518
130009,0.115276195
136705,0.35509098
134467,0.17432897
136487,0.0015229363
133630,0.8573196
33378,0.9558605
132525,0.02170562
31537,0.46463853
132657,0.024439462
132649,0.23735368
36582,0.74215794
137313,0.0017653038
132515,0.8358742
36297,0.84556776
132856,0.019902822
36543,0.3003224
34650,0.8537573
34043,0.8721231
32966,0.87330353
131382,0.009518816
32978,0.9158721
30346,0.93469995
37405,0.7037764
31361,0.95238286
34554,0.8256075
133002,0.042261712
137015,0.69823
134244,0.00291924
34366,0.92417115
33500,0.6367672
131531,0.03771986
130353,0.02883355
130379,0.06395594
36825,0.963232
133546,0.025988523
35628,0.87576336
132755,0.50753903
30229,0.94422424
134124,0.09617402
131463,0.0031076875
35551,0.8781138
131718,0.015408253
135880,0.02211215
133042,0.12683538
132838,0.070017934
133494,0.24764298
131524,0.022950672
136424,0.92322016
132983,0.1348914
32031,0.8233113
134304,0.006064991
136080,0.015558357
31427,0.9170676
137251,0.001994242
36088,0.897354
132520,0.4827577
34848,0.9483671
132982,0.005969925
32750,0.8635409
36072,0.85802567
37494,0.91991615
37258,0.9144427
31750,0.8439533
136546,0.8445436
136573,0.26239088
31827,0.35052842
134091,0.06658288
32575,0.8170414
134379,0.026544103
131005,0.2788353
31145,0.84392315
130658,0.18259215
136585,0.06251766
37235,0.23489225
33371,0.93075496
134494,0.009548583
136400,0.002861972
137071,0.24061531
131313,0.042328514
31718,0.54482335
131634,0.6793411
134870,0.8705457
34922,0.93075335
32035,0.48822194
37433,0.9715043
135303,0.2895406
32765,0.9518913
135431,0.11855605
136601,0.0040458767
134109,0.4611565
36058,0.85763204
36594,0.9510283
134070,0.03837763
130008,0.007600343
31993,0.6833891
133958,0.10212161
131222,0.006158234
131026,0.04256599
33106,0.22117656
130384,0.2466061
135646,0.13464987
135358,0.005023275
35823,0.7607651
130703,0.5841692
136875,0.020704193
136726,0.01579057
131750,0.0077840276
132205,0.4144398
35232,0.9461961
136560,0.18327807
131947,0.0056787515
130551,0.0037644606
30313,0.8305797
34962,0.6166454
31329,0.91920865
34396,0.9312404
131646,0.27824333
37025,0.90845925
131977,0.0742008
32354,0.8069611
33157,0.79677445
32093,0.9742275
131994,0.016182195
135708,0.12110926
30101,0.9195501
30008,0.90131545
33344,0.7794412
35332,0.9370131
132485,0.00787062
131981,0.019249696
35407,0.8353193
133771,0.028863246
135263,0.8725103
132613,0.15139368
32903,0.9403703
36115,0.45934942
136538,0.12321953
30389,0.88234246
32247,0.78098136
32226,0.62849844
35350,0.909713
34823,0.8212136
130836,0.0036807936
135611,0.017653441
34894,0.51440704
31136,0.83634263
131731,0.006663819
33484,0.9108825
133737,0.30848032
37064,0.740153
37134,0.74147326
32231,0.7547615
133208,0.08359624
130788,0.14651936
35188,0.9208622
133387,0.7178325
134404,0.9300547
36349,0.9511561
132987,0.32265413
34637,0.96149904
132841,0.0033003902
37055,0.12478541
133475,0.017749064
131761,0.21417513
136420,0.24794969
34059,0.9567285
136776,0.0058631534
133815,0.20402141
132581,0.093255475
130159,0.041472334
135741,0.016727047
34462,0.9483041
30298,0.8664464
136888,0.009767775
131793,0.42533287
131556,0.070648775
36743,0.79215956
131990,0.0014840608
133753,0.00411284
37335,0.7759449
133734,0.88083
31154,0.92831194
31457,0.95367825
130354,0.047615178
135781,0.006673263
35569,0.9589659
133336,0.13155416
37471,0.9287591
135979,0.03723482
34055,0.6781134
32621,0.8503698
136393,0.071081616
35990,0.8930806
32413,0.030769022
36412,0.95184684
137462,0.0048162094
34217,0.9538325
34537,0.21909894
132150,0.022653813
37256,0.95071715
30801,0.7305163
31890,0.20326994
37288,0.97185844
36124,0.7517241
133136,0.5847967
33094,0.39806527
133953,0.031729866
34302,0.74163646
135768,0.045810673
34413,0.6374719
30398,0.90336263
33975,0.7557375
31894,0.8444253
133397,0.3215122
35579,0.5777813
134522,0.0070298957
37430,0.8352747
134728,0.8661356
37326,0.83876306
132123,0.21396533
136671,0.02305245
32496,0.9327099
132521,0.45188218
37063,0.96334445
36413,0.7639377
133733,0.30973047
133781,0.08949378
32654,0.905604
133986,0.0017970164
131950,0.024856271
136624,0.5745422
131635,0.08063244
134949,0.020979535
36342,0.5051512
136187,0.07961222
134689,0.0076839677
35571,0.9608279
130517,0.9037379
136627,0.38626835
134464,0.896672
31131,0.82791847
36137,0.9676519
133039,0.0057315207
133935,0.0713659
131252,0.6032558
33838,0.89512694
133787,0.8290103
30488,0.9227391
135157,0.019182635
134875,0.8549004
32371,0.9318522
36923,0.6837894
131617,0.07232139
33303,0.84465903
130909,0.07737581
37487,0.7638311
32816,0.85487306
134411,0.0045367884
35821,0.6713381
34720,0.9718597
37072,0.8974459
34604,0.96096635
135754,0.013064635
35048,0.79788417
37307,0.94978654
130722,0.111521974
32393,0.91622823
134424,0.6706239
131470,0.0144597525
32631,0.565836
132869,0.5763104
33605,0.071690165
135851,0.029744305
133425,0.407659
132938,0.056560677
135758,0.6493176
35677,0.83526415
30227,0.29374167
31097,0.8668515
35637,0.94762987
136873,0.012736545
134922,0.035973463
31168,0.7938971
36600,0.95028657
30458,0.36557555
36589,0.38094354
132929,0.10931838
35363,0.9466713
132145,0.6634871
32349,0.96549314
32358,0.94392186
35034,0.9084233
34033,0.7113776
30390,0.5183311
137166,0.23677744
131828,0.038266208
37291,0.96199423
136559,0.007838103
133151,0.09186974
134826,0.039970074
135127,0.039750632
131740,0.011880239
31489,0.95311564
36970,0.8543096
31260,0.60242265
33323,0.28918457
31996,0.88863134
33374,0.6927421
32704,0.96565676
136025,0.0044182083
33963,0.9343946
134694,0.0061308183
131513,0.002535642
31304,0.5725983
133298,0.6856231
132814,0.014766063
133808,0.25474462
132130,0.035256285
134765,0.013393014
34740,0.97328925
136561,0.050338928
130853,0.8996278
130997,0.11720047
36405,0.7834948
36501,0.88079447
34435,0.92920953
32630,0.6995205
134086,0.019094126
135829,0.6456192
36721,0.5285846
132000,0.0025475575
36789,0.78217095
135351,0.03291559
32434,0.91036236
131243,0.5955061
32519,0.9662822
134082,0.017138667
36840,0.89486873
130766,0.10913144
36054,0.9626006
137325,0.004599866
31791,0.8798916
135571,0.37557375
134155,0.51715595
130675,0.4775678
136292,0.88162816
131552,0.009606176
132441,0.8336495
134979,0.010340105
133315,0.0017013995
134473,0.51227134
30923,0.9626714
135867,0.25846687
136970,0.20418975
34494,0.16268377
32132,0.8796982
131742,0.7260885
136927,0.38966772
30010,0.61971736
132290,0.034176596
134817,0.14031535
36467,0.9451187
133160,0.480235
34488,0.86109674
135997,0.019363562
33001,0.9383282
37383,0.94971955
34393,0.94758713
134356,0.78786737
130394,0.24441303
37066,0.8934965
31045,0.94335026
130717,0.56776065
137064,0.6986451
35620,0.690625
134375,0.0069238516
131061,0.26991308
130875,0.003716468
130365,0.011746013
130101,0.397176
30734,0.71577364
132196,0.0024576774
133222,0.514312
33178,0.9644509
30601,0.9314759
33666,0.9376302
36286,0.97175306
134134,0.09193732
134163,0.03235685
33967,0.9457398
135527,0.008436639
33010,0.22224572
132146,0.043379847
34910,0.8588093
131703,0.13473056
134917,0.026384618
35330,0.8077832
31276,0.9481266
34134,0.9053539
131734,0.016110446
136708,0.60206723
131010,0.5685781
133088,0.045295406
30659,0.9225821
33307,0.70043445
136715,0.5467865
35106,0.80415845
36705,0.9680703
32748,0.7322293
30353,0.702658
35965,0.7815403
33739,0.57780534
34766,0.9364763
132250,0.7264876
34738,0.87445825
30014,0.2976316
36615,0.52780926
35179,0.23357594
133308,0.046671137
132376,0.8949336
33520,0.32530317
34051,0.34691495
135684,0.1771936
134479,0.0037238894
35906,0.92159235
31802,0.7583369
32669,0.7442091
134703,0.006089297
30657,0.870385
30692,0.9605257
37224,0.9624843
130514,0.9403765
136332,0.0021258814
35352,0.9440236
135911,0.11144313
134584,0.015866708
34557,0.95688903
136203,0.0107955765
36624,0.93474174
131566,0.0053972667
137055,0.10000189
30686,0.95759434
31626,0.94592965
32904,0.8500087
134012,0.18264152
131893,0.0029926596
136023,0.08127248
35871,0.71417373
30361,0.9492231
132538,0.79254216
133776,0.0054909177
133645,0.12214773
35251,0.840796
36257,0.8380163
135145,0.5741154
133652,0.5428489
35148,0.49741668
130341,0.0292188
31340,0.9330633
133680,0.016254945
33250,0.47464564
134122,0.91564137
34438,0.6146271
34647,0.90101886
131414,0.007455292
133226,0.018976195
30238,0.41230616
133900,0.79881257
131919,0.018324425
135673,0.35391888
31419,0.24945459
134839,0.027161444
132669,0.010152143
130893,0.30765793
35157,0.95651317
34324,0.90033525
30185,0.9419928
133557,0.071639754
137079,0.049248997
136412,0.07881059
37460,0.77380043
135706,0.02816287
133934,0.6056543
36678,0.97141427
32377,0.74484015
37220,0.9451186
132198,0.17825869
137356,0.48803005
131539,0.5087387
32840,0.65977055
36365,0.90574384
37493,0.26670933
133312,0.16350086
36094,0.81662524
32038,0.9693648
34359,0.94565207
131341,0.6549304
133333,0.0049381824
135576,0.0044699945
131215,0.008886949
31742,0.9618396
32564,0.895157
137379,0.7748586
34994,0.8577573
33045,0.95718646
134283,0.5478786
132620,0.4860877
134193,0.30511683
33388,0.18363662
32911,0.92542773
37490,0.7831249
30471,0.9553007
34649,0.6730462
33646,0.7937926
33933,0.8465758
131012,0.2647973
132903,0.006074467
133320,0.094060734
134377,0.6810684
132794,0.20894112
34369,0.95149106
133517,0.032162033
134546,0.67306954
131067,0.101298034
32508,0.9324349
130437,0.7571611
134311,0.25249618
35488,0.95265174
31673,0.9073981
31605,0.8940897
133401,0.045080252
37483,0.74449396
130318,0.6508718
132172,0.94052136
33960,0.93198246
30847,0.93030626
132100,0.3871137
30963,0.9496856
130407,0.08694728
136740,0.09377379
137392,0.90466976
130478,0.7116611
131839,0.5752734
136163,0.043786634
34566,0.58170164
30083,0.8580758
31096,0.94869864
132611,0.046284016
36202,0.25378796
33363,0.93976486
137438,0.2678518
135070,0.30267027
31523,0.92254263
134491,0.17649376
137476,0.57258934
133128,0.43989074
132988,0.019310538
36347,0.19556193
34632,0.9631716
134908,0.13440374
135364,0.0067062704
33757,0.88898486
31831,0.9286011
133965,0.063293405
31346,0.1065635
135775,0.26848117
35153,0.91138774
35271,0.96641904
130725,0.005428949
130743,0.8734699
35959,0.92648363
131303,0.8803876
31139,0.930585
37130,0.8493109
135657,0.02957455
34895,0.96706575
33810,0.4834334
135129,0.06894559
137361,0.019745871
131581,0.536303
130308,0.003430561
132346,0.033131573
33584,0.8421598
132104,0.13522318
35408,0.90867835
30671,0.93262714
34530,0.73492604
33532,0.96373135
30365,0.4928011
30795,0.6589004
30203,0.74215806
30858,0.8968894
132050,0.015932282
35836,0.9526875
132449,0.082713276
134409,0.12428492
31957,0.47694224
134330,0.014282464
135557,0.05229517
35513,0.90894234
134211,0.03436315
31012,0.9578185
34904,0.9363995
35303,0.95884854
33940,0.62864405
131814,0.0054655694
133406,0.029915214
30600,0.5137451
36247,0.9607896
137332,0.530903
32648,0.8148214
133611,0.49741927
130867,0.35938182
131921,0.017070604
37095,0.9539205
31105,0.7745731
130141,0.024404954
35296,0.9675433
136977,0.3429744
32206,0.9521487
131020,0.47391412
132085,0.1701817
135348,0.025498943
135969,0.21830553
133022,0.61728525
131612,0.06464283
130224,0.40604576
35252,0.9272306
134107,0.020932144
134555,0.003994818
35750,0.9188826
35012,0.8491081
131242,0.0016379163
130699,0.2522
32677,0.96279293
33498,0.5438878
134258,0.002504192
31892,0.9576035
134117,0.025781564
130111,0.88209796
34489,0.9316689
30054,0.7223757
34250,0.80331445
35145,0.7188063
132359,0.014415298
132154,0.5108988
30539,0.6072726
34423,0.7765825
36224,0.66824144
132555,0.7956166
34688,0.9433413
131515,0.11531464
35269,0.9283192
131177,0.2096419
37287,0.38581958
132332,0.67996234
134006,0.010721418
30411,0.30339083
130521,0.47971526
32124,0.58586115
137152,0.3031827
31745,0.9447337
130372,0.0418542
135934,0.0049438016
36604,0.44173437
131681,0.06125408
36738,0.8419284
33721,0.9217886
135434,0.13234013
132282,0.004711701
133709,0.4053918
136868,0.45904317
133682,0.56652796
131304,0.36439785
136862,0.12085066
34830,0.18676224
36717,0.80993766
131397,0.0028665273
30615,0.8774114
32984,0.8900344
135924,0.4018498
34560,0.72747
33696,0.9196293
35325,0.9183582
135891,0.20261464
135218,0.093192734
35416,0.73624676
34292,0.9101191
130775,0.042013135
136571,0.87951016
132306,0.14674774
31689,0.25325903
31866,0.9087587
34241,0.55143094
132245,0.8244517
133636,0.029596182
36893,0.70080745
35160,0.7282491
134444,0.8699671
132446,0.016186636
136173,0.06478321
130147,0.31729162
35467,0.3027813
134515,0.042261813
34425,0.79625463
135507,0.11076619
33042,0.710773
36864,0.96153796
135989,0.05231956
31037,0.8445943
135975,0.0042104386
136352,0.7118283
30650,0.55956393
34737,0.94248825
36751,0.93135804
131152,0.04079834
30513,0.9331665
133536,0.023784937
137072,0.094398364
34901,0.762484
36300,0.8169103
131290,0.5457897
34880,0.8814584
133485,0.0031861602
136071,0.0030782395
35642,0.90751094
34372,0.95797294
32306,0.51793
33255,0.839522
30966,0.16301563
31923,0.89469105
32410,0.9596553
134753,0.020852681
130979,0.005945227
136916,0.0016134253
134536,0.55935687
30828,0.91382116
132518,0.92328566
134475,0.6908614
35833,0.6940686
131315,0.40761593
34654,0.8662675
135826,0.0036228523
33526,0.9201001
30456,0.81306684
31297,0.9494707
133944,0.004010314
133372,0.05602177
136142,0.0017361367
136207,0.027081562
132615,0.01627049
36077,0.08611438
36924,0.32846674
31884,0.9246319
31217,0.9397975
132641,0.14894958
32108,0.9734697
34694,0.8537714
31319,0.90630776
135623,0.014237095
134566,0.0027156298
132428,0.70878804
135622,0.2752401
134754,0.37800336
35987,0.7173734
37323,0.94979775
137151,0.055478733
132410,0.19708742
131808,0.013732164
134045,0.0015350605
32432,0.4845126
134334,0.0487969
30586,0.19029516
34465,0.41473413
135381,0.84974104
30484,0.13813202
35461,0.9017024
36186,0.88304555
34715,0.9354926
130439,0.0018049421
31903,0.19735637
36504,0.6539469
130960,0.18272108
30611,0.9400294
133856,0.007180114
131827,0.0026182325
134683,0.003492603
36532,0.9130259
136574,0.15869868
34227,0.8624214
33395,0.89701915
36289,0.60867447
136509,0.009190624
31273,0.7683236
36051,0.95745754
130967,0.028194042
135886,0.61549705
131541,0.05012848
34477,0.6368258
30944,0.9174955
35181,0.60728365
131640,0.3552809
34693,0.32620665
31664,0.74330175
133495,0.029708644
34958,0.91047484
133803,0.06684273
137395,0.13664232
35079,0.585992
132272,0.040002912
33055,0.95135456
33715,0.90801704
37053,0.7758309
135476,0.10209461
37008,0.86601436
135539,0.6486134
31991,0.6529357
137257,0.8745526
31016,0.11196564
31320,0.932019
37023,0.9415157
30303,0.8281405
135430,0.8242062
131127,0.2430563
133556,0.80663204
133364,0.2719032
132600,0.051609114
34124,0.9471123
134161,0.04466221
33749,0.9158705
131124,0.019210104
34655,0.76165015
133901,0.0072786342
130525,0.06276916
31348,0.94498074
130763,0.030369367
137426,0.017487595
133875,0.03182949
136470,0.599424
30838,0.7084563
32310,0.8849879
135705,0.049862187
132608,0.606232
34631,0.8550749
32749,0.9200645
35177,0.62150764
31075,0.9469944
133255,0.07240056
131869,0.02743171
135175,0.760851
31200,0.8240331
34599,0.87817836
30097,0.9409561
133067,0.14423375
132800,0.58652043
131446,0.15009977
136855,0.39029163
30424,0.9535631
33251,0.6948278
35451,0.920631
132713,0.039711356
34716,0.96628433
36593,0.7913203
36189,0.5146944
34889,0.92938626
135243,0.71645886
136106,0.07599888
35844,0.96972793
36792,0.89682543
37352,0.9183609
134855,0.48498887
132653,0.91073364
30204,0.89304155
132688,0.06498138
37341,0.960694
35374,0.9613265
137196,0.008896396
133003,0.024933627
30915,0.9496632
30000,0.8047689
135149,0.024995238
33194,0.34712
132231,0.0024095445
136422,0.1077947
132055,0.0018588763
136688,0.007326491
133798,0.0013572365
36163,0.69246364
36488,0.90078026
36900,0.9132603
35149,0.9431252
136386,0.053144436
130135,0.07423322
37389,0.95301956
32549,0.9451158
34944,0.8966152
32527,0.9247703
34669,0.9601661
132062,0.028997274
32426,0.8978443
132148,0.03945067
131802,0.06968826
136084,0.022034248
30072,0.8993205
32156,0.58586115
135864,0.41813093
32273,0.87925816
133464,0.0056823334
130890,0.52558005
32305,0.9039579
135720,0.1273729
130905,0.275277
31670,0.55705863
32054,0.7892583
32251,0.7311478
137021,0.0030676823
130322,0.365348
132252,0.20346725
134998,0.39869112
32676,0.7264505
30850,0.70874965
36253,0.8590781
131139,0.008181152
37380,0.9215663
131683,0.120237336
135683,0.74974614
132625,0.0044626817
133173,0.01575898
33355,0.93651193
32486,0.96553326
137499,0.07930976
35479,0.88584906
30570,0.6286295
131887,0.13643353
132490,0.017545078
30027,0.83205503
34886,0.15561928
136863,0.06383565
133200,0.02737437
35737,0.610125
37160,0.8277357
30533,0.9103399
131987,0.031503417
130581,0.61138135
37092,0.5433815
134803,0.37722814
32390,0.69997066
131503,0.03149652
134233,0.040895645
137068,0.38155383
31245,0.72521806
32477,0.97201115
135547,0.018882355
135668,0.1512129
133863,0.014775888
133393,0.15954508
35176,0.83359855
131451,0.0059211473
37034,0.10778544
132025,0.06304641
36656,0.16312177
33555,0.75068116
134202,0.5096847
35622,0.97142774
131143,0.7809533
134136,0.0029913394
134508,0.20314631
32689,0.8325491
131070,0.014285404
36655,0.9436581
131510,0.82423127
131898,0.012284484
133142,0.008399638
136893,0.89616865
130975,0.014731791
30943,0.83766437
34441,0.9196679
132912,0.08705867
132544,0.042550508
133847,0.71979815
134003,0.6896244
134446,0.107400216
135965,0.008549664
34433,0.86270946
37056,0.9000523
132293,0.09161926
35991,0.9270965
34555,0.8468108
37302,0.09186437
33035,0.94804376
134904,0.88097864
30813,0.9487919
130651,0.6633778
36243,0.05215674
134506,0.25250843
30397,0.93606746
132949,0.070959195
132412,0.0029394093
34700,0.079765074
35575,0.62602943
135320,0.013630499
37340,0.9534068
137070,0.038951136
32624,0.9359686
131214,0.04087514
137330,0.0052993707
33723,0.9687706
137127,0.41713792
32483,0.8148616
33154,0.88034713
131672,0.32080588
135292,0.9272668
35574,0.8969663
131357,0.45900503
35631,0.039783027
131561,0.12350328
37272,0.88332397
134457,0.061667405
32784,0.21939766
31854,0.8411823
30324,0.95480376
36211,0.6696031
32140,0.9397197
130271,0.011397312
30841,0.69658154
137027,0.015965728
135594,0.013864927
34072,0.95748526
31959,0.86495495
130051,0.124609634
134778,0.21212597
33603,0.60372674
134191,0.044379827
30698,0.93549174
134317,0.0087768305
131354,0.216244
131807,0.015276471
30100,0.95678383
30640,0.82246673
133658,0.0022669479
131912,0.32189354
35662,0.8656423
136753,0.006298739
135745,0.5866634
132445,0.64082444
133791,0.82987845
32105,0.94856864
135031,0.3623991
33729,0.9582355
134272,0.19917676
130522,0.1803478
36014,0.92265004
32345,0.27590075
135827,0.35368535
31054,0.95131594
37399,0.8857591
136926,0.39741662
33345,0.3816304
33278,0.9493204
134830,0.11036687
34918,0.92859584
33808,0.8944353
130512,0.45037648
132352,0.92179173
33554,0.9283651
132721,0.07150601
137263,0.16702493
134041,0.71756065
36447,0.9183784
130195,0.0042964085
133448,0.0129637895
135454,0.6011165
132854,0.023650385
31302,0.881235
135845,0.010845521
33558,0.5761648
133906,0.009603224
32214,0.55816936
33670,0.8622594
37268,0.9083622
34525,0.8733051
131017,0.108564325
33559,0.5628832
34952,0.9187236
32210,0.95463437
30015,0.9491217
32269,0.9628617
32216,0.86129105
136859,0.45898327
32858,0.6901662
131184,0.0797877
130990,0.34437045
35630,0.9085311
32095,0.85335964
136686,0.86046875
36908,0.71441233
135343,0.014331984
136279,0.081909336
36370,0.7301952
132192,0.008650501
133844,0.01972641
35042,0.3638881
134688,0.00607722
31205,0.108953685
31178,0.9301642
132846,0.2253032
130296,0.7775431
34874,0.7523431
35771,0.87272924
130413,0.02269873
133113,0.028565943
134953,0.8875535
34804,0.6184823
34858,0.76424176
135832,0.005055643
135842,0.003867809
135333,0.18857493
34968,0.83358943
34400,0.8606189
34614,0.95443004
36722,0.9079889
136511,0.040840235
133277,0.007016631
133748,0.23939097
133010,0.46051508
133325,0.012463244
34550,0.9063023
135946,0.6785347
30901,0.3137541
35720,0.8051674
36164,0.86224365
37284,0.09557403
31708,0.9669891
36653,0.97593176
134390,0.82460576
30367,0.6666687
131693,0.00407705
132126,0.86110514
133537,0.27570128
33870,0.9061574
31161,0.8691572
33422,0.7216907
34724,0.9433478
33752,0.96199137
135750,0.022571662
36800,0.9094581
36318,0.8867105
136730,0.0025199961
131074,0.584086
37214,0.7584565
30681,0.85457927
137126,0.029429784
130691,0.29643047
130228,0.008550077
133240,0.008081963
130465,0.51912934
131822,0.007695473
134289,0.045676973
30759,0.9215437
130218,0.9160315
30026,0.7878425
34583,0.8863647
31940,0.92066413
134601,0.44309822
35112,0.81897384
31434,0.58381456
32274,0.8995016
32863,0.9668939
30718,0.3262038
33164,0.5843148
136917,0.0028451763
36143,0.67496365
133518,0.023248972
132058,0.04518429
130574,0.2654127
136994,0.06385098
135651,0.014355289
30069,0.91176975
136769,0.17749155
32363,0.7944147
130260,0.0023164053
131935,0.0070916284
33192,0.25622153
37127,0.93279225
130688,0.017093096
134945,0.08748347
34574,0.7049472
32799,0.92186546
134263,0.0536226
34577,0.8164762
34330,0.97084886
137404,0.079411104
130479,0.06603919
134914,0.021180071
137180,0.8056065
32963,0.9194431
133148,0.87272507
33865,0.5263405
133937,0.82241076
133762,0.044650543
33685,0.9427057
36403,0.8521015
137194,0.90193915
130736,0.0041116453
130887,0.043205682
134339,0.6602563
135627,0.04035227
135500,0.036995064
135121,0.026923414
134477,0.15042686
34379,0.5277506
132292,0.5772933
133621,0.14722091
35370,0.36463934
135007,0.0022912126
135884,0.83442116
134033,0.16341853
134962,0.040706113
135959,0.18043712
31353,0.93727005
37369,0.94565696
130377,0.020108404
131234,0.28492373
31806,0.5668694
131211,0.10780718
134249,0.22379991
30529,0.9226794
133435,0.07364146
133124,0.3226909
135026,0.12597919
37367,0.9549769
33297,0.7764865
35240,0.93931013
34576,0.94854814
33338,0.9391464
136682,0.005664625
36016,0.8899574
36320,0.9317252
32826,0.7983704
136059,0.46877024
36031,0.70639396
33379,0.9011515
131280,0.0154588865
32289,0.7107392
34184,0.957253
134788,0.6787997
33367,0.8979662
33098,0.4961576
132228,0.010862396
132661,0.038902927
137454,0.013957967
132810,0.5159906
133413,0.5618579
132752,0.010155705
32073,0.8302695
33173,0.68433446
31160,0.8678933
35278,0.48383257
136953,0.03028335
31040,0.85874486
35538,0.93825483
31050,0.95458734
133903,0.41828886
132280,0.73574746
36634,0.96245414
137050,0.2652786
132737,0.49303073
36029,0.055592284
32114,0.8639284
34954,0.7215893
136186,0.023635205
32341,0.9716352
131335,0.0010798465
131434,0.0047619203
36935,0.83513325
130409,0.092206456
131602,0.017065797
33008,0.96209794
32431,0.9237167
132743,0.024554996
35533,0.55817866
36956,0.94550276
131147,0.0030666792
33138,0.9605063
32684,0.9433808
30393,0.31491295
37304,0.9678436
31624,0.36967117
33587,0.9144013
34189,0.9382547
32264,0.8484936
33911,0.91846436
30174,0.91748995
134425,0.40153295
134274,0.8229446
35661,0.85515934
32081,0.88705635
31775,0.760947
30110,0.59514785
31134,0.750263
32475,0.7841044
36679,0.29020795
32126,0.4408507
30247,0.36843437
32688,0.9765429
136507,0.025744056
31902,0.9149667
36013,0.9557306
133182,0.3298648
133419,0.005986558
132618,0.0059560155
133968,0.03918577
132484,0.33692247
130306,0.07245747
35928,0.72830933
137431,0.35690597
30504,0.9186188
136442,0.045864813
33726,0.9192852
133331,0.018038398
131773,0.29222742
36002,0.9458717
133955,0.35366008
36871,0.280076
130264,0.08330818
136156,0.011145333
34634,0.7501411
32186,0.34225777
133174,0.012703371
30627,0.9168486
30269,0.96651447
34107,0.7699453
133367,0.052059494
136474,0.41580293
30775,0.38574648
34581,0.9083717
30873,0.85941327
31706,0.68355536
136312,0.02575129
137193,0.018103411
132696,0.06843215
34748,0.9614078
35452,0.84206766
132268,0.011660927
32697,0.9118417
35055,0.54551566
130096,0.15240656
35182,0.7843326
131266,0.07947251
36904,0.89949584
30845,0.91299826
36519,0.86247903
137324,0.0041204216
30030,0.8957394
135903,0.011330653
33762,0.9325973
36725,0.88840824
35971,0.947754
34146,0.5423783
31400,0.8195749
35037,0.8720992
30969,0.094274335
33785,0.7645561
132031,0.18056329
132064,0.012591273
36887,0.8825147
31219,0.87161595
36882,0.9492519
131609,0.009206442
137300,0.12518483
33509,0.9606553
136579,0.008823281
131901,0.3651691
33858,0.38030005
133416,0.0044749626
130462,0.043001033
131588,0.16214782
137309,0.14740804
133878,0.6884167
137402,0.0058263117
135940,0.13975647
35924,0.95845795
36843,0.7532051
135562,0.010152785
130119,0.003143244
135008,0.0815973
35745,0.27724266
34402,0.8744045
30194,0.40903583
31951,0.9441729
130290,0.14363313
36242,0.57031846
134497,0.06879966
36061,0.95668006
30467,0.9522813
36194,0.8977942
135361,0.5515991
30710,0.8604067
137466,0.0043623555
36017,0.83924633
35656,0.37823758
37473,0.73787427
137293,0.642429
132554,0.031429283
132891,0.5777373
36928,0.51089674
136324,0.010521632
34856,0.94255334
32010,0.5849582
34112,0.8268692
35390,0.9406916
132314,0.01941013
132373,0.462356
135020,0.0010116672
30193,0.95518667
130393,0.37665945
135718,0.019758115
137031,0.003054433
31522,0.794764
36547,0.7853928
130010,0.005305298
130074,0.14691116
130935,0.18976273
36745,0.9737322
134574,0.31800437
133605,0.0046235695
31507,0.45155585
135881,0.7038149
135599,0.0036016023
33351,0.7334164
132185,0.021013325
30784,0.5075568
131306,0.017830884
37470,0.6012901
34794,0.33166945
35875,0.9400356
134179,0.39217257
135767,0.5089379
133351,0.2200113
34711,0.91199505
135644,0.1591351
33030,0.67305535
36417,0.5933892
132831,0.031705104
134214,0.0073949667
31796,0.8717474
30262,0.6703349
131862,0.014364131
33781,0.33063906
132791,0.019258682
136409,0.19912657
32346,0.8626457
34744,0.65202945
132357,0.0053547
32696,0.9331656
32755,0.9356085
35290,0.9635973
136426,0.03017565
133951,0.032293107
30503,0.8679067
31078,0.7864815
33043,0.9344202
31076,0.9507505
131516,0.5177638
36096,0.96513736
32753,0.79016834
31848,0.6271214
132414,0.02705219
137165,0.006573771
30402,0.9501924
35542,0.6358795
30871,0.88498694
130160,0.018800568
35194,0.8470994
133184,0.005734146
136987,0.6029233
30395,0.8783778
136884,0.31213355
135582,0.084691204
130546,0.026750894
134938,0.0061626807
37461,0.53590757
131878,0.52534956
32316,0.96117824
31352,0.91778225
134712,0.095730685
32923,0.9239323
34346,0.9374807
134044,0.85036194
132750,0.19806978
31098,0.8488892
135729,0.26585293
136938,0.034818497
35945,0.9248433
35804,0.9658468
32869,0.11443988
35603,0.9458556
131031,0.095818624
132658,0.0064846524
132133,0.61568046
31305,0.6958141
36668,0.8692638
130371,0.0149997845
31193,0.12575743
35807,0.61672205
136152,0.0017361961
31347,0.7973361
33036,0.77152526
34977,0.96062833
32084,0.9404341
130139,0.03137038
33327,0.5355173
132235,0.29749665
136499,0.03354035
30837,0.9302455
35889,0.72587436
34798,0.9433779
130327,0.05624777
133436,0.25555843
136923,0.14661421
136295,0.02015966
31416,0.9350114
32016,0.960806
35362,0.9126437
135773,0.017733691
133634,0.012409922
135574,0.15390785
133493,0.05878695
133826,0.0096028065
30609,0.9351684
36544,0.8693535
134627,0.019655848
135800,0.23662868
35949,0.83236706
134391,0.0030262708
131940,0.008799436
35483,0.9636275
36043,0.9735964
136550,0.50005597
36536,0.53977907
32203,0.6657087
131695,0.032933865
37348,0.9612283
137054,0.18198845
131711,0.27067563
30219,0.93256813
136201,0.048247773
132042,0.005978936
34063,0.27304524
30908,0.20583946
134709,0.07643817
33853,0.94059265
30709,0.92573166
30558,0.91154045
34136,0.9231859
135478,0.027285775
30342,0.30525735
137391,0.0016460551
31326,0.6320097
131229,0.043925237
32205,0.8362908
131285,0.8607922
133892,0.0024720281
137045,0.28907853
36465,0.42322662
130985,0.121797405
36972,0.87223524
33813,0.89374536
132274,0.19631426
34500,0.87759054
137024,0.015472832
32544,0.9762632
31294,0.932671
31799,0.9709934
30906,0.23853385
34041,0.28166258
135275,0.39274186
36797,0.7995137
137255,0.30726543
34045,0.8746208
136947,0.6388517
34653,0.97305906
136609,0.47792518
131453,0.09987634
136449,0.16080049
132609,0.015722286
30311,0.8759278
33633,0.94022745
30277,0.95290935
132773,0.7864907
134324,0.0021375408
135330,0.011468078
135090,0.030490426
31459,0.958733
136950,0.075133964
133021,0.010700368
134483,0.32386214
33649,0.9072208
132349,0.100143574
131754,0.00483101
132970,0.012578788
133031,0.2470996
31724,0.8757183
136130,0.10319645
133013,0.002970246
33667,0.9200443
36350,0.9611085
36199,0.8406547
34163,0.8613198
130928,0.012412276
136249,0.03490499
34226,0.65796536
135289,0.015514896
136490,0.011029719
36937,0.94190884
33768,0.88729364
32376,0.9658902
32015,0.7602491
135849,0.003916064
130075,0.22338471
135951,0.2049016
32416,0.91644204
37014,0.8633902
132174,0.1743436
32194,0.54482335
36089,0.9542724
137388,0.013201647
31973,0.9150482
132159,0.036906473
35883,0.895657
35624,0.81194293
33288,0.82799786
134769,0.033825297
35224,0.96176183
32276,0.8874618
134474,0.08573009
134232,0.06252024
136967,0.006812743
133479,0.11009785
30737,0.9514805
134526,0.02403404
133773,0.0063626333
131385,0.079173155
37458,0.90799856
134366,0.027703337
32678,0.95740515
136807,0.005723193
32829,0.8945745
33712,0.9472535
136123,0.038024407
32444,0.4948807
136184,0.36303815
132802,0.59540117
34253,0.6886509
33496,0.9081563
33274,0.5373605
31578,0.5770049
32075,0.95541537
33000,0.9293218
31748,0.9024926
36968,0.7064421
32914,0.86365706
33032,0.7532965
33803,0.880182
37133,0.5970012
36274,0.92742693
137277,0.18068808
34915,0.9547611
30157,0.6603184
135461,0.13608736
137278,0.6288311
35276,0.5251944
33294,0.15802392
134401,0.045763247
130499,0.57010216
31171,0.94938356
134762,0.08447675
33533,0.8824945
133259,0.22903009
135698,0.11919982
36957,0.38237002
32463,0.91576743
134860,0.8517485
36939,0.83282256
132168,0.02462128
133811,0.0059224106
134376,0.20743601
136652,0.025459893
31753,0.9633504
134617,0.0052830703
37012,0.61982447
35936,0.50688475
34775,0.76679605
32437,0.8081564
130441,0.89860266
132578,0.27449027
32080,0.8228367
131244,0.11875165
135809,0.02430196
33898,0.8502267
130863,0.011948943
37299,0.8721666
33711,0.96989554
131526,0.0046331515
32436,0.091446586
136228,0.0637243
136259,0.037634153
130842,0.026012233
133820,0.07034996
36389,0.56165195
32254,0.90693235
31126,0.96295565
37445,0.82105875
31155,0.9729767
37394,0.61204296
135316,0.017242584
137069,0.045193344
32716,0.784668
130787,0.054756895
135793,0.109044895
135171,0.6799591
37303,0.92735595
133684,0.00583951
31402,0.7953806
34741,0.6490926
130777,0.5574886
32439,0.8719729
34334,0.8289117
36608,0.94951457
130345,0.27521908
31772,0.9172573
32945,0.8590924
31009,0.888593
35257,0.9115099
32902,0.9427688
36654,0.7375899
31830,0.7641442
30401,0.9648859
131179,0.0046911845
30452,0.94740415
30979,0.9446106
134690,0.8467499
134539,0.0019696532
33026,0.9730592
32043,0.7551479
31327,0.34847146
137000,0.11670669
131350,0.12499383
132094,0.0071974364
31308,0.9512592
35113,0.9550515
33990,0.96076256
31645,0.22289579
32163,0.96154743
130065,0.07944999
30285,0.8985264
136696,0.046560917
33789,0.95322645
135251,0.003937447
130941,0.04340405
35462,0.9659223
37075,0.8840016
35632,0.7977993
134773,0.015012195
135178,0.014139832
36294,0.75391763
134757,0.012046911
132038,0.011965072
131110,0.10751324
35618,0.8884164
36522,0.948704
134710,0.001578997
35043,0.8665622
130375,0.5891891
130874,0.013557073
31642,0.9586967
133050,0.08960952
137230,0.0036355862
130102,0.20575614
130285,0.81903803
34683,0.9678698
133181,0.47283855
34024,0.05654517
33087,0.6931168
130244,0.22579212
36925,0.8996701
134471,0.94712454
32315,0.9450347
131642,0.005418832
31609,0.9546412
31565,0.64820904
31774,0.94493604
131650,0.008212077
130146,0.038170315
131379,0.0048597157
134724,0.7849698
130954,0.37480137
32152,0.9623825
33538,0.8283014
35615,0.85002846
137038,0.046583988
37188,0.93802255
133020,0.034118526
33623,0.659289
137421,0.29408875
135920,0.06985572
31975,0.9278617
136743,0.021625692
30274,0.90080667
136245,0.21605252
36727,0.85994583
33651,0.46852842
133053,0.8919973
30255,0.8817149
35111,0.9407778
134153,0.007716562
34906,0.95085067
34038,0.89716727
136121,0.11200459
31495,0.61932325
132957,0.14133546
32086,0.86106384
32517,0.60297453
30173,0.9478298
36168,0.9168492
133882,0.040181383
37301,0.8374354
136798,0.7442091
35396,0.78870744
131030,0.90348065
134103,0.048057906
131623,0.16141617
37462,0.7722644
136192,0.03304886
135189,0.2522458
130885,0.017239464
35076,0.6731259
134373,0.02577363
133816,0.03791797
32744,0.9380202
130398,0.021792559
36802,0.87991804
134806,0.1789377
133920,0.026498247
30373,0.8154509
31468,0.92507195
133024,0.046361294
134891,0.024757514
33530,0.91726553
32139,0.6144647
133681,0.39150304
31461,0.6225524
36039,0.88121814
32988,0.7580848
132269,0.003624681
33440,0.30606577
31473,0.96498436
131668,0.008384076
34266,0.90498126
33552,0.8288259
33200,0.6924291
30970,0.9498329
34212,0.9475146
134485,0.18670902
35118,0.94092995
135702,0.57582754
31886,0.67187965
133745,0.12879862
133913,0.016449703
31362,0.87461203
30905,0.96144557
136900,0.020399872
36702,0.9461287
31564,0.9055742
36917,0.50061023
131136,0.6220338
134849,0.7810554
133311,0.8886953
134028,0.01001583
136441,0.67701054
132801,0.006455934
132602,0.0072178985
36269,0.9370128
130750,0.03753888
35200,0.8829953
31627,0.9317234
132664,0.07862383
31885,0.5058931
131454,0.0014594336
35234,0.93344986
134632,0.0037099416
31477,0.9092805
31536,0.7548429
34548,0.95606774
135384,0.024159139
136260,0.057091888
36549,0.9538137
31819,0.9517492
34695,0.9371453
30207,0.5128064
30116,0.9662415
32498,0.8790769
133015,0.049386762
136425,0.08458976
135220,0.012725728
132265,0.027847417
31550,0.9671605
133697,0.5704728
131517,0.6085255
36523,0.93523896
34364,0.96890044
32667,0.753221
33572,0.96131945
35723,0.59203076
136419,0.0029075437
32616,0.929925
133806,0.052773226
36012,0.96269673
132388,0.84383464
131185,0.22965215
137202,0.067829095
137253,0.74987876
31381,0.63959616
133850,0.02350185
34022,0.81042415
36898,0.9495487
33005,0.9176858
36431,0.8658873
37097,0.95314246
30628,0.74926615
131207,0.43867975
131083,0.0071124923
34580,0.8219313
131116,0.07537732
32845,0.4387344
135191,0.19801056
32856,0.3160912
33394,0.897965
34068,0.82602185
35704,0.90842646
133916,0.93150306
130401,0.25068408
34697,0.73460025
32563,0.9513532
136758,0.0028846366
137416,0.58278793
137219,0.86145055
136645,0.0069090216
137481,0.0041071335
134995,0.27677158
130385,0.8743815
137457,0.12653449
131486,0.0022501745
135366,0.3373212
137285,0.06552165
135306,0.05697768
130460,0.030639684
136066,0.020000858
34360,0.68047655
34128,0.94498026
35124,0.9779537
35966,0.7319515
136251,0.24173643
36317,0.9556773
32733,0.92403907
133754,0.0054188627
133795,0.47238147
36568,0.80644524
132772,0.6750816
136003,0.102386564
32232,0.7959337
33616,0.82789826
135340,0.032425605
130859,0.048449572
31447,0.89730525
30995,0.92605734
35117,0.95953465
136456,0.019355798
131048,0.04685723
134743,0.49986622
31218,0.22030482
37371,0.9375185
32853,0.5638971
30974,0.89385104
134669,0.1960121
134730,0.19070232
36715,0.9408427
33202,0.81459963
136346,0.05896057
133341,0.0024919133
32164,0.10313764
35309,0.81706995
36555,0.94201225
36303,0.9376391
135654,0.35080588
135949,0.013420953
133909,0.06287722
136475,0.23073314
130571,0.69664
33557,0.38645887
34621,0.52918696
132040,0.21427335
132505,0.108073145
34808,0.804176
133893,0.03174068
135727,0.008588107
31393,0.9331032
131251,0.103404164
36813,0.7040097
135022,0.073488556
32511,0.8210444
35459,0.94081074
133257,0.33203307
37141,0.9064416
137154,0.03714
31359,0.94425964
130487,0.28964773
136553,0.0051861196
130715,0.0017699356
136046,0.017023703
136093,0.029948331
35063,0.8877858
130612,0.5695436
31449,0.81278265
135045,0.3390338
130473,0.003824086
34516,0.72570175
37035,0.84723693
36108,0.5274627
130870,0.00777786
33146,0.6041338
136129,0.3124711
132051,0.030563205
131560,0.018813962
132808,0.008042894
31102,0.8932015
35086,0.75358486
130731,0.0022844055
34732,0.9480632
35850,0.9130842
33783,0.81981903
34871,0.5393381
36546,0.85634655
131755,0.0013035032
34931,0.94213593
133094,0.10264765
32604,0.6630121
134897,0.74415654
133704,0.0375299
33080,0.8798867
30108,0.91184914
132422,0.003474915
34407,0.93876094
31961,0.92101145
33089,0.71617675
131505,0.29608324
136407,0.8048042
34229,0.94165283
136462,0.05805863
31089,0.9205531
132180,0.026086573
36256,0.6378189
33929,0.39161494
33430,0.871777
31743,0.3910666
30932,0.81697583
135876,0.6061911
132674,0.008648289
34745,0.9745094
37276,0.8633798
33428,0.8772408
36605,0.674737
34030,0.9444179
130821,0.25139773
32545,0.9439716
36254,0.78793705
137318,0.10967962
34511,0.9017849
133100,0.021020295
34545,0.85608697
35119,0.9221037
30631,0.8142061
37409,0.83471835
30330,0.9286211
133902,0.10050183
30079,0.9561726
132139,0.0023215937
34945,0.6007441
36158,0.90501934
132749,0.04150504
33514,0.90620136
130998,0.22332364
133583,0.04108159
35501,0.92459315
132803,0.03814578
35675,0.5518403
134758,0.95469415
31889,0.6521113
35623,0.9441299
30655,0.91782254
135495,0.031254277
137460,0.068378836
30016,0.889976
37183,0.91873175
35475,0.95957166
31828,0.9583076
35532,0.97398245
135252,0.085298024
131700,0.030196184
34122,0.87163794
37162,0.89503783
133600,0.2596394
135786,0.88200516
37168,0.9336597
32481,0.95345515
136572,0.0036830276
35669,0.5992636
34118,0.630293
34185,0.9443663
136549,0.0046019666
35947,0.96198726
133661,0.023282357
135634,0.09954695
133108,0.009081316
134638,0.309104
34082,0.8758604
37215,0.91772556
31636,0.7479611
137191,0.27005535
36321,0.97586685
34119,0.948491
31733,0.8587345
136369,0.09930429
134759,0.09482101
131444,0.023580693
30404,0.52121836
135426,0.002005281
36971,0.952995
131670,0.023578532
130004,0.6812866
33331,0.8767164
130278,0.008104437
37314,0.082814544
31194,0.88481265
137314,0.24231368
35345,0.9079171
31204,0.8680122
131037,0.0108889965
130123,0.9069646
32070,0.92506135
131870,0.03663036
132307,0.17118526
32303,0.96287155
33376,0.96953064
33959,0.8435681
34878,0.57614857
130784,0.12063793
31423,0.9390364
37164,0.91222
35514,0.7834794
33373,0.97096777
133190,0.0017102592
32874,0.96564883
131485,0.13340941
37393,0.866242
35914,0.7425619
36420,0.97101283
135593,0.004137181
137094,0.02056895
33890,0.94646496
32584,0.9042502
133551,0.42442796
137133,0.009461219
136290,0.09585278
35841,0.8955329
35286,0.97006565
135291,0.123272635
135513,0.66216856
30862,0.91512316
33697,0.7209724
133612,0.18926501
30248,0.5409828
33761,0.3153076
33224,0.8053705
30822,0.7955317
33483,0.8550253
130822,0.4727274
133198,0.077164784
37128,0.79988784
32781,0.5549985
137498,0.038228277
33492,0.81856585
132833,0.09950292
35021,0.8541358
133812,0.28188664
135835,0.073017344
30806,0.87282497
35702,0.78454846
32278,0.90088725
30899,0.9542376
137408,0.24187991
30740,0.84784293
35692,0.953379
35766,0.9110047
31153,0.9369233
34851,0.89985543
130451,0.0023203813
132758,0.091722555
35109,0.958357
135738,0.047915865
130076,0.078983895
36677,0.54648846
36588,0.9485355
131988,0.12277958
134051,0.61688626
36393,0.6536341
131883,0.7477469
33362,0.47842914
36601,0.8803017
132704,0.010744515
134646,0.780671
135893,0.0050477865
136841,0.18193853
34897,0.6879974
135976,0.1579568
136848,0.024088694
33994,0.86879253
30419,0.926358
33882,0.7141832
131431,0.72585493
30525,0.30881563
130608,0.39188746
34218,0.590761
36133,0.89039946
35820,0.90925527
134454,0.0094582625
35790,0.8941077
32576,0.920523
131441,0.033166204
134649,0.05495061
133294,0.0065908986
31318,0.95613724
136697,0.39589956
33615,0.9584153
136307,0.09518242
34674,0.9079206
32237,0.9159905
135771,0.037197858
32011,0.95720905
135939,0.7971269
35616,0.83498174
32069,0.957746
34377,0.78444844
30836,0.770569
133786,0.14412388
137236,0.0835334
32937,0.5037412
136603,0.008908019
36999,0.5482998
37022,0.70052177
30542,0.69134
131583,0.064365886
36643,0.8274698
30626,0.9303068
30104,0.89372337
135915,0.10381622
37166,0.8568323
34565,0.9302476
34553,0.37497836
131675,0.008248325
35919,0.21449183
132194,0.82789826
35638,0.87453836
36621,0.8560683
133116,0.0041943397
33316,0.6772497
35856,0.34825727
37170,0.8829294
35468,0.9464451
34790,0.8567557
130063,0.409215
33145,0.57282513
34287,0.8544256
34864,0.94036597
36625,0.5598005
31472,0.9776895
33023,0.93195903
36422,0.94398844
36854,0.5447286
131233,0.5792147
136388,0.057355702
134256,0.17691077
30632,0.72475564
134243,0.05414316
135567,0.05430452
136857,0.65559995
35392,0.10007603
37463,0.8488033
130304,0.02588284
135451,0.028002745
35938,0.88983387
32720,0.73873633
32687,0.8324866
135391,0.19267271
36435,0.9297398
134598,0.105287194
30160,0.2585585
136488,0.014075864
32245,0.94532925
131851,0.076391235
30134,0.9587982
137004,0.0092486935
132089,0.013906759
134716,0.046361864
33190,0.7058719
35010,0.8268265
132387,0.0094823
136096,0.007876442
134296,0.8402885
33846,0.8271428
30532,0.6916411
130774,0.007098643
131109,0.0018279857
131595,0.19468376
131730,0.011088247
137221,0.18384002
136846,0.011049059
135099,0.45865926
36506,0.88278145
30202,0.9444533
136537,0.35611087
136616,0.5943616
136968,0.005756299
133383,0.4548954
130659,0.3618189
36207,0.8897294
135383,0.012596473
133581,0.62322956
31814,0.7577887
37140,0.9026327
135883,0.9108108
34552,0.8899138
131317,0.4078962
36111,0.18945351
33060,0.5314252
32747,0.7570658
32711,0.44170696
30622,0.89027905
130662,0.006444627
30643,0.94781756
30280,0.8974942
135641,0.008894381
133251,0.08117414
132586,0.02495911
36371,0.6949687
137362,0.16535929
134628,0.59012234
37029,0.8288166
134387,0.006546567
132384,0.77046496
30197,0.8755658
135150,0.041876722
36514,0.9142397
137231,0.0059066825
34522,0.9456351
30898,0.47539032
137403,0.65818363
136673,0.79644907
37049,0.74112463
37282,0.51590675
30417,0.9322314
135556,0.11219289
137195,0.003112865
36038,0.9512416
35609,0.97070664
36461,0.9695444
34956,0.51625276
131585,0.05304707
34975,0.7444156
36812,0.700004
137149,0.0418057
31969,0.793643
33191,0.71467555
30825,0.87050813
131101,0.08389512
35028,0.9647292
135626,0.00861207
31199,0.7594186
137349,0.6747771
131818,0.06716658
32074,0.94463116
136150,0.013957731
130923,0.02054061
30552,0.76755923
30449,0.8083704
33011,0.1175897
31777,0.8952955
136334,0.007461519
132647,0.6498029
32089,0.85317856
33459,0.7752424
36639,0.37526265
34529,0.96065086
35531,0.8769821
136943,0.11066088
133724,0.94469804
137474,0.5951421
35608,0.32722816
37211,0.9087854
35848,0.10307893
133109,0.2183744
35525,0.93839484
136238,0.52945423
31972,0.41860676
133904,0.059498455
35046,0.19807123
130988,0.7048363
137014,0.021555463
130014,0.019012772
37156,0.17921384
32959,0.7373575
37320,0.97159123
36709,0.63072926
133422,0.038210444
36641,0.75804913
136213,0.9124357
36626,0.92674524
35633,0.9507625
32322,0.94079703
134795,0.026634939
130769,0.0039849775
133740,0.2481758
33776,0.9336926
31904,0.31824595
36746,0.9328803
135023,0.017866427
135081,0.88523173
32423,0.90554327
132018,0.06142826
35258,0.26669368
37086,0.86109835
32160,0.73230195
35994,0.96022034
131945,0.0038726293
31478,0.7998302
132024,0.7331729
133499,0.133463
130488,0.041814946
33113,0.78806514
130765,0.28152904
32759,0.9002079
34276,0.7354629
31270,0.94239664
34676,0.5792597
132593,0.01759574
131457,0.05224561
131618,0.7837287
34925,0.7259307
134623,0.39664483
36142,0.5528836
135836,0.54836494
30782,0.8069978
31680,0.6698289
34997,0.86813456
135958,0.0042710807
134164,0.027990501
36394,0.9670105
30903,0.897581
131594,0.051804498
32063,0.55035967
134986,0.022244196
31685,0.5851088
131716,0.1194688
35019,0.16027676
36415,0.4930516
35460,0.7069193
33494,0.9674223
35651,0.93276495
131523,0.009679765
32319,0.75095415
31881,0.5316762
32562,0.7600547
134832,0.00474574
136453,0.16335793
31842,0.6567988
35726,0.8593237
35581,0.93808776
33543,0.8999911
33086,0.43000165
135231,0.9189313
131796,0.75005394
133984,0.045172587
31710,0.94977206
130956,0.09236673
130494,0.0056921244
30356,0.4251795
36110,0.96431935
30691,0.58720773
36238,0.9539959
132720,0.03791472
31422,0.34956023
132067,0.10900862
136896,0.6737363
134009,0.57406235
132248,0.05812438
35317,0.72478133
131123,0.003351382
137222,0.08063811
30154,0.8956083
34570,0.9395506
32018,0.9615419
36528,0.87771714
35205,0.308356
31852,0.8444604
35120,0.9130594
37448,0.86606556
137216,0.10614576
131447,0.065935254
35816,0.61632574
135247,0.06884586
35446,0.8004276
30704,0.9195447
130617,0.6747771
136597,0.05088648
135998,0.11202898
30024,0.7061257
34170,0.9296948
36636,0.42090276
131365,0.75939715
34239,0.30536628
35250,0.1741732
35801,0.094417155
132691,0.012842342
34168,0.63296664
130594,0.7285673
132707,0.07200582
134842,0.15871033
30675,0.909059
33682,0.90874916
36996,0.86863166
131376,0.012318503
35667,0.6712569
137189,0.18639347
133513,0.23360956
136714,0.34650013
131791,0.004978614
130808,0.03126135
34210,0.92022556
30808,0.45453534
130942,0.22694215
32570,0.59678066
132702,0.88333124
134741,0.021924494
137044,0.013239469
134354,0.048576962
34337,0.530103
30607,0.8698362
132976,0.03320506
134088,0.010276078
136595,0.011958855
137082,0.21529615
33235,0.9267764
33886,0.9191641
37449,0.8662364
32438,0.5376464
134252,0.0022152143
135387,0.0025205286
36377,0.081814826
132207,0.11412126
35874,0.9321
30818,0.92146933
35354,0.7529179
33701,0.7074686
137224,0.0216604
130563,0.72475
132506,0.18245491
32178,0.9597988
34129,0.9522191
134171,0.0042921677
36060,0.72145414
32807,0.89824224
133914,0.17693846
34947,0.39196157
132574,0.001033688
31832,0.8830443
133702,0.58240616
34512,0.92601615
34060,0.77344316
136788,0.0032449733
30633,0.8969637
35805,0.045525797
33083,0.82120234
133994,0.006011816
131120,0.016494038
135783,0.022804448
35989,0.9575044
35295,0.6045139
35142,0.91427094
34269,0.7666398
133155,0.40484896
134407,0.21278103
37319,0.8682615
133707,0.28234076
30251,0.85844994
35691,0.92689526
34601,0.7303286
130753,0.25979984
34507,0.59383833
36945,0.59352475
137264,0.4421835
33871,0.94970256
135493,0.20197438
31298,0.3792909
133195,0.026414346
136638,0.16625288
34993,0.94979465
133032,0.39585936
135132,0.19529338
33921,0.3736543
32831,0.94804966
34747,0.9334795
34298,0.9135334
130611,0.16560975
31376,0.48976862
131809,0.0037906994
134358,0.20506987
34725,0.7777634
132879,0.003071177
135952,0.011312101
136015,0.0039298
36134,0.9594934
137167,0.0100895725
132534,0.11341911
33046,0.87547755
134723,0.026540814
135511,0.22913213
136796,0.049030174
130324,0.21437989
135405,0.0012268972
136004,0.074029945
134923,0.5206965
36989,0.76132053
31446,0.913042
35893,0.9364284
35541,0.9603105
34215,0.81744534
134894,0.0035887484
133125,0.020996774
136651,0.0027005058
35970,0.8440623
135669,0.013675874
32836,0.5896003
132793,0.083775915
134369,0.8726744
134213,0.006269163
131337,0.14660217
134951,0.039659128
130403,0.080110304
135498,0.113800004
36895,0.88498974
136049,0.39328867
34159,0.72875834
131024,0.006451968
131443,0.29913682
133245,0.2153891
36586,0.9308895
130423,0.28240493
130622,0.5301286
30345,0.45508495
32100,0.54136544
137081,0.43512306
31496,0.8479061
36910,0.8261975
34436,0.9121937
31591,0.9379165
36201,0.7943153
32280,0.95633227
35231,0.6737836
134749,0.025108177
36092,0.95181745
133455,0.19865397
130882,0.01978193
35911,0.90086365
31988,0.36086276
135114,0.16952352
130972,0.2072804
134427,0.47831225
34371,0.88581276
34016,0.79598695
34418,0.9016324
36538,0.9447549
134160,0.06360134
31967,0.76271266
32646,0.8574374
33851,0.5565979
134016,0.34496015
134138,0.0043548807
34719,0.8603338
133983,0.086288825
137440,0.053139493
35424,0.9324593
32666,0.8685539
136482,0.03349905
30038,0.93525136
136516,0.0039340244
31335,0.94694555
135353,0.08610715
130526,0.16521914
131366,0.58725196
130812,0.08534741
133730,0.36142024
130946,0.90007085
132390,0.15178075
130660,0.15461564
131411,0.61629295
131788,0.0022519373
34406,0.9353011
35842,0.92066675
32851,0.84049886
132687,0.029414823
30382,0.22674112
134426,0.14778675
34254,0.42107174
37343,0.9406128
134667,0.0030006676
30527,0.80799013
131622,0.011634523
136314,0.6009137
131838,0.021669528
34105,0.9370149
134259,0.0023216214
31544,0.8718306
31850,0.9127372
32249,0.7457088
130399,0.28222707
133270,0.12689722
133007,0.036065746
33290,0.40120775
134060,0.1365571
34534,0.44563282
31593,0.96960235
133444,0.10393673
133034,0.019779023
37147,0.85337025
31242,0.7562878
35430,0.67224675
32452,0.91725624
130881,0.19027695
136371,0.040487528
36803,0.93911165
34495,0.68458986
36691,0.93010926
134895,0.862078
132584,0.043256678
131154,0.015045519
35486,0.6020365
130754,0.010571122
30565,0.8355521
35870,0.89740586
134705,0.052709367
137306,0.022493316
132774,0.65168065
37377,0.94535005
36764,0.57158905
133266,0.002709487
30158,0.92081964
34300,0.67803925
34961,0.8669662
136941,0.27325886
136539,0.0046964413
130894,0.86885065
31639,0.776981
35457,0.87947387
131592,0.0077417814
32058,0.9459372
35851,0.9329142
34783,0.14623906
32503,0.89319927
37046,0.73123616
135990,0.040952697
133481,0.049427226
133711,0.051513355
130163,0.009098054
132256,0.7644868
133827,0.024262266
132656,0.067415655
37180,0.7569183
134245,0.30272478
37485,0.9636364
131747,0.09184607
31882,0.87243146
33405,0.96951586
33084,0.5400111
36157,0.9232424
36358,0.21409221
32961,0.91068685
132541,0.002897694
32314,0.9179442
33567,0.92239195
133793,0.004981662
30852,0.91089076
132466,0.018240478
131175,0.047031745
133428,0.07701678
34908,0.9171026
131319,0.0032264201
130113,0.09728773
33377,0.91571873
130175,0.054229356
34481,0.8651906
130544,0.14319716
32782,0.9522975
136404,0.060617413
135095,0.18282886
36946,0.92654556
30856,0.93420565
135756,0.024263348
131343,0.057957597
33809,0.93329793
133574,0.01472649
131763,0.5142958
137262,0.0016102769
135172,0.007165811
134807,0.021067241
37428,0.9652013
33471,0.9360083
133832,0.21816063
133961,0.046487466
134881,0.862023
134592,0.5336157
137267,0.05343834
31860,0.91298187
137119,0.65602815
135588,0.34577397
36336,0.96857595
32250,0.30525878
135549,0.7949721
36909,0.96976334
36576,0.59242964
135953,0.05883413
133446,0.0137899285
131132,0.119454525
132562,0.19800588
30562,0.9149177
137401,0.01796918
133712,0.002062304
35528,0.6023646
134364,0.010896405
132847,0.009315477
30889,0.93116134
36611,0.22561073
132464,0.0049295505
137161,0.01992094
133887,0.004533843
36093,0.85465
132760,0.056253318
135185,0.024648165
132084,0.17514987
36508,0.95915955
131989,0.9475105
35611,0.8497179
32296,0.20129265
35890,0.15954639
133227,0.23294282
34197,0.96645933
130249,0.071549885
137080,0.42567328
137468,0.00092023605
36785,0.9427112
135124,0.12762804
34536,0.9457836
30769,0.8947504
30486,0.96575123
133356,0.08766798
136820,0.94494337
137205,0.013713655
135339,0.22577566
134132,0.17096402
34078,0.84117186
34342,0.9104208
136444,0.035882007
33254,0.8597034
132764,0.010215286
136602,0.13774826
33873,0.97409004
137011,0.022283947
130133,0.017969273
130126,0.00906171
131032,0.08836069
36517,0.9359501
34620,0.31526378
135873,0.02937319
132701,0.011261603
32965,0.93114674
130446,0.17595875
131800,0.73078734
135402,0.019952305
134137,0.92016107
35650,0.9256676
136031,0.9518086
132224,0.3887335
133858,0.84181863
132156,0.17077495
36229,0.95283556
32655,0.89814955
130098,0.043322854
135816,0.8510061
135010,0.0027923696
33655,0.6562204
135637,0.005177013
33923,0.9100141
35210,0.08707912
131452,0.009722551
34678,0.6535807
34357,0.96972704
30352,0.8483351
35438,0.039073583
131056,0.85690814
136293,0.09189041
35066,0.9368352
131953,0.04198428
35964,0.7920443
136436,0.6774479
36930,0.87786543
32115,0.93415725
33485,0.6367069
33673,0.93229485
35550,0.8283545
133980,0.013977972
136172,0.75167376
30138,0.87951535
37334,0.8744128
132757,0.039686352
131537,0.15746455
130122,0.055134885
136937,0.030396221
134020,0.59956557
132434,0.5246307
134017,0.037761718
131708,0.06942025
133297,0.0034052911
33116,0.753147
34723,0.11442879
31055,0.9138829
136158,0.021637036
31438,0.8039422
135784,0.58500373
132481,0.015157867
132874,0.75599414
133511,0.0018753036
36496,0.973767
132607,0.4878887
131567,0.48642087
136773,0.8864674
135548,0.049562175
135730,0.06027664
136458,0.082901485
34426,0.81585217
131877,0.16696818
131401,0.07010466
37336,0.8868959
131762,0.010597373
34332,0.97420335
37042,0.8888679
35472,0.49296957
37232,0.8557541
35772,0.3428619
32668,0.91438645
131804,0.66332936
131498,0.086186565
36845,0.8997675
130633,0.10683258
33369,0.30142394
31630,0.7123506
136819,0.13958372
131717,0.8759277
33516,0.923001
34106,0.59071076
137067,0.8322391
32893,0.81272304
133035,0.17075914
136502,0.0053770365
34514,0.08626541
135509,0.08657726
34403,0.73458326
37427,0.9419277
32288,0.8955198
135908,0.14242081
137322,0.0023091105
31214,0.70695937
31246,0.86389655
136775,0.015728507
35813,0.9678853
136700,0.04585147
32004,0.84227824
135776,0.29843608
31201,0.39536202
35562,0.92231244
130397,0.084065504
32619,0.8821233
35167,0.95087266
130687,0.014696976
31141,0.6887098
33301,0.3721648
31285,0.64663166
134169,0.02347371
133926,0.24832484
36055,0.92860234
137273,0.019517824
37036,0.77091473
136481,0.0010029916
133232,0.2809397
134573,0.38682437
33076,0.8755804
30581,0.6363159
36652,0.95690715
135863,0.009157643
130411,0.45185536
132116,0.06280598
135579,0.07764376
130031,0.17552061
31212,0.84773386
30161,0.9293284
33051,0.3058455
132167,0.26743007
130782,0.25989464
136256,0.04949057
34201,0.8784217
130543,0.002748695
133666,0.01768003
132323,0.6414411
37085,0.5463738
130535,0.56618416
135360,0.034692477
32867,0.54618126
132952,0.03944507
134073,0.047319192
132253,0.0029989346
33571,0.9667283
133780,0.2810776
131632,0.059109565
130970,0.71277815
35811,0.8058259
134861,0.019304095
32854,0.95391303
32045,0.9413664
135584,0.90444034
132065,0.003779548
135487,0.058648378
35237,0.8934282
33281,0.92249465
30309,0.7952032
34025,0.7457649
134869,0.08944149
133337,0.05297701
35036,0.94800895
35998,0.95036775
130334,0.13332893
35657,0.77249956
33034,0.55011183
135288,0.050890498
134235,0.79917103
35524,0.95116204
36064,0.7595405
34836,0.7721302
134399,0.1620348
136092,0.06605213
136343,0.041870024
34535,0.46033427
37247,0.32025957
130233,0.29849774
131591,0.12401667
137294,0.07364271
30535,0.9534071
31703,0.95415217
136974,0.63911265
137346,0.06360508
135497,0.006806484
31188,0.8838176
137066,0.15347888
130432,0.03254828
32199,0.9654794
134739,0.31866163
134271,0.011108475
130436,0.24144359
32435,0.20058854
133664,0.069594614
132735,0.075403094
137124,0.22328703
35241,0.90781254
136064,0.009705763
35003,0.9508939
133638,0.26472792
132420,0.0024014248
35229,0.68413985
32924,0.8859042
30947,0.90744436
135601,0.34666097
30839,0.8694315
130002,0.015186423
135076,0.029726237
137177,0.58525324
131308,0.33564478
36915,0.9375125
33003,0.7936201
32758,0.9396493
32871,0.9253681
32424,0.943792
35287,0.96997315
134269,0.031041745
132572,0.05589329
130017,0.0037921835
134827,0.030140935
133453,0.020555563
132972,0.60096276
136563,0.00923886
130701,0.7197847
131867,0.5730245
137137,0.07052589
130704,0.41841504
130528,0.19158092
132271,0.018552694
32921,0.87354624
133262,0.0018477972
135655,0.11688862
134292,0.17463952
137343,0.13489136
132333,0.0029732466
134965,0.5061986
34066,0.9710505
34293,0.9744402
135935,0.058615744
131587,0.08761792
131843,0.18952781
134648,0.09999343
36174,0.6115917
36630,0.86114305
35689,0.9195198
35853,0.94782656
136468,0.7655439
33245,0.95151776
134005,0.0031978972
132311,0.008127684
37213,0.9452153
33650,0.9421838
33952,0.88588595
36934,0.82743686
136805,0.0053163692
134042,0.025586396
136358,0.040082764
33687,0.86711216
33602,0.7551496
33289,0.9366184
34819,0.95277536
31561,0.93758273
134812,0.020821312
136771,0.017590104
133918,0.030245356
131999,0.87521905
35442,0.93515605
30799,0.9262587
131770,0.03548013
31412,0.91712654
133807,0.013079652
31587,0.76822704
132880,0.027087806
131684,0.02301276
34814,0.9653997
33171,0.88657635
133541,0.028129919
30802,0.93648744
32597,0.96783507
33103,0.79908985
134804,0.15311052
35612,0.9575292
135540,0.030086756
132171,0.05903516
131534,0.17173506
33889,0.9146008
36704,0.23231535
30305,0.9454028
32881,0.9674677
130951,0.23949794
131932,0.046969477
31322,0.8641277
133075,0.40831596
134711,0.5427416
135603,0.04371141
136176,0.52507865
133210,0.015119329
136557,0.10889735
135066,0.05582035
133239,0.65257573
36214,0.9547825
30071,0.80095166
31516,0.7873923
33904,0.9182996
32552,0.5897776
36613,0.7775949
35639,0.90257657
32880,0.8408465
134657,0.47636238
136443,0.04545653
134974,0.88569474
131764,0.006666755
134452,0.8122717
31740,0.9588554
35610,0.9088154
35163,0.9520588
30815,0.97206014
33436,0.93350565
37121,0.8030632
135222,0.010408879
132648,0.60779274
131547,0.27815485
31122,0.869153
131407,0.4891069
30848,0.92476296
30902,0.931994
131055,0.9018907
135839,0.15675217
133911,0.03334123
135802,0.5807825
34164,0.37224573
35676,0.6196357
132797,0.012029602
135442,0.006935941
31592,0.9568373
35310,0.92474675
32257,0.14075702
31931,0.93352044
35218,0.87167037
31331,0.9504404
132680,0.93408674
33753,0.8739922
34173,0.8540244
134100,0.046312187
34980,0.14925158
135329,0.0323481
36373,0.4180839
34048,0.96222895
136082,0.40740222
132202,0.019869274
31527,0.91238123
132527,0.36855596
136048,0.12907356
33408,0.9501777
37452,0.48929873
136469,0.20971532
32347,0.8994823
31264,0.63851494
133761,0.009856872
35244,0.86053604
133785,0.01035191
33700,0.8024398
134201,0.15929367
133489,0.122901626
134170,0.047310684
134519,0.3307211
34291,0.18679608
32330,0.895987
37280,0.84988654
31300,0.92897016
130026,0.37049693
135420,0.21121837
30385,0.8438381
36739,0.93743896
136957,0.070097946
132532,0.0063928505
134195,0.3957851
136919,0.21031527
34062,0.7835097
133275,0.11703505
130321,0.007188208
135160,0.018329162
137217,0.25408882
30475,0.9006641
31835,0.9276857
33796,0.927781
130825,0.09317442
30684,0.86908597
134958,0.07525953
34237,0.93055946
35385,0.80249465
30690,0.95596206
31659,0.93798184
34940,0.94997674
130442,0.027875017
136834,0.86721367
32469,0.7740142
135014,0.21955413
134966,0.019316196
30078,0.95886344
32111,0.6502345
37438,0.9297597
30300,0.95669645
133568,0.6751584
134528,0.043881156
133523,0.030233918
135080,0.091720186
133090,0.8459076
135049,0.0018905253
132289,0.02863621
132495,0.75521475
133755,0.016624104
136532,0.06961447
30635,0.8403941
132787,0.020987777
36231,0.9336185
34137,0.90382785
37444,0.9206171
35942,0.56452405
36529,0.6617587
33847,0.9157892
30253,0.9529647
36712,0.9001985
134639,0.5144498
134653,0.13514523
32824,0.9249664
131688,0.0078862
133723,0.10161476
134196,0.93127507
131564,0.6085121
35064,0.83542335
33997,0.95437706
31999,0.93597525
131004,0.03878772
30793,0.9027731
131347,0.5147665
131627,0.004519765
32230,0.90119433
135013,0.10989743
36325,0.9140817
31853,0.94454545
30317,0.86404556
35584,0.5083448
134384,0.08084508
134385,0.06908657
35463,0.8388402
135349,0.008001992
130229,0.2817278
134943,0.8283202
37294,0.938694
34206,0.9350682
136620,0.048945103
30045,0.8942527
133591,0.09231533
35819,0.93746454
131991,0.024780702
134123,0.11779667
133006,0.63036966
130748,0.11978299
31360,0.7734782
134182,0.2322555
32121,0.94884956
36617,0.8773746
136396,0.0058565782
35619,0.94678736
130549,0.5886679
134083,0.8590919
132855,0.023247868
133480,0.40807045
32003,0.8094683
36424,0.94795895
131377,0.06542262
133056,0.024585182
134337,0.0435264
130048,0.22859804
36763,0.6409846
133542,0.009575774
134676,0.048508633
133048,0.012134274
30184,0.6851728
34598,0.77661556
34256,0.76982915
36967,0.68613005
135888,0.23246641
132503,0.68885404
134282,0.027819103
137297,0.5644373
133145,0.021763282
31339,0.87031215
133374,0.6225665
132206,0.8633391
30500,0.9112042
34729,0.7513773
133915,0.10011786
134799,0.036904
130227,0.0012420701
30122,0.9015071
136918,0.087314144
130938,0.1405209
32628,0.90093386
131975,0.29820207
130789,0.008274235
35292,0.22756292
37406,0.9674519
137390,0.037490137
135296,0.035208464
34196,0.9708219
33795,0.16298059
133110,0.029329311
34172,0.81612545
34763,0.9232473
135344,0.08354144
30893,0.49664357
30773,0.8620632
131336,0.07477225
132603,0.01936565
31024,0.9165807
134502,0.1228717
35011,0.9103073
134975,0.013852146
37255,0.9043316
134460,0.00413398
134049,0.045364384
137311,0.018771064
33059,0.8907516
31965,0.6176645
35301,0.5351411
132277,0.13956596
37432,0.14064199
133613,0.026363093
131374,0.005609177
135444,0.016995471
135596,0.0055356557
33884,0.5283517
36865,0.84039164
131418,0.30503404
33593,0.81446534
33387,0.92386883
33792,0.90635204
31253,0.41658428
134737,0.34541392
133649,0.071750864
130140,0.11155503
133948,0.45988482
35122,0.7758466
36006,0.9604209
35161,0.9604917
136262,0.009307906
131768,0.5941128
131514,0.021632982
132099,0.23805171
133167,0.03646808
130752,0.08967919
137252,0.17016073
133592,0.0048987046
132032,0.0029411707
136915,0.009511774
32473,0.96322906
134253,0.13432027
34469,0.79814184
36258,0.9025141
37238,0.9450856
135083,0.013649103
131680,0.008919532
134036,0.4710831
133695,0.51563144
36278,0.7444641
34188,0.9481688
133154,0.1489131
35977,0.92908466
32490,0.69020444
134422,0.711293
34341,0.04319308
36526,0.8277312
135638,0.07610478
132494,0.5176052
132238,0.06265274
36753,0.9381933
36460,0.36249986
34299,0.6742359
133890,0.650325
136148,0.08168056
35260,0.6291734
130339,0.020322287
36339,0.88973117
130666,0.44212642
32808,0.87519175
130802,0.086676635
33928,0.96088403
33550,0.8220546
132215,0.008388986
31277,0.9217279
33563,0.7306312
33197,0.7821798
33259,0.88600785
135604,0.025258068
131965,0.18619342
30517,0.95438033
34781,0.83970255
30053,0.67950165
31669,0.8681531
132079,0.005705042
135277,0.17845388
133454,0.055022147
31741,0.59520376
30949,0.9303642
133089,0.0022189093
134994,0.034394786
131885,0.86980414
135852,0.13207078
131925,0.34238422
31986,0.829183
30118,0.7264615
33217,0.1718647
131195,0.8219045
35776,0.96684027
133242,0.78065974
31768,0.8760103
134305,0.88135135
32756,0.95209175
135607,0.1079247
35323,0.779667
30198,0.032751318
136536,0.06518683
136437,0.0030989808
133492,0.005021148
30614,0.29299402
36167,0.9632218
33800,0.9310221
133281,0.021323165
134775,0.008155227
135040,0.008949565
130201,0.49747768
136778,0.5811441
35950,0.9426722
132921,0.011062584
133074,0.18992096
37032,0.3733293
133525,0.19682708
136738,0.09579754
31674,0.9122301
36004,0.8845917
134787,0.8515663
37102,0.9534076
133972,0.055934075
30754,0.88927364
135250,0.6805528
137410,0.016421707
32308,0.9288169
131936,0.7121778
131625,0.21938333
130649,0.11189357
130686,0.36868003
131258,0.014121338
132288,0.14489837
133214,0.13271202
36933,0.8295307
32327,0.88392663
136110,0.035605226
37152,0.5695164
31663,0.9454129
36541,0.82345104
134492,0.08213355
135980,0.0738695
133801,0.08891161
137412,0.046961192
30935,0.8922539
135909,0.054452777
35605,0.48517126
132152,0.017776176
131643,0.0018505625
137235,0.51884985
135862,0.10783369
132621,0.015122323
31532,0.92503625
133443,0.47294748
136327,0.06434359
35404,0.9665881
135177,0.012935266
30455,0.23867826
136300,0.34623322
134000,0.54188395
135404,0.00572338
32837,0.96693957
134843,0.009737567
31229,0.47716606
31185,0.88626826
130566,0.0047090296
136707,0.019917533
30055,0.956202
36105,0.90590465
136361,0.13558517
132539,0.05451392
36515,0.92179424
134567,0.02015877
33979,0.8483812
136029,0.04356065
136384,0.0020935584
131715,0.041106466
133589,0.48996782
35713,0.8921206
133747,0.09771613
135652,0.011761443
34668,0.89629024
33699,0.5669272
132239,0.03800065
135389,0.006172384
132817,0.532318
130820,0.01010896
37309,0.34270465
133377,0.09489651
131246,0.07105478
33759,0.9592092
135714,0.028688464
36911,0.8861324
32352,0.844911
35431,0.93622166
136151,0.012392203
136677,0.011307579
33631,0.89353275
135411,0.014725195
137083,0.047812544
132443,0.0014251847
32403,0.9446343
35341,0.9022741
133411,0.021727957
36661,0.9331174
32442,0.95384806
33340,0.8682783
35714,0.8953532
137016,0.011635011
33472,0.46188655
36962,0.804231
130325,0.1875185
131213,0.42677823
36367,0.22652833
135697,0.7776729
35478,0.87519705
31232,0.6149188
32731,0.9032519
30258,0.94739366
135916,0.059288356
137046,0.13575125
135807,0.4339997
130000,0.6072047
35975,0.6898027
30797,0.96132696
133220,0.013283815
133796,0.0044556563
131358,0.07943196
30004,0.93037724
34780,0.8760253
33295,0.7429023
32201,0.61869836
34917,0.7094295
35580,0.9461464
133403,0.37207115
132644,0.9394952
135283,0.009825693
35978,0.80127645
30070,0.92149633
34401,0.946291
32771,0.7999344
131577,0.042364743
135858,0.19715467
36173,0.70022005
36708,0.8998855
130273,0.2202385
33793,0.87785083
137353,0.2741744
131149,0.0075645586
132336,0.4596956
36683,0.7628195
36692,0.8632123
33946,0.54990095
31647,0.32606804
133923,0.19331059
130509,0.008351524
36344,0.893684
133063,0.09434775
135566,0.024334181
30191,0.19113225
132242,0.04464862
132693,0.1846304
34092,0.9530382
136755,0.6035175
130918,0.036265735
131416,0.014162669
133339,0.19487569
134513,0.90735525
135338,0.02556759
32785,0.78125644
136766,0.051239155
135206,0.31434557
132730,0.006627744
135240,0.31108436
130826,0.33463717
130650,0.9147769
34390,0.95547575
130993,0.20254055
31436,0.91552263
33082,0.9498896
130515,0.071620636
31466,0.5168569
131964,0.030404449
31282,0.8218817
30081,0.8666044
131894,0.3497279
35604,0.9621326
30756,0.91348433
31066,0.9204666
31138,0.8885715
36153,0.9397771
131658,0.04151883
31562,0.8823906
133927,0.18659414
31052,0.71277815
136410,0.3131757
30288,0.9290606
32947,0.754467
33872,0.78495234
35881,0.7857982
134323,0.05079575
133253,0.7895437
135896,0.0026092005
31623,0.96538293
34572,0.9553157
135834,0.06972952
135761,0.18469998
133129,0.8981458
30585,0.95024747
132218,0.008054426
34447,0.911135
135660,0.04898633
31158,0.6102436
135180,0.80971974
130191,0.2968032
37033,0.9039667
32872,0.6925251
35481,0.82306993
35192,0.92448443
30245,0.947509
133764,0.9531057
34036,0.049101036
30742,0.96284246
33452,0.8698985
33863,0.9665648
137450,0.055966888
137453,0.006054985
31224,0.9343585
33738,0.9177131
31554,0.87982434
32583,0.84586334
30319,0.48882326
35705,0.9547405
135744,0.011306801
137048,0.48500794
136521,0.007976067
30037,0.3960284
136264,0.7362977
136635,0.012864541
35080,0.88576776
137150,0.73232526
135642,0.039994262
32855,0.63264674
133949,0.122702576
32267,0.9134201
32665,0.56342095
131162,0.0051063355
132806,0.81417185
132985,0.5873905
36493,0.8056784
31375,0.93516076
133040,0.015460569
132197,0.10330763
130081,0.34014308
32710,0.90505993
133497,0.13406572
135079,0.22962935
31003,0.9308148
133554,0.021578174
131167,0.027212292
132545,0.12526436
30564,0.9368556
37142,0.9260266
31315,0.91219705
33661,0.94411635
134680,0.23088118
36836,0.9646775
33722,0.8758118
30259,0.9649434
133869,0.6549309
35935,0.95664054
130807,0.089385085
134867,0.63210106
136996,0.0060420497
133960,0.16604732
32077,0.81170785
131286,0.58427626
31524,0.70459694
36210,0.9340333
131042,0.05794192
135457,0.012756095
31719,0.82219225
134085,0.67692715
134064,0.38980347
32370,0.7352335
31414,0.9336909
132964,0.0013244156
34966,0.9205772
36516,0.8942774
32574,0.93950444
134704,0.26472285
32180,0.8780745
36750,0.5426863
134673,0.07701908
132260,0.052543808
135183,0.039640892
132990,0.46008307
130568,0.028555665
135704,0.003169323
36534,0.75864005
132509,0.054357022
35209,0.89145315
34171,0.87595063
34946,0.7121867
135259,0.023147518
36328,0.80748695
136858,0.35816133
34417,0.9129328
31785,0.75645256
33609,0.49255952
30321,0.7381416
133685,0.18776993
132633,0.0074648466
32309,0.5408011
134158,0.16301633
35419,0.88628596
134230,0.009541403
131924,0.021313425
34374,0.90640914
130198,0.57581484
31690,0.87134635
32912,0.6462059
132626,0.84548396
135885,0.3830705
36020,0.8363524
34340,0.9019433
32418,0.8966771
30619,0.75134003
34933,0.8693397
136315,0.051244374
31115,0.9280335
31087,0.38678882
134899,0.11318215
133597,0.33569837
137232,0.05438832
133765,0.0143224625
134301,0.0024154352
134543,0.018385837
31067,0.91319835
33850,0.90602
131657,0.6781708
34243,0.60118645
33985,0.7020778
31956,0.9635931
31560,0.94881845
134670,0.013725309
34275,0.8832748
136281,0.007872519
136751,0.6638774
30758,0.9436819
30409,0.8958579
133836,0.020499902
35929,0.70894104
135643,0.039154157
135166,0.019997569
136680,0.003944234
132875,0.9215037
136058,0.22768125
32875,0.5552454
32610,0.8896303
136197,0.21226376
134007,0.0078090397
34389,0.95376736
136724,0.110287085
134840,0.0061763427
32817,0.41707227
36728,0.43785754
135062,0.049891032
134503,0.026297068
132725,0.038066596
31502,0.78843695
33180,0.9246302
30296,0.9549681
131193,0.7255226
32497,0.96371156
135766,0.10620219
136729,0.17444177
137176,0.20805971
32313,0.32670343
130656,0.083521314
136853,0.5542349
130760,0.004390789
32196,0.8806288
35647,0.7973442
133888,0.05851578
135011,0.011189559
132853,0.029438965
132873,0.020828294
36427,0.8764939
132416,0.17446505
131287,0.050671898
34262,0.7733346
131775,0.0131679345
30617,0.9519729
136723,0.0027386763
33860,0.938972
136605,0.026574366
132356,0.26988852
135357,0.006288704
131247,0.0053403904
30807,0.9460873
36330,0.8766045
131865,0.057292122
130173,0.09238005
35649,0.82457334
30299,0.9300678
35712,0.57960963
36798,0.7365242
35353,0.92020446
136136,0.75587773
130206,0.15268786
130275,0.3425009
130797,0.019570619
130069,0.5021314
134636,0.24376838
32565,0.5922566
32094,0.6142927
37171,0.9445719
35273,0.9206703
34232,0.95183784
135193,0.7209012
30019,0.89806664
136955,0.07296699
34782,0.6128053
132824,0.0045069098
130497,0.051404852
34803,0.90652263
135906,0.09949851
137289,0.0019011754
131613,0.8549483
30824,0.9695813
31357,0.9253739
36527,0.6825729
33957,0.7617009
32148,0.92006946
33585,0.8726699
35184,0.5624072
132101,0.1333618
137096,0.33084467
131958,0.14671947
136406,0.031148022
130732,0.6238552
137279,0.0015379626
36407,0.24794912
136577,0.40703171
32134,0.9641364
32050,0.9543794
132208,0.0530429
133819,0.8233638
35088,0.86372226
132594,0.5994731
35786,0.8951829
132722,0.22248964
131752,0.15084428
132643,0.0050775097
36170,0.9188959
136818,0.01905636
37087,0.53018355
33647,0.9675757
37148,0.921831
134299,0.009163914
130924,0.1738713
131714,0.45813704
30058,0.7622516
37011,0.8985782
130320,0.08800481
34628,0.9284796
130879,0.12217309
135780,0.0041796807
37091,0.7523363
135819,0.025647322
131519,0.28621158
30153,0.9332496
131721,0.023806112
132343,0.18479323
131105,0.011757947
134484,0.013982481
35399,0.813782
133646,0.30371594
134746,0.02871942
33308,0.5274067
30135,0.63825077
36638,0.9632298
33984,0.558644
136843,0.61947817
32275,0.3935805
136506,0.014888464
32534,0.9620528
131369,0.2121167
136861,0.034977425
30209,0.9561038
36444,0.9476494
134874,0.64234674
32918,0.7765825
130230,0.009717158
35496,0.928827
134635,0.0071642874
133360,0.6711508
131679,0.091159366
34205,0.74929786
32529,0.72190714
30844,0.6771123
32364,0.8862307
136833,0.66024315
135039,0.86466295
131549,0.8891772
34322,0.9015633
137456,0.00376692
134148,0.24032201
132325,0.048401784
30363,0.67302907
130090,0.22090776
131652,0.03289035
32521,0.9357019
132369,0.016146934
134918,0.012914181
132479,0.005745614
132200,0.024280204
133062,0.9158641
133555,0.76092
30989,0.6927396
36345,0.69934916
130762,0.5508105
131908,0.19461031
130237,0.11263411
34989,0.91230094
30761,0.57727814
33916,0.74582785
34979,0.9260585
35248,0.5735997
134165,0.002310151
32895,0.74850506
132111,0.36811414
31073,0.9666392
32386,0.8810998
31602,0.8845548
36446,0.79972434
135887,0.18592513
132093,0.9261157
130541,0.0023295693
30169,0.9263578
31354,0.6947447
36662,0.7680715
32541,0.8865171
37359,0.8758688
34339,0.88599765
30476,0.6055746
130914,0.0978815
134010,0.06167621
134067,0.9466101
34047,0.7343568
33668,0.9594507
130307,0.020158313
33947,0.9069439
134295,0.0112568615
133851,0.13385086
130726,0.049542345
135770,0.12504576
31156,0.94179463
134189,0.25349873
32248,0.92950726
132012,0.025940249
34660,0.9236123
137433,0.04537444
132640,0.4011856
133402,0.0022750588
136934,0.8118002
136063,0.07623262
131282,0.14266467
132500,0.06918879
130868,0.69287163
33342,0.6597995
136254,0.19537061
131501,0.033187356
131852,0.2752415
30729,0.89092135
132475,0.0123701515
31013,0.612239
132275,0.84717375
36351,0.81442213
132535,0.0054756794
132826,0.02013294
131425,0.301935
30580,0.39105535
133457,0.6653192
34255,0.45150238
34133,0.9497428
30520,0.7749009
132362,0.058614913
130270,0.014487462
131023,0.03569007
31328,0.96912855
134556,0.032600865
130057,0.695248
35447,0.9341437
33114,0.94706774
131704,0.14599621
31443,0.94485956
33641,0.95435405
130827,0.31095812
35071,0.88764817
132899,0.012939254
30791,0.94532204
136286,0.13802317
136102,0.035070892
136473,0.21077858
31435,0.9661598
33628,0.91414434
135077,0.46410346
131944,0.8769341
135676,0.045272835
33447,0.91330177
30376,0.9402929
34627,0.91034126
135297,0.002312051
30052,0.02366579
35445,0.965169
134414,0.60415745
37174,0.9542093
32634,0.7733841
134043,0.09407938
137158,0.07353548
36637,0.96530473
30480,0.6730867
32412,0.92130965
34320,0.4557934
35837,0.80885774
32048,0.9486934
136752,0.7578961
35878,0.9722178
133871,0.23736542
130913,0.10123062
132905,0.38298586
35093,0.5707552
31712,0.7458874
32096,0.8321647
35412,0.8668151
132411,0.8919558
30136,0.9455635
135590,0.029936843
33592,0.91915977
137321,0.018991701
35233,0.7729899
137328,0.48553878
32800,0.62041795
31448,0.94554746
131686,0.0071391924
36778,0.92337185
37329,0.9381648
133759,0.004723585
32877,0.75367254
136104,0.021116767
30103,0.23752195
36554,0.84754705
33644,0.69682604
132931,0.029946545
134883,0.049579035
32373,0.4444103
32737,0.9337782
132044,0.06444612
31252,0.89553547
35672,0.9708791
32620,0.5648925
135441,0.01664988
130994,0.046922028
131888,0.026333196
31364,0.6339598
137374,0.028868847
30647,0.9555738
131500,0.030348968
37090,0.9179495
134756,0.10368965
35369,0.94534856
136115,0.015691508
132175,0.008855739
34622,0.94249076
136050,0.8539208
35508,0.9600562
136874,0.137888
133283,0.074493505
137429,0.520733
134948,0.003522762
35979,0.9232622
33525,0.9423402
36716,0.6730265
133318,0.08786783
30931,0.7393561
136529,0.02337629
34735,0.89004344
34236,0.956917
30602,0.8753469
137418,0.11963297
135528,0.118288666
137157,0.2559091
35707,0.96348673
34354,0.8767493
137052,0.20383929
30624,0.017940972
31370,0.6000085
34052,0.770258
136299,0.53382784
32971,0.74921566
131225,0.001407699
33182,0.90867513
35024,0.5296894
32090,0.4073951
134997,0.059902754
136608,0.80171394
35600,0.93311024
37169,0.9056373
34684,0.93193066
36192,0.52314866
136479,0.8708557
30695,0.33727336
134622,0.12652574
31432,0.90989494
131245,0.21118075
132091,0.0069831554
36905,0.8742653
36288,0.9658809
32474,0.49769858
133120,0.0024475243
30883,0.767826
32862,0.5104363
31755,0.9448865
134080,0.5869669
33444,0.889748
136999,0.028296756
134941,0.12518056
30375,0.89497834
132118,0.04437756
131141,0.048039522
34756,0.9067759
134626,0.11018591
33643,0.9438237
137413,0.07582386
30213,0.7272277
33127,0.9415786
32822,0.9507393
131221,0.01531514
32295,0.92742956
131413,0.9616492
31413,0.905021
32713,0.9683848
136804,0.8129881
37106,0.87174267
131504,0.9527587
31579,0.86458766
130177,0.04357337
33391,0.8462236
130560,0.05679313
32589,0.9459482
134275,0.0006219966
34483,0.9658694
34327,0.9374925
131390,0.16780353
131322,0.2533459
37478,0.9524351
33675,0.8772672
33987,0.81965715
35812,0.88791794
31215,0.9319699
31187,0.9564034
133814,0.026429672
33073,0.8221534
131729,0.104547255
132553,0.067425296
137372,0.085707724
35794,0.9618229
132629,0.024703009
33639,0.87272817
31074,0.5190143
36694,0.88840777
37192,0.32003096
134410,0.0016578655
37094,0.26395196
133107,0.22518699
35175,0.5312108
131499,0.8724428
37244,0.92681223
135977,0.11990683
137078,0.6935782
36478,0.9476245
30195,0.8428253
131644,0.02927438
136870,0.03388771
34178,0.8091577
35426,0.82546467
34347,0.7981862
133349,0.7203433
36476,0.9332828
130370,0.36052358
36564,0.9324622
134048,0.46357405
135630,0.8820909
133790,0.75931627
130799,0.56217194
34728,0.90387315
130172,0.0053282967
30571,0.51525587
131974,0.45414343
36248,0.22221266
34992,0.63802254
135866,0.011036702
132083,0.0127920965
30842,0.8641327
36606,0.8641778
36770,0.96647537
137056,0.62734973
133830,0.0433804
33771,0.95780635
136562,0.03090808
34244,0.87902594
137417,0.28971314
37038,0.95629954
31619,0.84549385
131685,0.0121730715
35282,0.29070854
134658,0.19648132
133532,0.006112825
134679,0.034069568
35335,0.82202476
132049,0.76362264
34297,0.8635993
36926,0.8737187
131036,0.007229827
34888,0.6502329
131931,0.007438006
132966,0.101358436
31167,0.6528637
30050,0.3410991
137486,0.08606693
32764,0.4446657
136440,0.053566866
134742,0.0061552054
130489,0.7466637
136489,0.033630952
33636,0.82292277
132886,0.09877588
132612,0.34245455
136518,0.55399334
135721,0.24712387
30435,0.8751412
34497,0.14336814
130248,0.010804874
36719,0.9399944
132163,0.13620724
33910,0.97624844
132278,0.0048437547
133105,0.18581253
132394,0.78267187
132029,0.03192798
132463,0.008972076
137425,0.058222175
34578,0.8719701
34762,0.6869658
30334,0.84000957
34064,0.9503617
132244,0.00392702
34399,0.9033548
130338,0.035954703
133099,0.003006882
36313,0.81274974
136304,0.037525337
35393,0.81021243
133987,0.90919274
135857,0.12003701
34721,0.9482252
30707,0.92633295
135853,0.5611807
131312,0.010081189
36213,0.8424431
35049,0.673031
132214,0.85372126
31291,0.49267745
31165,0.31222272
134287,0.48080534
135733,0.55219597
34040,0.94944775
33880,0.9395267
34875,0.9570752
135812,0.02708736
136094,0.055495992
36280,0.69100964
135988,0.6802573
30011,0.9160023
35748,0.97421885
37422,0.86091024
30168,0.9627158
134708,0.2297193
36635,0.3236488
131916,0.5278632
30592,0.7803195
136839,0.01464792
35127,0.9086899
31981,0.95182383
32491,0.8227193
31858,0.9046714
132017,0.07517179
131569,0.017109958
30176,0.92532
32039,0.17049451
130055,0.08075035
34493,0.64463997
37260,0.90196264
31084,0.9666791
33393,0.9561947
30712,0.5349005
35134,0.87222165
32569,0.9537952
33133,0.89533025
134516,0.006445351
31934,0.95060486
31033,0.9711472
32661,0.9286119
34707,0.9415809
30770,0.95893073
132071,0.7670809
36981,0.9389958
36539,0.9416868
36081,0.65987724
35693,0.9688811
136497,0.060515273
130876,0.1212634
131832,0.005626481
36959,0.95586205
32409,0.89295995
133603,0.418469
35666,0.89273447
37305,0.9633716
134298,0.8392002
36337,0.7670151
30114,0.8959969
36902,0.944453
32174,0.9453413
30864,0.77608085
35710,0.9452006
134973,0.0068291207
36175,0.2961132
131396,0.111816026
131779,0.025117954
34155,0.96370703
30295,0.92574245
131437,0.0048282207
131226,0.8636071
30516,0.92430687
35972,0.2719224
33864,0.2692987
133193,0.12726457
131391,0.055145532
135534,0.27016887
36486,0.9347007
30550,0.9622667
131480,0.115238644
30368,0.8945149
135140,0.104815446
30870,0.8289597
133635,0.89662814
31948,0.9396452
130087,0.011464656
132935,0.01835608
136178,0.058580745
36804,0.75819176
34077,0.9373243
136856,0.028181555
31942,0.9093565
34444,0.36199054
131532,0.39059138
32022,0.33749962
133352,0.6039822
36628,0.9615883
33488,0.28553656
133470,0.024936207
130035,0.022216165
133451,0.0022132294
33901,0.92785376
133338,0.29443878
37181,0.6073636
131608,0.9389101
35236,0.95625603
137244,0.0113330735
34081,0.90318245
135620,0.14261824
132456,0.008200424
37385,0.9578404
31127,0.37574703
37455,0.82557297
130287,0.522377
130361,0.3785017
34815,0.5300537
130443,0.005348395
131984,0.005820357
30336,0.15310088
32615,0.7446224
36701,0.8345181
133767,0.0052838367
135241,0.065284654
33857,0.81514716
37312,0.95932883
137142,0.0098594595
133655,0.062564515
30986,0.95103437
133543,0.028745467
134976,0.0038582617
130872,0.010484519
133361,0.056537427
35872,0.92161953
133516,0.13971348
132823,0.013190849
135788,0.03810046
130495,0.039086055
136325,0.034569632
132780,0.010507711
135278,0.12438193
134609,0.003849259
133346,0.42435294
32976,0.7060569
34143,0.9090439
132537,0.683743
31797,0.95876545
137423,0.0070398753
133598,0.021636873
35993,0.9604054
133396,0.18285088
30743,0.9665628
33680,0.6880237
31234,0.9388753
30763,0.9528164
31440,0.81151485
132427,0.06414101
31896,0.80222684
36379,0.95627785
35474,0.08656229
130329,0.016170813
136483,0.012341191
134735,0.0010473876
134228,0.0795519
31714,0.9737985
131871,0.022912215
32841,0.8877064
31635,0.6158092
30588,0.56514686
35312,0.576526
132462,0.1266069
35664,0.8078642
32735,0.80110955
131572,0.0035597947
30884,0.94089544
32890,0.9448288
35502,0.81323797
134370,0.0022821224
32642,0.86432666
35797,0.9129492
131521,0.60557055
31660,0.8272887
32859,0.961504
131824,0.53091365
37031,0.95793283
132881,0.7175367
34308,0.6836676
132230,0.95316976
34990,0.87148076
134630,0.036148276
36216,0.9720222
130314,0.9258295
31953,0.90545017
136215,0.034924928
34363,0.91343975
31781,0.97003716
30976,0.9699756
32125,0.97366184
32975,0.92334086
32878,0.9255011
36774,0.89351296
36958,0.95694494
37194,0.24277358
135284,0.012900026
33286,0.9012953
32715,0.8875604
130205,0.15672651
34394,0.9545252
132241,0.015631486
136028,0.02330686
135313,0.14004582
131554,0.0038908233
133692,0.0091391085
35030,0.93413633
130974,0.26781508
32395,0.919366
36872,0.8390076
36943,0.8811907
136305,0.05381512
134014,0.5304618
35976,0.7916664
137100,0.10537929
33932,0.9031153
33594,0.6219047
33657,0.86540556
36531,0.9524793
34156,0.8188722
33662,0.12728395
133091,0.0038565411
31104,0.8766738
36788,0.95627695
36631,0.9225538
30012,0.8885888
136452,0.69777477
132286,0.062383275
134480,0.008369444
31608,0.8945308
134057,0.24946459
130053,0.0074005164
135130,0.28558582
36793,0.92571795
132974,0.7378616
37187,0.7913078
37173,0.86763287
34099,0.93722105
36217,0.92314416
130792,0.084013894
34056,0.7129875
136966,0.04973812
133395,0.55348283
37071,0.94504386
136890,0.016532177
134309,0.04152335
134458,0.8557223
30555,0.95417744
133280,0.25025582
30067,0.9398709
131148,0.8122168
131394,0.0015298992
32536,0.7368102
33166,0.4889381
130614,0.029381918
31887,0.92147934
132019,0.025352389
30967,0.92884475
31997,0.95867306
37381,0.82831013
136394,0.4025453
131972,0.067582875
131722,0.13341829
130142,0.860843
134114,0.0121074105
36525,0.90066797
33887,0.95217407
134413,0.011131892
35952,0.48057368
135742,0.05166517
36733,0.89684784
30041,0.8785471
136813,0.022522565
30911,0.7632205
34837,0.9641423
31292,0.87204415
31752,0.950009
135639,0.01956159
130477,0.17911711
32651,0.49871358
133392,0.12804085
132709,0.16975728
32673,0.8522146
34114,0.86569315
30914,0.7785156
132181,0.040663954
134606,0.23716423
31453,0.880521
131651,0.016478118
36897,0.9095604
136989,0.01816824
133582,0.0046835896
31725,0.592009
30357,0.49844483
33354,0.8408265
30098,0.95771897
30561,0.91878587
33123,0.6415289
30702,0.9700365
31513,0.04330432
36385,0.9088481
132514,0.007067127
30426,0.9356217
136699,0.2112209
31590,0.90705127
130641,0.012518421
30604,0.8525878
136816,0.0029250598
34191,0.9368934
131009,0.21615413
30047,0.9288166
33334,0.95673263
130738,0.05355768
33159,0.9167175
34015,0.9593591
132480,0.007478701
31646,0.64312667
31479,0.9168339
36757,0.8839491
130925,0.006008222
30653,0.31278464
31129,0.87622607
134032,0.0076548085
132297,0.035612885
35172,0.97797203
36492,0.9615125
30667,0.8601094
130450,0.06351525
33774,0.05933504
134144,0.027073188
137003,0.21054083
133291,0.57708913
130903,0.30859616
130416,0.08149236
135667,0.037533272
32129,0.5844045
32857,0.65053546
37233,0.7718907
130640,0.001441367
30084,0.04213315
31233,0.93619555
135550,0.15163709
132739,0.027010625
31927,0.6446795
33412,0.94240826
37112,0.92566687
131393,0.8450469
132893,0.360339
135082,0.06206912
33039,0.87354726
35719,0.88056606
32572,0.5509518
33754,0.73360986
37239,0.91237825
30890,0.8101247
33938,0.88064384
134851,0.38609397
36561,0.65034616
30846,0.9162541
135575,0.7691222
36228,0.8719007
136613,0.026279157
33733,0.8980825
131641,0.23332545
34415,0.07960227
131933,0.05653717
133213,0.7888098
130024,0.02545621
33117,0.8670107
37222,0.069292545
32329,0.9484377
36085,0.8367839
36776,0.9623382
34648,0.9296791
133027,0.1943125
137265,0.22465268
36684,0.9388101
135580,0.10807302
33568,0.9496624
137449,0.0032343133
133838,0.28282234
133822,0.010297627
35223,0.9602087
135486,0.0013852582
131993,0.33982232
37442,0.6724568
35757,0.34086305
132951,0.03879106
33999,0.7917295
34153,0.91779774
137370,0.6184633
32028,0.9747011
134527,0.006431688
132351,0.04946203
37175,0.5505084
134227,0.29316798
36049,0.73516554
31018,0.9351353
30127,0.8697245
136558,0.09357045
130933,0.009232223
131370,0.20542446
32155,0.65262955
31121,0.9668255
137288,0.008702096
36450,0.6722407
130980,0.6648386
134030,0.015298767
34984,0.97296345
30237,0.8379834
135238,0.34508133
30666,0.62535834
31333,0.5001385
30983,0.93836063
37182,0.96932113
35880,0.9368102
131857,0.42908052
135009,0.25940818
35164,0.9296395
35440,0.7155791
36232,0.68365467
136431,0.82417417
30062,0.96003366
33971,0.82183623
130795,0.06778932
134734,0.44248483
34214,0.8300573
35523,0.9204596
135672,0.27853444
134075,0.307482
33519,0.5825955
34130,0.86917603
30578,0.9413069
132358,0.19030501
132683,0.620086
131146,0.03759417
34044,0.8530915
33611,0.9571551
136182,0.06308051
136980,0.07484337
31603,0.88069874
135999,0.080754824
33434,0.91951483
30448,0.8669393
131992,0.0034870128
133653,0.013883846
30861,0.71277815
35074,0.95847195
137041,0.094799876
32399,0.92236286
131900,0.17412858
33410,0.74124044
132237,0.019667247
134766,0.107356064
33542,0.889559
134382,0.17741504
134023,0.07625042
34569,0.9190427
133800,0.13145617
36086,0.9688899
132360,0.3062998
134198,0.010366336
131915,0.19939536
136678,0.0683172
33020,0.7814967
31734,0.9369522
135033,0.35792738
32635,0.9435149
135429,0.30084166
33149,0.45952123
32302,0.23675188
31652,0.7139445
130040,0.034221876
31713,0.8321208
132745,0.15029672
35913,0.9657376
35339,0.60002553
36468,0.68201953
32722,0.5825955
33384,0.9152084
136085,0.19160153
132989,0.53264576
134939,0.0070204698
30343,0.5951906
34867,0.82911104
32060,0.7286689
130199,0.28317305
31063,0.9424494
31382,0.7241187
132284,0.13144903
132060,0.55340004
134836,0.022941263
30146,0.7064747
32504,0.93675756
30625,0.6684604
32336,0.45100614
134510,0.07608076
31177,0.8373
134892,0.017696235
133642,0.031627033
30413,0.93346286
137475,0.035999402
35018,0.9503126
31815,0.6065182
34376,0.9416336
134561,0.0118966345
32144,0.8410923
130293,0.2959692
32805,0.7624631
135075,0.6201293
30302,0.9240672
134586,0.65523076
37126,0.8567329
30804,0.87165076
133504,0.08313135
30774,0.95765907
135301,0.0119671635
35344,0.8571322
133722,0.28161082
34805,0.95880073
135944,0.018094283
130653,0.060231406
133000,0.06083426
30059,0.5785491
134254,0.0028834161
36822,0.22161038
32397,0.9593773
132296,0.029970234
33037,0.9436296
33854,0.43007356
133515,0.011820064
32943,0.8761123
31913,0.9046574
130277,0.013861451
130213,0.6788706
32213,0.9392481
30082,0.95221853
35334,0.8234045
133314,0.72973305
35941,0.9249055
34202,0.87102515
33544,0.92898875
33239,0.9394662
133641,0.65234435
37266,0.88872665
36505,0.9787508
37459,0.9209798
133963,0.08841517
134589,0.04696256
33692,0.9576323
35596,0.9453571
32580,0.9604014
136767,0.02712033
31732,0.37095603
31203,0.62703323
132319,0.8394005
136266,0.8582515
32233,0.97239214
135226,0.74840254
30307,0.633239
130576,0.09235212
134448,0.037281018
134863,0.09124412
137062,0.0029617923
30273,0.92319065
136323,0.30832475
131631,0.020224215
136217,0.34213036
34561,0.9334266
32834,0.663903
36890,0.90038127
133750,0.008151316
134434,0.5385237
135709,0.6329939
132616,0.012649319
132160,0.43360168
133327,0.06187503
136879,0.0039563375
30287,0.9410982
134499,0.006308805
130056,0.0040765405
133146,0.14530236
133191,0.764229
31274,0.75658315
34938,0.9623014
34352,0.95950955
36936,0.73137844
32774,0.9395916
133982,0.038490545
134336,0.7261921
132470,0.026099611
36335,0.65968794
32935,0.0632191
135971,0.8830847
134666,0.38008204
32023,0.86045045
135995,0.27700067
36644,0.9396882
30855,0.9647543
135254,0.07954284
130588,0.1433014
32990,0.39349645
31883,0.5271762
31955,0.92994356
135700,0.43801925
134150,0.28434187
136852,0.21249893
30956,0.4389014
133742,0.008765132
35742,0.94929534
130059,0.04709601
34839,0.9532821
34774,0.74063987
32217,0.88355684
135503,0.017987182
34384,0.96734524
31437,0.8857513
136065,0.771879
33279,0.68209946
36436,0.7327132
33508,0.8180432
134893,0.092571035
37401,0.9165456
32622,0.9396559
37191,0.92176884
137427,0.21801576
33066,0.9609091
31754,0.8551142
131910,0.087478615
37419,0.9275559
136747,0.007418883
130043,0.033729482
131019,0.02294074
136466,0.020751163
30676,0.9504146
33474,0.9422693
30859,0.9405504
36682,0.9250321
30221,0.8391929
36979,0.39358523
133540,0.024803033
31701,0.6331354
33621,0.8341834
136515,0.0033566963
33565,0.7598867
36311,0.9409154
132283,0.8303672
134450,0.0038276461
33353,0.74926615
135169,0.77284855
36651,0.92325693
36618,0.785565
136460,0.10647643
33225,0.9394267
132204,0.01811494
34970,0.76218146
31091,0.9322696
132962,0.08853323
136233,0.7768653
34734,0.3971851
130513,0.0027887365
136845,0.39442274
36986,0.20393683
34310,0.93396914
35116,0.8618786
134848,0.31852433
37254,0.18264717
33017,0.1769281
31749,0.66732764
135636,0.028985936
130337,0.7343936
135950,0.16979684
35534,0.72916293
136809,0.003488841
32894,0.9025796
30621,0.89789534
30569,0.2568351
133648,0.054221492
130796,0.0054535405
136928,0.014139413
31312,0.9607971
30391,0.7991434
132124,0.0032813093
36548,0.8926258
37423,0.92540884
35141,0.9346992
130586,0.011494076
136248,0.19240354
36969,0.81720954
37446,0.9731814
30200,0.9704568
33071,0.93108124
31512,0.60898536
133284,0.44563347
131701,0.03685755
33735,0.74282473
36690,0.7598434
34547,0.9458897
34486,0.5799194
32468,0.9475632
130724,0.34737843
132166,0.6392002
130840,0.2310182
136829,0.31666622
131611,0.106791936
132776,0.009096519
35047,0.8338158
137060,0.19437407
137482,0.031693824
35969,0.96345365
32066,0.8216017
31223,0.88146085
31849,0.74828964
136451,0.90379745
34828,0.90647924
135409,0.013686832
36520,0.91762835
134126,0.0026279232
35859,0.95706
131436,0.0154986475
37144,0.9222518
137357,0.027395947
30421,0.7861469
34813,0.83594733
131323,0.7285142
31698,0.9017698
132472,0.14090018
33349,0.9038185
133604,0.006281959
135661,0.0038917235
136278,0.06670652
137473,0.9019784
137200,0.04360379
133595,0.018009298
32813,0.9026564
32528,0.96049327
130012,0.08406528
130204,0.01753085
132243,0.69153357
35336,0.9575235
130234,0.005704392
131260,0.057557285
33652,0.8465119
134706,0.05739353
30388,0.6990708
137201,0.024069868
132220,0.019147836
136830,0.026551984
136628,0.060961254
34019,0.9421842
32212,0.6061911
33821,0.46415776
33577,0.15489002
135861,0.18967111
137258,0.010669691
131475,0.7636041
132627,0.71394366
134481,0.0047497577
30832,0.870563
31284,0.50482225
130680,0.08266249
30463,0.11999738
33663,0.52098054
134176,0.0067036855
131957,0.059184205
134184,0.12433986
30222,0.63526875
131182,0.08825546
135249,0.0025301618
31812,0.6748179
137121,0.54509795
133117,0.015515284
130895,0.12645932
35126,0.83527964
135199,0.4177337
131271,0.23925088
136931,0.03316969
37431,0.67352813
32953,0.9435094
31053,0.934096
33920,0.8810274
136878,0.067360066
130709,0.063634954
36421,0.9350135
34582,0.83475673
31558,0.9475121
30685,0.83535147
134133,0.00321768
130523,0.726758
134034,0.02260077
31899,0.95582926
34213,0.8659117
35860,0.9248786
32985,0.51735705
32421,0.56055397
131338,0.013538515
34731,0.91548485
130772,0.04396314
133996,0.11756996
33878,0.92122
133362,0.19315788
134308,0.01464706
135799,0.16748458
30443,0.84548706
136132,0.07490691
137143,0.028239058
32433,0.8441645
31467,0.9733695
134569,0.042285576
136960,0.029584143
36869,0.8401835
37421,0.8571531
37028,0.8118286
33403,0.80410534
36145,0.6161429
133843,0.06564827
36973,0.36025664
37313,0.9570233
32006,0.95275104
132770,0.0069219144
136193,0.0035206603
30066,0.94736147
135225,0.021147393
32623,0.8786549
132249,0.04741256
34786,0.9677636
135214,0.23098376
136196,0.9008357
130319,0.15878981
31525,0.80969197
131751,0.0036559885
34936,0.9554112
32355,0.96458757
134340,0.60625875
36614,0.9162585
135103,0.021856843
32864,0.85249937
32219,0.3266497
135521,0.0037204341
34294,0.855808
131332,0.03914014
30142,0.9112038
132453,0.3291626
133547,0.61116403
131732,0.014092511
133571,0.0048596053
135133,0.028512139
31843,0.9604891
31571,0.7892207
130340,0.5522293
131080,0.130034
32271,0.90317404
35158,0.9442366
35912,0.14354816
35663,0.7865226
30481,0.79596144
32020,0.94717896
136160,0.005194831
31736,0.94049364
134996,0.023900986
35321,0.8474408
132528,0.0053519076
32767,0.9794819
33903,0.95781314
34890,0.9493541
134225,0.030146582
30629,0.9632314
134547,0.02340031
132184,0.41812152
32967,0.6807958
132106,0.38135105
37039,0.9598817
34776,0.95991635
35940,0.8936926
33120,0.95852464
131196,0.62740445
32741,0.8106003
30616,0.89713484
133417,0.029779287
132227,0.19720365
35884,0.94983387
130733,0.07632278
31411,0.95217323
30689,0.93253785
32161,0.89549655
130267,0.23940843
30593,0.361866
130803,0.10781512
133082,0.28453034
135649,0.02361162
132372,0.0023200347
35915,0.9203847
34350,0.8765236
32408,0.89024174
135565,0.87969834
32614,0.8416828
35327,0.6866244
130498,0.0041681915
36343,0.0929112
130454,0.60485
130251,0.2415845
133718,0.80176055
30897,0.48069072
30951,0.75428295
30432,0.89916223
36965,0.44881663
133398,0.008859363
134571,0.061773665
32561,0.96172434
34594,0.86225784
37177,0.59059143
132786,0.16881032
33826,0.6927794
33206,0.962996
31189,0.9645719
31081,0.92884624
136528,0.5861247
32818,0.96686906
133342,0.35119304
34927,0.71359926
135552,0.24743992
137274,0.012769535
136925,0.048557024
35082,0.8776471
32883,0.68817735
131054,0.0043732626
135648,0.10334416
31595,0.9339012
33945,0.45074567
136480,0.022181084
36742,0.97302294
132859,0.0052979533
136103,0.14316802
34900,0.9178998
36846,0.94159216
32602,0.9169857
30810,0.6350531
34000,0.74755627
134433,0.77158916
32920,0.96383524
132177,0.014099323
30521,0.27306032
31377,0.8618529
134643,0.8874083
33238,0.88500774
31394,0.7339811
134671,0.8715078
137436,0.10468322
135118,0.008331625
34742,0.9504433
133854,0.018162752
36270,0.9460632
32743,0.8238949
133561,0.0026308144
130331,0.44629467
131349,0.22420157
133055,0.0054810056
130950,0.13855954
31938,0.9494216
133643,0.003581165
32524,0.76899046
35490,0.91568524
30264,0.77822006
34084,0.791408
133011,0.010542672
136397,0.0070271436
132925,0.08279229
37065,0.83327496
31824,0.75323534
132448,0.00595557
33914,0.96088105
131813,0.0068478915
31180,0.81836087
35375,0.895819
37374,0.8242215
34717,0.9088801
31247,0.022915998
132429,0.2813105
131438,0.47182474
130286,0.042544127
35397,0.8390109
33978,0.9707911
37325,0.9651069
36597,0.96461076
133248,0.051326502
133989,0.04803808
131474,0.05842291
130871,0.84807265
33150,0.74696964
36451,0.37771997
135367,0.067861505
132703,0.006469623
137229,0.06547499
136523,0.0056822957
133959,0.14346547
30351,0.8147973
35198,0.90474945
30234,0.56165195
31929,0.9056378
133381,0.86354107
32366,0.9627084
34208,0.9537719
37311,0.9521044
134982,0.2849646
32185,0.9609362
135052,0.010046965
131239,0.029072197
134437,0.008599138
133756,0.17793436
35280,0.95130247
33861,0.71247256
136963,0.16362554
33267,0.86305773
32307,0.93648434
33515,0.9615352
30128,0.97078437
34673,0.9651285
35758,0.9089739
30701,0.96907705
131387,0.041998137
31744,0.81197864
35901,0.5150845
35754,0.83226955
131014,0.0051263035
135422,0.059724405
130291,0.0135475425
33648,0.8455862
34008,0.87515366
31373,0.8804065
134740,0.016500644
33056,0.949757
31117,0.9142758
33172,0.29496816
30232,0.9323145
33271,0.8214345
136368,0.0025799815
133285,0.19477363
36940,0.8964593
133135,0.4410518
30829,0.948337
132345,0.051339388
35487,0.87743795
130077,0.4641898
135987,0.48919418
133624,0.35246122
134172,0.11155009
133343,0.09042031
132223,0.04418208
131986,0.002647277
35281,0.9327962
35485,0.6696804
136991,0.007452576
134514,0.018576685
132216,0.1612862
32285,0.908733
32284,0.91063297
30218,0.5908944
32814,0.85690904
130610,0.88162816
136754,0.07957548
131559,0.015098339
131797,0.04197845
35477,0.9611192
133391,0.012543551
134907,0.012698767
134651,0.058462583
135181,0.5799415
135198,0.0033258765
36808,0.5705118
37457,0.9167037
135685,0.09212266
133164,0.010008018
135131,0.025085432
130362,0.0020014113
137065,0.10847967
135751,0.15686993
130735,0.032029595
130832,0.18420182
35641,0.9486102
35411,0.95113903
135446,0.007337212
31401,0.63455904
133620,0.17287423
136377,0.13779381
135265,0.10667621
34028,0.80023366
34248,0.31041884
33539,0.5405914
134999,0.045975797
131712,0.0015648239
136109,0.3420113
133072,0.007518277
131093,0.43942654
131489,0.014689312
132103,0.12464344
134186,0.0036010272
33755,0.3462355
130426,0.6445769
36998,0.7709753
135154,0.032901242
131997,0.01906185
34531,0.8971464
130860,0.34188884
132685,0.013311037
33895,0.8926841
33220,0.96603096
35613,0.95170426
31656,0.8581603
34219,0.2662066
37103,0.9726313
132902,0.005855504
130193,0.02843002
37137,0.9348331
34113,0.95497984
30477,0.8409493
136126,0.10822289
36752,0.7256346
136958,0.0032414866
37296,0.8854681
32394,0.6830945
31533,0.61693835
135910,0.5665508
31818,0.8908856
33934,0.13468876
32944,0.95486075
30017,0.9090684
133659,0.6437095
33760,0.83233565
36221,0.8398278
131604,0.5681605
33306,0.8352384
130911,0.011308011
32256,0.9750368
134127,0.15754588
36001,0.93155986
36438,0.96898896
135847,0.74449086
133293,0.005500675
131208,0.44977656
137141,0.0035933312
136055,0.032881826
134619,0.07115816
34859,0.20147806
37328,0.94144225
133019,0.0041101733
31594,0.9046387
30278,0.93019485
133087,0.011342255
133069,0.028498119
130647,0.09056523
135986,0.15942065
131340,0.32620063
131142,0.059704635
31992,0.6975756
130746,0.20460962
37489,0.9097788
34397,0.42012492
131593,0.06551504
130225,0.0023822167
135937,0.016502665
36219,0.677128
34268,0.93774605
132374,0.08778166
35747,0.9611658
136821,0.12747434
32995,0.96305925
135710,0.5899752
136722,0.6091505
35601,0.9574628
37447,0.89383066
35587,0.9630885
32259,0.41939065
35266,0.7439579
131278,0.0052940696
131240,0.3535698
130745,0.047628496
135518,0.5507853
37216,0.9473144
36616,0.83736753
135134,0.0040753987
36087,0.9201906
35696,0.8577299
31259,0.39060915
135764,0.2360435
134612,0.034080595
36155,0.93108493
31257,0.8484871
132501,0.007909188
36464,0.96714103
33420,0.42388716
134273,0.100941114
136675,0.7454149
134359,0.13696218
30538,0.32762924
32919,0.9680112
33489,0.22808012
133465,0.20184065
135074,0.0522567
32773,0.9181451
136694,0.018850805
37440,0.08347218
137018,0.62708586
137256,0.012299019
35498,0.78319365
133609,0.60493
130625,0.8916789
30236,0.8099348
135211,0.4009542
35378,0.717934
34234,0.70868164
137061,0.036081422
133512,0.006460208
32417,0.77870566
136317,0.009972223
133544,0.19286638
136882,0.3699991
131155,0.061871096
35356,0.89178824
132863,0.09276153
130561,0.005894549
36849,0.96304274
133064,0.44582966
135002,0.11778178
31176,0.68467313
33522,0.9508036
130328,0.22100425
37060,0.45996943
36215,0.78826916
31049,0.9438438
137317,0.14936368
136725,0.36285368
135190,0.0015460647
33995,0.9401259
36942,0.9284018
137315,0.06992665
137084,0.09798621
36223,0.8429319
33695,0.5568561
37324,0.88915324
134915,0.053453248
35567,0.92310095
136589,0.28496438
131694,0.055907726
137107,0.005017116
132558,0.20448382
137260,0.7593625
30584,0.9313794
31510,0.9703563
36603,0.9504652
35129,0.9236022
134071,0.15787128
37435,0.9284539
136120,0.16760765
30473,0.96604496
35173,0.41001266
37117,0.88720196
136642,0.53380805
131455,0.32943812
37243,0.90249735
37411,0.79699886
133616,0.02229638
32982,0.7977798
131744,0.044222664
31914,0.7074128
32539,0.9623321
33399,0.958624
35877,0.5469687
31072,0.9705171
130833,0.13120368
134512,0.005979437
36357,0.89288443
132365,0.25968835
135690,0.4355871
36976,0.73293215
31994,0.86222786
33497,0.86783147
32239,0.9181794
34132,0.94065595
32708,0.17425358
132054,0.009319592
31555,0.9570455
37001,0.6791396
35968,0.81086683
33980,0.8285184
31859,0.91667783
130452,0.0017798438
32262,0.90499485
133194,0.05695382
134878,0.8638276
32183,0.9225561
32629,0.9764441
135586,0.008452134
130212,0.60750043
136284,0.027553758
136073,0.04387155
37108,0.72695553
37495,0.6525965
135925,0.7571129
130162,0.0059820707
133431,0.00671523
30331,0.5915773
30260,0.2162902
135948,0.01591686
31576,0.27634633
36114,0.9738057
130613,0.0032948565
33199,0.9734354
131792,0.054966327
135488,0.038467407
134054,0.004620566
133508,0.3953806
31240,0.9619448
132729,0.005542311
136135,0.16791646
31943,0.776524
133891,0.18163446
35199,0.9401462
35544,0.9148191
136414,0.8780947
131203,0.048157565
135341,0.019388912
34367,0.8419413
130289,0.043340582
135424,0.38296032
33610,0.35276785
136779,0.28793672
131540,0.0014308309
137351,0.87556064
34282,0.8923533
137242,0.016625235
35846,0.9364541
33608,0.7105868
37321,0.6293771
137397,0.06845343
30035,0.38047212
32925,0.93754196
133721,0.010657377
31862,0.87693983
134157,0.03161843
30437,0.9656114
131511,0.1825505
31709,0.9540342
133138,0.013609347
132748,0.15065113
31417,0.9489015
134226,0.16029188
136296,0.01869589
130258,0.15731701
30596,0.94563776
136069,0.0575013
137259,0.17329046
130188,0.002159474
33881,0.93818724
32909,0.9455078
131508,0.046423696
32906,0.9233097
33879,0.9420881
36817,0.72570175
35379,0.53409886
137188,0.009654725
34192,0.8867856
30551,0.952071
35326,0.6574118
131753,0.00296721
30006,0.8550397
131326,0.41831374
30705,0.87350005
137114,0.04194403
32609,0.91012543
131125,0.022457153
36312,0.7417617
132663,0.06437225
134236,0.2065258
132818,0.69955176
35643,0.9552908
33678,0.9019427
132890,0.08331386
132596,0.3496369
131909,0.00651112
134420,0.0021933778
31309,0.94582593
33970,0.93563473
135602,0.24988635
36994,0.9409057
31047,0.89525706
33828,0.92965674
33546,0.9288572
130540,0.054275934
35552,0.74930084
137461,0.79383135
133553,0.01978497
37123,0.83004487
30576,0.9174744
137090,0.0060201995
130556,0.6961279
32197,0.6958441
132037,0.006811408
32092,0.9403598
130312,0.13199672
137261,0.018313814
35888,0.9659376
36535,0.94097126
131576,0.8182135
136075,0.8553509
131676,0.08997168
37083,0.8807175
136056,0.0072345412
36434,0.7132013
131052,0.75988495
134810,0.0048117754
136223,0.003805405
34847,0.9259338
32119,0.8131376
132851,0.7654954
135605,0.050807644
135119,0.8975204
132294,0.061236836
131897,0.14669757
37407,0.93078774
130343,0.934412
33118,0.923171
136984,0.01895188
33177,0.89827263
33455,0.84533095
136911,0.056190554
134321,0.0043284595
134031,0.9444415
136704,0.008634446
137113,0.6119049
135693,0.11015249
31926,0.9638391
36327,0.8947514
33143,0.59703
136265,0.0035585384
130962,0.035519194
33724,0.902338
132756,0.06497583
134266,0.47221646
131661,0.0049806456
31530,0.90827024
134408,0.04597284
34521,0.94622564
132162,0.13010606
137227,0.009560483
133379,0.005745265
30662,0.8737237
134602,0.040573496
36622,0.94562
136692,0.90625566
34273,0.5524877
33956,0.8722346
131292,0.004415638
132728,0.10944157
35918,0.93321115
136091,0.11959064
31409,0.94628304
133038,0.3759322
132844,0.010179497
137287,0.91711974
32787,0.9072915
131250,0.8574532
32495,0.91034096
31071,0.9405625
134439,0.8217227
135152,0.023237461
136012,0.00451718
36306,0.8005354
33013,0.5867875
134462,0.037093695
131275,0.022579502
30092,0.55696476
33260,0.8546519
131069,0.4701578
31697,0.92750585
136739,0.76248515
32847,0.92490345
32556,0.64439905
130850,0.20228955
30994,0.94018364
35932,0.16749865
36687,0.9441559
34404,0.8380551
33922,0.7706729
134868,0.03492379
135923,0.041909486
33686,0.96120477
132672,0.92707986
31032,0.87359273
34427,0.4861999
36448,0.87834406
31580,0.91408086
134583,0.010142263
134131,0.08237358
33876,0.9425447
133468,0.92718357
36697,0.96222925
30977,0.9265557
30354,0.8776522
133365,0.057651706
32046,0.9632283
32882,0.90126926
132832,0.061111398
33606,0.85678554
134912,0.014358251
36397,0.6003529
132102,0.019817144
34750,0.93401915
131938,0.0699427
33457,0.9527964
131053,0.06401383
32681,0.7125079
134833,0.2792196
131086,0.16450731
34682,0.9483386
30606,0.7394946
135578,0.06655695
30639,0.6677175
133672,0.8819872
131538,0.06405434
133118,0.0044420175
33966,0.90730476
32905,0.8621845
30648,0.9380683
136496,0.0131721245
32595,0.7185736
35238,0.39050975
132108,0.106796786
32690,0.90611863
133483,0.9375652
30180,0.9279362
132095,0.07197102
136802,0.2711706
35934,0.16607484
35458,0.94724464
36298,0.9346291
32451,0.6077029
133278,0.76693225
131690,0.0032692142
37120,0.8998709
31539,0.9513294
135421,0.18608558
33936,0.90323293
34876,0.8557132
136545,0.02390854
32448,0.8136366
30913,0.9317637
135921,0.07304835
133440,0.16706257
130685,0.027706336
30814,0.9136406
135147,0.47072974
37283,0.9143556
35270,0.8334335
131955,0.06966304
137329,0.32675222
31946,0.917273
133250,0.06003148
