id,is_member
cauldron_ln_8044,0.2501056
cauldron_ln_7863,0.18316856
mix_SI_UT_5400_19,0.14921607
mix_SI_UT_5400_896,0.15004553
cauldron_ln_17842,0.27289286
mix_UI_ST_5400_1010,0.2665274
mix_SI_UT_5400_1158,0.40148547
cauldron_ln_5492,0.20199989
cauldron_ln_28055,0.17098203
cauldron_ln_15782,0.13888004
cauldron_ln_10896,0.26908514
mix_UI_ST_5400_198,0.21581562
cauldron_ln_14683,0.17440942
mix_UI_ST_5400_1434,0.25348538
cauldron_ln_15146,0.21560271
cauldron_ln_11421,0.15771511
cauldron_ln_9412,0.2757718
cauldron_ln_23873,0.25044078
cauldron_ln_21744,0.21716249
mix_UI_ST_5400_591,0.26863167
mix_UI_ST_5400_1048,0.23395403
cauldron_ln_1835,0.32645082
mix_UI_ST_5400_1353,0.25942072
cauldron_ln_14310,0.23298422
mix_UI_ST_5400_432,0.19322178
mix_UI_ST_5400_481,0.15284607
cauldron_ln_12651,0.28198484
cauldron_ln_9528,0.21622473
cauldron_ln_28369,0.23263516
mix_UI_ST_5400_381,0.20251615
mix_SI_UT_5400_413,0.34380415
cauldron_ln_11962,0.17599694
cauldron_ln_14987,0.24575321
cauldron_ln_10926,0.28193784
mix_UI_ST_5400_491,0.25845376
cauldron_ln_7384,0.18652159
mix_UI_ST_5400_1466,0.24902286
mix_UI_ST_5400_1426,0.27730834
cauldron_ln_29607,0.21804573
cauldron_ln_12404,0.2705813
cauldron_ln_4937,0.2672254
cauldron_ln_10260,0.26718375
mix_SI_UT_5400_526,0.25953278
cauldron_ln_16527,0.2668155
mix_UI_ST_5400_662,0.28881907
mix_SI_UT_5400_437,0.29972577
mix_SI_UT_5400_106,0.20468147
cauldron_ln_7890,0.2589304
mix_SI_UT_5400_1078,0.29668453
cauldron_ln_11429,0.20566182
mix_SI_UT_5400_30,0.30355117
mix_UI_ST_5400_1483,0.24415098
cauldron_ln_7449,0.21288522
mix_UI_ST_5400_1140,0.26541236
cauldron_ln_24003,0.2391389
cauldron_ln_9540,0.25278476
cauldron_ln_22660,0.19085324
cauldron_ln_1774,0.2927778
mix_UI_ST_5400_629,0.25457162
cauldron_ln_16259,0.24056695
cauldron_ln_17752,0.32216686
mix_UI_ST_5400_1073,0.31351602
mix_UI_ST_5400_735,0.30535087
mix_UI_ST_5400_1045,0.23841132
mix_SI_UT_5400_397,0.30996677
cauldron_ln_14219,0.22872405
cauldron_ln_2781,0.2609289
cauldron_ln_22647,0.23222713
cauldron_ln_27463,0.23468466
mix_UI_ST_5400_278,0.27418554
mix_SI_UT_5400_67,0.1648761
cauldron_ln_19954,0.2033081
cauldron_ln_14482,0.3705619
mix_UI_ST_5400_1035,0.30380273
cauldron_ln_27388,0.19158652
mix_UI_ST_5400_95,0.17514578
mix_UI_ST_5400_1026,0.30354077
mix_SI_UT_5400_300,0.19343889
cauldron_ln_6757,0.32251042
mix_UI_ST_5400_1169,0.31453413
mix_SI_UT_5400_635,0.24114658
mix_SI_UT_5400_478,0.19439605
cauldron_ln_21010,0.2854976
cauldron_ln_17103,0.3166176
cauldron_ln_10561,0.34056032
mix_UI_ST_5400_726,0.29815632
mix_UI_ST_5400_676,0.28602833
cauldron_ln_15332,0.3133154
cauldron_ln_23958,0.28660652
cauldron_ln_24104,0.24888366
cauldron_ln_10117,0.4266242
cauldron_ln_23357,0.17179655
mix_SI_UT_5400_208,0.22207291
cauldron_ln_4968,0.28281084
cauldron_ln_18453,0.3798313
cauldron_ln_28882,0.19153683
mix_UI_ST_5400_46,0.23981172
cauldron_ln_22611,0.21667735
mix_SI_UT_5400_1336,0.30826387
cauldron_ln_6047,0.24518502
cauldron_ln_338,0.23385249
cauldron_ln_11367,0.2520329
mix_SI_UT_5400_832,0.33810925
cauldron_ln_5754,0.27757198
cauldron_ln_23839,0.20420553
cauldron_ln_27506,0.22123684
mix_UI_ST_5400_1243,0.24843448
mix_UI_ST_5400_76,0.33649778
mix_SI_UT_5400_269,0.23264615
cauldron_ln_8533,0.22553732
mix_SI_UT_5400_1040,0.33506492
mix_UI_ST_5400_1211,0.3001309
cauldron_ln_2986,0.30087915
cauldron_ln_907,0.2708181
cauldron_ln_19397,0.19324249
cauldron_ln_27571,0.18202327
cauldron_ln_14244,0.25672218
mix_SI_UT_5400_486,0.20544133
cauldron_ln_1145,0.31207782
cauldron_ln_18444,0.4077143
cauldron_ln_1887,0.25500122
mix_SI_UT_5400_400,0.24851082
mix_UI_ST_5400_347,0.37128142
mix_UI_ST_5400_807,0.2428064
cauldron_ln_29526,0.28111994
mix_UI_ST_5400_1264,0.24417396
mix_SI_UT_5400_515,0.25171202
cauldron_ln_16634,0.1658556
mix_SI_UT_5400_588,0.25618228
cauldron_ln_11925,0.18991098
cauldron_ln_28010,0.30789664
mix_UI_ST_5400_317,0.27200213
mix_UI_ST_5400_299,0.33848304
mix_UI_ST_5400_1017,0.29163468
cauldron_ln_15024,0.13078733
cauldron_ln_10384,0.21098363
cauldron_ln_20378,0.23958473
cauldron_ln_2969,0.29068288
cauldron_ln_27454,0.20182347
mix_SI_UT_5400_533,0.2657315
cauldron_ln_2106,0.1410647
mix_SI_UT_5400_1140,0.2688255
mix_SI_UT_5400_58,0.32495898
mix_SI_UT_5400_880,0.20341863
mix_SI_UT_5400_166,0.19239493
cauldron_ln_29932,0.25037742
mix_SI_UT_5400_315,0.2504942
cauldron_ln_12775,0.1723763
mix_SI_UT_5400_1397,0.20934066
mix_SI_UT_5400_528,0.22250472
cauldron_ln_23190,0.29486483
mix_SI_UT_5400_146,0.23990169
cauldron_ln_27258,0.2462568
mix_UI_ST_5400_966,0.18946947
mix_SI_UT_5400_403,0.26433402
mix_UI_ST_5400_844,0.16484527
cauldron_ln_5051,0.2648878
mix_SI_UT_5400_955,0.15811957
cauldron_ln_10741,0.38698652
cauldron_ln_15949,0.21251784
cauldron_ln_19319,0.24552046
cauldron_ln_18427,0.2699082
mix_UI_ST_5400_487,0.15753028
cauldron_ln_19269,0.23328361
cauldron_ln_11550,0.18701382
cauldron_ln_3692,0.33381596
cauldron_ln_14785,0.28114894
mix_UI_ST_5400_822,0.19951136
cauldron_ln_10913,0.18720719
cauldron_ln_607,0.18181536
cauldron_ln_1630,0.20185666
cauldron_ln_2488,0.25476816
cauldron_ln_15622,0.20267014
cauldron_ln_22881,0.11895844
mix_SI_UT_5400_1154,0.35528272
cauldron_ln_29166,0.1511965
cauldron_ln_19244,0.2389355
mix_SI_UT_5400_1352,0.4040383
cauldron_ln_9689,0.19404495
cauldron_ln_15068,0.182659
cauldron_ln_11868,0.19082263
mix_SI_UT_5400_61,0.20274667
cauldron_ln_24541,0.24289736
mix_SI_UT_5400_362,0.28429043
cauldron_ln_1728,0.2089431
mix_SI_UT_5400_1003,0.2970657
cauldron_ln_21799,0.15965281
cauldron_ln_8077,0.23280582
mix_SI_UT_5400_1039,0.27205342
mix_SI_UT_5400_1073,0.2059992
cauldron_ln_15986,0.24436851
cauldron_ln_6543,0.35177955
cauldron_ln_19956,0.369385
cauldron_ln_7175,0.31861985
cauldron_ln_23407,0.25295797
cauldron_ln_15369,0.17670088
cauldron_ln_16554,0.2053147
cauldron_ln_448,0.16923088
mix_UI_ST_5400_417,0.16949357
cauldron_ln_22233,0.2067332
cauldron_ln_26043,0.226294
cauldron_ln_16304,0.28850543
cauldron_ln_14141,0.20539802
cauldron_ln_23630,0.2341723
mix_UI_ST_5400_710,0.25586244
cauldron_ln_8007,0.37139237
mix_UI_ST_5400_590,0.13807699
mix_SI_UT_5400_410,0.15901257
cauldron_ln_24925,0.27643156
cauldron_ln_27190,0.1705373
mix_UI_ST_5400_1268,0.3048015
mix_UI_ST_5400_685,0.17965852
cauldron_ln_1069,0.25475404
mix_UI_ST_5400_827,0.20433936
mix_SI_UT_5400_5,0.18470436
cauldron_ln_27839,0.25411865
mix_SI_UT_5400_633,0.19489637
cauldron_ln_14133,0.23038305
mix_UI_ST_5400_728,0.2844934
mix_UI_ST_5400_437,0.28074425
mix_SI_UT_5400_885,0.20973451
cauldron_ln_4311,0.18989526
mix_SI_UT_5400_301,0.09901633
cauldron_ln_12842,0.38327605
mix_UI_ST_5400_83,0.30383188
cauldron_ln_11288,0.27316296
cauldron_ln_27828,0.16620223
mix_SI_UT_5400_101,0.23452953
cauldron_ln_16476,0.16828983
mix_UI_ST_5400_709,0.2584972
mix_SI_UT_5400_570,0.211345
cauldron_ln_19540,0.3999576
cauldron_ln_17829,0.19621564
mix_UI_ST_5400_985,0.21262814
cauldron_ln_2288,0.20419034
cauldron_ln_18551,0.20089991
mix_SI_UT_5400_240,0.19753851
mix_SI_UT_5400_554,0.23722363
cauldron_ln_26336,0.20984331
cauldron_ln_8102,0.23910035
cauldron_ln_8498,0.3879542
cauldron_ln_16991,0.27479354
mix_UI_ST_5400_149,0.21023706
cauldron_ln_22346,0.35182357
mix_UI_ST_5400_256,0.25524727
mix_SI_UT_5400_337,0.3182844
mix_UI_ST_5400_456,0.25657237
cauldron_ln_26480,0.32088873
cauldron_ln_29867,0.22283173
mix_SI_UT_5400_1256,0.15149774
cauldron_ln_917,0.2591809
mix_SI_UT_5400_1001,0.2893312
mix_SI_UT_5400_1141,0.377491
cauldron_ln_28787,0.23664674
cauldron_ln_28349,0.118692115
mix_UI_ST_5400_753,0.50680494
mix_SI_UT_5400_1093,0.18536551
cauldron_ln_21991,0.2780792
cauldron_ln_22152,0.17129044
mix_SI_UT_5400_1370,0.3031708
mix_UI_ST_5400_1039,0.24784894
mix_UI_ST_5400_240,0.3711953
mix_SI_UT_5400_767,0.31896996
mix_UI_ST_5400_1093,0.24354394
cauldron_ln_9330,0.19931908
mix_SI_UT_5400_1447,0.311506
mix_SI_UT_5400_553,0.29545322
cauldron_ln_8874,0.17142491
cauldron_ln_21032,0.19852431
mix_SI_UT_5400_1072,0.21241687
cauldron_ln_10366,0.36291006
mix_SI_UT_5400_497,0.23937806
mix_SI_UT_5400_59,0.33247313
cauldron_ln_26771,0.31732228
mix_SI_UT_5400_738,0.3200094
cauldron_ln_29306,0.32565162
cauldron_ln_4556,0.24778785
cauldron_ln_26578,0.25436753
mix_SI_UT_5400_485,0.24063215
cauldron_ln_23109,0.4266309
mix_SI_UT_5400_1198,0.41656518
cauldron_ln_7975,0.29117516
mix_UI_ST_5400_972,0.24391939
mix_UI_ST_5400_1359,0.1495602
cauldron_ln_27987,0.1823877
mix_UI_ST_5400_542,0.22433051
mix_SI_UT_5400_154,0.25167185
cauldron_ln_22834,0.25900093
cauldron_ln_24422,0.26897666
cauldron_ln_13554,0.22874892
mix_UI_ST_5400_1396,0.24878629
mix_SI_UT_5400_1412,0.21918422
mix_SI_UT_5400_123,0.21239074
cauldron_ln_21902,0.20657122
mix_SI_UT_5400_1438,0.20682825
mix_SI_UT_5400_253,0.20258494
cauldron_ln_4461,0.12953402
cauldron_ln_8537,0.16181825
mix_SI_UT_5400_1480,0.18847159
mix_UI_ST_5400_1403,0.4755755
cauldron_ln_4837,0.20494428
mix_UI_ST_5400_1378,0.41864344
mix_SI_UT_5400_131,0.2915886
mix_SI_UT_5400_634,0.30290434
cauldron_ln_18548,0.3636845
mix_UI_ST_5400_206,0.19860898
mix_SI_UT_5400_1248,0.38793913
mix_UI_ST_5400_1242,0.23574111
mix_SI_UT_5400_113,0.1604629
cauldron_ln_11500,0.26725313
cauldron_ln_27731,0.23935293
cauldron_ln_25656,0.12276792
mix_SI_UT_5400_495,0.3120223
mix_UI_ST_5400_1076,0.20384948
mix_SI_UT_5400_1151,0.2134267
cauldron_ln_2570,0.31576836
cauldron_ln_21811,0.21976487
mix_UI_ST_5400_599,0.20753919
mix_SI_UT_5400_898,0.22489686
cauldron_ln_11448,0.20382316
cauldron_ln_23188,0.24406768
mix_SI_UT_5400_794,0.20198607
mix_SI_UT_5400_76,0.15038659
cauldron_ln_7577,0.43892077
mix_UI_ST_5400_51,0.21803552
mix_UI_ST_5400_501,0.15950127
cauldron_ln_4827,0.32863024
mix_UI_ST_5400_698,0.37709925
cauldron_ln_5162,0.24048485
cauldron_ln_23791,0.24034694
cauldron_ln_15676,0.14184095
cauldron_ln_22291,0.27866775
mix_UI_ST_5400_968,0.25102618
mix_UI_ST_5400_243,0.52811044
cauldron_ln_19024,0.21459001
mix_UI_ST_5400_558,0.23299582
mix_UI_ST_5400_637,0.16821858
mix_UI_ST_5400_1104,0.3296321
mix_SI_UT_5400_136,0.21692015
mix_UI_ST_5400_734,0.23694812
cauldron_ln_9269,0.21196395
cauldron_ln_29302,0.25863516
mix_SI_UT_5400_317,0.17523935
mix_UI_ST_5400_527,0.19321188
cauldron_ln_13202,0.2939574
mix_UI_ST_5400_786,0.2636769
cauldron_ln_24382,0.121327944
cauldron_ln_624,0.2766255
cauldron_ln_17587,0.17948397
mix_UI_ST_5400_15,0.27977967
cauldron_ln_11604,0.22018412
mix_UI_ST_5400_399,0.27372724
mix_SI_UT_5400_389,0.1721611
mix_SI_UT_5400_812,0.25331166
mix_UI_ST_5400_697,0.37653258
cauldron_ln_9526,0.2174043
cauldron_ln_18362,0.19890366
mix_SI_UT_5400_130,0.2269365
cauldron_ln_2881,0.26083297
mix_SI_UT_5400_751,0.22553198
cauldron_ln_10966,0.30634782
cauldron_ln_16840,0.30650803
cauldron_ln_799,0.2595511
mix_SI_UT_5400_1136,0.3247606
cauldron_ln_22111,0.20365955
mix_SI_UT_5400_1066,0.15568355
cauldron_ln_10806,0.27159098
cauldron_ln_12532,0.30682084
mix_UI_ST_5400_41,0.24249768
cauldron_ln_13616,0.2760867
mix_UI_ST_5400_897,0.25543696
mix_UI_ST_5400_1240,0.25059867
cauldron_ln_19787,0.21108964
cauldron_ln_23476,0.14652765
cauldron_ln_22959,0.22220951
cauldron_ln_14947,0.23477899
mix_UI_ST_5400_720,0.24679254
cauldron_ln_25188,0.2759185
mix_SI_UT_5400_442,0.21747515
mix_UI_ST_5400_876,0.2916179
cauldron_ln_11281,0.20373814
cauldron_ln_5037,0.2765456
cauldron_ln_28724,0.295285
mix_UI_ST_5400_1160,0.29969886
mix_SI_UT_5400_202,0.24406487
mix_UI_ST_5400_828,0.2564369
cauldron_ln_11913,0.18504488
mix_SI_UT_5400_263,0.21472979
mix_UI_ST_5400_983,0.31674466
mix_SI_UT_5400_1368,0.3091067
mix_UI_ST_5400_1489,0.28860652
cauldron_ln_12257,0.13922802
mix_UI_ST_5400_511,0.111994326
cauldron_ln_21796,0.2734549
cauldron_ln_25860,0.2594239
mix_UI_ST_5400_260,0.21619125
mix_SI_UT_5400_958,0.26161072
mix_SI_UT_5400_55,0.23865974
cauldron_ln_23097,0.24033143
mix_UI_ST_5400_257,0.19634366
mix_UI_ST_5400_24,0.27379963
mix_UI_ST_5400_583,0.2643256
mix_SI_UT_5400_844,0.22948541
cauldron_ln_27256,0.12879533
mix_SI_UT_5400_1290,0.18729414
mix_SI_UT_5400_777,0.21502192
cauldron_ln_11645,0.31254008
mix_SI_UT_5400_1160,0.42297894
cauldron_ln_22026,0.20630705
cauldron_ln_12080,0.29619318
mix_UI_ST_5400_1204,0.28809333
cauldron_ln_25532,0.2725943
mix_SI_UT_5400_728,0.23597752
cauldron_ln_11946,0.21826853
cauldron_ln_144,0.21930492
mix_UI_ST_5400_598,0.24510452
mix_UI_ST_5400_1059,0.24005058
mix_SI_UT_5400_1096,0.24068539
cauldron_ln_12129,0.19242495
mix_UI_ST_5400_1219,0.16245595
cauldron_ln_13278,0.33442238
mix_SI_UT_5400_1134,0.21929465
cauldron_ln_23317,0.22150487
cauldron_ln_1570,0.34360823
cauldron_ln_25425,0.18218654
mix_UI_ST_5400_245,0.16029468
cauldron_ln_2561,0.23396586
cauldron_ln_13287,0.14887801
mix_SI_UT_5400_339,0.2368803
mix_SI_UT_5400_1187,0.24511664
mix_UI_ST_5400_1151,0.13044949
mix_UI_ST_5400_403,0.1975509
mix_UI_ST_5400_1118,0.27156976
cauldron_ln_23250,0.1614267
cauldron_ln_7535,0.20731737
cauldron_ln_29018,0.16069211
cauldron_ln_11047,0.23822853
mix_UI_ST_5400_696,0.21413827
mix_SI_UT_5400_489,0.2405802
mix_UI_ST_5400_1095,0.37214375
cauldron_ln_5366,0.21620648
cauldron_ln_22210,0.28725484
cauldron_ln_9069,0.3001669
cauldron_ln_14098,0.22630039
cauldron_ln_22891,0.23916699
mix_UI_ST_5400_772,0.22099572
mix_SI_UT_5400_782,0.26498103
cauldron_ln_18035,0.20069404
mix_UI_ST_5400_1244,0.21549389
mix_SI_UT_5400_788,0.35445324
cauldron_ln_14972,0.39544877
cauldron_ln_27687,0.32100734
cauldron_ln_13102,0.23947893
cauldron_ln_26066,0.28203386
mix_UI_ST_5400_885,0.26678428
cauldron_ln_27591,0.2667187
cauldron_ln_29575,0.2958291
mix_SI_UT_5400_580,0.1819848
cauldron_ln_679,0.2887709
mix_SI_UT_5400_643,0.20458786
mix_SI_UT_5400_168,0.2537093
cauldron_ln_23468,0.29329246
cauldron_ln_3944,0.2562935
cauldron_ln_813,0.28730106
mix_SI_UT_5400_730,0.1333025
mix_UI_ST_5400_749,0.28995714
mix_UI_ST_5400_156,0.21120805
cauldron_ln_21960,0.20957783
cauldron_ln_577,0.19082123
cauldron_ln_1416,0.2349101
cauldron_ln_5242,0.24795485
mix_UI_ST_5400_167,0.23197283
cauldron_ln_4181,0.21804522
mix_SI_UT_5400_1305,0.21429922
mix_UI_ST_5400_854,0.1706539
cauldron_ln_2751,0.2409692
cauldron_ln_23293,0.3900622
mix_SI_UT_5400_1366,0.252361
cauldron_ln_3838,0.29476804
cauldron_ln_16178,0.2342399
cauldron_ln_100,0.15627174
cauldron_ln_13803,0.30287847
mix_SI_UT_5400_278,0.21315856
cauldron_ln_10579,0.21928278
mix_UI_ST_5400_66,0.25299007
cauldron_ln_17426,0.13832387
mix_UI_ST_5400_1090,0.37104064
cauldron_ln_13716,0.17312063
cauldron_ln_15463,0.21869974
mix_SI_UT_5400_304,0.23815738
mix_UI_ST_5400_217,0.33571815
mix_SI_UT_5400_524,0.26830164
cauldron_ln_21604,0.27013433
mix_SI_UT_5400_1404,0.24659841
cauldron_ln_1517,0.16953187
mix_SI_UT_5400_1359,0.2827257
mix_SI_UT_5400_804,0.25834233
cauldron_ln_6262,0.2196284
cauldron_ln_27879,0.30054176
mix_SI_UT_5400_865,0.22908467
mix_SI_UT_5400_868,0.24260905
mix_SI_UT_5400_606,0.27057204
mix_UI_ST_5400_1273,0.24684876
mix_UI_ST_5400_825,0.22125159
mix_SI_UT_5400_370,0.2737495
mix_SI_UT_5400_1280,0.17945108
mix_SI_UT_5400_713,0.15488298
mix_UI_ST_5400_911,0.3662733
cauldron_ln_9162,0.30043048
cauldron_ln_7894,0.30884394
mix_UI_ST_5400_1196,0.18703102
cauldron_ln_13609,0.24130088
mix_SI_UT_5400_770,0.11585313
cauldron_ln_17824,0.22683343
cauldron_ln_4,0.2970763
cauldron_ln_7184,0.20774497
cauldron_ln_12131,0.15875092
cauldron_ln_22906,0.18806805
cauldron_ln_14765,0.2149657
cauldron_ln_10161,0.18028268
cauldron_ln_10400,0.48850536
cauldron_ln_5688,0.14316607
cauldron_ln_24335,0.3054601
mix_UI_ST_5400_1279,0.14280842
cauldron_ln_10067,0.113577954
mix_SI_UT_5400_358,0.25386992
mix_UI_ST_5400_1290,0.16407493
cauldron_ln_22606,0.2441274
cauldron_ln_8034,0.1524355
mix_SI_UT_5400_246,0.24490084
cauldron_ln_11716,0.22744381
cauldron_ln_26040,0.40976024
cauldron_ln_26,0.45839697
mix_SI_UT_5400_670,0.18353753
mix_UI_ST_5400_473,0.23066731
mix_UI_ST_5400_255,0.28517443
mix_UI_ST_5400_326,0.19511618
cauldron_ln_27750,0.23100911
cauldron_ln_5561,0.16060624
cauldron_ln_8660,0.1811678
mix_SI_UT_5400_859,0.238945
cauldron_ln_23350,0.3157316
cauldron_ln_3842,0.2626228
cauldron_ln_6538,0.21681777
mix_SI_UT_5400_1217,0.23403779
mix_UI_ST_5400_465,0.26904342
mix_SI_UT_5400_907,0.33454165
cauldron_ln_24976,0.28130785
cauldron_ln_1858,0.13429458
cauldron_ln_23568,0.2507971
cauldron_ln_17953,0.30964178
mix_SI_UT_5400_8,0.2300248
cauldron_ln_28947,0.24133843
mix_SI_UT_5400_1421,0.31736004
mix_SI_UT_5400_35,0.27423006
cauldron_ln_2613,0.21770425
mix_UI_ST_5400_88,0.26366708
mix_UI_ST_5400_73,0.24401979
mix_UI_ST_5400_1370,0.35692006
mix_UI_ST_5400_196,0.3000423
mix_UI_ST_5400_408,0.14246455
mix_UI_ST_5400_651,0.25692096
cauldron_ln_20260,0.14469777
cauldron_ln_111,0.19347808
cauldron_ln_20513,0.2598805
cauldron_ln_3969,0.22510244
cauldron_ln_11963,0.2690281
cauldron_ln_12732,0.2183533
mix_SI_UT_5400_1281,0.093577266
cauldron_ln_22788,0.2829771
cauldron_ln_11793,0.25274447
cauldron_ln_27061,0.2588417
cauldron_ln_3418,0.33893213
cauldron_ln_4130,0.19641283
mix_SI_UT_5400_700,0.23380432
mix_SI_UT_5400_184,0.21999708
mix_SI_UT_5400_1257,0.24403718
cauldron_ln_14787,0.25597668
mix_UI_ST_5400_528,0.2982404
mix_UI_ST_5400_905,0.26866654
mix_SI_UT_5400_925,0.31840897
cauldron_ln_707,0.18542767
mix_SI_UT_5400_473,0.27964267
mix_SI_UT_5400_72,0.24442166
cauldron_ln_28407,0.27436322
mix_UI_ST_5400_634,0.27360976
cauldron_ln_26101,0.20327224
mix_SI_UT_5400_1348,0.22555335
mix_SI_UT_5400_592,0.21185955
cauldron_ln_22926,0.22712386
cauldron_ln_1577,0.23158206
cauldron_ln_3840,0.3442028
cauldron_ln_10875,0.37557146
mix_UI_ST_5400_1493,0.14701843
cauldron_ln_9804,0.23978232
cauldron_ln_18037,0.17823164
cauldron_ln_8844,0.24134718
cauldron_ln_9144,0.21974549
mix_UI_ST_5400_234,0.2478928
mix_SI_UT_5400_531,0.34775499
mix_SI_UT_5400_416,0.14156856
mix_SI_UT_5400_1185,0.2895465
mix_UI_ST_5400_304,0.25100932
mix_UI_ST_5400_1020,0.31544212
cauldron_ln_21999,0.2870534
mix_UI_ST_5400_272,0.14617829
mix_UI_ST_5400_139,0.20003144
cauldron_ln_16553,0.21535625
mix_SI_UT_5400_764,0.15602408
mix_SI_UT_5400_547,0.2544507
mix_UI_ST_5400_1184,0.33323568
mix_UI_ST_5400_1381,0.27429286
mix_UI_ST_5400_1322,0.18932809
mix_SI_UT_5400_1041,0.25682783
mix_SI_UT_5400_200,0.24794012
cauldron_ln_17601,0.22314662
cauldron_ln_28140,0.29386324
cauldron_ln_11792,0.27133822
cauldron_ln_24762,0.17197298
cauldron_ln_6564,0.26135635
mix_UI_ST_5400_1349,0.20467612
mix_SI_UT_5400_831,0.218438
cauldron_ln_24831,0.22065268
cauldron_ln_11818,0.23494637
mix_UI_ST_5400_1136,0.5118299
mix_UI_ST_5400_1087,0.21391249
cauldron_ln_23301,0.25899914
cauldron_ln_4432,0.28333646
mix_SI_UT_5400_1022,0.12188294
mix_UI_ST_5400_209,0.27403334
cauldron_ln_14925,0.29246774
cauldron_ln_14670,0.13699375
cauldron_ln_29994,0.20874184
mix_UI_ST_5400_1137,0.20963587
cauldron_ln_22708,0.20881483
cauldron_ln_17068,0.2874004
mix_SI_UT_5400_376,0.25602874
mix_UI_ST_5400_1161,0.15667948
cauldron_ln_21019,0.32159844
mix_SI_UT_5400_818,0.3480019
cauldron_ln_10761,0.296357
cauldron_ln_21311,0.2268628
mix_UI_ST_5400_261,0.25647053
cauldron_ln_19211,0.1933827
cauldron_ln_18887,0.2640595
mix_UI_ST_5400_115,0.20835046
mix_UI_ST_5400_1144,0.3667129
cauldron_ln_28447,0.2000785
cauldron_ln_10020,0.15117233
mix_SI_UT_5400_1382,0.309071
cauldron_ln_4115,0.20891505
cauldron_ln_22528,0.31687456
mix_UI_ST_5400_259,0.18048944
mix_UI_ST_5400_1475,0.21137369
mix_UI_ST_5400_686,0.2061909
mix_UI_ST_5400_1267,0.2746832
mix_UI_ST_5400_1337,0.19153917
cauldron_ln_18384,0.33130023
mix_SI_UT_5400_395,0.26869878
cauldron_ln_12872,0.2720275
cauldron_ln_12801,0.19888358
mix_UI_ST_5400_495,0.17574823
mix_SI_UT_5400_1063,0.2808408
mix_UI_ST_5400_1441,0.2611555
cauldron_ln_9897,0.2512946
cauldron_ln_6637,0.21460432
cauldron_ln_17975,0.18310058
mix_SI_UT_5400_1000,0.26454535
mix_SI_UT_5400_314,0.23119622
cauldron_ln_28730,0.3066442
mix_SI_UT_5400_1418,0.21910179
cauldron_ln_14328,0.23470972
cauldron_ln_9377,0.28761417
mix_SI_UT_5400_177,0.22479036
mix_SI_UT_5400_775,0.23310697
mix_UI_ST_5400_931,0.23487958
cauldron_ln_24695,0.26895884
cauldron_ln_27146,0.25655612
mix_SI_UT_5400_229,0.18211776
cauldron_ln_3454,0.20730922
mix_UI_ST_5400_117,0.26398233
mix_UI_ST_5400_264,0.29060122
mix_UI_ST_5400_699,0.30322325
cauldron_ln_7279,0.22758093
cauldron_ln_3634,0.25748828
mix_SI_UT_5400_355,0.27909482
mix_SI_UT_5400_1456,0.3691777
cauldron_ln_1775,0.25783244
mix_UI_ST_5400_574,0.31804425
mix_SI_UT_5400_1375,0.19311298
cauldron_ln_15192,0.32109115
mix_SI_UT_5400_957,0.22666669
mix_UI_ST_5400_1097,0.21799183
cauldron_ln_19944,0.225025
mix_SI_UT_5400_642,0.29139903
cauldron_ln_24871,0.19768573
cauldron_ln_17845,0.3147765
mix_UI_ST_5400_1200,0.22715859
mix_UI_ST_5400_1042,0.25891417
cauldron_ln_14225,0.29082444
mix_SI_UT_5400_46,0.18190587
mix_SI_UT_5400_816,0.22697845
cauldron_ln_7242,0.24085058
mix_UI_ST_5400_576,0.20300986
cauldron_ln_23682,0.21843638
cauldron_ln_282,0.14735664
mix_UI_ST_5400_1298,0.22670406
mix_UI_ST_5400_951,0.2014688
cauldron_ln_27680,0.30420044
cauldron_ln_9697,0.2574849
cauldron_ln_4974,0.14788727
cauldron_ln_10928,0.24404019
mix_UI_ST_5400_852,0.20674273
cauldron_ln_19496,0.2420245
cauldron_ln_21270,0.3087376
mix_SI_UT_5400_881,0.14029047
cauldron_ln_11513,0.33877793
cauldron_ln_4536,0.14788672
cauldron_ln_267,0.30274174
cauldron_ln_15229,0.27523118
mix_UI_ST_5400_1088,0.21970402
cauldron_ln_20409,0.2883646
cauldron_ln_24241,0.26459053
mix_UI_ST_5400_173,0.2140131
cauldron_ln_2865,0.23323205
cauldron_ln_21754,0.310662
mix_SI_UT_5400_1094,0.30118063
cauldron_ln_29473,0.4482521
cauldron_ln_12952,0.40229413
mix_SI_UT_5400_1057,0.28461686
mix_SI_UT_5400_842,0.20871745
mix_SI_UT_5400_199,0.17605019
mix_SI_UT_5400_947,0.19758782
cauldron_ln_10261,0.24493726
cauldron_ln_21853,0.31077805
mix_UI_ST_5400_479,0.2763802
mix_SI_UT_5400_1484,0.34134164
cauldron_ln_24500,0.2662273
cauldron_ln_22470,0.22996356
mix_SI_UT_5400_494,0.23765221
cauldron_ln_8989,0.2457893
mix_SI_UT_5400_285,0.25493914
cauldron_ln_22366,0.21772875
cauldron_ln_23547,0.41151458
cauldron_ln_12077,0.1942617
cauldron_ln_18287,0.15584397
mix_SI_UT_5400_79,0.3174667
mix_SI_UT_5400_1274,0.15863428
mix_UI_ST_5400_135,0.26753888
mix_SI_UT_5400_4,0.19232784
mix_UI_ST_5400_313,0.259794
cauldron_ln_28239,0.2847186
cauldron_ln_22435,0.33935195
cauldron_ln_23955,0.4233053
mix_UI_ST_5400_358,0.20404598
cauldron_ln_15158,0.19480833
cauldron_ln_28153,0.2744803
mix_UI_ST_5400_1306,0.27141792
cauldron_ln_27377,0.24436891
mix_UI_ST_5400_1127,0.14644992
cauldron_ln_22043,0.20600909
cauldron_ln_8148,0.3025848
cauldron_ln_28423,0.3635695
cauldron_ln_24261,0.31506684
cauldron_ln_16295,0.24480566
mix_SI_UT_5400_518,0.20991172
mix_UI_ST_5400_169,0.1727465
cauldron_ln_28681,0.1731635
cauldron_ln_29551,0.1282398
cauldron_ln_9613,0.18950403
cauldron_ln_28425,0.12364879
cauldron_ln_27791,0.20373948
mix_UI_ST_5400_664,0.29740608
mix_SI_UT_5400_237,0.22822699
cauldron_ln_1061,0.29220423
mix_SI_UT_5400_922,0.16283196
mix_SI_UT_5400_599,0.22615393
cauldron_ln_16365,0.27533805
cauldron_ln_12138,0.18001875
mix_SI_UT_5400_211,0.31828725
cauldron_ln_15360,0.3098204
mix_SI_UT_5400_961,0.18700807
cauldron_ln_26558,0.228667
mix_SI_UT_5400_1319,0.2035592
mix_UI_ST_5400_166,0.24514914
mix_UI_ST_5400_1055,0.27722177
mix_UI_ST_5400_759,0.2261524
cauldron_ln_15915,0.16735567
mix_SI_UT_5400_1182,0.217911
cauldron_ln_19229,0.22946462
cauldron_ln_13509,0.402455
cauldron_ln_14078,0.26058713
cauldron_ln_21191,0.14562242
cauldron_ln_16830,0.22327396
cauldron_ln_2993,0.44058925
mix_UI_ST_5400_1296,0.22240677
cauldron_ln_18156,0.1993827
cauldron_ln_9290,0.3041614
cauldron_ln_13313,0.15323088
cauldron_ln_16479,0.21856321
cauldron_ln_24995,0.21589331
cauldron_ln_16468,0.26225132
mix_UI_ST_5400_952,0.3275713
mix_SI_UT_5400_974,0.21319677
mix_UI_ST_5400_323,0.16616136
mix_SI_UT_5400_386,0.21613982
cauldron_ln_27476,0.12360432
cauldron_ln_25385,0.29242972
cauldron_ln_29764,0.24879237
cauldron_ln_19917,0.30241415
cauldron_ln_27383,0.2642686
cauldron_ln_8051,0.17850566
cauldron_ln_26037,0.3204941
mix_UI_ST_5400_1081,0.20400085
cauldron_ln_13295,0.16717108
cauldron_ln_19275,0.23750144
cauldron_ln_19672,0.24443725
cauldron_ln_15785,0.2619993
cauldron_ln_25528,0.23390493
cauldron_ln_12592,0.24478629
cauldron_ln_1072,0.20109695
cauldron_ln_18180,0.22920007
mix_UI_ST_5400_422,0.23165181
cauldron_ln_16366,0.20581625
mix_SI_UT_5400_704,0.13875265
cauldron_ln_26356,0.15664291
mix_SI_UT_5400_1258,0.40089786
cauldron_ln_5220,0.22421062
mix_SI_UT_5400_32,0.3130197
mix_SI_UT_5400_1278,0.29154983
cauldron_ln_12273,0.28467873
mix_UI_ST_5400_1109,0.32188907
mix_SI_UT_5400_341,0.2695687
cauldron_ln_19988,0.15936027
cauldron_ln_22714,0.2148691
cauldron_ln_5466,0.2908072
mix_UI_ST_5400_997,0.2880814
cauldron_ln_7087,0.16599776
cauldron_ln_27022,0.19770809
cauldron_ln_22263,0.2937952
mix_UI_ST_5400_174,0.26685268
mix_SI_UT_5400_1459,0.2276944
cauldron_ln_17682,0.14155427
mix_UI_ST_5400_523,0.38908207
cauldron_ln_23193,0.2298341
mix_SI_UT_5400_356,0.30820364
cauldron_ln_17012,0.29050338
mix_UI_ST_5400_151,0.11543744
cauldron_ln_23472,0.22940117
mix_UI_ST_5400_906,0.21412446
mix_SI_UT_5400_589,0.23861381
cauldron_ln_14928,0.20355201
mix_UI_ST_5400_559,0.19866921
mix_UI_ST_5400_1178,0.28234977
mix_SI_UT_5400_381,0.320402
mix_SI_UT_5400_15,0.26810294
mix_UI_ST_5400_1336,0.2234491
cauldron_ln_18212,0.3088083
cauldron_ln_9393,0.25854984
mix_UI_ST_5400_1366,0.29690054
cauldron_ln_24724,0.18104728
mix_UI_ST_5400_153,0.12957469
mix_SI_UT_5400_244,0.1315578
mix_UI_ST_5400_1182,0.2121719
cauldron_ln_29642,0.21505393
mix_SI_UT_5400_1236,0.25340098
cauldron_ln_17094,0.2883763
mix_UI_ST_5400_769,0.27444425
mix_SI_UT_5400_759,0.2778282
mix_UI_ST_5400_963,0.16490945
mix_UI_ST_5400_486,0.32345578
mix_SI_UT_5400_1498,0.1649576
mix_UI_ST_5400_941,0.21082494
mix_UI_ST_5400_273,0.1966429
cauldron_ln_1134,0.31980124
cauldron_ln_17818,0.28080845
cauldron_ln_8160,0.22733527
mix_UI_ST_5400_379,0.22449698
mix_SI_UT_5400_971,0.27658248
cauldron_ln_19128,0.20363146
cauldron_ln_28319,0.23443417
cauldron_ln_25271,0.2746958
mix_SI_UT_5400_912,0.16279674
mix_SI_UT_5400_663,0.21920101
cauldron_ln_14414,0.24268812
mix_SI_UT_5400_946,0.3578894
cauldron_ln_8837,0.3946976
cauldron_ln_15060,0.24211411
mix_UI_ST_5400_1451,0.2678694
cauldron_ln_7024,0.2390635
cauldron_ln_12838,0.4193165
cauldron_ln_27913,0.19373034
cauldron_ln_6826,0.2997154
cauldron_ln_1377,0.188238
mix_UI_ST_5400_1320,0.30968577
cauldron_ln_17505,0.25022143
mix_UI_ST_5400_242,0.3665387
cauldron_ln_10498,0.29999995
mix_UI_ST_5400_917,0.26371518
mix_UI_ST_5400_8,0.25430262
cauldron_ln_12260,0.27025974
cauldron_ln_29081,0.3322304
cauldron_ln_18880,0.2852951
cauldron_ln_24910,0.19923046
mix_SI_UT_5400_819,0.16111518
mix_SI_UT_5400_197,0.26526025
mix_SI_UT_5400_441,0.1676913
mix_SI_UT_5400_365,0.28283536
mix_SI_UT_5400_1460,0.36246878
cauldron_ln_21085,0.19025572
cauldron_ln_18882,0.14285502
mix_SI_UT_5400_883,0.26361373
cauldron_ln_26626,0.17927593
mix_UI_ST_5400_1354,0.27005687
mix_UI_ST_5400_639,0.24105547
cauldron_ln_19329,0.24501964
mix_SI_UT_5400_272,0.25598016
mix_UI_ST_5400_1301,0.32506812
mix_SI_UT_5400_345,0.22419356
cauldron_ln_27328,0.2741556
cauldron_ln_760,0.25515047
cauldron_ln_18194,0.26443458
cauldron_ln_4923,0.17974402
cauldron_ln_19815,0.29998416
mix_UI_ST_5400_6,0.2155914
mix_UI_ST_5400_1107,0.34832692
mix_UI_ST_5400_767,0.26308239
mix_UI_ST_5400_707,0.29609305
mix_SI_UT_5400_1440,0.22581305
cauldron_ln_22592,0.14577463
mix_SI_UT_5400_1153,0.41054225
mix_UI_ST_5400_1467,0.17021549
cauldron_ln_6244,0.16915877
cauldron_ln_952,0.20392933
mix_UI_ST_5400_853,0.31370738
cauldron_ln_3367,0.20786013
cauldron_ln_7909,0.30377474
mix_UI_ST_5400_418,0.42013085
cauldron_ln_104,0.14943737
mix_SI_UT_5400_690,0.34056324
mix_SI_UT_5400_1411,0.22270122
cauldron_ln_21039,0.24119346
cauldron_ln_19441,0.20787615
mix_UI_ST_5400_126,0.24786705
mix_UI_ST_5400_630,0.2108077
cauldron_ln_12871,0.2953791
mix_SI_UT_5400_996,0.19654374
cauldron_ln_24918,0.27105448
mix_UI_ST_5400_237,0.21654578
mix_UI_ST_5400_25,0.2700509
mix_SI_UT_5400_766,0.16905129
cauldron_ln_2236,0.13381347
mix_UI_ST_5400_469,0.2717641
cauldron_ln_4330,0.11320524
mix_SI_UT_5400_1062,0.33530426
cauldron_ln_15047,0.1996848
mix_SI_UT_5400_913,0.34058142
mix_SI_UT_5400_1365,0.27636522
cauldron_ln_7687,0.18822113
mix_UI_ST_5400_1116,0.3072078
cauldron_ln_28037,0.33061692
cauldron_ln_24513,0.28533864
cauldron_ln_17520,0.23267744
mix_SI_UT_5400_1355,0.34078008
cauldron_ln_20164,0.31942934
cauldron_ln_18029,0.19713345
mix_SI_UT_5400_302,0.23197937
cauldron_ln_15831,0.20890294
mix_SI_UT_5400_293,0.16820441
cauldron_ln_22601,0.15473415
cauldron_ln_11875,0.20106742
mix_SI_UT_5400_306,0.16502301
mix_UI_ST_5400_1492,0.23717536
mix_UI_ST_5400_904,0.23272474
cauldron_ln_17733,0.27185676
cauldron_ln_5667,0.32228395
cauldron_ln_11601,0.282353
cauldron_ln_2360,0.2192669
mix_SI_UT_5400_1403,0.22069727
mix_UI_ST_5400_600,0.29544812
cauldron_ln_9932,0.12704867
mix_UI_ST_5400_104,0.37327522
cauldron_ln_713,0.14138554
cauldron_ln_18329,0.2598365
mix_UI_ST_5400_565,0.24666157
cauldron_ln_2667,0.3155716
cauldron_ln_17716,0.17748481
mix_UI_ST_5400_878,0.2706106
cauldron_ln_9780,0.28205168
mix_SI_UT_5400_1074,0.31775317
cauldron_ln_17007,0.25200632
mix_SI_UT_5400_521,0.2667096
mix_SI_UT_5400_322,0.18133168
mix_SI_UT_5400_988,0.22143173
mix_SI_UT_5400_864,0.17803197
cauldron_ln_21908,0.39359912
cauldron_ln_17746,0.22230116
mix_UI_ST_5400_497,0.29197803
mix_UI_ST_5400_287,0.2267534
mix_SI_UT_5400_1080,0.17986651
cauldron_ln_1913,0.26551092
cauldron_ln_4288,0.17010926
mix_SI_UT_5400_192,0.2243093
cauldron_ln_19235,0.23194566
cauldron_ln_1322,0.23366627
mix_SI_UT_5400_959,0.15275012
mix_SI_UT_5400_507,0.19865659
cauldron_ln_532,0.26526427
cauldron_ln_10236,0.28798437
mix_SI_UT_5400_461,0.2950831
cauldron_ln_16031,0.26578584
cauldron_ln_27268,0.26509318
cauldron_ln_5530,0.29834986
cauldron_ln_13757,0.17572212
mix_UI_ST_5400_354,0.14002287
mix_UI_ST_5400_1348,0.22693884
mix_UI_ST_5400_510,0.19850442
mix_UI_ST_5400_178,0.39719692
mix_UI_ST_5400_492,0.33097735
mix_UI_ST_5400_89,0.36266363
cauldron_ln_28265,0.2325641
cauldron_ln_29227,0.2703919
cauldron_ln_21442,0.21226433
cauldron_ln_5510,0.25660694
cauldron_ln_2423,0.22053765
mix_UI_ST_5400_27,0.28274453
cauldron_ln_17678,0.13325103
mix_UI_ST_5400_1486,0.16320252
mix_UI_ST_5400_1164,0.2731244
mix_SI_UT_5400_14,0.19368477
cauldron_ln_12076,0.28608847
cauldron_ln_24508,0.19691588
mix_UI_ST_5400_895,0.21433078
cauldron_ln_28687,0.26601756
cauldron_ln_18429,0.27075547
mix_SI_UT_5400_548,0.19015743
cauldron_ln_7694,0.19919269
mix_UI_ST_5400_546,0.27521956
cauldron_ln_1443,0.24780583
mix_SI_UT_5400_85,0.28264627
mix_UI_ST_5400_328,0.19103517
mix_UI_ST_5400_396,0.29043508
cauldron_ln_25899,0.20597097
mix_SI_UT_5400_243,0.3152155
cauldron_ln_6814,0.2847332
mix_UI_ST_5400_1371,0.30619925
cauldron_ln_22561,0.15805991
mix_UI_ST_5400_526,0.21585809
mix_UI_ST_5400_953,0.20462132
cauldron_ln_9047,0.2211075
cauldron_ln_1851,0.27408025
cauldron_ln_10148,0.22918391
mix_SI_UT_5400_1163,0.25913182
mix_SI_UT_5400_1222,0.18278655
mix_SI_UT_5400_791,0.37134087
mix_UI_ST_5400_1068,0.29437593
mix_SI_UT_5400_1117,0.14323598
mix_SI_UT_5400_797,0.151483
mix_UI_ST_5400_1284,0.32026592
cauldron_ln_7231,0.25407505
mix_SI_UT_5400_686,0.2674823
mix_UI_ST_5400_131,0.18945114
mix_UI_ST_5400_1304,0.29609495
mix_UI_ST_5400_205,0.17911193
cauldron_ln_20637,0.1732609
mix_SI_UT_5400_1331,0.1761401
cauldron_ln_7840,0.16197006
cauldron_ln_15445,0.27533546
cauldron_ln_23019,0.19774462
mix_UI_ST_5400_1415,0.19631681
mix_UI_ST_5400_218,0.2502953
cauldron_ln_12201,0.17824332
mix_SI_UT_5400_221,0.22938308
cauldron_ln_22418,0.11563869
mix_UI_ST_5400_607,0.21482961
mix_UI_ST_5400_228,0.27715456
mix_SI_UT_5400_405,0.39542863
mix_UI_ST_5400_882,0.22618917
cauldron_ln_12261,0.2515556
mix_SI_UT_5400_181,0.255426
mix_UI_ST_5400_222,0.17491034
cauldron_ln_20062,0.19393486
cauldron_ln_6613,0.17189205
mix_SI_UT_5400_1216,0.25150198
cauldron_ln_25459,0.3639567
mix_UI_ST_5400_96,0.29652807
mix_SI_UT_5400_424,0.28540918
mix_UI_ST_5400_703,0.17713284
cauldron_ln_17686,0.31238434
cauldron_ln_14762,0.18899566
mix_UI_ST_5400_1207,0.17364925
mix_UI_ST_5400_444,0.22898233
cauldron_ln_22081,0.23215182
mix_UI_ST_5400_937,0.26077673
cauldron_ln_6114,0.4981355
cauldron_ln_20165,0.18424697
mix_SI_UT_5400_87,0.24737228
cauldron_ln_12084,0.11947324
cauldron_ln_29534,0.22335733
cauldron_ln_12057,0.39485154
mix_SI_UT_5400_1175,0.28472355
mix_SI_UT_5400_1318,0.24254988
mix_SI_UT_5400_330,0.29644173
cauldron_ln_28234,0.42525133
mix_SI_UT_5400_664,0.32359684
mix_SI_UT_5400_893,0.346566
mix_UI_ST_5400_808,0.6311348
cauldron_ln_18590,0.22653003
mix_UI_ST_5400_37,0.31117782
cauldron_ln_14287,0.31094882
mix_SI_UT_5400_1497,0.32477814
cauldron_ln_14646,0.2512289
mix_UI_ST_5400_312,0.2628345
mix_UI_ST_5400_58,0.20825297
cauldron_ln_15106,0.45411792
cauldron_ln_28937,0.15425174
cauldron_ln_9068,0.22823928
mix_SI_UT_5400_1311,0.195337
cauldron_ln_11543,0.28870267
cauldron_ln_10436,0.3032315
mix_UI_ST_5400_154,0.31378928
mix_UI_ST_5400_996,0.14101897
cauldron_ln_5399,0.29791933
mix_SI_UT_5400_714,0.30104306
cauldron_ln_17677,0.2849086
mix_UI_ST_5400_1206,0.29529953
cauldron_ln_17744,0.15793884
mix_UI_ST_5400_361,0.355658
mix_UI_ST_5400_1232,0.20675011
cauldron_ln_4159,0.40657634
mix_SI_UT_5400_1379,0.2585209
mix_SI_UT_5400_122,0.17602518
mix_UI_ST_5400_1094,0.3385241
mix_UI_ST_5400_1157,0.33688852
mix_SI_UT_5400_618,0.40477824
cauldron_ln_8745,0.22294565
cauldron_ln_17018,0.2423574
cauldron_ln_12142,0.310871
mix_UI_ST_5400_936,0.33623502
mix_UI_ST_5400_971,0.17960356
mix_UI_ST_5400_223,0.22621891
cauldron_ln_22955,0.27576968
mix_UI_ST_5400_567,0.21264827
mix_UI_ST_5400_85,0.11388764
cauldron_ln_3120,0.19116001
mix_SI_UT_5400_1214,0.32019207
cauldron_ln_4493,0.23681958
cauldron_ln_2793,0.19037311
cauldron_ln_22121,0.23709191
mix_UI_ST_5400_348,0.23800224
cauldron_ln_17747,0.28879997
cauldron_ln_730,0.2827974
mix_UI_ST_5400_1487,0.33766583
cauldron_ln_29277,0.30769596
mix_SI_UT_5400_876,0.2058033
mix_UI_ST_5400_488,0.19381458
cauldron_ln_18272,0.33908403
cauldron_ln_9694,0.42739138
cauldron_ln_13224,0.21144597
cauldron_ln_23804,0.2215192
cauldron_ln_10404,0.23874499
cauldron_ln_21419,0.20778146
mix_SI_UT_5400_1377,0.34570873
mix_UI_ST_5400_838,0.26440206
mix_UI_ST_5400_818,0.23470157
cauldron_ln_23068,0.2310696
cauldron_ln_26121,0.31011456
mix_SI_UT_5400_261,0.31731996
cauldron_ln_22032,0.24111392
cauldron_ln_13097,0.23420168
cauldron_ln_9075,0.17481494
mix_UI_ST_5400_122,0.1841755
mix_SI_UT_5400_660,0.2606381
cauldron_ln_4488,0.22250576
cauldron_ln_15005,0.25837368
cauldron_ln_13020,0.36528537
cauldron_ln_23208,0.17167948
cauldron_ln_19173,0.27962768
mix_SI_UT_5400_1277,0.26385838
cauldron_ln_20865,0.13545972
mix_SI_UT_5400_707,0.190292
mix_SI_UT_5400_722,0.19923523
mix_SI_UT_5400_595,0.23386507
mix_SI_UT_5400_1283,0.2149594
cauldron_ln_15404,0.21339433
mix_UI_ST_5400_1346,0.22908217
cauldron_ln_24589,0.17841867
cauldron_ln_3273,0.20445219
cauldron_ln_21894,0.2692262
mix_SI_UT_5400_698,0.19540532
cauldron_ln_1926,0.18449616
mix_SI_UT_5400_1137,0.19743353
mix_SI_UT_5400_562,0.22195053
cauldron_ln_8737,0.20795651
cauldron_ln_23765,0.21341118
cauldron_ln_15423,0.29352948
mix_UI_ST_5400_463,0.33051133
cauldron_ln_9152,0.20395651
cauldron_ln_25713,0.15065809
mix_UI_ST_5400_1340,0.21049264
mix_SI_UT_5400_1046,0.27661723
cauldron_ln_29737,0.27331135
cauldron_ln_19616,0.29440218
mix_UI_ST_5400_401,0.19886547
cauldron_ln_29855,0.23948014
mix_UI_ST_5400_293,0.124129586
mix_UI_ST_5400_152,0.25361183
cauldron_ln_4566,0.29674467
cauldron_ln_26149,0.3399203
cauldron_ln_3121,0.25494245
mix_UI_ST_5400_467,0.21811691
cauldron_ln_783,0.24957372
mix_SI_UT_5400_908,0.24961902
mix_UI_ST_5400_1122,0.21916768
mix_SI_UT_5400_1303,0.2634789
cauldron_ln_8140,0.20677891
mix_SI_UT_5400_1239,0.2444341
cauldron_ln_16842,0.3811312
cauldron_ln_8211,0.2558368
cauldron_ln_10395,0.3808759
cauldron_ln_27965,0.120027944
mix_SI_UT_5400_260,0.2653132
mix_UI_ST_5400_754,0.2302767
mix_UI_ST_5400_553,0.20733307
cauldron_ln_18735,0.12823607
mix_SI_UT_5400_1407,0.24314192
mix_SI_UT_5400_1384,0.21829584
cauldron_ln_11923,0.30694562
mix_UI_ST_5400_964,0.24123885
cauldron_ln_17263,0.26558056
cauldron_ln_26409,0.2716088
cauldron_ln_19755,0.23460054
cauldron_ln_29941,0.20010763
cauldron_ln_18758,0.19802387
mix_UI_ST_5400_303,0.29673457
mix_UI_ST_5400_549,0.18387079
mix_SI_UT_5400_1344,0.27396867
mix_UI_ST_5400_1221,0.20700444
cauldron_ln_11219,0.21571648
cauldron_ln_804,0.5903465
mix_SI_UT_5400_924,0.23000404
mix_UI_ST_5400_266,0.19729571
mix_SI_UT_5400_897,0.19076844
cauldron_ln_14526,0.28459153
mix_SI_UT_5400_431,0.31106082
cauldron_ln_24533,0.31603417
mix_SI_UT_5400_298,0.28931686
mix_SI_UT_5400_1304,0.26657394
cauldron_ln_12514,0.2588627
mix_SI_UT_5400_1250,0.20873548
mix_SI_UT_5400_560,0.28124315
cauldron_ln_6322,0.3452904
cauldron_ln_7000,0.25668138
cauldron_ln_26584,0.16141778
cauldron_ln_9776,0.3041424
mix_UI_ST_5400_805,0.24759766
mix_UI_ST_5400_594,0.17201495
cauldron_ln_10902,0.37684104
cauldron_ln_7101,0.32620117
mix_SI_UT_5400_942,0.21497515
cauldron_ln_16806,0.21192348
cauldron_ln_8162,0.27577996
cauldron_ln_2732,0.21254545
cauldron_ln_15859,0.1733042
mix_UI_ST_5400_1124,0.28313857
cauldron_ln_20975,0.21071936
mix_UI_ST_5400_1397,0.15655732
mix_SI_UT_5400_434,0.23466696
mix_SI_UT_5400_1166,0.14008436
cauldron_ln_17249,0.2280088
mix_SI_UT_5400_126,0.27613455
cauldron_ln_20032,0.24522747
mix_UI_ST_5400_220,0.21304303
mix_SI_UT_5400_326,0.19562812
mix_SI_UT_5400_836,0.22466204
cauldron_ln_20845,0.23201723
cauldron_ln_19643,0.24230996
mix_UI_ST_5400_679,0.32042018
cauldron_ln_13175,0.2656028
mix_SI_UT_5400_565,0.36992055
cauldron_ln_28208,0.36751485
cauldron_ln_20628,0.27588418
mix_SI_UT_5400_295,0.33382443
mix_UI_ST_5400_208,0.24633439
mix_SI_UT_5400_758,0.19903253
mix_UI_ST_5400_1213,0.23947358
mix_SI_UT_5400_739,0.24625313
mix_SI_UT_5400_1360,0.26412266
cauldron_ln_12098,0.26637736
mix_UI_ST_5400_279,0.23467568
mix_SI_UT_5400_733,0.18498534
cauldron_ln_23299,0.19258751
cauldron_ln_12530,0.2330995
mix_SI_UT_5400_614,0.33080357
cauldron_ln_7503,0.20675182
cauldron_ln_17327,0.2520096
mix_UI_ST_5400_1460,0.26055023
cauldron_ln_278,0.28396147
cauldron_ln_23239,0.22814254
mix_UI_ST_5400_582,0.2950548
mix_SI_UT_5400_665,0.23971109
mix_SI_UT_5400_33,0.28441197
cauldron_ln_9233,0.18018045
mix_UI_ST_5400_1398,0.38774654
cauldron_ln_15255,0.33020952
cauldron_ln_26580,0.22995582
mix_UI_ST_5400_93,0.31677276
mix_UI_ST_5400_902,0.25868648
mix_SI_UT_5400_26,0.3253725
mix_UI_ST_5400_294,0.16583623
mix_SI_UT_5400_736,0.27923378
cauldron_ln_8388,0.24219249
mix_SI_UT_5400_620,0.26504335
mix_UI_ST_5400_252,0.1548766
cauldron_ln_19102,0.31936938
cauldron_ln_2280,0.23820637
cauldron_ln_18189,0.17324708
mix_UI_ST_5400_55,0.20557082
cauldron_ln_4853,0.17884578
cauldron_ln_15866,0.29921517
mix_SI_UT_5400_667,0.41680312
cauldron_ln_27719,0.2578529
mix_UI_ST_5400_612,0.17139332
mix_SI_UT_5400_1298,0.21488464
cauldron_ln_2287,0.17526399
cauldron_ln_17282,0.4155923
mix_SI_UT_5400_685,0.25604796
mix_UI_ST_5400_541,0.23814838
cauldron_ln_8711,0.18437377
mix_UI_ST_5400_1432,0.256922
mix_UI_ST_5400_1382,0.23824266
mix_SI_UT_5400_1115,0.3544538
cauldron_ln_13196,0.2715846
mix_UI_ST_5400_185,0.21501875
cauldron_ln_7583,0.30970442
cauldron_ln_10496,0.16827779
cauldron_ln_617,0.26586664
mix_UI_ST_5400_161,0.28138626
mix_UI_ST_5400_761,0.2812977
cauldron_ln_14842,0.21432453
mix_UI_ST_5400_1250,0.33073828
cauldron_ln_7212,0.23157838
cauldron_ln_14656,0.23140554
cauldron_ln_7924,0.26298365
mix_SI_UT_5400_699,0.25635955
mix_SI_UT_5400_436,0.21877424
cauldron_ln_19825,0.25254482
mix_UI_ST_5400_504,0.2140896
cauldron_ln_19005,0.16420074
cauldron_ln_7454,0.28983715
mix_UI_ST_5400_535,0.17778857
cauldron_ln_10326,0.29534808
cauldron_ln_12254,0.16764212
mix_SI_UT_5400_935,0.20041828
mix_UI_ST_5400_1199,0.184342
cauldron_ln_14377,0.28071025
mix_SI_UT_5400_342,0.12942961
mix_UI_ST_5400_683,0.23155624
mix_SI_UT_5400_430,0.2456819
cauldron_ln_28229,0.28095794
mix_UI_ST_5400_1231,0.20456758
mix_UI_ST_5400_1299,0.19913708
mix_SI_UT_5400_857,0.2534396
mix_UI_ST_5400_441,0.30191314
mix_SI_UT_5400_543,0.14219879
mix_SI_UT_5400_1069,0.26207533
mix_SI_UT_5400_1052,0.29640037
mix_UI_ST_5400_649,0.25532812
mix_SI_UT_5400_608,0.19982982
cauldron_ln_14130,0.22445154
mix_SI_UT_5400_940,0.18923514
mix_UI_ST_5400_212,0.24256214
mix_UI_ST_5400_1141,0.33296487
mix_UI_ST_5400_741,0.20575684
mix_SI_UT_5400_828,0.19913463
cauldron_ln_4509,0.22860272
mix_SI_UT_5400_134,0.3212498
cauldron_ln_18419,0.24332477
mix_SI_UT_5400_204,0.530925
cauldron_ln_27468,0.2222363
cauldron_ln_226,0.31262174
mix_UI_ST_5400_1025,0.23915474
mix_SI_UT_5400_716,0.33650318
cauldron_ln_15743,0.27661386
mix_UI_ST_5400_1056,0.19899368
mix_SI_UT_5400_793,0.18147923
cauldron_ln_3064,0.19895838
mix_SI_UT_5400_1015,0.25390315
mix_UI_ST_5400_748,0.23138987
cauldron_ln_5547,0.22184044
mix_SI_UT_5400_862,0.25412625
cauldron_ln_11313,0.200825
mix_UI_ST_5400_1327,0.19225061
mix_UI_ST_5400_1021,0.27503312
mix_UI_ST_5400_367,0.18995965
cauldron_ln_17980,0.32586637
mix_UI_ST_5400_378,0.2320373
mix_SI_UT_5400_238,0.23672166
cauldron_ln_8671,0.22000651
cauldron_ln_11814,0.2416767
cauldron_ln_19722,0.21109232
cauldron_ln_24194,0.28479746
cauldron_ln_10608,0.39399865
cauldron_ln_2292,0.34252593
cauldron_ln_579,0.21432455
mix_SI_UT_5400_292,0.27967364
mix_SI_UT_5400_1376,0.24709697
cauldron_ln_6332,0.23582631
cauldron_ln_23111,0.26247552
mix_UI_ST_5400_329,0.30926815
cauldron_ln_11130,0.42282987
cauldron_ln_12886,0.19105802
cauldron_ln_25394,0.19049461
cauldron_ln_23734,0.23622514
cauldron_ln_549,0.21110295
mix_SI_UT_5400_504,0.3098
mix_UI_ST_5400_48,0.3395694
mix_UI_ST_5400_180,0.3652497
mix_SI_UT_5400_867,0.33040333
cauldron_ln_7519,0.26121238
mix_UI_ST_5400_658,0.2640364
cauldron_ln_28961,0.36548898
mix_SI_UT_5400_257,0.23569517
cauldron_ln_4877,0.2713943
mix_SI_UT_5400_70,0.14929855
mix_UI_ST_5400_1067,0.29044974
cauldron_ln_5180,0.1921042
cauldron_ln_14553,0.22932853
mix_UI_ST_5400_229,0.16607963
cauldron_ln_3857,0.2248321
cauldron_ln_22582,0.27591312
mix_SI_UT_5400_455,0.37012187
cauldron_ln_23335,0.17051469
cauldron_ln_21873,0.17570679
mix_SI_UT_5400_681,0.22147836
mix_UI_ST_5400_1246,0.4142257
cauldron_ln_18153,0.27255628
cauldron_ln_13185,0.19221757
cauldron_ln_22572,0.22208825
cauldron_ln_11930,0.23330764
mix_UI_ST_5400_724,0.19211024
cauldron_ln_6146,0.3154472
mix_UI_ST_5400_1484,0.264442
cauldron_ln_7131,0.16823472
cauldron_ln_17082,0.32281086
mix_UI_ST_5400_857,0.32386273
cauldron_ln_10088,0.35486588
cauldron_ln_20,0.20915894
cauldron_ln_17378,0.2304977
mix_UI_ST_5400_1108,0.26112863
mix_SI_UT_5400_849,0.2401088
mix_UI_ST_5400_276,0.23738568
mix_UI_ST_5400_733,0.20081542
mix_SI_UT_5400_1471,0.27911517
mix_UI_ST_5400_160,0.2693569
mix_UI_ST_5400_248,0.2240842
mix_UI_ST_5400_1077,0.3232945
cauldron_ln_8419,0.25398985
cauldron_ln_10618,0.2607977
mix_UI_ST_5400_653,0.26690608
cauldron_ln_11161,0.24105811
mix_SI_UT_5400_854,0.31669304
cauldron_ln_7483,0.35824484
cauldron_ln_1950,0.25515786
mix_UI_ST_5400_1145,0.32005632
cauldron_ln_3949,0.21751241
mix_SI_UT_5400_1101,0.41963124
cauldron_ln_19357,0.24805495
mix_UI_ST_5400_349,0.30644187
cauldron_ln_8293,0.4218621
mix_SI_UT_5400_385,0.1754614
mix_UI_ST_5400_793,0.19061588
cauldron_ln_26692,0.38619074
mix_UI_ST_5400_1208,0.14803742
cauldron_ln_12082,0.3836783
mix_UI_ST_5400_999,0.29460415
cauldron_ln_26698,0.27977505
cauldron_ln_2232,0.23470347
mix_SI_UT_5400_874,0.2852046
mix_UI_ST_5400_524,0.27506346
cauldron_ln_4997,0.17051673
mix_SI_UT_5400_726,0.19390817
mix_SI_UT_5400_34,0.21278375
mix_UI_ST_5400_1225,0.3712888
cauldron_ln_19681,0.26709715
mix_SI_UT_5400_558,0.22132988
mix_SI_UT_5400_1402,0.2696046
mix_SI_UT_5400_439,0.27533692
mix_SI_UT_5400_1174,0.30532792
cauldron_ln_12748,0.3229415
cauldron_ln_21006,0.24305777
cauldron_ln_23999,0.3816706
mix_SI_UT_5400_182,0.1892961
cauldron_ln_8117,0.27741405
mix_UI_ST_5400_1401,0.21358097
mix_UI_ST_5400_1192,0.28848144
cauldron_ln_1175,0.24797355
cauldron_ln_15358,0.25699833
cauldron_ln_16952,0.37818903
mix_SI_UT_5400_1409,0.28480124
mix_UI_ST_5400_239,0.2304785
mix_UI_ST_5400_531,0.30113918
cauldron_ln_1204,0.25123352
mix_SI_UT_5400_1255,0.23459823
cauldron_ln_14922,0.27856946
mix_SI_UT_5400_1381,0.21950777
mix_UI_ST_5400_1498,0.31351238
mix_SI_UT_5400_1008,0.2518366
mix_UI_ST_5400_512,0.27375627
mix_UI_ST_5400_1234,0.22489744
mix_SI_UT_5400_1441,0.2595143
mix_UI_ST_5400_1408,0.28458247
mix_SI_UT_5400_1240,0.20569687
cauldron_ln_16567,0.31393015
mix_UI_ST_5400_1265,0.2362872
mix_UI_ST_5400_12,0.3070085
cauldron_ln_25437,0.35778326
cauldron_ln_14719,0.20227164
mix_SI_UT_5400_340,0.20628016
mix_UI_ST_5400_988,0.32072634
mix_SI_UT_5400_21,0.340036
cauldron_ln_3141,0.26415515
cauldron_ln_2644,0.29839522
mix_SI_UT_5400_693,0.27023232
mix_SI_UT_5400_419,0.14894225
mix_SI_UT_5400_1086,0.21614638
mix_UI_ST_5400_820,0.325827
mix_SI_UT_5400_445,0.25978613
mix_UI_ST_5400_1255,0.22107325
mix_SI_UT_5400_872,0.21607867
cauldron_ln_2233,0.24950714
cauldron_ln_21324,0.22450434
cauldron_ln_25774,0.1669511
mix_UI_ST_5400_737,0.40872538
cauldron_ln_7380,0.21924572
cauldron_ln_17772,0.2623726
mix_UI_ST_5400_1031,0.24456748
cauldron_ln_15824,0.23436637
cauldron_ln_25877,0.19191106
mix_UI_ST_5400_1189,0.22582993
cauldron_ln_503,0.28102607
mix_UI_ST_5400_30,0.23833083
mix_SI_UT_5400_1090,0.26861006
mix_UI_ST_5400_233,0.22957945
mix_UI_ST_5400_1099,0.28754643
cauldron_ln_19104,0.16744952
mix_SI_UT_5400_144,0.34578928
mix_UI_ST_5400_739,0.2524308
mix_SI_UT_5400_1061,0.2995509
mix_SI_UT_5400_336,0.16167648
mix_UI_ST_5400_150,0.3290177
mix_SI_UT_5400_813,0.30444118
cauldron_ln_12105,0.15599082
cauldron_ln_15639,0.18391477
cauldron_ln_26995,0.24422087
mix_UI_ST_5400_1442,0.2681774
cauldron_ln_15908,0.21856369
mix_UI_ST_5400_752,0.27717984
cauldron_ln_2879,0.63035744
cauldron_ln_3463,0.13565253
mix_SI_UT_5400_406,0.22302651
mix_UI_ST_5400_251,0.32690752
mix_UI_ST_5400_626,0.24353868
cauldron_ln_25187,0.21187466
mix_SI_UT_5400_1138,0.2333159
cauldron_ln_9383,0.2719654
cauldron_ln_26538,0.30147386
cauldron_ln_5401,0.39649507
cauldron_ln_19525,0.24295156
cauldron_ln_15253,0.20347641
mix_SI_UT_5400_469,0.2289589
mix_SI_UT_5400_1466,0.3585791
mix_UI_ST_5400_305,0.26958898
cauldron_ln_19569,0.20855665
cauldron_ln_1288,0.13853268
mix_SI_UT_5400_1478,0.3149519
mix_UI_ST_5400_1194,0.30159098
cauldron_ln_27393,0.34255832
cauldron_ln_20284,0.26297477
cauldron_ln_18826,0.1740568
mix_UI_ST_5400_540,0.15080263
cauldron_ln_1929,0.30592006
mix_UI_ST_5400_944,0.37356505
cauldron_ln_11632,0.24197395
cauldron_ln_8504,0.2411112
mix_UI_ST_5400_500,0.3180831
cauldron_ln_4126,0.23567557
cauldron_ln_14120,0.26202613
mix_SI_UT_5400_391,0.24049626
mix_UI_ST_5400_435,0.39139256
cauldron_ln_24721,0.26177832
mix_UI_ST_5400_1065,0.1702022
mix_SI_UT_5400_335,0.27054292
mix_UI_ST_5400_766,0.18392679
mix_SI_UT_5400_525,0.16994344
cauldron_ln_18260,0.20344396
mix_SI_UT_5400_1477,0.3014243
cauldron_ln_14036,0.21938907
cauldron_ln_20104,0.24581628
mix_SI_UT_5400_226,0.17387176
cauldron_ln_5414,0.090555534
cauldron_ln_27037,0.1809909
cauldron_ln_24239,0.19377588
mix_UI_ST_5400_427,0.32200655
cauldron_ln_19371,0.40353027
mix_SI_UT_5400_1204,0.27368182
cauldron_ln_17052,0.24361506
mix_UI_ST_5400_112,0.22521405
cauldron_ln_4146,0.28220183
mix_SI_UT_5400_1065,0.2619202
cauldron_ln_22957,0.18856241
cauldron_ln_696,0.21447264
cauldron_ln_5478,0.20252609
cauldron_ln_21933,0.28385684
cauldron_ln_24256,0.17437099
mix_UI_ST_5400_447,0.28460875
cauldron_ln_20151,0.21651933
mix_UI_ST_5400_335,0.2878259
cauldron_ln_6632,0.18161654
mix_SI_UT_5400_1103,0.22709776
cauldron_ln_118,0.39950782
mix_SI_UT_5400_1180,0.18556288
cauldron_ln_27674,0.28927723
mix_SI_UT_5400_673,0.21819282
cauldron_ln_10939,0.28885788
mix_SI_UT_5400_36,0.25099948
mix_SI_UT_5400_156,0.33738682
mix_SI_UT_5400_969,0.36938828
mix_UI_ST_5400_4,0.24115269
cauldron_ln_28684,0.21518676
cauldron_ln_9023,0.30692914
cauldron_ln_17055,0.19912975
mix_SI_UT_5400_978,0.18543042
cauldron_ln_10816,0.2389602
cauldron_ln_28291,0.21243095
mix_UI_ST_5400_560,0.41865316
cauldron_ln_23455,0.12990268
mix_UI_ST_5400_779,0.28497288
cauldron_ln_15755,0.21775335
mix_SI_UT_5400_218,0.22203651
cauldron_ln_5683,0.31409186
cauldron_ln_2669,0.20878087
cauldron_ln_22045,0.32820237
cauldron_ln_26360,0.15858354
mix_UI_ST_5400_1019,0.37390187
mix_UI_ST_5400_554,0.2995615
cauldron_ln_28107,0.27855992
mix_UI_ST_5400_1223,0.22803059
cauldron_ln_20051,0.21287361
cauldron_ln_11953,0.18726784
cauldron_ln_18517,0.25570354
cauldron_ln_53,0.18063512
mix_UI_ST_5400_1319,0.26943538
mix_UI_ST_5400_692,0.2915023
cauldron_ln_20319,0.24907477
mix_UI_ST_5400_660,0.2356996
mix_UI_ST_5400_129,0.29476115
mix_SI_UT_5400_537,0.2064689
cauldron_ln_4878,0.18251896
mix_UI_ST_5400_94,0.2551263
mix_SI_UT_5400_641,0.35453877
cauldron_ln_16133,0.201505
cauldron_ln_19962,0.27374512
cauldron_ln_20502,0.22485003
mix_UI_ST_5400_482,0.25446123
cauldron_ln_10387,0.16263781
cauldron_ln_19445,0.26849553
mix_UI_ST_5400_581,0.26324528
cauldron_ln_28455,0.1703393
cauldron_ln_14128,0.3277744
mix_SI_UT_5400_585,0.24461564
cauldron_ln_12,0.19065599
mix_UI_ST_5400_499,0.26173195
mix_UI_ST_5400_52,0.2818418
cauldron_ln_11576,0.29699048
mix_UI_ST_5400_1239,0.26826945
cauldron_ln_25886,0.2155465
cauldron_ln_17351,0.44886974
cauldron_ln_23113,0.24794614
cauldron_ln_17624,0.26650557
mix_SI_UT_5400_748,0.2629001
cauldron_ln_29672,0.36611843
mix_SI_UT_5400_923,0.34232175
cauldron_ln_24844,0.14503174
mix_SI_UT_5400_1452,0.29300255
mix_UI_ST_5400_45,0.1961382
cauldron_ln_29878,0.20252609
cauldron_ln_8161,0.25951093
mix_UI_ST_5400_360,0.3266226
cauldron_ln_17838,0.24849898
cauldron_ln_7617,0.24327295
mix_SI_UT_5400_1289,0.24765214
mix_SI_UT_5400_790,0.1995774
mix_SI_UT_5400_919,0.377257
mix_UI_ST_5400_1237,0.21656068
mix_SI_UT_5400_651,0.192135
mix_UI_ST_5400_655,0.26268876
mix_SI_UT_5400_1168,0.1871065
cauldron_ln_15858,0.21798249
cauldron_ln_23974,0.17030971
mix_UI_ST_5400_918,0.22398071
cauldron_ln_9670,0.2976972
mix_SI_UT_5400_948,0.2787763
cauldron_ln_18940,0.261302
cauldron_ln_15010,0.2595389
cauldron_ln_4564,0.20733307
cauldron_ln_14404,0.18055947
cauldron_ln_22353,0.25942102
cauldron_ln_5155,0.27897078
mix_UI_ST_5400_1331,0.29650825
mix_SI_UT_5400_671,0.25088888
cauldron_ln_9455,0.26525116
cauldron_ln_11427,0.18248905
cauldron_ln_19713,0.26206642
mix_SI_UT_5400_408,0.24499112
mix_SI_UT_5400_792,0.22221804
mix_SI_UT_5400_1238,0.190928
mix_UI_ST_5400_714,0.23706526
cauldron_ln_8834,0.24136043
cauldron_ln_21944,0.26362967
mix_SI_UT_5400_1450,0.3441409
mix_UI_ST_5400_1143,0.33018562
cauldron_ln_10045,0.18073119
mix_UI_ST_5400_387,0.24114436
cauldron_ln_11657,0.20250726
cauldron_ln_9358,0.1846238
mix_SI_UT_5400_92,0.20671993
cauldron_ln_26416,0.18734844
mix_SI_UT_5400_1410,0.14882757
cauldron_ln_14413,0.33942392
mix_SI_UT_5400_107,0.24308419
cauldron_ln_13566,0.24460329
cauldron_ln_28071,0.30936122
mix_SI_UT_5400_579,0.15483367
mix_UI_ST_5400_31,0.35476288
cauldron_ln_2470,0.30599666
mix_SI_UT_5400_574,0.13963315
cauldron_ln_11177,0.16349928
cauldron_ln_12571,0.23355448
cauldron_ln_18766,0.18593922
mix_UI_ST_5400_899,0.18211493
mix_UI_ST_5400_792,0.29456818
mix_UI_ST_5400_785,0.14489166
cauldron_ln_24175,0.17409727
mix_UI_ST_5400_1226,0.13669892
mix_UI_ST_5400_578,0.34252796
cauldron_ln_26611,0.24403058
cauldron_ln_2126,0.16784398
cauldron_ln_749,0.22647151
mix_SI_UT_5400_119,0.1906211
cauldron_ln_19477,0.31013712
cauldron_ln_24211,0.250928
mix_SI_UT_5400_17,0.2672964
cauldron_ln_25331,0.1886544
cauldron_ln_25151,0.25287476
mix_UI_ST_5400_545,0.30458856
mix_UI_ST_5400_784,0.22712265
mix_UI_ST_5400_840,0.19753852
cauldron_ln_18368,0.18632424
mix_SI_UT_5400_1485,0.20858869
cauldron_ln_334,0.20491032
cauldron_ln_22940,0.23016131
cauldron_ln_27311,0.20039149
cauldron_ln_29375,0.25755364
mix_SI_UT_5400_1071,0.22148308
cauldron_ln_21790,0.21674186
mix_UI_ST_5400_67,0.23243487
mix_UI_ST_5400_1198,0.22744238
cauldron_ln_25505,0.19115351
cauldron_ln_28981,0.21151961
mix_UI_ST_5400_302,0.23532368
mix_UI_ST_5400_790,0.26037878
mix_SI_UT_5400_1369,0.32619628
cauldron_ln_13110,0.3264164
mix_SI_UT_5400_1490,0.23842093
cauldron_ln_26330,0.22951303
cauldron_ln_18480,0.23519368
cauldron_ln_1097,0.2978793
cauldron_ln_13875,0.2098131
cauldron_ln_19327,0.2782254
mix_UI_ST_5400_843,0.29167992
mix_UI_ST_5400_1044,0.23505281
mix_UI_ST_5400_44,0.22066762
mix_SI_UT_5400_172,0.18247338
mix_UI_ST_5400_847,0.15945536
mix_UI_ST_5400_2,0.3121093
mix_SI_UT_5400_468,0.20649257
mix_SI_UT_5400_873,0.32864416
mix_SI_UT_5400_840,0.16977169
mix_UI_ST_5400_1474,0.14926313
mix_UI_ST_5400_21,0.2215427
mix_UI_ST_5400_431,0.19999972
cauldron_ln_20097,0.26954734
cauldron_ln_4376,0.41614613
mix_SI_UT_5400_1427,0.16934745
mix_UI_ST_5400_687,0.20383935
mix_SI_UT_5400_1284,0.21680605
mix_UI_ST_5400_981,0.28321144
cauldron_ln_11983,0.26177606
mix_SI_UT_5400_331,0.20935641
cauldron_ln_22164,0.2120581
cauldron_ln_20479,0.2533617
mix_SI_UT_5400_57,0.3076721
cauldron_ln_13765,0.27313453
cauldron_ln_2757,0.23751293
mix_SI_UT_5400_1169,0.33699292
cauldron_ln_21667,0.21130182
cauldron_ln_10895,0.22742805
mix_UI_ST_5400_285,0.17034823
mix_SI_UT_5400_467,0.24430709
cauldron_ln_11370,0.3072337
cauldron_ln_21980,0.36030293
cauldron_ln_29634,0.2226164
mix_UI_ST_5400_1083,0.33313182
mix_SI_UT_5400_1243,0.18006927
mix_UI_ST_5400_1102,0.4931346
mix_UI_ST_5400_1469,0.23769882
cauldron_ln_19184,0.37558344
cauldron_ln_11820,0.29342568
cauldron_ln_2144,0.2560744
cauldron_ln_5882,0.1934468
mix_SI_UT_5400_1329,0.24349394
mix_SI_UT_5400_856,0.38058046
mix_SI_UT_5400_587,0.16998968
mix_SI_UT_5400_1105,0.3055134
mix_UI_ST_5400_61,0.26425973
cauldron_ln_27899,0.22248834
mix_UI_ST_5400_5,0.20573962
mix_UI_ST_5400_1060,0.30935204
cauldron_ln_27053,0.2544709
mix_SI_UT_5400_1327,0.22960916
mix_UI_ST_5400_1054,0.2175577
mix_UI_ST_5400_1276,0.2557763
cauldron_ln_7919,0.46929464
cauldron_ln_9133,0.28299323
mix_SI_UT_5400_884,0.24717817
mix_UI_ST_5400_10,0.33421624
mix_UI_ST_5400_534,0.20295344
mix_UI_ST_5400_837,0.26246294
cauldron_ln_6416,0.197944
cauldron_ln_20460,0.33671296
cauldron_ln_10373,0.18072252
mix_UI_ST_5400_774,0.1893647
mix_SI_UT_5400_638,0.19431393
mix_UI_ST_5400_1334,0.3292676
cauldron_ln_27783,0.23042111
cauldron_ln_8996,0.2105908
cauldron_ln_27574,0.19421498
mix_SI_UT_5400_1332,0.20868875
cauldron_ln_2167,0.25721866
mix_SI_UT_5400_1425,0.32623518
mix_UI_ST_5400_359,0.2398336
mix_UI_ST_5400_806,0.21545191
mix_UI_ST_5400_263,0.34348395
cauldron_ln_11924,0.17543475
cauldron_ln_24266,0.43146473
cauldron_ln_6729,0.16915692
mix_SI_UT_5400_604,0.1738615
mix_SI_UT_5400_916,0.1658389
cauldron_ln_25080,0.2318804
mix_SI_UT_5400_847,0.30282465
mix_SI_UT_5400_1036,0.28589162
cauldron_ln_2975,0.40077788
mix_SI_UT_5400_1206,0.21135004
mix_SI_UT_5400_509,0.2474926
cauldron_ln_15790,0.25383967
cauldron_ln_93,0.32260075
mix_SI_UT_5400_1009,0.25704667
cauldron_ln_20364,0.25389424
mix_UI_ST_5400_1491,0.27227765
mix_UI_ST_5400_1248,0.20399466
mix_SI_UT_5400_201,0.26350048
cauldron_ln_17571,0.2285795
cauldron_ln_5774,0.21639122
mix_UI_ST_5400_691,0.27711287
cauldron_ln_21600,0.17198876
cauldron_ln_20619,0.33579868
mix_SI_UT_5400_825,0.2492058
mix_UI_ST_5400_274,0.36902353
mix_UI_ST_5400_846,0.27856746
mix_UI_ST_5400_380,0.1412549
cauldron_ln_3346,0.2517414
cauldron_ln_2430,0.28440124
cauldron_ln_10798,0.23563008
mix_UI_ST_5400_1166,0.32049468
cauldron_ln_7841,0.21635193
cauldron_ln_21563,0.3103658
cauldron_ln_25912,0.352305
mix_SI_UT_5400_1476,0.25740683
cauldron_ln_3228,0.15074404
cauldron_ln_29946,0.19701809
mix_SI_UT_5400_752,0.22185455
cauldron_ln_25368,0.16024338
cauldron_ln_4212,0.34859028
cauldron_ln_14910,0.24543986
mix_SI_UT_5400_1350,0.3173248
cauldron_ln_15566,0.1783412
mix_UI_ST_5400_782,0.32160008
cauldron_ln_1149,0.15883891
cauldron_ln_17316,0.15107188
cauldron_ln_26560,0.31465822
cauldron_ln_5855,0.2937484
cauldron_ln_18472,0.22740392
mix_UI_ST_5400_627,0.23695561
cauldron_ln_16670,0.18362607
cauldron_ln_24126,0.26952976
cauldron_ln_4341,0.3444985
cauldron_ln_3617,0.17848688
cauldron_ln_18545,0.2956441
cauldron_ln_6170,0.17145512
mix_UI_ST_5400_919,0.2296961
mix_SI_UT_5400_823,0.3229281
cauldron_ln_24150,0.2608032
mix_UI_ST_5400_241,0.29712287
cauldron_ln_18121,0.16831258
cauldron_ln_7456,0.19531727
mix_SI_UT_5400_1458,0.15404455
mix_SI_UT_5400_438,0.22791171
mix_SI_UT_5400_352,0.09590291
mix_SI_UT_5400_827,0.13040371
mix_UI_ST_5400_633,0.22723271
mix_SI_UT_5400_598,0.2840095
mix_SI_UT_5400_377,0.20816876
mix_UI_ST_5400_1373,0.1780421
mix_UI_ST_5400_1314,0.33925986
mix_SI_UT_5400_966,0.32719153
mix_SI_UT_5400_571,0.24664895
mix_UI_ST_5400_1294,0.28148016
cauldron_ln_12913,0.20461075
cauldron_ln_14545,0.287757
cauldron_ln_17890,0.22912742
cauldron_ln_14721,0.19376303
cauldron_ln_164,0.3439489
mix_SI_UT_5400_193,0.24984418
cauldron_ln_9916,0.35273963
mix_UI_ST_5400_650,0.2183875
mix_SI_UT_5400_1011,0.22793481
mix_SI_UT_5400_37,0.43815693
cauldron_ln_6366,0.2808049
cauldron_ln_18237,0.29353207
cauldron_ln_12292,0.25131974
mix_UI_ST_5400_986,0.27490613
cauldron_ln_2996,0.24129786
cauldron_ln_1142,0.25157678
mix_UI_ST_5400_675,0.3095927
mix_UI_ST_5400_1374,0.33180958
cauldron_ln_22103,0.30920884
cauldron_ln_3258,0.25751942
cauldron_ln_23557,0.20869963
cauldron_ln_20257,0.08655345
cauldron_ln_1302,0.23158441
cauldron_ln_17854,0.20288645
mix_UI_ST_5400_927,0.1796439
mix_SI_UT_5400_133,0.17759688
cauldron_ln_15997,0.12860134
mix_SI_UT_5400_609,0.17799462
mix_SI_UT_5400_1227,0.25556186
cauldron_ln_11918,0.29003817
mix_SI_UT_5400_1496,0.24593489
cauldron_ln_870,0.16918692
mix_SI_UT_5400_607,0.31107727
cauldron_ln_29821,0.2607116
mix_UI_ST_5400_729,0.3179327
cauldron_ln_2874,0.21691734
cauldron_ln_685,0.3211672
cauldron_ln_26917,0.23937148
cauldron_ln_7778,0.24328017
mix_UI_ST_5400_668,0.2573504
mix_UI_ST_5400_308,0.18081382
cauldron_ln_23034,0.23704545
cauldron_ln_12857,0.2310094
cauldron_ln_622,0.24713244
cauldron_ln_11708,0.21250042
cauldron_ln_3552,0.29256845
mix_SI_UT_5400_1081,0.21614516
mix_SI_UT_5400_624,0.30270112
cauldron_ln_5252,0.23365659
mix_SI_UT_5400_288,0.23752128
mix_UI_ST_5400_967,0.19365028
mix_UI_ST_5400_421,0.37849203
cauldron_ln_21135,0.28060728
mix_UI_ST_5400_867,0.19928361
cauldron_ln_29229,0.22263058
mix_SI_UT_5400_1271,0.23863135
cauldron_ln_1129,0.3982595
cauldron_ln_5319,0.23408802
cauldron_ln_28637,0.4048053
cauldron_ln_19265,0.2050756
cauldron_ln_6621,0.18759915
cauldron_ln_11729,0.15191121
mix_SI_UT_5400_371,0.2193553
cauldron_ln_20200,0.26068994
mix_SI_UT_5400_1302,0.35436198
cauldron_ln_16630,0.20317113
mix_UI_ST_5400_1113,0.2740814
cauldron_ln_24313,0.14268363
cauldron_ln_13749,0.17665987
mix_UI_ST_5400_834,0.20665608
cauldron_ln_4879,0.23474818
mix_SI_UT_5400_594,0.22577782
mix_SI_UT_5400_1455,0.27592567
cauldron_ln_18849,0.2517613
mix_SI_UT_5400_1116,0.23972717
mix_UI_ST_5400_148,0.15083343
cauldron_ln_23344,0.26328295
mix_SI_UT_5400_1315,0.22061543
mix_SI_UT_5400_817,0.37609535
cauldron_ln_29394,0.17435011
cauldron_ln_23993,0.23908895
cauldron_ln_26880,0.16863857
cauldron_ln_28815,0.19652438
mix_UI_ST_5400_1293,0.14188474
cauldron_ln_20561,0.23715112
mix_SI_UT_5400_1261,0.3350242
cauldron_ln_4592,0.3234636
cauldron_ln_25709,0.24079242
cauldron_ln_21217,0.21186234
cauldron_ln_20132,0.2716708
mix_SI_UT_5400_1401,0.31084493
cauldron_ln_9892,0.18510069
mix_UI_ST_5400_13,0.18150795
cauldron_ln_906,0.39386153
cauldron_ln_20825,0.18545562
cauldron_ln_3820,0.30740365
cauldron_ln_22533,0.17369023
cauldron_ln_21863,0.21090555
mix_SI_UT_5400_448,0.2179695
mix_UI_ST_5400_715,0.15241987
cauldron_ln_20603,0.2982156
cauldron_ln_29800,0.30212158
mix_UI_ST_5400_875,0.29329395
mix_UI_ST_5400_1478,0.43763208
mix_SI_UT_5400_45,0.17993544
cauldron_ln_15835,0.24253117
cauldron_ln_12873,0.15950349
mix_SI_UT_5400_353,0.25124517
mix_SI_UT_5400_234,0.32606223
cauldron_ln_12675,0.2693975
mix_UI_ST_5400_334,0.3687253
mix_UI_ST_5400_454,0.29051825
cauldron_ln_12695,0.19158839
mix_SI_UT_5400_1223,0.25322828
cauldron_ln_2206,0.1534339
mix_SI_UT_5400_432,0.2531817
cauldron_ln_16596,0.21200813
mix_SI_UT_5400_380,0.19514485
mix_UI_ST_5400_318,0.21199894
cauldron_ln_25718,0.26007786
cauldron_ln_2593,0.20983592
mix_UI_ST_5400_471,0.20213026
cauldron_ln_14247,0.29898295
mix_UI_ST_5400_1165,0.2436171
mix_UI_ST_5400_168,0.22052109
mix_SI_UT_5400_187,0.2435569
mix_UI_ST_5400_954,0.12554295
mix_SI_UT_5400_762,0.2052941
cauldron_ln_12356,0.2534208
cauldron_ln_24665,0.19509381
cauldron_ln_3001,0.41048202
cauldron_ln_1983,0.30235976
mix_UI_ST_5400_1251,0.2089671
mix_SI_UT_5400_1099,0.33515778
mix_SI_UT_5400_275,0.14233609
cauldron_ln_18330,0.17114134
cauldron_ln_15323,0.21942048
cauldron_ln_7858,0.22214746
mix_UI_ST_5400_1310,0.18016481
cauldron_ln_6728,0.2157041
cauldron_ln_4796,0.20601533
cauldron_ln_27944,0.14835013
cauldron_ln_27262,0.17914106
cauldron_ln_13546,0.2100566
cauldron_ln_9751,0.3182852
mix_SI_UT_5400_460,0.17468913
cauldron_ln_28906,0.27250242
cauldron_ln_4842,0.13114184
cauldron_ln_10128,0.25499508
mix_SI_UT_5400_615,0.31665614
mix_UI_ST_5400_1061,0.21299563
mix_SI_UT_5400_265,0.3052571
mix_UI_ST_5400_933,0.32320106
cauldron_ln_28198,0.42401415
mix_SI_UT_5400_329,0.23341301
mix_SI_UT_5400_1390,0.29692972
mix_SI_UT_5400_452,0.32564366
mix_UI_ST_5400_877,0.22427408
mix_UI_ST_5400_883,0.107627735
mix_SI_UT_5400_972,0.24451844
cauldron_ln_29968,0.2652214
mix_UI_ST_5400_731,0.16239326
mix_SI_UT_5400_158,0.22126688
mix_UI_ST_5400_238,0.2816654
mix_SI_UT_5400_516,0.34565136
cauldron_ln_8631,0.36370894
mix_UI_ST_5400_1482,0.15548745
mix_UI_ST_5400_552,0.16718367
mix_UI_ST_5400_568,0.29848284
cauldron_ln_26694,0.23508786
cauldron_ln_4333,0.27397403
cauldron_ln_16799,0.17925651
cauldron_ln_26897,0.2761289
cauldron_ln_21336,0.2622075
mix_UI_ST_5400_159,0.089602746
cauldron_ln_15937,0.27982283
mix_SI_UT_5400_520,0.21410084
cauldron_ln_23161,0.20022784
mix_SI_UT_5400_669,0.23344068
mix_UI_ST_5400_1005,0.275703
mix_SI_UT_5400_1399,0.19347411
mix_SI_UT_5400_861,0.21015257
mix_SI_UT_5400_284,0.31121108
cauldron_ln_21041,0.18799523
mix_SI_UT_5400_1170,0.2773571
cauldron_ln_10438,0.3719999
cauldron_ln_15156,0.28919294
mix_SI_UT_5400_964,0.24862558
cauldron_ln_20471,0.25619298
cauldron_ln_17506,0.2755013
mix_UI_ST_5400_1236,0.17356491
mix_SI_UT_5400_900,0.20810728
cauldron_ln_29125,0.28867614
cauldron_ln_5521,0.17192036
cauldron_ln_27172,0.28951445
mix_UI_ST_5400_1287,0.25001907
mix_UI_ST_5400_298,0.2685468
mix_SI_UT_5400_1266,0.32330328
mix_UI_ST_5400_132,0.34865192
cauldron_ln_24034,0.17859225
mix_SI_UT_5400_1026,0.33693936
cauldron_ln_27234,0.20728335
cauldron_ln_2239,0.23230256
mix_UI_ST_5400_1210,0.30604154
mix_SI_UT_5400_1251,0.29825568
cauldron_ln_2195,0.34191746
mix_UI_ST_5400_476,0.33663267
mix_UI_ST_5400_995,0.2303541
cauldron_ln_25330,0.27617788
mix_SI_UT_5400_1432,0.2898528
mix_UI_ST_5400_776,0.15042266
cauldron_ln_7995,0.287086
cauldron_ln_17756,0.25525633
cauldron_ln_14908,0.2478851
cauldron_ln_4872,0.1735029
mix_UI_ST_5400_628,0.2294942
cauldron_ln_16831,0.32025433
cauldron_ln_1319,0.23934783
cauldron_ln_6252,0.24960503
cauldron_ln_12959,0.18913531
mix_UI_ST_5400_1119,0.18974243
cauldron_ln_863,0.21552719
mix_SI_UT_5400_757,0.16734706
mix_SI_UT_5400_512,0.19101223
cauldron_ln_26887,0.25313872
cauldron_ln_13041,0.22150058
cauldron_ln_26745,0.26456544
mix_SI_UT_5400_853,0.37514776
mix_SI_UT_5400_746,0.26852706
mix_UI_ST_5400_383,0.23126465
cauldron_ln_15868,0.24968319
cauldron_ln_10025,0.20485306
mix_UI_ST_5400_344,0.26584205
cauldron_ln_5099,0.23887658
cauldron_ln_24035,0.31449616
mix_SI_UT_5400_1150,0.155118
mix_SI_UT_5400_1247,0.14364533
mix_SI_UT_5400_1392,0.21830498
cauldron_ln_3801,0.22947289
cauldron_ln_12910,0.22200792
cauldron_ln_10886,0.1430269
mix_SI_UT_5400_249,0.23077776
mix_UI_ST_5400_397,0.24687003
mix_SI_UT_5400_1340,0.30118418
mix_UI_ST_5400_1168,0.23358661
cauldron_ln_1375,0.18683553
mix_UI_ST_5400_493,0.32287222
mix_UI_ST_5400_1027,0.22652566
mix_UI_ST_5400_1125,0.17669368
cauldron_ln_29914,0.2751388
cauldron_ln_1988,0.2924596
cauldron_ln_23157,0.17649344
cauldron_ln_7036,0.29505873
cauldron_ln_1914,0.23283626
mix_SI_UT_5400_392,0.2940654
mix_UI_ST_5400_1335,0.26002353
mix_UI_ST_5400_1462,0.18682046
mix_UI_ST_5400_50,0.19560367
mix_SI_UT_5400_779,0.24640575
cauldron_ln_19609,0.34643736
cauldron_ln_26889,0.1843156
cauldron_ln_14138,0.33414918
cauldron_ln_29738,0.2809569
mix_SI_UT_5400_1059,0.23606698
cauldron_ln_5333,0.30721107
cauldron_ln_15679,0.36597332
cauldron_ln_940,0.1621983
mix_SI_UT_5400_1263,0.18065643
mix_SI_UT_5400_711,0.30592668
mix_UI_ST_5400_990,0.14933483
cauldron_ln_4866,0.13452823
mix_UI_ST_5400_1015,0.23133463
cauldron_ln_18516,0.06315646
cauldron_ln_16575,0.26938662
mix_UI_ST_5400_949,0.18569036
cauldron_ln_9583,0.22836238
mix_SI_UT_5400_1424,0.17213896
cauldron_ln_1090,0.25822222
cauldron_ln_149,0.23998065
mix_SI_UT_5400_29,0.22821832
mix_SI_UT_5400_951,0.2112702
mix_SI_UT_5400_894,0.18146934
cauldron_ln_29175,0.19607957
mix_SI_UT_5400_105,0.2162334
cauldron_ln_19793,0.21570405
mix_SI_UT_5400_1386,0.22291124
mix_UI_ST_5400_865,0.21800062
mix_SI_UT_5400_23,0.28695768
mix_SI_UT_5400_1097,0.3390262
mix_SI_UT_5400_77,0.1496803
mix_SI_UT_5400_1087,0.21235546
mix_UI_ST_5400_1437,0.2618015
mix_SI_UT_5400_344,0.19774754
mix_SI_UT_5400_487,0.21492252
mix_UI_ST_5400_957,0.21040195
cauldron_ln_7198,0.2435569
mix_SI_UT_5400_1343,0.18167129
mix_SI_UT_5400_44,0.36887836
cauldron_ln_23376,0.21042237
cauldron_ln_19997,0.25264865
cauldron_ln_14861,0.21416488
cauldron_ln_22566,0.2737478
mix_UI_ST_5400_7,0.3108741
mix_SI_UT_5400_499,0.27437943
cauldron_ln_20643,0.16426393
mix_UI_ST_5400_763,0.23204139
cauldron_ln_3666,0.3416908
mix_SI_UT_5400_1408,0.20886259
mix_UI_ST_5400_477,0.3246872
mix_SI_UT_5400_995,0.39055815
mix_UI_ST_5400_230,0.20808464
mix_SI_UT_5400_824,0.33061022
mix_UI_ST_5400_907,0.24601966
mix_SI_UT_5400_247,0.13673481
cauldron_ln_21403,0.25931966
cauldron_ln_8480,0.25021818
mix_UI_ST_5400_1413,0.14939563
mix_UI_ST_5400_1430,0.17795916
cauldron_ln_13144,0.24799994
mix_SI_UT_5400_118,0.22807784
mix_SI_UT_5400_1378,0.2555204
mix_UI_ST_5400_725,0.14063357
cauldron_ln_14601,0.28961155
cauldron_ln_25527,0.24737535
cauldron_ln_542,0.14392611
mix_SI_UT_5400_282,0.3808406
cauldron_ln_6065,0.24810082
mix_SI_UT_5400_212,0.31496713
cauldron_ln_27316,0.3336529
cauldron_ln_29747,0.3139456
mix_SI_UT_5400_1436,0.26159668
mix_UI_ST_5400_836,0.16476347
mix_SI_UT_5400_1279,0.2949434
cauldron_ln_20663,0.29733732
cauldron_ln_25201,0.29474363
mix_UI_ST_5400_1072,0.26384205
mix_UI_ST_5400_84,0.14662561
cauldron_ln_16818,0.20079756
mix_SI_UT_5400_483,0.26707163
mix_SI_UT_5400_1406,0.31633183
mix_SI_UT_5400_848,0.22754514
mix_UI_ST_5400_787,0.17132725
mix_UI_ST_5400_1138,0.29029286
mix_UI_ST_5400_356,0.23795304
cauldron_ln_23893,0.27451777
mix_UI_ST_5400_1148,0.18139371
mix_SI_UT_5400_672,0.29347116
mix_SI_UT_5400_967,0.3465237
mix_SI_UT_5400_338,0.23658392
cauldron_ln_4711,0.10335534
mix_UI_ST_5400_1385,0.2316869
cauldron_ln_14187,0.27046475
cauldron_ln_16565,0.25750804
cauldron_ln_27773,0.26284584
mix_SI_UT_5400_773,0.41271085
cauldron_ln_3633,0.34346387
mix_SI_UT_5400_914,0.18237725
cauldron_ln_24583,0.29843518
cauldron_ln_25486,0.32215065
cauldron_ln_310,0.25828043
cauldron_ln_20369,0.24325371
mix_SI_UT_5400_953,0.15591703
cauldron_ln_27853,0.23243617
mix_SI_UT_5400_694,0.17434455
mix_UI_ST_5400_1289,0.28426847
mix_UI_ST_5400_332,0.19017848
mix_UI_ST_5400_1450,0.17146488
mix_SI_UT_5400_491,0.3045255
mix_UI_ST_5400_575,0.33719268
mix_UI_ST_5400_1078,0.3411459
mix_SI_UT_5400_1202,0.38540867
cauldron_ln_5274,0.122123264
mix_SI_UT_5400_749,0.25232214
cauldron_ln_12210,0.23428926
mix_UI_ST_5400_144,0.2408228
cauldron_ln_10920,0.33045453
cauldron_ln_18423,0.20687126
mix_SI_UT_5400_110,0.24464206
cauldron_ln_1527,0.23577218
cauldron_ln_18494,0.28869256
cauldron_ln_5584,0.15909289
mix_UI_ST_5400_778,0.23703897
mix_SI_UT_5400_649,0.2181044
cauldron_ln_11166,0.1921292
mix_SI_UT_5400_372,0.225317
mix_SI_UT_5400_78,0.19287519
mix_UI_ST_5400_322,0.2418943
mix_SI_UT_5400_414,0.41200817
cauldron_ln_692,0.22157715
cauldron_ln_12711,0.28283554
mix_UI_ST_5400_929,0.22967292
cauldron_ln_7496,0.26940048
mix_UI_ST_5400_350,0.2394312
mix_SI_UT_5400_378,0.25623435
cauldron_ln_20025,0.27511257
cauldron_ln_26249,0.29143244
cauldron_ln_20293,0.171461
cauldron_ln_28354,0.25660563
cauldron_ln_28608,0.263077
mix_UI_ST_5400_1317,0.18764842
mix_UI_ST_5400_337,0.16958071
cauldron_ln_24775,0.25088528
cauldron_ln_10275,0.21903728
cauldron_ln_977,0.24561714
mix_UI_ST_5400_99,0.22325057
mix_SI_UT_5400_732,0.19715111
mix_SI_UT_5400_262,0.1755217
cauldron_ln_21014,0.27383605
mix_SI_UT_5400_287,0.26561338
mix_SI_UT_5400_801,0.21276858
cauldron_ln_15487,0.36145172
cauldron_ln_6743,0.37974906
cauldron_ln_22571,0.17723699
cauldron_ln_17898,0.2411707
mix_SI_UT_5400_399,0.2653293
mix_SI_UT_5400_934,0.21918964
mix_SI_UT_5400_929,0.23828399
mix_SI_UT_5400_1276,0.22218211
cauldron_ln_1079,0.2145855
mix_SI_UT_5400_1184,0.2974392
cauldron_ln_17352,0.21193899
cauldron_ln_19507,0.22440216
cauldron_ln_21120,0.17138058
cauldron_ln_1797,0.44435897
mix_UI_ST_5400_909,0.22171326
cauldron_ln_10802,0.17767462
cauldron_ln_29356,0.26176313
mix_SI_UT_5400_1231,0.37102813
mix_UI_ST_5400_858,0.4597326
cauldron_ln_24406,0.3412207
cauldron_ln_27636,0.18003395
cauldron_ln_16618,0.26171586
mix_UI_ST_5400_1420,0.26284462
mix_UI_ST_5400_1419,0.20477466
mix_UI_ST_5400_705,0.25198594
mix_UI_ST_5400_28,0.22083165
cauldron_ln_15339,0.15308575
mix_UI_ST_5400_625,0.24146138
mix_SI_UT_5400_366,0.40112257
mix_UI_ST_5400_1187,0.18917017
cauldron_ln_18101,0.28385156
mix_SI_UT_5400_535,0.15519136
mix_UI_ST_5400_1315,0.24590522
mix_SI_UT_5400_1259,0.23072939
cauldron_ln_29651,0.14008805
cauldron_ln_18990,0.27003974
cauldron_ln_19186,0.3131309
mix_SI_UT_5400_980,0.16946812
cauldron_ln_27548,0.19439593
cauldron_ln_5494,0.15337555
cauldron_ln_1369,0.22093168
mix_SI_UT_5400_93,0.2199968
mix_UI_ST_5400_1282,0.21027303
mix_UI_ST_5400_1471,0.25051802
mix_UI_ST_5400_91,0.24683958
mix_SI_UT_5400_1388,0.16330665
mix_UI_ST_5400_1368,0.27477455
mix_UI_ST_5400_717,0.30005845
mix_UI_ST_5400_796,0.20717576
mix_UI_ST_5400_962,0.24461038
mix_SI_UT_5400_112,0.33785388
mix_UI_ST_5400_1075,0.122013904
cauldron_ln_22324,0.21283801
cauldron_ln_26808,0.18693739
cauldron_ln_25079,0.2894439
mix_UI_ST_5400_539,0.20427088
cauldron_ln_4806,0.31141156
cauldron_ln_21746,0.33096242
cauldron_ln_23661,0.23359443
cauldron_ln_8070,0.25050285
mix_UI_ST_5400_1495,0.3554872
mix_UI_ST_5400_353,0.24723215
mix_SI_UT_5400_418,0.2539709
cauldron_ln_19799,0.280577
mix_SI_UT_5400_155,0.20947702
mix_UI_ST_5400_1326,0.18591057
mix_UI_ST_5400_1150,0.23806255
mix_UI_ST_5400_556,0.27315068
mix_SI_UT_5400_396,0.33107105
cauldron_ln_16482,0.16346337
cauldron_ln_3400,0.18973936
mix_SI_UT_5400_1342,0.30115795
mix_UI_ST_5400_459,0.33682972
cauldron_ln_13717,0.2539316
mix_UI_ST_5400_777,0.19792639
mix_UI_ST_5400_1479,0.27065316
cauldron_ln_29216,0.245838
cauldron_ln_5498,0.285495
mix_UI_ST_5400_1170,0.21210675
cauldron_ln_13897,0.2113183
cauldron_ln_5820,0.21532764
mix_SI_UT_5400_887,0.2780956
mix_UI_ST_5400_246,0.2111776
mix_SI_UT_5400_1312,0.24317354
cauldron_ln_8647,0.3341999
cauldron_ln_8401,0.32486632
cauldron_ln_18002,0.2794311
cauldron_ln_26865,0.31885666
cauldron_ln_5181,0.203296
cauldron_ln_4013,0.30275345
cauldron_ln_6270,0.35102284
mix_SI_UT_5400_795,0.16164242
cauldron_ln_27875,0.21601598
cauldron_ln_3849,0.24589467
mix_SI_UT_5400_931,0.29144195
cauldron_ln_12360,0.2891221
mix_SI_UT_5400_1111,0.24826309
cauldron_ln_24349,0.29317474
cauldron_ln_7009,0.1453743
mix_UI_ST_5400_170,0.26344
mix_SI_UT_5400_16,0.28329605
mix_SI_UT_5400_351,0.2080939
cauldron_ln_25343,0.31040463
mix_UI_ST_5400_172,0.405286
mix_UI_ST_5400_1197,0.22496979
cauldron_ln_21605,0.33615187
mix_SI_UT_5400_1209,0.31686193
cauldron_ln_6458,0.17236282
cauldron_ln_28692,0.28594714
mix_SI_UT_5400_952,0.1921581
cauldron_ln_11781,0.29977614
mix_SI_UT_5400_744,0.20318504
mix_UI_ST_5400_281,0.21680462
mix_SI_UT_5400_987,0.26576418
cauldron_ln_6449,0.21441405
mix_SI_UT_5400_1446,0.3599289
cauldron_ln_4134,0.17673825
cauldron_ln_2203,0.34545806
cauldron_ln_22034,0.15839842
mix_SI_UT_5400_276,0.24281254
mix_SI_UT_5400_741,0.22063716
mix_SI_UT_5400_279,0.3017684
cauldron_ln_3449,0.23341
cauldron_ln_9885,0.3130599
mix_UI_ST_5400_617,0.16718847
cauldron_ln_2002,0.22380424
mix_SI_UT_5400_815,0.22010767
mix_UI_ST_5400_460,0.3018254
mix_UI_ST_5400_189,0.33404317
mix_UI_ST_5400_984,0.15352704
mix_SI_UT_5400_1356,0.29210523
cauldron_ln_12288,0.20945342
mix_SI_UT_5400_1139,0.3433046
mix_SI_UT_5400_656,0.14773414
cauldron_ln_14956,0.17266868
mix_UI_ST_5400_920,0.32037103
cauldron_ln_13370,0.22749606
mix_UI_ST_5400_1245,0.2808162
mix_SI_UT_5400_84,0.25660187
mix_UI_ST_5400_386,0.23126237
cauldron_ln_2323,0.31884387
cauldron_ln_10948,0.21077684
cauldron_ln_12538,0.16966881
mix_UI_ST_5400_813,0.24325936
cauldron_ln_10207,0.32046136
mix_SI_UT_5400_654,0.27185732
cauldron_ln_8451,0.17355675
mix_SI_UT_5400_216,0.2079173
mix_UI_ST_5400_1233,0.26061487
cauldron_ln_150,0.32167155
mix_UI_ST_5400_616,0.17469727
cauldron_ln_1364,0.19187352
cauldron_ln_23121,0.18705773
cauldron_ln_22401,0.42360768
cauldron_ln_502,0.30115747
mix_SI_UT_5400_270,0.17982239
mix_UI_ST_5400_409,0.16487847
cauldron_ln_16609,0.20640047
mix_SI_UT_5400_684,0.24875094
cauldron_ln_17353,0.21227954
cauldron_ln_7453,0.20222028
cauldron_ln_11055,0.25975543
cauldron_ln_343,0.2770939
mix_SI_UT_5400_903,0.4231937
cauldron_ln_467,0.3122878
mix_UI_ST_5400_689,0.28154665
mix_UI_ST_5400_1367,0.26935774
mix_SI_UT_5400_1299,0.18014422
cauldron_ln_22910,0.24496652
mix_SI_UT_5400_701,0.20722023
cauldron_ln_23748,0.23372044
cauldron_ln_17549,0.31487066
mix_SI_UT_5400_268,0.25155514
mix_SI_UT_5400_242,0.27762824
cauldron_ln_4812,0.36225095
cauldron_ln_1500,0.10776162
mix_SI_UT_5400_121,0.24231337
cauldron_ln_14570,0.2258135
mix_SI_UT_5400_806,0.31099078
mix_UI_ST_5400_405,0.2443827
cauldron_ln_18503,0.2237112
cauldron_ln_12414,0.32355678
mix_SI_UT_5400_1004,0.30292597
cauldron_ln_8491,0.23318136
mix_SI_UT_5400_180,0.1929564
mix_SI_UT_5400_1265,0.2783604
cauldron_ln_1792,0.14359795
mix_SI_UT_5400_676,0.2740283
mix_SI_UT_5400_943,0.15755947
cauldron_ln_26109,0.32692575
mix_UI_ST_5400_176,0.15183495
cauldron_ln_17335,0.2432013
cauldron_ln_21500,0.26897225
cauldron_ln_6716,0.2541285
cauldron_ln_8570,0.31519562
cauldron_ln_27679,0.2858515
mix_SI_UT_5400_756,0.16195835
mix_SI_UT_5400_549,0.2044736
mix_SI_UT_5400_195,0.25110424
mix_SI_UT_5400_834,0.19030236
mix_UI_ST_5400_270,0.21808206
mix_UI_ST_5400_593,0.30660528
mix_SI_UT_5400_653,0.10439712
cauldron_ln_14273,0.25256082
cauldron_ln_23579,0.4339295
cauldron_ln_19820,0.2783474
mix_UI_ST_5400_268,0.359253
mix_SI_UT_5400_1389,0.26987788
mix_SI_UT_5400_40,0.30523226
cauldron_ln_2401,0.24766196
cauldron_ln_23793,0.22824693
mix_SI_UT_5400_1226,0.26461998
mix_UI_ST_5400_916,0.2101097
cauldron_ln_6741,0.27741987
mix_SI_UT_5400_310,0.26863664
mix_UI_ST_5400_632,0.3769271
mix_SI_UT_5400_1387,0.2256897
mix_SI_UT_5400_459,0.17735043
cauldron_ln_20666,0.23254514
cauldron_ln_9843,0.24988906
mix_UI_ST_5400_343,0.25936225
cauldron_ln_23338,0.22168429
cauldron_ln_28999,0.2831491
mix_SI_UT_5400_1142,0.4206534
cauldron_ln_9612,0.4969418
mix_UI_ST_5400_271,0.22484194
mix_SI_UT_5400_901,0.2293735
cauldron_ln_16289,0.17423446
cauldron_ln_2351,0.23137535
cauldron_ln_24157,0.15850216
cauldron_ln_26790,0.24681135
mix_SI_UT_5400_232,0.2832436
mix_UI_ST_5400_1181,0.3686645
cauldron_ln_21779,0.33263534
mix_UI_ST_5400_804,0.25656813
cauldron_ln_20486,0.19253482
mix_SI_UT_5400_956,0.19928974
mix_SI_UT_5400_412,0.27324417
mix_SI_UT_5400_616,0.22043991
mix_UI_ST_5400_1024,0.24666567
cauldron_ln_11372,0.24785925
cauldron_ln_25415,0.08741834
cauldron_ln_29622,0.14330728
mix_SI_UT_5400_811,0.23874244
cauldron_ln_28316,0.18400715
mix_SI_UT_5400_359,0.23920584
cauldron_ln_4601,0.26610202
mix_SI_UT_5400_1173,0.32216772
mix_UI_ST_5400_391,0.269318
mix_SI_UT_5400_1076,0.20870216
cauldron_ln_28875,0.23238663
cauldron_ln_1347,0.2412978
cauldron_ln_5432,0.20334916
mix_UI_ST_5400_1202,0.19000345
cauldron_ln_19328,0.24277161
cauldron_ln_5824,0.25240228
mix_SI_UT_5400_890,0.28809297
mix_UI_ST_5400_1049,0.26118585
mix_SI_UT_5400_552,0.25773245
cauldron_ln_3669,0.25598225
cauldron_ln_10422,0.23009741
cauldron_ln_27207,0.35310248
cauldron_ln_14344,0.32203677
cauldron_ln_15718,0.27574494
mix_UI_ST_5400_16,0.25284332
cauldron_ln_16775,0.20935774
mix_SI_UT_5400_780,0.28590223
mix_SI_UT_5400_796,0.2384949
cauldron_ln_1525,0.2716934
mix_UI_ST_5400_855,0.30848816
cauldron_ln_14748,0.24410301
cauldron_ln_4300,0.1669214
cauldron_ln_29761,0.15966444
mix_UI_ST_5400_1412,0.2881375
mix_UI_ST_5400_573,0.16108102
mix_SI_UT_5400_462,0.24247329
cauldron_ln_25295,0.2024782
cauldron_ln_7238,0.2510943
cauldron_ln_28503,0.3184395
cauldron_ln_24761,0.309383
cauldron_ln_16001,0.34300554
cauldron_ln_19262,0.2182943
cauldron_ln_20349,0.27731186
cauldron_ln_5376,0.29289848
mix_UI_ST_5400_1249,0.23356205
cauldron_ln_8022,0.3447303
cauldron_ln_29615,0.12344312
mix_UI_ST_5400_1203,0.21915728
cauldron_ln_28377,0.32322198
mix_SI_UT_5400_147,0.31692225
mix_UI_ST_5400_23,0.24754094
cauldron_ln_11262,0.20481148
cauldron_ln_6588,0.22036086
mix_SI_UT_5400_6,0.40593594
cauldron_ln_2724,0.23335442
cauldron_ln_3229,0.18921815
cauldron_ln_5163,0.22052528
mix_UI_ST_5400_39,0.1698482
mix_SI_UT_5400_763,0.20385772
cauldron_ln_20248,0.1680082
mix_SI_UT_5400_937,0.3248586
cauldron_ln_1321,0.4070416
mix_SI_UT_5400_569,0.3181849
mix_SI_UT_5400_717,0.22847515
cauldron_ln_23410,0.1903808
mix_SI_UT_5400_877,0.107222684
cauldron_ln_16176,0.27024075
cauldron_ln_24111,0.14710493
cauldron_ln_556,0.2626515
mix_SI_UT_5400_1495,0.16127804
cauldron_ln_6787,0.3038478
cauldron_ln_24473,0.22294943
mix_UI_ST_5400_812,0.26075983
mix_SI_UT_5400_657,0.1848018
cauldron_ln_15448,0.240121
mix_SI_UT_5400_551,0.3283251
cauldron_ln_14578,0.38564375
cauldron_ln_26015,0.27415463
cauldron_ln_21087,0.33480746
cauldron_ln_11659,0.3094579
cauldron_ln_8291,0.21923225
mix_UI_ST_5400_345,0.19479492
cauldron_ln_21328,0.3074776
cauldron_ln_24870,0.18164913
mix_UI_ST_5400_133,0.29273805
cauldron_ln_17563,0.33953643
mix_SI_UT_5400_245,0.22291592
cauldron_ln_28317,0.28674358
mix_UI_ST_5400_521,0.36149436
cauldron_ln_4967,0.2582319
mix_UI_ST_5400_142,0.1830718
mix_UI_ST_5400_1355,0.23698041
mix_UI_ST_5400_816,0.3394918
cauldron_ln_15062,0.20675468
mix_UI_ST_5400_943,0.3088491
cauldron_ln_8221,0.22750041
mix_UI_ST_5400_100,0.21277048
cauldron_ln_29283,0.16476008
mix_SI_UT_5400_561,0.25371572
mix_UI_ST_5400_762,0.3355174
mix_UI_ST_5400_1008,0.23246917
cauldron_ln_3750,0.28851578
cauldron_ln_20592,0.29179564
mix_SI_UT_5400_332,0.17795229
cauldron_ln_15756,0.20266165
cauldron_ln_11736,0.2295982
mix_UI_ST_5400_654,0.22841929
cauldron_ln_10475,0.19773376
mix_SI_UT_5400_75,0.297538
cauldron_ln_23924,0.21200022
mix_SI_UT_5400_1448,0.20073162
mix_SI_UT_5400_18,0.15651016
mix_UI_ST_5400_693,0.23899977
cauldron_ln_4903,0.16877083
mix_SI_UT_5400_1358,0.3369545
cauldron_ln_10095,0.23515318
cauldron_ln_9570,0.16636042
mix_SI_UT_5400_799,0.2038117
cauldron_ln_497,0.15055776
cauldron_ln_6786,0.3823283
cauldron_ln_27321,0.32300034
cauldron_ln_8876,0.28575
cauldron_ln_11379,0.23131253
cauldron_ln_2483,0.17912048
cauldron_ln_5447,0.23078291
cauldron_ln_17031,0.20310864
mix_UI_ST_5400_1285,0.23492703
mix_UI_ST_5400_366,0.16728047
cauldron_ln_17538,0.29240873
mix_UI_ST_5400_186,0.2615097
cauldron_ln_3038,0.39302662
mix_SI_UT_5400_451,0.19569845
mix_SI_UT_5400_420,0.23895438
cauldron_ln_9299,0.20583658
cauldron_ln_12303,0.17709291
cauldron_ln_24784,0.30148187
cauldron_ln_10797,0.20511965
mix_SI_UT_5400_1245,0.1840093
cauldron_ln_13724,0.25352082
mix_SI_UT_5400_387,0.22122604
mix_UI_ST_5400_1384,0.29978064
cauldron_ln_14649,0.24031542
mix_UI_ST_5400_193,0.12991624
mix_SI_UT_5400_1048,0.30815944
cauldron_ln_1764,0.4298054
mix_SI_UT_5400_125,0.33049032
cauldron_ln_11048,0.22652185
cauldron_ln_19348,0.2392911
mix_SI_UT_5400_936,0.19124308
cauldron_ln_17918,0.21927448
mix_SI_UT_5400_715,0.25995335
mix_UI_ST_5400_309,0.1701571
cauldron_ln_4397,0.19075097
mix_SI_UT_5400_1122,0.35442814
mix_SI_UT_5400_1129,0.17024305
cauldron_ln_26647,0.2023573
cauldron_ln_11006,0.18259084
cauldron_ln_3529,0.35427943
mix_UI_ST_5400_1291,0.2758518
mix_UI_ST_5400_1179,0.22078297
mix_SI_UT_5400_1224,0.1515542
cauldron_ln_25808,0.2762177
cauldron_ln_740,0.22924823
mix_SI_UT_5400_394,0.23331934
mix_SI_UT_5400_519,0.22400045
mix_SI_UT_5400_148,0.203435
cauldron_ln_25565,0.28179303
cauldron_ln_28494,0.25308695
mix_SI_UT_5400_390,0.17865406
cauldron_ln_11506,0.23561484
cauldron_ln_16003,0.26571003
mix_SI_UT_5400_252,0.3054298
cauldron_ln_13721,0.21459097
mix_SI_UT_5400_1225,0.12080278
cauldron_ln_5291,0.16041808
mix_UI_ST_5400_1308,0.34769306
mix_SI_UT_5400_1468,0.18628913
cauldron_ln_1406,0.22801891
cauldron_ln_15481,0.30084193
cauldron_ln_9301,0.21243006
mix_UI_ST_5400_351,0.17167374
mix_UI_ST_5400_1084,0.28850886
mix_SI_UT_5400_493,0.1592108
mix_SI_UT_5400_712,0.19425635
mix_SI_UT_5400_254,0.1553696
mix_UI_ST_5400_214,0.2336228
mix_UI_ST_5400_1312,0.53427595
cauldron_ln_22230,0.31630763
cauldron_ln_16143,0.14160064
mix_SI_UT_5400_1070,0.2527863
mix_SI_UT_5400_695,0.2948202
cauldron_ln_11668,0.28332272
mix_SI_UT_5400_149,0.31705508
mix_UI_ST_5400_640,0.20740873
cauldron_ln_23296,0.3064732
mix_SI_UT_5400_776,0.29504752
mix_SI_UT_5400_1242,0.08500528
cauldron_ln_17734,0.22554241
cauldron_ln_26539,0.25756076
cauldron_ln_5756,0.17632091
mix_SI_UT_5400_613,0.46214733
cauldron_ln_2252,0.31782493
mix_UI_ST_5400_179,0.40368637
mix_SI_UT_5400_719,0.22431868
mix_UI_ST_5400_1444,0.24745058
cauldron_ln_12070,0.19067213
mix_SI_UT_5400_505,0.21673246
mix_UI_ST_5400_1043,0.28481013
mix_UI_ST_5400_860,0.27782455
mix_UI_ST_5400_194,0.10593225
mix_UI_ST_5400_1133,0.20451011
cauldron_ln_22821,0.23143332
mix_SI_UT_5400_415,0.25907415
cauldron_ln_7580,0.22288547
mix_SI_UT_5400_1107,0.22132923
mix_UI_ST_5400_480,0.14060158
cauldron_ln_23885,0.23968878
cauldron_ln_23570,0.24999464
mix_SI_UT_5400_1385,0.18266812
mix_SI_UT_5400_625,0.16994303
cauldron_ln_21899,0.23446898
mix_UI_ST_5400_1069,0.13697134
mix_SI_UT_5400_1492,0.4332006
cauldron_ln_17077,0.26735112
cauldron_ln_6257,0.31741357
mix_SI_UT_5400_213,0.19102293
cauldron_ln_17715,0.24800281
cauldron_ln_19637,0.21990576
mix_SI_UT_5400_1188,0.1908662
cauldron_ln_7098,0.2980788
cauldron_ln_7178,0.28523296
mix_UI_ST_5400_669,0.19730031
cauldron_ln_21883,0.27940893
cauldron_ln_17536,0.27784836
cauldron_ln_22977,0.14425582
cauldron_ln_11369,0.20727487
mix_SI_UT_5400_830,0.3375894
cauldron_ln_21337,0.22495095
cauldron_ln_5520,0.26193407
mix_UI_ST_5400_529,0.26320672
mix_SI_UT_5400_109,0.22839238
cauldron_ln_25740,0.24968827
mix_SI_UT_5400_636,0.31165934
cauldron_ln_25308,0.33113673
mix_SI_UT_5400_1010,0.20806865
cauldron_ln_18008,0.37899017
mix_SI_UT_5400_1326,0.243773
mix_SI_UT_5400_915,0.21897262
cauldron_ln_17195,0.1733731
cauldron_ln_13341,0.2143189
mix_SI_UT_5400_1124,0.21429463
cauldron_ln_3245,0.2827521
cauldron_ln_8172,0.35307482
mix_UI_ST_5400_926,0.34189782
cauldron_ln_4876,0.24253196
mix_UI_ST_5400_751,0.13341957
mix_SI_UT_5400_1374,0.27166358
mix_UI_ST_5400_975,0.2672057
mix_SI_UT_5400_1405,0.32460842
cauldron_ln_24849,0.3265951
cauldron_ln_16941,0.18107197
mix_SI_UT_5400_591,0.2620949
cauldron_ln_15085,0.20719932
mix_SI_UT_5400_596,0.24535345
mix_UI_ST_5400_622,0.28550956
cauldron_ln_11887,0.2734819
cauldron_ln_106,0.149571
cauldron_ln_13192,0.25761658
cauldron_ln_22696,0.23029047
cauldron_ln_29285,0.38227686
mix_SI_UT_5400_470,0.31647632
cauldron_ln_6912,0.198165
cauldron_ln_9522,0.24356598
mix_UI_ST_5400_1132,0.5028527
cauldron_ln_28412,0.22855274
mix_UI_ST_5400_221,0.21904366
mix_SI_UT_5400_1045,0.26721612
cauldron_ln_16172,0.16816872
cauldron_ln_14103,0.35788786
mix_UI_ST_5400_1071,0.2594285
mix_SI_UT_5400_1233,0.23055819
mix_SI_UT_5400_111,0.2256708
mix_SI_UT_5400_324,0.2438394
mix_SI_UT_5400_116,0.31402296
cauldron_ln_1235,0.28027678
cauldron_ln_24255,0.18008392
cauldron_ln_15710,0.24427825
mix_SI_UT_5400_51,0.24350762
cauldron_ln_20644,0.24777667
cauldron_ln_21833,0.16862074
cauldron_ln_23944,0.20739123
mix_SI_UT_5400_308,0.24341889
cauldron_ln_25956,0.2502359
cauldron_ln_15934,0.27236193
mix_UI_ST_5400_1159,0.22530548
cauldron_ln_24050,0.25173146
mix_SI_UT_5400_190,0.19929583
cauldron_ln_6763,0.24802247
mix_SI_UT_5400_2,0.34577748
mix_UI_ST_5400_457,0.21948627
mix_UI_ST_5400_1224,0.22859034
cauldron_ln_16339,0.35867903
cauldron_ln_5773,0.28180778
mix_UI_ST_5400_1447,0.20014492
mix_UI_ST_5400_956,0.34781155
cauldron_ln_2312,0.21309978
mix_UI_ST_5400_1003,0.27173567
mix_UI_ST_5400_1425,0.23988885
cauldron_ln_24204,0.27432016
cauldron_ln_1617,0.2028864
mix_SI_UT_5400_1050,0.20115112
cauldron_ln_20936,0.21985666
cauldron_ln_22017,0.34070548
cauldron_ln_23477,0.2565751
mix_SI_UT_5400_1038,0.27385953
cauldron_ln_26664,0.18469872
cauldron_ln_10615,0.21896608
cauldron_ln_1497,0.21393088
mix_SI_UT_5400_892,0.2691608
mix_UI_ST_5400_1230,0.2914863
mix_UI_ST_5400_1286,0.37716854
cauldron_ln_19657,0.14898106
cauldron_ln_6233,0.20706517
cauldron_ln_1337,0.22657755
cauldron_ln_28617,0.23828591
cauldron_ln_808,0.37442788
cauldron_ln_29971,0.36566648
mix_UI_ST_5400_1456,0.2766665
mix_UI_ST_5400_1155,0.17621115
cauldron_ln_22663,0.34976065
cauldron_ln_19031,0.2218361
mix_SI_UT_5400_688,0.25313437
cauldron_ln_12081,0.28887364
mix_UI_ST_5400_1440,0.25440106
mix_UI_ST_5400_311,0.24316858
mix_SI_UT_5400_1337,0.22463848
cauldron_ln_8006,0.20955057
cauldron_ln_10427,0.23607408
cauldron_ln_4976,0.20796812
mix_SI_UT_5400_878,0.22479369
mix_UI_ST_5400_688,0.22953598
cauldron_ln_397,0.28264523
cauldron_ln_520,0.21088527
mix_UI_ST_5400_1063,0.29081216
cauldron_ln_17300,0.23553701
cauldron_ln_13607,0.15850993
cauldron_ln_27780,0.39181533
mix_UI_ST_5400_636,0.21381979
mix_SI_UT_5400_1106,0.36147553
mix_SI_UT_5400_343,0.311554
mix_UI_ST_5400_1146,0.22682391
mix_SI_UT_5400_1025,0.17491813
mix_UI_ST_5400_514,0.26568934
cauldron_ln_10504,0.11419274
mix_SI_UT_5400_1473,0.29542574
cauldron_ln_6725,0.20983565
mix_UI_ST_5400_470,0.1990309
mix_SI_UT_5400_140,0.29223803
mix_UI_ST_5400_977,0.28772137
mix_SI_UT_5400_1017,0.20041908
mix_SI_UT_5400_1489,0.28569916
mix_UI_ST_5400_106,0.15893559
mix_UI_ST_5400_423,0.3276778
cauldron_ln_6123,0.18189816
mix_SI_UT_5400_977,0.2771246
mix_SI_UT_5400_10,0.23364706
mix_SI_UT_5400_1451,0.25443435
cauldron_ln_10640,0.20638497
mix_UI_ST_5400_969,0.13611321
mix_SI_UT_5400_1235,0.3879241
mix_UI_ST_5400_265,0.22063924
cauldron_ln_16356,0.23680907
mix_UI_ST_5400_288,0.18035798
mix_SI_UT_5400_899,0.26518482
cauldron_ln_12458,0.26499045
mix_UI_ST_5400_898,0.2816699
cauldron_ln_13902,0.15634544
mix_SI_UT_5400_141,0.2667267
mix_UI_ST_5400_1006,0.17822978
cauldron_ln_174,0.26373824
mix_UI_ST_5400_1329,0.33900237
mix_UI_ST_5400_1269,0.26070198
mix_SI_UT_5400_289,0.17841695
cauldron_ln_2976,0.17632914
cauldron_ln_2421,0.108800896
cauldron_ln_17143,0.29451612
mix_UI_ST_5400_1190,0.21167395
cauldron_ln_375,0.33057335
cauldron_ln_17658,0.23879784
cauldron_ln_4526,0.23714007
mix_SI_UT_5400_176,0.25638327
mix_SI_UT_5400_1372,0.34071982
cauldron_ln_15776,0.22048478
mix_UI_ST_5400_624,0.24248843
mix_SI_UT_5400_648,0.24292943
cauldron_ln_3352,0.25521898
mix_UI_ST_5400_532,0.24001437
mix_SI_UT_5400_822,0.28565776
cauldron_ln_7366,0.1758688
cauldron_ln_21184,0.1878203
mix_UI_ST_5400_1092,0.24264571
cauldron_ln_15774,0.22900867
mix_UI_ST_5400_1496,0.082511336
cauldron_ln_15467,0.19069281
mix_UI_ST_5400_1452,0.32473382
mix_UI_ST_5400_1338,0.29796973
cauldron_ln_8632,0.2856152
mix_SI_UT_5400_307,0.3551886
cauldron_ln_7974,0.3296696
mix_UI_ST_5400_284,0.24117443
mix_UI_ST_5400_1341,0.27333236
mix_SI_UT_5400_760,0.37524128
mix_SI_UT_5400_778,0.22642173
mix_SI_UT_5400_1264,0.19375168
mix_SI_UT_5400_1100,0.26086736
cauldron_ln_11907,0.26584435
cauldron_ln_9012,0.20922747
mix_UI_ST_5400_1309,0.27113095
mix_SI_UT_5400_277,0.34048682
mix_UI_ST_5400_197,0.29931197
mix_UI_ST_5400_125,0.2710416
cauldron_ln_12958,0.18672003
mix_UI_ST_5400_1262,0.26146576
cauldron_ln_29307,0.17995818
mix_UI_ST_5400_1449,0.17584787
cauldron_ln_7312,0.30379152
mix_SI_UT_5400_1146,0.15431763
cauldron_ln_20680,0.20629312
mix_UI_ST_5400_596,0.19199671
mix_UI_ST_5400_942,0.19085158
mix_SI_UT_5400_564,0.29848358
cauldron_ln_18293,0.22266842
cauldron_ln_2234,0.20685047
mix_SI_UT_5400_354,0.22585459
mix_SI_UT_5400_1330,0.21862258
mix_UI_ST_5400_1066,0.11165565
cauldron_ln_25988,0.31398723
cauldron_ln_28634,0.19340831
cauldron_ln_26039,0.2027453
mix_UI_ST_5400_992,0.17205831
mix_SI_UT_5400_401,0.20825167
mix_SI_UT_5400_217,0.30477402
cauldron_ln_2942,0.3982231
mix_UI_ST_5400_496,0.20401537
cauldron_ln_12358,0.22454774
cauldron_ln_13661,0.2701485
mix_UI_ST_5400_211,0.057404663
mix_SI_UT_5400_465,0.29499403
mix_UI_ST_5400_1106,0.27646562
cauldron_ln_20658,0.28802362
cauldron_ln_6279,0.26043996
cauldron_ln_22994,0.25407636
cauldron_ln_13194,0.27194214
cauldron_ln_5658,0.17357385
cauldron_ln_2476,0.31358066
mix_UI_ST_5400_68,0.2410607
cauldron_ln_1459,0.28888732
mix_UI_ST_5400_247,0.17027178
mix_SI_UT_5400_503,0.23439652
mix_UI_ST_5400_736,0.24262083
cauldron_ln_21708,0.22742872
cauldron_ln_28901,0.18757749
cauldron_ln_1447,0.2345219
mix_UI_ST_5400_53,0.22279581
mix_SI_UT_5400_325,0.12593721
mix_UI_ST_5400_1480,0.16735244
mix_SI_UT_5400_38,0.15262432
mix_SI_UT_5400_128,0.17111072
mix_UI_ST_5400_1302,0.29219586
mix_SI_UT_5400_1,0.14201812
mix_SI_UT_5400_629,0.21166198
mix_UI_ST_5400_40,0.19074622
cauldron_ln_13116,0.16593379
cauldron_ln_8125,0.4171401
mix_SI_UT_5400_222,0.19964305
cauldron_ln_12749,0.23463845
mix_SI_UT_5400_590,0.15502445
cauldron_ln_6846,0.21578535
cauldron_ln_11275,0.34799162
mix_SI_UT_5400_807,0.25979346
mix_UI_ST_5400_19,0.2626041
mix_SI_UT_5400_511,0.2044366
cauldron_ln_17348,0.21943244
cauldron_ln_17202,0.25827926
mix_SI_UT_5400_1285,0.22873849
mix_SI_UT_5400_622,0.21475661
cauldron_ln_8394,0.22443281
mix_UI_ST_5400_695,0.1215482
mix_SI_UT_5400_1119,0.22136427
mix_UI_ST_5400_832,0.30835542
mix_UI_ST_5400_1096,0.42386478
cauldron_ln_25019,0.36781815
mix_SI_UT_5400_464,0.23811804
mix_UI_ST_5400_134,0.20471692
cauldron_ln_21512,0.22721173
cauldron_ln_2457,0.17868324
mix_UI_ST_5400_1131,0.28437665
mix_UI_ST_5400_466,0.2656963
cauldron_ln_7199,0.27257213
cauldron_ln_9750,0.1581358
mix_UI_ST_5400_59,0.33473256
cauldron_ln_13692,0.33682778
cauldron_ln_3244,0.17296381
mix_UI_ST_5400_1220,0.35404548
cauldron_ln_8784,0.26416796
cauldron_ln_1227,0.17382848
cauldron_ln_23463,0.22061379
mix_SI_UT_5400_47,0.255019
cauldron_ln_4776,0.17576647
mix_SI_UT_5400_839,0.33108518
cauldron_ln_21360,0.26781717
mix_SI_UT_5400_1143,0.22512071
mix_SI_UT_5400_25,0.30479324
mix_SI_UT_5400_1395,0.20843479
mix_SI_UT_5400_205,0.19701669
mix_SI_UT_5400_346,0.17046638
cauldron_ln_6760,0.1646119
cauldron_ln_15478,0.24482319
mix_UI_ST_5400_509,0.21932432
mix_UI_ST_5400_868,0.23972185
mix_UI_ST_5400_78,0.22517838
cauldron_ln_9173,0.16315652
mix_UI_ST_5400_938,0.27137226
mix_SI_UT_5400_1253,0.23691402
cauldron_ln_2553,0.3080036
cauldron_ln_11528,0.23505539
cauldron_ln_24903,0.20290872
mix_UI_ST_5400_928,0.21796903
cauldron_ln_27318,0.29496825
cauldron_ln_6181,0.3495378
mix_SI_UT_5400_1021,0.19042636
mix_UI_ST_5400_801,0.20781286
cauldron_ln_29752,0.2931696
mix_UI_ST_5400_192,0.27923945
cauldron_ln_18012,0.31732526
cauldron_ln_28399,0.22200903
cauldron_ln_7291,0.22181888
mix_SI_UT_5400_679,0.26352796
cauldron_ln_2145,0.3237611
cauldron_ln_8364,0.1861402
mix_SI_UT_5400_258,0.16919671
mix_UI_ST_5400_1135,0.25534844
mix_SI_UT_5400_810,0.19737138
cauldron_ln_18633,0.21287979
mix_UI_ST_5400_204,0.19716926
cauldron_ln_12724,0.19269744
cauldron_ln_11569,0.25124353
mix_SI_UT_5400_74,0.20796321
cauldron_ln_13789,0.19336733
mix_UI_ST_5400_1407,0.24824542
cauldron_ln_22656,0.26366737
cauldron_ln_18909,0.34364223
cauldron_ln_7647,0.33490863
cauldron_ln_9398,0.27662686
cauldron_ln_17570,0.24284445
cauldron_ln_25814,0.2945878
mix_UI_ST_5400_602,0.23457909
cauldron_ln_15559,0.22650918
mix_UI_ST_5400_611,0.25904304
mix_SI_UT_5400_433,0.2955475
cauldron_ln_26233,0.25683987
mix_SI_UT_5400_393,0.19242308
mix_SI_UT_5400_214,0.22320661
cauldron_ln_22682,0.17876656
mix_SI_UT_5400_477,0.1961176
cauldron_ln_18544,0.27157953
cauldron_ln_23923,0.3992652
cauldron_ln_14189,0.2957356
cauldron_ln_10908,0.33823094
cauldron_ln_13971,0.17408165
cauldron_ln_19625,0.4511073
mix_UI_ST_5400_537,0.10701064
mix_UI_ST_5400_1195,0.3144852
cauldron_ln_26739,0.27943984
cauldron_ln_24131,0.25720474
mix_SI_UT_5400_920,0.24605888
mix_SI_UT_5400_1383,0.33399865
mix_SI_UT_5400_1293,0.27601168
mix_UI_ST_5400_610,0.35211354
cauldron_ln_14300,0.26214638
cauldron_ln_5972,0.22902556
cauldron_ln_22355,0.15665324
mix_UI_ST_5400_485,0.23103058
mix_SI_UT_5400_281,0.19115116
cauldron_ln_15100,0.37898234
mix_UI_ST_5400_1241,0.21409184
mix_UI_ST_5400_1428,0.20158125
cauldron_ln_13948,0.28378615
mix_UI_ST_5400_60,0.26800454
cauldron_ln_2574,0.41341093
cauldron_ln_19196,0.17633161
cauldron_ln_2618,0.21267009
cauldron_ln_5056,0.21334371
cauldron_ln_15189,0.33141533
mix_UI_ST_5400_817,0.17950659
mix_SI_UT_5400_572,0.25140727
mix_UI_ST_5400_732,0.21195947
cauldron_ln_9703,0.21329719
mix_UI_ST_5400_1423,0.29639214
mix_UI_ST_5400_158,0.19290328
mix_UI_ST_5400_183,0.30322134
mix_UI_ST_5400_891,0.26229045
cauldron_ln_9045,0.20048058
mix_SI_UT_5400_1044,0.20854972
mix_UI_ST_5400_1325,0.12909761
mix_SI_UT_5400_708,0.22300197
cauldron_ln_28990,0.25950637
cauldron_ln_28089,0.23644572
mix_UI_ST_5400_572,0.32192808
cauldron_ln_15138,0.17992245
cauldron_ln_22698,0.25088128
cauldron_ln_2226,0.3109102
mix_SI_UT_5400_1249,0.22761232
mix_UI_ST_5400_1235,0.24326457
mix_UI_ST_5400_879,0.19335444
cauldron_ln_7248,0.22825105
cauldron_ln_6328,0.16745171
cauldron_ln_24676,0.21021126
mix_UI_ST_5400_656,0.22148287
mix_SI_UT_5400_256,0.14640838
cauldron_ln_25223,0.33909786
mix_UI_ST_5400_92,0.16826682
mix_UI_ST_5400_903,0.31940445
mix_UI_ST_5400_589,0.17869334
mix_UI_ST_5400_538,0.27855894
cauldron_ln_16542,0.29770023
cauldron_ln_3853,0.1629584
cauldron_ln_28794,0.36919188
mix_UI_ST_5400_1439,0.275826
cauldron_ln_4530,0.24983512
mix_UI_ST_5400_861,0.30263576
mix_UI_ST_5400_713,0.23580308
cauldron_ln_14176,0.2918947
cauldron_ln_17782,0.28572395
cauldron_ln_1393,0.21137458
cauldron_ln_23286,0.28868115
cauldron_ln_7997,0.3495665
mix_SI_UT_5400_1005,0.24260686
cauldron_ln_4803,0.28040624
cauldron_ln_14593,0.20272185
mix_UI_ST_5400_802,0.20697126
mix_SI_UT_5400_427,0.13801208
mix_UI_ST_5400_331,0.217066
mix_SI_UT_5400_1272,0.27338427
mix_UI_ST_5400_1121,0.28453013
cauldron_ln_27118,0.13630311
mix_SI_UT_5400_772,0.26802003
cauldron_ln_9756,0.27127585
cauldron_ln_1185,0.26633245
cauldron_ln_26533,0.29996774
mix_SI_UT_5400_1178,0.33217877
mix_SI_UT_5400_223,0.21018526
mix_SI_UT_5400_68,0.29736093
cauldron_ln_29323,0.25881138
mix_UI_ST_5400_1128,0.17074022
cauldron_ln_12498,0.14267673
cauldron_ln_17248,0.25342602
mix_SI_UT_5400_626,0.18770388
mix_SI_UT_5400_492,0.37929013
mix_UI_ST_5400_874,0.25832975
mix_UI_ST_5400_47,0.22860041
cauldron_ln_17175,0.21666497
cauldron_ln_27901,0.28480658
mix_UI_ST_5400_54,0.25017217
mix_SI_UT_5400_1130,0.28185558
cauldron_ln_10232,0.29866558
cauldron_ln_11586,0.26495716
mix_SI_UT_5400_12,0.199921
cauldron_ln_4885,0.24245505
cauldron_ln_25377,0.3118544
mix_UI_ST_5400_498,0.22077242
cauldron_ln_9821,0.12564462
cauldron_ln_2475,0.19103657
cauldron_ln_10469,0.4052203
cauldron_ln_26085,0.12609787
mix_UI_ST_5400_402,0.16734996
mix_UI_ST_5400_105,0.22279795
mix_SI_UT_5400_82,0.17926084
cauldron_ln_18661,0.18219
mix_UI_ST_5400_798,0.3116146
mix_UI_ST_5400_1339,0.31788576
mix_UI_ST_5400_145,0.144773
cauldron_ln_29522,0.21677853
mix_UI_ST_5400_1156,0.15325277
mix_SI_UT_5400_534,0.30544934
mix_SI_UT_5400_720,0.14328076
mix_SI_UT_5400_835,0.36124715
cauldron_ln_24137,0.25041586
cauldron_ln_18578,0.30105084
mix_SI_UT_5400_479,0.203853
mix_UI_ST_5400_82,0.0820306
mix_UI_ST_5400_232,0.21712025
mix_SI_UT_5400_185,0.27425128
cauldron_ln_22354,0.2771701
cauldron_ln_27299,0.20368135
mix_SI_UT_5400_517,0.16625094
cauldron_ln_16637,0.10622897
mix_UI_ST_5400_165,0.19103855
mix_SI_UT_5400_379,0.24107678
mix_UI_ST_5400_887,0.22009265
mix_SI_UT_5400_1207,0.32171378
cauldron_ln_4243,0.2044518
mix_UI_ST_5400_280,0.27839875
mix_SI_UT_5400_62,0.21683782
mix_SI_UT_5400_803,0.18480878
cauldron_ln_11317,0.2608041
cauldron_ln_882,0.30307224
cauldron_ln_18528,0.17499736
cauldron_ln_14134,0.24815072
mix_UI_ST_5400_249,0.48559394
cauldron_ln_501,0.25462618
cauldron_ln_16919,0.14579618
mix_UI_ST_5400_275,0.26103666
mix_SI_UT_5400_259,0.2839871
cauldron_ln_10414,0.2457366
mix_SI_UT_5400_135,0.287075
cauldron_ln_23891,0.289774
cauldron_ln_12781,0.30358362
cauldron_ln_27869,0.3415912
cauldron_ln_24381,0.23933606
cauldron_ln_12780,0.29993454
cauldron_ln_18038,0.25584266
mix_UI_ST_5400_262,0.25585368
cauldron_ln_11847,0.2689793
cauldron_ln_11836,0.29040268
cauldron_ln_11169,0.1692673
cauldron_ln_21971,0.19413048
cauldron_ln_19829,0.114072666
mix_UI_ST_5400_244,0.2365387
mix_SI_UT_5400_1200,0.3288212
cauldron_ln_24272,0.33681312
mix_UI_ST_5400_426,0.27047977
mix_UI_ST_5400_570,0.3022623
mix_SI_UT_5400_368,0.2981674
cauldron_ln_24774,0.26318565
cauldron_ln_12521,0.25491965
cauldron_ln_858,0.25056034
cauldron_ln_11780,0.21676707
cauldron_ln_12304,0.21845566
cauldron_ln_5062,0.17933655
mix_UI_ST_5400_1217,0.2991599
mix_UI_ST_5400_803,0.24027115
cauldron_ln_7069,0.2926323
mix_SI_UT_5400_941,0.30220106
mix_SI_UT_5400_1013,0.27303562
cauldron_ln_25063,0.14769427
cauldron_ln_23458,0.2023177
cauldron_ln_12346,0.19215848
mix_SI_UT_5400_1428,0.20583253
mix_UI_ST_5400_991,0.22387211
cauldron_ln_23973,0.39705253
mix_SI_UT_5400_814,0.21492344
cauldron_ln_9442,0.39926827
cauldron_ln_29044,0.23449968
mix_SI_UT_5400_668,0.3418274
cauldron_ln_28573,0.17552248
cauldron_ln_10839,0.349501
cauldron_ln_234,0.256028
cauldron_ln_14738,0.29535794
mix_UI_ST_5400_1033,0.1865636
cauldron_ln_15645,0.19095612
cauldron_ln_9430,0.28552908
mix_UI_ST_5400_433,0.21698174
cauldron_ln_13414,0.3856593
mix_UI_ST_5400_1453,0.14520478
cauldron_ln_1336,0.27663288
mix_SI_UT_5400_115,0.27663127
mix_SI_UT_5400_754,0.16558138
mix_SI_UT_5400_1172,0.18524756
cauldron_ln_381,0.22289868
cauldron_ln_4175,0.294504
mix_UI_ST_5400_424,0.24857153
cauldron_ln_27310,0.14258727
mix_UI_ST_5400_701,0.16563323
cauldron_ln_29200,0.23782384
cauldron_ln_13571,0.27070862
mix_UI_ST_5400_1111,0.23997071
mix_UI_ST_5400_425,0.3082478
cauldron_ln_11832,0.26544774
cauldron_ln_253,0.2662051
cauldron_ln_2261,0.12712023
mix_UI_ST_5400_1324,0.16117555
cauldron_ln_24226,0.2948456
mix_SI_UT_5400_1144,0.23231977
mix_UI_ST_5400_592,0.24066386
cauldron_ln_15446,0.3111277
cauldron_ln_13905,0.2995139
mix_SI_UT_5400_383,0.45293617
cauldron_ln_1188,0.3279572
mix_SI_UT_5400_879,0.21606265
cauldron_ln_15180,0.19101201
cauldron_ln_7912,0.25636956
cauldron_ln_6005,0.19085419
mix_SI_UT_5400_617,0.175889
cauldron_ln_17731,0.3209209
cauldron_ln_14600,0.29275745
cauldron_ln_18804,0.30475023
mix_SI_UT_5400_1481,0.29526863
cauldron_ln_2384,0.22211683
mix_UI_ST_5400_1275,0.21195535
mix_UI_ST_5400_1280,0.2746727
cauldron_ln_2864,0.18651192
mix_UI_ST_5400_458,0.32475847
cauldron_ln_23437,0.25646174
mix_SI_UT_5400_675,0.29162502
cauldron_ln_8005,0.29328236
cauldron_ln_14689,0.23042099
cauldron_ln_1264,0.19310807
cauldron_ln_5624,0.28721184
mix_SI_UT_5400_1098,0.32944724
cauldron_ln_10737,0.2624453
mix_SI_UT_5400_602,0.26993322
mix_SI_UT_5400_1118,0.2728288
mix_UI_ST_5400_571,0.26113057
cauldron_ln_782,0.2857943
mix_SI_UT_5400_683,0.2878102
mix_UI_ST_5400_845,0.26470318
cauldron_ln_9467,0.2941001
mix_SI_UT_5400_586,0.22084123
cauldron_ln_18317,0.17932937
mix_UI_ST_5400_603,0.19295265
cauldron_ln_10364,0.18261637
cauldron_ln_21951,0.2297002
cauldron_ln_6832,0.22818851
cauldron_ln_22126,0.22118571
mix_UI_ST_5400_859,0.21476136
mix_SI_UT_5400_65,0.26168162
cauldron_ln_28308,0.22905375
cauldron_ln_16945,0.1417755
cauldron_ln_22718,0.32085082
cauldron_ln_9608,0.22663936
cauldron_ln_23386,0.2649279
mix_UI_ST_5400_184,0.21109791
cauldron_ln_25880,0.24381785
mix_UI_ST_5400_1297,0.18939468
cauldron_ln_7957,0.26101738
mix_UI_ST_5400_18,0.29412273
mix_SI_UT_5400_1324,0.20920257
cauldron_ln_26789,0.27229562
cauldron_ln_12315,0.29831287
cauldron_ln_3659,0.29901168
mix_UI_ST_5400_958,0.34916818
mix_SI_UT_5400_975,0.22324586
cauldron_ln_11223,0.29376164
cauldron_ln_19762,0.35557002
mix_UI_ST_5400_118,0.21271245
mix_UI_ST_5400_1012,0.34397015
cauldron_ln_14800,0.26115066
mix_UI_ST_5400_1209,0.2374046
mix_SI_UT_5400_550,0.28546214
cauldron_ln_20840,0.20379904
cauldron_ln_23550,0.22351769
mix_SI_UT_5400_692,0.28655848
cauldron_ln_23578,0.24632142
mix_SI_UT_5400_98,0.20419435
mix_UI_ST_5400_282,0.16160472
mix_SI_UT_5400_999,0.2706568
mix_UI_ST_5400_1386,0.29488096
cauldron_ln_19738,0.21950375
cauldron_ln_10862,0.20241518
mix_UI_ST_5400_127,0.262582
cauldron_ln_18648,0.20708321
cauldron_ln_21046,0.17576371
mix_SI_UT_5400_363,0.26268235
cauldron_ln_24064,0.20310192
mix_UI_ST_5400_1001,0.1731352
mix_SI_UT_5400_160,0.17380655
cauldron_ln_10663,0.117929734
cauldron_ln_24796,0.20922038
mix_UI_ST_5400_187,0.2002476
mix_SI_UT_5400_496,0.22674899
mix_SI_UT_5400_407,0.26015168
mix_UI_ST_5400_404,0.2750937
cauldron_ln_15959,0.27142265
cauldron_ln_6649,0.23892874
cauldron_ln_3549,0.31421378
cauldron_ln_1293,0.16754556
mix_UI_ST_5400_831,0.3445072
cauldron_ln_7631,0.22307055
cauldron_ln_19177,0.2213432
mix_SI_UT_5400_994,0.3581758
mix_UI_ST_5400_939,0.27471596
mix_SI_UT_5400_689,0.3267305
cauldron_ln_9724,0.24298674
cauldron_ln_23057,0.20286527
cauldron_ln_10321,0.30388364
mix_SI_UT_5400_696,0.21807837
cauldron_ln_29500,0.257276
cauldron_ln_19512,0.20560169
mix_SI_UT_5400_350,0.29201177
cauldron_ln_1469,0.19842254
mix_UI_ST_5400_200,0.4603324
mix_SI_UT_5400_95,0.21310012
cauldron_ln_19981,0.40050808
mix_UI_ST_5400_1411,0.43250653
cauldron_ln_408,0.20938374
cauldron_ln_28898,0.29135987
mix_SI_UT_5400_724,0.25672603
mix_SI_UT_5400_639,0.15082024
mix_UI_ST_5400_631,0.2553378
mix_UI_ST_5400_377,0.24223742
cauldron_ln_27294,0.24402452
mix_SI_UT_5400_143,0.22967431
cauldron_ln_24813,0.21022297
mix_UI_ST_5400_641,0.24513784
mix_UI_ST_5400_9,0.37167123
cauldron_ln_11173,0.15230097
cauldron_ln_17417,0.17420028
mix_UI_ST_5400_225,0.18466058
mix_SI_UT_5400_523,0.17135608
cauldron_ln_28689,0.23267806
mix_UI_ST_5400_289,0.18682069
cauldron_ln_13302,0.23862457
cauldron_ln_24045,0.3818016
cauldron_ln_15030,0.2850447
mix_SI_UT_5400_932,0.35268953
mix_UI_ST_5400_1036,0.29421967
cauldron_ln_25474,0.14025699
cauldron_ln_19242,0.18647662
mix_UI_ST_5400_1356,0.12586048
cauldron_ln_18842,0.2671065
mix_UI_ST_5400_810,0.16389838
mix_SI_UT_5400_1192,0.19991124
cauldron_ln_15190,0.31235698
mix_UI_ST_5400_190,0.23196365
cauldron_ln_7913,0.15174638
mix_SI_UT_5400_1423,0.21664561
cauldron_ln_5862,0.26418945
cauldron_ln_11295,0.27450532
mix_SI_UT_5400_11,0.22854239
cauldron_ln_8670,0.24914739
cauldron_ln_2090,0.20930542
cauldron_ln_6659,0.16227537
mix_UI_ST_5400_57,0.26976913
cauldron_ln_25926,0.22777843
cauldron_ln_15974,0.39477965
mix_SI_UT_5400_22,0.2828939
cauldron_ln_21956,0.347913
cauldron_ln_22029,0.1662846
cauldron_ln_1276,0.26487082
mix_UI_ST_5400_1171,0.19018978
cauldron_ln_27456,0.27490112
mix_SI_UT_5400_891,0.31726208
cauldron_ln_22474,0.23439257
cauldron_ln_23939,0.27189595
mix_UI_ST_5400_795,0.2751623
cauldron_ln_24077,0.18932799
cauldron_ln_11910,0.24642764
cauldron_ln_22225,0.3131722
cauldron_ln_6936,0.25024882
mix_UI_ST_5400_604,0.25592232
cauldron_ln_20698,0.26095802
mix_UI_ST_5400_1263,0.21991675
cauldron_ln_26056,0.17590527
cauldron_ln_18112,0.1900611
cauldron_ln_998,0.21832137
cauldron_ln_14833,0.1563456
cauldron_ln_17237,0.28405023
mix_UI_ST_5400_231,0.2297716
mix_SI_UT_5400_601,0.27462074
cauldron_ln_6138,0.2121035
mix_SI_UT_5400_291,0.3079755
mix_SI_UT_5400_514,0.22224127
cauldron_ln_10250,0.24941647
mix_UI_ST_5400_1212,0.20065396
cauldron_ln_17851,0.22273561
mix_SI_UT_5400_305,0.32409096
mix_UI_ST_5400_1227,0.22863282
cauldron_ln_14348,0.2624837
mix_SI_UT_5400_846,0.26246527
mix_UI_ST_5400_672,0.36097354
mix_SI_UT_5400_1113,0.2724539
mix_SI_UT_5400_539,0.27695978
mix_UI_ST_5400_543,0.25782418
mix_SI_UT_5400_875,0.31088358
cauldron_ln_29643,0.24035123
mix_SI_UT_5400_765,0.33579785
mix_SI_UT_5400_584,0.22286968
cauldron_ln_8539,0.23372465
mix_SI_UT_5400_456,0.2556512
mix_UI_ST_5400_666,0.26836202
mix_UI_ST_5400_286,0.24841362
mix_UI_ST_5400_663,0.19627771
cauldron_ln_14523,0.15208328
cauldron_ln_16505,0.23559175
mix_UI_ST_5400_182,0.13952255
cauldron_ln_29683,0.19436648
cauldron_ln_23143,0.3006436
cauldron_ln_16564,0.18771881
cauldron_ln_16142,0.16445488
cauldron_ln_20435,0.26408264
mix_UI_ST_5400_438,0.28353894
mix_UI_ST_5400_1465,0.32352728
mix_SI_UT_5400_53,0.1905126
mix_SI_UT_5400_476,0.21867774
cauldron_ln_21716,0.28419727
mix_UI_ST_5400_330,0.3128154
cauldron_ln_15851,0.1811106
cauldron_ln_17600,0.3142059
cauldron_ln_10167,0.25176355
cauldron_ln_10237,0.25245273
cauldron_ln_29619,0.36745754
mix_UI_ST_5400_1139,0.30318797
mix_SI_UT_5400_1380,0.32538095
mix_SI_UT_5400_1177,0.2194479
cauldron_ln_5002,0.17018928
cauldron_ln_22262,0.21684201
cauldron_ln_26489,0.24024716
mix_SI_UT_5400_1426,0.22691607
mix_UI_ST_5400_1288,0.164453
cauldron_ln_2508,0.25055385
mix_UI_ST_5400_448,0.24708346
cauldron_ln_14426,0.22989804
cauldron_ln_16971,0.2977743
cauldron_ln_5519,0.30357727
cauldron_ln_9418,0.25283775
cauldron_ln_13091,0.16138034
cauldron_ln_14406,0.19775003
mix_UI_ST_5400_750,0.3346206
cauldron_ln_240,0.31760344
cauldron_ln_1610,0.24492343
mix_UI_ST_5400_670,0.20377068
mix_UI_ST_5400_315,0.26074103
cauldron_ln_29830,0.23191181
mix_SI_UT_5400_1120,0.20097685
mix_SI_UT_5400_718,0.22662814
mix_SI_UT_5400_435,0.15857148
mix_SI_UT_5400_171,0.14168198
cauldron_ln_16878,0.20656118
mix_SI_UT_5400_1288,0.2999784
cauldron_ln_24518,0.25897706
mix_SI_UT_5400_151,0.22499892
cauldron_ln_12839,0.25022173
cauldron_ln_12600,0.31819502
cauldron_ln_16593,0.20769216
mix_UI_ST_5400_412,0.24736302
cauldron_ln_14539,0.51264775
cauldron_ln_12908,0.1579679
cauldron_ln_16152,0.20111597
cauldron_ln_19101,0.20499478
cauldron_ln_6309,0.3526666
cauldron_ln_7531,0.32524562
cauldron_ln_15199,0.20711303
mix_SI_UT_5400_1088,0.33608973
mix_UI_ST_5400_124,0.26802304
mix_SI_UT_5400_637,0.15555158
mix_UI_ST_5400_530,0.17690517
mix_SI_UT_5400_1230,0.27996054
mix_UI_ST_5400_1361,0.2755339
mix_UI_ST_5400_1228,0.20539798
mix_UI_ST_5400_544,0.17638662
cauldron_ln_12631,0.086951345
mix_UI_ST_5400_1174,0.24362622
mix_UI_ST_5400_1433,0.22784342
mix_UI_ST_5400_390,0.25960663
mix_UI_ST_5400_848,0.1877134
cauldron_ln_6134,0.3574193
mix_UI_ST_5400_850,0.26785728
mix_SI_UT_5400_783,0.19302215
mix_SI_UT_5400_209,0.21093981
cauldron_ln_24332,0.20060754
mix_UI_ST_5400_1438,0.24417782
mix_UI_ST_5400_1041,0.3818927
mix_SI_UT_5400_290,0.32537898
cauldron_ln_25639,0.34236276
mix_UI_ST_5400_1468,0.24435177
mix_UI_ST_5400_665,0.17063616
mix_UI_ST_5400_566,0.23795353
mix_UI_ST_5400_1281,0.3043511
mix_SI_UT_5400_159,0.212993
cauldron_ln_1423,0.35540846
cauldron_ln_18969,0.14579387
mix_SI_UT_5400_1218,0.32772034
cauldron_ln_12297,0.18549012
cauldron_ln_3945,0.19978462
cauldron_ln_8030,0.27224278
mix_UI_ST_5400_580,0.31735444
mix_UI_ST_5400_235,0.21177377
cauldron_ln_14083,0.15046087
mix_UI_ST_5400_42,0.21982084
cauldron_ln_14162,0.29518095
mix_UI_ST_5400_1062,0.37849414
mix_UI_ST_5400_645,0.24171749
cauldron_ln_16338,0.16582187
mix_UI_ST_5400_738,0.25295907
mix_SI_UT_5400_1493,0.3122318
cauldron_ln_2951,0.18384442
mix_UI_ST_5400_519,0.23073791
cauldron_ln_20137,0.18927439
mix_SI_UT_5400_910,0.1999971
cauldron_ln_24018,0.20579429
cauldron_ln_14716,0.18048097
mix_UI_ST_5400_120,0.22736776
cauldron_ln_996,0.17388636
cauldron_ln_17297,0.29454085
cauldron_ln_7501,0.18596736
mix_SI_UT_5400_805,0.23552169
mix_SI_UT_5400_108,0.24733564
mix_SI_UT_5400_367,0.24943279
mix_SI_UT_5400_939,0.23702689
cauldron_ln_8124,0.1882399
cauldron_ln_4558,0.1895629
mix_UI_ST_5400_789,0.1589664
cauldron_ln_7869,0.23577572
cauldron_ln_25700,0.2627416
cauldron_ln_19547,0.16701078
mix_SI_UT_5400_43,0.2662661
cauldron_ln_24786,0.2326732
cauldron_ln_23928,0.19989382
mix_SI_UT_5400_687,0.25058356
cauldron_ln_22802,0.28538018
mix_SI_UT_5400_740,0.27901825
mix_SI_UT_5400_162,0.27905184
mix_UI_ST_5400_213,0.26023573
cauldron_ln_1853,0.19673088
mix_SI_UT_5400_446,0.22648722
cauldron_ln_14026,0.28160185
mix_UI_ST_5400_1260,0.30103925
cauldron_ln_21653,0.2150588
mix_SI_UT_5400_508,0.17902002
mix_SI_UT_5400_532,0.26292646
cauldron_ln_16789,0.3244333
mix_UI_ST_5400_856,0.25775367
mix_UI_ST_5400_1034,0.29314762
cauldron_ln_11205,0.18005273
mix_UI_ST_5400_562,0.1919902
mix_UI_ST_5400_1261,0.12851638
mix_SI_UT_5400_962,0.23726958
mix_UI_ST_5400_478,0.21614976
mix_SI_UT_5400_99,0.29975134
cauldron_ln_12588,0.26868194
mix_UI_ST_5400_143,0.3646118
mix_UI_ST_5400_108,0.26134673
mix_UI_ST_5400_201,0.24077687
mix_UI_ST_5400_934,0.3118255
cauldron_ln_24658,0.18814448
cauldron_ln_4606,0.22465926
cauldron_ln_4370,0.16788042
cauldron_ln_15212,0.21019824
mix_SI_UT_5400_273,0.24500825
mix_SI_UT_5400_1282,0.21886103
mix_SI_UT_5400_1461,0.25579983
cauldron_ln_4611,0.31016642
cauldron_ln_148,0.19488221
mix_UI_ST_5400_171,0.3331599
cauldron_ln_29330,0.16735482
mix_SI_UT_5400_1444,0.20547806
cauldron_ln_15849,0.2882669
mix_SI_UT_5400_1079,0.22073065
cauldron_ln_27996,0.1789322
mix_UI_ST_5400_1328,0.3222632
cauldron_ln_308,0.22210951
cauldron_ln_1385,0.32420897
cauldron_ln_13559,0.2918871
cauldron_ln_24016,0.22339842
mix_SI_UT_5400_1437,0.13929714
mix_SI_UT_5400_1417,0.22528043
mix_UI_ST_5400_608,0.44158095
cauldron_ln_26962,0.22537309
mix_UI_ST_5400_1431,0.1981624
cauldron_ln_4251,0.20866007
cauldron_ln_7620,0.24237722
mix_UI_ST_5400_866,0.14014938
cauldron_ln_28642,0.3370605
cauldron_ln_4319,0.22074987
mix_SI_UT_5400_747,0.16483253
mix_UI_ST_5400_976,0.29220557
cauldron_ln_20184,0.26355624
mix_SI_UT_5400_769,0.31320664
mix_SI_UT_5400_1338,0.20826547
cauldron_ln_1588,0.28850636
mix_UI_ST_5400_1416,0.30942374
cauldron_ln_9076,0.2569712
cauldron_ln_21341,0.26693496
mix_UI_ST_5400_1172,0.24412376
mix_SI_UT_5400_443,0.17272058
cauldron_ln_17500,0.22297598
cauldron_ln_7511,0.18032244
cauldron_ln_10086,0.37376887
mix_UI_ST_5400_671,0.20153707
mix_SI_UT_5400_1413,0.28535628
mix_SI_UT_5400_440,0.32891467
cauldron_ln_23100,0.23641995
cauldron_ln_16900,0.16696247
mix_SI_UT_5400_1267,0.10615538
mix_SI_UT_5400_555,0.1940792
cauldron_ln_26119,0.32082954
mix_SI_UT_5400_196,0.17902808
mix_SI_UT_5400_0,0.11065915
cauldron_ln_18068,0.25270358
mix_SI_UT_5400_1443,0.31783718
mix_UI_ST_5400_910,0.32587272
mix_SI_UT_5400_930,0.26714498
cauldron_ln_5488,0.32400578
cauldron_ln_4996,0.4120769
mix_SI_UT_5400_1064,0.10097507
mix_UI_ST_5400_1446,0.20252238
mix_UI_ST_5400_1421,0.19275382
mix_SI_UT_5400_965,0.3349222
mix_UI_ST_5400_306,0.16008115
cauldron_ln_26059,0.2679563
cauldron_ln_21753,0.2171003
cauldron_ln_29556,0.15787527
cauldron_ln_23054,0.20663999
cauldron_ln_3408,0.23578553
cauldron_ln_23291,0.18409207
cauldron_ln_8958,0.21676806
mix_SI_UT_5400_1345,0.22968769
cauldron_ln_3256,0.27304295
mix_UI_ST_5400_595,0.26345384
cauldron_ln_25118,0.23314556
cauldron_ln_15965,0.2836359
mix_SI_UT_5400_321,0.3481551
cauldron_ln_12660,0.19064094
cauldron_ln_27846,0.35821074
cauldron_ln_25807,0.33705667
mix_SI_UT_5400_1309,0.41514593
cauldron_ln_17901,0.3012165
cauldron_ln_29501,0.24473028
mix_SI_UT_5400_911,0.26925564
cauldron_ln_595,0.29569858
cauldron_ln_3863,0.23890859
mix_UI_ST_5400_914,0.324167
cauldron_ln_12357,0.25092933
cauldron_ln_17390,0.26371166
mix_SI_UT_5400_1195,0.26234436
mix_UI_ST_5400_461,0.32062
mix_SI_UT_5400_103,0.26772952
mix_UI_ST_5400_1222,0.13928561
mix_UI_ST_5400_17,0.23783897
cauldron_ln_3480,0.23815498
mix_UI_ST_5400_842,0.30033603
cauldron_ln_4383,0.1831048
cauldron_ln_20799,0.3811067
mix_UI_ST_5400_1387,0.27153873
mix_UI_ST_5400_483,0.20009011
mix_UI_ST_5400_1424,0.3547961
mix_UI_ST_5400_392,0.33532387
mix_UI_ST_5400_1256,0.3195182
mix_SI_UT_5400_501,0.18666106
mix_UI_ST_5400_1477,0.23611453
mix_SI_UT_5400_31,0.32883486
mix_UI_ST_5400_36,0.17607035
mix_SI_UT_5400_1273,0.30992135
mix_SI_UT_5400_1482,0.4629328
cauldron_ln_21286,0.2562809
mix_SI_UT_5400_998,0.27516517
cauldron_ln_18816,0.20529516
cauldron_ln_1133,0.31014583
cauldron_ln_15388,0.28302866
mix_SI_UT_5400_233,0.22067252
cauldron_ln_14165,0.31723282
mix_SI_UT_5400_360,0.37158725
cauldron_ln_18780,0.23972347
cauldron_ln_25942,0.39112633
cauldron_ln_23565,0.15924579
mix_UI_ST_5400_1388,0.23914935
mix_UI_ST_5400_368,0.2661631
cauldron_ln_14906,0.34291872
mix_UI_ST_5400_474,0.2707237
mix_SI_UT_5400_1270,0.19247915
mix_UI_ST_5400_925,0.44638234
mix_SI_UT_5400_120,0.2279537
mix_UI_ST_5400_253,0.17125568
mix_SI_UT_5400_798,0.20151235
mix_UI_ST_5400_188,0.28950566
cauldron_ln_20716,0.20672892
mix_UI_ST_5400_755,0.26019898
mix_SI_UT_5400_1006,0.3126406
mix_SI_UT_5400_1215,0.35090393
cauldron_ln_26624,0.24841256
cauldron_ln_209,0.17397866
cauldron_ln_21636,0.18314803
cauldron_ln_27646,0.27090818
mix_UI_ST_5400_1058,0.23134726
cauldron_ln_7404,0.3388228
mix_SI_UT_5400_725,0.19549976
cauldron_ln_29835,0.31818664
mix_SI_UT_5400_89,0.24433258
mix_UI_ST_5400_49,0.21356156
cauldron_ln_22002,0.19651486
cauldron_ln_15013,0.26588562
cauldron_ln_23439,0.33019578
mix_UI_ST_5400_873,0.29903683
mix_UI_ST_5400_516,0.25987408
cauldron_ln_8154,0.25141054
mix_UI_ST_5400_81,0.09996908
mix_SI_UT_5400_1203,0.23329778
cauldron_ln_27451,0.21159984
mix_UI_ST_5400_1040,0.16435814
cauldron_ln_1404,0.13702227
mix_UI_ST_5400_760,0.21326564
mix_SI_UT_5400_96,0.2905022
cauldron_ln_13365,0.26214278
mix_SI_UT_5400_224,0.15082021
cauldron_ln_22626,0.17469195
cauldron_ln_2408,0.18811607
mix_SI_UT_5400_655,0.22337565
mix_SI_UT_5400_425,0.2894617
mix_SI_UT_5400_1321,0.20645075
mix_UI_ST_5400_955,0.23588921
cauldron_ln_5592,0.17352872
mix_UI_ST_5400_128,0.30360517
mix_SI_UT_5400_428,0.25963604
cauldron_ln_11037,0.1827867
cauldron_ln_6711,0.26181692
mix_SI_UT_5400_80,0.12636387
mix_UI_ST_5400_783,0.27480328
mix_UI_ST_5400_1120,0.25255167
mix_SI_UT_5400_680,0.3591398
mix_UI_ST_5400_62,0.17475717
cauldron_ln_18773,0.20236038
cauldron_ln_12062,0.17823932
cauldron_ln_2587,0.23154135
cauldron_ln_8513,0.21452318
cauldron_ln_23014,0.18906367
cauldron_ln_3366,0.17200796
mix_SI_UT_5400_71,0.26947102
mix_SI_UT_5400_1018,0.11294762
mix_UI_ST_5400_297,0.22099459
cauldron_ln_10125,0.23393725
cauldron_ln_13072,0.32291216
cauldron_ln_6713,0.324935
cauldron_ln_17171,0.16762629
mix_SI_UT_5400_1252,0.15961118
mix_SI_UT_5400_266,0.30228537
mix_UI_ST_5400_1051,0.30684552
cauldron_ln_15015,0.23494306
cauldron_ln_28632,0.24447483
mix_SI_UT_5400_917,0.17955382
mix_SI_UT_5400_348,0.2611283
cauldron_ln_18641,0.34573993
cauldron_ln_1759,0.2220991
mix_UI_ST_5400_684,0.36733747
cauldron_ln_17447,0.20484999
cauldron_ln_8751,0.23970972
mix_UI_ST_5400_394,0.19866918
mix_UI_ST_5400_301,0.2030862
mix_SI_UT_5400_73,0.29035833
cauldron_ln_9351,0.3085835
cauldron_ln_16813,0.19933625
mix_SI_UT_5400_682,0.21016784
cauldron_ln_28248,0.2797667
cauldron_ln_27142,0.25312325
mix_SI_UT_5400_1429,0.22806358
mix_SI_UT_5400_374,0.1815252
cauldron_ln_16067,0.29927605
cauldron_ln_13320,0.22006287
mix_SI_UT_5400_280,0.37313527
cauldron_ln_7749,0.24350028
mix_SI_UT_5400_13,0.29822636
mix_SI_UT_5400_173,0.24301665
cauldron_ln_8325,0.3727912
cauldron_ln_6180,0.29188693
mix_UI_ST_5400_764,0.19973856
cauldron_ln_22690,0.17129461
cauldron_ln_18143,0.2245488
mix_UI_ST_5400_291,0.39071688
cauldron_ln_26253,0.16531506
cauldron_ln_16210,0.44736275
cauldron_ln_17795,0.15688635
mix_UI_ST_5400_443,0.24656576
mix_UI_ST_5400_1089,0.29368976
cauldron_ln_28264,0.313852
mix_UI_ST_5400_908,0.40369728
mix_SI_UT_5400_945,0.17652796
mix_UI_ST_5400_227,0.23892614
mix_SI_UT_5400_1148,0.2665364
mix_UI_ST_5400_1185,0.33112934
mix_UI_ST_5400_1247,0.20427276
cauldron_ln_3906,0.26311874
mix_SI_UT_5400_1313,0.23813267
cauldron_ln_9806,0.2930026
mix_UI_ST_5400_1454,0.2568396
mix_SI_UT_5400_1415,0.28230476
mix_UI_ST_5400_993,0.19939873
mix_UI_ST_5400_369,0.36633718
mix_SI_UT_5400_742,0.27897033
mix_UI_ST_5400_965,0.2406011
mix_SI_UT_5400_1159,0.25930274
cauldron_ln_29559,0.25496158
mix_SI_UT_5400_888,0.21799749
mix_SI_UT_5400_855,0.30374095
cauldron_ln_13165,0.2243128
cauldron_ln_24218,0.23676632
mix_SI_UT_5400_1414,0.1788724
cauldron_ln_8928,0.2513994
mix_SI_UT_5400_650,0.19811167
mix_UI_ST_5400_1271,0.30076346
mix_SI_UT_5400_1316,0.22474651
mix_UI_ST_5400_661,0.33371788
mix_UI_ST_5400_978,0.23878579
mix_SI_UT_5400_417,0.31689662
cauldron_ln_23135,0.19434977
mix_UI_ST_5400_398,0.2980327
cauldron_ln_8244,0.2187981
mix_SI_UT_5400_1347,0.20032826
cauldron_ln_23130,0.18872389
mix_UI_ST_5400_1358,0.21754344
mix_SI_UT_5400_871,0.34554717
mix_SI_UT_5400_1164,0.328185
cauldron_ln_29887,0.23449942
cauldron_ln_3388,0.2805719
cauldron_ln_12944,0.21416153
mix_UI_ST_5400_505,0.32524547
cauldron_ln_4161,0.23473442
cauldron_ln_7445,0.22728191
mix_UI_ST_5400_1391,0.1513205
mix_SI_UT_5400_1354,0.20312293
mix_UI_ST_5400_155,0.26772082
cauldron_ln_17399,0.1764604
cauldron_ln_6777,0.19332086
cauldron_ln_3869,0.3430593
mix_SI_UT_5400_632,0.43397284
mix_SI_UT_5400_944,0.25814414
mix_SI_UT_5400_1109,0.25047532
mix_UI_ST_5400_960,0.34709942
mix_SI_UT_5400_710,0.15592648
cauldron_ln_18378,0.22018676
cauldron_ln_13816,0.27658457
cauldron_ln_21654,0.2591478
cauldron_ln_14213,0.20421837
cauldron_ln_16706,0.16231596
cauldron_ln_18622,0.38710546
cauldron_ln_22995,0.14973119
cauldron_ln_6518,0.22914034
mix_UI_ST_5400_1352,0.37255228
mix_UI_ST_5400_586,0.26071778
mix_UI_ST_5400_700,0.2890702
cauldron_ln_17240,0.2114033
cauldron_ln_27730,0.22635691
mix_UI_ST_5400_508,0.23379725
cauldron_ln_11336,0.17705165
mix_UI_ST_5400_1380,0.20840539
cauldron_ln_26964,0.35798457
cauldron_ln_15771,0.29641467
mix_UI_ST_5400_635,0.25839442
cauldron_ln_15546,0.14409906
cauldron_ln_14366,0.23682474
cauldron_ln_25571,0.34902698
cauldron_ln_9580,0.25140166
cauldron_ln_1147,0.3931767
cauldron_ln_11375,0.2706124
cauldron_ln_20179,0.16350324
mix_SI_UT_5400_540,0.20421748
mix_UI_ST_5400_98,0.22339416
mix_SI_UT_5400_826,0.29994833
mix_UI_ST_5400_1126,0.1965907
cauldron_ln_22598,0.3029559
mix_SI_UT_5400_1442,0.22151686
mix_SI_UT_5400_1033,0.23269732
mix_UI_ST_5400_1333,0.22516683
mix_UI_ST_5400_77,0.13850541
mix_UI_ST_5400_43,0.2691121
mix_UI_ST_5400_1004,0.27991715
mix_UI_ST_5400_563,0.21663131
cauldron_ln_3996,0.22051589
cauldron_ln_24640,0.23465289
cauldron_ln_19145,0.23296276
mix_UI_ST_5400_11,0.29394403
cauldron_ln_26738,0.21595933
mix_SI_UT_5400_373,0.1973682
mix_SI_UT_5400_1320,0.23560601
mix_UI_ST_5400_56,0.3132842
mix_UI_ST_5400_1323,0.2765937
cauldron_ln_4946,0.25642344
mix_SI_UT_5400_230,0.341988
cauldron_ln_13563,0.11513759
cauldron_ln_23479,0.24971113
mix_UI_ST_5400_1283,0.20411871
cauldron_ln_28267,0.27896124
cauldron_ln_24420,0.26569098
mix_SI_UT_5400_981,0.20520337
mix_SI_UT_5400_1396,0.23707032
cauldron_ln_27807,0.15897577
cauldron_ln_22265,0.10327138
cauldron_ln_21549,0.22609867
cauldron_ln_24567,0.254765
cauldron_ln_25451,0.26930603
mix_SI_UT_5400_567,0.19125092
mix_SI_UT_5400_311,0.2308855
mix_UI_ST_5400_376,0.15310888
mix_UI_ST_5400_1147,0.21401723
mix_SI_UT_5400_1167,0.26923934
mix_UI_ST_5400_436,0.3192801
cauldron_ln_19527,0.20296618
cauldron_ln_16475,0.2937036
cauldron_ln_2730,0.17729811
cauldron_ln_28871,0.45512226
mix_UI_ST_5400_886,0.21585026
cauldron_ln_6014,0.2107598
cauldron_ln_7530,0.25522643
cauldron_ln_11799,0.335163
cauldron_ln_12531,0.18517458
cauldron_ln_23062,0.1761078
mix_SI_UT_5400_1054,0.17181326
cauldron_ln_6417,0.3030699
mix_UI_ST_5400_1115,0.179239
cauldron_ln_17894,0.18074787
mix_SI_UT_5400_1104,0.2042853
mix_UI_ST_5400_1418,0.25142455
mix_UI_ST_5400_945,0.27166194
cauldron_ln_15376,0.2412746
mix_SI_UT_5400_851,0.3755562
cauldron_ln_4105,0.26899683
mix_UI_ST_5400_138,0.22649734
cauldron_ln_14698,0.17508955
cauldron_ln_6529,0.16789812
cauldron_ln_7990,0.31011528
mix_SI_UT_5400_60,0.19100325
cauldron_ln_1645,0.22259064
mix_UI_ST_5400_395,0.15493381
cauldron_ln_2487,0.20534015
mix_SI_UT_5400_20,0.2096749
cauldron_ln_12867,0.24006441
mix_UI_ST_5400_711,0.27065817
cauldron_ln_12122,0.29627988
cauldron_ln_16734,0.25061628
mix_SI_UT_5400_207,0.23389146
cauldron_ln_5697,0.21928763
cauldron_ln_3185,0.2171066
mix_SI_UT_5400_388,0.2531536
mix_UI_ST_5400_1002,0.20002618
mix_SI_UT_5400_927,0.24329135
mix_SI_UT_5400_1221,0.3172381
cauldron_ln_3613,0.1931329
cauldron_ln_5046,0.23342918
cauldron_ln_22967,0.25906146
cauldron_ln_3533,0.2095799
cauldron_ln_15775,0.16739173
cauldron_ln_6282,0.25615534
mix_UI_ST_5400_1011,0.24615182
mix_SI_UT_5400_909,0.233886
cauldron_ln_10239,0.19907217
mix_UI_ST_5400_896,0.1268057
mix_SI_UT_5400_529,0.35657373
mix_SI_UT_5400_454,0.43808502
cauldron_ln_1868,0.22316597
mix_SI_UT_5400_545,0.23238908
cauldron_ln_17475,0.22735903
mix_UI_ST_5400_1383,0.2503569
mix_SI_UT_5400_991,0.19425845
mix_SI_UT_5400_274,0.3001223
cauldron_ln_14761,0.42154643
mix_UI_ST_5400_449,0.268028
cauldron_ln_28224,0.21570997
mix_SI_UT_5400_1152,0.2199913
cauldron_ln_1267,0.35893935
mix_UI_ST_5400_451,0.15122771
mix_SI_UT_5400_1260,0.16216572
cauldron_ln_26791,0.20021243
cauldron_ln_21868,0.20318559
mix_UI_ST_5400_385,0.087748274
mix_UI_ST_5400_1332,0.27716145
mix_UI_ST_5400_1080,0.20011733
cauldron_ln_9876,0.33538383
cauldron_ln_3389,0.20045727
cauldron_ln_3419,0.23894669
cauldron_ln_7377,0.3684317
mix_SI_UT_5400_727,0.27075732
cauldron_ln_15394,0.24295038
cauldron_ln_6749,0.23664516
mix_SI_UT_5400_1197,0.26419622
cauldron_ln_20334,0.22807322
cauldron_ln_23163,0.20988266
mix_UI_ST_5400_947,0.30762646
cauldron_ln_6764,0.16608152
mix_UI_ST_5400_601,0.26551056
cauldron_ln_13822,0.24467798
mix_SI_UT_5400_271,0.26997298
cauldron_ln_445,0.25123197
cauldron_ln_27272,0.2671892
cauldron_ln_14965,0.16379566
mix_UI_ST_5400_136,0.25597537
mix_UI_ST_5400_123,0.36655602
cauldron_ln_21529,0.22133927
mix_UI_ST_5400_614,0.18577495
cauldron_ln_14892,0.23439676
mix_UI_ST_5400_34,0.26238078
cauldron_ln_12009,0.3863125
mix_UI_ST_5400_1472,0.24521899
mix_SI_UT_5400_364,0.24979554
cauldron_ln_15396,0.17915289
cauldron_ln_4362,0.23462485
mix_UI_ST_5400_71,0.26900643
mix_UI_ST_5400_365,0.2574511
mix_SI_UT_5400_789,0.2194927
mix_UI_ST_5400_346,0.14184242
mix_SI_UT_5400_809,0.40773308
mix_UI_ST_5400_644,0.42345732
cauldron_ln_25862,0.24890673
cauldron_ln_11830,0.17179301
cauldron_ln_21208,0.19644505
mix_SI_UT_5400_1300,0.16087666
cauldron_ln_3110,0.14830539
mix_SI_UT_5400_1058,0.19126922
mix_SI_UT_5400_556,0.29350978
mix_UI_ST_5400_22,0.44197065
mix_SI_UT_5400_691,0.3203703
cauldron_ln_8414,0.19057328
cauldron_ln_12572,0.43170756
mix_SI_UT_5400_1032,0.24108443
mix_SI_UT_5400_444,0.24360095
mix_SI_UT_5400_1186,0.19124818
cauldron_ln_13048,0.23038955
cauldron_ln_15964,0.21018933
cauldron_ln_153,0.2175807
mix_SI_UT_5400_1262,0.23234022
cauldron_ln_15623,0.21164843
cauldron_ln_24285,0.17457946
mix_UI_ST_5400_325,0.26138705
cauldron_ln_28917,0.22715935
cauldron_ln_29924,0.12561914
mix_SI_UT_5400_474,0.2517194
cauldron_ln_925,0.16371296
mix_SI_UT_5400_490,0.18233366
cauldron_ln_20811,0.24735688
cauldron_ln_15907,0.12095432
cauldron_ln_5986,0.31137782
mix_SI_UT_5400_1361,0.4479387
mix_SI_UT_5400_1029,0.15728982
mix_SI_UT_5400_1147,0.26801524
mix_SI_UT_5400_729,0.1766131
mix_SI_UT_5400_267,0.22529575
mix_SI_UT_5400_1398,0.24267542
cauldron_ln_20681,0.13663372
mix_SI_UT_5400_979,0.21335953
mix_SI_UT_5400_753,0.25456908
cauldron_ln_15815,0.24984571
cauldron_ln_17140,0.3120051
mix_SI_UT_5400_303,0.28032
mix_SI_UT_5400_928,0.21281818
mix_UI_ST_5400_1153,0.20374112
cauldron_ln_27753,0.27632442
cauldron_ln_21153,0.25694013
mix_UI_ST_5400_393,0.17112882
mix_SI_UT_5400_1190,0.20973022
cauldron_ln_18592,0.3194439
cauldron_ln_19629,0.25763845
mix_UI_ST_5400_712,0.18242294
cauldron_ln_5853,0.13049892
mix_UI_ST_5400_503,0.21687083
mix_UI_ST_5400_1188,0.12202657
cauldron_ln_27931,0.2829679
cauldron_ln_9883,0.19595751
mix_UI_ST_5400_718,0.25800872
mix_UI_ST_5400_1112,0.24307378
cauldron_ln_21807,0.29025367
mix_SI_UT_5400_1400,0.3108099
cauldron_ln_18891,0.18381047
cauldron_ln_26788,0.26481292
mix_SI_UT_5400_578,0.27087706
mix_UI_ST_5400_1372,0.28763676
mix_SI_UT_5400_631,0.2687671
cauldron_ln_9334,0.41305763
mix_SI_UT_5400_1371,0.16557364
cauldron_ln_3453,0.16845086
cauldron_ln_4110,0.2954393
cauldron_ln_19238,0.12660867
cauldron_ln_20095,0.22065258
cauldron_ln_9407,0.17540479
cauldron_ln_23229,0.11028463
cauldron_ln_14042,0.18078722
mix_UI_ST_5400_1123,0.2195256
mix_SI_UT_5400_721,0.26299512
mix_SI_UT_5400_1189,0.23381972
cauldron_ln_5979,0.28854662
cauldron_ln_18314,0.2410599
cauldron_ln_29373,0.35780445
mix_SI_UT_5400_1322,0.2232451
mix_UI_ST_5400_826,0.24359287
mix_UI_ST_5400_506,0.3096888
mix_SI_UT_5400_1465,0.24872763
mix_UI_ST_5400_799,0.18270838
cauldron_ln_1033,0.26512706
mix_SI_UT_5400_1454,0.28084725
cauldron_ln_16680,0.16160212
mix_UI_ST_5400_1158,0.24496755
mix_UI_ST_5400_111,0.26220158
cauldron_ln_24909,0.24636847
cauldron_ln_24503,0.19230723
mix_SI_UT_5400_666,0.22206843
mix_UI_ST_5400_869,0.21295454
mix_UI_ST_5400_1186,0.34397426
cauldron_ln_23459,0.17648849
cauldron_ln_10632,0.15278801
mix_SI_UT_5400_250,0.16583137
cauldron_ln_7509,0.30427793
mix_UI_ST_5400_371,0.3180876
mix_SI_UT_5400_1092,0.16465205
mix_SI_UT_5400_1286,0.25289306
cauldron_ln_4117,0.32386583
mix_SI_UT_5400_24,0.37976474
mix_SI_UT_5400_102,0.20783365
cauldron_ln_17,0.24117054
cauldron_ln_26430,0.30060562
mix_SI_UT_5400_575,0.23850207
cauldron_ln_13979,0.48872256
mix_SI_UT_5400_774,0.21309021
cauldron_ln_22954,0.2911447
cauldron_ln_2880,0.28629494
cauldron_ln_10776,0.25648034
cauldron_ln_16517,0.2914832
mix_SI_UT_5400_174,0.23983443
cauldron_ln_6622,0.26125765
mix_UI_ST_5400_389,0.1478948
mix_SI_UT_5400_926,0.27091056
cauldron_ln_2001,0.2248277
mix_UI_ST_5400_452,0.25785986
cauldron_ln_2026,0.2704187
mix_SI_UT_5400_950,0.2659395
mix_UI_ST_5400_269,0.29772195
cauldron_ln_14830,0.17905112
mix_SI_UT_5400_1367,0.28127998
mix_SI_UT_5400_239,0.31440625
cauldron_ln_23040,0.19788331
mix_UI_ST_5400_773,0.1742706
mix_UI_ST_5400_333,0.21710147
mix_UI_ST_5400_342,0.19850218
mix_UI_ST_5400_745,0.2450762
mix_UI_ST_5400_439,0.19852787
cauldron_ln_8752,0.31273946
mix_UI_ST_5400_75,0.4247192
mix_SI_UT_5400_566,0.2759786
mix_UI_ST_5400_522,0.15951133
cauldron_ln_25813,0.20803674
mix_SI_UT_5400_334,0.24413837
cauldron_ln_16716,0.26758188
mix_UI_ST_5400_411,0.21773098
mix_UI_ST_5400_314,0.28760082
cauldron_ln_16863,0.22904451
cauldron_ln_11245,0.21502058
cauldron_ln_24618,0.20511714
cauldron_ln_13684,0.3487307
mix_SI_UT_5400_976,0.26861182
cauldron_ln_11231,0.25480548
mix_UI_ST_5400_946,0.22178027
cauldron_ln_8563,0.20189859
mix_UI_ST_5400_86,0.34632653
mix_SI_UT_5400_264,0.249779
cauldron_ln_13845,0.20076303
mix_SI_UT_5400_583,0.22450732
mix_UI_ST_5400_1064,0.16736977
cauldron_ln_16452,0.26853633
mix_SI_UT_5400_838,0.22822204
mix_SI_UT_5400_183,0.18019612
mix_UI_ST_5400_157,0.19579719
mix_SI_UT_5400_1296,0.24292438
mix_UI_ST_5400_1163,0.2075155
mix_SI_UT_5400_1108,0.23324858
cauldron_ln_14314,0.17658319
mix_SI_UT_5400_527,0.199113
mix_UI_ST_5400_1362,0.3179859
mix_UI_ST_5400_998,0.26958993
cauldron_ln_16903,0.19804479
cauldron_ln_29432,0.22269332
cauldron_ln_29917,0.21430375
cauldron_ln_13460,0.17404068
mix_SI_UT_5400_904,0.39160502
cauldron_ln_17684,0.24364892
cauldron_ln_27781,0.16217533
mix_SI_UT_5400_203,0.26447898
cauldron_ln_9678,0.35136464
mix_UI_ST_5400_446,0.21163397
mix_UI_ST_5400_33,0.2258086
cauldron_ln_766,0.21929695
cauldron_ln_25560,0.16859317
mix_SI_UT_5400_661,0.33967307
cauldron_ln_15846,0.16700464
cauldron_ln_11095,0.29945454
mix_UI_ST_5400_1191,0.23857114
mix_SI_UT_5400_1314,0.18818341
mix_UI_ST_5400_615,0.26385677
mix_SI_UT_5400_1470,0.3130015
mix_UI_ST_5400_1180,0.26008514
cauldron_ln_5041,0.23555677
mix_SI_UT_5400_1237,0.2748259
cauldron_ln_3813,0.3202969
cauldron_ln_29269,0.26551554
mix_UI_ST_5400_321,0.25626904
mix_UI_ST_5400_1463,0.27392742
cauldron_ln_6549,0.2192556
cauldron_ln_378,0.21289112
mix_UI_ST_5400_682,0.19736232
mix_SI_UT_5400_1194,0.14337596
mix_SI_UT_5400_1012,0.27802423
mix_SI_UT_5400_1232,0.20955925
cauldron_ln_2584,0.37856853
cauldron_ln_25772,0.17293824
cauldron_ln_10435,0.28689912
mix_UI_ST_5400_982,0.19184615
cauldron_ln_1798,0.15399183
mix_SI_UT_5400_1043,0.17163137
cauldron_ln_28090,0.25270048
cauldron_ln_3973,0.34647405
cauldron_ln_16538,0.33009228
cauldron_ln_14237,0.4060904
cauldron_ln_15038,0.42853373
cauldron_ln_13169,0.19074763
mix_SI_UT_5400_542,0.22358513
mix_SI_UT_5400_734,0.21705617
cauldron_ln_29759,0.28808048
cauldron_ln_6033,0.3375874
cauldron_ln_9891,0.22017482
cauldron_ln_26583,0.29695192
cauldron_ln_23047,0.33416456
mix_UI_ST_5400_1318,0.23322296
cauldron_ln_19519,0.2440397
cauldron_ln_20677,0.34645936
mix_SI_UT_5400_1125,0.2347987
mix_SI_UT_5400_369,0.23241746
cauldron_ln_29278,0.27321666
cauldron_ln_13801,0.17928164
mix_SI_UT_5400_706,0.21552888
mix_UI_ST_5400_1000,0.2893541
mix_UI_ST_5400_721,0.12176776
cauldron_ln_20615,0.23638676
mix_SI_UT_5400_458,0.12795965
mix_UI_ST_5400_794,0.3026075
mix_SI_UT_5400_1419,0.21758354
cauldron_ln_1740,0.3406528
cauldron_ln_9096,0.2124796
cauldron_ln_24457,0.22070484
cauldron_ln_15048,0.38823444
mix_UI_ST_5400_1345,0.24371862
mix_UI_ST_5400_413,0.19299912
mix_SI_UT_5400_1479,0.30316874
cauldron_ln_1567,0.29996005
mix_UI_ST_5400_694,0.2097777
mix_SI_UT_5400_1254,0.16604003
cauldron_ln_5806,0.14987054
cauldron_ln_3373,0.26442
cauldron_ln_11356,0.21980776
cauldron_ln_4588,0.13066725
mix_UI_ST_5400_1436,0.16225643
cauldron_ln_17179,0.118947856
mix_UI_ST_5400_1238,0.25334832
mix_UI_ST_5400_1457,0.1819975
mix_SI_UT_5400_1014,0.30094144
cauldron_ln_878,0.19085617
cauldron_ln_7376,0.37256062
cauldron_ln_19850,0.439431
mix_SI_UT_5400_619,0.17740357
cauldron_ln_27085,0.4561375
cauldron_ln_18818,0.25738296
cauldron_ln_21664,0.23608924
mix_SI_UT_5400_139,0.16898517
mix_UI_ST_5400_462,0.19463399
cauldron_ln_12636,0.21752942
mix_SI_UT_5400_837,0.36198273
cauldron_ln_6348,0.27641535
mix_UI_ST_5400_202,0.18487526
mix_UI_ST_5400_1086,0.22303481
cauldron_ln_25152,0.15870835
mix_SI_UT_5400_993,0.2313505
mix_UI_ST_5400_1130,0.20949984
cauldron_ln_3984,0.2041451
cauldron_ln_21400,0.24515653
cauldron_ln_7605,0.5274758
cauldron_ln_23746,0.21730024
cauldron_ln_11274,0.25736722
mix_UI_ST_5400_561,0.12737586
cauldron_ln_3589,0.18545839
mix_SI_UT_5400_869,0.2577425
cauldron_ln_4405,0.2171682
mix_UI_ST_5400_609,0.20389147
cauldron_ln_7489,0.1601813
cauldron_ln_4448,0.2798073
mix_SI_UT_5400_153,0.2773096
mix_SI_UT_5400_1155,0.21486165
cauldron_ln_4788,0.262217
mix_UI_ST_5400_362,0.46063352
cauldron_ln_4210,0.2871453
mix_SI_UT_5400_858,0.2646463
cauldron_ln_21458,0.14813815
cauldron_ln_14494,0.34948635
mix_SI_UT_5400_808,0.28900954
cauldron_ln_7597,0.22111593
cauldron_ln_24788,0.24775115
mix_UI_ST_5400_1292,0.24281946
mix_UI_ST_5400_1395,0.29525092
mix_UI_ST_5400_647,0.2653922
cauldron_ln_11680,0.17942409
mix_SI_UT_5400_104,0.24537596
mix_SI_UT_5400_423,0.17967938
cauldron_ln_10967,0.2283736
cauldron_ln_370,0.25898474
mix_SI_UT_5400_1430,0.17779341
mix_UI_ST_5400_930,0.23673032
mix_SI_UT_5400_138,0.21553247
mix_UI_ST_5400_1470,0.27275243
mix_UI_ST_5400_339,0.28395444
mix_UI_ST_5400_1343,0.234492
cauldron_ln_27968,0.18719994
mix_UI_ST_5400_690,0.18568742
mix_SI_UT_5400_1341,0.24499843
mix_UI_ST_5400_1023,0.21376441
mix_UI_ST_5400_445,0.22180966
cauldron_ln_18874,0.34656087
cauldron_ln_12653,0.20224507
mix_UI_ST_5400_932,0.2508057
mix_SI_UT_5400_1475,0.24747893
cauldron_ln_9264,0.2073519
cauldron_ln_18917,0.29356965
mix_SI_UT_5400_296,0.34959862
mix_UI_ST_5400_894,0.28111014
cauldron_ln_17043,0.20753379
cauldron_ln_4316,0.17571741
mix_SI_UT_5400_1292,0.3196914
mix_UI_ST_5400_1461,0.24761662
cauldron_ln_12090,0.19757228
mix_SI_UT_5400_970,0.24494494
cauldron_ln_11756,0.3569968
cauldron_ln_24931,0.26632717
mix_SI_UT_5400_86,0.1850381
cauldron_ln_1229,0.3207221
cauldron_ln_2777,0.2560912
cauldron_ln_23643,0.29749003
cauldron_ln_5672,0.25756478
mix_UI_ST_5400_414,0.32451266
mix_SI_UT_5400_559,0.23895541
mix_UI_ST_5400_901,0.26637462
cauldron_ln_15411,0.23599438
cauldron_ln_7164,0.2594257
cauldron_ln_14722,0.23624994
mix_SI_UT_5400_1234,0.26076135
cauldron_ln_19405,0.29299757
cauldron_ln_18743,0.21976814
cauldron_ln_15670,0.27160382
cauldron_ln_9942,0.36354282
cauldron_ln_16362,0.26138338
cauldron_ln_29872,0.24995732
cauldron_ln_8437,0.228992
mix_SI_UT_5400_382,0.28276625
cauldron_ln_25854,0.13464127
mix_UI_ST_5400_374,0.20495929
mix_UI_ST_5400_921,0.2189241
cauldron_ln_22652,0.31678975
cauldron_ln_18215,0.21101339
mix_SI_UT_5400_1362,0.26404664
mix_UI_ST_5400_219,0.2513568
mix_SI_UT_5400_1433,0.24821046
mix_UI_ST_5400_319,0.11510522
mix_SI_UT_5400_97,0.16407326
mix_SI_UT_5400_802,0.18369494
cauldron_ln_17334,0.20807457
mix_UI_ST_5400_1007,0.18336634
cauldron_ln_9911,0.304514
mix_SI_UT_5400_52,0.2319121
cauldron_ln_9157,0.21787356
cauldron_ln_7487,0.22192807
cauldron_ln_7852,0.3177359
mix_SI_UT_5400_1357,0.19951694
mix_SI_UT_5400_189,0.13621657
mix_SI_UT_5400_316,0.22701722
mix_SI_UT_5400_702,0.18886645
cauldron_ln_3676,0.28892767
cauldron_ln_14951,0.3318741
cauldron_ln_3211,0.20325692
mix_SI_UT_5400_513,0.27835125
cauldron_ln_3063,0.20973852
mix_SI_UT_5400_248,0.24151425
cauldron_ln_15505,0.13642459
cauldron_ln_11182,0.23545931
cauldron_ln_3677,0.32069713
mix_SI_UT_5400_1346,0.29710704
cauldron_ln_17074,0.19023833
cauldron_ln_19091,0.27369878
mix_UI_ST_5400_1254,0.33120164
mix_SI_UT_5400_678,0.25160852
cauldron_ln_26099,0.21657915
mix_UI_ST_5400_1393,0.30882263
mix_SI_UT_5400_164,0.14040124
mix_SI_UT_5400_581,0.2441183
cauldron_ln_20676,0.14883049
mix_SI_UT_5400_1042,0.20860909
mix_SI_UT_5400_475,0.19127145
mix_SI_UT_5400_357,0.24843234
cauldron_ln_2246,0.2823449
mix_UI_ST_5400_1016,0.23111677
cauldron_ln_16589,0.30763525
cauldron_ln_17379,0.36084437
mix_SI_UT_5400_129,0.26075688
mix_UI_ST_5400_923,0.21651137
cauldron_ln_17710,0.20053856
mix_UI_ST_5400_648,0.2437058
mix_UI_ST_5400_555,0.19917598
cauldron_ln_26682,0.22414258
cauldron_ln_16763,0.1742377
cauldron_ln_28034,0.20381096
cauldron_ln_23349,0.30444166
cauldron_ln_14415,0.4709899
mix_SI_UT_5400_1472,0.18803401
mix_UI_ST_5400_300,0.2901108
mix_SI_UT_5400_124,0.28854972
mix_UI_ST_5400_1409,0.2175427
mix_UI_ST_5400_1013,0.13983972
cauldron_ln_18111,0.21582675
mix_SI_UT_5400_1306,0.23722103
cauldron_ln_4359,0.18500514
mix_SI_UT_5400_50,0.3741991
mix_SI_UT_5400_323,0.41657022
cauldron_ln_18951,0.19703206
cauldron_ln_860,0.15846878
mix_SI_UT_5400_1085,0.27613246
mix_UI_ST_5400_1363,0.16559952
mix_SI_UT_5400_502,0.39587513
mix_UI_ST_5400_770,0.23305094
cauldron_ln_13636,0.20412076
mix_UI_ST_5400_994,0.22453979
cauldron_ln_14504,0.33001438
mix_SI_UT_5400_573,0.37106228
mix_SI_UT_5400_845,0.17531529
cauldron_ln_23336,0.40594962
cauldron_ln_10507,0.2183606
mix_SI_UT_5400_349,0.24770297
mix_SI_UT_5400_1056,0.22519296
cauldron_ln_7437,0.2613377
cauldron_ln_13007,0.26571175
cauldron_ln_11676,0.38878137
mix_UI_ST_5400_1427,0.17387094
cauldron_ln_15198,0.29965374
cauldron_ln_6053,0.16454388
mix_SI_UT_5400_568,0.2624937
cauldron_ln_14774,0.22477195
cauldron_ln_421,0.22532822
cauldron_ln_6210,0.19908859
cauldron_ln_13819,0.29121745
mix_SI_UT_5400_210,0.25545257
cauldron_ln_9651,0.2914576
cauldron_ln_16083,0.21797913
cauldron_ln_15536,0.2549962
mix_UI_ST_5400_747,0.16805296
cauldron_ln_21235,0.19787626
mix_SI_UT_5400_194,0.28169155
cauldron_ln_15802,0.22404091
mix_UI_ST_5400_1429,0.2373096
mix_SI_UT_5400_886,0.14533035
mix_SI_UT_5400_127,0.26103723
cauldron_ln_19596,0.17479001
mix_SI_UT_5400_402,0.24784331
cauldron_ln_18022,0.1697569
mix_SI_UT_5400_1457,0.3165501
mix_SI_UT_5400_1199,0.35321474
cauldron_ln_11442,0.16118374
mix_SI_UT_5400_178,0.20823409
mix_UI_ST_5400_864,0.23369087
mix_SI_UT_5400_241,0.20534855
mix_UI_ST_5400_277,0.13268882
mix_SI_UT_5400_860,0.22743577
mix_UI_ST_5400_973,0.3383777
cauldron_ln_6867,0.20966026
mix_UI_ST_5400_758,0.22446795
cauldron_ln_17831,0.37181747
mix_SI_UT_5400_1269,0.27561262
cauldron_ln_14522,0.47556624
cauldron_ln_6223,0.26063514
cauldron_ln_24821,0.24220484
cauldron_ln_17435,0.2667419
mix_SI_UT_5400_1110,0.303017
mix_UI_ST_5400_1142,0.24997759
cauldron_ln_5819,0.2151677
cauldron_ln_4761,0.25134426
cauldron_ln_27023,0.2865475
mix_UI_ST_5400_623,0.40547436
cauldron_ln_9369,0.23162787
mix_UI_ST_5400_551,0.2508299
cauldron_ln_24753,0.24770859
cauldron_ln_21612,0.29699188
cauldron_ln_8713,0.2120893
mix_SI_UT_5400_186,0.21699625
cauldron_ln_2877,0.263422
mix_UI_ST_5400_788,0.31016415
mix_UI_ST_5400_1214,0.24933738
cauldron_ln_29736,0.14389527
cauldron_ln_26010,0.31560928
mix_UI_ST_5400_1162,0.41579396
mix_SI_UT_5400_905,0.3089483
cauldron_ln_177,0.19004172
mix_UI_ST_5400_147,0.24362491
mix_UI_ST_5400_146,0.29162848
mix_UI_ST_5400_384,0.23634094
mix_UI_ST_5400_862,0.23637782
cauldron_ln_19632,0.28558096
mix_UI_ST_5400_1488,0.32315475
mix_UI_ST_5400_584,0.21411388
cauldron_ln_3883,0.26207468
mix_UI_ST_5400_295,0.2543756
mix_SI_UT_5400_1434,0.35478887
cauldron_ln_6698,0.26192358
cauldron_ln_16987,0.14349735
cauldron_ln_4539,0.18447828
mix_UI_ST_5400_835,0.26436967
cauldron_ln_12698,0.1688228
cauldron_ln_23389,0.25588277
mix_UI_ST_5400_450,0.18071038
cauldron_ln_12902,0.21832389
cauldron_ln_13564,0.2530657
mix_UI_ST_5400_880,0.27592078
mix_SI_UT_5400_1191,0.26788828
mix_SI_UT_5400_522,0.2128677
mix_UI_ST_5400_468,0.2940843
cauldron_ln_4153,0.24129863
mix_SI_UT_5400_142,0.27206603
mix_UI_ST_5400_1079,0.22426212
mix_SI_UT_5400_918,0.18252712
mix_SI_UT_5400_294,0.1216543
mix_UI_ST_5400_889,0.19572295
cauldron_ln_20366,0.19051132
cauldron_ln_26793,0.2993542
cauldron_ln_19239,0.3391981
mix_UI_ST_5400_434,0.19329555
mix_SI_UT_5400_997,0.26553035
mix_SI_UT_5400_206,0.24568316
mix_UI_ST_5400_163,0.24539901
cauldron_ln_6069,0.20145983
mix_UI_ST_5400_1154,0.29459435
cauldron_ln_16888,0.29527214
cauldron_ln_17608,0.20337106
cauldron_ln_11615,0.25261617
cauldron_ln_8564,0.23249042
mix_UI_ST_5400_743,0.3262297
cauldron_ln_16933,0.19250812
cauldron_ln_16783,0.25163037
mix_UI_ST_5400_620,0.27442846
mix_SI_UT_5400_906,0.24418026
mix_SI_UT_5400_600,0.3217485
cauldron_ln_18123,0.1825492
mix_SI_UT_5400_963,0.10791954
mix_UI_ST_5400_681,0.29217666
cauldron_ln_16186,0.24053177
mix_SI_UT_5400_9,0.32425588
mix_UI_ST_5400_1218,0.28267646
mix_UI_ST_5400_740,0.3539554
mix_UI_ST_5400_428,0.2180483
cauldron_ln_20311,0.18597831
mix_SI_UT_5400_610,0.29993358
cauldron_ln_13634,0.19331004
mix_UI_ST_5400_406,0.22819261
mix_SI_UT_5400_829,0.18526103
cauldron_ln_16070,0.23628455
mix_UI_ST_5400_870,0.3149629
mix_SI_UT_5400_1328,0.27252558
mix_UI_ST_5400_216,0.22827268
cauldron_ln_8369,0.25542897
mix_SI_UT_5400_612,0.31559107
mix_UI_ST_5400_1047,0.24532492
mix_SI_UT_5400_1469,0.35292548
cauldron_ln_27013,0.19479397
mix_SI_UT_5400_833,0.4690087
cauldron_ln_21736,0.24393876
mix_UI_ST_5400_667,0.2582246
mix_UI_ST_5400_410,0.2154162
cauldron_ln_20031,0.37276995
cauldron_ln_7481,0.1979359
mix_UI_ST_5400_320,0.23640142
mix_UI_ST_5400_814,0.14565451
mix_UI_ST_5400_513,0.19207385
mix_UI_ST_5400_1029,0.26222888
mix_SI_UT_5400_1089,0.22443251
mix_SI_UT_5400_1464,0.17262785
cauldron_ln_15914,0.18017486
cauldron_ln_22809,0.22355294
cauldron_ln_8604,0.18493661
mix_UI_ST_5400_375,0.1549087
cauldron_ln_9296,0.38332397
mix_SI_UT_5400_1035,0.24281119
cauldron_ln_9555,0.3191001
mix_UI_ST_5400_1497,0.2458758
cauldron_ln_14040,0.3622363
cauldron_ln_16431,0.24489014
mix_SI_UT_5400_500,0.3994679
cauldron_ln_26292,0.2678214
mix_SI_UT_5400_283,0.21576022
mix_SI_UT_5400_1431,0.23907325
mix_UI_ST_5400_1,0.33059707
mix_SI_UT_5400_1353,0.2319415
cauldron_ln_1981,0.29195806
mix_UI_ST_5400_210,0.30261087
cauldron_ln_13884,0.3581824
mix_UI_ST_5400_292,0.18781279
mix_SI_UT_5400_644,0.3404398
cauldron_ln_29798,0.15372641
mix_UI_ST_5400_1114,0.21047536
mix_SI_UT_5400_328,0.23221523
mix_UI_ST_5400_97,0.24109131
mix_SI_UT_5400_1307,0.2939991
cauldron_ln_18108,0.29132515
mix_SI_UT_5400_117,0.17893143
cauldron_ln_17470,0.20731796
cauldron_ln_28348,0.23285766
cauldron_ln_18947,0.3077658
mix_UI_ST_5400_657,0.25023055
mix_SI_UT_5400_530,0.31538355
cauldron_ln_3785,0.31266612
mix_UI_ST_5400_708,0.25458252
mix_SI_UT_5400_781,0.18150492
cauldron_ln_13700,0.27839974
cauldron_ln_25001,0.16284478
cauldron_ln_19817,0.21731551
cauldron_ln_14818,0.19732906
cauldron_ln_21228,0.18803845
mix_UI_ST_5400_1414,0.27048376
cauldron_ln_19274,0.2216985
cauldron_ln_6825,0.23614125
cauldron_ln_7736,0.17739373
mix_UI_ST_5400_1257,0.25232697
mix_UI_ST_5400_415,0.25451985
mix_SI_UT_5400_1193,0.30314794
mix_UI_ST_5400_14,0.21234961
cauldron_ln_1790,0.24153307
cauldron_ln_12661,0.23633268
cauldron_ln_13082,0.14431469
cauldron_ln_9158,0.20750539
mix_UI_ST_5400_1300,0.18572444
mix_SI_UT_5400_984,0.3393658
mix_SI_UT_5400_3,0.2518017
cauldron_ln_2197,0.28230137
mix_UI_ST_5400_979,0.25274184
mix_UI_ST_5400_72,0.3591275
mix_SI_UT_5400_488,0.20394455
mix_UI_ST_5400_324,0.21231285
mix_UI_ST_5400_1205,0.21198294
cauldron_ln_13474,0.25881848
mix_SI_UT_5400_54,0.16204825
mix_UI_ST_5400_716,0.1949934
cauldron_ln_15320,0.2590505
cauldron_ln_15549,0.233585
mix_UI_ST_5400_1103,0.22877015
cauldron_ln_19448,0.2404505
cauldron_ln_26571,0.3754255
cauldron_ln_29873,0.25585333
cauldron_ln_16916,0.23887533
cauldron_ln_12019,0.27751127
cauldron_ln_22928,0.23530951
cauldron_ln_7249,0.1711774
mix_UI_ST_5400_719,0.25963745
cauldron_ln_2077,0.32678506
cauldron_ln_19851,0.20094438
mix_SI_UT_5400_27,0.23752035
mix_SI_UT_5400_921,0.31763446
mix_SI_UT_5400_1445,0.2521203
cauldron_ln_9940,0.287574
cauldron_ln_29999,0.3410921
cauldron_ln_15196,0.21328107
cauldron_ln_5789,0.37492856
cauldron_ln_26432,0.16830909
cauldron_ln_7644,0.24584773
mix_SI_UT_5400_1310,0.3401639
mix_SI_UT_5400_41,0.1879217
cauldron_ln_5555,0.13000515
cauldron_ln_21874,0.25255388
mix_SI_UT_5400_313,0.27149025
cauldron_ln_20892,0.20726854
mix_SI_UT_5400_409,0.13152984
mix_UI_ST_5400_1278,0.25497156
mix_UI_ST_5400_1394,0.24942699
cauldron_ln_12561,0.2214307
mix_SI_UT_5400_949,0.16553548
mix_SI_UT_5400_1132,0.26193053
cauldron_ln_26644,0.22708264
cauldron_ln_8565,0.14664893
cauldron_ln_14144,0.20082481
mix_SI_UT_5400_481,0.24310741
cauldron_ln_6571,0.17639634
cauldron_ln_13804,0.27208012
mix_SI_UT_5400_1128,0.63347435
mix_SI_UT_5400_179,0.15745705
cauldron_ln_15164,0.3396561
cauldron_ln_27863,0.27120948
cauldron_ln_404,0.22847314
mix_SI_UT_5400_546,0.28620863
mix_UI_ST_5400_224,0.33096147
cauldron_ln_28033,0.22537735
cauldron_ln_16488,0.23501219
cauldron_ln_28640,0.12542072
cauldron_ln_25499,0.31086946
mix_UI_ST_5400_680,0.30245858
cauldron_ln_2780,0.21581611
mix_UI_ST_5400_307,0.29563102
cauldron_ln_28054,0.3967267
cauldron_ln_23972,0.19594534
cauldron_ln_23194,0.26252994
mix_SI_UT_5400_1084,0.32399264
mix_SI_UT_5400_705,0.24782896
mix_UI_ST_5400_1321,0.2665633
cauldron_ln_10760,0.19665803
cauldron_ln_10917,0.14663449
cauldron_ln_14306,0.20363641
cauldron_ln_1329,0.26075578
cauldron_ln_17719,0.34768257
cauldron_ln_4393,0.31593284
mix_SI_UT_5400_1244,0.2483892
cauldron_ln_29431,0.19264601
mix_SI_UT_5400_662,0.23584108
mix_UI_ST_5400_678,0.17547432
mix_UI_ST_5400_1473,0.31210294
cauldron_ln_11681,0.29383588
mix_UI_ST_5400_420,0.22513318
mix_UI_ST_5400_373,0.20301096
cauldron_ln_16984,0.22564214
cauldron_ln_24697,0.24221696
cauldron_ln_19256,0.23052263
cauldron_ln_9960,0.17794861
mix_SI_UT_5400_1220,0.18050724
mix_UI_ST_5400_533,0.29713786
cauldron_ln_13809,0.22510399
cauldron_ln_19660,0.18852541
mix_UI_ST_5400_1216,0.3418578
mix_UI_ST_5400_872,0.21355619
mix_UI_ST_5400_1082,0.18638219
mix_UI_ST_5400_1046,0.26284373
mix_SI_UT_5400_1114,0.17341977
cauldron_ln_2829,0.19494675
mix_UI_ST_5400_1176,0.24730998
cauldron_ln_2053,0.17727154
mix_SI_UT_5400_1499,0.27747747
cauldron_ln_24293,0.20403412
cauldron_ln_17144,0.2839912
cauldron_ln_8179,0.20949057
mix_SI_UT_5400_157,0.17861578
mix_UI_ST_5400_489,0.2628922
cauldron_ln_23246,0.22571921
mix_UI_ST_5400_1173,0.32392305
mix_SI_UT_5400_299,0.2726633
cauldron_ln_8985,0.24504034
cauldron_ln_6677,0.24766873
cauldron_ln_5292,0.3159638
mix_UI_ST_5400_236,0.3049102
mix_UI_ST_5400_267,0.2574993
mix_UI_ST_5400_821,0.21669333
cauldron_ln_17652,0.2768044
mix_SI_UT_5400_225,0.2593193
cauldron_ln_18855,0.27284256
mix_SI_UT_5400_1268,0.2123503
mix_SI_UT_5400_821,0.3039413
cauldron_ln_8107,0.24649252
mix_UI_ST_5400_1134,0.29397723
cauldron_ln_27277,0.29512912
cauldron_ln_26657,0.2967259
cauldron_ln_29048,0.4238772
cauldron_ln_29641,0.18935134
mix_UI_ST_5400_110,0.20979042
cauldron_ln_23096,0.21150158
mix_SI_UT_5400_132,0.288688
mix_UI_ST_5400_1105,0.18794766
cauldron_ln_27854,0.3689741
cauldron_ln_3099,0.19121356
cauldron_ln_8470,0.24244682
cauldron_ln_29646,0.29624462
mix_UI_ST_5400_989,0.2190551
cauldron_ln_10382,0.259533
mix_UI_ST_5400_364,0.31741783
cauldron_ln_17765,0.2933472
cauldron_ln_19154,0.22857895
cauldron_ln_11852,0.27905393
mix_UI_ST_5400_79,0.24332066
cauldron_ln_11481,0.20947325
cauldron_ln_12863,0.19706552
mix_UI_ST_5400_1253,0.26072448
cauldron_ln_26204,0.33909926
cauldron_ln_6788,0.30926237
mix_SI_UT_5400_627,0.21135263
cauldron_ln_10924,0.2719413
cauldron_ln_13648,0.23793663
cauldron_ln_24598,0.34424677
cauldron_ln_20014,0.15875196
mix_SI_UT_5400_737,0.29459924
mix_UI_ST_5400_839,0.15257421
mix_SI_UT_5400_482,0.29616815
cauldron_ln_18323,0.068205275
cauldron_ln_9762,0.18389255
mix_SI_UT_5400_236,0.24376729
cauldron_ln_22583,0.21330868
mix_SI_UT_5400_1391,0.17847028
mix_UI_ST_5400_1070,0.17050286
cauldron_ln_1782,0.19113451
mix_UI_ST_5400_1344,0.17147005
cauldron_ln_17611,0.14496371
cauldron_ln_16644,0.2806447
mix_UI_ST_5400_203,0.17042676
mix_SI_UT_5400_784,0.2204275
mix_UI_ST_5400_26,0.2564731
mix_UI_ST_5400_130,0.33693856
mix_SI_UT_5400_1121,0.13224404
mix_SI_UT_5400_152,0.23328081
cauldron_ln_26466,0.17105252
mix_SI_UT_5400_81,0.20917523
cauldron_ln_26596,0.22363453
cauldron_ln_11921,0.1642096
mix_UI_ST_5400_370,0.296133
mix_UI_ST_5400_892,0.25928947
cauldron_ln_26434,0.27538595
mix_UI_ST_5400_702,0.2769142
mix_SI_UT_5400_1453,0.33912575
cauldron_ln_28653,0.29976404
cauldron_ln_17423,0.26691118
cauldron_ln_8782,0.18816939
mix_UI_ST_5400_199,0.28361443
cauldron_ln_13080,0.26912013
cauldron_ln_8145,0.17499632
mix_UI_ST_5400_1443,0.2843732
mix_SI_UT_5400_49,0.21099985
cauldron_ln_6012,0.25921488
cauldron_ln_19709,0.25645453
cauldron_ln_21574,0.22703458
mix_SI_UT_5400_1334,0.22148074
cauldron_ln_23446,0.29450566
cauldron_ln_2872,0.41694275
mix_UI_ST_5400_674,0.21374485
cauldron_ln_6406,0.10502235
cauldron_ln_4547,0.19208546
mix_SI_UT_5400_645,0.2742461
cauldron_ln_11633,0.3797395
mix_UI_ST_5400_1402,0.19630979
cauldron_ln_19308,0.1916304
mix_SI_UT_5400_404,0.25926334
mix_UI_ST_5400_207,0.23238845
cauldron_ln_20103,0.21597257
mix_UI_ST_5400_419,0.25997669
cauldron_ln_3654,0.29933307
mix_UI_ST_5400_781,0.25897437
mix_SI_UT_5400_563,0.22450104
cauldron_ln_2740,0.22727671
mix_SI_UT_5400_1091,0.23663802
cauldron_ln_6341,0.258086
mix_UI_ST_5400_372,0.22931197
cauldron_ln_2979,0.21181342
mix_SI_UT_5400_1210,0.15222424
cauldron_ln_28560,0.28702956
mix_UI_ST_5400_619,0.2246096
cauldron_ln_27840,0.2700829
cauldron_ln_23782,0.27072796
cauldron_ln_2910,0.2615202
cauldron_ln_11028,0.25956178
mix_UI_ST_5400_1389,0.26936963
cauldron_ln_18802,0.15682928
cauldron_ln_23051,0.30591118
cauldron_ln_7951,0.18908013
cauldron_ln_28881,0.08809347
cauldron_ln_10666,0.14753976
mix_UI_ST_5400_137,0.24907261
mix_SI_UT_5400_852,0.22346129
cauldron_ln_16855,0.23722301
cauldron_ln_10076,0.29545236
cauldron_ln_3816,0.19811621
cauldron_ln_2040,0.2679813
mix_UI_ST_5400_1464,0.30454537
cauldron_ln_28430,0.20438088
mix_SI_UT_5400_902,0.24434315
cauldron_ln_1260,0.26601836
mix_SI_UT_5400_603,0.18293646
cauldron_ln_5279,0.24669619
mix_UI_ST_5400_851,0.23010716
cauldron_ln_7591,0.24202462
mix_UI_ST_5400_621,0.18080921
cauldron_ln_27983,0.3060284
mix_UI_ST_5400_1400,0.23721354
cauldron_ln_5637,0.2998435
mix_SI_UT_5400_453,0.2616305
cauldron_ln_14175,0.2161741
mix_SI_UT_5400_169,0.2678768
cauldron_ln_21850,0.14822733
mix_UI_ST_5400_1476,0.42781058
mix_UI_ST_5400_1050,0.19856012
cauldron_ln_1979,0.2212553
mix_UI_ST_5400_507,0.13156652
mix_UI_ST_5400_800,0.30576697
cauldron_ln_11318,0.31286922
cauldron_ln_22285,0.44226667
cauldron_ln_11152,0.14271708
mix_UI_ST_5400_547,0.25029698
cauldron_ln_2496,0.27193522
cauldron_ln_5623,0.22598462
mix_UI_ST_5400_517,0.31214458
cauldron_ln_27486,0.17142853
mix_SI_UT_5400_1416,0.16630374
cauldron_ln_11789,0.29136434
cauldron_ln_23326,0.21088752
cauldron_ln_11838,0.1396024
cauldron_ln_29771,0.24351543
cauldron_ln_13953,0.29768348
cauldron_ln_20633,0.17762871
mix_UI_ST_5400_1295,0.31719193
cauldron_ln_10213,0.37422052
cauldron_ln_1689,0.29747856
cauldron_ln_11123,0.1883132
cauldron_ln_29523,0.26279533
mix_UI_ST_5400_704,0.43838274
cauldron_ln_13903,0.22414671
cauldron_ln_3041,0.49568054
cauldron_ln_10998,0.27228194
cauldron_ln_1872,0.21051097
cauldron_ln_21548,0.32007697
mix_SI_UT_5400_735,0.25975087
cauldron_ln_6732,0.17638293
cauldron_ln_11141,0.24107207
cauldron_ln_9267,0.14124098
mix_SI_UT_5400_1019,0.20177111
cauldron_ln_13584,0.25559112
cauldron_ln_22692,0.22599965
mix_SI_UT_5400_1053,0.2022447
cauldron_ln_13337,0.24451701
mix_SI_UT_5400_1420,0.40522584
cauldron_ln_484,0.24192145
cauldron_ln_5365,0.13588098
cauldron_ln_1491,0.3153086
mix_UI_ST_5400_520,0.20151038
mix_SI_UT_5400_743,0.28115562
cauldron_ln_9258,0.20143206
mix_SI_UT_5400_1007,0.23794283
cauldron_ln_5068,0.17662416
mix_UI_ST_5400_455,0.16953318
cauldron_ln_12465,0.32168758
mix_UI_ST_5400_107,0.2735325
mix_SI_UT_5400_882,0.24452238
cauldron_ln_16967,0.25694716
mix_UI_ST_5400_87,0.20631906
mix_UI_ST_5400_548,0.18953015
mix_SI_UT_5400_198,0.18426228
mix_UI_ST_5400_564,0.21005869
mix_SI_UT_5400_28,0.37197152
mix_SI_UT_5400_1102,0.27858478
mix_UI_ST_5400_970,0.20773634
mix_UI_ST_5400_585,0.30633515
mix_UI_ST_5400_913,0.32140103
mix_UI_ST_5400_175,0.2857134
cauldron_ln_26401,0.24216925
cauldron_ln_28161,0.19907169
mix_UI_ST_5400_1377,0.20020823
mix_UI_ST_5400_341,0.2716575
mix_UI_ST_5400_1392,0.2587333
cauldron_ln_9207,0.19436191
mix_SI_UT_5400_611,0.22928342
mix_SI_UT_5400_731,0.33655506
mix_UI_ST_5400_824,0.39386976
cauldron_ln_25254,0.20755082
cauldron_ln_13600,0.25780833
cauldron_ln_26891,0.21392067
cauldron_ln_10523,0.22615494
cauldron_ln_12106,0.23137806
mix_UI_ST_5400_0,0.21568862
mix_UI_ST_5400_950,0.2551415
cauldron_ln_14467,0.2009918
cauldron_ln_6405,0.2661647
mix_SI_UT_5400_593,0.2658681
cauldron_ln_6650,0.2767843
cauldron_ln_22637,0.3158319
mix_SI_UT_5400_1047,0.15724328
cauldron_ln_6415,0.23834783
cauldron_ln_7318,0.25052908
cauldron_ln_22781,0.29152802
mix_SI_UT_5400_1024,0.17691399
mix_UI_ST_5400_1091,0.24480724
mix_UI_ST_5400_502,0.1843083
mix_UI_ST_5400_90,0.17842583
cauldron_ln_20857,0.2549293
mix_SI_UT_5400_597,0.23081587
cauldron_ln_8259,0.21338569
cauldron_ln_9356,0.21992467
cauldron_ln_19336,0.29825872
cauldron_ln_20463,0.27308697
cauldron_ln_16227,0.22368312
mix_SI_UT_5400_384,0.22669612
cauldron_ln_20135,0.21638076
cauldron_ln_26495,0.2637018
cauldron_ln_5325,0.2652522
mix_UI_ST_5400_1149,0.14836979
cauldron_ln_22270,0.25587016
cauldron_ln_17453,0.16520724
cauldron_ln_1281,0.24820256
cauldron_ln_2774,0.22519433
mix_SI_UT_5400_771,0.3440766
mix_UI_ST_5400_162,0.26816463
cauldron_ln_10441,0.193746
cauldron_ln_15689,0.2508058
cauldron_ln_19565,0.2101953
cauldron_ln_20329,0.3331483
cauldron_ln_17860,0.26911312
cauldron_ln_3512,0.37513223
mix_UI_ST_5400_1085,0.29954374
mix_SI_UT_5400_1339,0.27753302
mix_SI_UT_5400_1135,0.254021
cauldron_ln_11032,0.20370974
mix_UI_ST_5400_494,0.20689009
cauldron_ln_26370,0.12483725
mix_SI_UT_5400_327,0.19626734
mix_SI_UT_5400_1208,0.26831174
cauldron_ln_9468,0.3942099
mix_UI_ST_5400_296,0.15892783
mix_UI_ST_5400_706,0.18857798
mix_SI_UT_5400_785,0.30105713
cauldron_ln_3780,0.20795892
mix_UI_ST_5400_1390,0.21788341
mix_SI_UT_5400_1229,0.31622466
mix_SI_UT_5400_1483,0.24322838
mix_UI_ST_5400_948,0.25832888
cauldron_ln_1666,0.12665349
mix_SI_UT_5400_457,0.21681839
cauldron_ln_16721,0.11506021
mix_UI_ST_5400_70,0.32455444
mix_UI_ST_5400_912,0.17657278
mix_UI_ST_5400_841,0.2091155
mix_SI_UT_5400_449,0.20301968
mix_SI_UT_5400_421,0.2361102
cauldron_ln_15389,0.16885152
cauldron_ln_7316,0.31935245
mix_UI_ST_5400_1028,0.40102684
mix_SI_UT_5400_309,0.2053954
mix_SI_UT_5400_231,0.24587443
cauldron_ln_27417,0.22474459
mix_UI_ST_5400_336,0.24385613
mix_SI_UT_5400_219,0.3105313
mix_UI_ST_5400_1258,0.23893908
cauldron_ln_4723,0.376122
mix_SI_UT_5400_895,0.3471133
mix_SI_UT_5400_1055,0.2465353
cauldron_ln_26520,0.22785546
mix_UI_ST_5400_775,0.20883113
mix_UI_ST_5400_121,0.26904377
mix_SI_UT_5400_866,0.22391948
mix_SI_UT_5400_1211,0.22914428
cauldron_ln_17134,0.23762055
mix_SI_UT_5400_1127,0.21177086
mix_UI_ST_5400_1350,0.290501
cauldron_ln_24520,0.2509718
cauldron_ln_8373,0.21100143
cauldron_ln_15240,0.14634758
mix_SI_UT_5400_623,0.14852673
cauldron_ln_14417,0.14904588
cauldron_ln_7665,0.24331637
mix_UI_ST_5400_1445,0.2461983
cauldron_ln_17054,0.37568587
mix_UI_ST_5400_746,0.25738326
mix_UI_ST_5400_557,0.3039314
cauldron_ln_2381,0.20469262
cauldron_ln_7346,0.20998463
mix_SI_UT_5400_411,0.22565162
mix_SI_UT_5400_1051,0.26589525
cauldron_ln_20476,0.27544588
cauldron_ln_8736,0.31977132
mix_UI_ST_5400_550,0.2913151
mix_SI_UT_5400_1181,0.33494923
mix_SI_UT_5400_320,0.27967268
cauldron_ln_8669,0.25719112
cauldron_ln_21852,0.22302611
mix_SI_UT_5400_422,0.23645057
cauldron_ln_22000,0.19006103
mix_UI_ST_5400_771,0.21887766
mix_UI_ST_5400_1272,0.4587525
cauldron_ln_9793,0.32759997
mix_SI_UT_5400_674,0.25349826
cauldron_ln_9271,0.2280758
cauldron_ln_818,0.19486246
mix_UI_ST_5400_577,0.23404978
mix_SI_UT_5400_472,0.22420326
cauldron_ln_1675,0.3090423
mix_UI_ST_5400_1494,0.32173514
mix_UI_ST_5400_113,0.16213177
mix_UI_ST_5400_1129,0.2434421
mix_SI_UT_5400_1002,0.27130556
cauldron_ln_16676,0.18743688
cauldron_ln_15061,0.2100883
cauldron_ln_16651,0.26927993
cauldron_ln_21197,0.3166366
mix_UI_ST_5400_791,0.2573284
cauldron_ln_21171,0.31845874
mix_SI_UT_5400_463,0.18214884
mix_SI_UT_5400_1126,0.16247314
cauldron_ln_7165,0.1681367
mix_SI_UT_5400_361,0.22928439
cauldron_ln_21692,0.22011529
mix_UI_ST_5400_63,0.22390103
cauldron_ln_10304,0.2882481
mix_SI_UT_5400_1325,0.19586022
mix_SI_UT_5400_968,0.32931694
cauldron_ln_21834,0.2625698
mix_UI_ST_5400_1052,0.23981632
cauldron_ln_18910,0.25595024
cauldron_ln_22299,0.25237086
mix_SI_UT_5400_480,0.21186598
mix_UI_ST_5400_1422,0.30363753
mix_SI_UT_5400_429,0.2191032
mix_UI_ST_5400_1404,0.3208646
cauldron_ln_25262,0.25321656
mix_UI_ST_5400_250,0.31628767
mix_UI_ST_5400_849,0.2581763
cauldron_ln_11,0.1746561
mix_UI_ST_5400_1490,0.25083962
cauldron_ln_14832,0.21957684
mix_SI_UT_5400_768,0.32297468
mix_UI_ST_5400_819,0.20460543
cauldron_ln_11845,0.26413482
mix_UI_ST_5400_1351,0.2921152
cauldron_ln_19653,0.25626183
mix_SI_UT_5400_576,0.22652371
cauldron_ln_26756,0.18378292
mix_SI_UT_5400_1112,0.21128121
mix_UI_ST_5400_357,0.2629123
mix_SI_UT_5400_251,0.24059808
cauldron_ln_13141,0.260333
cauldron_ln_26033,0.3004795
cauldron_ln_14831,0.3431874
cauldron_ln_16939,0.39925677
cauldron_ln_15206,0.22703947
cauldron_ln_25650,0.23436187
mix_UI_ST_5400_1307,0.21704444
cauldron_ln_19733,0.25373206
mix_SI_UT_5400_621,0.23681298
mix_SI_UT_5400_1335,0.20178375
cauldron_ln_3539,0.3458812
mix_SI_UT_5400_1027,0.37529597
mix_UI_ST_5400_1342,0.26346615
cauldron_ln_10196,0.20216526
cauldron_ln_2044,0.13093893
cauldron_ln_13161,0.122198395
cauldron_ln_9533,0.15716119
cauldron_ln_28475,0.48407817
cauldron_ln_1471,0.2805353
mix_SI_UT_5400_215,0.27644417
cauldron_ln_18903,0.32442176
mix_UI_ST_5400_569,0.3897729
mix_UI_ST_5400_1481,0.17575738
cauldron_ln_3985,0.27701306
mix_SI_UT_5400_1349,0.22983515
mix_UI_ST_5400_525,0.13188677
cauldron_ln_15160,0.27270502
mix_SI_UT_5400_167,0.2777328
cauldron_ln_918,0.26910457
mix_SI_UT_5400_697,0.16798934
mix_SI_UT_5400_1487,0.25383452
mix_UI_ST_5400_588,0.19277552
cauldron_ln_9625,0.18407167
cauldron_ln_3905,0.24709703
cauldron_ln_15538,0.24791035
mix_UI_ST_5400_114,0.3246013
mix_UI_ST_5400_475,0.2034941
mix_SI_UT_5400_1449,0.29392156
cauldron_ln_13108,0.3809005
cauldron_ln_29882,0.38829008
mix_UI_ST_5400_888,0.20757307
mix_UI_ST_5400_922,0.30060536
cauldron_ln_29688,0.17751548
mix_SI_UT_5400_1363,0.20095208
cauldron_ln_8510,0.2195321
mix_SI_UT_5400_800,0.21617155
cauldron_ln_14074,0.13452674
cauldron_ln_19316,0.21831739
cauldron_ln_12289,0.22896235
cauldron_ln_7807,0.28638697
mix_SI_UT_5400_557,0.19215955
mix_UI_ST_5400_352,0.15571149
cauldron_ln_8328,0.25047734
mix_SI_UT_5400_1028,0.18442096
mix_UI_ST_5400_141,0.27983612
mix_UI_ST_5400_652,0.20444454
mix_SI_UT_5400_1301,0.25589877
cauldron_ln_19666,0.18767126
mix_SI_UT_5400_1075,0.19763981
mix_SI_UT_5400_1364,0.13388695
mix_UI_ST_5400_1152,0.20798895
cauldron_ln_2837,0.24558412
mix_UI_ST_5400_382,0.37512216
mix_UI_ST_5400_1009,0.24803016
cauldron_ln_7360,0.28395116
mix_SI_UT_5400_1179,0.23680979
cauldron_ln_9591,0.2884606
cauldron_ln_16368,0.2705942
cauldron_ln_4940,0.31836683
mix_UI_ST_5400_442,0.34251025
cauldron_ln_4480,0.27923366
cauldron_ln_15455,0.2140888
mix_UI_ST_5400_744,0.23428026
mix_UI_ST_5400_642,0.25935057
mix_UI_ST_5400_1399,0.3294335
cauldron_ln_3823,0.2288974
mix_SI_UT_5400_1037,0.23094887
cauldron_ln_29573,0.22934367
mix_UI_ST_5400_959,0.3038361
mix_UI_ST_5400_388,0.34741676
mix_SI_UT_5400_1123,0.2493128
mix_UI_ST_5400_980,0.3036963
mix_UI_ST_5400_1030,0.42408893
cauldron_ln_8644,0.35730353
cauldron_ln_20564,0.3641902
cauldron_ln_8233,0.13512686
mix_SI_UT_5400_1023,0.2116777
cauldron_ln_5573,0.16363187
cauldron_ln_8296,0.4357354
mix_UI_ST_5400_1347,0.11124722
cauldron_ln_13228,0.32264867
mix_UI_ST_5400_1303,0.19003665
mix_SI_UT_5400_286,0.24830103
cauldron_ln_21227,0.19159137
cauldron_ln_15532,0.19937
mix_UI_ST_5400_823,0.19094573
mix_SI_UT_5400_1488,0.2158764
mix_UI_ST_5400_1417,0.27622718
cauldron_ln_19723,0.20044498
cauldron_ln_22974,0.20254713
cauldron_ln_15569,0.27003762
cauldron_ln_26382,0.2797917
cauldron_ln_2211,0.26923627
mix_UI_ST_5400_606,0.29648188
mix_UI_ST_5400_1435,0.30805552
cauldron_ln_27016,0.15607183
mix_UI_ST_5400_181,0.18047573
cauldron_ln_9014,0.24329759
cauldron_ln_25492,0.2846066
cauldron_ln_22049,0.2358739
mix_SI_UT_5400_658,0.30810443
mix_SI_UT_5400_983,0.2272761
mix_SI_UT_5400_933,0.24217087
cauldron_ln_29687,0.19814773
cauldron_ln_25374,0.1953743
mix_SI_UT_5400_333,0.43100974
cauldron_ln_29681,0.17186937
cauldron_ln_27090,0.16006821
mix_SI_UT_5400_1205,0.26466665
mix_UI_ST_5400_1458,0.22604983
mix_UI_ST_5400_515,0.31192705
cauldron_ln_14329,0.1747946
cauldron_ln_20222,0.27448723
cauldron_ln_19058,0.27403697
mix_UI_ST_5400_1311,0.23011291
cauldron_ln_26787,0.2371707
cauldron_ln_5975,0.25790307
mix_UI_ST_5400_815,0.34122643
cauldron_ln_20769,0.35184976
cauldron_ln_5934,0.32708338
cauldron_ln_7235,0.14990298
cauldron_ln_10535,0.26170772
cauldron_ln_15308,0.1110392
mix_UI_ST_5400_140,0.24458368
cauldron_ln_14610,0.28638083
cauldron_ln_17525,0.169242
mix_UI_ST_5400_1183,0.36198786
mix_UI_ST_5400_340,0.27324614
mix_SI_UT_5400_1297,0.23994364
mix_SI_UT_5400_723,0.17137228
cauldron_ln_16649,0.302821
cauldron_ln_25084,0.38454276
mix_SI_UT_5400_39,0.24848388
mix_SI_UT_5400_175,0.18472697
cauldron_ln_29494,0.3271146
cauldron_ln_5166,0.33380675
cauldron_ln_8286,0.2568594
cauldron_ln_10043,0.19534457
cauldron_ln_12975,0.22625571
mix_UI_ST_5400_677,0.18355246
cauldron_ln_19424,0.21432963
cauldron_ln_9227,0.1993071
cauldron_ln_18688,0.20563608
cauldron_ln_14727,0.21976934
cauldron_ln_4613,0.25202066
mix_UI_ST_5400_961,0.1759397
cauldron_ln_29632,0.29448158
cauldron_ln_20245,0.21434785
mix_UI_ST_5400_490,0.27665386
cauldron_ln_19982,0.22434926
cauldron_ln_19860,0.20458479
cauldron_ln_12567,0.099329114
cauldron_ln_10960,0.27101278
cauldron_ln_292,0.25414985
cauldron_ln_8476,0.18108301
mix_UI_ST_5400_290,0.2351705
cauldron_ln_7469,0.3890632
mix_SI_UT_5400_1463,0.32409987
cauldron_ln_3301,0.19491407
mix_SI_UT_5400_1156,0.24555372
mix_UI_ST_5400_1037,0.2644243
mix_UI_ST_5400_884,0.19914803
cauldron_ln_14272,0.36415812
cauldron_ln_9797,0.21098967
cauldron_ln_10093,0.24311303
cauldron_ln_22978,0.27076352
mix_UI_ST_5400_1057,0.23278044
mix_UI_ST_5400_1038,0.28534088
cauldron_ln_28643,0.27236733
cauldron_ln_29837,0.29910475
cauldron_ln_5467,0.30759946
mix_UI_ST_5400_1406,0.17695092
mix_SI_UT_5400_703,0.24772902
cauldron_ln_6245,0.22022176
cauldron_ln_9488,0.21658291
mix_UI_ST_5400_1074,0.20986135
mix_SI_UT_5400_990,0.19123858
cauldron_ln_19042,0.29312098
cauldron_ln_1905,0.19191284
cauldron_ln_17257,0.21303168
mix_SI_UT_5400_163,0.4067944
mix_SI_UT_5400_56,0.20850669
mix_SI_UT_5400_1275,0.26872528
mix_UI_ST_5400_756,0.22549027
mix_UI_ST_5400_871,0.17871143
cauldron_ln_11812,0.29569218
cauldron_ln_21560,0.44128153
mix_UI_ST_5400_940,0.30565146
mix_UI_ST_5400_1053,0.28480688
cauldron_ln_4696,0.26115042
cauldron_ln_6195,0.2775328
cauldron_ln_3023,0.26269743
mix_SI_UT_5400_992,0.1939191
cauldron_ln_27398,0.3558946
mix_SI_UT_5400_63,0.2328029
mix_SI_UT_5400_94,0.11465052
mix_SI_UT_5400_318,0.2371997
mix_SI_UT_5400_1323,0.24392733
mix_UI_ST_5400_1032,0.2090235
mix_UI_ST_5400_103,0.34646738
cauldron_ln_26420,0.13910411
cauldron_ln_2552,0.24283795
cauldron_ln_5154,0.23853388
cauldron_ln_11406,0.18988134
mix_SI_UT_5400_750,0.24658139
cauldron_ln_2617,0.2695333
cauldron_ln_11091,0.19957227
mix_UI_ST_5400_1316,0.3131086
cauldron_ln_17313,0.24137273
cauldron_ln_19227,0.3541637
mix_UI_ST_5400_797,0.1644757
cauldron_ln_3934,0.27418396
mix_UI_ST_5400_890,0.15771234
cauldron_ln_13483,0.40903234
mix_SI_UT_5400_347,0.26970798
mix_UI_ST_5400_1376,0.31190652
cauldron_ln_27786,0.23643607
mix_SI_UT_5400_1176,0.24011001
mix_SI_UT_5400_709,0.27580985
mix_UI_ST_5400_1305,0.21028993
mix_SI_UT_5400_1196,0.2325094
mix_SI_UT_5400_66,0.21580923
cauldron_ln_2952,0.33782694
mix_SI_UT_5400_820,0.2315952
mix_UI_ST_5400_1215,0.32603157
mix_UI_ST_5400_587,0.25766832
mix_UI_ST_5400_119,0.34916878
cauldron_ln_8595,0.289247
cauldron_ln_21572,0.23081009
mix_SI_UT_5400_506,0.17285073
cauldron_ln_9129,0.23309971
mix_UI_ST_5400_1448,0.24088378
mix_SI_UT_5400_1287,0.29182005
mix_SI_UT_5400_1171,0.2966584
cauldron_ln_10294,0.236144
cauldron_ln_2792,0.17073368
mix_UI_ST_5400_1117,0.27476183
mix_SI_UT_5400_1162,0.2783204
mix_SI_UT_5400_647,0.30969766
cauldron_ln_1737,0.24138364
cauldron_ln_26629,0.27627566
mix_UI_ST_5400_536,0.2553693
cauldron_ln_8951,0.2029058
cauldron_ln_18333,0.2621935
mix_SI_UT_5400_90,0.28167227
mix_SI_UT_5400_398,0.24061702
mix_UI_ST_5400_20,0.22293289
mix_SI_UT_5400_510,0.2467967
cauldron_ln_11316,0.19973308
mix_SI_UT_5400_1034,0.31442192
cauldron_ln_15570,0.21175495
mix_SI_UT_5400_605,0.28159934
mix_UI_ST_5400_400,0.17104006
mix_UI_ST_5400_1313,0.23289366
cauldron_ln_12526,0.15100446
mix_UI_ST_5400_65,0.23516944
cauldron_ln_12524,0.31926525
mix_UI_ST_5400_618,0.26362535
mix_UI_ST_5400_1022,0.2558724
cauldron_ln_11197,0.17074184
mix_UI_ST_5400_935,0.13999797
mix_SI_UT_5400_1060,0.18742366
mix_UI_ST_5400_1499,0.32730198
cauldron_ln_16151,0.16470186
cauldron_ln_28695,0.27487278
mix_SI_UT_5400_1201,0.21497583
mix_SI_UT_5400_677,0.10082314
cauldron_ln_21122,0.24485143
cauldron_ln_17941,0.22537127
mix_UI_ST_5400_109,0.2283262
mix_UI_ST_5400_1369,0.21307838
cauldron_ln_11206,0.27311602
mix_UI_ST_5400_363,0.18641526
cauldron_ln_18889,0.23387578
cauldron_ln_16627,0.18394753
mix_UI_ST_5400_215,0.27235126
mix_SI_UT_5400_787,0.24640761
cauldron_ln_19188,0.23599955
mix_UI_ST_5400_727,0.21345115
mix_SI_UT_5400_1291,0.3248984
cauldron_ln_16876,0.3486075
mix_SI_UT_5400_628,0.25118378
mix_SI_UT_5400_1491,0.13901693
mix_UI_ST_5400_116,0.4531649
mix_SI_UT_5400_165,0.23637208
mix_UI_ST_5400_310,0.2626849
mix_SI_UT_5400_42,0.24133265
cauldron_ln_10702,0.32034937
cauldron_ln_551,0.28057057
mix_SI_UT_5400_1095,0.17913783
mix_UI_ST_5400_1375,0.24048546
mix_SI_UT_5400_227,0.32436857
cauldron_ln_12856,0.22320457
cauldron_ln_16814,0.22730176
mix_SI_UT_5400_1067,0.1726438
mix_SI_UT_5400_761,0.18749732
mix_UI_ST_5400_638,0.2736021
cauldron_ln_8354,0.20475636
mix_SI_UT_5400_870,0.21008162
cauldron_ln_20532,0.35945323
mix_SI_UT_5400_1131,0.25331244
cauldron_ln_16990,0.16639912
mix_UI_ST_5400_453,0.20110013
cauldron_ln_27341,0.31424284
mix_UI_ST_5400_742,0.3152659
cauldron_ln_10102,0.17145506
cauldron_ln_19268,0.26326114
mix_SI_UT_5400_1020,0.1754395
mix_SI_UT_5400_640,0.23727046
cauldron_ln_24030,0.33880565
cauldron_ln_22734,0.18083961
mix_SI_UT_5400_297,0.26520652
cauldron_ln_28191,0.28460136
mix_UI_ST_5400_987,0.15116167
mix_UI_ST_5400_1330,0.13506413
mix_UI_ST_5400_1365,0.22677454
mix_UI_ST_5400_646,0.20078485
mix_UI_ST_5400_1177,0.2678599
mix_SI_UT_5400_466,0.21861452
mix_SI_UT_5400_1030,0.21293113
cauldron_ln_22793,0.21010673
mix_SI_UT_5400_191,0.21587965
cauldron_ln_16120,0.22910978
cauldron_ln_14405,0.20428677
mix_SI_UT_5400_1016,0.19039091
cauldron_ln_2353,0.26550594
cauldron_ln_12156,0.16518025
mix_SI_UT_5400_1165,0.24675271
cauldron_ln_2849,0.26899666
cauldron_ln_21994,0.15313445
mix_UI_ST_5400_518,0.32531053
mix_UI_ST_5400_102,0.23678556
cauldron_ln_6351,0.37665227
mix_UI_ST_5400_1455,0.28241438
cauldron_ln_23178,0.23794149
cauldron_ln_27407,0.12588647
mix_UI_ST_5400_191,0.2210826
mix_SI_UT_5400_1077,0.40252218
mix_SI_UT_5400_1133,0.18450056
cauldron_ln_4938,0.2069968
cauldron_ln_21921,0.2584032
cauldron_ln_13541,0.24298179
mix_SI_UT_5400_1083,0.27377445
mix_SI_UT_5400_982,0.3082212
mix_UI_ST_5400_1274,0.21935387
mix_SI_UT_5400_319,0.2707897
cauldron_ln_14617,0.33490014
cauldron_ln_8799,0.30592808
cauldron_ln_28059,0.2120319
cauldron_ln_4886,0.2440947
cauldron_ln_28020,0.2791563
cauldron_ln_16757,0.2559643
mix_SI_UT_5400_447,0.15188625
cauldron_ln_18251,0.30630332
cauldron_ln_388,0.2504579
mix_UI_ST_5400_765,0.29462954
mix_UI_ST_5400_1459,0.21156278
cauldron_ln_4616,0.2824524
mix_UI_ST_5400_80,0.17116691
cauldron_ln_14057,0.2720042
cauldron_ln_27635,0.17752711
cauldron_ln_5993,0.2336631
mix_UI_ST_5400_1485,0.26017192
cauldron_ln_1085,0.24089219
mix_SI_UT_5400_145,0.29470265
mix_UI_ST_5400_338,0.19110374
mix_SI_UT_5400_1474,0.26055908
cauldron_ln_29757,0.24407327
mix_UI_ST_5400_177,0.15952936
mix_UI_ST_5400_1360,0.2866794
cauldron_ln_6321,0.17402619
mix_SI_UT_5400_170,0.34102327
mix_UI_ST_5400_101,0.2177037
cauldron_ln_13567,0.27250022
mix_UI_ST_5400_64,0.37752512
mix_SI_UT_5400_1031,0.21538296
mix_SI_UT_5400_1394,0.4151017
mix_UI_ST_5400_915,0.24952134
cauldron_ln_22282,0.21516624
mix_SI_UT_5400_985,0.28644627
mix_SI_UT_5400_843,0.284378
mix_UI_ST_5400_164,0.33580747
cauldron_ln_5061,0.23956029
mix_SI_UT_5400_1161,0.2342552
mix_SI_UT_5400_1295,0.36998245
cauldron_ln_17267,0.2906683
mix_UI_ST_5400_1201,0.23723452
mix_UI_ST_5400_1100,0.23790553
cauldron_ln_12219,0.18707693
mix_UI_ST_5400_924,0.22208492
cauldron_ln_22117,0.22310579
mix_SI_UT_5400_1294,0.26138058
cauldron_ln_26785,0.09178438
mix_UI_ST_5400_881,0.2918644
cauldron_ln_13187,0.24502273
mix_UI_ST_5400_258,0.18911302
mix_SI_UT_5400_1149,0.18338227
cauldron_ln_9727,0.31248286
cauldron_ln_13883,0.24963176
cauldron_ln_19802,0.40050521
mix_SI_UT_5400_484,0.3209318
cauldron_ln_9822,0.2513485
mix_UI_ST_5400_613,0.22857307
cauldron_ln_12663,0.16258927
cauldron_ln_21390,0.28532863
cauldron_ln_23171,0.22191364
cauldron_ln_8811,0.28042915
cauldron_ln_22196,0.37780583
mix_UI_ST_5400_416,0.3376255
mix_SI_UT_5400_841,0.21338104
cauldron_ln_1700,0.20561999
cauldron_ln_13873,0.18018441
mix_UI_ST_5400_74,0.20058644
cauldron_ln_14550,0.19908392
mix_UI_ST_5400_32,0.186672
cauldron_ln_3115,0.24303298
cauldron_ln_24374,0.19292185
mix_UI_ST_5400_833,0.19618528
cauldron_ln_13932,0.18879667
cauldron_ln_6254,0.34309736
mix_UI_ST_5400_605,0.22330618
mix_SI_UT_5400_1373,0.24936634
cauldron_ln_10763,0.16378355
mix_SI_UT_5400_850,0.34876347
mix_SI_UT_5400_1228,0.20459157
cauldron_ln_46,0.19934036
cauldron_ln_11565,0.2807451
cauldron_ln_13222,0.23939857
cauldron_ln_6110,0.23779914
cauldron_ln_10651,0.2824988
mix_SI_UT_5400_235,0.18406978
mix_UI_ST_5400_1018,0.28910735
cauldron_ln_17703,0.44569883
mix_SI_UT_5400_312,0.18840502
mix_UI_ST_5400_327,0.24511729
cauldron_ln_29565,0.33518866
mix_SI_UT_5400_954,0.2178947
cauldron_ln_26361,0.2715819
mix_UI_ST_5400_430,0.26033136
cauldron_ln_9214,0.38941404
cauldron_ln_23483,0.27717555
mix_UI_ST_5400_893,0.25369072
cauldron_ln_3213,0.262555
mix_SI_UT_5400_188,0.18375137
mix_UI_ST_5400_900,0.20046994
cauldron_ln_2426,0.27310684
cauldron_ln_4730,0.25075507
cauldron_ln_26556,0.24817744
mix_SI_UT_5400_498,0.19717084
cauldron_ln_13210,0.19069391
cauldron_ln_8709,0.2939158
cauldron_ln_16171,0.33755007
cauldron_ln_19077,0.2306649
mix_UI_ST_5400_809,0.24254794
cauldron_ln_11755,0.21890946
cauldron_ln_1604,0.26291978
mix_SI_UT_5400_986,0.224512
cauldron_ln_10112,0.27757198
cauldron_ln_5193,0.29149452
cauldron_ln_4279,0.34124207
mix_UI_ST_5400_1259,0.18850535
mix_SI_UT_5400_1486,0.29961133
cauldron_ln_16846,0.14460841
mix_UI_ST_5400_1098,0.2906037
cauldron_ln_24733,0.144543
cauldron_ln_201,0.34741423
cauldron_ln_18456,0.3025576
cauldron_ln_17192,0.0881657
cauldron_ln_3742,0.21674412
cauldron_ln_17663,0.16343479
cauldron_ln_29513,0.3007583
cauldron_ln_903,0.32352948
cauldron_ln_5296,0.21926792
mix_SI_UT_5400_582,0.3097036
mix_SI_UT_5400_114,0.30773714
mix_SI_UT_5400_450,0.3004558
cauldron_ln_24575,0.25753236
cauldron_ln_22199,0.28790438
cauldron_ln_2750,0.34998906
cauldron_ln_15721,0.19168565
cauldron_ln_17286,0.1477524
mix_SI_UT_5400_1308,0.19839527
cauldron_ln_4939,0.19468679
cauldron_ln_8584,0.27538988
cauldron_ln_20168,0.4257189
mix_SI_UT_5400_88,0.17345631
mix_UI_ST_5400_673,0.2774798
mix_SI_UT_5400_536,0.22009231
mix_UI_ST_5400_811,0.26555717
mix_SI_UT_5400_989,0.23947991
mix_SI_UT_5400_1213,0.30703193
mix_SI_UT_5400_1439,0.22897512
cauldron_ln_25128,0.2458048
mix_UI_ST_5400_3,0.30969447
mix_SI_UT_5400_1494,0.41189417
mix_SI_UT_5400_471,0.25721717
cauldron_ln_270,0.20114657
mix_UI_ST_5400_429,0.22676106
mix_UI_ST_5400_1379,0.20610547
cauldron_ln_26893,0.21877313
cauldron_ln_26286,0.1889618
cauldron_ln_25156,0.30224943
mix_UI_ST_5400_226,0.2867273
cauldron_ln_5691,0.14127591
mix_SI_UT_5400_7,0.30192357
cauldron_ln_4943,0.16983646
cauldron_ln_22661,0.40874255
cauldron_ln_11972,0.31476983
cauldron_ln_13201,0.45480594
cauldron_ln_10874,0.17279421
cauldron_ln_20523,0.28190327
mix_SI_UT_5400_1183,0.16934252
cauldron_ln_26443,0.29905996
cauldron_ln_29537,0.16748714
cauldron_ln_24190,0.24835987
cauldron_ln_7865,0.368302
mix_UI_ST_5400_722,0.28307343
cauldron_ln_21891,0.28687826
mix_SI_UT_5400_375,0.24431363
mix_SI_UT_5400_1467,0.31186113
cauldron_ln_9287,0.23894319
cauldron_ln_25674,0.20146306
cauldron_ln_529,0.18046911
cauldron_ln_26169,0.21059498
cauldron_ln_27183,0.31745777
mix_UI_ST_5400_1110,0.249389
cauldron_ln_9816,0.28485614
cauldron_ln_8424,0.30299935
cauldron_ln_10420,0.22404216
cauldron_ln_13707,0.14604793
mix_UI_ST_5400_195,0.18084723
mix_UI_ST_5400_1270,0.23700382
mix_SI_UT_5400_1462,0.16740787
mix_SI_UT_5400_863,0.27189934
cauldron_ln_24863,0.40609816
cauldron_ln_20568,0.19415538
cauldron_ln_21554,0.21739168
mix_UI_ST_5400_407,0.19737518
cauldron_ln_6392,0.20108816
cauldron_ln_2802,0.34079984
mix_SI_UT_5400_630,0.31616566
mix_SI_UT_5400_659,0.1435899
cauldron_ln_28231,0.19630638
cauldron_ln_26508,0.19489415
cauldron_ln_6278,0.44480643
mix_SI_UT_5400_1317,0.19530326
mix_SI_UT_5400_1145,0.30747738
cauldron_ln_6555,0.1467969
mix_SI_UT_5400_100,0.21009679
cauldron_ln_5877,0.2878859
cauldron_ln_17291,0.24062403
cauldron_ln_22147,0.18655665
mix_SI_UT_5400_64,0.27602282
mix_SI_UT_5400_1157,0.31000438
mix_SI_UT_5400_786,0.19389611
cauldron_ln_23534,0.27156842
mix_UI_ST_5400_1167,0.26555368
mix_UI_ST_5400_38,0.4641612
mix_UI_ST_5400_768,0.26009586
cauldron_ln_2478,0.13841276
cauldron_ln_29659,0.24566023
cauldron_ln_7994,0.39834777
cauldron_ln_26442,0.20962766
cauldron_ln_22144,0.24063882
cauldron_ln_16059,0.2688917
cauldron_ln_25931,0.18005884
mix_UI_ST_5400_597,0.23826921
mix_UI_ST_5400_440,0.287523
mix_UI_ST_5400_464,0.30452144
cauldron_ln_9243,0.28995
cauldron_ln_237,0.2524974
cauldron_ln_29412,0.31683767
mix_UI_ST_5400_974,0.2535423
mix_UI_ST_5400_1014,0.14593382
cauldron_ln_24161,0.19228141
cauldron_ln_10127,0.0691575
mix_UI_ST_5400_1229,0.2055831
cauldron_ln_1812,0.2681208
mix_SI_UT_5400_544,0.18888566
cauldron_ln_17581,0.27165914
cauldron_ln_5294,0.2602505
cauldron_ln_1885,0.21017705
cauldron_ln_1118,0.21199577
mix_UI_ST_5400_1364,0.23224697
mix_SI_UT_5400_889,0.21273121
mix_UI_ST_5400_863,0.20128119
mix_UI_ST_5400_29,0.25167054
cauldron_ln_27981,0.2634386
cauldron_ln_8018,0.229842
mix_SI_UT_5400_938,0.16710168
cauldron_ln_29407,0.18760967
mix_UI_ST_5400_1405,0.39384496
mix_UI_ST_5400_1175,0.25482816
mix_SI_UT_5400_960,0.2209682
mix_UI_ST_5400_579,0.24683714
cauldron_ln_11900,0.25694042
cauldron_ln_2799,0.20665422
cauldron_ln_10230,0.19732381
cauldron_ln_13334,0.26098213
mix_UI_ST_5400_355,0.18461256
cauldron_ln_15714,0.20686762
cauldron_ln_14457,0.3214142
mix_UI_ST_5400_1410,0.2933506
cauldron_ln_11447,0.26727524
mix_UI_ST_5400_757,0.4748383
cauldron_ln_304,0.24586385
cauldron_ln_11256,0.29311398
mix_UI_ST_5400_1101,0.190886
cauldron_ln_15585,0.26730934
cauldron_ln_29751,0.3937177
cauldron_ln_3304,0.19673651
cauldron_ln_24073,0.21261269
cauldron_ln_3622,0.25194636
cauldron_ln_14132,0.17280461
cauldron_ln_20207,0.268647
cauldron_ln_10890,0.25722396
mix_SI_UT_5400_137,0.34043902
cauldron_ln_28924,0.2731498
mix_UI_ST_5400_829,0.22089182
cauldron_ln_20124,0.16280217
cauldron_ln_14766,0.19394651
cauldron_ln_25892,0.29633114
cauldron_ln_10053,0.30841786
cauldron_ln_13970,0.15036479
mix_UI_ST_5400_1277,0.22899857
mix_UI_ST_5400_643,0.27280456
cauldron_ln_853,0.23225802
mix_SI_UT_5400_1246,0.24642874
mix_SI_UT_5400_745,0.22011453
cauldron_ln_23133,0.15810892
mix_UI_ST_5400_35,0.3477133
cauldron_ln_2988,0.28110322
cauldron_ln_22539,0.10778173
cauldron_ln_4695,0.19794516
mix_UI_ST_5400_316,0.28367957
mix_SI_UT_5400_1082,0.23492545
mix_SI_UT_5400_1393,0.1874952
cauldron_ln_6003,0.2744807
cauldron_ln_19998,0.2287923
cauldron_ln_14071,0.19238837
cauldron_ln_27368,0.20089164
cauldron_ln_23341,0.1987547
cauldron_ln_28823,0.24941027
mix_SI_UT_5400_1351,0.27802092
cauldron_ln_184,0.33589083
cauldron_ln_23698,0.38412368
mix_SI_UT_5400_1049,0.29756936
mix_SI_UT_5400_150,0.24408495
mix_SI_UT_5400_228,0.2277483
cauldron_ln_7985,0.3329595
cauldron_ln_5276,0.36405185
cauldron_ln_9809,0.24501787
mix_UI_ST_5400_830,0.11893184
cauldron_ln_18554,0.35811695
mix_SI_UT_5400_1219,0.2882139
cauldron_ln_13949,0.23349641
cauldron_ln_12345,0.2881369
cauldron_ln_258,0.23584782
mix_SI_UT_5400_1212,0.21611226
cauldron_ln_85,0.25838357
mix_SI_UT_5400_577,0.347698
mix_SI_UT_5400_652,0.15368743
cauldron_ln_28833,0.28087485
cauldron_ln_27481,0.15131924
mix_SI_UT_5400_973,0.14062236
mix_SI_UT_5400_1241,0.1264843
cauldron_ln_15933,0.30257615
mix_UI_ST_5400_69,0.21697491
cauldron_ln_18595,0.178138
mix_UI_ST_5400_1193,0.3009729
cauldron_ln_673,0.28731984
mix_UI_ST_5400_472,0.29759908
cauldron_ln_1036,0.2899912
cauldron_ln_20242,0.27010906
mix_SI_UT_5400_755,0.25610217
mix_UI_ST_5400_1252,0.39098507
cauldron_ln_21271,0.26876047
mix_UI_ST_5400_780,0.24573688
cauldron_ln_8577,0.17742777
cauldron_ln_5176,0.28212354
mix_UI_ST_5400_484,0.17958528
cauldron_ln_3251,0.17611541
cauldron_ln_11850,0.23664548
cauldron_ln_11722,0.22449799
cauldron_ln_17841,0.21664318
cauldron_ln_10141,0.23067015
mix_SI_UT_5400_255,0.2230472
mix_SI_UT_5400_48,0.24702959
mix_UI_ST_5400_723,0.33465332
mix_SI_UT_5400_1333,0.23930813
mix_UI_ST_5400_254,0.38504663
cauldron_ln_8812,0.23198415
mix_SI_UT_5400_1422,0.1578857
mix_SI_UT_5400_83,0.2027147
cauldron_ln_10775,0.18533292
mix_SI_UT_5400_541,0.22839111
mix_UI_ST_5400_730,0.17661184
mix_SI_UT_5400_91,0.19009845
mix_UI_ST_5400_1357,0.28867903
mix_SI_UT_5400_220,0.24103417
mix_UI_ST_5400_1266,0.24257056
cauldron_ln_19902,0.24360822
mix_SI_UT_5400_426,0.2682955
mix_SI_UT_5400_1435,0.23633589
mix_SI_UT_5400_69,0.28419164
mix_UI_ST_5400_659,0.20089701
mix_SI_UT_5400_161,0.2762007
mix_SI_UT_5400_1068,0.18105993
mix_SI_UT_5400_646,0.29143494
mix_UI_ST_5400_283,0.21142225
mix_SI_UT_5400_538,0.20262274
cauldron_ln_17393,0.22044727
