pcmmia_score,pcmmia_mean_delta,pcmmia_max_delta,pcmmia_std_delta,pcmmia_top10_delta,pcmmia_top25_delta,id,label
-1.8268502950668335,0.000778509653173387,0.125,0.04275009408593178,0.0927734375,0.0572916679084301,cauldron_ln_15810,0
-2.1951382160186768,-0.0043792724609375,0.09375,0.04692983999848366,0.0712890625,0.04900568351149559,cauldron_ln_24846,0
-1.0878312587738037,0.00693435687571764,0.0703125,0.03256863355636597,0.0654296875,0.046875,mix_SI_UT_0_19,0
-0.9057104587554932,0.00313149718567729,0.134765625,0.042981620877981186,0.0950520858168602,0.05813802406191826,mix_SI_UT_0_896,0
-1.099717617034912,0.012660435400903225,0.140625,0.04280450940132141,0.11328125,0.076171875,cauldron_ln_138,1
-1.2426177263259888,0.0069641112349927425,0.1015625,0.03769902139902115,0.07421875,0.05126953125,mix_UI_ST_0_1010,0
-2.444833278656006,-0.02008056640625,0.09375,0.05155058577656746,0.05029296875,0.033602628856897354,mix_SI_UT_0_1158,0
-1.7105568647384644,-0.0031284065917134285,0.078125,0.038976822048425674,0.072265625,0.047607421875,cauldron_ln_24133,0
-1.0094153881072998,0.0022104301024228334,0.1875,0.03682216629385948,0.08203125,0.0447591170668602,cauldron_ln_1894,1
-1.361956000328064,-0.0010098129278048873,0.125,0.03398662060499191,0.0677083358168602,0.0388946533203125,cauldron_ln_19272,1
-1.6157217025756836,-0.0024922690354287624,0.046875,0.022522004321217537,0.0390625,0.0274658203125,cauldron_ln_26954,1
-1.927493929862976,0.0062459311448037624,0.1875,0.05967346578836441,0.1302083432674408,0.0835503488779068,mix_UI_ST_0_198,0
-1.4493725299835205,-0.007143293507397175,0.078125,0.03897601366043091,0.072265625,0.041015625,cauldron_ln_3888,1
-1.9835611581802368,0.0023012515157461166,0.04296875,0.025534918531775475,0.041015625,0.033203125,mix_UI_ST_0_1434,0
-1.0476024150848389,0.006131194531917572,0.125,0.03985046595335007,0.09130859375,0.05683593824505806,cauldron_ln_12730,0
-1.6052203178405762,-0.005704838782548904,0.078125,0.03906731680035591,0.05615234375,0.03568892180919647,cauldron_ln_12798,1
-0.9222440123558044,-0.003908354789018631,0.09375,0.040912993252277374,0.0771484375,0.0306222103536129,cauldron_ln_9231,0
-1.4941396713256836,0.0017179894493892789,0.09375,0.0294125247746706,0.0582682304084301,0.0379638709127903,cauldron_ln_17708,1
-1.7458974123001099,0.008012695237994194,0.09375,0.0353509820997715,0.0712890625,0.0475260429084301,cauldron_ln_21752,0
-1.7650940418243408,-0.00497768260538578,0.0859375,0.04146188870072365,0.06298828125,0.039151281118392944,mix_UI_ST_0_591,0
-1.3832752704620361,-0.007676344830542803,0.0703125,0.04073629528284073,0.05703125149011612,0.0380859375,mix_UI_ST_0_1048,0
-2.313021183013916,0.0018596649169921875,0.0625,0.02373851090669632,0.0625,0.0322265625,cauldron_ln_18098,1
-1.8601020574569702,-0.0060442243702709675,0.0625,0.024398840963840485,0.044921875,0.0272216796875,mix_UI_ST_0_1353,0
-0.8399319648742676,-0.0044304984621703625,0.0498046875,0.021644352003932,0.03369140625,0.0163399837911129,cauldron_ln_9146,0
-1.305065393447876,0.006698885466903448,0.09375,0.030218856409192085,0.07539062947034836,0.04927884787321091,mix_UI_ST_0_432,0
-1.7324538230895996,0.003759765764698386,0.140625,0.0421648845076561,0.103515625,0.05429687723517418,mix_UI_ST_0_481,0
-1.0362457036972046,-0.00572668993845582,0.078125,0.029637498781085014,0.0546875,0.0302734375,cauldron_ln_8891,0
-1.741624116897583,0.002780490554869175,0.0859375,0.03153662756085396,0.08203125,0.0455729179084301,cauldron_ln_17358,0
-1.369134545326233,0.010832609608769417,0.125,0.03134949877858162,0.08749999850988388,0.052659258246421814,cauldron_ln_11897,1
-0.6112433671951294,-0.0043372176587581635,0.09375,0.032718461006879807,0.044677734375,0.02218017540872097,mix_UI_ST_0_381,0
-1.9102188348770142,-0.00584550341591239,0.1015625,0.04359624907374382,0.07421875,0.04563210532069206,mix_SI_UT_0_413,0
-1.4368562698364258,-0.008518218994140625,0.044921875,0.0357900895178318,0.0436197929084301,0.02374267578125,cauldron_ln_18435,0
-1.9268457889556885,0.00395856611430645,0.125,0.04755184054374695,0.09765625,0.06484375149011612,cauldron_ln_13670,1
-2.0537705421447754,0.0069335936568677425,0.125,0.047971148043870926,0.1025390625,0.06699218600988388,cauldron_ln_8661,1
-1.7447941303253174,0.008546375669538975,0.15625,0.04265127331018448,0.1087239608168602,0.06490885466337204,mix_UI_ST_0_491,0
-1.964452862739563,0.006798377260565758,0.0703125,0.03039843775331974,0.0638020858168602,0.046875,cauldron_ln_20977,0
-1.5637397766113281,-0.00462239608168602,0.078125,0.032676681876182556,0.0501302108168602,0.03055245615541935,mix_UI_ST_0_1466,0
-1.178662657737732,-0.00242571160197258,0.0546875,0.03423720970749855,0.0514322929084301,0.03814697265625,mix_UI_ST_0_1426,0
-1.6883962154388428,0.004221269860863686,0.125,0.03569675236940384,0.0885416716337204,0.0512695349752903,cauldron_ln_8220,0
-1.5849016904830933,0.011239859275519848,0.1171875,0.040762461721897125,0.109375,0.0690104216337204,cauldron_ln_24661,0
-0.9149336814880371,-0.0008634679252281785,0.0244140625,0.017621872946619987,0.0244140625,0.0205078125,cauldron_ln_24149,1
-0.8384360671043396,-0.0011043294798582792,0.1171875,0.029015956446528435,0.0598493330180645,0.0320909284055233,cauldron_ln_9097,0
-1.585134506225586,-0.004627046175301075,0.0576171875,0.0420774407684803,0.05615234375,0.03964843973517418,mix_SI_UT_0_526,0
-0.8523699641227722,-0.00022281114070210606,0.09375,0.029822219163179398,0.0588107630610466,0.0328369140625,cauldron_ln_13552,1
-1.8364934921264648,0.005295087583363056,0.109375,0.03825006261467934,0.078125,0.05243389680981636,mix_UI_ST_0_662,0
-3.381161689758301,-0.0046164775267243385,0.07421875,0.047136902809143066,0.07421875,0.068359375,mix_SI_UT_0_437,0
-1.7759277820587158,0.0035676956176757812,0.1953125,0.04314661771059036,0.0924479216337204,0.05084228515625,mix_SI_UT_0_106,0
-1.3155978918075562,0.0010488758562132716,0.0859375,0.029802730306982994,0.05859375,0.03959517180919647,cauldron_ln_21892,1
-1.4914443492889404,0.008013044483959675,0.1796875,0.04927949234843254,0.1328125,0.076904296875,mix_SI_UT_0_1078,0
-1.1906194686889648,-0.008113861083984375,0.0546875,0.030134813860058784,0.0418294295668602,0.023223876953125,cauldron_ln_21456,1
-2.080831289291382,0.007045201025903225,0.140625,0.04560050368309021,0.1328125,0.0632673054933548,mix_SI_UT_0_30,0
-2.040290355682373,-0.00341796875,0.125,0.044888608157634735,0.08203125,0.0489908866584301,mix_UI_ST_0_1483,0
-1.6455607414245605,0.016427848488092422,0.1171875,0.0395926870405674,0.109375,0.0755208358168602,cauldron_ln_25436,0
-0.983700156211853,-0.0007069905987009406,0.0625,0.02571815997362137,0.0595703125,0.0286865234375,mix_UI_ST_0_1140,0
-1.879398226737976,-0.014955873601138592,0.0859375,0.0472664050757885,0.072265625,0.0374348983168602,cauldron_ln_27613,1
-1.4640289545059204,0.004367657471448183,0.125,0.039559099823236465,0.0888671875,0.05499267578125,cauldron_ln_2856,0
-1.277529001235962,-0.003632240928709507,0.09375,0.03180713579058647,0.056640625,0.03466796875,cauldron_ln_15012,0
-1.8805136680603027,-0.0022623699624091387,0.11328125,0.038751427084207535,0.08154296875,0.046830613166093826,cauldron_ln_20897,1
-2.0392026901245117,0.002253941260278225,0.1015625,0.038476523011922836,0.08203125,0.05019531399011612,mix_UI_ST_0_629,0
-1.8360488414764404,-0.00904017873108387,0.0625,0.049742188304662704,0.0572916679084301,0.047607421875,cauldron_ln_28266,1
-0.7563734650611877,-0.00193023681640625,0.125,0.03762558847665787,0.08984375,0.038330078125,cauldron_ln_1401,1
-1.198325753211975,-0.0069306474179029465,0.046875,0.02463136985898018,0.03564453125,0.01869419775903225,mix_UI_ST_0_1073,0
-1.7682201862335205,0.012189816683530807,0.21875,0.05654648691415787,0.1536458432674408,0.090711809694767,mix_UI_ST_0_735,0
-1.298957347869873,0.0076928711496293545,0.16015625,0.051600392907857895,0.150390625,0.073974609375,mix_UI_ST_0_1045,0
-1.153023362159729,-0.012742565013468266,0.078125,0.04103017598390579,0.0572916679084301,0.0323311947286129,mix_SI_UT_0_397,0
-1.4941271543502808,-0.007023738231509924,0.15625,0.04690750688314438,0.0859375,0.0375162772834301,cauldron_ln_23869,0
-1.9178962707519531,0.002118197502568364,0.171875,0.04533188417553902,0.099609375,0.05730646476149559,cauldron_ln_17547,1
-1.048022747039795,-0.00240342877805233,0.05078125,0.027419347316026688,0.03515625,0.026012074202299118,cauldron_ln_22350,1
-1.3348158597946167,0.002966048661619425,0.078125,0.04752087593078613,0.07421875,0.05539773032069206,cauldron_ln_23975,0
-1.751888632774353,-0.0001010894775390625,0.09375,0.039124324917793274,0.07177734375,0.04541015625,mix_UI_ST_0_278,0
-2.565166473388672,0.0040619950741529465,0.1875,0.0649462640285492,0.150390625,0.0876116082072258,mix_SI_UT_0_67,0
-1.2669925689697266,0.0023396811448037624,0.1484375,0.042245861142873764,0.107421875,0.0524088554084301,cauldron_ln_0,1
-1.1940521001815796,0.009303283877670765,0.08203125,0.03406735882163048,0.080078125,0.060546875,cauldron_ln_12727,0
-1.4398014545440674,0.009602422825992107,0.125,0.04542620852589607,0.11328125,0.07412997633218765,mix_UI_ST_0_1035,0
-1.3362538814544678,0.002721449825912714,0.09375,0.03497937321662903,0.078125,0.048095703125,cauldron_ln_19718,1
-0.8981049656867981,0.0020395133178681135,0.109375,0.033591751009225845,0.072265625,0.044219970703125,mix_UI_ST_0_95,0
-2.2312374114990234,-0.0068670096807181835,0.0859375,0.03761069104075432,0.05781250074505806,0.03448016941547394,mix_UI_ST_0_1026,0
-1.1974568367004395,0.0057540894486010075,0.15625,0.03553858771920204,0.0904947966337204,0.04986979439854622,mix_SI_UT_0_300,0
-1.4661847352981567,-0.011401367373764515,0.046875,0.029760299250483513,0.0400390625,0.02353515662252903,cauldron_ln_13450,0
-1.4053220748901367,-0.0026264190673828125,0.109375,0.0408485047519207,0.0696614608168602,0.0455322265625,mix_UI_ST_0_1169,0
-1.6888248920440674,0.005637721158564091,0.109375,0.03348110616207123,0.0911458358168602,0.05078125,mix_SI_UT_0_635,0
-2.5013558864593506,0.0010914521990343928,0.1015625,0.033063363283872604,0.078125,0.0458984375,mix_SI_UT_0_478,0
-1.1438993215560913,0.001122007961384952,0.1015625,0.03786328062415123,0.08203125,0.04661421477794647,cauldron_ln_19848,1
-1.0718554258346558,0.0009502064203843474,0.07421875,0.026981497183442116,0.05126953125,0.037109375,cauldron_ln_27379,0
-0.690453827381134,-0.0031904741190373898,0.109375,0.039208512753248215,0.0631510466337204,0.034271240234375,cauldron_ln_6931,0
-1.3592181205749512,0.01860555075109005,0.140625,0.04536144807934761,0.125,0.08515625447034836,mix_UI_ST_0_726,0
-1.427710771560669,0.0008264760253950953,0.125,0.0462462417781353,0.0930989608168602,0.05963541939854622,mix_UI_ST_0_676,0
-1.1609563827514648,0.0007453687721863389,0.125,0.044781871140003204,0.0979817733168602,0.0615234375,cauldron_ln_7542,0
-1.9431588649749756,-0.004885073285549879,0.0546875,0.03164982050657272,0.04296875,0.03011067770421505,cauldron_ln_756,0
-0.9749246835708618,0.008095535449683666,0.15625,0.03539213910698891,0.08125000447034836,0.05029296875,cauldron_ln_2094,0
-1.8285614252090454,-0.011530336923897266,0.033203125,0.03638694807887077,0.0322265625,0.02890625037252903,cauldron_ln_12662,1
-2.006239891052246,-0.00764974020421505,0.078125,0.03583977743983269,0.0452473983168602,0.02880859561264515,cauldron_ln_8156,1
-1.1668634414672852,0.0010699103586375713,0.046875,0.023530717939138412,0.0413411483168602,0.03076171875,mix_SI_UT_0_208,0
-1.7619519233703613,0.004956794437021017,0.0703125,0.04009784385561943,0.0598958358168602,0.04833984375,cauldron_ln_27074,0
-2.8411898612976074,-0.0074310302734375,0.0703125,0.03453176096081734,0.0533854179084301,0.035400390625,cauldron_ln_2051,1
-1.2995250225067139,0.001179597806185484,0.095703125,0.03891377151012421,0.08056640625,0.0497233085334301,cauldron_ln_9253,1
-2.468997001647949,0.0020616319961845875,0.10546875,0.035068199038505554,0.10546875,0.0439453125,mix_UI_ST_0_46,0
-1.7546958923339844,0.012064616195857525,0.109375,0.0383429117500782,0.08984375,0.0651041641831398,cauldron_ln_12785,1
-1.244170904159546,-7.988425204530358e-05,0.1328125,0.03998933359980583,0.078125,0.04572610184550285,mix_SI_UT_0_1336,0
-1.1363612413406372,0.0013111255830153823,0.1875,0.04674664884805679,0.126953125,0.0555419921875,cauldron_ln_6689,1
-1.0655138492584229,0.00305938720703125,0.09375,0.040796272456645966,0.076171875,0.046142578125,cauldron_ln_2011,0
-1.4603314399719238,0.0026057318318635225,0.0859375,0.05072922632098198,0.07187499850988388,0.05889423191547394,cauldron_ln_21059,0
-1.9943690299987793,3.255208503105678e-05,0.0625,0.0333249568939209,0.05859375,0.0443638414144516,mix_SI_UT_0_832,0
-1.5894461870193481,0.01112483162432909,0.109375,0.04238532856106758,0.07656250149011612,0.061298079788684845,cauldron_ln_8653,1
-1.4092044830322266,-0.0012644892558455467,0.1328125,0.031558725982904434,0.06103515625,0.032692648470401764,cauldron_ln_23035,0
-2.304546594619751,0.003447312628850341,0.109375,0.04578785225749016,0.08828125149011612,0.06189903989434242,cauldron_ln_26868,1
-1.220432996749878,-0.0013955606846138835,0.09375,0.0377238392829895,0.0807291716337204,0.0441623255610466,mix_UI_ST_0_1243,0
-1.2164243459701538,0.004947917070239782,0.0625,0.030836844816803932,0.0625,0.046875,mix_UI_ST_0_76,0
-0.9685383439064026,0.006389073096215725,0.095703125,0.04353703185915947,0.0947265625,0.0666852742433548,mix_SI_UT_0_269,0
-1.3816075325012207,-0.0049579329788684845,0.064453125,0.03630278632044792,0.064453125,0.0345052108168602,cauldron_ln_1684,1
-1.3702011108398438,-0.0008264490170404315,0.12109375,0.04378453269600868,0.0950520858168602,0.0547960065305233,mix_SI_UT_0_1040,0
-1.4411425590515137,-0.005500206723809242,0.0859375,0.03413470461964607,0.05390625074505806,0.028602013364434242,mix_UI_ST_0_1211,0
-1.1689387559890747,-0.007154060527682304,0.125,0.047045525163412094,0.076171875,0.0353546142578125,cauldron_ln_20773,1
-1.7660380601882935,0.0015186982927843928,0.0703125,0.04336736723780632,0.0703125,0.05419921875,cauldron_ln_26527,1
-1.4582369327545166,-0.00038614077493548393,0.078125,0.03201177343726158,0.072265625,0.0374348983168602,cauldron_ln_22083,0
-2.339472770690918,-0.003847656073048711,0.0625,0.0414511039853096,0.05937499925494194,0.0411783866584301,cauldron_ln_27212,1
-1.4519588947296143,0.00250244140625,0.078125,0.04140868037939072,0.0703125,0.05322265625,cauldron_ln_245,0
-1.4728515148162842,0.0024226263631135225,0.107421875,0.03894158452749252,0.07773437350988388,0.051044173538684845,mix_SI_UT_0_486,0
-1.3308846950531006,0.0041137696243822575,0.11328125,0.04923784360289574,0.09296875447034836,0.06580529361963272,cauldron_ln_4805,1
-1.5137157440185547,-0.0049804686568677425,0.046875,0.03329702094197273,0.041259765625,0.03134765848517418,cauldron_ln_15606,1
-1.5497441291809082,-0.0035256780683994293,0.14453125,0.041641633957624435,0.08281250298023224,0.0457356795668602,cauldron_ln_10755,0
-1.0929614305496216,0.011600070632994175,0.08984375,0.03002021461725235,0.08203125,0.0553385429084301,mix_SI_UT_0_400,0
-1.6827738285064697,-0.0058371806517243385,0.09375,0.03895670175552368,0.0625,0.04042968899011612,mix_UI_ST_0_347,0
-1.9366745948791504,-0.00516510009765625,0.0205078125,0.01915416121482849,0.0205078125,0.012939453125,mix_UI_ST_0_807,0
-0.9909360408782959,-0.007080078125,0.078125,0.03222467377781868,0.05859375,0.0274522565305233,cauldron_ln_9176,0
-1.2756803035736084,0.0014085036236792803,0.1015625,0.03348434716463089,0.06484375149011612,0.04022686555981636,mix_UI_ST_0_1264,0
-1.249313235282898,-0.004044596571475267,0.0546875,0.02908732183277607,0.0416666679084301,0.0280412957072258,mix_SI_UT_0_515,0
-1.420546054840088,-0.004221790470182896,0.0859375,0.03778800368309021,0.0625,0.036696214228868484,cauldron_ln_4055,0
-1.6584906578063965,-0.0002193450927734375,0.09375,0.0356779620051384,0.0638020858168602,0.0439453125,mix_SI_UT_0_588,0
-1.6920223236083984,0.007241143379360437,0.0859375,0.03352309390902519,0.0598958358168602,0.044921875,cauldron_ln_29169,0
-1.766985297203064,0.0007695737294852734,0.0546875,0.026821451261639595,0.05078125,0.036221593618392944,cauldron_ln_18995,0
-1.1210174560546875,-0.00258636474609375,0.099609375,0.03639025613665581,0.05849609524011612,0.034785155206918716,mix_UI_ST_0_317,0
-0.7961342334747314,0.0020640981383621693,0.0625,0.025234846398234367,0.0546875,0.033203125,mix_UI_ST_0_299,0
-1.185727834701538,0.0053076171316206455,0.390625,0.06231803819537163,0.11757812649011612,0.0615030936896801,mix_UI_ST_0_1017,0
-2.0070912837982178,-0.005519322119653225,0.0625,0.03545010834932327,0.056640625,0.0340401791036129,cauldron_ln_21287,1
-1.6679449081420898,0.0010782877216115594,0.1015625,0.03565489500761032,0.08203125,0.0469156913459301,cauldron_ln_26903,1
-1.9021127223968506,0.00457763671875,0.078125,0.03653617575764656,0.06640625,0.05058593675494194,cauldron_ln_20094,0
-1.5782032012939453,-0.00429747998714447,0.1171875,0.03779896721243858,0.06125710532069206,0.0387912318110466,cauldron_ln_8036,1
-1.6126593351364136,4.494406675803475e-05,0.095703125,0.038534872233867645,0.07578124850988388,0.050030048936605453,cauldron_ln_13394,1
-1.9973176717758179,-0.0064453124068677425,0.109375,0.04257263243198395,0.078125,0.046875,mix_SI_UT_0_533,0
-2.114199638366699,0.0024853514041751623,0.140625,0.04649609327316284,0.09687500447034836,0.06201171875,cauldron_ln_29758,0
-2.4626259803771973,0.01041395403444767,0.1640625,0.04211198911070824,0.087890625,0.06498579680919647,mix_SI_UT_0_1140,0
-2.658294439315796,-0.002315398072823882,0.0859375,0.03175554797053337,0.0651041716337204,0.0401785746216774,mix_SI_UT_0_58,0
-1.9034241437911987,-0.012604542076587677,0.125,0.045939989387989044,0.0735677108168602,0.0394965298473835,mix_SI_UT_0_880,0
-1.42615807056427,0.0038396662566810846,0.0625,0.029060635715723038,0.0546875,0.0443115234375,mix_SI_UT_0_166,0
-0.9889150857925415,-0.0009130529942922294,0.140625,0.03787767514586449,0.0814732164144516,0.043701171875,cauldron_ln_14022,1
-1.672519564628601,0.019073486328125,0.09765625,0.033809129148721695,0.09765625,0.0673828125,mix_SI_UT_0_315,0
-1.1675482988357544,0.003459506668150425,0.09375,0.03418510779738426,0.078125,0.0505642369389534,cauldron_ln_18814,1
-1.4906387329101562,0.0039756628684699535,0.11328125,0.03675081208348274,0.08828125149011612,0.054931640625,mix_SI_UT_0_1397,0
-1.65274977684021,0.009465997107326984,0.125,0.03779054805636406,0.10312499850988388,0.0625,mix_SI_UT_0_528,0
-1.529404640197754,0.0018019903218373656,0.078125,0.035857971757650375,0.06982421875,0.05000000074505806,cauldron_ln_20967,1
-1.599748134613037,0.0001583614939590916,0.09375,0.030999569222331047,0.0729166716337204,0.0355902798473835,mix_SI_UT_0_146,0
-1.9199022054672241,0.007114955689758062,0.08203125,0.038377292454242706,0.0751953125,0.0516183041036129,cauldron_ln_3028,0
-1.3222863674163818,-0.0024210612755268812,0.07421875,0.03128364309668541,0.072265625,0.02913411520421505,mix_UI_ST_0_966,0
-2.292165517807007,0.0038556780200451612,0.09375,0.03740764036774635,0.070870541036129,0.0546875,mix_SI_UT_0_403,0
-1.6993238925933838,-0.0015780540416017175,0.09375,0.04601845517754555,0.0706380233168602,0.05117187649011612,mix_UI_ST_0_844,0
-1.5525872707366943,-0.0020766486413776875,0.09375,0.03929547592997551,0.064453125,0.04218750074505806,cauldron_ln_24603,0
-1.7382787466049194,0.0132268276065588,0.1171875,0.04299680516123772,0.107421875,0.07275390625,mix_SI_UT_0_955,0
-1.5769824981689453,0.00417162012308836,0.0703125,0.0236351378262043,0.0625,0.03720703348517418,cauldron_ln_12740,0
-1.6929426193237305,-0.0037119011394679546,0.09375,0.03598003089427948,0.07968749850988388,0.0387660451233387,cauldron_ln_21533,1
-1.8650562763214111,-0.01226043701171875,0.046875,0.03466186672449112,0.046875,0.021240234375,cauldron_ln_27598,1
-1.80989408493042,0.0025177001953125,0.09375,0.034103695303201675,0.07421875,0.04638671875,cauldron_ln_25976,0
-2.0650861263275146,0.007802926003932953,0.171875,0.04989849776029587,0.11093749850988388,0.0694173201918602,mix_UI_ST_0_487,0
-1.438989520072937,0.005906325299292803,0.1328125,0.031852710992097855,0.08984375,0.0459391288459301,cauldron_ln_1878,1
-1.5988268852233887,0.009052174165844917,0.140625,0.04633729159832001,0.1197916716337204,0.0725911483168602,cauldron_ln_7557,1
-3.0256149768829346,-0.0015843709697946906,0.125,0.04587129130959511,0.0732421875,0.0465087890625,cauldron_ln_2930,0
-1.1005111932754517,-0.00020175510144326836,0.046875,0.020576657727360725,0.046875,0.022216796875,cauldron_ln_12190,0
-2.097489595413208,0.0046049971133470535,0.15625,0.052140120416879654,0.1328125,0.070870541036129,mix_UI_ST_0_822,0
-2.406367301940918,0.0051840078085660934,0.109375,0.04864918440580368,0.091796875,0.06427557021379471,cauldron_ln_14242,0
-1.4855369329452515,-0.004746210295706987,0.109375,0.03913424536585808,0.0703125,0.0395507849752903,cauldron_ln_3061,0
-1.0425971746444702,0.006168581545352936,0.09375,0.024202989414334297,0.05000000074505806,0.03628305345773697,cauldron_ln_63,1
-1.0956000089645386,0.004780162591487169,0.05859375,0.019231507554650307,0.044921875,0.03164062649011612,cauldron_ln_17050,0
-1.3574345111846924,-0.0032261440064758062,0.0703125,0.03954356908798218,0.0667317733168602,0.0440673828125,cauldron_ln_10837,1
-1.6051428318023682,0.004067382775247097,0.076171875,0.030323699116706848,0.0654296875,0.0426432304084301,cauldron_ln_13268,0
-1.4396188259124756,0.004908244125545025,0.13671875,0.035547591745853424,0.083984375,0.0375162772834301,mix_SI_UT_0_1154,0
-1.5734264850616455,0.009334241040050983,0.15625,0.03777005895972252,0.10312499850988388,0.0624302476644516,cauldron_ln_18579,1
-1.7186716794967651,-0.004975509829819202,0.072265625,0.037170760333538055,0.0509033203125,0.03541259840130806,cauldron_ln_27250,0
-2.212515354156494,-0.006037785671651363,0.0859375,0.04036521539092064,0.06640625,0.0410970076918602,mix_SI_UT_0_1352,0
-1.020888328552246,0.0044457572512328625,0.2265625,0.04851596802473068,0.11406250298023224,0.0583147332072258,cauldron_ln_4636,1
-1.9508447647094727,0.018936721608042717,0.125,0.04447031021118164,0.1171875,0.0865885466337204,cauldron_ln_9577,0
-2.007441997528076,-0.011610821820795536,0.076171875,0.04402461647987366,0.05615234375,0.033935546875,cauldron_ln_26998,0
-1.7929000854492188,0.0020632860250771046,0.0859375,0.03358180448412895,0.05712890625,0.03847656399011612,mix_SI_UT_0_61,0
-1.2997251749038696,-0.0018888774793595076,0.0625,0.03286414593458176,0.05859375,0.041015625,cauldron_ln_5830,1
-1.213309645652771,0.009105389006435871,0.0625,0.024083854630589485,0.05703125149011612,0.04462139680981636,mix_SI_UT_0_362,0
-1.244511604309082,0.00501098670065403,0.052734375,0.025655092671513557,0.052734375,0.0390625,cauldron_ln_4631,0
-0.9942030310630798,0.0028432211838662624,0.046875,0.016693804413080215,0.041015625,0.0240885429084301,mix_SI_UT_0_1003,0
-1.3619483709335327,-0.0025499132461845875,0.0390625,0.023965056985616684,0.0390625,0.0289306640625,cauldron_ln_15616,1
-1.5972063541412354,0.01198323629796505,0.15625,0.04477047175168991,0.1171875,0.0709635466337204,cauldron_ln_5696,0
-1.077341914176941,-0.006924278102815151,0.0546875,0.030086858198046684,0.0423177108168602,0.0282118059694767,mix_SI_UT_0_1039,0
-1.3288313150405884,0.00176471215672791,0.06640625,0.026011254638433456,0.05224609375,0.03138316795229912,mix_SI_UT_0_1073,0
-1.1524419784545898,0.0012105306377634406,0.0625,0.02285069413483143,0.0518973246216774,0.0325792096555233,cauldron_ln_5183,0
-1.8936725854873657,-0.01874186284840107,0.0302734375,0.0313563197851181,0.0302734375,0.01338704489171505,cauldron_ln_12822,0
-1.5702396631240845,0.006027747876942158,0.0859375,0.025275427848100662,0.068359375,0.0411551371216774,cauldron_ln_21008,1
-1.244584560394287,0.0030425102449953556,0.046875,0.02087193913757801,0.04296875,0.0325927734375,cauldron_ln_28741,0
-1.222870111465454,0.0089111328125,0.1328125,0.0363178588449955,0.11328125,0.05781250074505806,cauldron_ln_26519,1
-1.5603877305984497,0.0008138021221384406,0.03125,0.014078943990170956,0.03125,0.0224609375,cauldron_ln_15023,0
-2.182194709777832,0.006218405440449715,0.15625,0.042862337082624435,0.15625,0.0517578125,cauldron_ln_26671,0
-1.0167341232299805,0.0002695719595067203,0.09375,0.03708723187446594,0.072265625,0.0431315116584301,cauldron_ln_24657,0
-1.7837374210357666,-0.01248604990541935,0.1484375,0.0572642907500267,0.1484375,0.0540364608168602,mix_UI_ST_0_417,0
-1.8124167919158936,-0.005421031732112169,0.171875,0.043891679495573044,0.0753348246216774,0.04284025356173515,cauldron_ln_26855,0
-1.0041762590408325,0.0027966622728854418,0.09765625,0.030479146167635918,0.07421875,0.0438910610973835,cauldron_ln_11590,0
-1.2845147848129272,-0.0018066406482830644,0.1015625,0.029192287474870682,0.0498046875,0.0321800597012043,cauldron_ln_2728,0
-1.5880866050720215,0.000554265221580863,0.171875,0.03896496072411537,0.0989583358168602,0.0485026054084301,cauldron_ln_12921,0
-1.0905312299728394,3.3861968404380605e-05,0.125,0.03629373386502266,0.0714285746216774,0.0409884974360466,cauldron_ln_11204,0
-1.7922731637954712,0.010743112303316593,0.09375,0.03972436115145683,0.0823567733168602,0.065185546875,mix_UI_ST_0_710,0
-1.3759236335754395,-0.009091331623494625,0.125,0.04349885508418083,0.061279296875,0.03549804911017418,cauldron_ln_10197,0
-1.5014843940734863,0.0007204542052932084,0.078125,0.03111415170133114,0.06171875074505806,0.042724609375,mix_UI_ST_0_590,0
-1.449709415435791,-0.003654216881841421,0.234375,0.045319534838199615,0.09218750149011612,0.0416085384786129,mix_SI_UT_0_410,0
-2.368572235107422,0.004106123466044664,0.16796875,0.04138398915529251,0.0872395858168602,0.06059126555919647,cauldron_ln_2741,0
-1.1486036777496338,0.0032958986703306437,0.10546875,0.03517262637615204,0.10546875,0.0439453125,cauldron_ln_27589,0
-1.2713245153427124,0.001110076904296875,0.109375,0.02955540083348751,0.06884765625,0.0340576171875,mix_UI_ST_0_1268,0
-1.5878698825836182,0.0002638873120304197,0.203125,0.04413505271077156,0.08671875298023224,0.0499674491584301,mix_UI_ST_0_685,0
-1.6080548763275146,-9.918212890625e-05,0.125,0.040158260613679886,0.0833333358168602,0.0528564453125,cauldron_ln_7200,0
-1.4874250888824463,-0.006261754781007767,0.0859375,0.04373234137892723,0.07421875,0.04296875,mix_UI_ST_0_827,0
-1.2015950679779053,0.004156963434070349,0.13671875,0.03512485325336456,0.0807291716337204,0.0458984375,mix_SI_UT_0_5,0
-1.849194884300232,0.0024348667357116938,0.109375,0.041024722158908844,0.08984375,0.05292968824505806,cauldron_ln_24139,1
-1.3477154970169067,0.0035200119018554688,0.1484375,0.04297277703881264,0.095703125,0.05670166015625,mix_SI_UT_0_633,0
-1.3538661003112793,-0.0038731165695935488,0.0625,0.027650805190205574,0.05078125,0.03369140625,cauldron_ln_128,1
-1.5004534721374512,0.0013671874767169356,0.109375,0.050981469452381134,0.08984375,0.0592041015625,mix_UI_ST_0_728,0
-1.4349735975265503,-0.0035899770446121693,0.1171875,0.0385754257440567,0.0696614608168602,0.04150390625,mix_UI_ST_0_437,0
-1.3007299900054932,0.0014284574426710606,0.078125,0.027558449655771255,0.0595703125,0.0393880233168602,mix_SI_UT_0_885,0
-0.9601635336875916,-0.0024829620961099863,0.0703125,0.033294398337602615,0.06396484375,0.03728693351149559,cauldron_ln_5803,1
-2.0217247009277344,0.006412506103515625,0.125,0.06644444167613983,0.1064453125,0.07578124850988388,mix_SI_UT_0_301,0
-1.8435449600219727,-0.01581319235265255,0.16796875,0.045968350023031235,0.0634765625,0.0243937186896801,cauldron_ln_25586,1
-1.8019683361053467,-0.01500056404620409,0.046875,0.03590013459324837,0.0390625,0.02392578125,mix_UI_ST_0_83,0
-1.5160224437713623,-0.006170099601149559,0.0703125,0.03958127647638321,0.060546875,0.042258523404598236,cauldron_ln_9761,0
-1.4267148971557617,0.00012623181100934744,0.1015625,0.038199711591005325,0.0830078125,0.049272019416093826,cauldron_ln_8472,1
-2.563741445541382,0.00206705741584301,0.375,0.055093493312597275,0.1087239608168602,0.05859375,mix_SI_UT_0_101,0
-1.9959715604782104,0.004020444583147764,0.1796875,0.04415382072329521,0.0973307341337204,0.05813802406191826,cauldron_ln_8263,0
-1.0010687112808228,0.006879440974444151,0.1484375,0.03237667307257652,0.0802951380610466,0.04569675773382187,mix_UI_ST_0_709,0
-1.7382389307022095,-0.00018554687267169356,0.109375,0.03649495914578438,0.076171875,0.0426432304084301,mix_SI_UT_0_570,0
-1.6141475439071655,0.0059344954788684845,0.09375,0.04606860876083374,0.09375,0.0631510466337204,cauldron_ln_18505,1
-2.616182804107666,0.008270263671875,0.28125,0.10118360817432404,0.28125,0.126953125,cauldron_ln_8333,1
-1.6812691688537598,-0.001381321926601231,0.140625,0.0400637611746788,0.09375,0.0466579869389534,mix_UI_ST_0_985,0
-1.6174826622009277,-9.005186439026147e-05,0.1171875,0.03802116960287094,0.0631510466337204,0.04505208507180214,cauldron_ln_17337,1
-3.7018017768859863,0.004557291977107525,0.078125,0.05449904873967171,0.078125,0.0670572966337204,cauldron_ln_19579,1
-1.3021224737167358,-0.003760804422199726,0.109375,0.048515867441892624,0.078125,0.049893468618392944,mix_SI_UT_0_240,0
-2.570897102355957,0.008386948145925999,0.09375,0.0392816998064518,0.09375,0.060546875,mix_SI_UT_0_554,0
-1.3712339401245117,0.012416294775903225,0.1171875,0.03371546417474747,0.1171875,0.0602213554084301,cauldron_ln_14541,1
-1.071042537689209,-0.005528891924768686,0.06640625,0.026955729350447655,0.0341796875,0.01613769493997097,cauldron_ln_11903,1
-1.4640414714813232,0.0034512607380747795,0.080078125,0.03875948116183281,0.07177734375,0.04918323829770088,cauldron_ln_28646,0
-2.271190643310547,-0.0068997470661997795,0.125,0.04674163833260536,0.0849609375,0.049272019416093826,cauldron_ln_16262,0
-1.823845624923706,-0.00012433087977115065,0.0859375,0.03250456601381302,0.05878906324505806,0.03742585331201553,mix_UI_ST_0_149,0
-3.124756336212158,-0.00018145587819162756,0.15625,0.05045579373836517,0.109375,0.0685763880610466,cauldron_ln_4193,0
-1.437119960784912,-0.0012338999658823013,0.0859375,0.037349600344896317,0.0690104216337204,0.0436197929084301,mix_UI_ST_0_256,0
-1.5126186609268188,-0.0013384138001129031,0.1015625,0.03624510020017624,0.0725446492433548,0.046243105083703995,mix_SI_UT_0_337,0
-1.614004135131836,-0.0006387644680216908,0.171875,0.047229185700416565,0.096923828125,0.0528273805975914,mix_UI_ST_0_456,0
-2.570018768310547,0.00885009765625,0.109375,0.04297172278165817,0.087890625,0.06777343899011612,cauldron_ln_14035,0
-1.3613337278366089,0.0054910448379814625,0.171875,0.04755757749080658,0.1010044664144516,0.0597330741584301,cauldron_ln_20754,0
-1.2063689231872559,0.007779366802424192,0.154296875,0.04375370964407921,0.0998883992433548,0.061150047928094864,mix_SI_UT_0_1256,0
-1.9751577377319336,-0.0010695684468373656,0.078125,0.030956653878092766,0.0625,0.03789062425494194,cauldron_ln_8816,1
-1.6905670166015625,-0.00563848577439785,0.078125,0.0327916219830513,0.05029296875,0.03193359449505806,mix_SI_UT_0_1001,0
-1.2325093746185303,-0.010463548824191093,0.07421875,0.03589944913983345,0.0443522147834301,0.023810891434550285,mix_SI_UT_0_1141,0
-2.4442355632781982,-0.011698405258357525,0.125,0.05767209827899933,0.083984375,0.0499674491584301,cauldron_ln_7772,0
-1.6908636093139648,-0.0068421028554439545,0.125,0.045301418751478195,0.0785590261220932,0.0438435897231102,cauldron_ln_23710,0
-1.8022817373275757,0.008943685330450535,0.09375,0.03375481814146042,0.0807291716337204,0.0585937537252903,mix_UI_ST_0_753,0
-1.117363691329956,0.004998622927814722,0.078125,0.033034246414899826,0.0703125,0.0486111119389534,mix_SI_UT_0_1093,0
-1.6291767358779907,-0.0056966147385537624,0.087890625,0.04924177750945091,0.0641276091337204,0.04400634765625,cauldron_ln_5373,0
-1.3904849290847778,-0.0033067676704376936,0.08984375,0.03644590452313423,0.0552455373108387,0.0374077707529068,cauldron_ln_13854,1
-1.5932978391647339,-0.0018734402256086469,0.125,0.03930402919650078,0.07968749850988388,0.048602767288684845,mix_SI_UT_0_1370,0
-1.6866825819015503,0.0030993949621915817,0.109375,0.03649637848138809,0.08203125,0.049560546875,mix_UI_ST_0_1039,0
-1.570072889328003,-0.005826203618198633,0.08203125,0.03954806178808212,0.068359375,0.046875,mix_UI_ST_0_240,0
-1.750520944595337,0.003517817473039031,0.12890625,0.04471193253993988,0.08671875298023224,0.05374999716877937,mix_SI_UT_0_767,0
-2.817890167236328,0.0008820564253255725,0.0615234375,0.041215378791093826,0.0569661483168602,0.0523158498108387,mix_UI_ST_0_1093,0
-1.4506809711456299,0.0020804270170629025,0.09375,0.039051543921232224,0.078125,0.05224609375,cauldron_ln_13966,0
-1.375738263130188,0.0013713836669921875,0.09375,0.031759072095155716,0.0625,0.0408935546875,mix_SI_UT_0_1447,0
-1.1810764074325562,-0.0017242431640625,0.0625,0.029208457097411156,0.0533854179084301,0.0326605923473835,mix_SI_UT_0_553,0
-2.381916046142578,-0.005254331044852734,0.109375,0.055342767387628555,0.1015625,0.072265625,cauldron_ln_1922,0
-2.226020336151123,-0.0044301352463662624,0.140625,0.06035660207271576,0.1181640625,0.0569254569709301,cauldron_ln_23780,1
-1.3826762437820435,-0.002288108691573143,0.05859375,0.026988888159394264,0.04296875,0.0283203125,mix_SI_UT_0_1072,0
-1.5794079303741455,-0.0029195151291787624,0.125,0.0540623664855957,0.0842633992433548,0.048828125,cauldron_ln_10333,0
-1.335896372795105,0.00501549756154418,0.1015625,0.033454883843660355,0.07421875,0.04936079680919647,mix_SI_UT_0_497,0
-1.091001272201538,0.00620117224752903,0.1328125,0.032382603734731674,0.0735677108168602,0.0482700914144516,mix_SI_UT_0_59,0
-1.6544368267059326,-0.007287598215043545,0.09375,0.039228953421115875,0.0703125,0.0344587080180645,cauldron_ln_22998,0
-2.0414047241210938,-0.0026945227291435003,0.125,0.039428286254405975,0.0755208358168602,0.04594152048230171,mix_SI_UT_0_738,0
-2.924147605895996,0.007586443796753883,0.06640625,0.02463829144835472,0.064453125,0.0447591170668602,cauldron_ln_5772,1
-1.1216540336608887,0.0007089468417689204,0.0625,0.02846319042146206,0.05859375,0.03369140625,cauldron_ln_10793,0
-2.542982578277588,0.004574424587190151,0.15625,0.06537383794784546,0.15625,0.099609375,cauldron_ln_14777,0
-1.5541374683380127,-0.004779634065926075,0.0625,0.029531624168157578,0.0546875,0.02874755859375,mix_SI_UT_0_485,0
-2.066436290740967,-0.0097664725035429,0.078125,0.0505807138979435,0.0670572966337204,0.0472005195915699,cauldron_ln_11941,0
-1.4748237133026123,0.0073486329056322575,0.125,0.0335812121629715,0.07177734375,0.04648437723517418,mix_SI_UT_0_1198,0
-1.21868896484375,-0.004702758975327015,0.078125,0.03528150916099548,0.05859375,0.03271484375,cauldron_ln_5650,1
-1.5096068382263184,-0.0014173162635415792,0.125,0.040200650691986084,0.0735677108168602,0.0410766638815403,mix_UI_ST_0_972,0
-1.2777354717254639,-0.0007803781190887094,0.0625,0.03070034086704254,0.0546875,0.0324358269572258,mix_UI_ST_0_1359,0
-1.2764723300933838,-0.0069374083541333675,0.1015625,0.04407705366611481,0.08447265625,0.04165039211511612,cauldron_ln_3257,0
-1.1802222728729248,0.0009265336557291448,0.1171875,0.03860652446746826,0.0748697966337204,0.0423177108168602,mix_UI_ST_0_542,0
-1.7627062797546387,-0.0010398582089692354,0.1171875,0.049357932060956955,0.0859375,0.0498860701918602,mix_SI_UT_0_154,0
-1.0353684425354004,-0.0038293455727398396,0.0703125,0.02798314206302166,0.06640625,0.02687581442296505,cauldron_ln_27742,0
-3.327836036682129,0.005596924107521772,0.125,0.0574597604572773,0.1005859375,0.07500000298023224,cauldron_ln_23987,1
-1.5704841613769531,0.006986051332205534,0.1796875,0.047840047627687454,0.125,0.0659450963139534,cauldron_ln_21453,1
-1.3241760730743408,0.0027475664392113686,0.125,0.038593702018260956,0.0859375,0.0488281287252903,mix_UI_ST_0_1396,0
-1.5540251731872559,0.0020326126832515,0.0703125,0.03036138042807579,0.05810546875,0.043701171875,mix_SI_UT_0_1412,0
-0.9646571278572083,-0.011745605617761612,0.046875,0.03133510798215866,0.0380859375,0.02571614645421505,mix_SI_UT_0_123,0
-1.328245759010315,-0.010325713083148003,0.09375,0.043200068175792694,0.06015625223517418,0.0403238944709301,cauldron_ln_5724,0
-1.4878222942352295,-0.003669984871521592,0.09375,0.03468587249517441,0.0690104216337204,0.0386439748108387,mix_SI_UT_0_1438,0
-1.1320388317108154,-0.008145226165652275,0.1171875,0.039925698190927505,0.0608258955180645,0.0359157994389534,mix_SI_UT_0_253,0
-1.6575419902801514,0.006527855526655912,0.109375,0.04717281088232994,0.0888671875,0.06523437798023224,cauldron_ln_2185,1
-1.7431260347366333,-0.005253810901194811,0.09375,0.03487491235136986,0.05312500149011612,0.02937825582921505,cauldron_ln_2049,0
-1.9370414018630981,0.0091843381524086,0.109375,0.040740806609392166,0.099609375,0.06855469197034836,mix_SI_UT_0_1480,0
-1.4075322151184082,-0.0035112169571220875,0.07421875,0.03897560015320778,0.0690104216337204,0.0403645820915699,mix_UI_ST_0_1403,0
-1.7324848175048828,0.007639857940375805,0.109375,0.038030724972486496,0.1041666716337204,0.061279296875,cauldron_ln_14512,1
-2.1284594535827637,-0.008328420110046864,0.0625,0.04180428013205528,0.04960937425494194,0.03665865585207939,mix_UI_ST_0_1378,0
-0.8916282653808594,0.004818386398255825,0.09375,0.028930267319083214,0.0755208358168602,0.0413411445915699,mix_SI_UT_0_131,0
-1.5940583944320679,0.0022352351807057858,0.1015625,0.03861021623015404,0.07666015625,0.0544084832072258,mix_SI_UT_0_634,0
-1.4715791940689087,-0.0030329779256135225,0.0546875,0.03986110910773277,0.0546875,0.0408528670668602,cauldron_ln_19398,0
-2.084050416946411,-0.011008523404598236,0.0625,0.03630294278264046,0.060546875,0.03398437425494194,mix_UI_ST_0_206,0
-1.4962656497955322,-0.02148437686264515,0.0390625,0.05085033178329468,0.0263671875,0.012346540577709675,mix_SI_UT_0_1248,0
-1.8623619079589844,-0.004792042542248964,0.1171875,0.04987556114792824,0.0810546875,0.05124383419752121,mix_UI_ST_0_1242,0
-1.0586867332458496,-0.004654884338378906,0.0859375,0.037237416952848434,0.0598958358168602,0.029815673828125,mix_SI_UT_0_113,0
-0.8847646117210388,-0.0009396575042046607,0.09375,0.04579341784119606,0.08642578125,0.05202636867761612,cauldron_ln_29754,0
-0.9913097023963928,-0.01271820068359375,0.05859375,0.03850826993584633,0.0341796875,0.01985473744571209,cauldron_ln_1830,0
-1.567754864692688,-0.004009339492768049,0.125,0.043042391538619995,0.0869140625,0.04814453050494194,cauldron_ln_9177,0
-2.2078051567077637,0.0306861512362957,0.140625,0.06233864650130272,0.13671875,0.11562500149011612,mix_SI_UT_0_495,0
-2.4083480834960938,-0.01123046875,0.05859375,0.04095357283949852,0.05859375,0.0380859375,mix_UI_ST_0_1076,0
-1.9630722999572754,-0.012237548828125,0.0546875,0.03817775100469589,0.04736328125,0.02843128703534603,mix_SI_UT_0_1151,0
-1.4592900276184082,0.002324191154912114,0.078125,0.03422785922884941,0.0625,0.044034093618392944,cauldron_ln_14289,1
-1.966156005859375,-0.007152210921049118,0.09375,0.04450452700257301,0.0673828125,0.0419921875,cauldron_ln_16456,0
-0.8523495197296143,-0.0044189454056322575,0.0625,0.03325719013810158,0.0416666679084301,0.02859933115541935,mix_UI_ST_0_599,0
-1.678217887878418,-0.0029479980003088713,0.0625,0.033217817544937134,0.05859375,0.03564453125,mix_SI_UT_0_898,0
-1.2556281089782715,-0.0003065629571210593,0.109375,0.03385303169488907,0.0810546875,0.04179243743419647,cauldron_ln_20813,1
-1.1282305717468262,-0.008347284980118275,0.0546875,0.03573014214634895,0.0367838554084301,0.02187500149011612,cauldron_ln_23681,0
-1.375582218170166,-0.0021784857381135225,0.09765625,0.04072774574160576,0.091796875,0.0472005233168602,mix_SI_UT_0_794,0
-1.0205671787261963,0.002357612131163478,0.0625,0.02505938522517681,0.05429687723517418,0.0327497236430645,mix_SI_UT_0_76,0
-1.8019421100616455,0.00406595878303051,0.125,0.041029367595911026,0.0735677108168602,0.05097656697034836,cauldron_ln_598,1
-1.1326594352722168,-0.0015007468173280358,0.05078125,0.037654850631952286,0.05078125,0.037109375,mix_UI_ST_0_51,0
-1.3402471542358398,0.0017329625552520156,0.109375,0.02344544418156147,0.05390625074505806,0.02868652530014515,mix_UI_ST_0_501,0
-1.4520169496536255,-0.00974092073738575,0.0625,0.029216965660452843,0.037841796875,0.01924743689596653,cauldron_ln_9444,1
-3.0487003326416016,-0.01080322265625,0.046875,0.03367845341563225,0.046875,0.0283203125,mix_UI_ST_0_698,0
-1.1975409984588623,-0.0005887544830329716,0.08203125,0.031437527388334274,0.0540364608168602,0.03729248046875,cauldron_ln_3928,0
-1.8198134899139404,0.0032176971435546875,0.09375,0.04266977310180664,0.07421875,0.0491536483168602,cauldron_ln_27989,0
-2.6169440746307373,0.005709740333259106,0.15625,0.04742459952831268,0.1015625,0.0658482164144516,cauldron_ln_16149,0
-1.0304925441741943,0.0012109375093132257,0.109375,0.031125495210289955,0.06689453125,0.0335286483168602,cauldron_ln_8769,0
-1.1140872240066528,0.0006277901702560484,0.08984375,0.030527105554938316,0.068359375,0.03813476487994194,mix_UI_ST_0_968,0
-1.6171296834945679,0.0029513449408113956,0.109375,0.03351648151874542,0.0677083358168602,0.0443638414144516,mix_UI_ST_0_243,0
-2.1136155128479004,0.006367218680679798,0.109375,0.04126976430416107,0.1041666716337204,0.0659722238779068,cauldron_ln_28727,1
-1.7005198001861572,-0.005042443051934242,0.09375,0.044850293546915054,0.07070312649011612,0.048828125,mix_UI_ST_0_558,0
-1.5652350187301636,-0.003591684391722083,0.140625,0.04778378829360008,0.0859375,0.0527343787252903,mix_UI_ST_0_637,0
-1.086191177368164,0.002870140830054879,0.078125,0.024866236373782158,0.047119140625,0.03466796875,mix_UI_ST_0_1104,0
-1.3080947399139404,0.0016123454552143812,0.05859375,0.030110588297247887,0.052734375,0.0402018241584301,mix_SI_UT_0_136,0
-2.0416362285614014,0.007512631826102734,0.1484375,0.04369055852293968,0.111328125,0.06125710532069206,mix_UI_ST_0_734,0
-1.051774263381958,0.007607295643538237,0.0703125,0.028586160391569138,0.064453125,0.0457589291036129,cauldron_ln_5152,0
-1.5433523654937744,0.017137527465820312,0.125,0.05783983692526817,0.109375,0.09033203125,cauldron_ln_7461,1
-1.7623803615570068,-0.00395341357216239,0.0546875,0.029824355617165565,0.0546875,0.03242187574505806,mix_SI_UT_0_317,0
-2.434512138366699,-0.005772182252258062,0.125,0.043845340609550476,0.1015625,0.0442940853536129,mix_UI_ST_0_527,0
-2.2983651161193848,-0.0008609169744886458,0.09375,0.03999552130699158,0.0755208358168602,0.0457899309694767,cauldron_ln_8057,0
-1.7285523414611816,0.004508224315941334,0.171875,0.04463404044508934,0.10625000298023224,0.0555928573012352,mix_UI_ST_0_786,0
-1.3551058769226074,0.007893879897892475,0.09375,0.02917899563908577,0.09375,0.0517578125,cauldron_ln_18845,0
-1.7975311279296875,0.007945667952299118,0.1484375,0.053139328956604004,0.12109375,0.08046875149011612,cauldron_ln_5572,0
-1.2148278951644897,-0.0008789062849245965,0.0703125,0.026715612038969994,0.044677734375,0.02792968787252903,cauldron_ln_10691,1
-0.891781210899353,-0.003772442229092121,0.109375,0.041572265326976776,0.0859375,0.043975830078125,mix_UI_ST_0_15,0
-1.2668462991714478,-0.0018421520944684744,0.05859375,0.033717893064022064,0.0494791679084301,0.0364990234375,cauldron_ln_4447,1
-0.9949291944503784,0.01108398474752903,0.0546875,0.021552057936787605,0.0481770858168602,0.037109375,mix_UI_ST_0_399,0
-1.9186415672302246,0.01650114916265011,0.125,0.044325754046440125,0.107421875,0.076171875,mix_SI_UT_0_389,0
-1.5851603746414185,0.009830555878579617,0.125,0.03907828778028488,0.07568359375,0.05681818351149559,mix_SI_UT_0_812,0
-2.0930633544921875,-0.013369605876505375,0.046875,0.04292335733771324,0.046875,0.03173828125,mix_UI_ST_0_697,0
-1.6098618507385254,-0.0065368651412427425,0.1015625,0.0388500802218914,0.0703125,0.04042968899011612,cauldron_ln_23452,1
-1.5929118394851685,0.0025227866135537624,0.03125,0.018427900969982147,0.03125,0.02734375,cauldron_ln_13598,0
-1.515744924545288,0.006032770499587059,0.09375,0.030758656561374664,0.06591796875,0.04481090232729912,mix_SI_UT_0_130,0
-1.249725341796875,0.004189143422991037,0.203125,0.050324443727731705,0.1110026091337204,0.0660807341337204,cauldron_ln_22388,0
-1.334179401397705,0.002770995954051614,0.10546875,0.039921414107084274,0.08515625447034836,0.054424580186605453,mix_SI_UT_0_751,0
-1.5411293506622314,-0.0026940633542835712,0.1328125,0.04272395372390747,0.0771484375,0.04824218899011612,cauldron_ln_28459,1
-1.9242430925369263,0.01571044884622097,0.1640625,0.05013749375939369,0.12890625,0.08222656697034836,cauldron_ln_19704,1
-1.9672179222106934,-0.00634765625,0.0625,0.036729440093040466,0.0625,0.038818359375,cauldron_ln_17414,0
-1.148334264755249,0.007592294830828905,0.15625,0.04510258510708809,0.10039062798023224,0.068603515625,mix_SI_UT_0_1136,0
-1.3520710468292236,0.0022708207834511995,0.1171875,0.03841402009129524,0.09375,0.0514322929084301,cauldron_ln_1984,0
-2.0895562171936035,0.01407470740377903,0.125,0.04925260692834854,0.1041666716337204,0.0771484375,mix_SI_UT_0_1066,0
-1.4760241508483887,-0.005716660525649786,0.0390625,0.029766136780381203,0.0338541679084301,0.0233154296875,cauldron_ln_7162,1
-1.1614996194839478,-0.005943885538727045,0.05859375,0.03504818305373192,0.052734375,0.0342203788459301,cauldron_ln_2761,1
-0.9489626884460449,-0.0003424750466365367,0.0703125,0.02963382750749588,0.06201171875,0.0379231795668602,mix_UI_ST_0_41,0
-2.003904342651367,-0.002097800839692354,0.1171875,0.04686826467514038,0.0859375,0.05859375,cauldron_ln_22814,0
-2.260866165161133,0.015046772547066212,0.0625,0.046695735305547714,0.0625,0.060546875,mix_UI_ST_0_897,0
-2.200878143310547,-0.0007215227815322578,0.1796875,0.04631879925727844,0.12109375,0.0499441996216774,mix_UI_ST_0_1240,0
-1.1386537551879883,-0.004690829198807478,0.078125,0.026327399536967278,0.03896484524011612,0.02114633470773697,cauldron_ln_23612,1
-1.682722568511963,0.014322916977107525,0.09375,0.02941223233938217,0.078125,0.0559895858168602,cauldron_ln_14994,1
-1.874369502067566,-0.0015714403707534075,0.13671875,0.04640201851725578,0.0937500074505806,0.05451516434550285,cauldron_ln_9899,1
-1.3434022665023804,-0.005258065648376942,0.0390625,0.03169988468289375,0.03515625,0.0283203125,cauldron_ln_5528,0
-1.221693754196167,-0.005935669410973787,0.09375,0.03823249414563179,0.0636393278837204,0.03652343899011612,mix_UI_ST_0_720,0
-1.3560364246368408,0.01314544677734375,0.125,0.03123314492404461,0.0833333358168602,0.0552978515625,cauldron_ln_9080,1
-1.9589521884918213,0.0010340074077248573,0.09375,0.039791595190763474,0.0729166716337204,0.0506591796875,mix_SI_UT_0_442,0
-1.6986839771270752,0.0050223213620483875,0.15625,0.04163272678852081,0.107421875,0.054931640625,mix_UI_ST_0_876,0
-1.1738141775131226,0.00439453125,0.046875,0.025701720267534256,0.046875,0.036376953125,cauldron_ln_13009,1
-1.8162187337875366,-0.007801469415426254,0.09375,0.03979579731822014,0.05419921875,0.03294677659869194,cauldron_ln_10179,0
-1.339878797531128,0.0023289271630346775,0.07421875,0.03482193872332573,0.0651041716337204,0.050537109375,cauldron_ln_11022,0
-2.4397144317626953,-0.002028245246037841,0.09375,0.03512110561132431,0.09375,0.046875,mix_UI_ST_0_1160,0
-2.9608030319213867,-0.00883992575109005,0.09375,0.04341414198279381,0.064453125,0.0384928397834301,mix_SI_UT_0_202,0
-1.531775712966919,-0.004606359172612429,0.0625,0.04064715653657913,0.0625,0.0419921875,mix_UI_ST_0_828,0
-2.1062190532684326,0.0003734770289156586,0.140625,0.042183853685855865,0.0908203125,0.054443359375,cauldron_ln_17911,1
-1.5579739809036255,-0.005054707173258066,0.12109375,0.04405093193054199,0.0849609375,0.0417531356215477,mix_SI_UT_0_263,0
-1.6621451377868652,0.0011285010259598494,0.125,0.04474019631743431,0.0986328125,0.055575285106897354,mix_UI_ST_0_983,0
-1.413633108139038,-0.0068044355139136314,0.0859375,0.040720175951719284,0.08203125,0.0424455925822258,mix_SI_UT_0_1368,0
-1.6314958333969116,0.0023900081869214773,0.08984375,0.040159594267606735,0.08984375,0.0517578125,mix_UI_ST_0_1489,0
-1.79774808883667,-0.004735914524644613,0.140625,0.035325367003679276,0.06875000149011612,0.03662109375,cauldron_ln_2844,0
-1.358684778213501,0.0005877459770999849,0.0859375,0.03161657229065895,0.07421875,0.0459798201918602,mix_UI_ST_0_511,0
-1.5743770599365234,-0.0052175214514136314,0.15625,0.049558162689208984,0.09375,0.0551060289144516,cauldron_ln_27080,0
-1.2356055974960327,-0.006134958006441593,0.0703125,0.034179557114839554,0.052734375,0.0330810546875,cauldron_ln_16460,0
-2.0881006717681885,-0.003718785010278225,0.078125,0.0371704176068306,0.0677083358168602,0.0450439453125,mix_UI_ST_0_260,0
-1.9202653169631958,0.005037633236497641,0.140625,0.04150669649243355,0.107421875,0.05585937574505806,mix_SI_UT_0_958,0
-1.5151532888412476,0.00013950893480796367,0.078125,0.03490927815437317,0.060546875,0.04453125223517418,mix_SI_UT_0_55,0
-1.8979462385177612,-0.007694019936025143,0.1875,0.06253112107515335,0.1041666716337204,0.0615234375,cauldron_ln_28639,1
-1.3160426616668701,-0.000579833984375,0.0625,0.03232819214463234,0.05859375,0.042217548936605453,mix_UI_ST_0_257,0
-1.2540762424468994,-0.006083170883357525,0.0126953125,0.018746860325336456,0.0126953125,0.008951823227107525,mix_UI_ST_0_24,0
-1.6236768960952759,0.011364745907485485,0.09375,0.040261682122945786,0.08984375,0.07265625149011612,mix_UI_ST_0_583,0
-1.5412267446517944,0.006517493166029453,0.078125,0.026469580829143524,0.05859375,0.04335937649011612,mix_SI_UT_0_844,0
-1.3756672143936157,0.00153350830078125,0.08984375,0.036550700664520264,0.083984375,0.0467122420668602,cauldron_ln_25804,1
-2.132711887359619,-0.0005254572024568915,0.15625,0.049777910113334656,0.08842329680919647,0.05899161100387573,mix_SI_UT_0_1290,0
-1.6273322105407715,-0.005402720998972654,0.0625,0.032886262983083725,0.04843750223517418,0.03109976090490818,mix_SI_UT_0_777,0
-2.3343825340270996,0.0036802899558097124,0.21875,0.052966997027397156,0.126953125,0.07182173430919647,cauldron_ln_9640,0
-1.4509820938110352,-0.003498799167573452,0.09375,0.039314158260822296,0.0755208358168602,0.0460069440305233,mix_SI_UT_0_1160,0
-1.2857065200805664,-0.002585963113233447,0.0859375,0.03495807200670242,0.06679687649011612,0.0376325361430645,cauldron_ln_26958,0
-1.7082271575927734,-0.0003974066930823028,0.15234375,0.04836054891347885,0.0869140625,0.053799718618392944,cauldron_ln_23832,1
-1.4133323431015015,-0.00709672411903739,0.09375,0.03846832364797592,0.0666852742433548,0.03415399044752121,mix_UI_ST_0_1204,0
-0.9028359651565552,-0.0007451375713571906,0.0625,0.035133592784404755,0.05859375,0.0380859375,cauldron_ln_21047,0
-2.4391469955444336,-0.005681818351149559,0.08203125,0.05159692466259003,0.08203125,0.06640625,mix_SI_UT_0_728,0
-3.1118969917297363,-0.007427509408444166,0.109375,0.0483473502099514,0.0859375,0.0553385429084301,cauldron_ln_23996,1
-0.9653330445289612,0.004880934488028288,0.15625,0.04320640489459038,0.09375,0.05767822265625,cauldron_ln_20551,0
-1.4490666389465332,0.0013004224747419357,0.09375,0.038077376782894135,0.083984375,0.0480143241584301,mix_UI_ST_0_598,0
-2.6573357582092285,0.008744673803448677,0.1171875,0.043983880430459976,0.1005859375,0.06915838271379471,mix_UI_ST_0_1059,0
-1.0965526103973389,0.0020350865088403225,0.08984375,0.029491115361452103,0.0619419664144516,0.03485466539859772,mix_SI_UT_0_1096,0
-0.914987325668335,-0.015375311486423016,0.021484375,0.03487667441368103,0.0146484375,0.008227539248764515,cauldron_ln_633,0
-2.4260101318359375,0.011820162646472454,0.1640625,0.041693463921546936,0.0924479216337204,0.065185546875,mix_UI_ST_0_1219,0
-0.9325319528579712,0.00029578577959910035,0.03125,0.015440584160387516,0.0302734375,0.01881917379796505,cauldron_ln_14023,1
-1.91123366355896,-0.004238891880959272,0.0625,0.029874280095100403,0.04248046875,0.02871093712747097,mix_SI_UT_0_1134,0
-1.8411091566085815,0.01388632319867611,0.46875,0.07573764771223068,0.1813616156578064,0.0949435755610466,cauldron_ln_22187,1
-1.1384732723236084,-0.004575333558022976,0.06640625,0.03544582426548004,0.06093750149011612,0.039381761103868484,cauldron_ln_17207,1
-1.2640767097473145,-0.0011339689372107387,0.12890625,0.0429021418094635,0.10546875,0.0509982630610466,cauldron_ln_4197,1
-2.3036320209503174,-0.015700766816735268,0.09375,0.0480596199631691,0.0859375,0.041015625,mix_UI_ST_0_245,0
-1.7944647073745728,-0.00431685009971261,0.140625,0.0424710288643837,0.0771484375,0.0419921875,cauldron_ln_3073,1
-1.6471388339996338,0.017421875149011612,0.125,0.032490115612745285,0.099609375,0.0595703125,cauldron_ln_26118,1
-2.706782341003418,-0.005183293484151363,0.078125,0.050244130194187164,0.0703125,0.056640625,mix_SI_UT_0_339,0
-1.5354924201965332,-0.004595588427037001,0.109375,0.0422208234667778,0.109375,0.041259765625,mix_SI_UT_0_1187,0
-1.2052228450775146,-0.006833968218415976,0.140625,0.04787734895944595,0.0885416716337204,0.0485491082072258,mix_UI_ST_0_1151,0
-1.120949387550354,0.007030345965176821,0.091796875,0.035350169986486435,0.0771484375,0.0559895858168602,mix_UI_ST_0_403,0
-1.1957552433013916,0.002020263811573386,0.0546875,0.028181420639157295,0.0501302108168602,0.0387137308716774,mix_UI_ST_0_1118,0
-1.5812039375305176,-0.003963216207921505,0.078125,0.030900759622454643,0.05859375,0.0378766767680645,cauldron_ln_23222,0
-1.9374516010284424,0.0029479980003088713,0.140625,0.0498041994869709,0.10625000298023224,0.0634765625,cauldron_ln_13053,1
-1.3052079677581787,0.004291145130991936,0.12890625,0.0382697656750679,0.0966796875,0.05078125,cauldron_ln_11098,0
-1.1092087030410767,-0.0021306818816810846,0.05859375,0.02736140973865986,0.0546875,0.037109375,cauldron_ln_12957,1
-2.32008695602417,-0.011805943213403225,0.046875,0.04060754552483559,0.046875,0.0338541679084301,mix_UI_ST_0_696,0
-0.8139133453369141,0.006100464146584272,0.1015625,0.03657684475183487,0.076171875,0.0523158498108387,mix_SI_UT_0_489,0
-1.3736802339553833,0.005563289392739534,0.15625,0.04344522953033447,0.10546875,0.06214488670229912,mix_UI_ST_0_1095,0
-0.680540919303894,0.004193115048110485,0.0625,0.02656208910048008,0.0625,0.0380859375,cauldron_ln_25759,1
-1.5231504440307617,-0.0030085246544331312,0.1015625,0.03167365491390228,0.05859375,0.03408203274011612,cauldron_ln_5084,1
-2.0385682582855225,0.00785495899617672,0.125,0.057427212595939636,0.1171875,0.07890625298023224,cauldron_ln_1837,1
-1.2300081253051758,-0.005055195651948452,0.0546875,0.03165305033326149,0.0475260429084301,0.0313042551279068,cauldron_ln_8377,1
-1.9857503175735474,0.002360682236030698,0.125,0.03932715207338333,0.0716145858168602,0.046407949179410934,cauldron_ln_21484,0
-2.075592279434204,-0.011322021484375,0.109375,0.04289056733250618,0.08203125,0.0353190116584301,mix_UI_ST_0_772,0
-1.0108288526535034,-0.002376132644712925,0.0859375,0.0378648079931736,0.06640625,0.0381944440305233,mix_SI_UT_0_782,0
-0.9128788113594055,0.0026894845068454742,0.1015625,0.023755967617034912,0.0563151054084301,0.03180338814854622,cauldron_ln_29697,0
-1.3637702465057373,0.002432142151519656,0.109375,0.03684050217270851,0.08046875149011612,0.0480085127055645,mix_UI_ST_0_1244,0
-1.0113658905029297,-0.0033905028831213713,0.0703125,0.0359954796731472,0.05419921875,0.03481445461511612,mix_SI_UT_0_788,0
-2.9755401611328125,0.019133390858769417,0.1015625,0.0407143272459507,0.09765625,0.0813802108168602,cauldron_ln_16202,0
-2.117067337036133,-0.0010463170474395156,0.1171875,0.04197235405445099,0.1015625,0.0513392873108387,cauldron_ln_15391,1
-1.2336567640304565,-0.0013224284630268812,0.0625,0.029225194826722145,0.0546875,0.02718099020421505,cauldron_ln_22801,0
-2.3282041549682617,0.0076855747029185295,0.09765625,0.042338404804468155,0.0791015625,0.05894886702299118,cauldron_ln_26631,1
-2.011345386505127,0.01885114423930645,0.125,0.03401636704802513,0.099609375,0.065011166036129,mix_UI_ST_0_885,0
-2.1929678916931152,-0.006183330900967121,0.09375,0.044456951320171356,0.0572916679084301,0.0345052070915699,cauldron_ln_13236,0
-0.9654818773269653,4.069010537932627e-05,0.07421875,0.02770480327308178,0.060546875,0.0319417342543602,cauldron_ln_28257,0
-1.8132925033569336,0.00032170614576898515,0.09375,0.03622587397694588,0.076171875,0.0458984375,mix_SI_UT_0_580,0
-1.0652127265930176,-0.01238335482776165,0.0546875,0.036822713911533356,0.046875,0.02034505270421505,cauldron_ln_20283,0
-1.3586649894714355,-0.003120159264653921,0.0703125,0.030617743730545044,0.05937499925494194,0.0308663509786129,mix_SI_UT_0_643,0
-1.5242705345153809,0.0009229706483893096,0.125,0.04463440552353859,0.083984375,0.05009765550494194,mix_SI_UT_0_168,0
-1.8570921421051025,-0.011061958968639374,0.0390625,0.024997660890221596,0.0390625,0.02207031287252903,cauldron_ln_3384,1
-2.6758713722229004,0.0023509839083999395,0.1015625,0.03515184298157692,0.08203125,0.0538736991584301,cauldron_ln_8216,0
-2.014697313308716,0.011575138196349144,0.1875,0.05450097844004631,0.1197916716337204,0.08642578125,cauldron_ln_25171,1
-0.8183938264846802,0.006340182386338711,0.078125,0.028611479327082634,0.06201171875,0.0394694022834301,mix_SI_UT_0_730,0
-1.6551438570022583,0.016701146960258484,0.1328125,0.050193678587675095,0.1328125,0.087890625,mix_UI_ST_0_749,0
-2.0757195949554443,-0.004416726063936949,0.09375,0.04957198351621628,0.078125,0.053955078125,mix_UI_ST_0_156,0
-1.483925461769104,-0.00797206349670887,0.109375,0.04015067592263222,0.0655691996216774,0.0352783203125,cauldron_ln_28176,0
-1.3884201049804688,-0.0021893044468015432,0.0859375,0.03177882358431816,0.06640625,0.03984374925494194,cauldron_ln_3174,1
-1.468064785003662,0.005190894939005375,0.140625,0.032417867332696915,0.068359375,0.04374999925494194,cauldron_ln_8864,1
-1.502161979675293,0.004458779003471136,0.12890625,0.0465870127081871,0.12890625,0.0712890625,cauldron_ln_22123,1
-2.340458869934082,-0.014314651489257812,0.02734375,0.04663197323679924,0.02734375,0.0146484375,mix_UI_ST_0_167,0
-2.130335807800293,-0.00028597924392670393,0.140625,0.05306878685951233,0.0813802108168602,0.05781250447034836,cauldron_ln_15791,1
-1.3593497276306152,0.00560825876891613,0.0625,0.025907441973686218,0.0546875,0.03955078125,mix_SI_UT_0_1305,0
-1.7047654390335083,0.012896369211375713,0.1328125,0.0507909432053566,0.1106770858168602,0.0760498046875,mix_UI_ST_0_854,0
-1.5303316116333008,0.0007955617038533092,0.140625,0.052121929824352264,0.12109375,0.0671037957072258,cauldron_ln_27239,0
-1.5630688667297363,-0.0008796243346296251,0.15234375,0.05273532494902611,0.11015625298023224,0.0615234375,cauldron_ln_17442,0
-2.5400567054748535,0.0037921841721981764,0.125,0.05701885744929314,0.1028645858168602,0.0787760466337204,mix_SI_UT_0_1366,0
-1.297069787979126,0.0037773980293422937,0.06640625,0.03110937587916851,0.064453125,0.0450846366584301,cauldron_ln_12417,1
-1.5252633094787598,-0.002200656570494175,0.0703125,0.027285804972052574,0.046875,0.02788628451526165,cauldron_ln_3124,1
-1.752929449081421,-0.011439732275903225,0.08203125,0.035058651119470596,0.048828125,0.021484375,cauldron_ln_16222,0
-0.9837137460708618,-0.006038665771484375,0.046875,0.028545046225190163,0.0380859375,0.0231119804084301,cauldron_ln_5081,0
-1.0680533647537231,-0.004841444548219442,0.138671875,0.035175539553165436,0.06689453125,0.026780562475323677,mix_SI_UT_0_278,0
-1.243282675743103,0.0030110678635537624,0.0703125,0.03037715144455433,0.0595703125,0.04042968899011612,cauldron_ln_3423,1
-1.053166389465332,-0.009723239578306675,0.0625,0.03923358395695686,0.0625,0.03070068359375,mix_UI_ST_0_66,0
-1.5214109420776367,0.004178416915237904,0.109375,0.04320526868104935,0.08984375,0.0515950545668602,cauldron_ln_24270,1
-1.4158563613891602,0.010855935513973236,0.09375,0.03797587752342224,0.083984375,0.061967331916093826,mix_UI_ST_0_1090,0
-1.097412347793579,0.0058371806517243385,0.03515625,0.01735859364271164,0.03515625,0.02890625037252903,cauldron_ln_10634,0
-1.3768928050994873,-0.004454345442354679,0.109375,0.04166509956121445,0.07343750447034836,0.0379231795668602,cauldron_ln_10709,0
-1.149613857269287,0.008596567437052727,0.1796875,0.04207109659910202,0.1165364608168602,0.0608367919921875,mix_SI_UT_0_304,0
-2.1470015048980713,0.0031180246733129025,0.09375,0.03470062464475632,0.0729166716337204,0.0479736328125,mix_UI_ST_0_217,0
-1.6157264709472656,0.003012603148818016,0.1015625,0.042787715792655945,0.08749999850988388,0.0605468787252903,mix_SI_UT_0_524,0
-1.3967450857162476,0.0023967463057488203,0.1875,0.0484190434217453,0.095703125,0.05898437649011612,cauldron_ln_6021,0
-2.7594079971313477,0.008909184485673904,0.12109375,0.03980889916419983,0.0986328125,0.06587357819080353,mix_SI_UT_0_1404,0
-1.2592906951904297,-0.00016229803441092372,0.125,0.0384187325835228,0.0813802108168602,0.0465087890625,cauldron_ln_948,1
-2.292926788330078,0.005758846644312143,0.125,0.037372883409261703,0.0794270858168602,0.05322265625,mix_SI_UT_0_1359,0
-1.4930570125579834,0.0039723715744912624,0.109375,0.0460904985666275,0.09130859375,0.05908203125,mix_SI_UT_0_804,0
-2.701531171798706,-0.003031716449186206,0.125,0.05814751610159874,0.1031901091337204,0.06610107421875,cauldron_ln_15857,0
-2.708937168121338,-0.008138020522892475,0.125,0.0593675896525383,0.1015625,0.0625,cauldron_ln_14265,0
-2.0426998138427734,0.0013275146484375,0.12890625,0.03889651224017143,0.091796875,0.044921875,mix_SI_UT_0_865,0
-1.4717950820922852,0.0037554572336375713,0.15625,0.04254080355167389,0.1145833358168602,0.057861328125,mix_SI_UT_0_868,0
-1.4760915040969849,0.0038805510848760605,0.109375,0.0436953604221344,0.0859375,0.0577256940305233,mix_SI_UT_0_606,0
-1.3189679384231567,-0.0034743088763207197,0.05859375,0.027338197454810143,0.0439453125,0.026397705078125,mix_UI_ST_0_1273,0
-1.763551950454712,-0.0106201171875,0.0390625,0.04374850168824196,0.03759765625,0.031005859375,mix_UI_ST_0_825,0
-1.5465474128723145,0.00015187817916739732,0.0546875,0.030110102146863937,0.05126953125,0.0344587042927742,mix_SI_UT_0_370,0
-1.9777600765228271,-0.004691746085882187,0.09375,0.03601226210594177,0.0673828125,0.04453125223517418,mix_SI_UT_0_1280,0
-1.8989479541778564,-0.006675542797893286,0.125,0.05264481157064438,0.076171875,0.05058593675494194,mix_SI_UT_0_713,0
-1.9477941989898682,0.00322672538459301,0.0703125,0.0345960296690464,0.0546875,0.0418526791036129,mix_UI_ST_0_911,0
-1.4171950817108154,0.006507739890366793,0.13671875,0.04988330230116844,0.08984375,0.0625,cauldron_ln_4078,1
-1.773058295249939,-0.0137939453125,0.0703125,0.046722885221242905,0.0625,0.0406901054084301,cauldron_ln_11664,1
-1.176966905593872,-0.00040261787944473326,0.09375,0.04059254005551338,0.08203125,0.0473807230591774,mix_UI_ST_0_1196,0
-2.0569679737091064,-0.014643351547420025,0.09375,0.046408217400312424,0.083984375,0.0406087264418602,cauldron_ln_16875,1
-1.4185409545898438,-0.01224557962268591,0.0625,0.035454582422971725,0.0436197929084301,0.0249294713139534,mix_SI_UT_0_770,0
-1.1214385032653809,-0.00302850641310215,0.0654296875,0.027874594554305077,0.044677734375,0.02529296837747097,cauldron_ln_25965,0
-1.052415370941162,-0.0018215837189927697,0.078125,0.031338974833488464,0.05781250074505806,0.03302001953125,cauldron_ln_28102,1
-1.1799280643463135,-0.0010253905784338713,0.140625,0.036536965519189835,0.0697544664144516,0.04377297684550285,cauldron_ln_26676,1
-1.294596552848816,0.0023600261192768812,0.115234375,0.0350639782845974,0.0703125,0.04233023151755333,cauldron_ln_20985,1
-1.9861687421798706,0.0014208625070750713,0.125,0.03713107481598854,0.0846354216337204,0.0435791015625,cauldron_ln_9527,0
-1.0367484092712402,-0.006477864924818277,0.015625,0.026525253430008888,0.015625,0.01318359375,cauldron_ln_712,1
-1.6713666915893555,-0.003337244736030698,0.125,0.04968205839395523,0.1015625,0.0632673054933548,cauldron_ln_16445,1
-2.217454433441162,0.0265299491584301,0.1484375,0.05271930247545242,0.1484375,0.0963541716337204,cauldron_ln_26385,0
-1.6833319664001465,0.01817757822573185,0.125,0.03764854371547699,0.109375,0.0697544664144516,cauldron_ln_25435,0
-1.5287492275238037,0.002434496534988284,0.08984375,0.03737471625208855,0.07187499850988388,0.05160757526755333,cauldron_ln_6799,1
-2.2832250595092773,-0.02225167490541935,0.046875,0.04257061332464218,0.037109375,0.02421875111758709,mix_UI_ST_0_1279,0
-2.1607165336608887,0.014232635498046875,0.109375,0.041064195334911346,0.08984375,0.0673828125,cauldron_ln_24764,1
-1.046129584312439,0.0027218381874263287,0.1796875,0.052574027329683304,0.1145833358168602,0.0625,mix_SI_UT_0_358,0
-2.2090110778808594,0.006715662777423859,0.11328125,0.04279579967260361,0.09765625,0.0619303397834301,mix_UI_ST_0_1290,0
-1.496793508529663,-0.0018724009860306978,0.03515625,0.02774842642247677,0.0325520858168602,0.02859933115541935,cauldron_ln_2714,1
-1.1249678134918213,0.0009701377712190151,0.09765625,0.037915799766778946,0.0638020858168602,0.041270382702350616,cauldron_ln_1856,0
-1.5671577453613281,0.00323486328125,0.21875,0.059722673147916794,0.1305338591337204,0.0687934011220932,mix_SI_UT_0_246,0
-1.7569526433944702,0.0023345947265625,0.07421875,0.02897876687347889,0.072265625,0.0345052108168602,cauldron_ln_8536,0
-1.8853282928466797,-0.005035400390625,0.109375,0.04564797878265381,0.08984375,0.05433238670229912,cauldron_ln_17247,1
-0.9783099889755249,0.01629028283059597,0.1328125,0.03702899068593979,0.109375,0.072265625,cauldron_ln_24611,0
-2.0428900718688965,-0.003636977169662714,0.125,0.0396929606795311,0.0885416716337204,0.04730224609375,mix_SI_UT_0_670,0
-1.0597344636917114,-0.003986065275967121,0.0859375,0.03630204498767853,0.08203125,0.0357259139418602,mix_UI_ST_0_473,0
-1.9114153385162354,-0.0007131148013286293,0.125,0.039353955537080765,0.0771484375,0.0465494804084301,mix_UI_ST_0_255,0
-1.097280740737915,-0.001453399658203125,0.0859375,0.030874619260430336,0.0533854179084301,0.03265380859375,mix_UI_ST_0_326,0
-2.131831169128418,0.002549694385379553,0.068359375,0.04420790448784828,0.0618489608168602,0.0521763414144516,cauldron_ln_29095,1
-1.5321497917175293,0.0009119370370171964,0.078125,0.030629165470600128,0.06640625,0.0390625,cauldron_ln_19750,0
-1.4763706922531128,-0.004610189236700535,0.109375,0.04414824768900871,0.07421875,0.0507114976644516,cauldron_ln_1275,0
-2.775827407836914,0.0323224738240242,0.125,0.03866738826036453,0.1171875,0.09218750149011612,mix_SI_UT_0_859,0
-0.9549416303634644,-0.0019061749335378408,0.04296875,0.02071564830839634,0.041015625,0.02284749411046505,cauldron_ln_4485,1
-1.3499279022216797,-0.0038614077493548393,0.125,0.03345123678445816,0.0625,0.03228759765625,cauldron_ln_17621,1
-1.2509160041809082,-0.009374106302857399,0.0703125,0.04049425944685936,0.05419921875,0.03388671949505806,cauldron_ln_18875,0
-1.4218287467956543,0.005904254037886858,0.09375,0.03046722710132599,0.0690104216337204,0.044677734375,mix_SI_UT_0_1217,0
-1.6902885437011719,-0.008987918496131897,0.046875,0.031694862991571426,0.0384114608168602,0.02246093936264515,mix_UI_ST_0_465,0
-1.6662235260009766,-0.0041150543838739395,0.08203125,0.03947969526052475,0.0677083358168602,0.0391710065305233,mix_SI_UT_0_907,0
-1.1782082319259644,-0.0020548503380268812,0.140625,0.0442001111805439,0.09375,0.0467122420668602,cauldron_ln_14772,1
-0.997070848941803,0.004155698232352734,0.05078125,0.02277984656393528,0.044921875,0.03242187574505806,cauldron_ln_27267,0
-1.3817808628082275,0.014982524327933788,0.109375,0.042272940278053284,0.109375,0.080078125,cauldron_ln_25099,1
-1.410733938217163,0.001635383116081357,0.03515625,0.024464914575219154,0.03515625,0.0263671875,cauldron_ln_11893,1
-0.9680545330047607,-0.009653192013502121,0.0625,0.036238279193639755,0.0625,0.02484130859375,mix_SI_UT_0_8,0
-1.3354802131652832,0.004811253864318132,0.1796875,0.045381709933280945,0.10546875,0.0624651238322258,cauldron_ln_24807,1
-1.3093349933624268,0.005639492068439722,0.125,0.036465294659137726,0.0859375074505806,0.05458470433950424,mix_SI_UT_0_1421,0
-1.5606423616409302,0.0055837323889136314,0.12890625,0.048213448375463486,0.1145833358168602,0.0738351047039032,mix_SI_UT_0_35,0
-0.8139335513114929,0.0027316112536937,0.078125,0.024421822279691696,0.05742187425494194,0.03301532566547394,cauldron_ln_11170,1
-1.4567689895629883,-0.011252010241150856,0.0859375,0.0449901819229126,0.0677083358168602,0.04345703125,mix_UI_ST_0_88,0
-1.2314683198928833,-0.0032743567135185003,0.09375,0.04038500785827637,0.06796874850988388,0.0402119979262352,mix_UI_ST_0_73,0
-1.7699096202850342,0.009602864272892475,0.0859375,0.03602180257439613,0.08203125,0.0654296875,mix_UI_ST_0_1370,0
-1.3226842880249023,-0.00711822509765625,0.05859375,0.04319455102086067,0.0501302108168602,0.03076171875,mix_UI_ST_0_196,0
-1.3406864404678345,0.0044269561767578125,0.0390625,0.023661011829972267,0.0390625,0.031494140625,mix_UI_ST_0_408,0
-1.0616086721420288,0.0012613933067768812,0.15234375,0.0376538410782814,0.0849609375,0.0376790389418602,mix_UI_ST_0_651,0
-2.0408124923706055,0.0020566999446600676,0.09375,0.04193492978811264,0.08984375,0.0577392578125,cauldron_ln_24745,0
-1.4354497194290161,-0.0069789341650903225,0.1875,0.04444334656000137,0.0744977742433548,0.03952205926179886,cauldron_ln_22179,1
-2.975193500518799,0.0021755641791969538,0.125,0.04785463586449623,0.09765625,0.059037644416093826,cauldron_ln_5153,0
-2.381507396697998,0.0013435559812933207,0.1015625,0.03740227594971657,0.0911458358168602,0.0503472238779068,cauldron_ln_5567,1
-1.8468918800354004,-0.0035633761435747147,0.0625,0.048305172473192215,0.0625,0.0478515625,cauldron_ln_17878,1
-1.3766840696334839,-0.007611443288624287,0.125,0.0444888211786747,0.06875000149011612,0.0393880233168602,cauldron_ln_16724,0
-1.2466951608657837,0.000978865777142346,0.1171875,0.034782927483320236,0.07265625149011612,0.04525991901755333,mix_SI_UT_0_1281,0
-2.277132272720337,-0.006582754664123058,0.068359375,0.03520899638533592,0.0537109375,0.0343424491584301,cauldron_ln_7152,0
-1.4601848125457764,0.0052548362873494625,0.07421875,0.02467624843120575,0.060546875,0.03789062425494194,cauldron_ln_9611,1
-1.265221357345581,-0.0035733310505747795,0.0859375,0.041190024465322495,0.064453125,0.04609375074505806,cauldron_ln_11958,1
-1.1645737886428833,-0.00042585894698277116,0.09375,0.033710915595293045,0.078125,0.03935546800494194,cauldron_ln_15268,0
-1.1688601970672607,-0.012146798893809319,0.0546875,0.032923195511102676,0.046875,0.0217556431889534,cauldron_ln_3029,0
-1.3452500104904175,0.0005281888879835606,0.2265625,0.04752201959490776,0.115234375,0.0491672083735466,mix_SI_UT_0_700,0
-1.7872544527053833,-0.006573712453246117,0.109375,0.03963060304522514,0.06328125298023224,0.03577599301934242,mix_SI_UT_0_184,0
-1.175779104232788,-0.0056627062149345875,0.08984375,0.035888344049453735,0.076171875,0.0362141951918602,mix_SI_UT_0_1257,0
-1.7237087488174438,-0.00922131072729826,0.09375,0.04433396831154823,0.0621744804084301,0.0418294295668602,cauldron_ln_11127,1
-1.2356075048446655,-0.013399124145507812,0.03125,0.03651895746588707,0.03125,0.0108642578125,mix_UI_ST_0_528,0
-2.7923407554626465,0.003984167240560055,0.1015625,0.03549226000905037,0.07373046875,0.049272019416093826,mix_UI_ST_0_905,0
-1.7387869358062744,-0.006632212083786726,0.0703125,0.04419608786702156,0.0625,0.0355360247194767,mix_SI_UT_0_925,0
-1.192298173904419,0.0012685140827670693,0.0859375,0.03262224793434143,0.0651041716337204,0.0421316996216774,cauldron_ln_29198,1
-1.5949913263320923,-0.008559007197618484,0.0625,0.02898339182138443,0.05078125,0.02766927145421505,mix_SI_UT_0_473,0
-1.3588333129882812,-0.0042208158411085606,0.0859375,0.04479905217885971,0.0625,0.0390625,mix_SI_UT_0_72,0
-1.362297534942627,-0.007229198236018419,0.125,0.04110225290060043,0.0751953125,0.03813032805919647,cauldron_ln_22306,0
-2.059431552886963,-0.006984266918152571,0.109375,0.04403473436832428,0.0869140625,0.04335937649011612,mix_UI_ST_0_634,0
-1.0168551206588745,0.00022149854339659214,0.078125,0.03877909481525421,0.0716145858168602,0.0560825914144516,cauldron_ln_10537,0
-1.355517864227295,0.006054687779396772,0.09375,0.03265644982457161,0.07421875,0.048828125,mix_SI_UT_0_1348,0
-1.956013560295105,-0.008793945424258709,0.078125,0.04620414599776268,0.0625,0.0436197929084301,mix_SI_UT_0_592,0
-1.3570753335952759,-0.0040372214280068874,0.0625,0.03044440969824791,0.0546875,0.0329996757209301,cauldron_ln_2882,1
-1.7435657978057861,0.0015532395336776972,0.078125,0.04010757431387901,0.0732421875,0.0521763414144516,cauldron_ln_16387,0
-1.0075702667236328,0.0023731905966997147,0.09375,0.038246333599090576,0.0735677108168602,0.04638671875,cauldron_ln_13891,0
-2.0740737915039062,-0.0077466098591685295,0.09375,0.04447292536497116,0.05859375,0.036843039095401764,cauldron_ln_18478,0
-1.64814031124115,-0.00627790205180645,0.11328125,0.052422311156988144,0.0859375,0.060546875,mix_UI_ST_0_1493,0
-1.9182896614074707,0.01004305761307478,0.109375,0.037096984684467316,0.09765625,0.06718750298023224,cauldron_ln_29517,0
-2.470320224761963,-8.82535387063399e-05,0.15625,0.047993943095207214,0.1197916716337204,0.0590277798473835,cauldron_ln_25058,0
-1.176801323890686,0.0022059848997741938,0.109375,0.038827087730169296,0.087890625,0.05615234375,cauldron_ln_19,1
-1.4395811557769775,0.0014174325624480844,0.099609375,0.03215218707919121,0.06210937723517418,0.0352957621216774,cauldron_ln_17001,0
-2.0389537811279297,0.005709261633455753,0.078125,0.035280559211969376,0.0677083358168602,0.0499131940305233,mix_UI_ST_0_234,0
-2.072838544845581,-0.0029973210766911507,0.171875,0.05219205841422081,0.0998883992433548,0.0615234375,mix_SI_UT_0_531,0
-1.850526213645935,-0.005145037546753883,0.07421875,0.04121445491909981,0.068359375,0.0472005233168602,mix_SI_UT_0_416,0
-1.4783693552017212,0.00045022403355687857,0.078125,0.034072235226631165,0.0623779296875,0.0431663878262043,mix_SI_UT_0_1185,0
-1.3772954940795898,-0.01009087823331356,0.07421875,0.030199162662029266,0.0533854179084301,0.01972113735973835,mix_UI_ST_0_304,0
-1.5547380447387695,-0.0046532042324543,0.109375,0.03984278813004494,0.0751953125,0.04218750074505806,mix_UI_ST_0_1020,0
-1.6368227005004883,-0.00177001953125,0.0625,0.039099957793951035,0.0530598983168602,0.0398995541036129,cauldron_ln_6580,0
-1.5964263677597046,0.007122803013771772,0.109375,0.03493145853281021,0.08447265625,0.04951171949505806,mix_UI_ST_0_272,0
-1.223169207572937,-0.0014296312583610415,0.0703125,0.03688468784093857,0.06640625,0.0478515625,mix_UI_ST_0_139,0
-1.23681640625,0.0020263672340661287,0.0546875,0.03549946844577789,0.052734375,0.04257812723517418,cauldron_ln_27045,0
-1.0251710414886475,0.003707320662215352,0.0859375,0.03174406290054321,0.078125,0.0498046875,mix_SI_UT_0_764,0
-1.4343390464782715,0.005497859325259924,0.109375,0.025556350126862526,0.0651041716337204,0.0399305559694767,mix_SI_UT_0_547,0
-1.8371970653533936,0.0088348388671875,0.10546875,0.03492939472198486,0.080078125,0.054443359375,mix_UI_ST_0_1184,0
-1.5820612907409668,0.008615594357252121,0.3125,0.0630701407790184,0.1614583432674408,0.0833333358168602,mix_UI_ST_0_1381,0
-1.8006174564361572,0.0005356924957595766,0.25,0.04368022829294205,0.08877841383218765,0.0506068654358387,mix_UI_ST_0_1322,0
-1.73182213306427,0.002339402213692665,0.125,0.03803079202771187,0.0853794664144516,0.0489366315305233,mix_SI_UT_0_1041,0
-1.6365411281585693,-0.0011608648346737027,0.1328125,0.05194590985774994,0.09375,0.0594889335334301,mix_SI_UT_0_200,0
-1.9312411546707153,0.00286865234375,0.109375,0.0406155101954937,0.083984375,0.0553385429084301,cauldron_ln_26345,1
-0.9415770769119263,0.0013147990684956312,0.09375,0.028417503461241722,0.060546875,0.0380452498793602,cauldron_ln_23870,0
-1.6141316890716553,0.010843451134860516,0.16015625,0.04031302034854889,0.099609375,0.06103515625,cauldron_ln_193,0
-1.0008456707000732,0.002489813370630145,0.078125,0.02931823581457138,0.0703125,0.0398995541036129,cauldron_ln_25348,0
-1.482869029045105,-0.0029380798805505037,0.125,0.04690755903720856,0.0888671875,0.04705810546875,cauldron_ln_15683,1
-2.414879560470581,0.00038909912109375,0.1171875,0.04690181091427803,0.0833333358168602,0.05615234375,mix_UI_ST_0_1349,0
-2.0719289779663086,-0.007424747105687857,0.12890625,0.050785768777132034,0.10546875,0.0584716796875,mix_SI_UT_0_831,0
-1.5218098163604736,0.0027630410622805357,0.0625,0.02925196662545204,0.04833984375,0.037198156118392944,cauldron_ln_17060,0
-2.0308189392089844,0.007839514873921871,0.109375,0.03361063450574875,0.0784505233168602,0.0533854179084301,cauldron_ln_29399,0
-1.4682791233062744,0.0016313032247126102,0.09765625,0.030534928664565086,0.06562500447034836,0.038799580186605453,mix_UI_ST_0_1136,0
-1.4114900827407837,0.002437522169202566,0.1875,0.04889575392007828,0.11015625298023224,0.06419959664344788,mix_UI_ST_0_1087,0
-1.0814579725265503,0.0020423303358256817,0.10546875,0.036968883126974106,0.099609375,0.045166015625,cauldron_ln_5083,0
-1.3164596557617188,-0.005186382215470076,0.1171875,0.03741150349378586,0.0755208358168602,0.0322808176279068,cauldron_ln_9111,0
-1.4813196659088135,0.002599379513412714,0.046875,0.02812667191028595,0.046875,0.03759765625,mix_SI_UT_0_1022,0
-1.3667771816253662,0.001007080078125,0.1484375,0.04740476235747337,0.12890625,0.0615234412252903,mix_UI_ST_0_209,0
-1.4201881885528564,0.00215911865234375,0.08203125,0.029808277264237404,0.05615234375,0.03867187723517418,cauldron_ln_22667,0
-1.7215640544891357,-0.0050048828125,0.05078125,0.039045579731464386,0.048828125,0.0406901054084301,cauldron_ln_10986,1
-1.3175411224365234,-0.0062391492538154125,0.0703125,0.028562065213918686,0.0481770858168602,0.0259874127805233,cauldron_ln_28703,0
-1.0829278230667114,0.000457763671875,0.1328125,0.03564048185944557,0.08203125,0.04374999925494194,mix_UI_ST_0_1137,0
-1.700999140739441,0.0013386119389906526,0.125,0.03838759660720825,0.076171875,0.049893468618392944,cauldron_ln_14581,1
-1.3476457595825195,0.016038160771131516,0.109375,0.042964063584804535,0.09765625,0.080078125,cauldron_ln_6845,1
-1.2448177337646484,0.00026702880859375,0.078125,0.035646453499794006,0.0651041716337204,0.0428466796875,mix_SI_UT_0_376,0
-1.923520565032959,0.008539614267647266,0.078125,0.03644051030278206,0.07421875,0.05703125149011612,mix_UI_ST_0_1161,0
-1.139562964439392,0.004453716799616814,0.08984375,0.03927928954362869,0.07421875,0.0526123046875,cauldron_ln_21941,1
-0.6904242634773254,0.004824829287827015,0.1171875,0.028584714978933334,0.0711263045668602,0.03895263746380806,mix_SI_UT_0_818,0
-1.354722261428833,-0.00146484375,0.0498046875,0.026302749291062355,0.0498046875,0.033447265625,cauldron_ln_18113,0
-1.373624563217163,0.012086233124136925,0.1015625,0.037275128066539764,0.0859375,0.0569661483168602,cauldron_ln_29956,0
-1.621360182762146,0.004778348840773106,0.1015625,0.02921503409743309,0.0703125,0.043719954788684845,mix_UI_ST_0_261,0
-1.2098428010940552,0.0032201306894421577,0.140625,0.03874621167778969,0.1015625,0.0505022332072258,cauldron_ln_10573,0
-1.432168960571289,0.0018863932928070426,0.1875,0.03961225971579552,0.0828683078289032,0.0476345494389534,cauldron_ln_11124,1
-1.9999489784240723,-0.0004394531424622983,0.078125,0.03649814426898956,0.078125,0.0520833358168602,mix_UI_ST_0_115,0
-1.5258166790008545,0.0044235228560864925,0.1171875,0.040755558758974075,0.0888671875,0.05361328274011612,mix_UI_ST_0_1144,0
-1.7080541849136353,-0.0008175012189894915,0.125,0.037686631083488464,0.0885416716337204,0.04534912109375,cauldron_ln_13137,1
-2.045949935913086,-0.00018708602874539793,0.078125,0.0516999214887619,0.076171875,0.06019176170229912,cauldron_ln_6504,1
-2.05710506439209,0.002838134765625,0.125,0.04297884926199913,0.0881696492433548,0.0538736991584301,mix_SI_UT_0_1382,0
-1.5560777187347412,0.010279501788318157,0.1328125,0.03497163578867912,0.09765625,0.0569196455180645,cauldron_ln_11742,0
-0.9666259288787842,0.0027393160853534937,0.078125,0.021630309522151947,0.0498046875,0.02890625037252903,cauldron_ln_16530,0
-1.1229310035705566,0.0048660277388989925,0.08203125,0.03281041234731674,0.06201171875,0.046142578125,mix_UI_ST_0_259,0
-1.8537095785140991,0.012380370870232582,0.125,0.039579544216394424,0.1015625,0.0707194060087204,mix_UI_ST_0_1475,0
-2.020282745361328,0.005154380574822426,0.140625,0.039972830563783646,0.0898437574505806,0.056640625,mix_UI_ST_0_686,0
-1.7357194423675537,0.0072021484375,0.078125,0.03627132624387741,0.0638020858168602,0.0494384765625,mix_UI_ST_0_1267,0
-1.133996605873108,-0.005898109171539545,0.078125,0.03755543380975723,0.05703125149011612,0.03155048191547394,mix_UI_ST_0_1337,0
-0.8360028266906738,0.004608154296875,0.1171875,0.03918466717004776,0.07539062947034836,0.051382213830947876,cauldron_ln_10126,0
-1.2404310703277588,-0.0003047459467779845,0.1640625,0.04764331132173538,0.0892857164144516,0.05862247198820114,mix_SI_UT_0_395,0
-1.8238987922668457,-0.0073983329348266125,0.12890625,0.04186408221721649,0.0703125,0.0417378768324852,cauldron_ln_22140,1
-0.9643977284431458,-0.00145953637547791,0.0859375,0.03970571607351303,0.064453125,0.04648437723517418,cauldron_ln_12278,1
-1.4201468229293823,-0.0158778615295887,0.0234375,0.03194788843393326,0.017822265625,0.00798688642680645,mix_UI_ST_0_495,0
-3.177971363067627,-0.009273134171962738,0.15625,0.058692190796136856,0.09531249850988388,0.0530133955180645,mix_SI_UT_0_1063,0
-1.6769084930419922,-0.006333295255899429,0.09375,0.03862444683909416,0.07187499850988388,0.0415852889418602,mix_UI_ST_0_1441,0
-1.6524242162704468,0.0059143067337572575,0.1328125,0.037731096148490906,0.08984375,0.05400390550494194,cauldron_ln_17049,0
-1.3106575012207031,0.002644404536113143,0.171875,0.03855230659246445,0.08804086595773697,0.04835464060306549,cauldron_ln_23033,1
-1.9203295707702637,-0.0036740771029144526,0.078125,0.04373433068394661,0.06093750149011612,0.0462239608168602,cauldron_ln_7144,1
-1.9543064832687378,0.0020249311346560717,0.06640625,0.025007855147123337,0.0559895858168602,0.033447265625,mix_SI_UT_0_1000,0
-1.3730785846710205,-0.0003369140613358468,0.078125,0.03891798481345177,0.05625000223517418,0.0419921875,mix_SI_UT_0_314,0
-1.5748823881149292,0.00597381591796875,0.140625,0.04359402880072594,0.0911458358168602,0.05810546875,cauldron_ln_28615,1
-1.0295042991638184,-0.0057869842275977135,0.041015625,0.027174372225999832,0.03076171875,0.01979980431497097,mix_SI_UT_0_1418,0
-1.4311013221740723,0.0022615999914705753,0.09375,0.043261751532554626,0.0833333358168602,0.0557725690305233,cauldron_ln_518,0
-1.7450268268585205,-0.0038574219215661287,0.07421875,0.036169685423374176,0.060546875,0.04042968899011612,cauldron_ln_24684,0
-1.4588727951049805,0.0005018446245230734,0.109375,0.042479515075683594,0.109375,0.0546875,mix_SI_UT_0_177,0
-1.1386950016021729,-0.002180699026212096,0.0546875,0.03773464635014534,0.0462239608168602,0.041259765625,mix_SI_UT_0_775,0
-1.2996740341186523,-0.014343260787427425,0.044921875,0.03166314214468002,0.0361328125,0.02304687537252903,mix_UI_ST_0_931,0
-1.8181853294372559,0.0018265335820615292,0.0703125,0.042399149388074875,0.06640625,0.05224609375,cauldron_ln_26014,1
-1.294059157371521,0.0019924587104469538,0.0703125,0.029507730156183243,0.0625,0.03986150771379471,cauldron_ln_22909,0
-2.9415998458862305,0.0031331379432231188,0.05078125,0.024838579818606377,0.048828125,0.0333658866584301,mix_SI_UT_0_229,0
-1.350435733795166,0.0014502785634249449,0.1328125,0.04240211099386215,0.09619140625,0.049405187368392944,cauldron_ln_19754,1
-1.7367489337921143,0.0005842999671585858,0.15625,0.04638906940817833,0.087890625,0.05029296875,mix_UI_ST_0_117,0
-1.9956238269805908,0.011144125834107399,0.1015625,0.040256157517433167,0.0908203125,0.06953125447034836,mix_UI_ST_0_264,0
-1.1645963191986084,-0.0012803188292309642,0.10546875,0.03842499852180481,0.08203125,0.04692382737994194,mix_UI_ST_0_699,0
-1.4153605699539185,-0.00014711037511005998,0.05859375,0.02948733977973461,0.048828125,0.0392795130610466,cauldron_ln_11148,1
-2.0843558311462402,0.009865722618997097,0.09375,0.037690214812755585,0.08984375,0.0625,cauldron_ln_13022,0
-1.3799726963043213,0.004359654150903225,0.0859375,0.02715618722140789,0.064453125,0.0387369804084301,mix_SI_UT_0_355,0
-1.609426736831665,-0.0057576498948037624,0.08984375,0.04711630567908287,0.0768229216337204,0.0461154505610466,mix_SI_UT_0_1456,0
-1.228491187095642,-0.008037860505282879,0.078125,0.03579990938305855,0.078125,0.037841796875,cauldron_ln_5550,1
-1.9371840953826904,-0.007348137907683849,0.0546875,0.03193896636366844,0.0390625,0.0235460065305233,mix_UI_ST_0_574,0
-1.9495301246643066,0.005278716329485178,0.078125,0.044513534754514694,0.0703125,0.056640625,mix_SI_UT_0_1375,0
-1.2608067989349365,0.002530184807255864,0.046875,0.028128696605563164,0.046875,0.03730468824505806,cauldron_ln_22347,0
-1.2090994119644165,0.00408935546875,0.0546875,0.03481390327215195,0.052734375,0.044921875,mix_SI_UT_0_957,0
-1.5949158668518066,-0.003913648426532745,0.078125,0.03882068395614624,0.0651041716337204,0.04052734375,mix_UI_ST_0_1097,0
-1.969102144241333,-0.00400306424126029,0.078125,0.0404120609164238,0.07421875,0.0432477705180645,cauldron_ln_20006,1
-2.844759941101074,-0.010504307225346565,0.109375,0.06538113951683044,0.0859375,0.0533854179084301,mix_SI_UT_0_642,0
-1.4741781949996948,0.010016423650085926,0.1875,0.0469701811671257,0.11328125,0.07489483803510666,cauldron_ln_10115,1
-1.4248815774917603,-0.0055175782181322575,0.1875,0.04442521184682846,0.0849609375,0.03936212882399559,cauldron_ln_27366,1
-1.5651724338531494,-0.006891665514558554,0.125,0.039014898240566254,0.078125,0.03910689055919647,mix_UI_ST_0_1200,0
-1.0231990814208984,-0.0017114587826654315,0.1171875,0.036492969840765,0.068359375,0.0401475690305233,mix_UI_ST_0_1042,0
-1.4948347806930542,4.113238901481964e-05,0.0625,0.04241609945893288,0.060546875,0.04335937649011612,cauldron_ln_17096,0
-1.862980604171753,-0.00011350397835485637,0.109375,0.04026031494140625,0.07500000298023224,0.0466308631002903,mix_SI_UT_0_46,0
-1.789318561553955,0.002493286272510886,0.078125,0.029289377853274345,0.06005859375,0.03750000149011612,mix_SI_UT_0_816,0
-1.6721231937408447,0.0009260697406716645,0.1171875,0.042092613875865936,0.08906250447034836,0.051682695746421814,cauldron_ln_26034,1
-2.3169305324554443,0.0060475668869912624,0.15625,0.04481258615851402,0.1067708358168602,0.0651041641831398,mix_UI_ST_0_576,0
-1.6944694519042969,-0.0075552803464233875,0.1328125,0.041211653500795364,0.08203125,0.04296875,cauldron_ln_19315,1
-1.5051863193511963,-0.0007142566610127687,0.15625,0.04798286780714989,0.09130859375,0.05820312723517418,cauldron_ln_432,0
-1.7245087623596191,-0.006914062425494194,0.1015625,0.04358791932463646,0.087890625,0.0469563826918602,mix_UI_ST_0_1298,0
-1.3973894119262695,-0.0017822266090661287,0.0625,0.033931832760572433,0.0572916679084301,0.0397600457072258,mix_UI_ST_0_951,0
-1.436713457107544,0.005246330518275499,0.125,0.034091103821992874,0.0787760466337204,0.04831112176179886,cauldron_ln_25389,1
-1.8232054710388184,-0.005289046093821526,0.140625,0.04636389762163162,0.0774739608168602,0.04944661632180214,cauldron_ln_25359,0
-1.4590198993682861,0.01341488491743803,0.125,0.03580564633011818,0.1080729216337204,0.0642361119389534,cauldron_ln_8628,0
-1.5300309658050537,4.5211229007691145e-05,0.1015625,0.05291920155286789,0.09765625,0.068359375,cauldron_ln_14595,1
-2.179104804992676,-0.00704752653837204,0.0625,0.04160875827074051,0.0546875,0.0449218787252903,mix_UI_ST_0_852,0
-1.129596471786499,0.0007076488109305501,0.1875,0.037848543375730515,0.0712890625,0.0403762087225914,cauldron_ln_24806,0
-1.2657089233398438,-0.01866455189883709,0.1015625,0.08695873618125916,0.0755208358168602,0.0492466539144516,cauldron_ln_19166,0
-1.2946686744689941,-0.0012242244556546211,0.171875,0.04638661816716194,0.08320312947034836,0.04634916037321091,mix_SI_UT_0_881,0
-1.8228521347045898,-0.0029049827717244625,0.08203125,0.051641084253787994,0.072265625,0.05537109449505806,cauldron_ln_10411,0
-0.8868823647499084,-0.0071885851211845875,0.02734375,0.022805342450737953,0.02734375,0.014404296875,cauldron_ln_827,0
-1.581506609916687,0.007500542793422937,0.0859375,0.03239252418279648,0.0703125,0.0486111119389534,cauldron_ln_10503,1
-1.4892551898956299,-0.00010027204552898183,0.046875,0.026678645983338356,0.04296875,0.03281250223517418,cauldron_ln_1384,0
-2.104128360748291,0.0036996696144342422,0.0859375,0.035606250166893005,0.072265625,0.052734375,mix_UI_ST_0_1088,0
-0.9633051156997681,-0.005130767822265625,0.09765625,0.038116902112960815,0.0530598983168602,0.03173828125,cauldron_ln_11951,0
-1.7031035423278809,-0.00501273013651371,0.046875,0.032200124114751816,0.046875,0.02978515625,cauldron_ln_22278,1
-0.8390204310417175,-0.003145658178254962,0.025390625,0.014871243387460709,0.0224609375,0.01241048239171505,mix_UI_ST_0_173,0
-1.9977539777755737,0.0024075715336948633,0.125,0.0414418950676918,0.091796875,0.05450994521379471,cauldron_ln_1637,0
-2.0589182376861572,0.0020921495743095875,0.1328125,0.045608390122652054,0.0859375,0.053485579788684845,cauldron_ln_19719,0
-1.0621064901351929,-0.004966149106621742,0.044921875,0.021823113784193993,0.0283203125,0.01326497457921505,mix_SI_UT_0_1094,0
-1.1316195726394653,0.0005588531494140625,0.1171875,0.03425737842917442,0.0755208358168602,0.0396728515625,cauldron_ln_22769,0
-3.082827568054199,-0.003327125683426857,0.1328125,0.04259820282459259,0.08251953125,0.04638671875,cauldron_ln_2842,0
-1.6669659614562988,0.0006642061634920537,0.109375,0.038047224283218384,0.076171875,0.052734375,mix_SI_UT_0_1057,0
-1.1589083671569824,0.002559000626206398,0.0859375,0.023125233128666878,0.0530133955180645,0.0326877161860466,mix_SI_UT_0_842,0
-1.1872127056121826,-0.0019051688723266125,0.109375,0.0343894436955452,0.0751953125,0.0382254496216774,mix_SI_UT_0_199,0
-1.4384961128234863,-0.0027303060051053762,0.08203125,0.04317006096243858,0.0673828125,0.042258523404598236,mix_SI_UT_0_947,0
-1.3671787977218628,-0.0014697659062221646,0.09375,0.025124579668045044,0.0494791679084301,0.0254778191447258,cauldron_ln_18154,1
-1.4434574842453003,0.004745274316519499,0.15625,0.04172706604003906,0.0998883992433548,0.0584852434694767,cauldron_ln_21248,0
-1.2678358554840088,0.007634141948074102,0.0859375,0.03112879768013954,0.0732421875,0.048295456916093826,mix_UI_ST_0_479,0
-1.623633623123169,-0.003371018683537841,0.1015625,0.04504822567105293,0.0859375,0.05029296875,mix_SI_UT_0_1484,0
-1.4029157161712646,-0.004975663498044014,0.09375,0.03140556812286377,0.060546875,0.036532316356897354,cauldron_ln_26381,1
-0.7066197395324707,-0.0014455694472417235,0.041015625,0.018768252804875374,0.041015625,0.02313232421875,cauldron_ln_7885,1
-1.195798635482788,-0.0029738852754235268,0.109375,0.041659168899059296,0.083984375,0.0435267873108387,mix_SI_UT_0_494,0
-1.3265469074249268,-0.00786675326526165,0.1171875,0.043148986995220184,0.083984375,0.04736328125,cauldron_ln_25885,0
-1.698594331741333,0.007068452425301075,0.125,0.03989219292998314,0.10546875,0.06562500447034836,mix_SI_UT_0_285,0
-1.3845666646957397,-0.0014096215600147843,0.1484375,0.03588947281241417,0.0758463591337204,0.04029948264360428,cauldron_ln_18985,1
-1.513373851776123,-0.003818088211119175,0.0859375,0.038935258984565735,0.0703125,0.04345703125,cauldron_ln_6368,1
-1.5934085845947266,-0.0038330077659338713,0.08203125,0.0474899597465992,0.076171875,0.05820312723517418,cauldron_ln_7297,1
-1.1798726320266724,-0.0018107097130268812,0.1484375,0.05086158961057663,0.0963541716337204,0.04901123046875,cauldron_ln_395,0
-1.2975746393203735,0.0020494963973760605,0.09375,0.03707278519868851,0.0787760466337204,0.0529513880610466,mix_SI_UT_0_79,0
-2.1449809074401855,0.0023593588266521692,0.21875,0.04493607208132744,0.1002604216337204,0.0544433631002903,mix_SI_UT_0_1274,0
-1.2946062088012695,-0.002197265625,0.109375,0.036154430359601974,0.0712890625,0.044921875,mix_UI_ST_0_135,0
-1.3992326259613037,0.0031575520988553762,0.14453125,0.04594219848513603,0.107421875,0.06028054282069206,mix_SI_UT_0_4,0
-1.5261712074279785,-0.009396362118422985,0.09375,0.03409522399306297,0.048095703125,0.0244140625,mix_UI_ST_0_313,0
-2.1118063926696777,0.010439116507768631,0.125,0.04417324811220169,0.125,0.073800228536129,cauldron_ln_3000,0
-0.9705425500869751,0.004241320304572582,0.1171875,0.03656282648444176,0.076171875,0.0471598319709301,cauldron_ln_12697,0
-0.7514771223068237,-0.0021921794395893812,0.048828125,0.027474060654640198,0.0475260429084301,0.02902560867369175,cauldron_ln_22586,0
-1.861872673034668,0.0007685908349230886,0.09375,0.037902459502220154,0.07500000298023224,0.05096905305981636,mix_UI_ST_0_358,0
-0.6757712364196777,0.0015010127099230886,0.080078125,0.025711355730891228,0.0595703125,0.0341796875,cauldron_ln_2921,0
-1.3636940717697144,0.0023005560506135225,0.07421875,0.033706557005643845,0.060546875,0.0462239608168602,cauldron_ln_17006,1
-2.767780303955078,-0.03525390848517418,0.03125,0.07209599763154984,0.03125,0.03125,mix_UI_ST_0_1306,0
-1.6952323913574219,0.0014424043474718928,0.109375,0.049456775188446045,0.078125,0.05224609375,cauldron_ln_4897,0
-1.5407741069793701,2.956390380859375e-05,0.06640625,0.03275727853178978,0.0472005233168602,0.0310516357421875,mix_UI_ST_0_1127,0
-1.2344391345977783,-0.00115203857421875,0.10546875,0.036682505160570145,0.076171875,0.0416085384786129,cauldron_ln_1151,0
-0.9931855201721191,0.004084472544491291,0.078125,0.029725009575486183,0.06640625,0.0409342460334301,cauldron_ln_16702,0
-1.1850690841674805,-0.002685546875,0.0703125,0.04062803089618683,0.06640625,0.0439453125,cauldron_ln_9167,0
-3.232656955718994,0.009023565798997879,0.1875,0.05544564500451088,0.1197916716337204,0.0813802108168602,cauldron_ln_96,0
-2.077378511428833,-0.0175628662109375,0.078125,0.037629347294569016,0.0546875,0.0246233269572258,cauldron_ln_26053,1
-1.6888799667358398,0.010296856984496117,0.0625,0.03389699384570122,0.060546875,0.052734375,mix_SI_UT_0_518,0
-1.0705065727233887,0.007033638656139374,0.099609375,0.03383101895451546,0.0869140625,0.052823156118392944,mix_UI_ST_0_169,0
-1.9519387483596802,0.007089120335876942,0.078125,0.030094686895608902,0.064453125,0.0494791679084301,cauldron_ln_2682,1
-1.1049013137817383,0.0034179689828306437,0.0859375,0.026688551530241966,0.0634765625,0.0359933041036129,cauldron_ln_27767,1
-1.4134823083877563,0.002196340821683407,0.11328125,0.03370605409145355,0.0709635466337204,0.043060302734375,cauldron_ln_7521,1
-2.1014158725738525,-0.009033203125,0.08984375,0.04183533787727356,0.0690104216337204,0.0455729179084301,cauldron_ln_4435,0
-2.016422986984253,0.006019329186528921,0.09375,0.03641381859779358,0.09375,0.0530133955180645,cauldron_ln_13984,0
-1.2307287454605103,-2.7743253667722456e-05,0.0625,0.02842330001294613,0.052734375,0.031338781118392944,mix_UI_ST_0_664,0
-1.8128862380981445,0.0010207155719399452,0.15625,0.04490835219621658,0.0927734375,0.056640625,mix_SI_UT_0_237,0
-1.5273301601409912,-0.0067901611328125,0.0859375,0.04228527098894119,0.0716145858168602,0.0456271693110466,cauldron_ln_24505,1
-1.8843923807144165,-0.0033941499423235655,0.15625,0.04498210921883583,0.0810546875,0.05000000074505806,mix_SI_UT_0_922,0
-0.9815396070480347,0.003981370013207197,0.0859375,0.02886551059782505,0.0585937537252903,0.04096422716975212,mix_SI_UT_0_599,0
-1.944009780883789,-0.004819517023861408,0.125,0.03802582994103432,0.072265625,0.04262695461511612,cauldron_ln_2698,1
-0.9566254615783691,-0.005589638836681843,0.0390625,0.03282691165804863,0.0377604179084301,0.0298549123108387,cauldron_ln_21200,0
-1.077819585800171,0.007489805109798908,0.083984375,0.034476809203624725,0.080078125,0.054311901330947876,mix_SI_UT_0_211,0
-1.1154358386993408,0.008123582229018211,0.1328125,0.0397159568965435,0.1067708358168602,0.0618024580180645,cauldron_ln_353,0
-1.4455057382583618,-0.0011132812360301614,0.125,0.04281347990036011,0.06923828274011612,0.0427653007209301,mix_SI_UT_0_961,0
-1.3250887393951416,0.006416829768568277,0.07421875,0.03209111839532852,0.07421875,0.052734375,cauldron_ln_21555,0
-1.7674734592437744,-0.0078125,0.125,0.06723492592573166,0.09375,0.0477120541036129,mix_SI_UT_0_1319,0
-1.4811995029449463,-0.01506696455180645,0.05078125,0.04021313413977623,0.05078125,0.0319010429084301,mix_UI_ST_0_166,0
-2.062835216522217,-0.0060870461165905,0.125,0.04594435170292854,0.078125,0.04277344048023224,mix_UI_ST_0_1055,0
-1.988994836807251,-0.006041479762643576,0.1171875,0.03356926888227463,0.0533854179084301,0.02949218824505806,mix_UI_ST_0_759,0
-3.273197889328003,0.004610769916325808,0.125,0.042006831616163254,0.09375,0.0576171875,cauldron_ln_547,0
-2.1027588844299316,0.016485916450619698,0.21875,0.047765493392944336,0.125,0.0807291641831398,mix_SI_UT_0_1182,0
-1.778507113456726,0.0013683687429875135,0.0703125,0.0367082878947258,0.0611979179084301,0.0493861623108387,cauldron_ln_24393,1
-1.7704346179962158,0.009113400243222713,0.09375,0.04221247136592865,0.080078125,0.06259765475988388,cauldron_ln_24251,0
-1.4713473320007324,-0.0006103515625,0.0703125,0.03781269118189812,0.0651041716337204,0.0470920130610466,cauldron_ln_9759,0
-1.694007396697998,0.0015106201171875,0.125,0.04134758561849594,0.09375,0.0502115897834301,cauldron_ln_9147,0
-1.8281896114349365,0.0012912234524264932,0.109375,0.03616146743297577,0.0792410746216774,0.0462782122194767,cauldron_ln_4037,1
-1.6290819644927979,0.004593912977725267,0.0859375,0.03460588678717613,0.0673828125,0.05065104365348816,cauldron_ln_15740,1
-1.7675113677978516,-0.00691964291036129,0.09375,0.0466611310839653,0.0792410746216774,0.053596049547195435,mix_UI_ST_0_1296,0
-2.277493715286255,0.004884847439825535,0.125,0.052546922117471695,0.1002604216337204,0.074776791036129,cauldron_ln_16985,1
-2.1344752311706543,0.021189970895648003,0.15625,0.04654800146818161,0.15625,0.08642578125,cauldron_ln_26060,0
-1.2018561363220215,0.0026007757987827063,0.078125,0.03856378793716431,0.06406249850988388,0.04755108430981636,cauldron_ln_7836,1
-1.937933087348938,0.012054122984409332,0.15625,0.044450681656599045,0.1026475727558136,0.07243546098470688,cauldron_ln_18436,1
-1.9063060283660889,-0.003552245907485485,0.0859375,0.04612921178340912,0.072265625,0.0436197929084301,cauldron_ln_4246,0
-1.1727049350738525,-0.0011813255259767175,0.078125,0.03302726522088051,0.0537109375,0.0396205373108387,cauldron_ln_5742,0
-1.5349345207214355,-0.004356971476227045,0.0546875,0.04234436899423599,0.0546875,0.0377604179084301,mix_UI_ST_0_952,0
-2.0627708435058594,-0.0026534232310950756,0.109375,0.04043717682361603,0.0859375,0.046875,mix_SI_UT_0_974,0
-1.6097376346588135,0.005502254236489534,0.109375,0.03371555730700493,0.072265625,0.052689988166093826,mix_UI_ST_0_323,0
-2.1083805561065674,-7.798936712788418e-05,0.125,0.04608763009309769,0.0945870578289032,0.06298828125,mix_SI_UT_0_386,0
-1.6005886793136597,-0.00270792655646801,0.048828125,0.026387756690382957,0.048828125,0.0338541679084301,cauldron_ln_12681,1
-1.3883999586105347,-0.0033365886192768812,0.04296875,0.030785303562879562,0.04296875,0.033447265625,cauldron_ln_22409,0
-1.3112807273864746,-0.0036687981337308884,0.1015625,0.03721378743648529,0.0714285746216774,0.0367431640625,cauldron_ln_25736,0
-1.5105304718017578,-0.0021870930213481188,0.078125,0.03684164956212044,0.0572916679084301,0.0401475690305233,cauldron_ln_4535,1
-0.8530921936035156,-0.005614524707198143,0.09375,0.03516712784767151,0.05401611328125,0.02684384398162365,cauldron_ln_3004,1
-1.6218373775482178,0.0022289135958999395,0.09375,0.04398248717188835,0.09375,0.0548502616584301,cauldron_ln_7572,1
-1.4519298076629639,-0.00040590675780549645,0.125,0.03932724893093109,0.06911057978868484,0.04267282411456108,cauldron_ln_19724,1
-2.674142360687256,-0.0038909912109375,0.125,0.05575524643063545,0.0690104216337204,0.041015625,mix_UI_ST_0_1081,0
-1.8631386756896973,0.01790434680879116,0.13671875,0.03851029649376869,0.111328125,0.0714285746216774,cauldron_ln_10740,1
-0.8447923064231873,0.010582557879388332,0.1640625,0.04476364329457283,0.12968750298023224,0.06520432978868484,cauldron_ln_18624,0
-1.416877269744873,0.008111769333481789,0.09375,0.032983794808387756,0.0703125,0.0510602705180645,cauldron_ln_26941,1
-1.9471518993377686,-0.00376790389418602,0.09375,0.03667939826846123,0.0631510466337204,0.0362374447286129,cauldron_ln_29594,1
-1.6060436964035034,0.015795672312378883,0.1640625,0.0433197058737278,0.11328125,0.0768229216337204,cauldron_ln_9958,1
-2.249021053314209,-0.003959960769861937,0.048828125,0.03390040248632431,0.0400390625,0.02913411520421505,cauldron_ln_13807,1
-2.427211284637451,0.00523237744346261,0.12109375,0.03931622952222824,0.0849609375,0.053622160106897354,cauldron_ln_4965,1
-1.5209746360778809,-0.002253069309517741,0.046875,0.024106239899992943,0.03515625,0.022216796875,cauldron_ln_14868,1
-1.6294047832489014,0.00408935546875,0.11328125,0.03332575410604477,0.06640625,0.0456891767680645,mix_UI_ST_0_422,0
-1.516677737236023,0.005474175326526165,0.0625,0.02936285175383091,0.0576171875,0.04456676170229912,cauldron_ln_7334,0
-2.386631965637207,0.0010107421549037099,0.078125,0.04833479970693588,0.078125,0.0494791679084301,mix_SI_UT_0_704,0
-1.340829849243164,0.0002856784558389336,0.08984375,0.027274681255221367,0.05078125,0.03059895895421505,cauldron_ln_15766,0
-1.2241041660308838,0.01483154296875,0.07421875,0.03575378283858299,0.07421875,0.068359375,mix_SI_UT_0_1258,0
-1.3584619760513306,0.0020204740576446056,0.0859375,0.029302027076482773,0.08203125,0.0403180830180645,cauldron_ln_14737,1
-0.8979277610778809,0.01141357421875,0.078125,0.03288308158516884,0.078125,0.0572916679084301,mix_SI_UT_0_32,0
-2.2513880729675293,-0.005595439113676548,0.1171875,0.04391871765255928,0.0924479216337204,0.0490451380610466,mix_SI_UT_0_1278,0
-1.5434036254882812,0.01077815517783165,0.125,0.037434179335832596,0.1171875,0.0606863871216774,cauldron_ln_21348,0
-1.355445146560669,-0.002551739104092121,0.140625,0.04917765408754349,0.1328125,0.0608927421271801,mix_UI_ST_0_1109,0
-1.579892873764038,0.00633138045668602,0.0625,0.03250208497047424,0.0625,0.05078125,mix_SI_UT_0_341,0
-1.8584651947021484,-0.005410953424870968,0.078125,0.042900387197732925,0.0625,0.0423177108168602,cauldron_ln_14513,1
-1.3609737157821655,-0.004958580248057842,0.05859375,0.02806033007800579,0.056640625,0.02186802588403225,cauldron_ln_19811,0
-1.9518873691558838,0.004385283682495356,0.1015625,0.04234067723155022,0.08203125,0.055419921875,cauldron_ln_21724,0
-0.903985321521759,-0.0007639238610863686,0.0703125,0.024679604917764664,0.048828125,0.0335518978536129,mix_UI_ST_0_997,0
-2.888584613800049,-0.00034877232974395156,0.0546875,0.035027630627155304,0.0546875,0.0424107164144516,cauldron_ln_17964,1
-1.116129994392395,0.01620846800506115,0.1328125,0.030377373099327087,0.095703125,0.0576171875,cauldron_ln_16560,0
-1.4595093727111816,-0.007905506528913975,0.078125,0.04444216564297676,0.06494140625,0.04130859300494194,cauldron_ln_3084,0
-1.406418800354004,-0.003018466057255864,0.07421875,0.04678957909345627,0.072265625,0.04570312425494194,mix_UI_ST_0_174,0
-1.3130643367767334,0.007944144308567047,0.109375,0.02791428193449974,0.06406249850988388,0.0470377616584301,mix_SI_UT_0_1459,0
-1.7376537322998047,-0.023215554654598236,0.03125,0.0466298945248127,0.03125,0.025390625,cauldron_ln_28626,1
-1.0688573122024536,0.004036398604512215,0.16796875,0.03562771901488304,0.0869140625,0.04339240491390228,mix_UI_ST_0_523,0
-1.5636770725250244,-0.005138820968568325,0.05859375,0.03124189004302025,0.0390625,0.025390625,cauldron_ln_29031,0
-2.4922034740448,-0.0020243327599018812,0.1171875,0.04209309443831444,0.08056640625,0.0422770194709301,mix_SI_UT_0_356,0
-1.239875316619873,0.003196470206603408,0.12890625,0.03541913256049156,0.0833333358168602,0.0479213185608387,cauldron_ln_12279,0
-1.2677743434906006,0.0021415711380541325,0.109375,0.03180425241589546,0.06787109375,0.04179687425494194,mix_UI_ST_0_151,0
-1.4499425888061523,-0.00091552734375,0.0546875,0.035670384764671326,0.05078125,0.03828125074505806,cauldron_ln_4970,1
-1.2569165229797363,-0.009373020380735397,0.125,0.040424562990665436,0.0670572966337204,0.02945963479578495,mix_UI_ST_0_906,0
-1.9975367784500122,-0.0070284330286085606,0.0390625,0.03016314096748829,0.03125,0.01936849020421505,mix_SI_UT_0_589,0
-3.7345476150512695,0.0025076731108129025,0.1328125,0.052819423377513885,0.099609375,0.06648137420415878,cauldron_ln_6563,1
-1.6456959247589111,-0.002610426628962159,0.109375,0.04797697812318802,0.08984375,0.0638020858168602,mix_UI_ST_0_559,0
-0.9234329462051392,-0.011004325933754444,0.07421875,0.03884017467498779,0.0621744804084301,0.02959526889026165,mix_UI_ST_0_1178,0
-1.7858980894088745,0.0024083456955850124,0.0546875,0.02472970262169838,0.046875,0.0341796875,mix_SI_UT_0_381,0
-1.8106682300567627,-0.010568926110863686,0.05078125,0.0348392017185688,0.04296875,0.0253557488322258,mix_SI_UT_0_15,0
-2.1457462310791016,0.0087716244161129,0.109375,0.03796575963497162,0.0859375,0.0530133955180645,mix_UI_ST_0_1336,0
-1.5255205631256104,-0.0019812951795756817,0.0625,0.038254108279943466,0.056640625,0.0354817733168602,cauldron_ln_13079,0
-1.7374112606048584,-0.00806427001953125,0.09375,0.03725424408912659,0.06640625,0.035491943359375,cauldron_ln_24208,1
-1.3165574073791504,-0.007494656834751368,0.078125,0.05792258307337761,0.0703125,0.04131610691547394,mix_UI_ST_0_1366,0
-2.1015799045562744,-0.008250310085713863,0.0625,0.03982314467430115,0.05507812649011612,0.03658353537321091,cauldron_ln_15625,0
-1.998433232307434,-0.0018775577191263437,0.05859375,0.028488200157880783,0.052734375,0.03427734598517418,mix_UI_ST_0_153,0
-1.4127023220062256,0.0014798349002376199,0.1015625,0.030601831153035164,0.06367187947034836,0.0384347103536129,mix_SI_UT_0_244,0
-1.309624433517456,0.0022268195170909166,0.1171875,0.03658272325992584,0.0776909738779068,0.04899796470999718,mix_UI_ST_0_1182,0
-1.871313452720642,0.00225830078125,0.09375,0.032271064817905426,0.0690104216337204,0.04443359375,cauldron_ln_12537,0
-1.3184982538223267,0.0035367838572710752,0.0859375,0.030193159356713295,0.0672433078289032,0.0453559048473835,mix_SI_UT_0_1236,0
-1.204625129699707,0.003569846972823143,0.1015625,0.03862891346216202,0.07763671875,0.05390625074505806,cauldron_ln_29346,1
-1.642301082611084,-0.0055367606692016125,0.109375,0.04450681060552597,0.066650390625,0.0404459647834301,mix_UI_ST_0_769,0
-0.8909648060798645,-0.0048828125,0.0859375,0.036408890038728714,0.0859375,0.04052734375,mix_SI_UT_0_759,0
-1.3226139545440674,-0.011646759696304798,0.072265625,0.04919015243649483,0.060546875,0.0353190116584301,mix_UI_ST_0_963,0
-1.7804527282714844,0.0034724646247923374,0.1015625,0.0342160202562809,0.09765625,0.0425502248108387,mix_UI_ST_0_486,0
-1.364912509918213,-0.00518798828125,0.05078125,0.04922369122505188,0.048828125,0.03857421875,mix_SI_UT_0_1498,0
-1.719106912612915,-0.0036621096078306437,0.109375,0.05289730429649353,0.1015625,0.0549665205180645,mix_UI_ST_0_941,0
-1.6487278938293457,-0.011082240380346775,0.1015625,0.04238731414079666,0.0709635466337204,0.04150390625,mix_UI_ST_0_273,0
-2.4166998863220215,-0.0019188355654478073,0.140625,0.05321138724684715,0.115234375,0.06494140625,cauldron_ln_13562,1
-1.1131536960601807,-0.00026147160679101944,0.140625,0.03845170512795448,0.077392578125,0.04176025465130806,cauldron_ln_24690,1
-2.096691370010376,0.01156893651932478,0.171875,0.049976836889982224,0.12890625,0.07851562649011612,cauldron_ln_29542,0
-1.7777190208435059,-0.006166400387883186,0.037109375,0.02855861932039261,0.0348307304084301,0.025390625,mix_UI_ST_0_379,0
-1.7840468883514404,0.0005749117699451745,0.1484375,0.046668075025081635,0.095703125,0.0583147332072258,mix_SI_UT_0_971,0
-1.8305188417434692,0.0053056082688272,0.1015625,0.032961659133434296,0.07861328125,0.0458984375,cauldron_ln_4915,1
-1.299336314201355,-0.0021765923593193293,0.05078125,0.023617345839738846,0.0397135429084301,0.0238734669983387,cauldron_ln_3956,0
-1.0909202098846436,-0.0071145761758089066,0.109375,0.05229794606566429,0.0908203125,0.05353338271379471,cauldron_ln_9102,1
-2.1627025604248047,0.005549182649701834,0.1328125,0.0456908717751503,0.0993303582072258,0.0640190988779068,mix_SI_UT_0_912,0
-1.9666709899902344,0.005305849481374025,0.3125,0.053613778203725815,0.11640625447034836,0.0666155144572258,mix_SI_UT_0_663,0
-1.6998952627182007,-0.00060260109603405,0.109375,0.035315558314323425,0.0677083358168602,0.0410156287252903,cauldron_ln_10919,0
-1.3993303775787354,0.0067916871048510075,0.125,0.036706071346998215,0.087890625,0.052734375,mix_SI_UT_0_946,0
-1.9636645317077637,0.006123134400695562,0.109375,0.037597060203552246,0.08515625447034836,0.0541294664144516,cauldron_ln_1116,0
-1.1597280502319336,0.008473057299852371,0.13671875,0.039938803762197495,0.0983072966337204,0.0625,cauldron_ln_16297,0
-1.5098319053649902,0.0020431766752153635,0.1875,0.04684949666261673,0.08984375,0.05260416865348816,mix_UI_ST_0_1451,0
-1.6565701961517334,-0.008788123726844788,0.140625,0.04514606297016144,0.0768229216337204,0.040771484375,cauldron_ln_7204,0
-1.6803317070007324,0.0006866455660201609,0.078125,0.03502747416496277,0.0592447929084301,0.03867187723517418,cauldron_ln_273,0
-0.9771659970283508,0.0043792724609375,0.044921875,0.019666779786348343,0.044921875,0.0322265625,cauldron_ln_5339,1
-1.744529366493225,0.004778826609253883,0.125,0.0415709987282753,0.1171875,0.0595703125,cauldron_ln_14496,0
-1.794419765472412,-0.005060369614511728,0.09375,0.03873084858059883,0.0729166716337204,0.042327880859375,cauldron_ln_29744,0
-2.609506130218506,-0.0019182477844879031,0.109375,0.044083740562200546,0.0803571492433548,0.054342832416296005,mix_UI_ST_0_1320,0
-2.179147720336914,-0.0013834636192768812,0.078125,0.03729197755455971,0.0751953125,0.04609375074505806,cauldron_ln_2036,1
-2.7083580493927,0.0037434897385537624,0.0625,0.04278643801808357,0.0625,0.0416666679084301,mix_UI_ST_0_242,0
-0.8867907524108887,0.0068399179726839066,0.1953125,0.04293488338589668,0.1123046875,0.058549363166093826,cauldron_ln_16972,0
-1.8007030487060547,-0.0045989989303052425,0.09375,0.04210638999938965,0.07421875,0.04228515550494194,mix_UI_ST_0_917,0
-1.9091119766235352,-0.0004347764188423753,0.15625,0.03907888010144234,0.0751953125,0.046104028820991516,mix_UI_ST_0_8,0
-1.3157706260681152,0.0020515441428869963,0.09375,0.02898959442973137,0.06640625,0.0380859375,cauldron_ln_8494,1
-2.050135850906372,-0.01220703125,0.078125,0.04800345376133919,0.078125,0.0361328125,cauldron_ln_28669,1
-1.5436367988586426,0.0030517578125,0.15625,0.05069052800536156,0.109375,0.05878906324505806,cauldron_ln_25653,1
-1.3643414974212646,-0.016491400077939034,0.09375,0.04608945548534393,0.05859375,0.03038330189883709,cauldron_ln_22038,1
-1.593024730682373,0.0033187868539243937,0.078125,0.03147247061133385,0.0625,0.0421316996216774,mix_SI_UT_0_819,0
-1.2673211097717285,-0.0011718750465661287,0.0703125,0.028478989377617836,0.0478515625,0.033203125,mix_SI_UT_0_197,0
-1.5320484638214111,0.005752964876592159,0.134765625,0.046363864094018936,0.0984933078289032,0.062191613018512726,mix_SI_UT_0_441,0
-1.8408710956573486,-0.0095970518887043,0.15625,0.04025367274880409,0.0712890625,0.0352783203125,mix_SI_UT_0_365,0
-1.291667103767395,0.0012037489796057343,0.11328125,0.03978613018989563,0.0846354216337204,0.0437282994389534,mix_SI_UT_0_1460,0
-0.9729434847831726,-0.003838790114969015,0.046875,0.01667848601937294,0.02910156361758709,0.0132882259786129,cauldron_ln_3830,0
-1.610164999961853,0.006665830500423908,0.140625,0.0418827161192894,0.10781250149011612,0.06069711595773697,cauldron_ln_6204,1
-2.470189094543457,0.008704552426934242,0.07421875,0.03285453841090202,0.064453125,0.0462239608168602,mix_SI_UT_0_883,0
-1.0487476587295532,0.004607024136930704,0.078125,0.02450992539525032,0.0625,0.0400390625,cauldron_ln_8681,0
-1.3102712631225586,-0.0073991259559988976,0.0654296875,0.03611934930086136,0.0535481795668602,0.0338134765625,mix_UI_ST_0_1354,0
-2.2445790767669678,0.003940582275390625,0.1015625,0.04031617194414139,0.07421875,0.0520833358168602,mix_UI_ST_0_639,0
-1.846700668334961,-0.0013200145913287997,0.15625,0.04676011949777603,0.08281250298023224,0.0537109412252903,cauldron_ln_5211,1
-1.741274356842041,0.01184563897550106,0.125,0.03863636031746864,0.09921874850988388,0.0596051923930645,mix_SI_UT_0_272,0
-2.2194089889526367,0.0006225585821084678,0.09375,0.031817249953746796,0.0693359375,0.041015625,mix_UI_ST_0_1301,0
-1.3749792575836182,0.003896860172972083,0.0703125,0.03145429491996765,0.068359375,0.0478515625,mix_SI_UT_0_345,0
-2.340902805328369,0.008535532280802727,0.09375,0.037488456815481186,0.09375,0.05859375,cauldron_ln_19457,1
-1.4743833541870117,0.0004862467758357525,0.09375,0.03871539980173111,0.0677083358168602,0.0456194207072258,cauldron_ln_22130,0
-2.0051140785217285,-0.011789376847445965,0.08984375,0.040638428181409836,0.0625,0.032806396484375,cauldron_ln_21214,1
-1.0007190704345703,-0.002516526496037841,0.06640625,0.03436492383480072,0.060546875,0.0362955741584301,cauldron_ln_231,1
-1.3532235622406006,0.004078052472323179,0.078125,0.031139753758907318,0.07421875,0.0485026054084301,cauldron_ln_20935,1
-1.1956055164337158,0.002910821931436658,0.087890625,0.02961098961532116,0.05898437649011612,0.03936298191547394,mix_UI_ST_0_6,0
-1.1295088529586792,0.005313873756676912,0.0625,0.02337014302611351,0.05234375223517418,0.0360630601644516,mix_UI_ST_0_1107,0
-2.9869093894958496,0.001324821962043643,0.125,0.053103383630514145,0.09375,0.06732536852359772,mix_UI_ST_0_767,0
-1.4137980937957764,0.0003344726574141532,0.1171875,0.03409893810749054,0.0647321492433548,0.0422092005610466,mix_UI_ST_0_707,0
-1.847623348236084,-0.0013409783132374287,0.125,0.04539908096194267,0.0885416716337204,0.054443359375,mix_SI_UT_0_1440,0
-2.077888011932373,-0.021981557831168175,0.03125,0.06002996861934662,0.03125,0.01819356344640255,cauldron_ln_14431,0
-1.5894067287445068,-0.005604137200862169,0.1640625,0.04428943246603012,0.0856119841337204,0.0439453125,mix_SI_UT_0_1153,0
-0.992443323135376,0.00041672278894111514,0.109375,0.0430944450199604,0.107421875,0.0499441996216774,mix_UI_ST_0_1467,0
-1.1929476261138916,0.00913221575319767,0.0703125,0.026681654155254364,0.06005859375,0.048295456916093826,cauldron_ln_17905,0
-1.0755565166473389,0.0005231584655120969,0.125,0.030372241511940956,0.06298828125,0.03615722805261612,cauldron_ln_9476,0
-1.1888397932052612,-0.0016318873967975378,0.046875,0.023628488183021545,0.046875,0.030517578125,mix_UI_ST_0_853,0
-1.264310598373413,-0.0058111571706831455,0.0625,0.03292027488350868,0.041015625,0.0257568359375,cauldron_ln_26431,0
-1.5852477550506592,0.006564800627529621,0.064453125,0.035407766699790955,0.0634765625,0.0524088554084301,cauldron_ln_23930,0
-1.171334981918335,0.0031692958436906338,0.12109375,0.03661872446537018,0.07675781100988388,0.04644531011581421,mix_UI_ST_0_418,0
-1.6259217262268066,-0.00832112692296505,0.078125,0.04357757419347763,0.078125,0.0381062850356102,cauldron_ln_18614,0
-1.4518086910247803,-0.004819429945200682,0.10546875,0.03754514455795288,0.07421875,0.0384657122194767,mix_SI_UT_0_690,0
-1.2089715003967285,-0.0044730049557983875,0.0546875,0.03430861607193947,0.044677734375,0.02934570424258709,mix_SI_UT_0_1411,0
-1.1207060813903809,-0.001312255859375,0.09765625,0.03400573879480362,0.0693359375,0.0413411483168602,cauldron_ln_15918,1
-1.5464673042297363,-0.0058419364504516125,0.08984375,0.04680613428354263,0.08984375,0.05078125,cauldron_ln_1911,0
-2.4451282024383545,-0.0009293989860452712,0.109375,0.044917505234479904,0.0810546875,0.055752843618392944,mix_UI_ST_0_126,0
-1.0168631076812744,-0.007159259170293808,0.0703125,0.032748132944107056,0.0572916679084301,0.02843221090734005,mix_UI_ST_0_630,0
-1.5533864498138428,0.00969726499170065,0.078125,0.031436171382665634,0.0703125,0.048828125,cauldron_ln_4738,1
-1.225193977355957,-0.0083160400390625,0.0703125,0.03646966814994812,0.06298828125,0.03237304836511612,mix_SI_UT_0_996,0
-1.9399281740188599,0.0030236495658755302,0.1015625,0.0368218719959259,0.0807291716337204,0.0546875,cauldron_ln_28800,0
-1.348690390586853,-0.008976527489721775,0.1171875,0.03828117251396179,0.0732421875,0.03423767164349556,mix_UI_ST_0_237,0
-1.0450971126556396,0.0003502017061691731,0.28515625,0.059667401015758514,0.1328125,0.06489258259534836,mix_UI_ST_0_25,0
-1.318157434463501,-0.0022142985835671425,0.0859375,0.03822067752480507,0.06689453125,0.04140625149011612,mix_SI_UT_0_766,0
-1.2072126865386963,0.005295973736792803,0.109375,0.03798355907201767,0.0888671875,0.0550130233168602,cauldron_ln_24323,0
-1.2549147605895996,0.0012507719220593572,0.08984375,0.03688161447644234,0.0618489608168602,0.04181985184550285,mix_UI_ST_0_469,0
-1.350870132446289,0.001208075205795467,0.14453125,0.03227716684341431,0.0693359375,0.0390625,cauldron_ln_28512,1
-1.7058476209640503,-0.007257635239511728,0.0625,0.03816434368491173,0.0546875,0.03798828274011612,mix_SI_UT_0_1062,0
-1.9504930973052979,0.00030933727975934744,0.125,0.042142193764448166,0.082763671875,0.05286754295229912,cauldron_ln_9021,0
-1.5967512130737305,-0.004777238238602877,0.0703125,0.034289535135030746,0.0559895858168602,0.0349934883415699,mix_SI_UT_0_913,0
-2.0385284423828125,0.006983439438045025,0.14453125,0.045078668743371964,0.1044921875,0.0621744804084301,mix_SI_UT_0_1365,0
-1.9959238767623901,0.00537806935608387,0.15625,0.04720074683427811,0.0987723246216774,0.06571691483259201,cauldron_ln_28074,0
-1.3405189514160156,0.00636487128213048,0.07421875,0.03357778117060661,0.0677083358168602,0.0514322929084301,mix_UI_ST_0_1116,0
-1.2005083560943604,-0.0015125274658203125,0.06640625,0.03166130557656288,0.0546875,0.0338541679084301,cauldron_ln_145,1
-1.4703419208526611,0.022062987089157104,0.1015625,0.03467237949371338,0.09765625,0.0738932341337204,cauldron_ln_17380,0
-1.5727577209472656,-0.0009228151175193489,0.1171875,0.04421049728989601,0.08984375,0.0567626953125,cauldron_ln_12101,1
-1.3910844326019287,6.58222270430997e-05,0.15234375,0.04223872348666191,0.06562500447034836,0.0425618514418602,mix_SI_UT_0_1355,0
-1.676030158996582,0.005583110731095076,0.078125,0.0319148413836956,0.0690104216337204,0.0483940988779068,cauldron_ln_18346,1
-1.5242178440093994,-0.0017344157677143812,0.15625,0.045594170689582825,0.0872395858168602,0.05081380531191826,cauldron_ln_15125,1
-1.8473141193389893,0.00809555035084486,0.2421875,0.05659352242946625,0.130859375,0.079833984375,mix_SI_UT_0_302,0
-1.5101394653320312,0.002289353869855404,0.08203125,0.03145124390721321,0.06718750298023224,0.0422014519572258,cauldron_ln_7512,1
-2.514477014541626,-0.002814963925629854,0.125,0.04265685752034187,0.07187499850988388,0.04672476276755333,mix_SI_UT_0_293,0
-2.1126341819763184,-0.002619317267090082,0.07421875,0.03280621021986008,0.0478515625,0.0322265625,cauldron_ln_11551,0
-1.3926283121109009,0.015221229754388332,0.1171875,0.03196263685822487,0.091796875,0.0618489608168602,cauldron_ln_8865,1
-2.055152654647827,-0.0027899849228560925,0.1640625,0.044149890542030334,0.0738932266831398,0.05047052726149559,mix_SI_UT_0_306,0
-1.399585485458374,-0.006907801143825054,0.109375,0.0467989481985569,0.0680338591337204,0.03948567807674408,mix_UI_ST_0_1492,0
-1.397528886795044,0.0060050273314118385,0.107421875,0.03174549713730812,0.07373046875,0.047762785106897354,mix_UI_ST_0_904,0
-0.9942373037338257,0.011764897964894772,0.109375,0.032449427992105484,0.07958984375,0.06093750149011612,cauldron_ln_3691,0
-1.542987585067749,0.005323840770870447,0.1015625,0.04076056182384491,0.080078125,0.0592447929084301,cauldron_ln_27639,1
-1.975684642791748,0.005409054458141327,0.171875,0.04785607382655144,0.12109375,0.06850586086511612,cauldron_ln_10439,1
-2.3434877395629883,0.0079201590269804,0.09375,0.03577112779021263,0.0729166716337204,0.0533854179084301,cauldron_ln_23857,0
-1.0295212268829346,0.0,0.05859375,0.0314958430826664,0.048828125,0.03691406175494194,mix_SI_UT_0_1403,0
-1.836531639099121,0.00835164450109005,0.0859375,0.0346871092915535,0.0651041716337204,0.0485491082072258,mix_UI_ST_0_600,0
-1.3912079334259033,-0.0014523875433951616,0.109375,0.033280715346336365,0.068359375,0.0431315116584301,cauldron_ln_9572,0
-1.9744858741760254,-0.00303994445130229,0.1171875,0.07543478906154633,0.0768229216337204,0.0549665205180645,mix_UI_ST_0_104,0
-1.6105867624282837,0.007462664041668177,0.109375,0.045062851160764694,0.091796875,0.06523437798023224,cauldron_ln_11273,1
-1.9588431119918823,-0.00511410366743803,0.1015625,0.04023616388440132,0.0729166716337204,0.0425347238779068,cauldron_ln_17561,1
-1.7242062091827393,-0.012828826904296875,0.0546875,0.03390424698591232,0.037109375,0.02044677734375,mix_UI_ST_0_565,0
-1.300797939300537,0.0028292143251746893,0.09765625,0.03250504657626152,0.068359375,0.04229736328125,cauldron_ln_23026,0
-1.2520886659622192,0.00593610480427742,0.1953125,0.047715846449136734,0.1145833358168602,0.0653076171875,cauldron_ln_28147,1
-1.567829966545105,0.018442008644342422,0.09765625,0.03429759293794632,0.087890625,0.0685221403837204,mix_UI_ST_0_878,0
-1.9165111780166626,-0.004080635961145163,0.09375,0.04452347010374069,0.0703125,0.0496826171875,cauldron_ln_1818,0
-1.239980697631836,-0.00935273990035057,0.0322265625,0.03305797278881073,0.0315755233168602,0.0234375,mix_SI_UT_0_1074,0
-1.590198040008545,0.0016144783003255725,0.09375,0.031320661306381226,0.0690104216337204,0.0457589291036129,cauldron_ln_3080,1
-1.4516146183013916,-0.002611945616081357,0.078125,0.04980454593896866,0.078125,0.05517578125,mix_SI_UT_0_521,0
-1.922081470489502,-0.005634508561342955,0.0625,0.0369575209915638,0.04609375074505806,0.0326102152466774,mix_SI_UT_0_322,0
-1.7391448020935059,0.0037175959441810846,0.09375,0.03465888276696205,0.0709635466337204,0.04901123046875,mix_SI_UT_0_988,0
-1.50187349319458,0.009824865497648716,0.1015625,0.034254271537065506,0.0794270858168602,0.05595128610730171,mix_SI_UT_0_864,0
-1.9492027759552002,-0.01300048828125,0.046875,0.03963708132505417,0.039306640625,0.02998046949505806,cauldron_ln_17402,1
-1.6841670274734497,-0.011690028011798859,0.140625,0.07074403017759323,0.140625,0.076171875,cauldron_ln_19195,0
-2.042875289916992,0.0034437912981957197,0.15625,0.046450745314359665,0.1263020932674408,0.0621202252805233,mix_UI_ST_0_497,0
-1.5608510971069336,-0.0022515191230922937,0.09375,0.03898942843079567,0.0654296875,0.04066051170229912,mix_UI_ST_0_287,0
-1.6183651685714722,-0.004345702938735485,0.140625,0.05508299916982651,0.10468750447034836,0.0600179061293602,mix_SI_UT_0_1080,0
-2.0277295112609863,-0.015364213846623898,0.0625,0.04734634608030319,0.052734375,0.029074929654598236,cauldron_ln_6776,0
-1.926602840423584,0.000946044921875,0.140625,0.04244927316904068,0.0807291716337204,0.05390625447034836,cauldron_ln_26414,1
-1.7642637491226196,-0.00876783300191164,0.0703125,0.031297292560338974,0.046875,0.0244140625,mix_SI_UT_0_192,0
-1.481656789779663,0.0021252755541354418,0.109375,0.031173333525657654,0.0677083358168602,0.0427517369389534,cauldron_ln_15729,0
-1.7324283123016357,0.017594559118151665,0.125,0.043231505900621414,0.115234375,0.0852864608168602,cauldron_ln_19356,1
-1.109136700630188,0.00042844287236221135,0.109375,0.036187246441841125,0.08203125,0.0473225936293602,mix_SI_UT_0_959,0
-1.4763059616088867,-0.0029796254821121693,0.0205078125,0.015613858588039875,0.0205078125,0.016357421875,mix_SI_UT_0_507,0
-1.7853728532791138,-0.0017747145611792803,0.07421875,0.026767507195472717,0.0559895858168602,0.0313449427485466,cauldron_ln_26062,1
-1.1086641550064087,-0.001659393310546875,0.07421875,0.028980115428566933,0.0576171875,0.03125,cauldron_ln_5425,1
-1.9178626537322998,-0.0016675677616149187,0.078125,0.07106343656778336,0.078125,0.0580357164144516,mix_SI_UT_0_461,0
-1.4698350429534912,0.004041955806314945,0.14453125,0.03863871842622757,0.0927734375,0.05224609375,cauldron_ln_1575,1
-1.928054928779602,-0.011708852834999561,0.0546875,0.03538130596280098,0.0423177108168602,0.02170138992369175,cauldron_ln_23414,0
-1.4213926792144775,0.002024057786911726,0.0859375,0.04093671217560768,0.0755208358168602,0.05078125,cauldron_ln_19918,0
-1.1979918479919434,-0.012435110285878181,0.0546875,0.03715042024850845,0.0546875,0.034423828125,cauldron_ln_21689,1
-1.7663581371307373,-0.0037172918673604727,0.09375,0.03875910863280296,0.0602678582072258,0.0398220494389534,mix_UI_ST_0_354,0
-1.4685120582580566,-0.0015892615774646401,0.08203125,0.037207409739494324,0.068359375,0.04018930345773697,mix_UI_ST_0_1348,0
-1.233879804611206,0.0052658081986010075,0.09375,0.032400768250226974,0.0751953125,0.04833984375,mix_UI_ST_0_510,0
-1.6363329887390137,-0.0024916124530136585,0.09375,0.03903857618570328,0.0621744804084301,0.04114583507180214,mix_UI_ST_0_178,0
-1.1786539554595947,-0.006469033192843199,0.0546875,0.03160686045885086,0.0439453125,0.023193359375,mix_UI_ST_0_492,0
-2.3117241859436035,-0.00211334228515625,0.125,0.04585433006286621,0.08203125,0.05126953125,mix_UI_ST_0_89,0
-1.5224560499191284,0.00042835582280531526,0.0703125,0.03249279037117958,0.0546875,0.03936298191547394,cauldron_ln_3242,1
-1.621307134628296,-0.006604004185646772,0.03125,0.03166552633047104,0.03125,0.02669270895421505,cauldron_ln_26713,0
-0.8257995843887329,-0.0007126267300918698,0.06640625,0.025670303031802177,0.0611979179084301,0.02962239645421505,cauldron_ln_8324,1
-1.6232192516326904,-0.00784024316817522,0.0703125,0.03345293551683426,0.0598958358168602,0.03045654296875,cauldron_ln_15293,1
-1.3258583545684814,-0.00428644847124815,0.046875,0.022986765950918198,0.0390625,0.0184733085334301,cauldron_ln_14286,1
-2.343541383743286,0.00706380233168602,0.1640625,0.05669267103075981,0.1223958358168602,0.0888671949505806,mix_UI_ST_0_27,0
-1.5194129943847656,-0.010378324426710606,0.0703125,0.04875771328806877,0.0546875,0.03472900390625,cauldron_ln_2771,0
-2.5465140342712402,0.00703761912882328,0.078125,0.041796669363975525,0.0703125,0.05937499925494194,mix_UI_ST_0_1486,0
-1.1952182054519653,-0.0019058954203501344,0.078125,0.027668295428156853,0.046875,0.02932128868997097,mix_UI_ST_0_1164,0
-1.5524853467941284,0.0004932492156513035,0.078125,0.03408520296216011,0.0712890625,0.044921875,mix_SI_UT_0_14,0
-2.111372232437134,-0.005015055648982525,0.0654296875,0.030697539448738098,0.05615234375,0.0277506522834301,cauldron_ln_15031,0
-1.41990327835083,-0.008453369140625,0.0625,0.0370435006916523,0.0546875,0.0330810546875,cauldron_ln_1172,0
-1.3283960819244385,-0.00627935491502285,0.15625,0.05391015112400055,0.107421875,0.05859375,mix_UI_ST_0_895,0
-1.8954472541809082,0.006452156230807304,0.09375,0.04972495511174202,0.0807291716337204,0.064453125,cauldron_ln_5839,1
-1.8642247915267944,0.012065540999174118,0.17578125,0.05339115113019943,0.1256510466337204,0.078369140625,cauldron_ln_28593,0
-2.272372007369995,0.003155876649543643,0.125,0.04435332491993904,0.0716145858168602,0.052734375,mix_SI_UT_0_548,0
-1.595402717590332,-0.005260467529296875,0.1015625,0.02977517433464527,0.0546875,0.0274658203125,cauldron_ln_24011,0
-1.3517316579818726,-0.000951548048760742,0.078125,0.03960021957755089,0.0657552108168602,0.04414062574505806,mix_UI_ST_0_546,0
-1.0924264192581177,-0.0014178936835378408,0.046875,0.0300612673163414,0.0423177108168602,0.0346137173473835,cauldron_ln_8785,1
-1.295112133026123,-0.0006593216094188392,0.09765625,0.038631342351436615,0.06884765625,0.0443638414144516,mix_SI_UT_0_85,0
-1.245069980621338,-0.00145721435546875,0.08203125,0.03475243225693703,0.0618489608168602,0.037353515625,mix_UI_ST_0_328,0
-1.776111364364624,0.00140380859375,0.0625,0.03204944357275963,0.0625,0.039306640625,mix_UI_ST_0_396,0
-0.6496832370758057,0.0020846896804869175,0.109375,0.028913896530866623,0.0615234375,0.033291906118392944,cauldron_ln_12961,1
-1.463517427444458,0.002891803625971079,0.046875,0.03087925910949707,0.046875,0.0362723246216774,mix_SI_UT_0_243,0
-1.2055904865264893,0.0100233294069767,0.1015625,0.027504613623023033,0.06718750298023224,0.04627403989434242,cauldron_ln_3708,1
-1.1529309749603271,-0.003480972722172737,0.09375,0.036737553775310516,0.0716145858168602,0.0460379496216774,mix_UI_ST_0_1371,0
-1.4281482696533203,-0.006863839458674192,0.046875,0.032120682299137115,0.0403645858168602,0.025146484375,cauldron_ln_21632,0
-1.6406819820404053,-0.0013552295276895165,0.109375,0.04128606244921684,0.0869140625,0.0485026054084301,mix_UI_ST_0_526,0
-1.2010185718536377,-0.0052032470703125,0.0625,0.026857415214180946,0.044921875,0.025146484375,mix_UI_ST_0_953,0
-2.257199287414551,0.0001678466796875,0.0625,0.038087472319602966,0.0625,0.04541015625,cauldron_ln_12283,0
-1.580498218536377,-0.0014304136857390404,0.078125,0.0511995367705822,0.0729166716337204,0.0546875,cauldron_ln_29111,1
-1.2178670167922974,-0.007970173843204975,0.0546875,0.023921102285385132,0.02669270895421505,0.011678059585392475,cauldron_ln_23115,0
-1.8563472032546997,-0.002508545061573386,0.078125,0.0341951847076416,0.06640625,0.03798828274011612,mix_SI_UT_0_1163,0
-2.960519313812256,0.01746826246380806,0.1875,0.04707964137196541,0.1328125,0.07148437947034836,mix_SI_UT_0_1222,0
-1.7944941520690918,0.0001373291015625,0.0625,0.03776960074901581,0.0546875,0.0374348983168602,mix_SI_UT_0_791,0
-1.1649608612060547,0.004222809337079525,0.15625,0.039894718676805496,0.0901692733168602,0.05115927383303642,mix_UI_ST_0_1068,0
-0.8680508136749268,0.004417106043547392,0.1484375,0.03346749395132065,0.0772879496216774,0.0412462018430233,mix_SI_UT_0_1117,0
-1.9350814819335938,0.001755934557877481,0.0625,0.032084204256534576,0.056640625,0.0428059920668602,mix_SI_UT_0_797,0
-1.4515801668167114,0.005228315480053425,0.1015625,0.02954709343612194,0.0791015625,0.0426897332072258,mix_UI_ST_0_1284,0
-0.9935328960418701,0.002580915344879031,0.0390625,0.022696033120155334,0.0390625,0.0299479179084301,cauldron_ln_10049,0
-1.1770849227905273,0.0069144112057983875,0.15625,0.042714908719062805,0.1171875,0.0626220703125,mix_SI_UT_0_686,0
-0.9841664433479309,0.005859375,0.07421875,0.027021480724215508,0.0611979179084301,0.03948974609375,mix_UI_ST_0_131,0
-2.135115146636963,0.003672755090519786,0.109375,0.04197555035352707,0.07763671875,0.05605468899011612,mix_UI_ST_0_1304,0
-1.9743926525115967,-0.0006242232047952712,0.140625,0.041523538529872894,0.0830078125,0.04270241782069206,mix_UI_ST_0_205,0
-2.6862518787384033,-0.00473951268941164,0.1640625,0.05316057801246643,0.1080729216337204,0.05755974352359772,cauldron_ln_13092,0
-2.3650155067443848,0.0031250002793967724,0.0625,0.028986452147364616,0.0625,0.046875,mix_SI_UT_0_1331,0
-0.5893869400024414,0.0031709016766399145,0.08984375,0.027339305728673935,0.0583147332072258,0.0359157994389534,cauldron_ln_16421,0
-1.8599638938903809,0.003828569082543254,0.0859375,0.03941965848207474,0.078125,0.052490234375,cauldron_ln_13893,1
-1.726316213607788,-0.0039090244099497795,0.10546875,0.036518827080726624,0.0629069060087204,0.03448486328125,cauldron_ln_3020,1
-1.2450515031814575,0.01289699412882328,0.09375,0.03458273038268089,0.08984375,0.068359375,mix_UI_ST_0_1415,0
-1.4436208009719849,0.001612854073755443,0.265625,0.055947162210941315,0.109375,0.06103515625,mix_UI_ST_0_218,0
-1.4987452030181885,0.007191685494035482,0.109375,0.04037180170416832,0.0833333358168602,0.060546875,cauldron_ln_21252,0
-1.9408247470855713,-0.010403006337583065,0.1015625,0.04151196777820587,0.06640625,0.0346832275390625,mix_SI_UT_0_221,0
-0.7649033069610596,0.00159454345703125,0.15234375,0.03353048861026764,0.0719401091337204,0.037322998046875,cauldron_ln_8738,0
-2.421165943145752,0.020219283178448677,0.140625,0.052050333470106125,0.123046875,0.09055397659540176,mix_UI_ST_0_607,0
-1.7568325996398926,0.002300173742696643,0.0859375,0.040996208786964417,0.080078125,0.0537109375,mix_UI_ST_0_228,0
-3.3189895153045654,-0.019086051732301712,0.140625,0.05912667140364647,0.140625,0.04150390625,mix_SI_UT_0_405,0
-1.092448353767395,-0.002230130834504962,0.05859375,0.030097192153334618,0.05078125,0.0343967005610466,mix_UI_ST_0_882,0
-1.5797785520553589,0.0037611809093505144,0.125,0.03910841420292854,0.08984375,0.05193014815449715,cauldron_ln_20710,0
-2.9086098670959473,0.010540008544921875,0.09375,0.03554274141788483,0.078125,0.06396484375,mix_SI_UT_0_181,0
-1.0791202783584595,-0.0047898064367473125,0.078125,0.0347985178232193,0.05859375,0.03105468861758709,mix_UI_ST_0_222,0
-1.8389935493469238,0.008951823227107525,0.265625,0.07612448930740356,0.17578125,0.095703125,cauldron_ln_13768,1
-1.1861706972122192,0.0032750910613685846,0.109375,0.031669896095991135,0.080078125,0.04033869132399559,cauldron_ln_1367,0
-1.2482237815856934,-0.004780319519340992,0.09375,0.0407426655292511,0.07265625149011612,0.03787935897707939,mix_SI_UT_0_1216,0
-1.3274521827697754,-0.0013786765048280358,0.044921875,0.036143217235803604,0.044921875,0.03466796875,cauldron_ln_465,0
-1.4001288414001465,0.0019374302355572581,0.1640625,0.045592982321977615,0.0764508992433548,0.05422794073820114,mix_UI_ST_0_96,0
-1.5976457595825195,-0.007744098547846079,0.0546875,0.029936350882053375,0.04296875,0.01946149580180645,mix_SI_UT_0_424,0
-2.081974983215332,-0.004291241057217121,0.1171875,0.04593630135059357,0.08203125,0.0475260429084301,mix_UI_ST_0_703,0
-1.606811761856079,-0.0075323921628296375,0.0859375,0.038051359355449677,0.060302734375,0.0385044664144516,cauldron_ln_4221,0
-2.1590640544891357,-0.001299012452363968,0.1171875,0.04112633317708969,0.07421875,0.047926682978868484,cauldron_ln_9028,0
-2.5562708377838135,-0.013830011710524559,0.125,0.052478060126304626,0.0947265625,0.05195312574505806,mix_UI_ST_0_1207,0
-1.2678278684616089,-0.0099923275411129,0.05859375,0.046005040407180786,0.056640625,0.0365862175822258,mix_UI_ST_0_444,0
-1.3365757465362549,0.0024800021201372147,0.125,0.04784597456455231,0.0846354216337204,0.05712890625,cauldron_ln_11642,0
-1.4487831592559814,-0.00021035331883467734,0.08203125,0.03752269595861435,0.064453125,0.0432477705180645,mix_UI_ST_0_937,0
-1.4938546419143677,-0.0022063078358769417,0.06640625,0.024088259786367416,0.048828125,0.02880859375,cauldron_ln_3485,1
-1.606250524520874,0.005643956828862429,0.109375,0.04212190583348274,0.0787760466337204,0.054931640625,cauldron_ln_10138,1
-1.7988353967666626,-0.004921256564557552,0.05859375,0.03514881432056427,0.0496651791036129,0.034976355731487274,mix_SI_UT_0_87,0
-1.4098436832427979,-0.0017713181441649795,0.078125,0.026883617043495178,0.04931640625,0.029208097606897354,cauldron_ln_20473,0
-1.316692590713501,-0.002105712890625,0.07421875,0.03777376189827919,0.0634765625,0.04296875,cauldron_ln_20966,0
-1.4858765602111816,0.01649693213403225,0.09375,0.031410101801157,0.078125,0.0591517873108387,cauldron_ln_27264,0
-1.3770980834960938,0.0025892991106957197,0.12890625,0.04273202270269394,0.0930989608168602,0.05303955078125,mix_SI_UT_0_1175,0
-1.2106096744537354,-0.0016849403036758304,0.078125,0.043778084218502045,0.06640625,0.046875,mix_SI_UT_0_1318,0
-0.8416830897331238,-0.0070393881760537624,0.03125,0.024918239563703537,0.0299479179084301,0.014892578125,mix_SI_UT_0_330,0
-0.9298601150512695,-0.008043372072279453,0.08984375,0.04047679901123047,0.0647786483168602,0.032327089458703995,cauldron_ln_14932,0
-1.2899060249328613,0.01015218161046505,0.171875,0.061957504600286484,0.1321614682674408,0.0945870578289032,mix_SI_UT_0_664,0
-2.068592071533203,0.0007556417840532959,0.21875,0.0460035465657711,0.086805559694767,0.052734375,mix_SI_UT_0_893,0
-2.2229411602020264,-0.0021225286182016134,0.09375,0.039157528430223465,0.066162109375,0.0387776717543602,mix_UI_ST_0_808,0
-1.2851945161819458,-0.008887657895684242,0.0185546875,0.02605995163321495,0.01708984375,0.01424153707921505,cauldron_ln_22527,0
-1.9354474544525146,0.00010798528091982007,0.125,0.04751266539096832,0.08203125,0.055288463830947876,mix_UI_ST_0_37,0
-1.2881715297698975,0.008594859391450882,0.1484375,0.0390336774289608,0.1015625,0.06430288404226303,cauldron_ln_26203,1
-0.7659461498260498,-0.0025146484840661287,0.07421875,0.03821077570319176,0.068359375,0.03876953199505806,mix_SI_UT_0_1497,0
-1.9025038480758667,0.010535930283367634,0.1328125,0.04302174225449562,0.12109375,0.0686383992433548,cauldron_ln_2526,1
-1.3545308113098145,0.0008585612522438169,0.078125,0.03298049420118332,0.0553385429084301,0.04121093824505806,mix_UI_ST_0_312,0
-2.033522367477417,0.00653076171875,0.1328125,0.0529722161591053,0.1328125,0.07373046875,mix_UI_ST_0_58,0
-1.692912220954895,-0.0016540528740733862,0.09375,0.030986225232481956,0.0546875,0.03414713591337204,cauldron_ln_10999,1
-1.1558289527893066,0.0008789062849245965,0.0625,0.028550051152706146,0.05859375,0.03515625,cauldron_ln_17008,0
-1.54366934299469,-0.004555838648229837,0.1484375,0.04202898591756821,0.08749999850988388,0.0399693101644516,cauldron_ln_3804,1
-1.3906221389770508,-0.0037935697473585606,0.125,0.03699250519275665,0.0859375,0.0409342460334301,mix_SI_UT_0_1311,0
-1.1306946277618408,-0.008308842778205872,0.125,0.0386340394616127,0.06796874850988388,0.033588118851184845,cauldron_ln_29338,0
-1.2435524463653564,-0.009347769431769848,0.06640625,0.036008454859256744,0.056640625,0.0299479179084301,cauldron_ln_10044,0
-1.1556744575500488,0.0028493781574070454,0.09375,0.03607478737831116,0.0735677108168602,0.0494791679084301,mix_UI_ST_0_154,0
-1.6218996047973633,-0.016181496903300285,0.078125,0.03989271819591522,0.0472005233168602,0.02362060546875,mix_UI_ST_0_996,0
-1.399566411972046,0.0011282784398645163,0.1171875,0.0439801849424839,0.083984375,0.056884765625,cauldron_ln_2075,0
-1.7607322931289673,0.0019324669847264886,0.11328125,0.033623721450567245,0.0755208358168602,0.044189453125,mix_SI_UT_0_714,0
-1.405159592628479,0.005304407328367233,0.109375,0.038266781717538834,0.08046875149011612,0.057842548936605453,cauldron_ln_3128,1
-0.9649099707603455,-0.002899169921875,0.125,0.02611510455608368,0.0439453125,0.021240234375,mix_UI_ST_0_1206,0
-1.7955875396728516,-0.0046570878475904465,0.1640625,0.04258372634649277,0.07968749850988388,0.0386788509786129,cauldron_ln_2061,0
-0.9069633483886719,0.004357122350484133,0.0703125,0.024171292781829834,0.0598958358168602,0.0400390625,mix_UI_ST_0_361,0
-1.1009876728057861,-0.008451022207736969,0.0390625,0.031643856316804886,0.0390625,0.0205078125,mix_UI_ST_0_1232,0
-1.5137556791305542,0.009981043636798859,0.109375,0.033829350024461746,0.109375,0.0537109375,cauldron_ln_28158,0
-2.1912319660186768,0.0047239274717867374,0.1171875,0.050371378660202026,0.0895182341337204,0.06692709028720856,mix_SI_UT_0_1379,0
-1.7568669319152832,0.006250000558793545,0.0625,0.030266758054494858,0.0579427108168602,0.0513392873108387,mix_SI_UT_0_122,0
-1.5061311721801758,0.010470408014953136,0.421875,0.07379843294620514,0.16171875596046448,0.08345853537321091,mix_UI_ST_0_1094,0
-1.093288540840149,0.0030451593920588493,0.0859375,0.03126848489046097,0.0768229216337204,0.0415581613779068,mix_UI_ST_0_1157,0
-1.0484914779663086,0.0004546066920738667,0.09375,0.03149398788809776,0.07421875,0.0381556935608387,mix_SI_UT_0_618,0
-1.7807538509368896,0.007466161157935858,0.125,0.047073882073163986,0.0986328125,0.07460937649011612,cauldron_ln_7846,1
-0.7278021574020386,0.00045410156599245965,0.125,0.037944573909044266,0.1005859375,0.04766845703125,cauldron_ln_4955,0
-1.358419418334961,0.004986572545021772,0.1328125,0.04526006802916527,0.083984375,0.0576171912252903,cauldron_ln_2824,0
-0.976535975933075,-0.0036438971292227507,0.09375,0.03445350006222725,0.0533854179084301,0.0303548201918602,mix_UI_ST_0_936,0
-0.8617467880249023,-0.002121384022757411,0.109375,0.044831033796072006,0.0950520858168602,0.05078125,mix_UI_ST_0_971,0
-1.7810508012771606,0.018049204722046852,0.125,0.03851122781634331,0.10703124850988388,0.07421875,mix_UI_ST_0_223,0
-1.8128265142440796,-0.01293818186968565,0.037109375,0.034027986228466034,0.0341796875,0.02783203125,cauldron_ln_28980,1
-1.0539876222610474,0.004868016112595797,0.21875,0.046950675547122955,0.10546875,0.0560302734375,mix_UI_ST_0_567,0
-1.4096662998199463,0.0032735473942011595,0.1640625,0.0399058535695076,0.0859375074505806,0.052102480083703995,mix_UI_ST_0_85,0
-1.332014799118042,0.0193939208984375,0.0625,0.029794206842780113,0.0625,0.056640625,cauldron_ln_29729,1
-2.08007550239563,-0.005139009561389685,0.09375,0.03546462953090668,0.053466796875,0.03642578050494194,mix_SI_UT_0_1214,0
-2.34606671333313,-0.004659423604607582,0.15625,0.05394322797656059,0.095703125,0.0450846366584301,cauldron_ln_18708,1
-1.894557237625122,0.0041769277304410934,0.125,0.03899436071515083,0.0830078125,0.05735085532069206,cauldron_ln_3626,1
-1.7433000802993774,-0.005892845802009106,0.0625,0.04217851161956787,0.0533854179084301,0.0394810289144516,cauldron_ln_15032,0
-2.1520133018493652,-0.0010928199626505375,0.1171875,0.035507116466760635,0.072265625,0.03916015848517418,mix_UI_ST_0_348,0
-2.317580223083496,0.005651403218507767,0.1015625,0.03868155926465988,0.083984375,0.056640625,cauldron_ln_2132,0
-1.8236994743347168,-0.0009634835296310484,0.0859375,0.03442436084151268,0.05859375,0.0389404296875,cauldron_ln_28791,1
-1.3626174926757812,0.004620096180588007,0.125,0.04170210286974907,0.08984375,0.05646307021379471,mix_UI_ST_0_1487,0
-1.981918454170227,-0.005078125279396772,0.0546875,0.04075437784194946,0.0546875,0.0423177108168602,cauldron_ln_1937,0
-1.0496701002120972,-0.00752999447286129,0.0390625,0.03281880542635918,0.0338541679084301,0.023651123046875,mix_SI_UT_0_876,0
-0.9672148823738098,-0.0038688660133630037,0.078125,0.025926334783434868,0.046875,0.02312011830508709,mix_UI_ST_0_488,0
-1.7764887809753418,-0.0010805482743307948,0.109375,0.04044105485081673,0.0859375,0.0476888045668602,cauldron_ln_15865,1
-1.095813512802124,-0.0025485290680080652,0.140625,0.036100953817367554,0.07568359375,0.0341084823012352,cauldron_ln_23259,1
-1.2721683979034424,0.0021326402202248573,0.0703125,0.028026564046740532,0.0611979179084301,0.037841796875,cauldron_ln_9182,0
-1.3637216091156006,-0.008200126700103283,0.07421875,0.03715026006102562,0.05546874925494194,0.0335867777466774,cauldron_ln_27582,1
-1.648087501525879,0.004436383955180645,0.125,0.0446062833070755,0.1009114608168602,0.068115234375,cauldron_ln_2391,0
-2.228168487548828,0.004638671875,0.078125,0.04046647250652313,0.0703125,0.0588727705180645,cauldron_ln_4046,1
-2.0889036655426025,0.0072387694381177425,0.0703125,0.03242853283882141,0.060546875,0.04960937425494194,mix_SI_UT_0_1377,0
-1.0892175436019897,-0.001434326171875,0.0703125,0.03292493149638176,0.05859375,0.044921875,mix_UI_ST_0_838,0
-1.3707548379898071,-0.004564368166029453,0.0390625,0.02657010778784752,0.03515625,0.02646484412252903,mix_UI_ST_0_818,0
-1.3343923091888428,0.00940574798732996,0.125,0.03346426412463188,0.09101562947034836,0.05449970066547394,cauldron_ln_25758,1
-1.007995367050171,0.0014754076255485415,0.1015625,0.03175048530101776,0.06367187947034836,0.03690279647707939,cauldron_ln_18911,0
-1.371775507926941,-0.002725853119045496,0.0859375,0.04502974823117256,0.06875000149011612,0.04311899095773697,mix_SI_UT_0_261,0
-1.6975932121276855,0.0035563150886446238,0.109375,0.03091074898838997,0.06494140625,0.04359019920229912,cauldron_ln_23283,1
-1.9627180099487305,-0.0039215087890625,0.1015625,0.04408849775791168,0.0774739608168602,0.04779052734375,cauldron_ln_6964,1
-1.5898187160491943,0.006266276352107525,0.1875,0.052626851946115494,0.1171875,0.0625,cauldron_ln_25319,1
-1.5877423286437988,-0.005745831876993179,0.09375,0.03184342384338379,0.0533854179084301,0.026611328125,mix_UI_ST_0_122,0
-1.6323137283325195,-0.006666100583970547,0.025390625,0.02077849581837654,0.0244140625,0.01816406287252903,mix_SI_UT_0_660,0
-2.289766311645508,-0.003342848736792803,0.09375,0.03886687010526657,0.08984375,0.0480143241584301,cauldron_ln_25566,0
-1.8690168857574463,-0.000409333617426455,0.125,0.03883635997772217,0.0785590261220932,0.04470957815647125,cauldron_ln_24307,1
-1.1813886165618896,0.006095096934586763,0.0703125,0.02344181388616562,0.06640625,0.0388881154358387,cauldron_ln_20422,1
-1.2962925434112549,-0.004857772495597601,0.078125,0.03564346954226494,0.0729166716337204,0.0339084193110466,cauldron_ln_22491,0
-2.3109560012817383,-0.01045949850231409,0.05078125,0.037791118025779724,0.05078125,0.0313720703125,cauldron_ln_20942,0
-3.250927448272705,0.02564239501953125,0.09375,0.042369235306978226,0.09375,0.0859375,mix_SI_UT_0_1277,0
-1.5648434162139893,-0.00032303971238434315,0.09375,0.03465905040502548,0.0654296875,0.03994140774011612,cauldron_ln_26154,0
-1.6298398971557617,0.004658092278987169,0.15625,0.04823986813426018,0.1070963591337204,0.0643310546875,mix_SI_UT_0_707,0
-1.6744163036346436,-0.004538241308182478,0.15625,0.045562680810689926,0.07578124850988388,0.04507211595773697,mix_SI_UT_0_722,0
-1.728783369064331,0.0022798425052314997,0.1328125,0.043483980000019073,0.0859375,0.05078125,mix_SI_UT_0_595,0
-0.9713994860649109,0.004106237553060055,0.078125,0.020265521481633186,0.04833984375,0.030317828059196472,mix_SI_UT_0_1283,0
-1.3743915557861328,0.01030622236430645,0.1015625,0.038195930421352386,0.091796875,0.0678013414144516,cauldron_ln_3889,1
-1.5110610723495483,-0.0025447923690080643,0.087890625,0.03703026473522186,0.06884765625,0.0410664901137352,mix_UI_ST_0_1346,0
-1.2205145359039307,-0.0019294983940199018,0.109375,0.04169601574540138,0.0950520858168602,0.0552455373108387,cauldron_ln_27149,0
-2.09885573387146,-0.009518577717244625,0.0625,0.03621385619044304,0.048828125,0.02934570424258709,cauldron_ln_6633,0
-2.6291933059692383,0.0050048828125,0.15625,0.06066478416323662,0.12109375,0.09062500298023224,cauldron_ln_14871,0
-2.48152756690979,-0.0020623458549380302,0.171875,0.05380996689200401,0.1087239608168602,0.0627170130610466,mix_SI_UT_0_698,0
-2.0205893516540527,-0.00692138634622097,0.09375,0.0426238588988781,0.06210937723517418,0.0380045585334301,cauldron_ln_21450,1
-2.0063257217407227,-0.015128842554986477,0.046875,0.04899947717785835,0.0442708358168602,0.0301339291036129,mix_SI_UT_0_1137,0
-1.4073781967163086,0.0005157970590516925,0.15625,0.04202960059046745,0.0927734375,0.0467936210334301,mix_SI_UT_0_562,0
-1.0315147638320923,0.0088653564453125,0.09375,0.031026747077703476,0.0755208358168602,0.044921875,cauldron_ln_10307,0
-1.6303008794784546,0.0055297850631177425,0.109375,0.0315546989440918,0.078125,0.04042968899011612,cauldron_ln_23664,1
-1.5077811479568481,-0.00534986425191164,0.05859375,0.04093296825885773,0.052734375,0.03828125074505806,cauldron_ln_22545,1
-1.9246776103973389,-0.0015448970953002572,0.1015625,0.04097789525985718,0.0716145858168602,0.04618566110730171,mix_UI_ST_0_463,0
-1.6681492328643799,-0.006618652027100325,0.0625,0.031498827040195465,0.04374999925494194,0.0262247733771801,cauldron_ln_12895,0
-2.1853115558624268,-0.0005811055889353156,0.125,0.04005223885178566,0.078125,0.0435384139418602,cauldron_ln_26581,0
-2.0009331703186035,0.001190185546875,0.203125,0.0629691630601883,0.1083984375,0.0679524764418602,mix_UI_ST_0_1340,0
-1.3614399433135986,0.006884765811264515,0.171875,0.04137806594371796,0.0853794664144516,0.057961855083703995,mix_SI_UT_0_1046,0
-1.1535277366638184,-0.005641736555844545,0.0625,0.02527979016304016,0.0423177108168602,0.01936849020421505,cauldron_ln_8104,1
-1.5491116046905518,-0.0016130720032379031,0.0625,0.03161279112100601,0.0579427108168602,0.041259765625,cauldron_ln_19350,1
-1.5268945693969727,0.008818655274808407,0.109375,0.04200104624032974,0.0807291716337204,0.0550537109375,mix_UI_ST_0_401,0
-1.629166841506958,-0.0032995976507663727,0.078125,0.04166341572999954,0.0651041716337204,0.047607421875,cauldron_ln_4589,0
-1.8786611557006836,-0.0044460720382630825,0.046875,0.02656395174562931,0.0419921875,0.02911931835114956,mix_UI_ST_0_293,0
-1.2171266078948975,0.0014054147759452462,0.0625,0.031247984617948532,0.0514322929084301,0.0402560755610466,mix_UI_ST_0_152,0
-2.4090452194213867,0.01904296875,0.1171875,0.03343493491411209,0.0963541716337204,0.0673828125,cauldron_ln_20079,0
-1.5546224117279053,0.008756750263273716,0.125,0.04547233507037163,0.0989583358168602,0.07421875,cauldron_ln_20714,0
-1.4120550155639648,-0.003107407595962286,0.0546875,0.030987542122602463,0.0481770858168602,0.03515625,cauldron_ln_18304,1
-1.8183070421218872,0.00650674756616354,0.09765625,0.03891371190547943,0.0833333358168602,0.0585937537252903,mix_UI_ST_0_467,0
-1.6447718143463135,0.0018823501886799932,0.15625,0.045377474278211594,0.0859375,0.05522017180919647,cauldron_ln_23469,0
-1.1163758039474487,-0.0019895113073289394,0.1171875,0.04014189913868904,0.06289062649011612,0.04458383470773697,mix_SI_UT_0_908,0
-1.0363218784332275,0.005901336669921875,0.1015625,0.039432596415281296,0.0888671875,0.054931640625,mix_UI_ST_0_1122,0
-1.3306537866592407,0.0048003955744206905,0.1640625,0.03645831719040871,0.07265625149011612,0.04493439570069313,mix_SI_UT_0_1303,0
-0.8667607307434082,-0.0025111609138548374,0.0546875,0.029979316517710686,0.0546875,0.0403645858168602,cauldron_ln_11248,1
-1.4760384559631348,0.005636409856379032,0.125,0.0435035303235054,0.091796875,0.0592447929084301,mix_SI_UT_0_1239,0
-2.163120746612549,0.0065696025267243385,0.06640625,0.029520923271775246,0.06640625,0.048828125,cauldron_ln_1959,0
-1.2628730535507202,0.007192758843302727,0.0654296875,0.03212150186300278,0.06396484375,0.05126953125,cauldron_ln_10710,1
-1.5932782888412476,0.0078125,0.0546875,0.02262110449373722,0.0546875,0.0403645858168602,cauldron_ln_14814,0
-1.3893072605133057,-0.0062459311448037624,0.0625,0.03245508670806885,0.052734375,0.0319010429084301,cauldron_ln_17542,1
-1.1426348686218262,-0.00377422827295959,0.17578125,0.04398861899971962,0.0847439244389534,0.04227878898382187,mix_SI_UT_0_260,0
-1.490875244140625,-0.0028225767891854048,0.1640625,0.04471898078918457,0.07929687947034836,0.05224609375,mix_UI_ST_0_754,0
-1.7262599468231201,0.00299072265625,0.125,0.036202024668455124,0.08437500149011612,0.051832932978868484,mix_UI_ST_0_553,0
-1.624401330947876,-0.0010568719590082765,0.11328125,0.036798831075429916,0.07343750447034836,0.0442940853536129,cauldron_ln_14053,1
-0.8040581941604614,-0.006025390699505806,0.0546875,0.040169816464185715,0.052734375,0.0328776054084301,mix_SI_UT_0_1407,0
-2.4543395042419434,0.012858073227107525,0.21875,0.05935024470090866,0.15625,0.0872395858168602,mix_SI_UT_0_1384,0
-1.431901454925537,-0.0008561417926102877,0.07421875,0.03471986949443817,0.0559895858168602,0.0364583320915699,cauldron_ln_24458,0
-1.5896507501602173,0.00800604559481144,0.078125,0.033274900168180466,0.0716145858168602,0.0494791679084301,mix_UI_ST_0_964,0
-2.181659698486328,0.009958666749298573,0.125,0.04866549000144005,0.107421875,0.0732421875,cauldron_ln_18493,1
-1.6778274774551392,-0.010710539296269417,0.0546875,0.04200822487473488,0.05078125,0.03515625,cauldron_ln_25268,1
-1.4705859422683716,-0.007808631286025047,0.1328125,0.041008494794368744,0.0733816996216774,0.03937844559550285,cauldron_ln_13388,0
-1.9129562377929688,-0.010379914194345474,0.09375,0.04716318100690842,0.072265625,0.0474330373108387,cauldron_ln_20233,1
-1.8835937976837158,-0.00645251153036952,0.125,0.04366377368569374,0.0703125,0.04086143150925636,cauldron_ln_13000,1
-0.7152633666992188,7.169209129642695e-05,0.10546875,0.02500881813466549,0.0497233085334301,0.02932942844927311,mix_UI_ST_0_303,0
-1.8543576002120972,0.00010241492418572307,0.12109375,0.05030396580696106,0.08906250447034836,0.0648716539144516,mix_UI_ST_0_549,0
-1.7378568649291992,0.00723063200712204,0.09375,0.03946096822619438,0.06640625,0.05429687723517418,mix_SI_UT_0_1344,0
-1.221071481704712,0.005173456389456987,0.1328125,0.0421002097427845,0.0927734375,0.06132812425494194,mix_UI_ST_0_1221,0
-1.772548794746399,-0.0044949850998818874,0.09375,0.03688583895564079,0.078125,0.0406087264418602,cauldron_ln_755,0
-2.5290961265563965,0.003877861425280571,0.15625,0.045702770352363586,0.101318359375,0.0652901828289032,cauldron_ln_18526,0
-1.295440435409546,0.0049486663192510605,0.09375,0.037362970411777496,0.0826822966337204,0.0568576380610466,mix_SI_UT_0_924,0
-2.0243706703186035,0.0015380859840661287,0.046875,0.025144698098301888,0.046875,0.0354817733168602,mix_UI_ST_0_266,0
-1.3403681516647339,0.0003529866808094084,0.0625,0.028466567397117615,0.05078125,0.03391927108168602,mix_SI_UT_0_897,0
-1.7390793561935425,0.004406738094985485,0.1015625,0.030952293425798416,0.07265625149011612,0.04086538776755333,cauldron_ln_1975,0
-1.6339476108551025,-0.0033447265159338713,0.109375,0.045727070420980453,0.07470703125,0.0461774580180645,mix_SI_UT_0_431,0
-2.176478385925293,-0.006626674439758062,0.0625,0.024723898619413376,0.0390625,0.02207031287252903,cauldron_ln_12094,0
-1.3798441886901855,0.004856990184634924,0.09375,0.03682369366288185,0.07656250149011612,0.04927884787321091,mix_SI_UT_0_298,0
-1.1544743776321411,0.0003124999930150807,0.1015625,0.04391327500343323,0.07500000298023224,0.052978515625,mix_SI_UT_0_1304,0
-1.2836849689483643,-0.0020751953125,0.125,0.05047442018985748,0.09140624850988388,0.052809495478868484,cauldron_ln_11759,0
-1.0479893684387207,0.0005758185288868845,0.078125,0.051466960459947586,0.0543619804084301,0.0404730923473835,mix_SI_UT_0_1250,0
-1.8356995582580566,-0.005943885538727045,0.0703125,0.03483610600233078,0.05039062723517418,0.03365384787321091,mix_SI_UT_0_560,0
-1.8668115139007568,-0.0008544921875,0.171875,0.05165180563926697,0.109375,0.0569661483168602,cauldron_ln_5137,1
-1.233780026435852,-0.00733184814453125,0.03125,0.02959701418876648,0.0283203125,0.01885986328125,cauldron_ln_4384,1
-1.1317334175109863,0.0013898577308282256,0.078125,0.03259136155247688,0.0729166716337204,0.044677734375,cauldron_ln_14966,1
-1.3742674589157104,0.0046549951657652855,0.109375,0.03064027801156044,0.0693359375,0.04521484300494194,cauldron_ln_4041,0
-1.2385931015014648,0.004406268708407879,0.1171875,0.03398822993040085,0.0696614608168602,0.04290771484375,mix_UI_ST_0_805,0
-1.3451712131500244,0.008209877647459507,0.1171875,0.0370185524225235,0.083984375,0.05717329680919647,mix_UI_ST_0_594,0
-1.4482142925262451,-0.012008101679384708,0.046875,0.04251633957028389,0.046875,0.0330403670668602,cauldron_ln_23165,0
-0.943105936050415,-0.009624774567782879,0.00927734375,0.018371859565377235,0.009033203125,0.0030110678635537624,cauldron_ln_16737,0
-1.2350715398788452,-0.008526141755282879,0.0234375,0.016941102221608162,0.0234375,0.012369791977107525,mix_SI_UT_0_942,0
-1.521885633468628,-0.0035807292442768812,0.0859375,0.030067751184105873,0.0572916679084301,0.02848307229578495,cauldron_ln_16469,0
-0.7911674976348877,-0.0007693268707953393,0.12109375,0.03359970450401306,0.068359375,0.0389229916036129,cauldron_ln_3424,0
-2.0114872455596924,0.02664620615541935,0.1171875,0.03486361354589462,0.10546875,0.078125,cauldron_ln_4815,0
-1.1065621376037598,0.002353486604988575,0.171875,0.039268068969249725,0.08251953125,0.04873047024011612,cauldron_ln_14912,1
-1.3425254821777344,0.011979728005826473,0.25,0.06757159531116486,0.1875,0.0966796949505806,mix_UI_ST_0_1124,0
-1.1947100162506104,-8.138021075865254e-05,0.0625,0.036063652485609055,0.0572916679084301,0.0422092005610466,cauldron_ln_3283,0
-1.1184651851654053,-0.0115029476583004,0.0517578125,0.03834183141589165,0.04931640625,0.0275181382894516,mix_UI_ST_0_1397,0
-1.232121467590332,0.0035124747082591057,0.078125,0.035088010132312775,0.0716145858168602,0.0530133955180645,mix_SI_UT_0_434,0
-1.4390909671783447,0.0029296875,0.08984375,0.0303790345788002,0.0703125,0.039398193359375,mix_SI_UT_0_1166,0
-1.5818753242492676,0.01298828050494194,0.0703125,0.030472951009869576,0.06640625,0.0592447929084301,cauldron_ln_8242,0
-2.013561248779297,0.007012000773102045,0.140625,0.04940006509423256,0.10625000298023224,0.07046274095773697,mix_SI_UT_0_126,0
-1.5529119968414307,-0.003604810917750001,0.1015625,0.031159501522779465,0.06884765625,0.032501220703125,cauldron_ln_4984,1
-1.4109673500061035,-0.005730124190449715,0.0546875,0.03703422099351883,0.0546875,0.028564453125,mix_UI_ST_0_220,0
-1.6577081680297852,-0.004620526451617479,0.078125,0.04059748351573944,0.0572916679084301,0.0416666679084301,mix_SI_UT_0_326,0
-1.7701671123504639,-0.0014393199235200882,0.1796875,0.03930521756410599,0.08046875149011612,0.04150390625,mix_SI_UT_0_836,0
-1.5120728015899658,-0.0013462611241266131,0.134765625,0.04326232150197029,0.0770089328289032,0.046989891678094864,cauldron_ln_25176,1
-1.2216506004333496,0.0181448794901371,0.171875,0.049108609557151794,0.1328125,0.083984375,cauldron_ln_25623,1
-1.334855318069458,-0.00445556640625,0.09765625,0.03386087343096733,0.0559895858168602,0.0341796875,mix_UI_ST_0_679,0
-2.3683886528015137,0.003173828125,0.0625,0.0356433130800724,0.0625,0.046875,cauldron_ln_13990,1
-2.4933648109436035,-0.002718244446441531,0.03125,0.02575303427875042,0.03125,0.02180989645421505,mix_SI_UT_0_565,0
-1.5338749885559082,0.007248451001942158,0.09375,0.036247577518224716,0.0810546875,0.0549665205180645,cauldron_ln_25082,0
-1.6195036172866821,0.004703006241470575,0.09375,0.036167487502098083,0.078125,0.0518663190305233,cauldron_ln_28045,0
-1.3347684144973755,0.00031825475161895156,0.0625,0.03757404163479805,0.06132812425494194,0.0462472103536129,mix_SI_UT_0_295,0
-2.382540702819824,-0.000152587890625,0.1015625,0.04002098739147186,0.08203125,0.0516493059694767,mix_UI_ST_0_208,0
-0.9601889848709106,-0.00437330175191164,0.041015625,0.030072113499045372,0.0380859375,0.03085937537252903,mix_SI_UT_0_758,0
-1.8503820896148682,-0.0009492914541624486,0.130859375,0.04549185931682587,0.08544921875,0.049893468618392944,mix_UI_ST_0_1213,0
-1.7559516429901123,-0.003204345703125,0.078125,0.029422201216220856,0.0572916679084301,0.0355224609375,mix_SI_UT_0_739,0
-1.4149298667907715,-0.0025781248696148396,0.046875,0.02946147508919239,0.046875,0.0377604179084301,mix_SI_UT_0_1360,0
-1.0625147819519043,0.0010323660681024194,0.11328125,0.04059727489948273,0.0768229216337204,0.053466796875,cauldron_ln_15867,0
-1.6221034526824951,-0.007864444516599178,0.1015625,0.04588240012526512,0.064453125,0.040971238166093826,mix_UI_ST_0_279,0
-1.1601241827011108,-0.010181774385273457,0.052734375,0.033105600625276566,0.0475260429084301,0.0308837890625,mix_SI_UT_0_733,0
-1.751397728919983,-0.00011306512169539928,0.109375,0.033308010548353195,0.0670572966337204,0.04016927257180214,cauldron_ln_23345,1
-1.7364987134933472,0.0007341657183133066,0.109375,0.038371313363313675,0.0828683078289032,0.04733455926179886,cauldron_ln_6137,0
-1.1271965503692627,-0.0048421225510537624,0.03125,0.019153008237481117,0.03125,0.0192057304084301,mix_SI_UT_0_614,0
-1.9537575244903564,-0.003760842839255929,0.1015625,0.04693425074219704,0.1015625,0.050048828125,cauldron_ln_18217,1
-1.5355169773101807,0.0005696614971384406,0.125,0.060458291321992874,0.09765625,0.0690569207072258,cauldron_ln_15238,1
-2.820861339569092,0.00864257849752903,0.25,0.0654984638094902,0.1666666716337204,0.09619140625,mix_UI_ST_0_1460,0
-2.0999956130981445,0.0016915458254516125,0.1171875,0.04298996180295944,0.0795200914144516,0.05250459536910057,cauldron_ln_18240,1
-1.0080585479736328,0.002704326994717121,0.05078125,0.0193981621414423,0.05078125,0.02620442770421505,cauldron_ln_6440,1
-1.555065393447876,0.012403405271470547,0.1875,0.04954330995678902,0.12890625,0.08515625447034836,mix_UI_ST_0_582,0
-2.1030466556549072,0.0029562246054410934,0.1015625,0.04092622175812721,0.08203125,0.06210937723517418,mix_SI_UT_0_665,0
-1.9861886501312256,-0.012245052494108677,0.083984375,0.04690539836883545,0.0654296875,0.04062500223517418,mix_SI_UT_0_33,0
-2.001692295074463,0.00040952619747258723,0.15625,0.04059262573719025,0.0846354216337204,0.04746093973517418,cauldron_ln_15648,0
-1.159843921661377,-0.00201416015625,0.0625,0.02964445762336254,0.04843750223517418,0.0282854363322258,mix_UI_ST_0_1398,0
-1.7799118757247925,0.004430016968399286,0.109375,0.03657406195998192,0.0712890625,0.04921875149011612,cauldron_ln_3470,0
-1.8742656707763672,-0.00160980224609375,0.1875,0.0597192719578743,0.146484375,0.07135009765625,cauldron_ln_6865,1
-1.8946681022644043,-0.00529378280043602,0.08984375,0.044281478971242905,0.0768229216337204,0.0521763414144516,mix_UI_ST_0_93,0
-1.0354390144348145,0.001965753035619855,0.06640625,0.025244584307074547,0.05078125,0.0315290205180645,mix_UI_ST_0_902,0
-1.743156909942627,-0.0025736491661518812,0.0625,0.03585764393210411,0.0625,0.0432942733168602,mix_SI_UT_0_26,0
-1.2755603790283203,-0.0054219565354287624,0.0625,0.039152827113866806,0.0507812537252903,0.0330946184694767,mix_UI_ST_0_294,0
-1.4587088823318481,-0.005657327361404896,0.1328125,0.04488575458526611,0.09765625,0.0488281287252903,mix_SI_UT_0_736,0
-1.3889628648757935,0.008184388279914856,0.15234375,0.03951512649655342,0.0986328125,0.06103515625,cauldron_ln_29603,1
-1.4861781597137451,0.006783150602132082,0.1015625,0.03139563277363777,0.0703125,0.0434027798473835,mix_SI_UT_0_620,0
-1.583202838897705,0.0009090847452171147,0.103515625,0.03811097890138626,0.0776909738779068,0.04953835532069206,mix_UI_ST_0_252,0
-1.4268245697021484,-0.004471317399293184,0.0625,0.03204241022467613,0.0533854179084301,0.03154297173023224,cauldron_ln_16595,0
-1.3547199964523315,0.002155010588467121,0.125,0.04411778226494789,0.08740234375,0.051788330078125,cauldron_ln_26630,0
-1.629198431968689,0.0007583156111650169,0.125,0.0392867736518383,0.0774739608168602,0.0491943359375,cauldron_ln_6841,1
-1.7529898881912231,-0.018971161916851997,0.10546875,0.05764378234744072,0.0677083358168602,0.0357666015625,mix_UI_ST_0_55,0
-1.665475606918335,-0.0020263672340661287,0.1328125,0.04629308730363846,0.11328125,0.0517578125,cauldron_ln_11031,0
-1.605679988861084,0.005141314584761858,0.0546875,0.018294358626008034,0.0546875,0.03076171875,cauldron_ln_27757,0
-1.243248462677002,-0.004227548372000456,0.0859375,0.034734465181827545,0.05820312723517418,0.03267728537321091,mix_SI_UT_0_667,0
-2.1905908584594727,-0.0067545571364462376,0.1015625,0.04146379977464676,0.0690104216337204,0.0419921875,cauldron_ln_14681,1
-2.062135696411133,-0.0028932804707437754,0.09375,0.05212128907442093,0.08828125149011612,0.06494140625,mix_UI_ST_0_612,0
-1.2870304584503174,-2.8722428396577016e-05,0.078125,0.03657098114490509,0.0625,0.0476888045668602,mix_SI_UT_0_1298,0
-1.2502624988555908,-0.003299289382994175,0.109375,0.04155989736318588,0.0911458358168602,0.0469292551279068,cauldron_ln_11113,1
-1.2536952495574951,0.01246337965130806,0.140625,0.03235803171992302,0.08203125,0.0549665205180645,cauldron_ln_23562,0
-1.3134522438049316,-0.0054314024746418,0.06640625,0.03425867110490799,0.041259765625,0.02598877064883709,mix_SI_UT_0_685,0
-1.2236629724502563,-0.0006852583610452712,0.09375,0.032942887395620346,0.072265625,0.036843039095401764,mix_UI_ST_0_541,0
-2.522200345993042,-0.00701141357421875,0.0546875,0.03835355117917061,0.0546875,0.03955078125,cauldron_ln_8473,1
-1.266326665878296,-7.847377855796367e-05,0.1015625,0.039230383932590485,0.0810546875,0.0382254496216774,mix_UI_ST_0_1432,0
-1.6742875576019287,-0.001434326171875,0.1015625,0.0380864217877388,0.08749999850988388,0.042743392288684845,mix_UI_ST_0_1382,0
-1.576322317123413,0.006639434024691582,0.15625,0.04072398692369461,0.0986328125,0.05888671800494194,mix_SI_UT_0_1115,0
-1.389742136001587,-0.009347970597445965,0.078125,0.0451568067073822,0.0716145858168602,0.03582763671875,cauldron_ln_1741,0
-2.529482364654541,0.0035364488139748573,0.09375,0.03253105655312538,0.09375,0.0469970703125,mix_UI_ST_0_185,0
-1.4203529357910156,0.0014801025390625,0.1953125,0.04147966951131821,0.0908203125,0.05039062723517418,cauldron_ln_23432,1
-1.7220375537872314,-0.014199218712747097,0.0390625,0.039581894874572754,0.03515625,0.02498372457921505,cauldron_ln_29118,0
-1.2994885444641113,0.0015916421543806791,0.0859375,0.03559302166104317,0.0638950914144516,0.04388786852359772,cauldron_ln_23373,0
-2.52974009513855,-0.0018601191695779562,0.1171875,0.049995698034763336,0.0924479216337204,0.06295572966337204,mix_UI_ST_0_161,0
-2.1142334938049316,-0.010234832763671875,0.09375,0.03726539760828018,0.0703125,0.0344696044921875,mix_UI_ST_0_761,0
-1.6902415752410889,0.00038213314837776124,0.0859375,0.03632991760969162,0.07421875,0.04960937425494194,cauldron_ln_11877,1
-1.6602141857147217,0.008889449760317802,0.09375,0.03634234890341759,0.078125,0.05725740268826485,mix_UI_ST_0_1250,0
-1.8962129354476929,0.002771714236587286,0.09375,0.04870457202196121,0.09296875447034836,0.0682373046875,cauldron_ln_16726,0
-2.8515942096710205,0.006966146174818277,0.1015625,0.03888177126646042,0.083984375,0.05912642180919647,cauldron_ln_16548,0
-1.1564644575119019,0.0011987305479124188,0.109375,0.035740774124860764,0.0641741082072258,0.04345703125,cauldron_ln_3826,0
-1.561377763748169,0.0052936263382434845,0.1875,0.047528013586997986,0.10390625149011612,0.06460336595773697,mix_SI_UT_0_699,0
-1.5224334001541138,-0.0034829711075872183,0.125,0.0427798368036747,0.06875000149011612,0.041484374552965164,mix_SI_UT_0_436,0
-1.3544564247131348,-0.003011929802596569,0.1171875,0.03603618964552879,0.06484375149011612,0.036376953125,cauldron_ln_22707,1
-1.6954941749572754,0.0017740885959938169,0.078125,0.032097917050123215,0.0546875,0.0398995541036129,mix_UI_ST_0_504,0
-1.7503809928894043,0.007708740420639515,0.109375,0.042244844138622284,0.08984375,0.06601562350988388,cauldron_ln_29670,1
-1.4033668041229248,-0.0008427546708844602,0.140625,0.03860950842499733,0.07890625298023224,0.043569713830947876,cauldron_ln_29304,1
-1.2184622287750244,0.006228129379451275,0.109375,0.0359010323882103,0.080078125,0.0502115897834301,mix_UI_ST_0_535,0
-1.597020149230957,-0.0029000588692724705,0.10546875,0.03781570866703987,0.06210937723517418,0.03847656026482582,cauldron_ln_6199,0
-1.4168987274169922,-0.005683366674929857,0.09375,0.04394102841615677,0.068359375,0.04096679762005806,cauldron_ln_23904,0
-1.9337656497955322,0.002778518944978714,0.125,0.041529640555381775,0.0859375,0.05605468899011612,mix_SI_UT_0_935,0
-2.817919969558716,-0.00029109074966982007,0.046875,0.041743338108062744,0.046875,0.044921875,mix_UI_ST_0_1199,0
-1.879900574684143,-0.014111327938735485,0.0703125,0.04337600618600845,0.0419921875,0.02841796912252903,cauldron_ln_7414,0
-1.9752252101898193,0.00511067733168602,0.0625,0.027314379811286926,0.0625,0.048828125,mix_SI_UT_0_342,0
-1.912420392036438,-0.0049682618118822575,0.0859375,0.039063889533281326,0.06005859375,0.04208984598517418,mix_UI_ST_0_683,0
-0.8297646045684814,-0.004696452058851719,0.0859375,0.028069129213690758,0.0453404039144516,0.02521430142223835,mix_SI_UT_0_430,0
-1.6464037895202637,-0.0030917697586119175,0.05078125,0.02733595110476017,0.044921875,0.029563210904598236,cauldron_ln_12351,1
-2.189304828643799,-0.00175820617005229,0.1328125,0.0460834838449955,0.083984375,0.05559896305203438,mix_UI_ST_0_1231,0
-1.3130879402160645,0.006138102617114782,0.078125,0.026181047782301903,0.0611979179084301,0.0432477705180645,mix_UI_ST_0_1299,0
-1.0764763355255127,-0.012381160631775856,0.044921875,0.034130871295928955,0.037109375,0.022064208984375,mix_SI_UT_0_857,0
-1.305906891822815,-0.0017983573488891125,0.09375,0.03680054470896721,0.06328125298023224,0.0377371683716774,mix_UI_ST_0_441,0
-1.03940749168396,0.0025549600832164288,0.09375,0.03286732733249664,0.0703125,0.04306640848517418,mix_SI_UT_0_543,0
-1.6351959705352783,0.0013338725548237562,0.05859375,0.027412479743361473,0.05078125,0.0337727889418602,mix_SI_UT_0_1069,0
-1.617247462272644,0.01008300855755806,0.109375,0.03438252955675125,0.0833333358168602,0.0553850457072258,mix_SI_UT_0_1052,0
-1.6856117248535156,0.0005355207831598818,0.09375,0.03214949369430542,0.070870541036129,0.0391438789665699,mix_UI_ST_0_649,0
-1.7171754837036133,0.001099168206565082,0.109375,0.03342122957110405,0.078125,0.0432303324341774,mix_SI_UT_0_608,0
-1.9369698762893677,-0.006925884168595076,0.046875,0.0358319953083992,0.046875,0.034912109375,cauldron_ln_19453,0
-2.4755799770355225,-0.017489347606897354,0.056640625,0.049229707568883896,0.056640625,0.0361328125,mix_SI_UT_0_940,0
-1.3010473251342773,0.012254749424755573,0.12890625,0.035157281905412674,0.09218750149011612,0.061448320746421814,mix_UI_ST_0_212,0
-0.9804372787475586,0.0014117697719484568,0.03515625,0.01804659329354763,0.03515625,0.0263671875,mix_UI_ST_0_1141,0
-1.3229200839996338,0.00558268278837204,0.11328125,0.03105376474559307,0.0794270858168602,0.0489676371216774,mix_UI_ST_0_741,0
-1.8480896949768066,-0.003785104490816593,0.09375,0.029538821429014206,0.0602213554084301,0.03070831298828125,mix_SI_UT_0_828,0
-1.893303394317627,0.005462646950036287,0.125,0.056956466287374496,0.12109375,0.0661272332072258,cauldron_ln_15072,1
-1.7153923511505127,0.0007564920815639198,0.125,0.040183085948228836,0.066964291036129,0.04411764815449715,mix_SI_UT_0_134,0
-1.3566550016403198,0.006174316164106131,0.125,0.06126832962036133,0.109375,0.0638020858168602,cauldron_ln_954,1
-1.1847161054611206,0.011146281845867634,0.125,0.04579073190689087,0.125,0.0803571492433548,mix_SI_UT_0_204,0
-1.4314029216766357,0.0023822549264878035,0.080078125,0.0313204862177372,0.068603515625,0.04155273362994194,cauldron_ln_7468,1
-2.372892379760742,-0.004545171279460192,0.109375,0.05028306320309639,0.0888671875,0.050248581916093826,cauldron_ln_5763,1
-1.1313529014587402,0.0044759116135537624,0.12890625,0.04492393136024475,0.1028645858168602,0.056640625,mix_UI_ST_0_1025,0
-1.4865007400512695,0.002846679650247097,0.109375,0.0373402014374733,0.08281250298023224,0.0535481795668602,mix_SI_UT_0_716,0
-0.9221980571746826,-0.01292986236512661,0.0625,0.03538483753800392,0.0455729179084301,0.025787353515625,cauldron_ln_9576,1
-1.2034478187561035,0.007168724667280912,0.1171875,0.03886404633522034,0.103515625,0.05800781399011612,mix_UI_ST_0_1056,0
-1.2363414764404297,-0.003360748291015625,0.1484375,0.04295188933610916,0.0846354216337204,0.04071044921875,mix_SI_UT_0_793,0
-1.1709142923355103,-0.0035048662684857845,0.078125,0.02660914696753025,0.05039062723517418,0.02699497900903225,cauldron_ln_2461,1
-1.4384448528289795,-0.0007167718722485006,0.078125,0.03148813918232918,0.0651041716337204,0.0351019985973835,mix_SI_UT_0_1015,0
-1.845703125,0.00572129525244236,0.1640625,0.050659410655498505,0.1158854216337204,0.06907552480697632,mix_UI_ST_0_748,0
-1.2401506900787354,0.010937499813735485,0.140625,0.04154497757554054,0.1015625,0.06093750149011612,cauldron_ln_29226,1
-1.8404459953308105,-0.0062255859375,0.09765625,0.04500795155763626,0.08203125,0.0465087890625,mix_SI_UT_0_862,0
-1.4850707054138184,-0.0001878925395430997,0.09375,0.04952051863074303,0.08281250298023224,0.0589192733168602,cauldron_ln_7367,0
-1.480020523071289,0.009312220849096775,0.09375,0.03292054682970047,0.08056640625,0.05234375223517418,mix_UI_ST_0_1327,0
-1.2502357959747314,-0.01231260597705841,0.078125,0.03407273441553116,0.0452473983168602,0.02506510354578495,mix_UI_ST_0_1021,0
-1.4574394226074219,-0.0008289965335279703,0.125,0.03775351122021675,0.0789620578289032,0.043200042098760605,mix_UI_ST_0_367,0
-1.1751466989517212,0.0016679905820637941,0.1328125,0.033073052763938904,0.07421875,0.041412353515625,cauldron_ln_19279,0
-1.447028636932373,-0.002378845354542136,0.15625,0.04414356127381325,0.08642578125,0.04536132887005806,mix_UI_ST_0_378,0
-1.453660011291504,-0.00494341179728508,0.091796875,0.034070562571287155,0.0544084832072258,0.03303078934550285,mix_SI_UT_0_238,0
-1.1692748069763184,-0.006257233675569296,0.15625,0.04617546498775482,0.07187499850988388,0.040640026330947876,cauldron_ln_8278,1
-1.4094431400299072,-0.0055677625350654125,0.021484375,0.02084379270672798,0.021484375,0.015869140625,cauldron_ln_717,1
-1.6694499254226685,-0.001678984030149877,0.171875,0.047895919531583786,0.09531249850988388,0.0507812537252903,cauldron_ln_17655,1
-1.5920863151550293,0.002325439592823386,0.203125,0.05642881989479065,0.13525390625,0.07106933742761612,cauldron_ln_20539,1
-1.7212460041046143,-0.0013407045044004917,0.08203125,0.0394899956882,0.07109375298023224,0.0460379496216774,cauldron_ln_807,1
-1.3137586116790771,-0.004256753250956535,0.1171875,0.04179688170552254,0.0774739608168602,0.04046989977359772,cauldron_ln_18643,1
-1.6801416873931885,-0.0007372404215857387,0.0703125,0.029080042615532875,0.0638020858168602,0.0379774309694767,cauldron_ln_910,1
-2.111149311065674,-0.0047024814411997795,0.15625,0.049674224108457565,0.0947265625,0.05009321868419647,mix_SI_UT_0_292,0
-2.1902272701263428,0.0067494711838662624,0.25,0.05464563146233559,0.1357421875,0.0716145858168602,mix_SI_UT_0_1376,0
-1.2992126941680908,0.00299750454723835,0.15625,0.044631801545619965,0.0983072966337204,0.0592447929084301,cauldron_ln_9291,0
-2.069547414779663,0.010970678180456161,0.14453125,0.054751425981521606,0.1263020932674408,0.082899309694767,cauldron_ln_18876,1
-1.8987263441085815,0.0015520368469879031,0.0859375,0.04879557341337204,0.076171875,0.057861328125,mix_UI_ST_0_329,0
-2.396315336227417,-0.00971137173473835,0.0625,0.03599276766180992,0.0625,0.025390625,cauldron_ln_11638,0
-1.1871153116226196,-0.008072917349636555,0.04296875,0.02801004983484745,0.04296875,0.02880859375,cauldron_ln_4297,1
-1.4299851655960083,-0.00627510529011488,0.08203125,0.030789947137236595,0.04765624925494194,0.030686600133776665,cauldron_ln_2727,0
-2.276344060897827,-0.0024492312222719193,0.1171875,0.039815228432416916,0.0725446492433548,0.044613488018512726,cauldron_ln_19911,0
-1.4117900133132935,-0.0013587364228442311,0.0703125,0.03371187299489975,0.0533854179084301,0.031951904296875,cauldron_ln_8603,1
-1.6261062622070312,0.005196049809455872,0.1328125,0.04571343958377838,0.1015625,0.06573016941547394,mix_SI_UT_0_504,0
-2.061581611633301,-0.0058662849478423595,0.0859375,0.03850569576025009,0.05820312723517418,0.035569410771131516,mix_UI_ST_0_48,0
-0.8772609233856201,0.00017438616487197578,0.03125,0.022990025579929352,0.03125,0.02864583395421505,mix_UI_ST_0_180,0
-1.747804045677185,0.006859312299638987,0.09765625,0.0356353297829628,0.08349609375,0.053977273404598236,mix_SI_UT_0_867,0
-1.4308676719665527,0.0009425237076357007,0.0859375,0.03856036439538002,0.078125,0.0514322929084301,cauldron_ln_2302,1
-1.461707592010498,0.007437870372086763,0.109375,0.0448528490960598,0.09765625,0.064453125,mix_UI_ST_0_658,0
-1.7413387298583984,-0.0052734375931322575,0.109375,0.04686669632792473,0.0768229216337204,0.0541294664144516,cauldron_ln_10976,1
-2.1040196418762207,0.0030924479942768812,0.1171875,0.04546284303069115,0.0908203125,0.05869140848517418,mix_SI_UT_0_257,0
-1.5416014194488525,-0.002681001555174589,0.109375,0.041413865983486176,0.06689453125,0.04150390625,cauldron_ln_23994,0
-1.9203214645385742,0.01042938232421875,0.107421875,0.03659885376691818,0.0904947966337204,0.059326171875,mix_SI_UT_0_70,0
-0.9878867268562317,-0.0037607047706842422,0.05078125,0.025869183242321014,0.0436197929084301,0.02587890625,mix_UI_ST_0_1067,0
-1.5861247777938843,-0.0072784423828125,0.09375,0.045030876994132996,0.072265625,0.038973722606897354,cauldron_ln_2207,1
-1.6431310176849365,-0.0055524553172290325,0.0625,0.03147656470537186,0.0494791679084301,0.033203125,cauldron_ln_17995,1
-1.6750857830047607,-0.0074707032181322575,0.07421875,0.03568379953503609,0.0625,0.03750000149011612,mix_UI_ST_0_229,0
-1.7380056381225586,-0.00542449951171875,0.125,0.04009702056646347,0.0703125,0.0374755859375,cauldron_ln_18380,0
-1.5117883682250977,-0.01673978939652443,0.046875,0.040916867554187775,0.0367838554084301,0.0245361328125,cauldron_ln_8845,0
-1.0974582433700562,-0.004039895720779896,0.078125,0.030776888132095337,0.05195312574505806,0.0309709832072258,mix_SI_UT_0_455,0
-1.5722002983093262,-0.005206977017223835,0.0859375,0.04049459099769592,0.070068359375,0.039262253791093826,cauldron_ln_8858,1
-1.1035710573196411,0.0039463043212890625,0.109375,0.04523444175720215,0.0872395858168602,0.0615234375,cauldron_ln_4540,1
-2.113210916519165,-0.0035400390625,0.06640625,0.04913260042667389,0.0611979179084301,0.0444878488779068,mix_SI_UT_0_681,0
-1.5711822509765625,0.0022184953559190035,0.0625,0.029941169545054436,0.0546875,0.0390625,mix_UI_ST_0_1246,0
-1.7438597679138184,-0.0030349204316735268,0.08984375,0.03582107275724411,0.080078125,0.0394810289144516,cauldron_ln_16847,1
-1.0429389476776123,0.008817785419523716,0.05078125,0.014591904357075691,0.05078125,0.028564453125,cauldron_ln_28595,0
-1.427227258682251,0.0015916824340820312,0.0625,0.025121696293354034,0.0494791679084301,0.0328369140625,cauldron_ln_9990,1
-1.9646618366241455,0.0005984422168694437,0.09375,0.03599962592124939,0.08203125,0.04736328125,cauldron_ln_6384,1
-0.8685555458068848,-0.008982938714325428,0.0390625,0.028368091210722923,0.033203125,0.01800537109375,mix_UI_ST_0_724,0
-1.613303542137146,-0.009850242175161839,0.046875,0.030133968219161034,0.031005859375,0.01458740234375,cauldron_ln_9062,1
-1.463739275932312,0.0008786223479546607,0.0859375,0.03346733748912811,0.0771484375,0.0433349609375,mix_UI_ST_0_1484,0
-1.1244624853134155,-0.005312027409672737,0.0390625,0.028298290446400642,0.0319010429084301,0.02127511240541935,cauldron_ln_26294,1
-1.8338561058044434,-0.0059261322021484375,0.09375,0.04015490785241127,0.06982421875,0.0374348983168602,cauldron_ln_16021,1
-1.9284430742263794,0.0036621096078306437,0.0703125,0.04007694870233536,0.0703125,0.0533854179084301,mix_UI_ST_0_857,0
-1.3456079959869385,0.0014672373654320836,0.06640625,0.03147689998149872,0.05390625074505806,0.0408528670668602,cauldron_ln_29883,1
-2.0066986083984375,-0.0007421320187859237,0.08203125,0.03484058007597923,0.0634765625,0.04088245704770088,cauldron_ln_25340,1
-1.6421815156936646,0.0013863700442016125,0.125,0.0440242737531662,0.08544921875,0.05253906175494194,cauldron_ln_29954,1
-1.4392476081848145,0.0015180871123448014,0.09375,0.036236099898815155,0.078125,0.04865057021379471,mix_UI_ST_0_1108,0
-0.9124785661697388,-0.011425781063735485,0.083984375,0.04192112758755684,0.0615234375,0.03847656399011612,mix_SI_UT_0_849,0
-1.0894678831100464,-0.012979043647646904,0.125,0.07143419981002808,0.0846354216337204,0.0460611991584301,mix_UI_ST_0_276,0
-1.8922395706176758,0.006136068142950535,0.078125,0.03601148724555969,0.06640625,0.0530133955180645,mix_UI_ST_0_733,0
-1.0293159484863281,-0.00035167878377251327,0.125,0.03529743477702141,0.07539062947034836,0.040762096643447876,mix_SI_UT_0_1471,0
-1.130422830581665,0.008365028537809849,0.1015625,0.039225585758686066,0.1015625,0.06396484375,mix_UI_ST_0_160,0
-1.0172944068908691,0.008486430160701275,0.1015625,0.03766992315649986,0.083984375,0.0533854179084301,mix_UI_ST_0_248,0
-2.77254056930542,-0.001509233028627932,0.0703125,0.03478057309985161,0.046875,0.02968749962747097,mix_UI_ST_0_1077,0
-3.3773550987243652,-0.00307366787455976,0.08203125,0.03274444863200188,0.0611979179084301,0.0352647565305233,cauldron_ln_6635,1
-1.3662947416305542,-0.0051293945871293545,0.08203125,0.04373250529170036,0.06562500447034836,0.0439046248793602,cauldron_ln_26729,1
-1.2310301065444946,0.0009382659918628633,0.1171875,0.041234105825424194,0.09140624850988388,0.052001953125,mix_UI_ST_0_653,0
-1.639883041381836,0.002149658277630806,0.08984375,0.03777480497956276,0.072265625,0.0511067695915699,cauldron_ln_17830,1
-1.489627718925476,0.0034161193761974573,0.09375,0.04258459061384201,0.0833333358168602,0.0579833984375,mix_SI_UT_0_854,0
-0.891922116279602,-0.000754616514313966,0.0625,0.03176078572869301,0.0572916679084301,0.037109375,cauldron_ln_28672,0
-2.3806052207946777,-0.003903120057657361,0.1015625,0.0458436980843544,0.0755208358168602,0.0499131940305233,cauldron_ln_9194,0
-1.3428163528442383,0.005322969984263182,0.09375,0.0347939059138298,0.07968749850988388,0.05179537460207939,mix_UI_ST_0_1145,0
-1.407234787940979,0.011437988840043545,0.125,0.04617593064904213,0.09765625,0.06875000149011612,cauldron_ln_21793,0
-1.4436166286468506,0.013986441306769848,0.111328125,0.04058609902858734,0.107421875,0.0709635391831398,mix_SI_UT_0_1101,0
-1.3629025220870972,-2.817007407429628e-05,0.0625,0.023945337161421776,0.046875,0.02840169332921505,cauldron_ln_18160,1
-1.1672356128692627,-0.0008511930354870856,0.12890625,0.038962408900260925,0.0794270858168602,0.0422634556889534,mix_UI_ST_0_349,0
-1.3343465328216553,-0.002185339108109474,0.109375,0.03191571310162544,0.0574951171875,0.0335286483168602,cauldron_ln_19214,1
-1.1152269840240479,0.0030953544192016125,0.15625,0.04698413982987404,0.13671875,0.0531529039144516,mix_SI_UT_0_385,0
-0.8567027449607849,-0.0036599296145141125,0.0224609375,0.020414117723703384,0.0224609375,0.01839192770421505,mix_UI_ST_0_793,0
-1.2803723812103271,-0.001207682304084301,0.125,0.039260830730199814,0.0828683078289032,0.0460611991584301,cauldron_ln_5458,1
-1.114400863647461,-0.0050344159826636314,0.072265625,0.032144781202077866,0.0592447929084301,0.0347377248108387,mix_UI_ST_0_1208,0
-1.230790615081787,0.004979287274181843,0.09375,0.0323883481323719,0.0716145858168602,0.04993489757180214,cauldron_ln_4187,0
-2.3469018936157227,-0.015380859375,0.0625,0.05636776611208916,0.0625,0.044921875,mix_UI_ST_0_999,0
-1.7759783267974854,0.010472615249454975,0.09375,0.0419427752494812,0.09375,0.07177734375,cauldron_ln_1784,0
-1.5995594263076782,-0.003323641838505864,0.0703125,0.03596104681491852,0.0546875,0.04261363670229912,cauldron_ln_17753,0
-1.0612945556640625,0.0004542033129837364,0.40625,0.06694993376731873,0.1253255307674408,0.06230469048023224,mix_SI_UT_0_874,0
-1.8757683038711548,0.002393145812675357,0.103515625,0.03718871250748634,0.07470703125,0.05214843899011612,mix_UI_ST_0_524,0
-1.6113624572753906,0.002936868229880929,0.25,0.05587711185216904,0.1302083432674408,0.067291259765625,cauldron_ln_17718,0
-1.5017099380493164,-0.003997058141976595,0.078125,0.04373142868280411,0.0595703125,0.04218750074505806,mix_SI_UT_0_726,0
-1.3086950778961182,0.0015367296291515231,0.0625,0.025895917788147926,0.0595703125,0.03271484375,mix_SI_UT_0_34,0
-1.8298276662826538,0.0037400529254227877,0.10546875,0.0377766415476799,0.0756138414144516,0.0551215298473835,mix_UI_ST_0_1225,0
-1.3621937036514282,0.0002450653992127627,0.1171875,0.03469204902648926,0.0657552108168602,0.04302978515625,cauldron_ln_8582,1
-1.8098064661026,0.0070896148681640625,0.1640625,0.03785242140293121,0.09375,0.0501708984375,mix_SI_UT_0_558,0
-1.4711687564849854,-0.007070865482091904,0.15625,0.040623873472213745,0.06562500447034836,0.03412569686770439,mix_SI_UT_0_1402,0
-1.4689412117004395,-0.0029712433461099863,0.064453125,0.03336283192038536,0.04736328125,0.03453480079770088,mix_SI_UT_0_439,0
-1.303576946258545,-0.006465367041528225,0.0859375,0.02972475439310074,0.06640625,0.0238734669983387,mix_SI_UT_0_1174,0
-1.9429717063903809,0.009454346261918545,0.10546875,0.032333847135305405,0.0810546875,0.05078125,cauldron_ln_14391,1
-1.511608362197876,0.00029312935657799244,0.1484375,0.049418773502111435,0.1026785746216774,0.05658922716975212,cauldron_ln_2679,1
-1.4402551651000977,0.0167040154337883,0.125,0.04371793195605278,0.125,0.0833333358168602,cauldron_ln_14598,1
-1.7292122840881348,-0.00478990375995636,0.0859375,0.0338844433426857,0.06298828125,0.036399148404598236,mix_SI_UT_0_182,0
-1.676376223564148,0.005993258208036423,0.1328125,0.048093754798173904,0.09765625,0.0686383992433548,cauldron_ln_4627,0
-1.419397234916687,0.013354492373764515,0.0625,0.024377169087529182,0.0537109375,0.04257812723517418,mix_UI_ST_0_1401,0
-1.3549273014068604,0.006845241412520409,0.14453125,0.04436328262090683,0.0947265625,0.05996093899011612,mix_UI_ST_0_1192,0
-1.5134921073913574,0.00368053512647748,0.09375,0.039659079164266586,0.07109375298023224,0.05093149095773697,cauldron_ln_13719,0
-2.217344045639038,-0.011138916015625,0.07421875,0.04553958773612976,0.068359375,0.05078125,cauldron_ln_17329,0
-2.4885807037353516,0.004545898176729679,0.1015625,0.03989686816930771,0.08749999850988388,0.0576171875,cauldron_ln_2033,0
-1.5306050777435303,0.0006646050605922937,0.046875,0.029652999714016914,0.046875,0.038818359375,mix_SI_UT_0_1409,0
-1.338934063911438,-0.001007080078125,0.0625,0.03240930289030075,0.052734375,0.03398437425494194,mix_UI_ST_0_239,0
-1.8973835706710815,-0.00883847288787365,0.0859375,0.035050179809331894,0.04296875,0.02871093899011612,mix_UI_ST_0_531,0
-1.5160539150238037,0.011676025576889515,0.09765625,0.033558279275894165,0.0794270858168602,0.0597098246216774,cauldron_ln_26620,0
-1.8270457983016968,-0.0021565754432231188,0.109375,0.03663165494799614,0.0725446492433548,0.0416124127805233,mix_SI_UT_0_1255,0
-1.149393916130066,0.006382869090884924,0.04296875,0.016739754006266594,0.0419921875,0.0320638045668602,cauldron_ln_21876,1
-1.9579980373382568,-0.00924357958137989,0.109375,0.04134175181388855,0.0687934011220932,0.035740066319704056,mix_SI_UT_0_1381,0
-1.7791461944580078,-0.002996480790898204,0.109375,0.04133202135562897,0.07656250149011612,0.043569713830947876,mix_UI_ST_0_1498,0
-1.499664068222046,0.0004742731689475477,0.25,0.04498036578297615,0.0885416716337204,0.04847005382180214,mix_SI_UT_0_1008,0
-1.7672321796417236,-0.006031734868884087,0.171875,0.04302973300218582,0.0650809183716774,0.03494442254304886,mix_UI_ST_0_512,0
-1.4094693660736084,0.0022631194442510605,0.1328125,0.045191917568445206,0.09296875447034836,0.0533621683716774,mix_UI_ST_0_1234,0
-1.2354090213775635,0.001527709886431694,0.0859375,0.02676182985305786,0.052734375,0.035400390625,mix_SI_UT_0_1441,0
-2.681094169616699,0.0002704196667764336,0.09375,0.04349992424249649,0.0859375,0.0553385429084301,mix_UI_ST_0_1408,0
-1.3422772884368896,-0.006284516304731369,0.09375,0.040234193205833435,0.080078125,0.0379813089966774,mix_SI_UT_0_1240,0
-1.807777762413025,-0.011822040192782879,0.0625,0.03418756276369095,0.0494791679084301,0.02864583395421505,cauldron_ln_23023,0
-0.8281893730163574,0.00013369607040658593,0.0703125,0.027581170201301575,0.0520833358168602,0.03583984449505806,mix_UI_ST_0_1265,0
-1.9483389854431152,-0.003809814341366291,0.0625,0.029633019119501114,0.0625,0.0319010429084301,mix_UI_ST_0_12,0
-1.42423677444458,-0.0037393691018223763,0.1796875,0.050140637904405594,0.0834263414144516,0.05072985216975212,cauldron_ln_18984,1
-0.9488634467124939,0.009714433923363686,0.15625,0.04594805836677551,0.109375,0.0675223246216774,cauldron_ln_14372,0
-1.1050348281860352,-0.01122769434005022,0.09375,0.0389908105134964,0.05615234375,0.02963867224752903,mix_SI_UT_0_340,0
-1.4410159587860107,0.00870414450764656,0.09375,0.031145406886935234,0.072265625,0.05234375223517418,mix_UI_ST_0_988,0
-1.7139599323272705,-0.00616455078125,0.06640625,0.03440588712692261,0.04609375074505806,0.03155048191547394,mix_SI_UT_0_21,0
-1.677140235900879,0.00021652948635164648,0.11328125,0.04353081062436104,0.0830078125,0.0545014888048172,cauldron_ln_15429,1
-1.0842558145523071,-0.007046092767268419,0.078125,0.03392188996076584,0.052001953125,0.02794300578534603,cauldron_ln_6209,1
-1.2770311832427979,0.0031443629413843155,0.0859375,0.0331493504345417,0.06640625,0.041015625,mix_SI_UT_0_693,0
-0.9520969986915588,0.0068220170214772224,0.1484375,0.03610532358288765,0.09980469197034836,0.0520717091858387,mix_SI_UT_0_419,0
-2.1767330169677734,0.017759261652827263,0.140625,0.048514701426029205,0.1223958358168602,0.0898437574505806,mix_SI_UT_0_1086,0
-1.1375820636749268,-0.0022922863718122244,0.0546875,0.026370234787464142,0.048828125,0.02904163859784603,mix_UI_ST_0_820,0
-0.9621632695198059,0.0010787609498947859,0.140625,0.03765479475259781,0.080078125,0.04501953348517418,mix_SI_UT_0_445,0
-1.7146012783050537,-0.0012252808082848787,0.140625,0.03568802773952484,0.068359375,0.03657226637005806,mix_UI_ST_0_1255,0
-1.1768465042114258,-0.0013684724690392613,0.1015625,0.03647725284099579,0.0807291716337204,0.0470920130610466,mix_SI_UT_0_872,0
-1.5936689376831055,0.008344979025423527,0.15625,0.04422039911150932,0.10625000298023224,0.0647321492433548,cauldron_ln_24734,0
-1.8730101585388184,-0.00013563368702307343,0.109375,0.04781191423535347,0.08749999850988388,0.05502554401755333,cauldron_ln_10819,1
-0.9238600730895996,-0.0016799926524981856,0.109375,0.03456513211131096,0.0693359375,0.0382080078125,cauldron_ln_25038,0
-1.576319932937622,-0.00604248046875,0.046875,0.03138170763850212,0.0380859375,0.03017578087747097,mix_UI_ST_0_737,0
-1.506789207458496,0.0014357793843373656,0.125,0.030529862269759178,0.0654296875,0.03789062425494194,cauldron_ln_21848,0
-1.3002067804336548,-0.007580172270536423,0.0546875,0.03308708220720291,0.0436197929084301,0.0282505601644516,cauldron_ln_17863,1
-1.454030990600586,-0.002680161502212286,0.109375,0.0463009811937809,0.0872395858168602,0.05227481573820114,mix_UI_ST_0_1031,0
-2.006049156188965,0.00390625,0.0546875,0.025355016812682152,0.04296875,0.03085937537252903,cauldron_ln_4699,0
-0.8806297779083252,-0.008401925675570965,0.0625,0.036749549210071564,0.0533854179084301,0.02874755859375,cauldron_ln_28220,1
-1.6948182582855225,-0.01155599020421505,0.0625,0.0539691187441349,0.0625,0.04296875,mix_UI_ST_0_1189,0
-1.8027094602584839,0.010355096310377121,0.125,0.04176703095436096,0.0950520858168602,0.0579427070915699,cauldron_ln_17119,0
-1.7482473850250244,-0.006064022425562143,0.0703125,0.048641059547662735,0.0625,0.039306640625,mix_UI_ST_0_30,0
-1.5466771125793457,0.0046063377521932125,0.109375,0.038285158574581146,0.067138671875,0.0463634692132473,mix_SI_UT_0_1090,0
-1.2828216552734375,0.00011813255696324632,0.14453125,0.036041684448719025,0.0729166716337204,0.0432942733168602,mix_UI_ST_0_233,0
-0.9072325229644775,0.0062334612011909485,0.0859375,0.029689334332942963,0.0703125,0.0493861623108387,mix_UI_ST_0_1099,0
-1.700189232826233,0.003340501105412841,0.125,0.04490327090024948,0.09296875447034836,0.05874399095773697,cauldron_ln_27584,0
-1.391539216041565,-0.002645874163135886,0.125,0.047190964221954346,0.08056640625,0.04868164286017418,mix_SI_UT_0_144,0
-1.3532443046569824,-0.0006466569611802697,0.12890625,0.04005934298038483,0.078125,0.0454450361430645,mix_UI_ST_0_739,0
-2.407132625579834,0.01908908411860466,0.1875,0.049160558730363846,0.119140625,0.08025568723678589,mix_SI_UT_0_1061,0
-1.6338247060775757,-0.00895808357745409,0.078125,0.04088781774044037,0.06298828125,0.0369466170668602,mix_SI_UT_0_336,0
-1.7147068977355957,-0.008595342747867107,0.060546875,0.045612189918756485,0.0478515625,0.03398437425494194,mix_UI_ST_0_150,0
-2.8656394481658936,-0.0032481318339705467,0.0625,0.03771697357296944,0.0615234375,0.04843750223517418,mix_SI_UT_0_813,0
-1.3486132621765137,-0.0123726986348629,0.078125,0.048679519444704056,0.07421875,0.0432477705180645,cauldron_ln_13449,0
-1.6418251991271973,3.662109520519152e-05,0.078125,0.031759440898895264,0.0615234375,0.03925781324505806,cauldron_ln_7700,0
-1.9737787246704102,-0.00033351354068145156,0.171875,0.04390639439225197,0.088134765625,0.0513857901096344,cauldron_ln_1871,1
-1.5368082523345947,-0.0006723257247358561,0.125,0.037076227366924286,0.0729166716337204,0.045013427734375,mix_UI_ST_0_1442,0
-1.8899774551391602,-0.01062593050301075,0.05078125,0.03659477457404137,0.0458984375,0.03110351599752903,cauldron_ln_15987,0
-1.473907709121704,-0.00421142578125,0.0703125,0.045837849378585815,0.0703125,0.0377604179084301,mix_UI_ST_0_752,0
-2.818194627761841,-0.004374186508357525,0.09765625,0.05198393017053604,0.08984375,0.0611979179084301,cauldron_ln_5985,1
-1.532344102859497,-0.0013518831692636013,0.1328125,0.045524079352617264,0.0872395858168602,0.05255126953125,cauldron_ln_22039,1
-1.7001701593399048,-0.010600843466818333,0.1171875,0.05794459953904152,0.0911458358168602,0.0530598945915699,mix_SI_UT_0_406,0
-0.9640488624572754,-0.001422119210474193,0.0546875,0.025825370103120804,0.0419921875,0.02656250074505806,mix_UI_ST_0_251,0
-2.5501346588134766,0.00010172526526730508,0.08984375,0.037766698747873306,0.0638020858168602,0.04348958656191826,mix_UI_ST_0_626,0
-2.181368827819824,-0.005419922061264515,0.09375,0.03842330351471901,0.0598958358168602,0.03765869140625,cauldron_ln_10872,0
-2.130014181137085,0.003333629108965397,0.265625,0.05734148994088173,0.13242188096046448,0.07481971383094788,mix_SI_UT_0_1138,0
-1.8431344032287598,0.0009120396571233869,0.15625,0.04226365312933922,0.078125,0.05048077180981636,cauldron_ln_2956,0
-1.1709084510803223,-0.00810472946614027,0.05859375,0.0360996313393116,0.0435384139418602,0.0244598388671875,cauldron_ln_3675,0
-1.2583905458450317,-0.0025284711737185717,0.0703125,0.031277820467948914,0.0572916679084301,0.035400390625,cauldron_ln_12598,1
-2.3694705963134766,0.003020110074430704,0.091796875,0.03681440278887749,0.0771484375,0.0563151054084301,cauldron_ln_1791,1
-2.1530942916870117,-0.0011485706781968474,0.125,0.04233395308256149,0.0986328125,0.05291193351149559,cauldron_ln_22816,0
-1.3182766437530518,-0.003933906555175781,0.109375,0.04229535162448883,0.0791015625,0.04315185546875,mix_SI_UT_0_469,0
-1.581066608428955,-0.01889272965490818,0.0546875,0.04106954485177994,0.0546875,0.0361328125,mix_SI_UT_0_1466,0
-1.656731128692627,0.007718727458268404,0.1171875,0.040410030633211136,0.08984375,0.059344954788684845,mix_UI_ST_0_305,0
-1.3747985363006592,4.190473191556521e-05,0.09375,0.03148530051112175,0.0631510466337204,0.03948974609375,cauldron_ln_15193,0
-1.7229639291763306,0.0025442023761570454,0.0625,0.02647264488041401,0.05546874925494194,0.0364118330180645,cauldron_ln_4157,0
-1.6604769229888916,-0.0011076750233769417,0.0546875,0.037902798503637314,0.0537109375,0.0430501326918602,mix_SI_UT_0_1478,0
-1.8596646785736084,0.00013526710972655565,0.0859375,0.041048649698495865,0.0703125,0.0486111119389534,mix_UI_ST_0_1194,0
-2.632308006286621,0.014951266348361969,0.09375,0.02968926914036274,0.0859375,0.05859375,cauldron_ln_13549,1
-1.0759251117706299,-0.0016165069537237287,0.125,0.03641440346837044,0.0729166716337204,0.04217529296875,cauldron_ln_29039,1
-1.8608882427215576,-0.006392211653292179,0.09375,0.040187906473875046,0.06015625223517418,0.036865234375,cauldron_ln_21064,1
-1.5868889093399048,0.00636050570756197,0.0625,0.024533461779356003,0.0625,0.0400390625,mix_UI_ST_0_540,0
-1.2610970735549927,-0.014366412535309792,0.041015625,0.041900064796209335,0.0361328125,0.0210658498108387,cauldron_ln_20337,1
-1.6333520412445068,-0.004314422607421875,0.078125,0.03247224912047386,0.0595703125,0.0353190116584301,mix_UI_ST_0_944,0
-1.7725526094436646,-0.0065878587774932384,0.0625,0.03769756481051445,0.0572916679084301,0.0399693101644516,cauldron_ln_1496,0
-0.9613255858421326,-0.008451982401311398,0.048828125,0.03795776516199112,0.04345703125,0.030917081981897354,cauldron_ln_28821,0
-1.7275265455245972,-0.01048177108168602,0.09375,0.04367414116859436,0.05859375,0.0342494435608387,mix_UI_ST_0_500,0
-2.0527217388153076,-0.010515340603888035,0.109375,0.047698672860860825,0.0748697966337204,0.04355468973517418,cauldron_ln_28964,0
-1.5919606685638428,0.004202706273645163,0.15625,0.04074033349752426,0.0950520858168602,0.054443359375,cauldron_ln_10746,0
-1.7633857727050781,0.0009983608033508062,0.09375,0.03450845554471016,0.0625,0.04184570536017418,mix_SI_UT_0_391,0
-1.528090238571167,0.0023930140305310488,0.1015625,0.03495953604578972,0.0611049123108387,0.04325597360730171,mix_UI_ST_0_435,0
-1.8621090650558472,0.010663201101124287,0.0625,0.0321962907910347,0.0625,0.05859375,cauldron_ln_14456,1
-1.4763355255126953,0.003268494736403227,0.109375,0.03371267020702362,0.0673828125,0.047119140625,mix_UI_ST_0_1065,0
-1.0468205213546753,-0.0020658052526414394,0.064453125,0.024588268250226974,0.0537109375,0.02754720114171505,mix_SI_UT_0_335,0
-1.6274040937423706,-0.00945241842418909,0.109375,0.05285744369029999,0.0846354216337204,0.0477430559694767,mix_UI_ST_0_766,0
-0.9922037124633789,-0.004574424587190151,0.125,0.033893052488565445,0.0463169664144516,0.02415386028587818,mix_SI_UT_0_525,0
-1.144391417503357,-0.013484559953212738,0.0390625,0.035450279712677,0.03515625,0.0188424251973629,cauldron_ln_22585,0
-1.5380305051803589,0.008267032913863659,0.1015625,0.030521344393491745,0.06982421875,0.0501534603536129,mix_SI_UT_0_1477,0
-1.4296746253967285,-0.010158631019294262,0.1328125,0.04188733547925949,0.0654296875,0.03554687649011612,cauldron_ln_15841,0
-1.6204285621643066,0.0037829589564353228,0.171875,0.04034987464547157,0.09804687649011612,0.0542806014418602,cauldron_ln_24985,0
-1.3517345190048218,0.003433599602431059,0.15625,0.0348958782851696,0.076171875,0.04404297098517418,mix_SI_UT_0_226,0
-1.8354980945587158,-0.011410362087190151,0.046875,0.050118640065193176,0.046875,0.03662109375,cauldron_ln_27363,0
-1.8313848972320557,-0.0006103515625,0.06640625,0.03651772812008858,0.0598958358168602,0.0439453125,cauldron_ln_5837,0
-0.9117139577865601,0.000986845581792295,0.125,0.03379775583744049,0.068359375,0.03925356641411781,cauldron_ln_24954,1
-1.3641706705093384,-0.00537109375,0.072265625,0.03616819530725479,0.05351562425494194,0.0361328125,mix_UI_ST_0_427,0
-1.9261770248413086,0.0050201416015625,0.1015625,0.028784219175577164,0.0598958358168602,0.03662109375,cauldron_ln_3680,0
-1.5701584815979004,0.007553998380899429,0.09375,0.035849519073963165,0.0833333358168602,0.05810546875,mix_SI_UT_0_1204,0
-1.6489062309265137,-0.00648637255653739,0.09375,0.03813920170068741,0.0638020858168602,0.039093017578125,cauldron_ln_12472,1
-1.614377737045288,0.012770432978868484,0.203125,0.0740455687046051,0.203125,0.1145833358168602,mix_UI_ST_0_112,0
-1.7568886280059814,0.00887044332921505,0.0625,0.025582676753401756,0.0625,0.04296875,cauldron_ln_28012,0
-1.154289960861206,0.0066708652302622795,0.0859375,0.029430894181132317,0.06982421875,0.045987218618392944,mix_SI_UT_0_1065,0
-1.3721754550933838,0.006187037564814091,0.09375,0.05698297172784805,0.09375,0.07421875,cauldron_ln_20456,0
-1.742364764213562,-0.0032053980976343155,0.1484375,0.03995998948812485,0.060791015625,0.0372953861951828,cauldron_ln_21840,0
-1.0953259468078613,0.0071154143661260605,0.109375,0.03275078162550926,0.1067708358168602,0.0495876744389534,cauldron_ln_6880,1
-1.5354492664337158,0.01090141013264656,0.140625,0.04313157871365547,0.109375,0.07350852340459824,cauldron_ln_19008,0
-1.2577028274536133,0.002988785272464156,0.1015625,0.03522827476263046,0.0743815153837204,0.04578450694680214,cauldron_ln_28098,1
-1.599607229232788,-0.003547336906194687,0.078125,0.03817439079284668,0.05908203125,0.03382457420229912,mix_UI_ST_0_447,0
-1.6639695167541504,-0.0025847465731203556,0.0703125,0.03170608729124069,0.0598958358168602,0.030792236328125,cauldron_ln_2857,0
-1.7270063161849976,0.002711704932153225,0.2890625,0.06926105916500092,0.177734375,0.06982421875,mix_UI_ST_0_335,0
-1.430044412612915,-0.0007257876568473876,0.1484375,0.03744440898299217,0.0751953125,0.04441140219569206,cauldron_ln_29096,1
-2.140043258666992,0.00255816918797791,0.09375,0.040450651198625565,0.08203125,0.06015625223517418,mix_SI_UT_0_1103,0
-1.650688648223877,0.0044708251953125,0.109375,0.04189011827111244,0.0833333358168602,0.0601128488779068,cauldron_ln_9261,1
-2.088042736053467,-0.0038190570194274187,0.15625,0.051842689514160156,0.0966796875,0.05820312723517418,mix_SI_UT_0_1180,0
-1.4223508834838867,0.001977735897526145,0.1015625,0.034274712204933167,0.0677083358168602,0.0442940853536129,cauldron_ln_19782,0
-1.5635507106781006,-0.002630269853398204,0.0703125,0.034995418041944504,0.05898437649011612,0.037428636103868484,mix_SI_UT_0_673,0
-0.968468189239502,0.0034545897506177425,0.109375,0.03700946271419525,0.08281250298023224,0.051025390625,cauldron_ln_22775,0
-1.919811487197876,-0.006976173259317875,0.078125,0.029363617300987244,0.052734375,0.03164062649011612,mix_SI_UT_0_36,0
-1.3906054496765137,-0.011279297061264515,0.07421875,0.03833539038896561,0.05078125,0.0250244140625,mix_SI_UT_0_156,0
-2.137481212615967,-0.002726765349507332,0.140625,0.04578124359250069,0.074776791036129,0.04594983533024788,mix_SI_UT_0_969,0
-1.6193218231201172,0.0070369066670536995,0.1484375,0.04051215946674347,0.09326171875,0.05634765699505806,mix_UI_ST_0_4,0
-1.631744623184204,0.00555419921875,0.12890625,0.04917975887656212,0.0966796875,0.06523437798023224,cauldron_ln_9606,1
-1.0459574460983276,0.0016326904296875,0.0703125,0.024365553632378578,0.060546875,0.0325520858168602,cauldron_ln_15285,1
-2.238626718521118,-0.0001187711168313399,0.2578125,0.07222019881010056,0.1536458432674408,0.083984375,cauldron_ln_6489,0
-1.4075210094451904,-0.0004907423281110823,0.1875,0.04825623705983162,0.1064453125,0.05690104514360428,mix_SI_UT_0_978,0
-1.630191445350647,-0.006596156861633062,0.15625,0.048047441989183426,0.1171875,0.0417654886841774,cauldron_ln_17186,0
-1.6926605701446533,-0.014001211151480675,0.0703125,0.03516850993037224,0.037109375,0.01270039938390255,cauldron_ln_22125,0
-1.6673153638839722,0.0078582763671875,0.140625,0.04565512016415596,0.111328125,0.06533203274011612,mix_UI_ST_0_560,0
-1.8229058980941772,-0.00448475731536746,0.052734375,0.0296747125685215,0.0419921875,0.03066406212747097,cauldron_ln_2395,1
-2.005082845687866,-0.0032406761310994625,0.078125,0.04118078574538231,0.0703125,0.04721679911017418,mix_UI_ST_0_779,0
-1.247913122177124,-0.006526240613311529,0.1328125,0.049014318734407425,0.109375,0.0472005233168602,cauldron_ln_25324,1
-1.4726576805114746,0.0073089599609375,0.171875,0.04367707297205925,0.1015625,0.06289062649011612,mix_SI_UT_0_218,0
-1.565871238708496,-0.00895012728869915,0.0390625,0.033471815288066864,0.03046875074505806,0.01724008470773697,cauldron_ln_5556,1
-1.8716073036193848,0.0018704321701079607,0.234375,0.05503229424357414,0.1223958358168602,0.0710100457072258,cauldron_ln_19861,0
-1.9370324611663818,-0.001312831649556756,0.109375,0.04177135229110718,0.07187499850988388,0.04867788776755333,cauldron_ln_5431,1
-1.4172536134719849,0.000732421875,0.1171875,0.03403588756918907,0.074776791036129,0.04330283775925636,cauldron_ln_8139,1
-1.8174206018447876,-0.004385906737297773,0.109375,0.04573838412761688,0.076171875,0.04039417579770088,mix_UI_ST_0_1019,0
-1.1876496076583862,-0.01049041748046875,0.03515625,0.02858988381922245,0.0315755233168602,0.016876220703125,mix_UI_ST_0_554,0
-1.2985646724700928,0.0019118088530376554,0.125,0.0359816774725914,0.07421875,0.04534912109375,cauldron_ln_90,0
-2.0890345573425293,0.006192016880959272,0.1640625,0.046208176761865616,0.087890625,0.056640625,mix_UI_ST_0_1223,0
-1.5719947814941406,3.461695450823754e-05,0.1875,0.04961339011788368,0.1061197966337204,0.058074951171875,cauldron_ln_27116,0
-0.9511233568191528,0.003942401614040136,0.203125,0.0429549366235733,0.1022135466337204,0.050323486328125,cauldron_ln_26388,0
-0.7214827537536621,0.009743652306497097,0.048828125,0.024166008457541466,0.046875,0.0393880233168602,cauldron_ln_8488,1
-1.3909261226654053,0.0018363621784374118,0.07421875,0.0339629091322422,0.0654296875,0.046164773404598236,cauldron_ln_19134,0
-1.5829675197601318,0.008454975672066212,0.078125,0.034599147737026215,0.078125,0.060546875,mix_UI_ST_0_1319,0
-1.0275025367736816,-0.005192509386688471,0.046875,0.025158634409308434,0.04296875,0.02168782614171505,mix_UI_ST_0_692,0
-1.6418720483779907,0.0016845703357830644,0.1796875,0.046025194227695465,0.1004464328289032,0.05646828934550285,cauldron_ln_11212,1
-2.1575875282287598,-0.0008358712657354772,0.15625,0.047694794833660126,0.08984375,0.0548270121216774,mix_UI_ST_0_660,0
-1.4795963764190674,0.00564152654260397,0.09375,0.03666450083255768,0.07421875,0.0506591796875,mix_UI_ST_0_129,0
-1.7273621559143066,-0.00262451171875,0.0625,0.034220002591609955,0.0546875,0.0364583358168602,mix_SI_UT_0_537,0
-1.9389913082122803,-0.00830078125,0.08203125,0.0398256815969944,0.072265625,0.0364583358168602,cauldron_ln_4649,1
-1.7437852621078491,0.004807044751942158,0.125,0.05243802070617676,0.11328125,0.0753348246216774,mix_UI_ST_0_94,0
-1.8493971824645996,0.007822570390999317,0.453125,0.06314992904663086,0.1376953125,0.07488281279802322,mix_SI_UT_0_641,0
-1.0544334650039673,0.00030517578125,0.111328125,0.03917844220995903,0.087890625,0.04931640625,cauldron_ln_28061,1
-1.3448594808578491,-0.0014214515686035156,0.1015625,0.033397115767002106,0.0703125,0.040771484375,cauldron_ln_9808,1
-2.8639674186706543,-0.01309481542557478,0.0625,0.04398601874709129,0.05078125,0.03164062649011612,cauldron_ln_12114,1
-2.4688472747802734,0.003037672955542803,0.0625,0.02861708030104637,0.0546875,0.0419921875,mix_UI_ST_0_482,0
-1.6230539083480835,-0.0160386823117733,0.04296875,0.04191064089536667,0.04296875,0.0205078125,cauldron_ln_13993,1
-1.2631913423538208,0.0024210612755268812,0.21875,0.050593532621860504,0.119140625,0.05510919913649559,cauldron_ln_19013,1
-1.6290916204452515,-0.00714111328125,0.09375,0.04550892487168312,0.080078125,0.04960937425494194,mix_UI_ST_0_581,0
-2.0124921798706055,-0.0015927269123494625,0.078125,0.055990513414144516,0.072265625,0.05742187425494194,cauldron_ln_16446,0
-1.7230359315872192,-0.00783575139939785,0.041015625,0.03378494456410408,0.0400390625,0.02167968824505806,cauldron_ln_17819,0
-1.3751721382141113,-0.0011335100280120969,0.1015625,0.043868955224752426,0.064453125,0.04423828050494194,mix_SI_UT_0_585,0
-1.7649469375610352,-0.005803888663649559,0.107421875,0.05761543661355972,0.0904947966337204,0.059326171875,cauldron_ln_5557,0
-1.2615787982940674,-0.011029412038624287,0.041015625,0.04042243957519531,0.041015625,0.033447265625,mix_UI_ST_0_499,0
-1.7754184007644653,-0.0025523793883621693,0.0625,0.042628102004528046,0.0625,0.04319069907069206,mix_UI_ST_0_52,0
-1.078268051147461,-0.0023523967247456312,0.0859375,0.03153793141245842,0.0625,0.0297037772834301,cauldron_ln_2839,1
-1.9700404405593872,-0.00031569908605888486,0.1875,0.05104079842567444,0.10312499850988388,0.0603376142680645,mix_UI_ST_0_1239,0
-1.3385604619979858,-0.004084749147295952,0.140625,0.03519843891263008,0.06406249850988388,0.03372896835207939,cauldron_ln_10270,1
-1.6692652702331543,0.0022291101049631834,0.0703125,0.043440528213977814,0.0673828125,0.064453125,cauldron_ln_14478,1
-1.8043872117996216,0.000963615661021322,0.0625,0.03723190352320671,0.0598958358168602,0.044189453125,cauldron_ln_19257,1
-1.7655375003814697,-0.0023193361703306437,0.09375,0.045411910861730576,0.0787760466337204,0.0460379496216774,cauldron_ln_20391,1
-1.304544448852539,0.0013624621788039804,0.0625,0.024385055527091026,0.0485026054084301,0.0297154039144516,mix_SI_UT_0_748,0
-1.6632533073425293,0.009437073953449726,0.21875,0.054933950304985046,0.107421875,0.0703125,cauldron_ln_2623,0
-1.395153522491455,-0.003569169668480754,0.06640625,0.03205011412501335,0.056396484375,0.032936789095401764,mix_SI_UT_0_923,0
-1.9573025703430176,0.018459154292941093,0.06640625,0.03181524947285652,0.0625,0.0546875,cauldron_ln_13362,1
-1.6196376085281372,-0.0020881653763353825,0.125,0.046208128333091736,0.0712890625,0.04384765774011612,mix_SI_UT_0_1452,0
-2.2819628715515137,0.0027783203404396772,0.0703125,0.03353753313422203,0.0615234375,0.04296875,mix_UI_ST_0_45,0
-1.5331236124038696,-0.0033940335270017385,0.078125,0.03881225734949112,0.06875000149011612,0.041748046875,cauldron_ln_29951,0
-1.3648686408996582,0.005173627287149429,0.09375,0.037101440131664276,0.0859375,0.0535888671875,cauldron_ln_4222,1
-1.8259174823760986,-0.0016444944776594639,0.125,0.044070445001125336,0.07968749850988388,0.04766376316547394,mix_UI_ST_0_360,0
-1.2322463989257812,0.005025723949074745,0.1484375,0.0382976308465004,0.078125,0.04902343824505806,cauldron_ln_659,1
-1.525879979133606,-0.004422095604240894,0.0546875,0.0378391407430172,0.0520833358168602,0.0411551371216774,cauldron_ln_3182,0
-1.3557958602905273,0.0067313057370483875,0.125,0.032469529658555984,0.08203125,0.04931640625,mix_SI_UT_0_1289,0
-2.2139220237731934,-0.009433322586119175,0.1171875,0.04354597255587578,0.0794270858168602,0.0354139544069767,mix_SI_UT_0_790,0
-0.7957125306129456,0.007545753847807646,0.08203125,0.027451064437627792,0.072265625,0.047607421875,mix_SI_UT_0_919,0
-1.3474091291427612,-0.004683197475969791,0.1171875,0.0401763953268528,0.0677083358168602,0.04156901314854622,mix_UI_ST_0_1237,0
-1.3139382600784302,-0.002325094072148204,0.078125,0.03358721733093262,0.05937499925494194,0.03707181662321091,mix_SI_UT_0_651,0
-1.4704318046569824,-0.0006696913042105734,0.15625,0.04324045404791832,0.09765625,0.04833984375,mix_UI_ST_0_655,0
-1.2951658964157104,0.005137125961482525,0.0703125,0.028038298711180687,0.06640625,0.0428059920668602,mix_SI_UT_0_1168,0
-1.2828187942504883,0.009678819216787815,0.15625,0.04332040995359421,0.10302734375,0.06321022659540176,cauldron_ln_256,0
-1.32928466796875,-0.008609169162809849,0.0625,0.04009896516799927,0.0625,0.044921875,cauldron_ln_29871,0
-1.214700698852539,-0.010096324607729912,0.125,0.03731909394264221,0.05351562425494194,0.022911660373210907,mix_UI_ST_0_918,0
-1.067923665046692,-0.0003734770289156586,0.125,0.03353132680058479,0.068359375,0.03896484524011612,cauldron_ln_6403,0
-1.277559757232666,0.0019953802693635225,0.1484375,0.04301003739237785,0.08906250447034836,0.050555892288684845,mix_SI_UT_0_948,0
-1.718497395515442,0.008403406478464603,0.15625,0.04461459442973137,0.09836647659540176,0.0628487765789032,cauldron_ln_19855,1
-1.194707989692688,-0.0027394613716751337,0.0703125,0.033649321645498276,0.0520833358168602,0.0389229916036129,cauldron_ln_15479,1
-1.0791350603103638,-0.00517926923930645,0.0625,0.03746587038040161,0.05058593675494194,0.0308663509786129,cauldron_ln_5968,0
-1.1674543619155884,0.007897418923676014,0.1015625,0.037929926067590714,0.09375,0.06484375149011612,cauldron_ln_20326,0
-1.524026870727539,-0.0055067273788154125,0.078125,0.03506231680512428,0.056640625,0.0377061627805233,cauldron_ln_8849,0
-1.080316424369812,0.005533617455512285,0.125,0.03807780146598816,0.09619140625,0.056640625,cauldron_ln_13373,1
-2.306459665298462,0.015237247571349144,0.1171875,0.058912117034196854,0.1171875,0.095703125,mix_UI_ST_0_1331,0
-0.8705660104751587,-0.0011652166722342372,0.04296875,0.017931725829839706,0.033203125,0.021484375,mix_SI_UT_0_671,0
-1.9754029512405396,-0.006045023910701275,0.15625,0.05657535791397095,0.1005859375,0.05810546875,cauldron_ln_8292,0
-2.006509780883789,-0.0014093571808189154,0.25,0.05157515034079552,0.09804687649011612,0.05596454441547394,cauldron_ln_22133,0
-1.686117172241211,0.001559448312036693,0.072265625,0.03257667273283005,0.0556640625,0.03945312649011612,cauldron_ln_6997,0
-1.900315523147583,-0.007679332513362169,0.09375,0.04593408852815628,0.076171875,0.03837890550494194,mix_SI_UT_0_408,0
-1.2872841358184814,-0.006237958092242479,0.078125,0.03969278186559677,0.0598958358168602,0.03515625,mix_SI_UT_0_792,0
-1.4243805408477783,-0.001582883414812386,0.0546875,0.02836015820503235,0.04316406324505806,0.02899639494717121,mix_SI_UT_0_1238,0
-2.1263980865478516,-0.008518218994140625,0.15625,0.05968482419848442,0.0911458358168602,0.046844482421875,mix_UI_ST_0_714,0
-1.4427552223205566,0.0027857241220772266,0.21875,0.042349059134721756,0.0947265625,0.0498046875,cauldron_ln_10588,1
-1.5305980443954468,-0.006740025244653225,0.125,0.04914669692516327,0.09033203125,0.04542236402630806,cauldron_ln_6419,1
-1.389035940170288,0.020274287089705467,0.125,0.04215237498283386,0.12109375,0.0859375,mix_SI_UT_0_1450,0
-1.658445119857788,0.00707906112074852,0.203125,0.05158660188317299,0.1126302108168602,0.0638950914144516,mix_UI_ST_0_1143,0
-1.831583857536316,-0.001220703125,0.08203125,0.04963243380188942,0.080078125,0.05703125149011612,cauldron_ln_9903,1
-2.2778258323669434,-4.438920586835593e-05,0.0546875,0.0387338288128376,0.052734375,0.04453125223517418,mix_UI_ST_0_387,0
-1.5475940704345703,-0.0032145183067768812,0.125,0.03777662664651871,0.0859375,0.0401611328125,cauldron_ln_26704,0
-1.536888837814331,-0.0027851960621774197,0.09375,0.035849679261446,0.0703125,0.0393880233168602,cauldron_ln_19905,1
-1.9379981756210327,0.0009873333619907498,0.10546875,0.03663855046033859,0.10546875,0.0458984375,mix_SI_UT_0_92,0
-1.6278152465820312,0.011349240317940712,0.09375,0.03232268989086151,0.0826822966337204,0.0579427070915699,cauldron_ln_44,0
-1.5713849067687988,-0.002845501061528921,0.126953125,0.04790597781538963,0.08710937947034836,0.0502232164144516,mix_SI_UT_0_1410,0
-1.5457541942596436,0.0051617431454360485,0.125,0.03173963725566864,0.0625,0.04443359375,cauldron_ln_22362,1
-1.6895495653152466,0.0031193324830383062,0.109375,0.040683258324861526,0.0859375,0.0498744435608387,mix_SI_UT_0_107,0
-2.5201635360717773,-0.0006815592641942203,0.125,0.040350548923015594,0.09375,0.0515407994389534,cauldron_ln_20258,0
-1.6155169010162354,-0.00599328801035881,0.09765625,0.040647685527801514,0.0670572966337204,0.039031982421875,cauldron_ln_27420,1
-1.5271613597869873,0.011523437686264515,0.15625,0.04308856278657913,0.1041666716337204,0.0703125,mix_SI_UT_0_579,0
-1.5454764366149902,0.011660155840218067,0.10546875,0.04272026568651199,0.1015625,0.0724283903837204,mix_UI_ST_0_31,0
-0.9204882979393005,0.003664398333057761,0.15625,0.03600303456187248,0.075927734375,0.04677734524011612,cauldron_ln_20081,0
-1.6494724750518799,-0.017052283510565758,0.0,0.032566603273153305,0.0,0.0,mix_SI_UT_0_574,0
-1.6159887313842773,0.0003943810297641903,0.05078125,0.02251025103032589,0.046875,0.02880859375,cauldron_ln_21359,1
-1.8294556140899658,0.0011007374851033092,0.109375,0.035167861729860306,0.083984375,0.0477120541036129,cauldron_ln_23855,0
-2.2407584190368652,0.005268860142678022,0.0859375,0.0355423241853714,0.0703125,0.05078125,cauldron_ln_7821,1
-1.5350068807601929,0.004321474116295576,0.0859375,0.02616439014673233,0.0611979179084301,0.037261962890625,mix_UI_ST_0_899,0
-1.9309600591659546,-0.0008861400419846177,0.0859375,0.04017214477062225,0.07421875,0.0478515625,mix_UI_ST_0_792,0
-1.1588997840881348,0.0005063143908046186,0.1015625,0.039875853806734085,0.0859375,0.05312500149011612,mix_UI_ST_0_785,0
-1.5448882579803467,0.002986177336424589,0.171875,0.040561407804489136,0.0869140625,0.055575285106897354,cauldron_ln_15938,0
-1.574817180633545,-0.00236046826466918,0.125,0.041615717113018036,0.0771484375,0.04856179282069206,mix_UI_ST_0_1226,0
-1.5368478298187256,-0.00520281121134758,0.140625,0.03776068612933159,0.0622209832072258,0.03440946713089943,mix_UI_ST_0_578,0
-1.5004326105117798,0.008516386151313782,0.125,0.035977188497781754,0.0892857164144516,0.0546875,cauldron_ln_11662,0
-1.677034616470337,0.004189627710729837,0.078125,0.04154466092586517,0.064453125,0.0511997789144516,cauldron_ln_26164,1
-1.9657433032989502,0.00582393491640687,0.09375,0.038656529039144516,0.08203125,0.0613839328289032,cauldron_ln_15349,1
-1.4271501302719116,0.0053918021731078625,0.109375,0.02912062220275402,0.07578124850988388,0.0432477705180645,mix_SI_UT_0_119,0
-2.3127338886260986,0.003861038712784648,0.140625,0.04365365579724312,0.09062500298023224,0.06069711595773697,cauldron_ln_27175,1
-2.184849739074707,-0.008905746974050999,0.0546875,0.0385761633515358,0.0432942733168602,0.02356719970703125,cauldron_ln_17185,1
-1.944875717163086,0.00813802145421505,0.15625,0.04011423513293266,0.107421875,0.0574544295668602,mix_SI_UT_0_17,0
-2.060076951980591,0.010431463830173016,0.078125,0.03938596695661545,0.0732421875,0.06074218824505806,cauldron_ln_7633,0
-0.9084246158599854,-0.00016738429258111864,0.06640625,0.03573241084814072,0.0598958358168602,0.043701171875,cauldron_ln_9427,0
-0.7625555992126465,-0.00575632881373167,0.0625,0.03854700177907944,0.0449218787252903,0.026842620223760605,mix_UI_ST_0_545,0
-1.9195454120635986,0.01102120615541935,0.125,0.04567703232169151,0.09687500447034836,0.07080078125,mix_UI_ST_0_784,0
-1.7340049743652344,0.010650634765625,0.21875,0.06464565545320511,0.150390625,0.09287109225988388,mix_UI_ST_0_840,0
-1.772612452507019,-0.0009530874667689204,0.1015625,0.044568080455064774,0.09453125298023224,0.0566406287252903,cauldron_ln_5113,1
-1.6787598133087158,0.010890906676650047,0.171875,0.05311701446771622,0.1305803656578064,0.08191636204719543,mix_SI_UT_0_1485,0
-2.086355686187744,-0.0012089122319594026,0.125,0.045907460153102875,0.083740234375,0.05140269920229912,cauldron_ln_3743,1
-1.3109341859817505,0.0017985027516260743,0.107421875,0.0341244712471962,0.0748697966337204,0.0443638414144516,cauldron_ln_9590,1
-1.5180485248565674,-0.008004581555724144,0.140625,0.04561913385987282,0.09375,0.044830322265625,cauldron_ln_17924,1
-1.3755466938018799,-0.00103759765625,0.09375,0.04631807282567024,0.08203125,0.0449218787252903,cauldron_ln_26278,1
-1.8668289184570312,-0.00647650845348835,0.0546875,0.034737493842840195,0.05078125,0.0328776054084301,mix_SI_UT_0_1071,0
-1.4513392448425293,0.004897250793874264,0.1328125,0.033426664769649506,0.0737847238779068,0.04800017178058624,cauldron_ln_2592,0
-2.611403226852417,0.005268770270049572,0.1171875,0.0421927236020565,0.07890625298023224,0.0616861991584301,mix_UI_ST_0_67,0
-1.2544001340866089,0.00506591796875,0.14453125,0.03810026869177818,0.0869140625,0.05229048430919647,mix_UI_ST_0_1198,0
-0.937091588973999,0.018260814249515533,0.1171875,0.03450777381658554,0.1015625,0.0716145858168602,cauldron_ln_25771,0
-1.0052012205123901,-0.0026918069925159216,0.0546875,0.02943364344537258,0.0475260429084301,0.0358615443110466,cauldron_ln_24282,0
-2.6168527603149414,-0.004961286671459675,0.125,0.04706614837050438,0.109375,0.0448172464966774,mix_UI_ST_0_302,0
-2.486746311187744,-0.011572655290365219,0.08984375,0.034073662012815475,0.0517578125,0.02745472453534603,mix_UI_ST_0_790,0
-1.625441551208496,-0.0051258634775877,0.125,0.04953007400035858,0.08515625447034836,0.0473632849752903,mix_SI_UT_0_1369,0
-1.4837247133255005,-0.0024895919486880302,0.10546875,0.03845295310020447,0.0690104216337204,0.0450303815305233,cauldron_ln_24560,1
-1.0355620384216309,-0.007670084945857525,0.046875,0.03247983381152153,0.0458984375,0.0248209647834301,mix_SI_UT_0_1490,0
-1.7390578985214233,0.005876464769244194,0.125,0.051747310906648636,0.109375,0.0771484375,cauldron_ln_23112,0
-1.6961121559143066,-0.0067471591755747795,0.09375,0.034457024186849594,0.0559895858168602,0.031494140625,cauldron_ln_19771,0
-1.6638386249542236,-0.006480824202299118,0.125,0.052063386887311935,0.09765625,0.06015625223517418,cauldron_ln_20953,1
-1.8322699069976807,0.01047605648636818,0.1171875,0.04240906238555908,0.0983072966337204,0.06749770045280457,cauldron_ln_6116,0
-1.9190008640289307,0.0035400392953306437,0.1015625,0.039081159979104996,0.0859375,0.0553850457072258,cauldron_ln_8662,0
-1.3176777362823486,-0.003838790114969015,0.078125,0.032523926347494125,0.06406249850988388,0.0314287468791008,mix_UI_ST_0_843,0
-0.9745568037033081,0.005743564572185278,0.078125,0.028328854590654373,0.06640625,0.0424262173473835,mix_UI_ST_0_1044,0
-1.4524316787719727,-0.019064199179410934,0.05859375,0.025948945432901382,0.03125,0.012500000186264515,mix_UI_ST_0_44,0
-1.2261137962341309,-0.004384482745081186,0.15625,0.049211736768484116,0.0830078125,0.0501708984375,mix_SI_UT_0_172,0
-1.919698715209961,0.0001695421087788418,0.15625,0.04741832613945007,0.1145833358168602,0.0595160610973835,mix_UI_ST_0_847,0
-1.811030626296997,-0.0011865233536809683,0.09375,0.055224839597940445,0.07656250149011612,0.0555013045668602,mix_UI_ST_0_2,0
-1.7343227863311768,0.0013355928240343928,0.09375,0.04058823734521866,0.0859375,0.053466796875,mix_SI_UT_0_468,0
-2.5401690006256104,0.0013682048302143812,0.15625,0.06395859271287918,0.125,0.07568359375,mix_SI_UT_0_873,0
-1.3080259561538696,0.0066986083984375,0.08203125,0.027557658031582832,0.0677083358168602,0.04052734375,mix_SI_UT_0_840,0
-1.262745976448059,-0.0020677971187978983,0.11328125,0.03550643473863602,0.0716145858168602,0.03875732421875,mix_UI_ST_0_1474,0
-1.391672134399414,0.005255283322185278,0.0625,0.028469804674386978,0.0621744804084301,0.0469835065305233,mix_UI_ST_0_21,0
-1.6718144416809082,-0.007508002687245607,0.078125,0.04012656211853027,0.0634765625,0.04059392958879471,mix_UI_ST_0_431,0
-1.5494993925094604,0.0063222250901162624,0.1328125,0.035773422569036484,0.08984375,0.05224609375,cauldron_ln_25510,1
-1.2567094564437866,0.000244140625,0.109375,0.04932762309908867,0.09375,0.0526123046875,cauldron_ln_11860,0
-1.3422224521636963,-0.0010205437429249287,0.0859375,0.036814313381910324,0.0651041716337204,0.0399169921875,mix_SI_UT_0_1427,0
-1.2702256441116333,0.0019343449966982007,0.0625,0.035203177481889725,0.05625000223517418,0.044170673936605453,mix_UI_ST_0_687,0
-1.5224915742874146,-0.004998654592782259,0.09375,0.03299683704972267,0.06103515625,0.0352681502699852,mix_SI_UT_0_1284,0
-1.7295044660568237,-0.015183021314442158,0.0859375,0.043508585542440414,0.06640625,0.02968052588403225,mix_UI_ST_0_981,0
-1.335438847541809,0.005151617806404829,0.09765625,0.04036176577210426,0.0848214328289032,0.0584852434694767,cauldron_ln_15916,0
-2.0243096351623535,-0.004709879867732525,0.05078125,0.037912823259830475,0.0455729179084301,0.037841796875,mix_SI_UT_0_331,0
-1.4830889701843262,-0.012255546636879444,0.1796875,0.05515672639012337,0.09765625,0.0456814244389534,cauldron_ln_18360,1
-2.0343210697174072,-0.002193450927734375,0.08203125,0.03949720412492752,0.07421875,0.04718017578125,cauldron_ln_22336,1
-1.9486327171325684,0.005215852055698633,0.140625,0.0457652285695076,0.09375,0.06640625,mix_SI_UT_0_57,0
-1.345367193222046,-0.004762591794133186,0.0703125,0.04112696275115013,0.0611979179084301,0.04296875,cauldron_ln_19384,0
-0.8346366882324219,0.0063219573348760605,0.09375,0.03548930212855339,0.0859375,0.0540907122194767,cauldron_ln_2174,0
-2.95207142829895,0.0006835937383584678,0.1640625,0.04969000816345215,0.099609375,0.06074218824505806,mix_SI_UT_0_1169,0
-1.5174670219421387,-0.0094451904296875,0.06640625,0.04238640144467354,0.056640625,0.03258167579770088,cauldron_ln_15209,0
-2.7494935989379883,0.00341796875,0.140625,0.04420192167162895,0.076171875,0.05488281324505806,cauldron_ln_15701,1
-1.1769108772277832,-0.0036709257401525974,0.109375,0.03591937571763992,0.07421875,0.039883702993392944,mix_UI_ST_0_285,0
-1.1094048023223877,-0.006664569955319166,0.078125,0.027956627309322357,0.03281250223517418,0.01791616715490818,mix_SI_UT_0_467,0
-1.3620268106460571,0.00581515533849597,0.1015625,0.029977230355143547,0.076171875,0.0426432304084301,cauldron_ln_14789,0
-1.3245164155960083,-0.0021142293699085712,0.1171875,0.05068420618772507,0.083984375,0.05214843899011612,cauldron_ln_11355,1
-1.4369723796844482,0.004069666378200054,0.1484375,0.049327682703733444,0.1048177108168602,0.06269531697034836,cauldron_ln_12000,0
-1.900580644607544,0.006363932508975267,0.125,0.03580014035105705,0.0815972238779068,0.053622160106897354,mix_UI_ST_0_1083,0
-1.085537075996399,0.0004433079739101231,0.109375,0.04974571615457535,0.0791015625,0.052734375,mix_SI_UT_0_1243,0
-2.5130691528320312,0.0006175321759656072,0.109375,0.04899995028972626,0.09765625,0.064453125,mix_UI_ST_0_1102,0
-1.1128478050231934,-0.0004033269069623202,0.109375,0.03562455251812935,0.0703125,0.0450846366584301,mix_UI_ST_0_1469,0
-1.3847869634628296,-0.0111236572265625,0.103515625,0.04877324774861336,0.068359375,0.03839111328125,cauldron_ln_3711,1
-1.28804612159729,0.0010123038664460182,0.16015625,0.045595213770866394,0.0859375,0.05063657462596893,cauldron_ln_6750,0
-2.190387725830078,0.006229795049875975,0.109375,0.04903792217373848,0.09375,0.0608258955180645,cauldron_ln_17902,0
-1.4117565155029297,0.004294371232390404,0.06640625,0.03146931529045105,0.05859375,0.0431857630610466,cauldron_ln_20377,1
-2.7674179077148438,-0.0011522697750478983,0.078125,0.039485860615968704,0.06640625,0.046875,mix_SI_UT_0_1329,0
-1.0152397155761719,-0.0013953314628452063,0.08984375,0.03837296739220619,0.072265625,0.0470920130610466,mix_SI_UT_0_856,0
-2.0856266021728516,0.008811501786112785,0.140625,0.037313733249902725,0.0885416716337204,0.05440027639269829,mix_SI_UT_0_587,0
-1.9261524677276611,0.0006591796991415322,0.052734375,0.030057866126298904,0.046875,0.03666548430919647,mix_SI_UT_0_1105,0
-1.9563862085342407,0.00021467538317665458,0.078125,0.035354625433683395,0.06640625,0.0457589291036129,mix_UI_ST_0_61,0
-1.2103047370910645,-0.001086425851099193,0.09375,0.04872586205601692,0.0729166716337204,0.0498046912252903,cauldron_ln_9018,0
-1.1439149379730225,0.0055556525476276875,0.1640625,0.04587738588452339,0.10791015625,0.06464844197034836,mix_UI_ST_0_5,0
-1.7610864639282227,-0.005101820919662714,0.0546875,0.03977351635694504,0.046875,0.0333251953125,mix_UI_ST_0_1060,0
-1.5973913669586182,0.0040651960298419,0.1484375,0.039237312972545624,0.0972222238779068,0.0516866073012352,cauldron_ln_18213,1
-1.3760640621185303,0.008830122649669647,0.09765625,0.03492370992898941,0.07968749850988388,0.05416166037321091,mix_SI_UT_0_1327,0
-1.621516466140747,-0.00679702777415514,0.0859375,0.036845237016677856,0.052978515625,0.03261718899011612,mix_UI_ST_0_1054,0
-1.5019522905349731,-0.013303559273481369,0.09375,0.03553980961441994,0.0654296875,0.0255998894572258,mix_UI_ST_0_1276,0
-2.197482109069824,0.0018990937387570739,0.1171875,0.03443114832043648,0.0703125,0.04440104216337204,cauldron_ln_2270,0
-1.2426953315734863,0.008941650390625,0.078125,0.043476127088069916,0.078125,0.05419921875,cauldron_ln_20984,0
-1.4124436378479004,-0.007125854957848787,0.0703125,0.03858326002955437,0.05312500149011612,0.03479943051934242,mix_SI_UT_0_884,0
-3.067816972732544,-0.0003885905025526881,0.05078125,0.0408598892390728,0.04296875,0.0382254496216774,mix_UI_ST_0_10,0
-1.8723692893981934,0.002613923978060484,0.09375,0.03456897661089897,0.08203125,0.0454915389418602,mix_UI_ST_0_534,0
-1.065179467201233,0.010271796025335789,0.1484375,0.04708993434906006,0.14453125,0.0717075914144516,mix_UI_ST_0_837,0
-1.6607229709625244,0.0034993491135537624,0.09375,0.03528521955013275,0.0729166716337204,0.048828125,cauldron_ln_27288,0
-1.565543293952942,0.009397445246577263,0.0859375,0.036818977445364,0.0755208358168602,0.0563616082072258,cauldron_ln_3567,0
-0.6614419221878052,-0.004814656917005777,0.048828125,0.0255232322961092,0.0275065116584301,0.01750837080180645,cauldron_ln_18632,0
-1.2461309432983398,0.001116584287956357,0.08203125,0.03541073203086853,0.0690104216337204,0.049560546875,mix_UI_ST_0_774,0
-1.9755871295928955,0.002315848134458065,0.1484375,0.05014472454786301,0.1158854216337204,0.0618896484375,mix_SI_UT_0_638,0
-1.3903974294662476,0.0174059197306633,0.1640625,0.04901346191763878,0.14453125,0.0842633992433548,mix_UI_ST_0_1334,0
-1.779649019241333,-0.014547414146363735,0.08984375,0.04094838723540306,0.068359375,0.0272042416036129,cauldron_ln_21519,1
-1.4109430313110352,0.006566664669662714,0.0703125,0.024128444492816925,0.0598958358168602,0.038330078125,cauldron_ln_13595,0
-1.2485915422439575,0.011691623367369175,0.140625,0.046366963535547256,0.1119791716337204,0.0728081613779068,cauldron_ln_5148,1
-2.4213502407073975,0.0003071769024245441,0.09375,0.04246348515152931,0.0787760466337204,0.05325521156191826,mix_SI_UT_0_1332,0
-1.4520355463027954,-0.004457601346075535,0.125,0.05326460301876068,0.0921223983168602,0.05309244990348816,cauldron_ln_23260,1
-1.1546838283538818,-0.00830078125,0.09375,0.03835407644510269,0.09375,0.0367431640625,mix_SI_UT_0_1425,0
-0.9031224250793457,0.0019378662109375,0.046875,0.025760475546121597,0.046875,0.033447265625,mix_UI_ST_0_359,0
-2.300201892852783,-0.010448108427226543,0.140625,0.0519840270280838,0.08281250298023224,0.043701171875,mix_UI_ST_0_806,0
-2.7451837062835693,0.0008532465435564518,0.1484375,0.052248526364564896,0.11328125,0.06787109375,mix_UI_ST_0_263,0
-1.977637529373169,-0.007920005358755589,0.1015625,0.04041602835059166,0.0546875,0.03577769920229912,cauldron_ln_8073,0
-1.9854202270507812,-0.0005202073371037841,0.125,0.042994558811187744,0.0869140625,0.0535888671875,cauldron_ln_26587,1
-1.659470558166504,-0.0030583401676267385,0.09375,0.044528137892484665,0.06621094048023224,0.0455322265625,cauldron_ln_19899,1
-1.8788847923278809,0.0007472894503735006,0.125,0.04248951002955437,0.0794270858168602,0.056640625,mix_SI_UT_0_604,0
-1.6639710664749146,-0.001782966428436339,0.09765625,0.03822699189186096,0.0872395858168602,0.0418701171875,mix_SI_UT_0_916,0
-1.9909701347351074,0.008760340511798859,0.15625,0.05114006623625755,0.1119791716337204,0.078125,cauldron_ln_18992,1
-1.6717993021011353,-0.005843624006956816,0.056640625,0.03899616748094559,0.0540364608168602,0.0431082621216774,mix_SI_UT_0_847,0
-0.8927078247070312,-0.00399641552940011,0.0703125,0.02961151674389839,0.04345703125,0.022727273404598236,mix_SI_UT_0_1036,0
-1.17415452003479,0.00928344763815403,0.125,0.03403344377875328,0.0966796875,0.05517578125,cauldron_ln_22288,1
-1.2641583681106567,-0.0006886358023621142,0.1015625,0.0396791435778141,0.07666015625,0.04074929282069206,mix_SI_UT_0_1206,0
-2.5364341735839844,0.002718154573813081,0.1171875,0.03831695020198822,0.074776791036129,0.0525173619389534,mix_SI_UT_0_509,0
-1.4914560317993164,-0.002376011572778225,0.11328125,0.038358598947525024,0.07236327975988388,0.0393763966858387,cauldron_ln_5038,0
-1.3223546743392944,-0.0003696986532304436,0.0703125,0.02948656864464283,0.0572916679084301,0.036865234375,cauldron_ln_26123,0
-1.7340214252471924,-0.009015988558530807,0.046875,0.038309335708618164,0.0442708358168602,0.02897135354578495,mix_SI_UT_0_1009,0
-1.9843907356262207,-0.00630040280520916,0.09375,0.037653494626283646,0.0638020858168602,0.0368303582072258,cauldron_ln_792,1
-1.5353790521621704,0.0007124920375645161,0.0625,0.0293012335896492,0.0546875,0.0371907576918602,mix_UI_ST_0_1491,0
-1.3367559909820557,0.010014461353421211,0.09375,0.03865501657128334,0.080078125,0.0631510466337204,mix_UI_ST_0_1248,0
-2.4625604152679443,0.0028362274169921875,0.140625,0.03964328020811081,0.0807291716337204,0.0501708984375,mix_SI_UT_0_201,0
-1.1192405223846436,0.003972890321165323,0.09375,0.03836192190647125,0.080078125,0.0530598983168602,cauldron_ln_7027,0
-1.6765493154525757,0.001509233028627932,0.0546875,0.024446086958050728,0.052734375,0.03691406175494194,cauldron_ln_19197,1
-1.5263704061508179,0.0033099062275141478,0.109375,0.039172228425741196,0.0774739608168602,0.05429687723517418,mix_UI_ST_0_691,0
-1.1977157592773438,0.0027262370567768812,0.0703125,0.026492269709706306,0.0546875,0.0362955741584301,cauldron_ln_14675,1
-1.775320291519165,-0.007555731572210789,0.06640625,0.02433319389820099,0.03955078125,0.01710728369653225,cauldron_ln_11813,1
-1.9049562215805054,-0.007904052734375,0.0625,0.030348241329193115,0.043212890625,0.025534890592098236,mix_SI_UT_0_825,0
-1.201587200164795,-0.0069555905647575855,0.09375,0.04002043604850769,0.05185547098517418,0.03128906339406967,mix_UI_ST_0_274,0
-2.2995448112487793,-0.0044148764573037624,0.1171875,0.060125984251499176,0.08671875298023224,0.0594308078289032,mix_UI_ST_0_846,0
-1.4865189790725708,-0.010468547232449055,0.0625,0.03903798758983612,0.0546875,0.0318080373108387,mix_UI_ST_0_380,0
-2.159315586090088,0.0013805570779368281,0.15625,0.04318457469344139,0.08203125,0.05195312574505806,cauldron_ln_2734,1
-1.8380818367004395,0.00186920166015625,0.0859375,0.035646505653858185,0.0677083358168602,0.0478515625,cauldron_ln_11009,1
-1.3492989540100098,-0.0010876655578613281,0.125,0.04249580577015877,0.0862630233168602,0.0518798828125,cauldron_ln_8741,1
-1.2459713220596313,-0.0017114016227424145,0.109375,0.03698631748557091,0.06386718899011612,0.036894530057907104,mix_UI_ST_0_1166,0
-1.6752523183822632,0.009852091781795025,0.0947265625,0.0359627865254879,0.075439453125,0.06044922024011612,cauldron_ln_6789,1
-1.3192322254180908,0.003008161438629031,0.04296875,0.024485306814312935,0.04052734375,0.0270647332072258,cauldron_ln_22173,0
-0.876675009727478,-0.0019943504594266415,0.13671875,0.03858331963419914,0.076171875,0.0366646908223629,cauldron_ln_238,1
-2.4564061164855957,0.009498009458184242,0.09375,0.0457327738404274,0.0859375,0.0729166716337204,mix_SI_UT_0_1476,0
-1.758435845375061,-0.0040028891526162624,0.0703125,0.030520612373948097,0.060546875,0.03076171875,cauldron_ln_23686,1
-1.822718858718872,-0.007822398096323013,0.09375,0.04224921017885208,0.0703125,0.0348307304084301,cauldron_ln_19705,1
-1.8779035806655884,-0.004026670940220356,0.109375,0.041166260838508606,0.0675223246216774,0.0439724400639534,mix_SI_UT_0_752,0
-1.9893202781677246,0.005590102635324001,0.125,0.04908664524555206,0.10000000149011612,0.0711263045668602,cauldron_ln_702,1
-2.007174253463745,-0.01187744177877903,0.0625,0.03217417746782303,0.037841796875,0.01655273512005806,cauldron_ln_14764,0
-1.9499232769012451,0.008034500293433666,0.25,0.050554223358631134,0.10507812350988388,0.0702311247587204,cauldron_ln_1017,0
-1.0142461061477661,0.0,0.0625,0.024936700239777565,0.0625,0.03011067770421505,mix_SI_UT_0_1350,0
-1.0324008464813232,0.0051737031899392605,0.0625,0.03165320307016373,0.0625,0.04900568351149559,cauldron_ln_2204,1
-3.0431346893310547,-0.00895808357745409,0.09765625,0.044750213623046875,0.080078125,0.0472005233168602,mix_UI_ST_0_782,0
-2.500563144683838,-0.02285156212747097,0.09375,0.06324861943721771,0.09375,0.05859375,cauldron_ln_5868,0
-0.789772093296051,0.004832628183066845,0.125,0.02822929434478283,0.07177734375,0.03861860930919647,cauldron_ln_17557,0
-2.2697665691375732,0.012065342627465725,0.1875,0.04648474231362343,0.13671875,0.0739397332072258,cauldron_ln_3828,1
-1.8903083801269531,0.0009367344900965691,0.0859375,0.03739338368177414,0.06406249850988388,0.0457589291036129,cauldron_ln_6112,1
-1.8266170024871826,0.00698089599609375,0.25,0.05935906991362572,0.14453125,0.0677083358168602,cauldron_ln_29092,1
-1.469667673110962,-0.00811767578125,0.08203125,0.05302545055747032,0.080078125,0.0517578125,mix_UI_ST_0_627,0
-1.2375597953796387,-0.0028718647081404924,0.07421875,0.02937096729874611,0.0598958358168602,0.0308973528444767,cauldron_ln_29748,1
-1.4297764301300049,-0.002826605923473835,0.140625,0.03813355043530464,0.08203125,0.040926847606897354,cauldron_ln_13354,0
-1.8654199838638306,-0.012893677689135075,0.046875,0.04843803495168686,0.046875,0.02233014814555645,cauldron_ln_28984,1
-2.0933985710144043,0.0031016957946121693,0.109375,0.035657528787851334,0.0791015625,0.04651988670229912,cauldron_ln_28426,0
-1.392585039138794,-0.0058129881508648396,0.046875,0.03273819386959076,0.044921875,0.02864583395421505,cauldron_ln_4491,1
-1.7992666959762573,0.00242225150577724,0.140625,0.04326002299785614,0.0881076380610466,0.05672554299235344,cauldron_ln_29544,0
-1.2592495679855347,0.005474016070365906,0.09375,0.034070488065481186,0.06562500447034836,0.0491536483168602,mix_UI_ST_0_919,0
-1.4973845481872559,-0.00789718609303236,0.140625,0.04497091472148895,0.06494140625,0.03569335862994194,mix_SI_UT_0_823,0
-0.9879623651504517,-0.006000719498842955,0.015625,0.015041105449199677,0.015625,0.00946044921875,cauldron_ln_6374,1
-1.7447949647903442,0.0017841480439528823,0.125,0.04277973622083664,0.078125,0.05048077180981636,mix_UI_ST_0_241,0
-1.4602116346359253,0.00832403264939785,0.111328125,0.04243343323469162,0.1025390625,0.06015625223517418,cauldron_ln_9523,0
-1.7444021701812744,0.0007052951259538531,0.078125,0.03653411194682121,0.0703125,0.046875,cauldron_ln_824,1
-1.0425245761871338,-5.9044879890279844e-05,0.0703125,0.023619381710886955,0.048583984375,0.02667791210114956,mix_SI_UT_0_1458,0
-1.159559965133667,-0.008705697022378445,0.046875,0.03257972374558449,0.034912109375,0.02194824256002903,mix_SI_UT_0_438,0
-1.5610378980636597,0.006426130421459675,0.109375,0.03789912909269333,0.09765625,0.0558035746216774,mix_SI_UT_0_352,0
-1.516402006149292,0.003468480659648776,0.0703125,0.038287144154310226,0.064453125,0.0479910746216774,mix_SI_UT_0_827,0
-1.2838943004608154,0.0014010343002155423,0.09375,0.03627981245517731,0.07421875,0.04509943351149559,mix_UI_ST_0_633,0
-1.4116543531417847,-0.0036564315669238567,0.12109375,0.037451088428497314,0.08203125,0.04648437723517418,mix_SI_UT_0_598,0
-1.4588441848754883,0.0008370536379516125,0.15625,0.047131359577178955,0.1077473983168602,0.05898437649011612,mix_SI_UT_0_377,0
-1.4471445083618164,-0.0054931640625,0.0546875,0.03862215578556061,0.0494791679084301,0.0322536900639534,mix_UI_ST_0_1373,0
-1.824183702468872,-0.0060667009092867374,0.11328125,0.04915473982691765,0.0826822966337204,0.05149739980697632,mix_UI_ST_0_1314,0
-1.856734275817871,0.013119167648255825,0.109375,0.03745296970009804,0.1041666716337204,0.0668402761220932,mix_SI_UT_0_966,0
-1.129051923751831,0.006414560601115227,0.08984375,0.02981742098927498,0.072265625,0.0501302108168602,mix_SI_UT_0_571,0
-1.570086121559143,0.008799677714705467,0.1171875,0.0417485311627388,0.0869140625,0.06289062649011612,mix_UI_ST_0_1294,0
-2.0186820030212402,0.006848144810646772,0.11328125,0.0363645926117897,0.0764973983168602,0.05429687723517418,cauldron_ln_14062,1
-1.6744105815887451,-0.0026799982879310846,0.08984375,0.04228845238685608,0.06640625,0.04865057021379471,cauldron_ln_19374,0
-1.5230821371078491,0.002569580217823386,0.072265625,0.028437120839953423,0.06103515625,0.04006347805261612,cauldron_ln_29479,1
-1.365936040878296,0.0019036188023164868,0.1015625,0.0329245999455452,0.06591796875,0.04057173430919647,cauldron_ln_17926,0
-2.074254035949707,0.00011052312038373202,0.09375,0.04428073391318321,0.0694754496216774,0.0482313372194767,cauldron_ln_2819,0
-1.292324423789978,0.0189208984375,0.1953125,0.04375394806265831,0.12109375,0.0693359375,mix_SI_UT_0_193,0
-3.038419008255005,-0.02426757849752903,0.0234375,0.026837263256311417,0.0234375,0.01171875,cauldron_ln_9609,1
-2.101222515106201,0.00018471166549716145,0.1015625,0.035282284021377563,0.0652901828289032,0.04594983533024788,mix_UI_ST_0_650,0
-1.1703994274139404,0.0025386104825884104,0.0625,0.024840034544467926,0.05859375,0.0367838554084301,mix_SI_UT_0_1011,0
-1.0176125764846802,0.0034527117386460304,0.078125,0.024140508845448494,0.0537109375,0.0317535400390625,mix_SI_UT_0_37,0
-1.2970219850540161,0.0008881237590685487,0.140625,0.04554378241300583,0.1240234375,0.056396484375,cauldron_ln_14980,1
-1.2005738019943237,0.00849440973252058,0.140625,0.038685720413923264,0.125,0.0563616082072258,cauldron_ln_2257,1
-1.8543158769607544,-0.0032755534630268812,0.10546875,0.033840909600257874,0.076171875,0.0353190116584301,cauldron_ln_9779,0
-1.7641754150390625,-0.009988606907427311,0.1171875,0.04450052231550217,0.065011166036129,0.0344102643430233,mix_UI_ST_0_986,0
-1.4127278327941895,-0.002022035652771592,0.09765625,0.03034995123744011,0.0618489608168602,0.03447265923023224,cauldron_ln_28337,1
-1.7793139219284058,0.007170024793595076,0.06640625,0.027849532663822174,0.0638020858168602,0.0436197929084301,cauldron_ln_26090,0
-1.0607407093048096,-0.005307081155478954,0.0634765625,0.0337936095893383,0.054443359375,0.032958984375,mix_UI_ST_0_675,0
-1.2353739738464355,-0.01258943509310484,0.0390625,0.035020340234041214,0.0333251953125,0.0185953788459301,mix_UI_ST_0_1374,0
-1.7692608833312988,0.009821965359151363,0.125,0.05250644311308861,0.12109375,0.0859375,cauldron_ln_492,1
-1.306869626045227,-0.007662259973585606,0.0390625,0.03657842054963112,0.0390625,0.0279947929084301,cauldron_ln_14350,0
-1.1129531860351562,-0.0003344726574141532,0.09375,0.04347815737128258,0.0703125,0.0486653670668602,cauldron_ln_29119,1
-0.8127847909927368,-0.00045565899927169085,0.0625,0.030112246051430702,0.05859375,0.0309709832072258,cauldron_ln_24395,0
-1.3735116720199585,0.00592719204723835,0.1171875,0.03078068047761917,0.0777994841337204,0.0430772565305233,cauldron_ln_9632,1
-2.4938085079193115,-0.012419523671269417,0.09375,0.06507185101509094,0.078125,0.0540364608168602,cauldron_ln_16078,0
-1.4737849235534668,0.006928362417966127,0.1171875,0.042580753564834595,0.0950520858168602,0.06689453125,mix_UI_ST_0_927,0
-1.5110347270965576,0.01009114645421505,0.14453125,0.04126313701272011,0.10546875,0.065185546875,mix_SI_UT_0_133,0
-1.3459539413452148,0.004719543736428022,0.09375,0.036517221480607986,0.0771484375,0.04960937425494194,cauldron_ln_9925,0
-1.6582170724868774,-0.003972168080508709,0.0859375,0.03771766647696495,0.06640625,0.042236328125,mix_SI_UT_0_609,0
-2.673745632171631,0.0017986686434596777,0.125,0.05049470067024231,0.111328125,0.0693359375,mix_SI_UT_0_1227,0
-1.4507861137390137,0.0014286747900769114,0.09375,0.04410572350025177,0.08085937798023224,0.0532226599752903,cauldron_ln_15468,0
-1.7989529371261597,0.0036648837849497795,0.06640625,0.03897661343216896,0.064453125,0.05078125,mix_SI_UT_0_1496,0
-1.4217973947525024,-0.0022495815064758062,0.08203125,0.047293100506067276,0.072265625,0.0518973246216774,cauldron_ln_8715,1
-1.9652245044708252,0.0023262270260602236,0.078125,0.03892608731985092,0.0647786483168602,0.04895833507180214,mix_SI_UT_0_607,0
-1.2553927898406982,0.00018575915601104498,0.125,0.036163393408060074,0.07510653883218765,0.0464215986430645,cauldron_ln_26838,1
-2.417621612548828,-0.0077893356792628765,0.15625,0.047825198620557785,0.069580078125,0.04399413987994194,mix_UI_ST_0_729,0
-1.2225741147994995,-0.0017112449277192354,0.09375,0.02573101781308651,0.04804687574505806,0.030048077926039696,cauldron_ln_25512,1
-2.080000877380371,0.008508301340043545,0.15625,0.04429098591208458,0.107421875,0.06601562350988388,cauldron_ln_2265,1
-1.6222591400146484,0.01441127248108387,0.125,0.03703984245657921,0.0989583358168602,0.0654296875,cauldron_ln_17948,0
-1.2940593957901,-0.004076347686350346,0.109375,0.03787282854318619,0.0771484375,0.0378418006002903,cauldron_ln_13321,0
-1.22974693775177,-0.004429408814758062,0.044921875,0.028162159025669098,0.044921875,0.03059895895421505,mix_UI_ST_0_668,0
-1.5444822311401367,-0.0075112199410796165,0.087890625,0.03747124597430229,0.06884765625,0.03955078125,mix_UI_ST_0_308,0
-1.4496488571166992,0.003969116136431694,0.0703125,0.03175203502178192,0.05937499925494194,0.045654296875,cauldron_ln_12416,0
-1.2936792373657227,0.008393554948270321,0.1171875,0.03669049218297005,0.08749999850988388,0.060302734375,cauldron_ln_13657,1
-1.0953633785247803,-0.0031819662544876337,0.0615234375,0.030250515788793564,0.0491536483168602,0.0334821455180645,cauldron_ln_5499,1
-1.568249225616455,0.0067008971236646175,0.125,0.039116229861974716,0.08056640625,0.05483398586511612,cauldron_ln_780,0
-0.9573257565498352,-0.0016528320265933871,0.09375,0.0455479733645916,0.078125,0.0546875,cauldron_ln_11444,0
-1.7983100414276123,0.01102294959127903,0.1484375,0.04963322728872299,0.1067708358168602,0.0756138414144516,mix_SI_UT_0_1081,0
-1.280463457107544,0.004213686566799879,0.09375,0.03744553029537201,0.0859375,0.0595703125,mix_SI_UT_0_624,0
-1.02382230758667,0.006753045134246349,0.1015625,0.03800568729639053,0.0817522332072258,0.05224609375,cauldron_ln_15113,0
-1.2430340051651,0.013253784738481045,0.08984375,0.03965524211525917,0.087890625,0.07187499850988388,mix_SI_UT_0_288,0
-1.7873268127441406,-0.0006022135494276881,0.125,0.04395100474357605,0.0807291716337204,0.0527343787252903,mix_UI_ST_0_967,0
-1.9222146272659302,-0.007020288612693548,0.1171875,0.03841084986925125,0.0673828125,0.0371907576918602,mix_UI_ST_0_421,0
-2.2988510131835938,-0.008904351852834225,0.09375,0.03794340789318085,0.0618489608168602,0.03461914137005806,cauldron_ln_4861,0
-1.468095064163208,-0.0040181479416787624,0.140625,0.046739377081394196,0.09375,0.0479600690305233,mix_UI_ST_0_867,0
-1.6211886405944824,-0.003833007998764515,0.0234375,0.020922856405377388,0.0234375,0.01497395895421505,cauldron_ln_19986,0
-1.8858603239059448,0.0005825109547004104,0.09375,0.03794030100107193,0.06875000149011612,0.0462472103536129,mix_SI_UT_0_1271,0
-1.7562299966812134,0.0012226719409227371,0.12890625,0.03558320924639702,0.08203125,0.0457240529358387,cauldron_ln_25230,0
-2.172590732574463,0.0015222886577248573,0.046875,0.03138697147369385,0.046875,0.0380859375,cauldron_ln_24568,0
-1.171677827835083,0.0127169294282794,0.203125,0.0560755729675293,0.15625,0.085205078125,cauldron_ln_22188,0
-2.215975761413574,-0.01611328125,0.0078125,0.04238469526171684,0.0078125,0.0071614584885537624,cauldron_ln_24238,1
-1.6493465900421143,-0.005439452826976776,0.1015625,0.047114383429288864,0.09765625,0.0564778670668602,cauldron_ln_10572,0
-1.5611529350280762,0.007889093831181526,0.109375,0.03820867836475372,0.08828125149011612,0.0633138045668602,cauldron_ln_24822,0
-2.348811626434326,-0.0021158854942768812,0.09375,0.05132687836885452,0.0833333358168602,0.0599888414144516,mix_SI_UT_0_371,0
-1.0909560918807983,-0.008965853601694107,0.046875,0.031192174181342125,0.0390625,0.0231584832072258,cauldron_ln_6164,1
-1.729280948638916,-0.00047762889880687,0.0859375,0.03511720895767212,0.05917968973517418,0.038311298936605453,mix_SI_UT_0_1302,0
-1.5258547067642212,0.0021330181043595076,0.203125,0.04034316539764404,0.09843750298023224,0.0508161298930645,cauldron_ln_28192,1
-1.7269071340560913,-0.02086639404296875,0.05078125,0.04260006919503212,0.041015625,0.017913818359375,mix_UI_ST_0_1113,0
-1.938037395477295,-0.0007890065899118781,0.1171875,0.03451012447476387,0.06689453125,0.0342203788459301,cauldron_ln_19913,0
-1.500734567642212,0.004232967738062143,0.109375,0.041190702468156815,0.0696614608168602,0.0498046875,cauldron_ln_28967,1
-1.3969650268554688,0.0024074979592114687,0.07421875,0.025605687871575356,0.0546875037252903,0.0330674909055233,mix_UI_ST_0_834,0
-1.483635663986206,0.003215487115085125,0.109375,0.03328440338373184,0.0657552108168602,0.04602864757180214,cauldron_ln_7513,0
-1.366642951965332,0.006019005551934242,0.125,0.03310712054371834,0.083984375,0.046875,mix_SI_UT_0_594,0
-1.73134446144104,0.01412048377096653,0.109375,0.036441393196582794,0.08984375,0.06562500447034836,mix_SI_UT_0_1455,0
-1.4220049381256104,-0.004236557986587286,0.09375,0.04299916699528694,0.07421875,0.04248046875,cauldron_ln_13424,1
-0.9435491561889648,0.004901341162621975,0.1171875,0.04359855130314827,0.0966796875,0.0597098246216774,mix_SI_UT_0_1116,0
-1.7545487880706787,-0.0225830078125,0.001953125,0.02388855069875717,0.001953125,0.00048828125,mix_UI_ST_0_148,0
-2.093048572540283,-0.008584976196289062,0.078125,0.03847626596689224,0.0533854179084301,0.0301513671875,cauldron_ln_23716,1
-2.737197160720825,-0.0002891139010898769,0.3125,0.07049275934696198,0.1614583432674408,0.0774739608168602,mix_SI_UT_0_1315,0
-1.4908851385116577,0.01816743053495884,0.1484375,0.046818725764751434,0.13671875,0.0853794664144516,mix_SI_UT_0_817,0
-2.193800926208496,-0.0014930139295756817,0.1171875,0.039293404668569565,0.09765625,0.0495198592543602,cauldron_ln_5300,1
-2.6139843463897705,-0.021113643422722816,0.109375,0.0597674623131752,0.0859375,0.053955078125,cauldron_ln_19217,0
-1.4684243202209473,-0.0015695360489189625,0.103515625,0.03574448451399803,0.06640625,0.0378689244389534,cauldron_ln_5377,1
-1.4495948553085327,0.004951290786266327,0.09375,0.03396490961313248,0.06640625,0.05156249925494194,cauldron_ln_10300,1
-1.665597915649414,-0.0019938151817768812,0.06640625,0.04224517196416855,0.064453125,0.05078125,mix_UI_ST_0_1293,0
-1.6068446636199951,-0.008790550753474236,0.08203125,0.02840573713183403,0.044921875,0.02512207068502903,cauldron_ln_15201,1
-1.1020817756652832,-0.0111846923828125,0.046875,0.04353886470198631,0.04296875,0.03339843824505806,mix_SI_UT_0_1261,0
-1.2195193767547607,-0.0030186970252543688,0.125,0.03518319129943848,0.0574776828289032,0.02997504360973835,cauldron_ln_22705,1
-1.412708044052124,0.006557888351380825,0.1484375,0.04707498103380203,0.0989583358168602,0.0668402761220932,cauldron_ln_4924,0
-1.2420214414596558,0.0007939414936117828,0.09375,0.038625188171863556,0.0758463591337204,0.05162760615348816,cauldron_ln_8773,0
-1.2548394203186035,0.0016951651778072119,0.11328125,0.03900277614593506,0.07421875,0.04751352220773697,cauldron_ln_18612,0
-1.0957167148590088,-0.007281135302037001,0.05078125,0.04401260241866112,0.04296875,0.02716064453125,mix_SI_UT_0_1401,0
-2.3636226654052734,-0.012859638780355453,0.125,0.0506739504635334,0.08359374850988388,0.04683744162321091,cauldron_ln_4227,1
-0.906093180179596,0.0007367201033048332,0.0703125,0.03128790855407715,0.0524553582072258,0.03656364977359772,mix_UI_ST_0_13,0
-1.6367080211639404,0.0015617819735780358,0.125,0.04341534525156021,0.08203125,0.056884765625,cauldron_ln_14460,0
-1.1589163541793823,0.00789388082921505,0.1328125,0.04432840645313263,0.09765625,0.06689453125,cauldron_ln_20110,0
-1.0659680366516113,0.007495655678212643,0.109375,0.03394751250743866,0.0833333358168602,0.0540771484375,cauldron_ln_18925,0
-2.3891067504882812,-0.0027026794850826263,0.09375,0.036348968744277954,0.06406249850988388,0.0406668558716774,cauldron_ln_12137,0
-2.1096842288970947,-0.003810759400948882,0.09375,0.03296946361660957,0.0670572966337204,0.0404575914144516,cauldron_ln_29894,0
-2.1387135982513428,-0.006832122802734375,0.1015625,0.04261493682861328,0.0716145858168602,0.04522705078125,mix_SI_UT_0_448,0
-1.0558470487594604,-0.0067876772955060005,0.078125,0.036782387644052505,0.0546875,0.03217773512005806,mix_UI_ST_0_715,0
-2.0350160598754883,-0.002734375186264515,0.03125,0.02619144134223461,0.03125,0.02571614645421505,cauldron_ln_26775,0
-1.4839736223220825,-0.0027287800330668688,0.125,0.047487251460552216,0.0859375,0.0496961809694767,cauldron_ln_18356,0
-1.386077880859375,-0.007932350970804691,0.109375,0.045408427715301514,0.08359374850988388,0.04135366901755333,mix_UI_ST_0_875,0
-1.4405007362365723,-0.0016019052127376199,0.09375,0.024489372968673706,0.048828125,0.02784947119653225,mix_UI_ST_0_1478,0
-1.5232816934585571,0.0006810748600400984,0.1015625,0.03451327234506607,0.0690104216337204,0.04667969048023224,mix_SI_UT_0_45,0
-1.0975642204284668,-0.005623372737318277,0.068359375,0.029141312465071678,0.0494791679084301,0.0308314748108387,cauldron_ln_21847,0
-1.5696210861206055,0.0108167864382267,0.0625,0.022498102858662605,0.0625,0.04541015625,cauldron_ln_5646,0
-1.8433427810668945,-0.008396314457058907,0.109375,0.047205984592437744,0.0859375,0.05058593675494194,mix_SI_UT_0_353,0
-1.36347496509552,0.0042358399368822575,0.0703125,0.023552341386675835,0.0501302108168602,0.03372396156191826,mix_SI_UT_0_234,0
-1.9676142930984497,0.0038302440661937,0.09375,0.041548460721969604,0.08515625447034836,0.05596454441547394,cauldron_ln_18870,1
-1.5183453559875488,0.00044847570825368166,0.05859375,0.03314107283949852,0.052734375,0.04296875,mix_UI_ST_0_334,0
-1.6100575923919678,-0.002760453848168254,0.0859375,0.03394439071416855,0.0615234375,0.03577769920229912,mix_UI_ST_0_454,0
-1.6686211824417114,0.002753762761130929,0.0859375,0.03305356204509735,0.0729166716337204,0.0482177734375,cauldron_ln_23572,1
-2.068603038787842,-0.007040334399789572,0.1796875,0.04546993598341942,0.08203125,0.04790038987994194,mix_SI_UT_0_1223,0
-1.6999289989471436,-0.0065966155380010605,0.09375,0.0328478179872036,0.0533854179084301,0.02734375,cauldron_ln_16717,0
-1.437882661819458,0.005791473668068647,0.2578125,0.05868223309516907,0.12109375,0.06875000149011612,mix_SI_UT_0_432,0
-2.0029492378234863,-0.001308441162109375,0.09375,0.04362565279006958,0.0755208358168602,0.049560546875,cauldron_ln_10424,0
-1.5060067176818848,-0.0024130179081112146,0.10546875,0.03753102198243141,0.076171875,0.04746093973517418,mix_SI_UT_0_380,0
-1.1916717290878296,-0.0063629150390625,0.046875,0.033453796058893204,0.046875,0.03125,mix_UI_ST_0_318,0
-1.8764925003051758,-0.006331734359264374,0.1171875,0.050518948584795,0.0895182341337204,0.04733455926179886,cauldron_ln_5097,0
-3.01572322845459,-0.007579714525490999,0.125,0.05299484729766846,0.09326171875,0.06201171875,cauldron_ln_22885,0
-1.3838167190551758,-0.011424189433455467,0.0703125,0.03879383206367493,0.05078125,0.03085937537252903,mix_UI_ST_0_471,0
-1.9496921300888062,0.0016043527284637094,0.1328125,0.04080231487751007,0.08671875298023224,0.0502232164144516,cauldron_ln_23084,0
-1.738997459411621,0.006380406673997641,0.109375,0.04979883134365082,0.09521484375,0.06582031399011612,mix_UI_ST_0_1165,0
-1.579758882522583,-0.003664550604298711,0.171875,0.03714631870388985,0.0615234375,0.0326436385512352,mix_UI_ST_0_168,0
-1.3112014532089233,0.0024841309059411287,0.1015625,0.041057463735342026,0.078125,0.0544084832072258,mix_SI_UT_0_187,0
-1.8647525310516357,0.0011533539509400725,0.109375,0.043053820729255676,0.109375,0.0549665205180645,mix_UI_ST_0_954,0
-0.9440402388572693,0.00393538037315011,0.1171875,0.03270156681537628,0.0830078125,0.04474432021379471,mix_SI_UT_0_762,0
-1.672605037689209,0.002497835084795952,0.1015625,0.03830777108669281,0.08281250298023224,0.05049955099821091,cauldron_ln_5000,0
-1.4746572971343994,-0.008540315553545952,0.08203125,0.0381251759827137,0.04824218899011612,0.02924053557217121,cauldron_ln_15356,1
-1.4838991165161133,-0.011236017569899559,0.03515625,0.032170962542295456,0.03515625,0.02978515625,cauldron_ln_27387,1
-1.393652081489563,-0.004231452941894531,0.0859375,0.028220444917678833,0.052734375,0.029266357421875,cauldron_ln_25908,1
-2.3978641033172607,0.0013183592818677425,0.140625,0.050298336893320084,0.08984375,0.06430288404226303,mix_UI_ST_0_1251,0
-1.9054439067840576,0.008707898668944836,0.18359375,0.048124443739652634,0.123046875,0.07492897659540176,mix_SI_UT_0_1099,0
-1.7126123905181885,0.00012347882147878408,0.078125,0.03245042636990547,0.0514322929084301,0.0377197265625,mix_SI_UT_0_275,0
-1.7033085823059082,-0.01682942733168602,0.03125,0.03183464705944061,0.03125,0.015625,cauldron_ln_28122,1
-1.935870885848999,-0.0005057198577560484,0.1171875,0.043857622891664505,0.1015625,0.054931640625,cauldron_ln_5564,1
-1.4357656240463257,0.004724935162812471,0.171875,0.03636522218585014,0.0892857164144516,0.0520290806889534,cauldron_ln_22963,1
-1.431092381477356,0.0037104289513081312,0.125,0.040937718003988266,0.0830078125,0.0553385429084301,mix_UI_ST_0_1310,0
-2.4657845497131348,-0.00641547329723835,0.08203125,0.038306090980768204,0.064453125,0.0369466170668602,cauldron_ln_5394,0
-2.1268370151519775,-0.0057110595516860485,0.12890625,0.04660724475979805,0.08203125,0.051513671875,cauldron_ln_9840,0
-1.5067657232284546,0.005650375969707966,0.15625,0.04633818939328194,0.1002604216337204,0.06103515625,cauldron_ln_7280,1
-1.5006825923919678,0.0005806587869301438,0.1328125,0.04481590911746025,0.1100260466337204,0.0520833320915699,cauldron_ln_17801,1
-1.819673776626587,-0.004923853557556868,0.0859375,0.03825322538614273,0.06640625,0.0407366082072258,cauldron_ln_25918,0
-1.3375784158706665,0.0050557455979287624,0.1796875,0.04023459926247597,0.1005859375,0.04950506240129471,cauldron_ln_3558,1
-1.94315505027771,-0.0002288818359375,0.1875,0.05225309357047081,0.08828125149011612,0.0548502616584301,mix_SI_UT_0_460,0
-1.0073227882385254,-0.0058227539993822575,0.109375,0.03175035119056702,0.05078125,0.027069091796875,cauldron_ln_9137,0
-0.8999999165534973,0.013172497041523457,0.12890625,0.041553013026714325,0.123046875,0.07421875,cauldron_ln_3348,0
-0.7691459655761719,0.0019825901836156845,0.04296875,0.021441521123051643,0.037109375,0.0269252248108387,cauldron_ln_4463,0
-1.3562054634094238,-0.003990622237324715,0.02734375,0.02445979416370392,0.02734375,0.020263671875,mix_SI_UT_0_615,0
-1.134777545928955,0.0019407110521569848,0.10546875,0.03443020582199097,0.07187499850988388,0.0411202572286129,mix_UI_ST_0_1061,0
-2.022881507873535,0.0004493557498790324,0.125,0.045327141880989075,0.0876736119389534,0.0562540702521801,mix_SI_UT_0_265,0
-2.5168402194976807,-0.00995483435690403,0.0703125,0.040925126522779465,0.05078125,0.03496093675494194,mix_UI_ST_0_933,0
-1.7542091608047485,-0.006586145609617233,0.125,0.0407499335706234,0.06914062798023224,0.04120342805981636,cauldron_ln_9460,1
-1.2920256853103638,0.006640312261879444,0.1015625,0.03627773001790047,0.0944010466337204,0.060546875,mix_SI_UT_0_329,0
-2.605569362640381,0.0015478915302082896,0.09375,0.040007371455430984,0.0787760466337204,0.05312500149011612,mix_SI_UT_0_1390,0
-2.0838122367858887,-0.0013455062871798873,0.125,0.04658808186650276,0.0885416716337204,0.0526123046875,mix_SI_UT_0_452,0
-1.4106659889221191,-0.0007080078357830644,0.125,0.03978286683559418,0.083984375,0.04913885146379471,mix_UI_ST_0_877,0
-1.6659108400344849,-0.002410458866506815,0.078125,0.04203736037015915,0.0580357164144516,0.039924174547195435,mix_UI_ST_0_883,0
-1.5453877449035645,0.01646786741912365,0.078125,0.032783184200525284,0.0703125,0.06484375149011612,mix_SI_UT_0_972,0
-1.423100233078003,-0.003488251706585288,0.125,0.040187034755945206,0.0865885466337204,0.044036865234375,cauldron_ln_26173,1
-1.777348518371582,-0.005413424223661423,0.09375,0.040282733738422394,0.0634765625,0.04147135466337204,mix_UI_ST_0_731,0
-1.7853032350540161,-0.00422427523881197,0.08984375,0.04104618355631828,0.0611979179084301,0.0383029505610466,mix_SI_UT_0_158,0
-1.4892668724060059,-0.02589670941233635,0.015625,0.03071572631597519,0.01318359375,0.007904052734375,mix_UI_ST_0_238,0
-0.8238623738288879,0.0012734903721138835,0.078125,0.028626715764403343,0.0589192733168602,0.0345187708735466,mix_SI_UT_0_516,0
-1.3379449844360352,-0.00139617919921875,0.15625,0.04036105424165726,0.0927734375,0.0475260429084301,cauldron_ln_12337,0
-2.0583062171936035,0.001942841918207705,0.1484375,0.0450633205473423,0.0885416641831398,0.057107679545879364,mix_UI_ST_0_1482,0
-1.1769870519638062,0.0033856017980724573,0.140625,0.03678792342543602,0.072265625,0.0477447509765625,mix_UI_ST_0_552,0
-1.8929369449615479,0.0,0.125,0.04417116194963455,0.0911458358168602,0.05859375,mix_UI_ST_0_568,0
-2.838911294937134,0.0045410157181322575,0.0625,0.035682711750268936,0.0625,0.0442708358168602,cauldron_ln_1083,0
-1.41844642162323,-0.0035367098171263933,0.0546875,0.027148406952619553,0.04414062574505806,0.03061147965490818,cauldron_ln_17080,1
-1.9487332105636597,-0.008490093983709812,0.08203125,0.042163316160440445,0.06328125298023224,0.0405622236430645,cauldron_ln_5846,0
-2.1332573890686035,-0.011308851651847363,0.125,0.047399718314409256,0.078125,0.044539742171764374,cauldron_ln_12615,1
-1.9432437419891357,0.0008916440419852734,0.109375,0.04406319558620453,0.09375,0.06181640550494194,cauldron_ln_18274,1
-1.2215242385864258,0.0072166807949543,0.25,0.07462511956691742,0.19921875,0.09628906100988388,mix_UI_ST_0_159,0
-2.9561209678649902,0.0038367961533367634,0.15625,0.052328724414110184,0.11093749850988388,0.0680803582072258,cauldron_ln_14081,1
-1.940467119216919,-0.001987033523619175,0.125,0.04153028130531311,0.07187499850988388,0.04281851276755333,mix_SI_UT_0_520,0
-1.046623706817627,0.003933147061616182,0.15625,0.035259127616882324,0.07187499850988388,0.0449218787252903,cauldron_ln_24869,1
-1.8825576305389404,0.0038718199357390404,0.1171875,0.047013744711875916,0.0989583358168602,0.0668402761220932,mix_SI_UT_0_669,0
-2.179039478302002,0.0014153558295220137,0.0625,0.03783312812447548,0.0572916679084301,0.0455729179084301,mix_UI_ST_0_1005,0
-0.9221460819244385,-0.0030992296524345875,0.078125,0.029673926532268524,0.051513671875,0.029574308544397354,mix_SI_UT_0_1399,0
-1.67670738697052,-0.0027971540112048388,0.05078125,0.02662939392030239,0.0416666679084301,0.0283203125,mix_SI_UT_0_861,0
-2.491492748260498,0.0036129422951489687,0.2109375,0.05320584028959274,0.1145833358168602,0.064453125,mix_SI_UT_0_284,0
-1.5417191982269287,-0.0005727132665924728,0.1015625,0.03898845985531807,0.0787760466337204,0.04485677182674408,cauldron_ln_26830,0
-2.3645243644714355,-0.002197265625,0.1875,0.04965401813387871,0.10546875,0.05657404288649559,mix_SI_UT_0_1170,0
-1.4928309917449951,0.009747735224664211,0.09375,0.034417398273944855,0.08164062350988388,0.0580357164144516,cauldron_ln_12759,0
-1.322727918624878,0.0074179829098284245,0.14453125,0.0403556190431118,0.0983072966337204,0.05985753610730171,cauldron_ln_2828,1
-1.0287774801254272,-0.0035383435897529125,0.078125,0.03135528042912483,0.0472935289144516,0.02994791604578495,mix_SI_UT_0_964,0
-2.2763001918792725,-0.00027126737404614687,0.171875,0.048917438834905624,0.107421875,0.05832741782069206,cauldron_ln_28525,0
-2.003175735473633,-0.008394681848585606,0.0859375,0.04391861706972122,0.07421875,0.0441080741584301,cauldron_ln_17945,0
-1.8526849746704102,0.004885355941951275,0.171875,0.04722415655851364,0.1171875,0.0619303397834301,mix_UI_ST_0_1236,0
-2.3594648838043213,0.0011935763759538531,0.09375,0.052054136991500854,0.0859375,0.0699869841337204,mix_SI_UT_0_900,0
-2.446018695831299,-0.002193566644564271,0.09375,0.041457660496234894,0.0787760466337204,0.053955078125,cauldron_ln_8643,1
-2.1170003414154053,-0.0045674643479287624,0.09375,0.041589267551898956,0.078125,0.0416666679084301,cauldron_ln_3565,0
-2.735123634338379,0.01431710459291935,0.125,0.045759137719869614,0.109375,0.0736607164144516,cauldron_ln_9794,1
-0.7585495114326477,0.009038751944899559,0.06640625,0.02474210225045681,0.064453125,0.04804687574505806,mix_UI_ST_0_1287,0
-1.8899143934249878,0.00482177734375,0.125,0.05640263482928276,0.10107421875,0.07460937649011612,mix_UI_ST_0_298,0
-1.8057020902633667,-0.006495885085314512,0.09375,0.03788718581199646,0.0582682304084301,0.0364583358168602,mix_SI_UT_0_1266,0
-1.1647300720214844,0.00301361083984375,0.0859375,0.026807140558958054,0.0625,0.0369466170668602,mix_UI_ST_0_132,0
-1.2567987442016602,0.00444684736430645,0.0859375,0.029398975893855095,0.064453125,0.0405970998108387,cauldron_ln_4068,0
-1.9305766820907593,0.002242629649117589,0.125,0.044077128171920776,0.0950520858168602,0.0564236119389534,mix_SI_UT_0_1026,0
-1.6718058586120605,-0.002853784942999482,0.109375,0.048393700271844864,0.0989583358168602,0.0562065988779068,cauldron_ln_10866,1
-1.3996400833129883,0.0007320150034502149,0.1015625,0.03568320721387863,0.0641741082072258,0.0418023020029068,cauldron_ln_19391,1
-1.5446245670318604,-0.01430315338075161,0.048828125,0.03595048934221268,0.0423177108168602,0.0269775390625,mix_UI_ST_0_1210,0
-1.1835148334503174,-0.004021895583719015,0.0625,0.03050382435321808,0.048828125,0.0343967005610466,mix_SI_UT_0_1251,0
-1.6653553247451782,-0.00058746337890625,0.078125,0.03865955397486687,0.0625,0.04541015625,cauldron_ln_22120,0
-1.5976793766021729,0.007392296567559242,0.1328125,0.05110165849328041,0.12890625,0.080078125,mix_UI_ST_0_476,0
-1.8768930435180664,0.0010176949435845017,0.1875,0.04658545181155205,0.094618059694767,0.056046195328235626,mix_UI_ST_0_995,0
-1.10238516330719,-0.002035206649452448,0.046875,0.034246861934661865,0.0419921875,0.0311104916036129,cauldron_ln_26174,0
-1.7948036193847656,0.007081909105181694,0.14453125,0.034635595977306366,0.08281250298023224,0.05322265625,mix_SI_UT_0_1432,0
-2.008098602294922,-0.0081007219851017,0.0625,0.052676722407341,0.05859375,0.045809660106897354,mix_UI_ST_0_776,0
-1.1882092952728271,-0.0002803679381031543,0.109375,0.03692182898521423,0.06536458432674408,0.04131116345524788,cauldron_ln_3135,0
-1.2069652080535889,0.0140962153673172,0.125,0.0381072461605072,0.09375,0.06992187350988388,cauldron_ln_1408,0
-1.8597018718719482,0.0021675729658454657,0.078125,0.02630031295120716,0.0546875,0.0350477434694767,cauldron_ln_25775,1
-1.3689947128295898,0.00579833984375,0.125,0.03724147006869316,0.0843098983168602,0.05537683889269829,cauldron_ln_25014,1
-1.116247296333313,0.007108946330845356,0.140625,0.04250875860452652,0.1223958358168602,0.0642632395029068,mix_UI_ST_0_628,0
-1.7655134201049805,0.002069717738777399,0.09375,0.045532725751399994,0.0930989608168602,0.0610894113779068,cauldron_ln_26188,0
-1.5699121952056885,-0.0045329127460718155,0.1640625,0.050913404673337936,0.10703124850988388,0.0553152933716774,cauldron_ln_24743,1
-1.6654225587844849,0.0067297895438969135,0.09375,0.03671882301568985,0.07421875,0.05260121077299118,cauldron_ln_13284,0
-1.593559741973877,0.002199445618316531,0.1875,0.053310319781303406,0.12109375,0.069893978536129,cauldron_ln_25655,1
-1.6733331680297852,0.004430700093507767,0.1171875,0.04281458631157875,0.10546875,0.0595703125,mix_UI_ST_0_1119,0
-1.392047643661499,-0.012280273251235485,0.109375,0.0448165163397789,0.0625,0.02998046949505806,cauldron_ln_23794,1
-2.1255762577056885,-0.003288424573838711,0.125,0.04079204052686691,0.080078125,0.04833984375,mix_SI_UT_0_757,0
-0.8586186170578003,0.003253755159676075,0.07421875,0.030405359342694283,0.05859375,0.03691406175494194,mix_SI_UT_0_512,0
-2.00822114944458,0.0014839920913800597,0.15625,0.040181953459978104,0.07968749850988388,0.0538736991584301,cauldron_ln_20535,0
-1.1035237312316895,0.0011479305103421211,0.0625,0.03059232607483864,0.0625,0.0400390625,cauldron_ln_12074,1
-1.8138959407806396,0.006926360074430704,0.1171875,0.03417540341615677,0.08984375,0.0543619804084301,cauldron_ln_27617,1
-1.7335325479507446,0.03014526516199112,0.1875,0.045860037207603455,0.1354166716337204,0.0987723246216774,mix_SI_UT_0_853,0
-1.825481653213501,0.009768221527338028,0.078125,0.03271104767918587,0.06640625,0.051846593618392944,mix_SI_UT_0_746,0
-1.668855905532837,-0.0015411376953125,0.078125,0.029746556654572487,0.0520833358168602,0.031982421875,mix_UI_ST_0_383,0
-2.1105754375457764,-0.008029513992369175,0.1015625,0.038618963211774826,0.0625,0.02718099020421505,cauldron_ln_25756,0
-2.2835030555725098,-0.002845501061528921,0.09375,0.03695303201675415,0.0703125,0.0429687537252903,cauldron_ln_4102,1
-1.1453715562820435,0.005780194420367479,0.15625,0.04032168909907341,0.1048177108168602,0.0562608502805233,mix_UI_ST_0_344,0
-1.66946280002594,-0.0067193773575127125,0.109375,0.042301930487155914,0.0703125,0.0364583320915699,cauldron_ln_23649,0
-1.8246114253997803,-0.0036446708254516125,0.07421875,0.046055249869823456,0.06640625,0.0468750037252903,cauldron_ln_2295,1
-1.5628159046173096,-0.0030788846779614687,0.0625,0.02284921705722809,0.0377604179084301,0.0227322056889534,mix_SI_UT_0_1150,0
-1.2369593381881714,0.0007252413197420537,0.1875,0.05059147998690605,0.09531249850988388,0.05517578125,mix_SI_UT_0_1247,0
-0.9199719429016113,-0.004053064621984959,0.09375,0.042238231748342514,0.068359375,0.0405815988779068,mix_SI_UT_0_1392,0
-1.6387279033660889,0.001966132316738367,0.09375,0.037192441523075104,0.0657552108168602,0.0442708358168602,cauldron_ln_2543,0
-1.4446077346801758,-0.006128726061433554,0.06640625,0.04065437242388725,0.0531684048473835,0.03560207411646843,cauldron_ln_7372,1
-1.1552557945251465,-0.0002629206865094602,0.0625,0.02675718255341053,0.0517578125,0.0341796875,cauldron_ln_24933,0
-1.6483526229858398,-0.00384521484375,0.0390625,0.019343066960573196,0.0390625,0.017333984375,mix_SI_UT_0_249,0
-1.147423267364502,0.002427790779620409,0.1015625,0.02957902103662491,0.0569661483168602,0.039794921875,mix_UI_ST_0_397,0
-1.6734603643417358,0.007155845873057842,0.109375,0.035426992923021317,0.07539062947034836,0.0549665205180645,mix_SI_UT_0_1340,0
-1.3092018365859985,0.002550814999267459,0.12109375,0.03766996040940285,0.078125,0.048233695328235626,mix_UI_ST_0_1168,0
-1.7908247709274292,0.008992512710392475,0.13671875,0.04606575891375542,0.1197916716337204,0.072265625,cauldron_ln_1368,1
-1.4545238018035889,0.012422561645507812,0.125,0.03728940337896347,0.0989583358168602,0.06103515625,mix_UI_ST_0_493,0
-1.589019775390625,0.008913435973227024,0.140625,0.04426579549908638,0.10546875,0.06670673191547394,mix_UI_ST_0_1027,0
-2.218247890472412,-0.011247907765209675,0.078125,0.047137144953012466,0.072265625,0.0320870541036129,mix_UI_ST_0_1125,0
-1.2719511985778809,-0.0024550589732825756,0.09375,0.035127174109220505,0.06640625,0.0418294258415699,cauldron_ln_2907,0
-1.5531697273254395,0.006055108271539211,0.15625,0.05074053630232811,0.099609375,0.0716378390789032,cauldron_ln_129,0
-1.573312520980835,0.001347722252830863,0.0703125,0.03639371320605278,0.068359375,0.0479600690305233,cauldron_ln_15427,1
-1.2836694717407227,-0.0026218958664685488,0.1171875,0.0383051335811615,0.0697544664144516,0.04658777639269829,cauldron_ln_3452,1
-1.9654943943023682,5.425347262644209e-05,0.0625,0.03137625381350517,0.0625,0.04296875,cauldron_ln_28966,0
-1.2353086471557617,0.004605429712682962,0.1328125,0.03421539440751076,0.08710937947034836,0.0462820902466774,mix_SI_UT_0_392,0
-0.9174379706382751,0.0005889068124815822,0.140625,0.04021283984184265,0.09765625,0.0495876744389534,mix_UI_ST_0_1335,0
-1.1457383632659912,0.0030216581653803587,0.1171875,0.03433607891201973,0.070870541036129,0.0448676235973835,mix_UI_ST_0_1462,0
-1.0550872087478638,0.0012454262468963861,0.15625,0.040020670741796494,0.0926339328289032,0.045911286026239395,mix_UI_ST_0_50,0
-2.055912494659424,-0.004828957840800285,0.046875,0.024682091549038887,0.0364583358168602,0.0228271484375,mix_SI_UT_0_779,0
-1.5014032125473022,0.019578857347369194,0.125,0.04104921966791153,0.109375,0.078125,cauldron_ln_28375,0
-1.475051999092102,0.006119017023593187,0.12109375,0.0412902757525444,0.091796875,0.06263021379709244,cauldron_ln_24136,1
-2.1828453540802,0.0014169730711728334,0.2109375,0.04907591640949249,0.10195312649011612,0.0641276091337204,cauldron_ln_8028,0
-1.3598740100860596,0.0053241439163684845,0.0859375,0.03113657422363758,0.0703125,0.0462239608168602,cauldron_ln_22560,1
-1.5792983770370483,-0.0053061204962432384,0.125,0.04276222735643387,0.0774739608168602,0.04537760838866234,mix_SI_UT_0_1059,0
-1.3214870691299438,-0.006433823611587286,0.078125,0.045733291655778885,0.078125,0.0322265625,cauldron_ln_21312,0
-1.7552794218063354,0.0035993303172290325,0.1171875,0.03910258784890175,0.0719866082072258,0.048483457416296005,cauldron_ln_5451,0
-1.0810589790344238,-0.0027988010551780462,0.078125,0.02784653566777706,0.05078125,0.027476917952299118,cauldron_ln_16415,1
-1.577126383781433,-0.0012577602174133062,0.078125,0.03702615201473236,0.06718750298023224,0.0413643978536129,mix_SI_UT_0_1263,0
-1.1266422271728516,0.0058926669880747795,0.125,0.047855596989393234,0.109375,0.07011719048023224,mix_SI_UT_0_711,0
-1.287109613418579,-0.0020882743410766125,0.08203125,0.02619657665491104,0.06640625,0.02568708173930645,mix_UI_ST_0_990,0
-1.4816663265228271,0.00620195921510458,0.0703125,0.026888450607657433,0.0572916679084301,0.0429687537252903,cauldron_ln_13753,0
-1.5910433530807495,-0.004112830385565758,0.078125,0.038084037601947784,0.0703125,0.0436197929084301,mix_UI_ST_0_1015,0
-1.2901002168655396,-0.0024902343284338713,0.087890625,0.04137684777379036,0.0830078125,0.0517578125,cauldron_ln_23424,1
-1.4534327983856201,0.0003083641640841961,0.125,0.030638758093118668,0.0592447929084301,0.03765869140625,cauldron_ln_23863,0
-2.688983917236328,-0.0023549399338662624,0.15625,0.0542156808078289,0.1067708358168602,0.06640625,mix_UI_ST_0_949,0
-1.1199517250061035,-0.00958251953125,0.0625,0.042726095765829086,0.0625,0.033447265625,cauldron_ln_16471,1
-1.6411237716674805,0.014643742702901363,0.1484375,0.04683137312531471,0.119140625,0.0797526091337204,mix_SI_UT_0_1424,0
-1.1191737651824951,0.0012140688486397266,0.0859375,0.029946744441986084,0.06689453125,0.039018113166093826,cauldron_ln_12969,1
-0.9591046571731567,0.00014395084872376174,0.076171875,0.028144635260105133,0.046875,0.03354116529226303,cauldron_ln_12139,1
-0.8966127634048462,-0.006953827105462551,0.0625,0.03244591876864433,0.0465959832072258,0.02490234375,mix_SI_UT_0_29,0
-2.143733501434326,0.007096574176102877,0.09375,0.035155169665813446,0.0794270858168602,0.0574001744389534,mix_SI_UT_0_951,0
-1.6530086994171143,-0.008843558840453625,0.046875,0.043313659727573395,0.04296875,0.0272042416036129,mix_SI_UT_0_894,0
-1.3425220251083374,0.004577001091092825,0.09375,0.03014775551855564,0.0693359375,0.0436197929084301,cauldron_ln_19019,0
-0.9810712337493896,0.00091552734375,0.05078125,0.033236559480428696,0.05078125,0.04296875,mix_SI_UT_0_105,0
-1.7003774642944336,0.013993696309626102,0.1015625,0.04228801280260086,0.09375,0.07211538404226303,cauldron_ln_920,0
-1.3770029544830322,0.011301676742732525,0.0859375,0.02964676357805729,0.08203125,0.0542534738779068,mix_SI_UT_0_1386,0
-1.298098087310791,-0.0024279786739498377,0.0703125,0.03204113617539406,0.0597098246216774,0.0387098528444767,mix_UI_ST_0_865,0
-1.2408852577209473,0.0010620116954669356,0.13671875,0.04029548913240433,0.0856119841337204,0.049896240234375,mix_SI_UT_0_23,0
-1.7100579738616943,0.00502989673987031,0.09375,0.033568717539310455,0.0665690153837204,0.0465494804084301,mix_SI_UT_0_1097,0
-1.1882394552230835,-0.01292536873370409,0.041015625,0.03073415905237198,0.0361328125,0.01546224020421505,mix_SI_UT_0_77,0
-2.7065091133117676,0.0033533433452248573,0.109375,0.04984508082270622,0.0885416716337204,0.06591796875,mix_SI_UT_0_1087,0
-1.5583422183990479,0.006532941944897175,0.171875,0.03875583037734032,0.09101562947034836,0.0527343787252903,mix_UI_ST_0_1437,0
-1.9718012809753418,-0.002946120221167803,0.0703125,0.03634265810251236,0.05546874925494194,0.03891226276755333,mix_SI_UT_0_344,0
-1.9733633995056152,-0.007048910949379206,0.125,0.05272038280963898,0.08740234375,0.05375532805919647,mix_SI_UT_0_487,0
-2.1721203327178955,0.005591299384832382,0.203125,0.05705434828996658,0.13359375298023224,0.0817057341337204,mix_UI_ST_0_957,0
-0.9595960974693298,0.013716264627873898,0.08203125,0.033219244331121445,0.08203125,0.064453125,cauldron_ln_15822,1
-1.6960506439208984,-0.003323641838505864,0.0703125,0.02526113949716091,0.041015625,0.023326527327299118,mix_SI_UT_0_1343,0
-1.224143385887146,-0.0015739065129309893,0.1015625,0.035978253930807114,0.0729166716337204,0.04046224057674408,mix_SI_UT_0_44,0
-2.1415398120880127,-0.0030575706623494625,0.0625,0.03136562183499336,0.046875,0.03359375149011612,cauldron_ln_18671,1
-1.180808663368225,-0.00986444391310215,0.0546875,0.037381939589977264,0.041015625,0.02363281324505806,cauldron_ln_29053,0
-1.4360116720199585,-0.001366914133541286,0.09375,0.03613034635782242,0.0638020858168602,0.04595947265625,cauldron_ln_16169,0
-0.9341190457344055,0.011370490305125713,0.109375,0.029673004522919655,0.0872395858168602,0.05419921875,cauldron_ln_26888,1
-2.1829006671905518,-0.003923969808965921,0.140625,0.04617447033524513,0.0872395858168602,0.0539202019572258,mix_UI_ST_0_7,0
-0.9908918142318726,-0.0016205456340685487,0.08203125,0.030063601210713387,0.06494140625,0.0357259139418602,mix_SI_UT_0_499,0
-1.6379258632659912,-0.0019844055641442537,0.109375,0.048711247742176056,0.080078125,0.05000000074505806,cauldron_ln_24059,1
-1.9774500131607056,-0.0048726401291787624,0.1953125,0.0629231333732605,0.121651791036129,0.0691189244389534,mix_UI_ST_0_763,0
-1.2755721807479858,0.006808258593082428,0.109375,0.034187816083431244,0.0732421875,0.05136718973517418,cauldron_ln_16392,1
-1.6330275535583496,0.00404954981058836,0.140625,0.043578412383794785,0.0911458358168602,0.056640625,mix_SI_UT_0_1408,0
-1.7898321151733398,-0.00980396755039692,0.0625,0.03765294700860977,0.0625,0.0378689244389534,mix_UI_ST_0_477,0
-1.4768949747085571,-0.0014742338098585606,0.0703125,0.035012081265449524,0.0654296875,0.0511067733168602,mix_SI_UT_0_995,0
-1.4916912317276,-0.014655617997050285,0.0205078125,0.03409130126237869,0.0205078125,0.010498046875,mix_UI_ST_0_230,0
-1.5663431882858276,0.005141220986843109,0.203125,0.04053766652941704,0.0954241082072258,0.056640625,mix_SI_UT_0_824,0
-1.48350191116333,0.00862019881606102,0.1484375,0.0371057391166687,0.0963541716337204,0.0599888414144516,mix_UI_ST_0_907,0
-1.601919174194336,0.0013382523320615292,0.078125,0.03073386289179325,0.0703125,0.047119140625,mix_SI_UT_0_247,0
-1.3983616828918457,0.0036480713170021772,0.15234375,0.034553732722997665,0.07734375447034836,0.0489908866584301,cauldron_ln_3003,0
-2.0920252799987793,-0.010374069213867188,0.03125,0.020544270053505898,0.03125,0.00928497314453125,cauldron_ln_11103,1
-1.1960670948028564,-0.003295188769698143,0.078125,0.029692362993955612,0.0478515625,0.03032226674258709,mix_UI_ST_0_1413,0
-1.3079538345336914,0.0010573443723842502,0.125,0.039282284677028656,0.0963541716337204,0.051025390625,mix_UI_ST_0_1430,0
-1.7709617614746094,0.0037616549525409937,0.125,0.045287102460861206,0.0908203125,0.0575939379632473,cauldron_ln_19003,0
-1.644072413444519,-0.003979402594268322,0.1328125,0.037519920617341995,0.0725911483168602,0.037999771535396576,mix_SI_UT_0_118,0
-0.9969649314880371,-1.6156365745700896e-05,0.21875,0.042299721390008926,0.0885416716337204,0.04216452315449715,mix_SI_UT_0_1378,0
-1.7209445238113403,-0.008448283188045025,0.09375,0.03744037449359894,0.0654296875,0.03730468824505806,mix_UI_ST_0_725,0
-2.277467966079712,0.008357121609151363,0.109375,0.03188154846429825,0.078125,0.0505642369389534,cauldron_ln_29078,0
-2.0580692291259766,0.011346726678311825,0.07421875,0.034080710262060165,0.0654296875,0.05292968824505806,cauldron_ln_6479,1
-2.466526985168457,0.006987601052969694,0.2109375,0.053921591490507126,0.1223958358168602,0.0694580078125,cauldron_ln_16837,0
-1.073775291442871,-0.0003842954174615443,0.09375,0.04409855604171753,0.09375,0.0553385429084301,mix_SI_UT_0_282,0
-1.884605884552002,0.0017041973769664764,0.109375,0.03970460966229439,0.07656250149011612,0.057373046875,cauldron_ln_13862,1
-1.9645849466323853,-0.016217267140746117,0.0625,0.04503047838807106,0.0546875,0.0325520858168602,mix_SI_UT_0_212,0
-1.2085598707199097,0.00034877232974395156,0.109375,0.04090530052781105,0.0794270858168602,0.05322265625,cauldron_ln_11555,0
-1.403676986694336,0.0076972804963588715,0.125,0.04212663322687149,0.08984375,0.0598958358168602,cauldron_ln_3006,1
-1.856109619140625,0.0016784669132903218,0.09375,0.035412129014730453,0.07148437947034836,0.0477120541036129,mix_SI_UT_0_1436,0
-1.7821552753448486,-0.004368981812149286,0.078125,0.032499901950359344,0.06005859375,0.03750000149011612,mix_UI_ST_0_836,0
-2.0672976970672607,0.004801905248314142,0.1171875,0.0451282262802124,0.091796875,0.06450195610523224,mix_SI_UT_0_1279,0
-1.4243988990783691,0.0012896137777715921,0.1015625,0.03550342842936516,0.0755208358168602,0.0530133955180645,cauldron_ln_7953,1
-1.6299355030059814,-0.01140679232776165,0.015625,0.02643674798309803,0.015625,0.0107421875,cauldron_ln_11732,0
-1.9330456256866455,0.01132812537252903,0.1875,0.0677475854754448,0.1875,0.1178385466337204,mix_UI_ST_0_1072,0
-1.1616272926330566,0.0003962281916756183,0.1484375,0.036721352487802505,0.068359375,0.0455729179084301,mix_UI_ST_0_84,0
-1.6812143325805664,-0.0014885796699672937,0.0595703125,0.03542334958910942,0.0537109375,0.0391710065305233,cauldron_ln_16317,0
-1.707319736480713,0.00847298838198185,0.140625,0.046703994274139404,0.1171875,0.0678013414144516,mix_SI_UT_0_483,0
-0.6125938892364502,0.0008569834171794355,0.08056640625,0.03207916021347046,0.0670166015625,0.0394287109375,mix_SI_UT_0_1406,0
-1.0382088422775269,0.0031442949548363686,0.1015625,0.03208157420158386,0.07421875,0.0440848246216774,mix_SI_UT_0_848,0
-1.1076602935791016,0.0066872332245111465,0.109375,0.036211248487234116,0.08281250298023224,0.05243389680981636,mix_UI_ST_0_787,0
-1.2489978075027466,0.009880328550934792,0.0625,0.016746191307902336,0.05078125,0.0345982164144516,mix_UI_ST_0_1138,0
-1.2405004501342773,0.005477242171764374,0.0625,0.03226027265191078,0.05615234375,0.04314630851149559,mix_UI_ST_0_356,0
-1.7692770957946777,0.0049973526038229465,0.09375,0.038718365132808685,0.0697544664144516,0.04985608533024788,cauldron_ln_29722,1
-1.9405046701431274,0.007849491201341152,0.109375,0.03763163089752197,0.078125,0.05419921875,mix_UI_ST_0_1148,0
-1.2193453311920166,0.010019402951002121,0.1328125,0.03355944901704788,0.0911458358168602,0.0557725690305233,mix_SI_UT_0_672,0
-1.7465113401412964,0.0026444655377417803,0.125,0.051211100071668625,0.08671875298023224,0.05498798191547394,mix_SI_UT_0_967,0
-1.4967422485351562,-0.013175456784665585,0.1171875,0.04245619475841522,0.0540364608168602,0.02832031436264515,mix_SI_UT_0_338,0
-1.1669223308563232,-0.01111602783203125,0.03515625,0.028982464224100113,0.0283203125,0.0201416015625,cauldron_ln_27978,0
-1.163285493850708,0.001378239830955863,0.109375,0.04642410948872566,0.0963541716337204,0.0588107630610466,mix_UI_ST_0_1385,0
-1.6455026865005493,0.0047766645438969135,0.125,0.05474136397242546,0.125,0.08437500149011612,cauldron_ln_16679,0
-1.852134346961975,0.0017774931620806456,0.1328125,0.040228456258773804,0.080946184694767,0.052490234375,cauldron_ln_2485,1
-2.068253993988037,0.007406338583678007,0.15625,0.04662824422121048,0.11093749850988388,0.07046274095773697,cauldron_ln_24230,1
-1.157425880432129,0.0019389719236642122,0.1875,0.04034547135233879,0.0950520858168602,0.05050838738679886,mix_SI_UT_0_773,0
-1.9816644191741943,0.0078284228220582,0.1015625,0.04514293000102043,0.083984375,0.06649503111839294,cauldron_ln_21968,1
-1.0913231372833252,-0.0014801026554778218,0.09375,0.039028603583574295,0.08984375,0.040283203125,mix_SI_UT_0_914,0
-1.3464362621307373,-0.007692224811762571,0.0625,0.034036941826343536,0.044921875,0.030517578125,cauldron_ln_17971,0
-1.433213710784912,0.0021769206505268812,0.09375,0.03336315602064133,0.0625,0.04267578199505806,cauldron_ln_24532,1
-1.4024485349655151,-0.008096134290099144,0.078125,0.03756769746541977,0.0592447929084301,0.03680779039859772,cauldron_ln_1626,0
-1.3247859477996826,0.008399699814617634,0.125,0.04145053029060364,0.09609375149011612,0.0675223246216774,cauldron_ln_11210,1
-1.7402222156524658,-0.003217471530660987,0.09375,0.039817698299884796,0.0666232630610466,0.04560122266411781,mix_SI_UT_0_953,0
-1.8948702812194824,-0.0033540271688252687,0.078125,0.0400240533053875,0.06640625,0.04121093824505806,cauldron_ln_25288,0
-1.9086248874664307,0.0024207329843193293,0.15625,0.045264873653650284,0.0963541716337204,0.05611979588866234,mix_SI_UT_0_694,0
-1.7836462259292603,-0.007086032535880804,0.140625,0.05557719245553017,0.080078125,0.04638671875,mix_UI_ST_0_1289,0
-1.708033561706543,-0.00010722392471507192,0.0625,0.02423740364611149,0.0475260429084301,0.0276150181889534,mix_UI_ST_0_332,0
-1.37113356590271,-0.007401530165225267,0.0390625,0.024654105305671692,0.0390625,0.018310546875,mix_UI_ST_0_1450,0
-1.5216224193572998,0.0010528564453125,0.0390625,0.024728629738092422,0.0390625,0.0279947929084301,mix_SI_UT_0_491,0
-0.745141327381134,-0.0006860007415525615,0.1015625,0.031780537217855453,0.0531529039144516,0.03346162661910057,mix_UI_ST_0_575,0
-1.975346326828003,0.0003200954815838486,0.09375,0.04253126308321953,0.072265625,0.05042613670229912,mix_UI_ST_0_1078,0
-1.6465989351272583,0.0017111642519012094,0.0546875,0.023211034014821053,0.04296875,0.0267857164144516,mix_SI_UT_0_1202,0
-1.4358872175216675,0.010231711901724339,0.171875,0.051972802728414536,0.1263020932674408,0.0810546875,cauldron_ln_23866,0
-1.4562978744506836,0.0009051066590473056,0.0859375,0.03287415951490402,0.0654296875,0.04018554836511612,mix_SI_UT_0_749,0
-1.765919804573059,0.004754317458719015,0.1015625,0.037343692034482956,0.07421875,0.0516493059694767,cauldron_ln_1581,0
-2.036823272705078,-0.004072002600878477,0.06640625,0.030550388619303703,0.05078125,0.03011067770421505,mix_UI_ST_0_144,0
-1.681204915046692,0.009014423005282879,0.0703125,0.026298530399799347,0.0638020858168602,0.0486111119389534,cauldron_ln_12154,0
-1.762657880783081,-0.004485301673412323,0.109375,0.04552244767546654,0.0807291716337204,0.0481770820915699,cauldron_ln_23827,0
-1.7836565971374512,-0.005138786509633064,0.1640625,0.04728388413786888,0.09375,0.0454915389418602,mix_SI_UT_0_110,0
-0.7998408079147339,0.000511966529302299,0.1015625,0.03072189912199974,0.0638020858168602,0.0337371826171875,cauldron_ln_6522,0
-1.9007014036178589,-0.00016932333528529853,0.109375,0.052825383841991425,0.0924479216337204,0.06158854439854622,cauldron_ln_10547,0
-2.1384129524230957,0.008629107847809792,0.125,0.06040763482451439,0.12109375,0.0848214328289032,cauldron_ln_22993,0
-1.2247273921966553,0.002623477252200246,0.1640625,0.035042520612478256,0.08476562798023224,0.0439104363322258,mix_UI_ST_0_778,0
-1.3201472759246826,0.0012923531467095017,0.1875,0.04183810576796532,0.0831163227558136,0.04899796470999718,mix_SI_UT_0_649,0
-1.4045133590698242,-0.0035552978515625,0.078125,0.03476030007004738,0.064453125,0.0428059920668602,cauldron_ln_23247,1
-2.5453529357910156,-0.01726740039885044,0.07421875,0.05142498016357422,0.052734375,0.03886718675494194,mix_SI_UT_0_372,0
-1.3699482679367065,0.003077456960454583,0.1015625,0.0368506945669651,0.1015625,0.050048828125,mix_SI_UT_0_78,0
-1.4239084720611572,-0.0021445914171636105,0.1171875,0.04111839085817337,0.0814732164144516,0.0508897565305233,mix_UI_ST_0_322,0
-2.0683493614196777,0.00061798095703125,0.099609375,0.03488999232649803,0.0709635466337204,0.0439453125,mix_SI_UT_0_414,0
-1.3602442741394043,0.004725865088403225,0.0703125,0.035519231110811234,0.0703125,0.0455729179084301,cauldron_ln_3363,0
-1.8325140476226807,-0.0038819490000605583,0.09375,0.03506451100111008,0.0517578125,0.032639723271131516,cauldron_ln_20198,0
-1.4545278549194336,-0.006369851063936949,0.06640625,0.03227073699235916,0.064453125,0.03232422098517418,mix_UI_ST_0_929,0
-1.3553504943847656,-0.003977849148213863,0.09375,0.03762367367744446,0.06210937723517418,0.039813704788684845,cauldron_ln_21319,1
-2.182077646255493,-0.002050781389698386,0.041015625,0.019564857706427574,0.041015625,0.026611328125,mix_UI_ST_0_350,0
-2.317115306854248,-0.0046033356338739395,0.08203125,0.041234370321035385,0.0729166716337204,0.0453559048473835,mix_SI_UT_0_378,0
-1.2162888050079346,-0.0011734500294551253,0.109375,0.0355229452252388,0.060546875,0.0378069207072258,cauldron_ln_2807,1
-1.5122172832489014,0.006465618498623371,0.109375,0.03625219315290451,0.08437500149011612,0.052959736436605453,cauldron_ln_458,0
-1.9597043991088867,0.00038655599928461015,0.109375,0.04293511435389519,0.07265625149011612,0.053485579788684845,cauldron_ln_23771,1
-1.4595799446105957,0.004185867495834827,0.1875,0.04121365770697594,0.086181640625,0.05400390550494194,cauldron_ln_23191,0
-1.2447224855422974,0.0029544830322265625,0.111328125,0.039848990738391876,0.0787760466337204,0.052978515625,cauldron_ln_22704,0
-1.3164598941802979,-0.001696777413599193,0.08203125,0.04136212170124054,0.05322265625,0.03509114682674408,mix_UI_ST_0_1317,0
-0.9245373606681824,0.0018669577548280358,0.0556640625,0.027152473106980324,0.0556640625,0.0279541015625,mix_UI_ST_0_337,0
-1.5547714233398438,0.00909249484539032,0.078125,0.033611759543418884,0.0774739608168602,0.0548095703125,cauldron_ln_2770,1
-1.579103946685791,-0.007769960444420576,0.1875,0.0415971539914608,0.0716145858168602,0.038421630859375,cauldron_ln_25329,1
-1.4737627506256104,-0.0028743299189954996,0.1015625,0.03878092020750046,0.067138671875,0.0421084463596344,cauldron_ln_19744,1
-1.8266139030456543,0.00870028417557478,0.1328125,0.03782849386334419,0.1015625,0.0582275390625,mix_UI_ST_0_99,0
-1.396348237991333,-0.002986907958984375,0.078125,0.0350613072514534,0.0559895858168602,0.038055419921875,mix_SI_UT_0_732,0
-1.4429038763046265,0.017463235184550285,0.08984375,0.03092382475733757,0.08984375,0.060546875,mix_SI_UT_0_262,0
-1.230854868888855,1.4595363609259948e-05,0.08203125,0.041355133056640625,0.08203125,0.05937499925494194,cauldron_ln_23627,1
-1.4413526058197021,-0.0002167800412280485,0.09375,0.04343686252832413,0.080078125,0.0530133955180645,mix_SI_UT_0_287,0
-1.8997911214828491,-0.007677973248064518,0.09375,0.04277681186795235,0.06494140625,0.0354207381606102,mix_SI_UT_0_801,0
-1.6419899463653564,0.0054035186767578125,0.125,0.03589150682091713,0.0891927108168602,0.050048828125,cauldron_ln_28601,1
-1.0488179922103882,-0.009796142578125,0.08203125,0.042731281369924545,0.06640625,0.03302001953125,cauldron_ln_25242,1
-1.5856318473815918,0.0013460726477205753,0.125,0.03410761058330536,0.0833333358168602,0.0423719622194767,cauldron_ln_23022,0
-1.6908961534500122,0.013346354477107525,0.12890625,0.0380869023501873,0.119140625,0.0696614608168602,cauldron_ln_27816,0
-1.5345940589904785,0.01812744140625,0.0703125,0.027006778866052628,0.0703125,0.0537109375,mix_SI_UT_0_399,0
-0.9169675707817078,0.01189498882740736,0.1484375,0.04078363627195358,0.11376953125,0.05917968973517418,mix_SI_UT_0_934,0
-1.685084581375122,-0.002902560867369175,0.09765625,0.033983264118433,0.0732421875,0.03870738670229912,mix_SI_UT_0_929,0
-2.1840569972991943,0.0078582763671875,0.1484375,0.045549459755420685,0.1142578125,0.06767578423023224,mix_SI_UT_0_1276,0
-1.469519853591919,0.011405613273382187,0.09375,0.03680874779820442,0.0859375,0.06523437798023224,cauldron_ln_6232,1
-1.9044580459594727,-0.0022070312406867743,0.06640625,0.046174027025699615,0.060546875,0.0475260429084301,mix_SI_UT_0_1184,0
-2.66096568107605,0.00142371142283082,0.0859375,0.033152490854263306,0.083984375,0.04697265848517418,cauldron_ln_24379,1
-1.4722864627838135,-0.0007641132106073201,0.109375,0.03482873737812042,0.06015625223517418,0.03943810239434242,cauldron_ln_25834,1
-2.172713279724121,-0.0050608315505087376,0.10546875,0.053843606263399124,0.0963541716337204,0.0591362863779068,cauldron_ln_24679,0
-1.3588472604751587,-8.110150520224124e-05,0.109375,0.029655717313289642,0.0606863871216774,0.0363227017223835,cauldron_ln_12037,1
-0.6875127553939819,0.0032533158082515,0.08984375,0.03251730278134346,0.0634765625,0.04267578199505806,mix_UI_ST_0_909,0
-1.9086143970489502,0.005489864852279425,0.078125,0.03163427859544754,0.0690104216337204,0.0453559048473835,cauldron_ln_340,0
-1.2497678995132446,0.00480790575966239,0.109375,0.037453263998031616,0.07763671875,0.05051491782069206,cauldron_ln_7155,1
-1.5712376832962036,-0.006365458481013775,0.0390625,0.03339926898479462,0.037109375,0.02766927145421505,mix_SI_UT_0_1231,0
-2.056954860687256,0.008195926435291767,0.15234375,0.03730134293437004,0.1015625,0.0559895820915699,mix_UI_ST_0_858,0
-0.9798756837844849,-0.006729618180543184,0.11328125,0.03323649615049362,0.05078125,0.0246669240295887,cauldron_ln_15343,0
-1.138767123222351,0.0013930377317592502,0.0546875,0.030019590631127357,0.0546875,0.035400390625,cauldron_ln_28523,0
-1.4882060289382935,-0.005515493918210268,0.1015625,0.040502406656742096,0.078125,0.0400390625,cauldron_ln_29382,1
-1.1562612056732178,-0.00045522055006586015,0.0625,0.03742070123553276,0.05859375,0.0397135429084301,mix_UI_ST_0_1420,0
-2.26405930519104,-0.0023989470209926367,0.078125,0.043811019510030746,0.072265625,0.046875,mix_UI_ST_0_1419,0
-1.4289746284484863,0.0057881674729287624,0.109375,0.03843081742525101,0.1015625,0.0494791679084301,mix_UI_ST_0_705,0
-1.3307478427886963,0.0016021729679778218,0.1015625,0.03307949751615524,0.06463068723678589,0.0434221550822258,mix_UI_ST_0_28,0
-1.2311666011810303,-7.145579002099112e-05,0.109375,0.04112197458744049,0.07861328125,0.04755859449505806,cauldron_ln_29496,0
-1.661211609840393,0.0010258189868181944,0.109375,0.039681557565927505,0.07968749850988388,0.0515485517680645,mix_UI_ST_0_625,0
-2.95461368560791,-0.008544921875,0.0625,0.03578472137451172,0.0625,0.0325520858168602,mix_SI_UT_0_366,0
-2.0019845962524414,0.0027805545832961798,0.078125,0.03463807702064514,0.06562500447034836,0.04642428085207939,mix_UI_ST_0_1187,0
-1.2082222700119019,-0.0033813477493822575,0.09765625,0.04241107776761055,0.072823666036129,0.044031478464603424,cauldron_ln_764,1
-1.8114089965820312,-0.007881673984229565,0.0859375,0.03952816501259804,0.0540364608168602,0.0311104916036129,mix_SI_UT_0_535,0
-1.4388020038604736,0.007313263602554798,0.115234375,0.035887423902750015,0.091796875,0.0589192695915699,mix_UI_ST_0_1315,0
-1.5794333219528198,-0.006173410452902317,0.09375,0.03439202904701233,0.0592447929084301,0.03610026091337204,mix_SI_UT_0_1259,0
-2.101522207260132,0.0022775749675929546,0.140625,0.040845371782779694,0.0789620578289032,0.049624793231487274,cauldron_ln_16275,0
-1.3647679090499878,-0.006591796875,0.041015625,0.028816867619752884,0.041015625,0.0260416679084301,cauldron_ln_16158,1
-1.512289047241211,0.007523536682128906,0.125,0.0386781245470047,0.0745442733168602,0.055908203125,cauldron_ln_9458,0
-1.7181074619293213,0.00463104248046875,0.109375,0.043748024851083755,0.0859375,0.0572916679084301,mix_SI_UT_0_980,0
-0.7318450212478638,-0.004349505063146353,0.078125,0.032499946653842926,0.0543619804084301,0.02570394054055214,cauldron_ln_20571,1
-1.5416555404663086,0.006162445992231369,0.0625,0.027686456218361855,0.0546875,0.0412946455180645,cauldron_ln_7448,1
-1.2510234117507935,-0.00018154046847485006,0.171875,0.04691171273589134,0.1041666716337204,0.0597873255610466,cauldron_ln_13535,0
-1.700909972190857,0.004076408687978983,0.125,0.04516323283314705,0.0989583358168602,0.0626220703125,mix_SI_UT_0_93,0
-1.0665723085403442,-0.0023679991718381643,0.125,0.04205282777547836,0.0930989608168602,0.04296875,mix_UI_ST_0_1282,0
-1.429611325263977,0.0011859969235956669,0.09375,0.04373890534043312,0.0703125,0.0506998710334301,mix_UI_ST_0_1471,0
-1.1292780637741089,-0.005591710563749075,0.0546875,0.03063596785068512,0.0439453125,0.0271403007209301,mix_UI_ST_0_91,0
-1.6203869581222534,-0.004039655439555645,0.1171875,0.04653957486152649,0.09375,0.04949951171875,mix_SI_UT_0_1388,0
-1.7003400325775146,0.0006450946675613523,0.109375,0.040939413011074066,0.0768229216337204,0.047576904296875,mix_UI_ST_0_1368,0
-1.7144160270690918,-0.003996672574430704,0.09375,0.035432443022727966,0.0810546875,0.0421549491584301,mix_UI_ST_0_717,0
-1.3530559539794922,-0.01995849609375,0.109375,0.0530216321349144,0.0654296875,0.02685546875,mix_UI_ST_0_796,0
-1.937082052230835,-0.004445929080247879,0.0625,0.03259270638227463,0.0625,0.034423828125,mix_UI_ST_0_962,0
-1.3661201000213623,0.0042360746301710606,0.21875,0.03577793017029762,0.07656250149011612,0.037212666124105453,mix_SI_UT_0_112,0
-1.3609321117401123,0.0005103217554278672,0.07421875,0.03078705631196499,0.0559895858168602,0.0368923619389534,mix_UI_ST_0_1075,0
-1.9855905771255493,-0.0010172525653615594,0.1328125,0.04898105934262276,0.0869140625,0.05715762823820114,cauldron_ln_7762,1
-2.289048671722412,0.013153077103197575,0.11328125,0.04553763195872307,0.0966796875,0.0705915242433548,cauldron_ln_26041,1
-1.593303918838501,-0.0028228762093931437,0.05859375,0.027678553014993668,0.0498046875,0.0291573666036129,cauldron_ln_8532,0
-1.8843400478363037,0.0004866316739935428,0.078125,0.04031595587730408,0.0677083358168602,0.0498046875,mix_UI_ST_0_539,0
-1.2800819873809814,-0.0042622885666787624,0.1015625,0.039198219776153564,0.0771484375,0.0384114608168602,cauldron_ln_26689,1
-1.1443809270858765,0.0004748176143039018,0.125,0.03665539249777794,0.0748697966337204,0.0411376953125,cauldron_ln_23607,1
-1.447037696838379,-0.0011368936393409967,0.08203125,0.03299708291888237,0.0592447929084301,0.035736083984375,cauldron_ln_19456,0
-1.1302518844604492,-0.0056311567313969135,0.1015625,0.03651172295212746,0.047607421875,0.030983665958046913,cauldron_ln_5036,0
-2.3064000606536865,0.007541232742369175,0.140625,0.049454204738140106,0.109375,0.0716145858168602,mix_UI_ST_0_1495,0
-1.157895803451538,0.0135323666036129,0.0625,0.02271541953086853,0.0625,0.044921875,mix_UI_ST_0_353,0
-1.1610703468322754,-0.0018605198711156845,0.2109375,0.04746950790286064,0.08085937798023224,0.0431082621216774,mix_SI_UT_0_418,0
-1.782376766204834,0.0005520907579921186,0.1015625,0.0325499065220356,0.06201171875,0.036532316356897354,cauldron_ln_4255,0
-1.1652755737304688,0.006578850094228983,0.078125,0.033395618200302124,0.076171875,0.05126953125,mix_SI_UT_0_155,0
-1.374739170074463,0.00390625,0.1484375,0.04521811380982399,0.1484375,0.0595703125,mix_UI_ST_0_1326,0
-1.551300048828125,-0.0009765625,0.1875,0.043752264231443405,0.087890625,0.04716796800494194,mix_UI_ST_0_1150,0
-1.5554900169372559,0.001422810135409236,0.09375,0.031319085508584976,0.0625,0.03988882526755333,mix_UI_ST_0_556,0
-1.3176908493041992,0.0037928991951048374,0.109375,0.0334591418504715,0.0859375,0.0438058041036129,mix_SI_UT_0_396,0
-1.4876707792282104,0.0026189631316810846,0.0625,0.03813823312520981,0.0625,0.04453125223517418,cauldron_ln_23482,1
-1.6625944375991821,0.013468424789607525,0.08203125,0.028852734714746475,0.08203125,0.0611979179084301,cauldron_ln_27394,0
-1.379410743713379,0.008547362871468067,0.09375,0.03156353160738945,0.0732421875,0.0520833358168602,mix_SI_UT_0_1342,0
-1.092710256576538,0.0017763335490599275,0.0703125,0.032309744507074356,0.068359375,0.0366559736430645,mix_UI_ST_0_459,0
-1.8658363819122314,0.0049583800137043,0.15625,0.05131806805729866,0.107421875,0.06992187350988388,cauldron_ln_16371,0
-1.4628617763519287,0.0001912434963742271,0.125,0.03733738511800766,0.078125,0.0460728257894516,mix_UI_ST_0_777,0
-1.4443962574005127,0.009594726376235485,0.06640625,0.031017638742923737,0.064453125,0.0478515625,mix_UI_ST_0_1479,0
-1.98948073387146,-0.0041870116256177425,0.0625,0.02608432248234749,0.041015625,0.02382812462747097,cauldron_ln_24504,0
-1.973243236541748,0.0004874781589023769,0.0859375,0.03457503765821457,0.0627790242433548,0.041015625,cauldron_ln_17882,1
-1.3913625478744507,-0.005627441219985485,0.05078125,0.02683265134692192,0.0458984375,0.024017333984375,mix_UI_ST_0_1170,0
-1.3616766929626465,0.0003363715368323028,0.0625,0.033610545098781586,0.048828125,0.03453480079770088,cauldron_ln_9286,0
-1.2951679229736328,-0.001495361328125,0.0703125,0.039554111659526825,0.0572916679084301,0.0404052734375,cauldron_ln_28254,0
-0.6165735721588135,0.0010431463597342372,0.0546875,0.02868126519024372,0.0501302108168602,0.037841796875,mix_SI_UT_0_887,0
-1.788985013961792,-0.0029737683944404125,0.09375,0.04631192237138748,0.09375,0.060546875,mix_UI_ST_0_246,0
-1.123810052871704,-0.0002122962032444775,0.1328125,0.04024931415915489,0.08984375,0.04921875149011612,mix_SI_UT_0_1312,0
-3.131239175796509,-0.0074637276120483875,0.0673828125,0.045976586639881134,0.06494140625,0.04472656175494194,cauldron_ln_15037,0
-1.4162421226501465,-0.00440738070756197,0.109375,0.033076949417591095,0.05781250074505806,0.0325753353536129,cauldron_ln_20315,1
-1.4735593795776367,0.0033874514047056437,0.109375,0.039653483778238297,0.1015625,0.0538504496216774,cauldron_ln_5630,0
-1.3424832820892334,-0.0024772777687758207,0.140625,0.05389696732163429,0.10703124850988388,0.0621512308716774,cauldron_ln_7871,0
-1.7441234588623047,-0.0024626359809190035,0.1015625,0.040413934737443924,0.08203125,0.05156249925494194,cauldron_ln_19190,0
-2.2512903213500977,0.005818886216729879,0.1015625,0.045469652861356735,0.07773437350988388,0.055781248956918716,cauldron_ln_1542,1
-2.196350574493408,-0.0117652527987957,0.078125,0.04699942469596863,0.0703125,0.04609375074505806,cauldron_ln_26358,0
-2.965628147125244,0.01867675967514515,0.125,0.0525665245950222,0.125,0.09375,mix_SI_UT_0_795,0
-0.9787684679031372,-0.020121855661273003,0.09375,0.07069527357816696,0.0494791679084301,0.024169921875,cauldron_ln_25672,1
-1.1554844379425049,-9.390024388267193e-06,0.0859375,0.031494591385126114,0.06640625,0.041015625,cauldron_ln_18673,1
-1.655718207359314,0.009338379837572575,0.083984375,0.038360532373189926,0.07421875,0.0594308078289032,mix_SI_UT_0_931,0
-1.0961064100265503,-0.01647135429084301,0.0244140625,0.037591978907585144,0.0244140625,0.02083333395421505,cauldron_ln_6488,1
-1.9702646732330322,0.0015426946338266134,0.1328125,0.04349290579557419,0.09765625,0.056396484375,mix_SI_UT_0_1111,0
-1.2646996974945068,-0.015153673477470875,0.0859375,0.05387159436941147,0.0673828125,0.0400390625,cauldron_ln_7356,0
-1.488771915435791,-0.008832823485136032,0.0859375,0.03306123986840248,0.06367187947034836,0.02944711595773697,cauldron_ln_15888,0
-1.2634384632110596,-0.0051257796585559845,0.109375,0.04603203386068344,0.0859375,0.0515950545668602,mix_UI_ST_0_170,0
-1.8220751285552979,-0.010336386039853096,0.140625,0.051159873604774475,0.0989583358168602,0.0516493059694767,mix_SI_UT_0_16,0
-2.53501033782959,-0.009394893422722816,0.0390625,0.030956458300352097,0.03515625,0.0205078125,mix_SI_UT_0_351,0
-1.375905156135559,0.0031607490964233875,0.1015625,0.035772889852523804,0.0807291716337204,0.052001953125,cauldron_ln_20012,1
-1.2374987602233887,-0.004372638184577227,0.078125,0.0357896089553833,0.052734375,0.03253728896379471,mix_UI_ST_0_172,0
-1.4585682153701782,0.002789584221318364,0.09375,0.04291963577270508,0.0712890625,0.05450994521379471,mix_UI_ST_0_1197,0
-1.326040506362915,0.001273777219466865,0.09375,0.02446618117392063,0.0517578125,0.03211558982729912,cauldron_ln_2326,1
-2.1733760833740234,0.0004347897775005549,0.1484375,0.052591472864151,0.0966796875,0.06640625,mix_SI_UT_0_1209,0
-1.4339251518249512,-0.0054466612637043,0.09375,0.04000221937894821,0.0576171875,0.03496093675494194,cauldron_ln_24939,0
-1.7213759422302246,0.009051513858139515,0.171875,0.047948937863111496,0.1106770858168602,0.07037761062383652,cauldron_ln_26810,0
-1.1715753078460693,-0.008650346659123898,0.12109375,0.045559193938970566,0.06591796875,0.03846324607729912,mix_SI_UT_0_952,0
-2.7068276405334473,-0.006964606232941151,0.15625,0.0588519312441349,0.125,0.0638020858168602,cauldron_ln_9805,1
-2.0151047706604004,0.010498046875,0.15625,0.05671554431319237,0.1328125,0.07421875,mix_SI_UT_0_744,0
-1.3324617147445679,0.00867919996380806,0.1171875,0.03485829383134842,0.0911458358168602,0.0551060289144516,mix_UI_ST_0_281,0
-1.3847873210906982,0.009378367103636265,0.1328125,0.04235508665442467,0.1015625,0.0611049123108387,mix_SI_UT_0_987,0
-2.044606924057007,0.003526814980432391,0.14453125,0.053081098943948746,0.1025390625,0.06992188096046448,cauldron_ln_10884,1
-1.2373110055923462,0.0019610861781984568,0.08984375,0.03096884675323963,0.0654296875,0.043412644416093826,mix_SI_UT_0_1446,0
-2.045250177383423,-0.006314791273325682,0.109375,0.041222210973501205,0.0859375,0.0441080741584301,cauldron_ln_757,0
-1.0997066497802734,0.004954802803695202,0.109375,0.03891581669449806,0.0911458358168602,0.0555013008415699,cauldron_ln_21423,0
-1.5271799564361572,-0.004262750968337059,0.09375,0.034594252705574036,0.06689453125,0.030839400365948677,cauldron_ln_5947,1
-1.5449655055999756,0.002642919309437275,0.125,0.03559037297964096,0.0794270858168602,0.04895833507180214,mix_SI_UT_0_276,0
-1.2807868719100952,0.0017479206435382366,0.0546875,0.02652767486870289,0.046875,0.033203125,mix_SI_UT_0_741,0
-1.1181951761245728,-0.0021769206505268812,0.203125,0.04044294357299805,0.068359375,0.03916529566049576,mix_SI_UT_0_279,0
-2.079802989959717,0.01363372802734375,0.140625,0.057184282690286636,0.1145833358168602,0.07568359375,cauldron_ln_25214,1
-1.518038272857666,-0.001477050711400807,0.08984375,0.03507739678025246,0.083984375,0.0431315116584301,cauldron_ln_27087,1
-1.0037542581558228,-0.003275120398029685,0.09765625,0.02895268239080906,0.0517578125,0.024758080020546913,mix_UI_ST_0_617,0
-1.8329625129699707,-0.003039550967514515,0.076171875,0.033388566225767136,0.05078125,0.0379464291036129,cauldron_ln_1685,0
-1.9349422454833984,-0.012573243118822575,0.0234375,0.029082823544740677,0.013671875,0.005259196273982525,mix_SI_UT_0_815,0
-1.5257296562194824,-0.009611430577933788,0.046875,0.03374956175684929,0.046875,0.03515625,mix_UI_ST_0_460,0
-1.6542644500732422,-0.0008803423843346536,0.09375,0.03373374417424202,0.0673828125,0.0399925597012043,mix_UI_ST_0_189,0
-1.4382350444793701,-0.005078124813735485,0.109375,0.03560458496212959,0.07666015625,0.0393880233168602,mix_UI_ST_0_984,0
-1.0905734300613403,0.0010560931405052543,0.13671875,0.03850020840764046,0.0888671875,0.047882080078125,mix_SI_UT_0_1356,0
-0.8432573080062866,-0.0066502890549600124,0.0859375,0.03875229135155678,0.0634765625,0.0257568359375,cauldron_ln_7064,1
-1.547284483909607,-0.005656489636749029,0.109375,0.04429970309138298,0.08203125,0.04571063816547394,mix_SI_UT_0_1139,0
-1.4483628273010254,0.00629425048828125,0.109375,0.04440994933247566,0.0924479216337204,0.06103515625,mix_SI_UT_0_656,0
-2.0232815742492676,0.007855082862079144,0.109375,0.03951473906636238,0.0869140625,0.05898437649011612,cauldron_ln_23851,0
-4.5382080078125,0.018510298803448677,0.08984375,0.03531894087791443,0.08984375,0.076171875,mix_UI_ST_0_920,0
-1.4984331130981445,0.00230047688819468,0.171875,0.037652064114809036,0.07958984375,0.044633347541093826,cauldron_ln_26076,0
-1.4655497074127197,0.0079481340944767,0.07421875,0.02761922776699066,0.07421875,0.0478515625,mix_UI_ST_0_1245,0
-1.5415585041046143,-0.0005307404790073633,0.072265625,0.04614197090268135,0.0712890625,0.05449218675494194,mix_SI_UT_0_84,0
-3.0599303245544434,0.004229145590215921,0.09375,0.04187503457069397,0.0677083358168602,0.0535714328289032,mix_UI_ST_0_386,0
-1.9256430864334106,-0.0028668029699474573,0.125,0.04255879670381546,0.0989583358168602,0.053466796875,cauldron_ln_14904,1
-1.4515044689178467,-0.005387250334024429,0.06640625,0.033701565116643906,0.04765624925494194,0.0338541679084301,cauldron_ln_969,0
-2.98417592048645,0.011891433969140053,0.140625,0.0521051287651062,0.1240234375,0.07949218899011612,cauldron_ln_18805,1
-0.9866037368774414,0.0038305919151753187,0.076171875,0.03097580000758171,0.060791015625,0.0382893905043602,mix_UI_ST_0_813,0
-1.4109621047973633,0.0010778548894450068,0.0703125,0.0299194548279047,0.064453125,0.04026101157069206,cauldron_ln_15182,1
-2.567338705062866,0.007918648421764374,0.140625,0.05272101238369942,0.125,0.08515625447034836,mix_SI_UT_0_654,0
-1.1825989484786987,0.00015106202044989914,0.09765625,0.033927906304597855,0.0595703125,0.0400390625,cauldron_ln_1425,0
-1.3310679197311401,0.002124542836099863,0.1875,0.041402194648981094,0.08984375,0.05078125,mix_SI_UT_0_216,0
-1.146882176399231,0.002984619000926614,0.11328125,0.03161320835351944,0.06796874850988388,0.043701171875,mix_UI_ST_0_1233,0
-1.8564867973327637,-0.0028768687043339014,0.0625,0.039386674761772156,0.05546874925494194,0.037710338830947876,cauldron_ln_9016,1
-1.373797059059143,-0.0053609213791787624,0.05078125,0.03683045879006386,0.05078125,0.03466796875,mix_UI_ST_0_616,0
-1.5628559589385986,0.004685346037149429,0.140625,0.05061382055282593,0.1022135466337204,0.06962316483259201,cauldron_ln_5120,0
-1.826287031173706,-0.006751320790499449,0.1015625,0.035260796546936035,0.052734375,0.03125,cauldron_ln_7553,0
-1.589123249053955,-0.0034853178076446056,0.09375,0.05049939453601837,0.06884765625,0.0458984412252903,cauldron_ln_15808,1
-1.882643699645996,-0.015094625763595104,0.06640625,0.03788318112492561,0.0478515625,0.0218331478536129,cauldron_ln_1648,0
-1.2870903015136719,0.006809779908508062,0.0546875,0.02164495177567005,0.046875,0.03671875223517418,mix_SI_UT_0_270,0
-1.7944451570510864,-0.007640492171049118,0.0625,0.04027993604540825,0.041015625,0.02721058391034603,mix_UI_ST_0_409,0
-2.3314201831817627,-0.00011324595106998459,0.171875,0.043453555554151535,0.08251953125,0.05336914211511612,cauldron_ln_3302,1
-2.7898740768432617,0.00827508233487606,0.109375,0.04652673378586769,0.0963541716337204,0.0659722238779068,mix_SI_UT_0_684,0
-1.4464867115020752,-0.0018518066499382257,0.078125,0.034097351133823395,0.05742187425494194,0.0363362655043602,cauldron_ln_2746,0
-2.0806386470794678,0.003390842117369175,0.09375,0.04208254814147949,0.0849609375,0.05735085532069206,cauldron_ln_2545,0
-1.1016759872436523,0.007672284264117479,0.1015625,0.035707712173461914,0.0807291716337204,0.0549045130610466,cauldron_ln_7803,0
-1.9677302837371826,-0.0045907157473266125,0.109375,0.0480724461376667,0.0753348246216774,0.04790900647640228,cauldron_ln_27734,1
-1.2536280155181885,-0.00011929598986171186,0.125,0.03294360265135765,0.0712890625,0.043545812368392944,mix_SI_UT_0_903,0
-1.5401837825775146,0.0029101562686264515,0.08984375,0.03637899458408356,0.087890625,0.05224609375,cauldron_ln_2904,0
-1.2705674171447754,-0.004638671875,0.078125,0.04380754008889198,0.0611979179084301,0.0401611328125,mix_UI_ST_0_689,0
-0.9612642526626587,-0.003161174478009343,0.09765625,0.032164067029953,0.0569661483168602,0.03134359046816826,mix_UI_ST_0_1367,0
-1.2666678428649902,2.4673785446793772e-05,0.109375,0.03581756353378296,0.070556640625,0.042924363166093826,mix_SI_UT_0_1299,0
-0.9271640777587891,-0.0008990948554128408,0.0859375,0.039968814700841904,0.06796874850988388,0.04897836595773697,cauldron_ln_4503,1
-1.6372095346450806,0.00010551840387051925,0.1640625,0.04223271831870079,0.08945312350988388,0.0508510060608387,mix_SI_UT_0_701,0
-1.9189443588256836,0.0021434719674289227,0.12109375,0.04429939016699791,0.09296875447034836,0.0583147332072258,cauldron_ln_28123,1
-1.768005132675171,-0.0056867096573114395,0.0625,0.031059252098202705,0.0520833358168602,0.02886284701526165,cauldron_ln_24901,0
-1.3048479557037354,7.028291292954236e-05,0.0625,0.03345850110054016,0.0546875,0.04156494140625,mix_SI_UT_0_268,0
-1.2914049625396729,0.0109107606112957,0.109375,0.03550848737359047,0.107421875,0.05878906324505806,mix_SI_UT_0_242,0
-1.2073431015014648,-0.00820159912109375,0.0703125,0.04874291270971298,0.0625,0.04278564453125,cauldron_ln_8464,1
-1.2122187614440918,-0.0011922663543373346,0.171875,0.04076041653752327,0.08544921875,0.042802292853593826,cauldron_ln_16491,0
-1.5121526718139648,0.00039915606612339616,0.109375,0.03503976762294769,0.07958984375,0.04301314055919647,mix_SI_UT_0_121,0
-1.709639310836792,0.009563627652823925,0.109375,0.03784668818116188,0.091796875,0.06025390699505806,cauldron_ln_7970,1
-1.4848885536193848,-0.003754197619855404,0.109375,0.034934449940919876,0.05781250074505806,0.0363420769572258,mix_SI_UT_0_806,0
-1.1623749732971191,-0.0028483073692768812,0.0498046875,0.027445927262306213,0.04833984375,0.02888997457921505,mix_UI_ST_0_405,0
-1.0303763151168823,-0.00793574471026659,0.0546875,0.036833375692367554,0.04453125223517418,0.027118390426039696,cauldron_ln_8544,0
-1.8398247957229614,0.003595812479034066,0.140625,0.0351373553276062,0.099609375,0.0474330373108387,cauldron_ln_22565,0
-1.6972306966781616,0.006135697476565838,0.1875,0.045590486377477646,0.09882812947034836,0.06039663776755333,mix_SI_UT_0_1004,0
-0.8656808733940125,-0.003353803651407361,0.046875,0.02097514271736145,0.0390625,0.01848687045276165,cauldron_ln_24328,1
-1.9720615148544312,-0.0074829100631177425,0.0703125,0.03768907114863396,0.05859375,0.03798828274011612,mix_SI_UT_0_180,0
-1.496410846710205,0.006245204713195562,0.125,0.03144342079758644,0.07109375298023224,0.0455496683716774,mix_SI_UT_0_1265,0
-1.4663572311401367,0.0071125030517578125,0.09375,0.02754019759595394,0.064453125,0.0410970076918602,cauldron_ln_26967,1
-1.4204835891723633,-0.0072021484375,0.046875,0.036896660923957825,0.0419921875,0.02750650979578495,mix_SI_UT_0_676,0
-1.6014328002929688,0.0050048828125,0.1015625,0.040603384375572205,0.1015625,0.06103515625,mix_SI_UT_0_943,0
-1.6083829402923584,-0.001598216826096177,0.109375,0.03706314042210579,0.07265625149011612,0.043475814163684845,cauldron_ln_6482,1
-1.3228294849395752,-0.0024728775024414062,0.046875,0.025209104642271996,0.0364583358168602,0.02325439453125,mix_UI_ST_0_176,0
-1.0032896995544434,-0.007455679588019848,0.046875,0.03617819771170616,0.046875,0.02734375,cauldron_ln_21665,0
-1.2515767812728882,0.002409435575827956,0.09765625,0.0349406972527504,0.0699869841337204,0.04189453274011612,cauldron_ln_3590,0
-1.7459831237792969,0.0040795463137328625,0.1015625,0.031276337802410126,0.078125,0.0419573113322258,cauldron_ln_16509,0
-1.6620420217514038,0.006637744605541229,0.1796875,0.04789811000227928,0.1044921875,0.07057883590459824,cauldron_ln_842,1
-1.2700724601745605,0.002062988467514515,0.15234375,0.046687908470630646,0.0983072966337204,0.05683594197034836,cauldron_ln_10151,0
-1.3323410749435425,0.002360752783715725,0.1171875,0.035463832318782806,0.080078125,0.0431082621216774,mix_SI_UT_0_756,0
-1.7509448528289795,-0.01181341614574194,0.046875,0.03795434162020683,0.044921875,0.02974446676671505,mix_SI_UT_0_549,0
-1.854001522064209,0.00032552084303461015,0.099609375,0.04012983664870262,0.099609375,0.0540364608168602,mix_SI_UT_0_195,0
-1.5316822528839111,0.001185640343464911,0.171875,0.038137566298246384,0.083984375,0.04700816795229912,mix_SI_UT_0_834,0
-1.7115521430969238,0.007877744734287262,0.0703125,0.029706981033086777,0.0703125,0.0484095998108387,mix_UI_ST_0_270,0
-1.2813936471939087,-0.0057508680038154125,0.041015625,0.031297072768211365,0.0364583358168602,0.02311197854578495,mix_UI_ST_0_593,0
-1.3453917503356934,-0.002709213411435485,0.125,0.039516229182481766,0.0791015625,0.044189453125,mix_SI_UT_0_653,0
-1.3346505165100098,-0.0185546875,0.02734375,0.043349917978048325,0.02734375,0.0162760429084301,cauldron_ln_2957,1
-2.677177667617798,0.0030975341796875,0.046875,0.03224074840545654,0.046875,0.03564453125,cauldron_ln_6409,1
-1.3183043003082275,-0.009250640869140625,0.078125,0.03552430495619774,0.0520833358168602,0.0294189453125,cauldron_ln_7181,0
-2.526125431060791,-0.017384404316544533,0.0625,0.056302912533283234,0.05859375,0.04921875149011612,mix_UI_ST_0_268,0
-1.8742585182189941,0.013096021488308907,0.1328125,0.043701618909835815,0.111328125,0.07656250149011612,mix_SI_UT_0_1389,0
-2.346937417984009,-0.008567117154598236,0.07421875,0.055556606501340866,0.07421875,0.044921875,mix_SI_UT_0_40,0
-1.9831165075302124,-0.015362080186605453,0.0546875,0.03821897506713867,0.048828125,0.0349934920668602,cauldron_ln_3890,1
-1.1134686470031738,-0.0030025907326489687,0.0859375,0.028875408694148064,0.0579427108168602,0.0284288190305233,cauldron_ln_27457,1
-1.80134916305542,-0.00458095408976078,0.140625,0.04797926917672157,0.080078125,0.05193537101149559,mix_SI_UT_0_1226,0
-1.7439957857131958,0.00031594670144841075,0.078125,0.031761251389980316,0.078125,0.041259765625,mix_UI_ST_0_916,0
-1.4376369714736938,0.0008046139846555889,0.15625,0.045255035161972046,0.0941840261220932,0.05345618352293968,cauldron_ln_9378,1
-3.139275312423706,0.007102272938936949,0.078125,0.04551471024751663,0.078125,0.05859375,mix_SI_UT_0_310,0
-2.1777119636535645,-0.006342107895761728,0.0625,0.041522249579429626,0.0572916679084301,0.03857421875,mix_UI_ST_0_632,0
-1.869133472442627,0.002730998443439603,0.08984375,0.04008670523762703,0.07568359375,0.055575285106897354,mix_SI_UT_0_1387,0
-1.9352319240570068,0.006414479110389948,0.125,0.04762245714664459,0.1015625,0.0658482164144516,mix_SI_UT_0_459,0
-2.2964115142822266,-0.0023700916208326817,0.140625,0.04607813060283661,0.0746527761220932,0.048191238194704056,cauldron_ln_25714,1
-1.222717523574829,-0.0060382080264389515,0.1171875,0.03967386484146118,0.056640625,0.0358072929084301,cauldron_ln_23380,1
-1.4733340740203857,0.00017755682347342372,0.0859375,0.035175152122974396,0.0703125,0.04726562649011612,mix_UI_ST_0_343,0
-1.4682955741882324,0.00766754150390625,0.0703125,0.02762496843934059,0.0651041716337204,0.0428466796875,cauldron_ln_26104,1
-1.3272895812988281,0.0029568143654614687,0.0546875,0.03155115246772766,0.0533854179084301,0.04296875,cauldron_ln_9435,1
-2.164698600769043,-0.0034281413536518812,0.09375,0.039721738547086716,0.0638020858168602,0.04443359375,mix_SI_UT_0_1142,0
-1.648131251335144,-0.002928161760792136,0.109375,0.041258346289396286,0.068603515625,0.04035644605755806,cauldron_ln_10289,0
-1.5610504150390625,-0.008024795912206173,0.0625,0.03402741998434067,0.04150390625,0.02695312537252903,mix_UI_ST_0_271,0
-2.1254918575286865,-0.004947060253471136,0.0625,0.02923686057329178,0.0520833358168602,0.0317925363779068,mix_SI_UT_0_901,0
-1.628849744796753,-0.008471320383250713,0.08203125,0.0388098880648613,0.0569661483168602,0.0360107421875,cauldron_ln_5776,0
-1.4531114101409912,-0.0030449761543422937,0.1015625,0.04284186288714409,0.08203125,0.04529747739434242,cauldron_ln_23826,0
-1.4801337718963623,0.0003098708111792803,0.125,0.034334391355514526,0.0823567733168602,0.0423177070915699,cauldron_ln_11493,1
-3.1461033821105957,-0.02082519605755806,0.0546875,0.05086773261427879,0.04296875,0.02890625037252903,cauldron_ln_9713,0
-1.14402174949646,0.002960205078125,0.15625,0.039012569934129715,0.0810546875,0.0451507568359375,mix_SI_UT_0_232,0
-1.526953935623169,0.013653095811605453,0.09375,0.03935958445072174,0.0859375,0.0709635466337204,mix_UI_ST_0_1181,0
-1.8712072372436523,0.007705688942223787,0.140625,0.046377263963222504,0.125,0.0687779039144516,cauldron_ln_12837,0
-1.5884244441986084,0.0030499084386974573,0.15625,0.04519457742571831,0.0983072966337204,0.0631103515625,mix_UI_ST_0_804,0
-1.655342936515808,-0.0034077963791787624,0.109375,0.0368829071521759,0.05898437649011612,0.0384114608168602,cauldron_ln_8238,1
-1.248442530632019,-0.00035212590591982007,0.125,0.041995108127593994,0.1015625,0.0511610247194767,mix_SI_UT_0_956,0
-1.5413035154342651,0.00853620283305645,0.16015625,0.03965399041771889,0.115234375,0.0591517873108387,mix_SI_UT_0_412,0
-1.0847716331481934,0.00691179558634758,0.125,0.028711140155792236,0.0770089328289032,0.04469209536910057,mix_SI_UT_0_616,0
-1.3894033432006836,-0.00517013855278492,0.080078125,0.04101984202861786,0.056640625,0.042743392288684845,mix_UI_ST_0_1024,0
-1.3327255249023438,0.022310199216008186,0.21875,0.05455448850989342,0.15625,0.094482421875,cauldron_ln_28460,1
-1.3825559616088867,-0.0051416014321148396,0.109375,0.045654669404029846,0.06953125447034836,0.0432942733168602,cauldron_ln_13730,0
-2.370621681213379,-0.002244518604129553,0.109375,0.03758259490132332,0.0703125,0.0472005233168602,cauldron_ln_27858,1
-1.742591381072998,0.008358604274690151,0.1015625,0.03790336102247238,0.1015625,0.068359375,mix_SI_UT_0_811,0
-1.7066956758499146,0.0013254649238660932,0.15625,0.04064047336578369,0.0904947966337204,0.05072021484375,cauldron_ln_4097,0
-2.0063486099243164,0.006240533199161291,0.1328125,0.04837209731340408,0.103515625,0.068359375,mix_SI_UT_0_359,0
-1.1536929607391357,-0.0004898874321952462,0.048828125,0.026868334040045738,0.044921875,0.0332573801279068,cauldron_ln_18740,0
-1.5372419357299805,0.0060289171524345875,0.0625,0.030544288456439972,0.05312500149011612,0.042405351996421814,mix_SI_UT_0_1173,0
-1.5162311792373657,-0.0025890350807458162,0.1171875,0.03904086723923683,0.069580078125,0.0439453125,mix_UI_ST_0_391,0
-1.248453140258789,-0.0017956148367375135,0.09375,0.03665541112422943,0.07421875,0.0477120541036129,mix_SI_UT_0_1076,0
-1.634169101715088,-0.005262725055217743,0.1171875,0.049521446228027344,0.10595703125,0.049896240234375,cauldron_ln_24444,1
-1.303360939025879,0.0013760238653048873,0.12890625,0.03410611301660538,0.0745442733168602,0.040924072265625,cauldron_ln_6145,0
-1.3980433940887451,-0.002943594241514802,0.08984375,0.03399749472737312,0.0552455373108387,0.035413239151239395,cauldron_ln_28880,1
-1.666792869567871,-0.010546875186264515,0.11328125,0.03851848840713501,0.046142578125,0.02113037183880806,mix_UI_ST_0_1202,0
-1.8371058702468872,-0.0018908441998064518,0.125,0.04896140843629837,0.1015625,0.0506184920668602,cauldron_ln_7598,0
-1.312839388847351,-0.010614304803311825,0.109375,0.04114241153001785,0.0703125,0.03012695349752903,cauldron_ln_17920,1
-2.748314380645752,0.0007902446668595076,0.0625,0.03732309490442276,0.0572916679084301,0.0438368059694767,mix_SI_UT_0_890,0
-2.329279899597168,0.0051276711747050285,0.15625,0.04741858318448067,0.10693359375,0.0692894384264946,mix_UI_ST_0_1049,0
-2.09083890914917,0.0067342123948037624,0.0859375,0.0385051853954792,0.078125,0.0560825914144516,mix_SI_UT_0_552,0
-3.310253620147705,0.0054779052734375,0.09375,0.03976549953222275,0.09375,0.05859375,cauldron_ln_22502,0
-1.2697172164916992,-0.016512785106897354,0.0625,0.06144024059176445,0.0546875,0.03759765625,cauldron_ln_20304,0
-1.400452971458435,0.005329132080078125,0.09375,0.030976274982094765,0.0755208358168602,0.0465087890625,cauldron_ln_22599,0
-1.2884092330932617,-0.0003841624711640179,0.07421875,0.03755287453532219,0.05781250074505806,0.0432942733168602,cauldron_ln_10614,1
-1.455893874168396,0.004228307865560055,0.1015625,0.039740510284900665,0.080078125,0.052734375,cauldron_ln_8187,0
-1.2565586566925049,0.0011052312329411507,0.08203125,0.03942451253533363,0.0598958358168602,0.037109375,mix_UI_ST_0_16,0
-1.03914213180542,-0.004181690979748964,0.109375,0.051922719925642014,0.080078125,0.0498046875,cauldron_ln_5679,0
-2.0542964935302734,-0.00720606092363596,0.0546875,0.029447773471474648,0.046875,0.02631293423473835,mix_SI_UT_0_780,0
-1.822723388671875,-0.0006988525274209678,0.07421875,0.03216906636953354,0.0615234375,0.03789062425494194,mix_SI_UT_0_796,0
-1.586254358291626,0.005344044417142868,0.109375,0.04372739791870117,0.0869140625,0.05841619521379471,cauldron_ln_28677,1
-2.1168181896209717,-0.0015820312546566129,0.08984375,0.04535089433193207,0.076171875,0.0517578125,mix_UI_ST_0_855,0
-1.435835838317871,-0.005328178405761719,0.140625,0.04514716938138008,0.0904947966337204,0.04205322265625,cauldron_ln_20642,1
-1.4174754619598389,0.00482316454872489,0.109375,0.036853302270174026,0.08203125,0.05335582420229912,cauldron_ln_3792,0
-1.8119754791259766,-0.005457560531795025,0.1328125,0.046851370483636856,0.0794270858168602,0.0479532890021801,cauldron_ln_10762,0
-2.0891129970550537,-0.006735312286764383,0.1640625,0.05222290754318237,0.0963541716337204,0.0432942695915699,mix_UI_ST_0_1412,0
-1.6564905643463135,-0.0080097746104002,0.0546875,0.031134776771068573,0.0498046875,0.02699497900903225,mix_UI_ST_0_573,0
-1.2507761716842651,0.0049769082106649876,0.140625,0.042616307735443115,0.09765625,0.0538194440305233,mix_SI_UT_0_462,0
-1.8935916423797607,-0.0072265625931322575,0.0625,0.039673030376434326,0.0537109375,0.035888671875,cauldron_ln_11364,1
-1.382362961769104,-0.010348728857934475,0.06640625,0.0441683866083622,0.05078125,0.0269252248108387,cauldron_ln_29563,1
-1.3583623170852661,-0.002844238420948386,0.09375,0.03579746186733246,0.05859375,0.0403878353536129,cauldron_ln_19333,0
-1.2247432470321655,0.004763794131577015,0.1640625,0.039797037839889526,0.0853794664144516,0.056295957416296005,cauldron_ln_24571,0
-0.9543768763542175,0.006268536671996117,0.09375,0.030707838013768196,0.08984375,0.0467122420668602,cauldron_ln_114,1
-1.6967692375183105,-0.0035664327442646027,0.1875,0.04922770708799362,0.111328125,0.0555013008415699,cauldron_ln_20150,1
-1.7609388828277588,0.005765668116509914,0.1171875,0.037235599011182785,0.0810546875,0.0525483638048172,cauldron_ln_938,1
-1.2556827068328857,0.0110321044921875,0.078125,0.024681029841303825,0.078125,0.04296875,cauldron_ln_3042,0
-1.4978930950164795,-0.0066655478440225124,0.0625,0.040828462690114975,0.0546875,0.0348307304084301,mix_UI_ST_0_1249,0
-1.7237789630889893,0.0025955592282116413,0.171875,0.04097798094153404,0.0965401828289032,0.05669202283024788,cauldron_ln_9357,1
-2.0264527797698975,0.0015328828012570739,0.15625,0.04294456169009209,0.080078125,0.05742187798023224,cauldron_ln_26912,0
-1.4662010669708252,0.006924716290086508,0.0546875,0.0417797714471817,0.0546875,0.05078125,mix_UI_ST_0_1203,0
-0.9456472992897034,-0.006572522688657045,0.056640625,0.03368525579571724,0.0462239608168602,0.02864583395421505,cauldron_ln_10559,1
-1.6408063173294067,0.004694690462201834,0.1796875,0.039941105991601944,0.0831473246216774,0.0524088554084301,mix_SI_UT_0_147,0
-1.5840743780136108,-0.01242501474916935,0.09375,0.04217600077390671,0.0693359375,0.0354352705180645,mix_UI_ST_0_23,0
-1.7381434440612793,-0.002099609235301614,0.08203125,0.04060395061969757,0.07187499850988388,0.0491536483168602,cauldron_ln_2357,0
-1.143782615661621,-0.009905497543513775,0.041015625,0.030192870646715164,0.0302734375,0.016845703125,cauldron_ln_9712,1
-2.1291587352752686,0.0018028846243396401,0.1015625,0.04318389296531677,0.08203125,0.056396484375,mix_SI_UT_0_6,0
-2.3597140312194824,0.001262555830180645,0.1015625,0.051762163639068604,0.0787760466337204,0.053466796875,cauldron_ln_514,1
-0.9384949207305908,0.0026999081019312143,0.0703125,0.027559852227568626,0.0703125,0.03955078125,cauldron_ln_18379,1
-1.0597662925720215,0.0041137696243822575,0.140625,0.04122607037425041,0.0950520858168602,0.0563616082072258,cauldron_ln_12359,0
-4.591368675231934,-3.662109520519152e-05,0.109375,0.059082578867673874,0.1015625,0.05546874925494194,mix_UI_ST_0_39,0
-1.6107347011566162,0.007282125297933817,0.07421875,0.03369121998548508,0.06640625,0.0530133955180645,mix_SI_UT_0_763,0
-2.153487205505371,-0.009126209653913975,0.03125,0.03189288452267647,0.029296875,0.02187499962747097,cauldron_ln_1419,0
-1.0155107975006104,0.00704229436814785,0.125,0.03350787237286568,0.0673828125,0.04824218899011612,mix_SI_UT_0_937,0
-1.2620019912719727,-0.006962216924875975,0.08984375,0.03603231906890869,0.076171875,0.0336216539144516,cauldron_ln_7158,1
-1.151587724685669,0.011132377199828625,0.1015625,0.03489046171307564,0.083984375,0.0570591539144516,mix_SI_UT_0_569,0
-1.9697269201278687,-0.001757812569849193,0.0703125,0.04270398989319801,0.06103515625,0.046875,mix_SI_UT_0_717,0
-1.816620111465454,0.004934003110975027,0.1171875,0.0411531925201416,0.0891927108168602,0.05608724430203438,cauldron_ln_28411,1
-0.9135102033615112,-0.0072875977493822575,0.0703125,0.029145101085305214,0.04931640625,0.02797851525247097,mix_SI_UT_0_877,0
-1.5235309600830078,-0.006737342569977045,0.15625,0.0543970949947834,0.095703125,0.0455729179084301,cauldron_ln_14823,0
-1.3722842931747437,-0.00146484375,0.041015625,0.025437533855438232,0.041015625,0.033203125,cauldron_ln_14510,0
-1.9051895141601562,-1.6009220416890457e-05,0.109375,0.04068579524755478,0.0716145858168602,0.0465494804084301,cauldron_ln_574,1
-1.8850594758987427,-0.01740180142223835,0.099609375,0.04321819916367531,0.0576171875,0.0233561210334301,mix_SI_UT_0_1495,0
-1.3665008544921875,-0.00040121638448908925,0.140625,0.03528018295764923,0.07181490957736969,0.04322725161910057,cauldron_ln_29993,0
-1.0350627899169922,-0.005713421385735273,0.0625,0.03153074160218239,0.0472005233168602,0.028248505666851997,cauldron_ln_23890,0
-1.1596696376800537,0.0008538140682503581,0.140625,0.03855125233530998,0.078125,0.04607599601149559,mix_UI_ST_0_812,0
-3.0356814861297607,0.009685315191745758,0.1640625,0.047207675874233246,0.1223958358168602,0.0642361119389534,mix_SI_UT_0_657,0
-1.4593528509140015,-0.002197265625,0.08984375,0.03601973131299019,0.0673828125,0.04310191795229912,cauldron_ln_26114,1
-1.3766944408416748,0.005351475439965725,0.140625,0.04851340875029564,0.12890625,0.0657087117433548,mix_SI_UT_0_551,0
-2.110222578048706,0.00861973874270916,0.09375,0.04504716023802757,0.0885416716337204,0.0750558078289032,cauldron_ln_6472,0
-1.3146425485610962,-0.000547597068361938,0.125,0.03830723837018013,0.0753348246216774,0.04693244397640228,cauldron_ln_26389,1
-1.3649964332580566,0.0010210120817646384,0.109375,0.04694685712456703,0.0796440988779068,0.048276156187057495,cauldron_ln_28320,1
-0.8149771690368652,-0.004973715636879206,0.109375,0.03672068938612938,0.06103515625,0.031283292919397354,cauldron_ln_11886,1
-1.5849260091781616,-0.006902155000716448,0.068359375,0.03595178201794624,0.048828125,0.03402944654226303,cauldron_ln_23920,0
-2.132113218307495,-0.004287451971322298,0.1015625,0.03783322498202324,0.06953125447034836,0.0410853810608387,mix_UI_ST_0_345,0
-2.4065732955932617,-0.006622849963605404,0.09375,0.04903796687722206,0.08046875149011612,0.0535714328289032,cauldron_ln_24021,0
-1.6334164142608643,0.00849042646586895,0.140625,0.04890478402376175,0.1015625,0.0686383992433548,cauldron_ln_9923,0
-2.398406982421875,-0.021418645977973938,0.0244140625,0.03676648065447807,0.02001953125,0.013834635727107525,mix_UI_ST_0_133,0
-1.9907517433166504,0.0017185211181640625,0.109375,0.0413268618285656,0.109375,0.04833984375,cauldron_ln_21363,1
-1.2391177415847778,0.0015629359986633062,0.1484375,0.034778349101543427,0.06679687649011612,0.03857421875,mix_SI_UT_0_245,0
-1.4398913383483887,0.000928155321162194,0.09765625,0.0316762775182724,0.06796874850988388,0.0425502248108387,cauldron_ln_2572,0
-1.3996951580047607,0.004101685713976622,0.14453125,0.04011468589305878,0.0798611119389534,0.0505778007209301,mix_UI_ST_0_521,0
-1.7661211490631104,0.0175432488322258,0.1640625,0.046850256621837616,0.14453125,0.0823102742433548,cauldron_ln_15105,0
-0.8598713874816895,0.0026867841370403767,0.109375,0.034076567739248276,0.068917416036129,0.0478515625,mix_UI_ST_0_142,0
-2.080697536468506,0.005704013165086508,0.1015625,0.04289158433675766,0.091796875,0.057528410106897354,mix_UI_ST_0_1355,0
-1.388588786125183,-0.0004611545300576836,0.1171875,0.04615897312760353,0.0833333358168602,0.05253906548023224,mix_UI_ST_0_816,0
-1.227440357208252,-0.0017765590455383062,0.10546875,0.041067302227020264,0.08203125,0.0484444759786129,cauldron_ln_13933,0
-1.579412817955017,0.0011218843283131719,0.09375,0.04100446403026581,0.0703125,0.04843750223517418,mix_UI_ST_0_943,0
-1.1317880153656006,0.011000029742717743,0.3046875,0.05664043501019478,0.1396484375,0.071044921875,cauldron_ln_12384,0
-2.4042773246765137,0.0051348283886909485,0.125,0.03944230079650879,0.09375,0.0546875037252903,mix_UI_ST_0_100,0
-0.8687584400177002,0.0058608283288776875,0.1640625,0.04736466705799103,0.11328125,0.06191406399011612,cauldron_ln_8204,1
-2.421700954437256,0.006076388992369175,0.15625,0.03864459693431854,0.12109375,0.0537109375,mix_SI_UT_0_561,0
-1.1107897758483887,0.006037785671651363,0.1875,0.04026041179895401,0.08320312947034836,0.05243389680981636,mix_UI_ST_0_762,0
-1.5740771293640137,-0.001594418310560286,0.1328125,0.046409133821725845,0.0817057341337204,0.0537109412252903,mix_UI_ST_0_1008,0
-1.538489580154419,0.0024157073348760605,0.0859375,0.04106225445866585,0.0859375,0.052734375,cauldron_ln_3204,1
-1.7741727828979492,-0.001121119479648769,0.125,0.033650953322649,0.0813802108168602,0.0336100272834301,cauldron_ln_28063,1
-1.333770513534546,-0.0018136161379516125,0.04296875,0.022579370066523552,0.04296875,0.0289713554084301,mix_SI_UT_0_332,0
-1.4065971374511719,-0.0024224938824772835,0.109375,0.03229455277323723,0.0625,0.04029756411910057,cauldron_ln_14969,1
-1.6829978227615356,0.0010391626274213195,0.08203125,0.035900067538022995,0.0729166716337204,0.052734375,cauldron_ln_8463,1
-1.0143249034881592,-0.005933357402682304,0.046875,0.03049243614077568,0.0423177108168602,0.02685546875,mix_UI_ST_0_654,0
-1.1660048961639404,-0.002917059464380145,0.09375,0.042094647884368896,0.076171875,0.0394810289144516,cauldron_ln_27726,1
-2.140511989593506,-0.002135607646778226,0.15625,0.04957965761423111,0.095703125,0.0592447929084301,mix_SI_UT_0_75,0
-1.348265290260315,-0.0064962636679410934,0.0390625,0.030971389263868332,0.03125,0.02138671837747097,cauldron_ln_14873,1
-1.4227418899536133,0.010051269084215164,0.0625,0.022494902834296227,0.05859375,0.0452473983168602,mix_SI_UT_0_1448,0
-2.3173141479492188,0.005334188695997,0.09375,0.03699098527431488,0.0810546875,0.05258789286017418,mix_SI_UT_0_18,0
-1.629968523979187,0.004234067630022764,0.1640625,0.04986629635095596,0.1106770858168602,0.06875000149011612,mix_UI_ST_0_693,0
-1.5138018131256104,-0.012359619140625,0.09375,0.0423089973628521,0.060546875,0.03551136329770088,cauldron_ln_22124,0
-1.7179279327392578,0.0005645751953125,0.1640625,0.050737060606479645,0.1015625,0.062744140625,mix_SI_UT_0_1358,0
-1.4031957387924194,0.008637671358883381,0.109375,0.03449687361717224,0.09296875447034836,0.0536295585334301,cauldron_ln_9860,0
-2.601792812347412,-0.00017507452866993845,0.125,0.05935696139931679,0.1145833358168602,0.0802951380610466,cauldron_ln_10570,1
-1.225370168685913,0.005774864926934242,0.15625,0.03656083717942238,0.0944010466337204,0.0499131940305233,mix_SI_UT_0_799,0
-2.267228364944458,0.0017975837690755725,0.1015625,0.04967181757092476,0.0859375,0.0647321492433548,cauldron_ln_8554,1
-1.9011950492858887,0.0012778423260897398,0.14453125,0.04223909601569176,0.0908203125,0.05539773032069206,cauldron_ln_5875,1
-1.7324528694152832,-0.014273250475525856,0.046875,0.03340211138129234,0.03515625,0.01990509033203125,cauldron_ln_19085,0
-2.552769184112549,-0.0019395616836845875,0.03125,0.025418568402528763,0.03125,0.01953125,cauldron_ln_26925,0
-1.400069236755371,0.004527699202299118,0.0625,0.03158775344491005,0.0625,0.0546875,cauldron_ln_23087,0
-1.079822301864624,0.0075644212774932384,0.109375,0.03470122814178467,0.0807291716337204,0.0559430830180645,cauldron_ln_7755,1
-1.2082674503326416,0.0016951651778072119,0.09765625,0.037673451006412506,0.08046875149011612,0.04725060239434242,cauldron_ln_2084,0
-1.2955973148345947,0.005453256890177727,0.1015625,0.034647438675165176,0.0703125,0.04927884787321091,cauldron_ln_26171,1
-2.1633589267730713,-0.0023018973879516125,0.0625,0.026090463623404503,0.046875,0.03017578087747097,mix_UI_ST_0_1285,0
-1.4475734233856201,0.0024874939117580652,0.0703125,0.03553040325641632,0.06640625,0.0472005233168602,mix_UI_ST_0_366,0
-1.3889219760894775,-0.0019354926189407706,0.09375,0.03188086301088333,0.06396484375,0.037020597606897354,cauldron_ln_676,1
-1.2358462810516357,-0.0017787388060241938,0.109375,0.04842708632349968,0.0944010466337204,0.0516357421875,mix_UI_ST_0_186,0
-1.4294337034225464,-0.0016520182834938169,0.140625,0.04077408090233803,0.08642578125,0.039506394416093826,cauldron_ln_18636,0
-1.709284782409668,-0.003546948777511716,0.0859375,0.0339546799659729,0.05781250074505806,0.03988882526755333,mix_SI_UT_0_451,0
-1.3168187141418457,-0.003262688172981143,0.06640625,0.03616243973374367,0.0498046875,0.035070084035396576,mix_SI_UT_0_420,0
-0.9551399350166321,-0.005319994408637285,0.046875,0.025921931490302086,0.035400390625,0.02013549767434597,cauldron_ln_26993,0
-1.1282813549041748,-3.1389510695589706e-05,0.078125,0.03645322471857071,0.0690104216337204,0.046142578125,cauldron_ln_22236,1
-1.6251344680786133,-0.002366588916629553,0.1015625,0.03526560589671135,0.0696614608168602,0.04238281399011612,cauldron_ln_7120,0
-0.8459752798080444,0.005788663402199745,0.1015625,0.036867063492536545,0.0810546875,0.05390625074505806,cauldron_ln_5351,0
-1.7537791728973389,-0.00917561911046505,0.046875,0.03626406192779541,0.0403645858168602,0.0280412957072258,mix_SI_UT_0_1245,0
-1.132638931274414,0.002054366050288081,0.078125,0.02900390513241291,0.0572916679084301,0.03701172024011612,cauldron_ln_24046,0
-1.5354573726654053,-0.010762532241642475,0.0625,0.039084307849407196,0.044921875,0.02962239645421505,mix_SI_UT_0_387,0
-2.0302960872650146,0.003738794708624482,0.10546875,0.040267251431941986,0.08984375,0.0555555559694767,mix_UI_ST_0_1384,0
-1.938401222229004,0.011303051374852657,0.1875,0.04926178231835365,0.1145833358168602,0.0785590261220932,cauldron_ln_29237,0
-1.8662147521972656,-0.010185482911765575,0.1015625,0.04265223443508148,0.0567491315305233,0.03221594914793968,mix_UI_ST_0_193,0
-1.6392369270324707,0.0019556682091206312,0.1015625,0.04472553730010986,0.091796875,0.0543619804084301,mix_SI_UT_0_1048,0
-1.0556011199951172,0.0038504251278936863,0.078125,0.02630879171192646,0.0538330078125,0.03676757961511612,cauldron_ln_7049,1
-1.650063395500183,-0.0031348695047199726,0.0859375,0.031418055295944214,0.06640625,0.033425070345401764,mix_SI_UT_0_125,0
-2.60382080078125,0.006705042440444231,0.125,0.04743138328194618,0.103271484375,0.07109375298023224,cauldron_ln_18843,1
-2.030019998550415,-0.01110026054084301,0.03125,0.03822217136621475,0.03125,0.0299479179084301,cauldron_ln_1834,0
-1.609711766242981,-0.0023030599113553762,0.0625,0.03585205599665642,0.0537109375,0.03666548430919647,mix_SI_UT_0_936,0
-0.91707444190979,-0.01297660544514656,0.03515625,0.029904920607805252,0.023681640625,0.012231445871293545,cauldron_ln_17565,0
-1.771913766860962,-0.0019670906476676464,0.09375,0.03248214349150658,0.05781250074505806,0.0350516214966774,mix_SI_UT_0_715,0
-0.9031865000724792,0.010187542997300625,0.109375,0.030941259115934372,0.0875651091337204,0.05384114757180214,mix_UI_ST_0_309,0
-1.701991319656372,0.0033015760127454996,0.109375,0.039143096655607224,0.07763671875,0.0527808777987957,cauldron_ln_27848,0
-1.9245967864990234,-0.007296580355614424,0.078125,0.032691314816474915,0.04726562649011612,0.028827374801039696,mix_SI_UT_0_1122,0
-1.9628640413284302,0.0166015625,0.078125,0.04356587678194046,0.078125,0.0625,mix_SI_UT_0_1129,0
-2.553154230117798,-0.01339999120682478,0.078125,0.05599651485681534,0.0709635466337204,0.055419921875,cauldron_ln_3630,0
-0.8754597902297974,-0.0030684038065373898,0.078125,0.026956260204315186,0.04541015625,0.024058949202299118,cauldron_ln_4075,0
-1.4583183526992798,-0.010035197250545025,0.09765625,0.06225552409887314,0.076171875,0.0380859375,cauldron_ln_22389,1
-2.224231719970703,-0.004200122784823179,0.09375,0.03473750129342079,0.0703125,0.0403645858168602,mix_UI_ST_0_1291,0
-2.128838062286377,-0.010660807602107525,0.078125,0.045265309512615204,0.078125,0.038818359375,mix_UI_ST_0_1179,0
-1.9674575328826904,0.006610107608139515,0.07421875,0.03950106352567673,0.068359375,0.05117187649011612,mix_SI_UT_0_1224,0
-1.2969675064086914,-0.00212030834518373,0.1015625,0.04741061106324196,0.078125,0.050736863166093826,cauldron_ln_26740,0
-0.949356198310852,-0.0015691444277763367,0.125,0.04113787040114403,0.076729916036129,0.041683800518512726,cauldron_ln_4261,0
-2.163818120956421,-0.0032869225833564997,0.0625,0.03798650950193405,0.0625,0.0419921875,mix_SI_UT_0_394,0
-1.3139686584472656,0.002338518388569355,0.0859375,0.038133636116981506,0.0794270858168602,0.055908203125,mix_SI_UT_0_519,0
-1.4992210865020752,0.0016373998951166868,0.125,0.04197488725185394,0.07421875,0.05217285081744194,mix_SI_UT_0_148,0
-1.5252118110656738,-0.0021275111939758062,0.0625,0.03360152617096901,0.0625,0.02734375,cauldron_ln_1081,0
-1.2753660678863525,-0.014889187179505825,0.0625,0.060283467173576355,0.05859375,0.0336371548473835,cauldron_ln_403,1
-1.6026614904403687,-0.010773910209536552,0.1875,0.04106902331113815,0.0647321492433548,0.03143310546875,mix_SI_UT_0_390,0
-0.6333330273628235,0.005215599667280912,0.078125,0.023254606872797012,0.0703125,0.03369140625,cauldron_ln_17603,1
-1.5631678104400635,-0.009763717651367188,0.0625,0.06595129519701004,0.0625,0.0419921875,cauldron_ln_19925,0
-1.0752594470977783,-1.4991091120464262e-05,0.12890625,0.03963515907526016,0.076171875,0.0434570349752903,mix_SI_UT_0_252,0
-1.1515740156173706,0.004753960762172937,0.0859375,0.03449242562055588,0.0768229216337204,0.0488823801279068,cauldron_ln_20297,0
-1.8295564651489258,-0.02376302145421505,0.0703125,0.04942871630191803,0.0703125,0.0234375,mix_SI_UT_0_1225,0
-1.3929457664489746,-0.0005751787684857845,0.12109375,0.031232623383402824,0.06406249850988388,0.0379289910197258,cauldron_ln_5209,0
-1.1370790004730225,-0.006054687313735485,0.0859375,0.04059493914246559,0.072265625,0.041015625,mix_UI_ST_0_1308,0
-1.7481849193572998,0.01167574804276228,0.1875,0.05014323443174362,0.1298828125,0.07634943723678589,mix_SI_UT_0_1468,0
-2.221301794052124,-0.017448559403419495,0.046875,0.04816841706633568,0.03984374925494194,0.02434430830180645,cauldron_ln_2372,1
-1.5050525665283203,0.0045459456741809845,0.1171875,0.033631984144449234,0.08281250298023224,0.048583984375,cauldron_ln_2284,1
-1.9540607929229736,-0.00807952880859375,0.046875,0.03396452218294144,0.046875,0.027099609375,cauldron_ln_9560,0
-1.188490629196167,0.015268426388502121,0.15625,0.0469941720366478,0.1197916716337204,0.0846354141831398,mix_UI_ST_0_351,0
-1.6186883449554443,0.0064649078994989395,0.1875,0.03617062047123909,0.0814732164144516,0.04944490268826485,mix_UI_ST_0_1084,0
-1.8498485088348389,0.0026148746255785227,0.0703125,0.0395432747900486,0.0703125,0.0546875,mix_SI_UT_0_493,0
-1.6823424100875854,-0.000690460205078125,0.05859375,0.03477568179368973,0.0517578125,0.0384114608168602,mix_SI_UT_0_712,0
-1.3640148639678955,-0.011552290990948677,0.01953125,0.03314968943595886,0.017578125,0.012988281436264515,mix_SI_UT_0_254,0
-1.621979832649231,0.0056063337251544,0.171875,0.04452386870980263,0.1015625,0.055908203125,mix_UI_ST_0_214,0
-1.3013041019439697,-0.004607653710991144,0.1171875,0.04133591800928116,0.076171875,0.04251302406191826,mix_UI_ST_0_1312,0
-1.8242487907409668,-0.01216769777238369,0.10546875,0.0580303817987442,0.0771484375,0.04674183204770088,cauldron_ln_11395,1
-2.0373342037200928,0.0008819580543786287,0.0703125,0.03353966027498245,0.0550130233168602,0.04251302406191826,cauldron_ln_3839,0
-1.9035329818725586,0.007687938399612904,0.1875,0.050658002495765686,0.1181640625,0.0699869841337204,mix_SI_UT_0_1070,0
-1.4042811393737793,0.0023950194008648396,0.1953125,0.052680205553770065,0.115234375,0.0686848983168602,mix_SI_UT_0_695,0
-1.723951816558838,0.006257898639887571,0.109375,0.053091272711753845,0.0963541716337204,0.07373046875,cauldron_ln_4718,0
-1.3085963726043701,0.007242838852107525,0.048828125,0.02673359028995037,0.048828125,0.0423177108168602,mix_SI_UT_0_149,0
-1.4866644144058228,0.00289850658737123,0.0625,0.030922021716833115,0.060546875,0.04447798430919647,mix_UI_ST_0_640,0
-1.8996608257293701,0.0018427922623232007,0.1171875,0.04182025045156479,0.07968749850988388,0.056265026330947876,cauldron_ln_24043,1
-2.4142444133758545,0.001849550288170576,0.09375,0.0449831597507,0.0833333358168602,0.057861328125,mix_SI_UT_0_776,0
-0.8810302019119263,-0.001521809957921505,0.0703125,0.03208714351058006,0.0498046875,0.02818714641034603,mix_SI_UT_0_1242,0
-1.8588286638259888,0.005700005684047937,0.109375,0.041906896978616714,0.1041666716337204,0.0575086809694767,cauldron_ln_4440,0
-1.899867057800293,-0.0021998088341206312,0.15625,0.04323427006602287,0.09765625,0.0474446639418602,cauldron_ln_15271,1
-0.884551465511322,-0.005033605266362429,0.046875,0.04375002160668373,0.046875,0.02392578125,cauldron_ln_21030,1
-1.5233635902404785,0.002645319327712059,0.09375,0.033345844596624374,0.0703125,0.04430042579770088,mix_SI_UT_0_613,0
-2.3531901836395264,0.006608073133975267,0.09375,0.04779323935508728,0.0859375,0.06640625,cauldron_ln_19250,1
-1.4826223850250244,-0.003333782311528921,0.0859375,0.04032198712229729,0.07421875,0.0463169664144516,mix_UI_ST_0_179,0
-2.4159069061279297,0.006620708387345076,0.146484375,0.045286402106285095,0.1087239608168602,0.0696614608168602,mix_SI_UT_0_719,0
-1.4746665954589844,0.010789724998176098,0.12890625,0.03724732995033264,0.09531249850988388,0.056415267288684845,mix_UI_ST_0_1444,0
-1.8555169105529785,-0.0014517648378387094,0.125,0.04244479909539223,0.08749999850988388,0.0508510060608387,cauldron_ln_27005,1
-1.6488327980041504,0.0003848075866699219,0.15625,0.03626440837979317,0.0716145858168602,0.04156494140625,mix_SI_UT_0_505,0
-1.1997994184494019,-0.010931199416518211,0.04296875,0.04045858979225159,0.0299479179084301,0.0210658498108387,mix_UI_ST_0_1043,0
-1.1687514781951904,-0.002362338127568364,0.09375,0.03659038990736008,0.0712890625,0.039817117154598236,mix_UI_ST_0_860,0
-2.284661293029785,-0.008409534581005573,0.09375,0.045158665627241135,0.06210937723517418,0.041766829788684845,mix_UI_ST_0_194,0
-1.3936653137207031,0.004746286664158106,0.1015625,0.04201226681470871,0.0885416716337204,0.06396484375,mix_UI_ST_0_1133,0
-1.3533673286437988,-0.0018378363456577063,0.0859375,0.030707109719514847,0.0559895858168602,0.0340711809694767,cauldron_ln_7964,0
-1.5936981439590454,-0.010813395492732525,0.078125,0.038948457688093185,0.056640625,0.0309244804084301,mix_SI_UT_0_415,0
-1.696418046951294,0.0034021837636828423,0.125,0.03495283052325249,0.07848011702299118,0.04697602242231369,cauldron_ln_21914,1
-1.9126049280166626,0.0053885322995483875,0.1015625,0.03615235164761543,0.078125,0.05067845433950424,mix_SI_UT_0_1107,0
-1.7029765844345093,0.01593017578125,0.125,0.03421179950237274,0.0911458358168602,0.06640625,mix_UI_ST_0_480,0
-1.7698826789855957,-0.00173450808506459,0.1015625,0.03694276511669159,0.08046875149011612,0.04574820026755333,cauldron_ln_25153,1
-1.9015369415283203,0.011652766726911068,0.125,0.04901443049311638,0.1171875,0.076171875,cauldron_ln_24279,1
-1.5354044437408447,0.00423431396484375,0.09375,0.04507363587617874,0.07421875,0.0540364608168602,mix_SI_UT_0_1385,0
-2.245574951171875,0.0007120768423192203,0.07421875,0.033026255667209625,0.064453125,0.0445963554084301,mix_SI_UT_0_625,0
-1.7475498914718628,-0.0013671874767169356,0.041015625,0.026170305907726288,0.0361328125,0.027099609375,cauldron_ln_16947,0
-1.4090545177459717,0.00999568123370409,0.125,0.0403914675116539,0.109375,0.068359375,mix_UI_ST_0_1069,0
-1.089888095855713,0.0061187744140625,0.109375,0.037938617169857025,0.1015625,0.0538194440305233,mix_SI_UT_0_1492,0
-1.3398621082305908,0.004798302426934242,0.0703125,0.036648936569690704,0.0703125,0.0546875,cauldron_ln_27776,1
-1.776673674583435,0.0017588440096005797,0.14453125,0.04849814623594284,0.0987723246216774,0.06399356573820114,cauldron_ln_5423,1
-1.4351377487182617,-0.004354671575129032,0.078125,0.04006527364253998,0.06591796875,0.04638671875,mix_SI_UT_0_213,0
-1.642383337020874,0.012826102785766125,0.2421875,0.054912228137254715,0.15234375,0.06640625,cauldron_ln_11987,1
-1.4929670095443726,0.010064376518130302,0.125,0.038401927798986435,0.0885416716337204,0.0629340261220932,cauldron_ln_27158,1
-2.2312722206115723,-0.005356959532946348,0.125,0.043932314962148666,0.0648871511220932,0.04301121085882187,mix_SI_UT_0_1188,0
-1.9200971126556396,-0.005095653235912323,0.1875,0.062125518918037415,0.1471354216337204,0.0723741352558136,cauldron_ln_22406,1
-1.409030556678772,-0.0008556019165553153,0.15625,0.04388236999511719,0.08515625447034836,0.051194414496421814,cauldron_ln_21844,0
-2.1744749546051025,0.005518060177564621,0.109375,0.044625021517276764,0.09375,0.0670572891831398,mix_UI_ST_0_669,0
-1.6863877773284912,0.015389579348266125,0.1015625,0.030455302447080612,0.091796875,0.0605468787252903,cauldron_ln_11898,0
-1.7350871562957764,0.00959123857319355,0.0625,0.024632826447486877,0.05419921875,0.0439453125,cauldron_ln_11677,1
-1.6735787391662598,0.0042588976211845875,0.109375,0.035589855164289474,0.0891927108168602,0.0512152798473835,cauldron_ln_2123,1
-1.310971975326538,-0.009543679654598236,0.03125,0.02263999916613102,0.03125,0.02490234375,cauldron_ln_25940,0
-2.1052138805389404,0.002803918207064271,0.06640625,0.032903220504522324,0.0638020858168602,0.045654296875,mix_SI_UT_0_830,0
-1.3246502876281738,-0.00339605868794024,0.09375,0.03019031696021557,0.0638020858168602,0.0336642786860466,cauldron_ln_1786,0
-1.4942741394042969,0.013339771889150143,0.234375,0.04562493413686752,0.1145833358168602,0.0634765625,cauldron_ln_27641,0
-1.2184243202209473,0.015558057464659214,0.12109375,0.03960554674267769,0.0924479216337204,0.0714285746216774,mix_UI_ST_0_529,0
-2.1390581130981445,0.005196707788854837,0.078125,0.03711313381791115,0.078125,0.0598958358168602,mix_SI_UT_0_109,0
-1.7545151710510254,0.0037206532433629036,0.09375,0.037308093160390854,0.080078125,0.052978515625,cauldron_ln_21192,0
-1.532056450843811,0.007250976283103228,0.1171875,0.03417300432920456,0.095703125,0.0524088554084301,mix_SI_UT_0_636,0
-2.088501453399658,-0.00632642675191164,0.09375,0.045886166393756866,0.0732421875,0.05255682021379471,cauldron_ln_29490,0
-2.1923985481262207,0.01416015625,0.1015625,0.05214880406856537,0.09765625,0.08203125,mix_SI_UT_0_1010,0
-1.9087945222854614,-0.0010782878380268812,0.087890625,0.0407266803085804,0.0719401091337204,0.049560546875,cauldron_ln_1920,0
-2.7954001426696777,-0.0025337031111121178,0.09375,0.03614991158246994,0.07421875,0.04472656175494194,mix_SI_UT_0_1326,0
-1.0983521938323975,-0.01167242880910635,0.06640625,0.035344526171684265,0.04140625149011612,0.0224260613322258,mix_SI_UT_0_915,0
-1.749253511428833,0.00548444502055645,0.15625,0.04610336571931839,0.09531249850988388,0.0658482164144516,cauldron_ln_11362,0
-1.6025042533874512,-0.00759847043082118,0.109375,0.03932683914899826,0.0666852742433548,0.0361328125,cauldron_ln_3479,1
-1.1003663539886475,-0.0015140109462663531,0.0703125,0.030324939638376236,0.0611979179084301,0.0322808176279068,mix_SI_UT_0_1124,0
-1.453078031539917,0.000640869140625,0.203125,0.04663342237472534,0.09609375149011612,0.05844351276755333,cauldron_ln_8467,1
-2.7984423637390137,0.0015493540558964014,0.1171875,0.06641748547554016,0.11328125,0.0771484375,cauldron_ln_7168,0
-0.9519729018211365,-0.0051133898086845875,0.0703125,0.029240868985652924,0.0703125,0.03173828125,mix_UI_ST_0_926,0
-1.040217399597168,-0.016074851155281067,0.037109375,0.06380372494459152,0.0341796875,0.022216796875,cauldron_ln_5047,0
-1.590313196182251,-0.0062500000931322575,0.0625,0.040772225707769394,0.0572916679084301,0.040771484375,mix_UI_ST_0_751,0
-1.74253511428833,-0.0034279562532901764,0.08984375,0.04428746923804283,0.07187499850988388,0.04995492845773697,mix_SI_UT_0_1374,0
-1.1239256858825684,0.0042175292037427425,0.0546875,0.018042173236608505,0.044921875,0.02900390699505806,mix_UI_ST_0_975,0
-1.5867812633514404,0.0003070831298828125,0.078125,0.03247852995991707,0.0703125,0.03857421875,mix_SI_UT_0_1405,0
-1.6160368919372559,-0.0012544330675154924,0.125,0.03901749104261398,0.074776791036129,0.045178864151239395,cauldron_ln_27101,1
-0.8761589527130127,0.0007590553723275661,0.140625,0.03220023587346077,0.06679687649011612,0.033184345811605453,cauldron_ln_20533,0
-2.0308470726013184,-0.0055135092698037624,0.078125,0.05762094631791115,0.0771484375,0.06162109598517418,mix_SI_UT_0_591,0
-2.2148919105529785,0.0027316112536937,0.078125,0.03671291097998619,0.0703125,0.046799883246421814,cauldron_ln_6521,1
-1.5990625619888306,0.0015538533916696906,0.078125,0.03732747212052345,0.076171875,0.0537109375,mix_SI_UT_0_596,0
-1.6083612442016602,0.004065331071615219,0.125,0.04174548387527466,0.1083984375,0.061789773404598236,mix_UI_ST_0_622,0
-1.5656700134277344,-0.002988688414916396,0.12109375,0.038268230855464935,0.0647786483168602,0.03932292014360428,cauldron_ln_3968,1
-1.3398089408874512,-0.0013305663596838713,0.0859375,0.037513598799705505,0.0771484375,0.0439453125,cauldron_ln_10532,1
-1.8800746202468872,-0.0011307565728202462,0.0703125,0.036145493388175964,0.0651041716337204,0.0451388880610466,cauldron_ln_10807,1
-1.1311185359954834,0.019192343577742577,0.2890625,0.05323893576860428,0.1529947966337204,0.0807291641831398,cauldron_ln_29075,1
-1.7102460861206055,0.0029679115395992994,0.15625,0.043641556054353714,0.1046006977558136,0.0607096366584301,cauldron_ln_2222,1
-1.095132827758789,-0.0034981342032551765,0.25,0.045680489391088486,0.0966796875,0.040557861328125,mix_SI_UT_0_470,0
-1.2028162479400635,0.002231174148619175,0.171875,0.03748150169849396,0.0802951380610466,0.04660866782069206,cauldron_ln_3724,1
-2.0075721740722656,0.01569386012852192,0.35546875,0.06867492944002151,0.19140625,0.0993923619389534,cauldron_ln_5712,0
-1.430362582206726,-0.009584007784724236,0.0625,0.032580893486738205,0.05078125,0.02651367150247097,mix_UI_ST_0_1132,0
-0.8726086616516113,0.0021378800738602877,0.0625,0.028928885236382484,0.05859375,0.0366753488779068,cauldron_ln_26080,1
-3.019820213317871,0.0060683744959533215,0.1171875,0.03841468319296837,0.09375,0.05615234375,mix_UI_ST_0_221,0
-1.3085739612579346,0.013987822458148003,0.15625,0.04269999638199806,0.10703124850988388,0.0746256560087204,mix_SI_UT_0_1045,0
-1.7454328536987305,-0.003222297178581357,0.078125,0.03768078610301018,0.078125,0.0411376953125,cauldron_ln_13950,1
-1.1915192604064941,0.0001464843808207661,0.0703125,0.028052909299731255,0.0546875,0.03554687649011612,cauldron_ln_2650,0
-1.377967357635498,0.00017089843458961695,0.109375,0.04286015033721924,0.0859375,0.04856179282069206,mix_UI_ST_0_1071,0
-2.420426368713379,0.00032806396484375,0.09375,0.04219106212258339,0.083984375,0.05029296875,mix_SI_UT_0_1233,0
-1.60404634475708,-0.004276476334780455,0.0625,0.03408696874976158,0.048828125,0.0336371548473835,mix_SI_UT_0_111,0
-2.0373926162719727,-0.004201659932732582,0.1015625,0.031795378774404526,0.052734375,0.03436279296875,mix_SI_UT_0_324,0
-1.0013712644577026,0.0004831950063817203,0.0859375,0.037944234907627106,0.0703125,0.0447591170668602,mix_SI_UT_0_116,0
-1.4612910747528076,0.0081307552754879,0.0859375,0.026567060500383377,0.06640625,0.0421316996216774,cauldron_ln_3514,1
-1.7338882684707642,0.0030406606383621693,0.1171875,0.052127186208963394,0.10546875,0.06894531100988388,cauldron_ln_15786,0
-1.168339729309082,-0.010942731983959675,0.046875,0.03914586827158928,0.043212890625,0.03164062649011612,cauldron_ln_6679,0
-1.2203986644744873,0.007493285927921534,0.0859375,0.036134276539087296,0.07109375298023224,0.05810546875,mix_SI_UT_0_51,0
-1.937667727470398,-0.0034179689828306437,0.03515625,0.033962760120630264,0.03515625,0.0325520858168602,cauldron_ln_1137,0
-1.4916307926177979,0.006570095662027597,0.2734375,0.0502297542989254,0.1162109375,0.057705968618392944,cauldron_ln_22005,0
-1.351623296737671,-0.0073993392288684845,0.04296875,0.02946588397026062,0.037109375,0.0224609375,cauldron_ln_17374,1
-1.242692232131958,-0.005295647773891687,0.09375,0.03345417231321335,0.0544084832072258,0.0324164517223835,mix_SI_UT_0_308,0
-2.0205507278442383,-0.0070543792098760605,0.0625,0.037291042506694794,0.0625,0.03485107421875,cauldron_ln_27565,1
-1.073940634727478,-0.0014125279849395156,0.046875,0.03190486878156662,0.046875,0.0260416679084301,cauldron_ln_26475,1
-1.3572320938110352,0.0009945956990122795,0.125,0.03266580030322075,0.0693359375,0.038352273404598236,mix_UI_ST_0_1159,0
-1.0176095962524414,0.0028686525765806437,0.09375,0.029112886637449265,0.0634765625,0.03837890923023224,cauldron_ln_14860,0
-2.002040386199951,0.002495505614206195,0.125,0.046690989285707474,0.1142578125,0.06489701569080353,mix_SI_UT_0_190,0
-1.3539752960205078,-0.0023507254663854837,0.1328125,0.03621113672852516,0.07421875,0.04248046875,cauldron_ln_6567,1
-1.5347235202789307,0.002055494114756584,0.0703125,0.03229592368006706,0.0594308078289032,0.039268091320991516,mix_SI_UT_0_2,0
-1.4969828128814697,0.008815765380859375,0.078125,0.02866464853286743,0.060546875,0.04345703125,mix_UI_ST_0_457,0
-2.2524831295013428,0.0142822265625,0.1328125,0.05087151378393173,0.1223958358168602,0.0849609375,mix_UI_ST_0_1224,0
-2.3369157314300537,-0.00597330741584301,0.0703125,0.03424571081995964,0.0546875,0.0352260060608387,cauldron_ln_3205,1
-1.2981988191604614,-0.0017231785459443927,0.056640625,0.02927708439528942,0.05126953125,0.03569335862994194,cauldron_ln_3246,1
-0.956775426864624,0.012105305679142475,0.09375,0.03065381944179535,0.078125,0.0589192733168602,mix_UI_ST_0_1447,0
-1.5898171663284302,0.008402506820857525,0.125,0.045442525297403336,0.1145833358168602,0.0659722238779068,mix_UI_ST_0_956,0
-1.2431740760803223,0.0005540114361792803,0.0703125,0.027045102789998055,0.056640625,0.0364583358168602,cauldron_ln_23298,1
-1.8030388355255127,-0.004186853300780058,0.09375,0.039900097995996475,0.0772879496216774,0.03993626683950424,mix_UI_ST_0_1003,0
-2.0187394618988037,-0.004868683870881796,0.1015625,0.04600875824689865,0.07734375447034836,0.05438702180981636,mix_UI_ST_0_1425,0
-1.3285990953445435,-0.0015716552734375,0.109375,0.03867846727371216,0.0675223246216774,0.0400933176279068,cauldron_ln_22674,0
-1.1374907493591309,0.005194302182644606,0.08984375,0.034138113260269165,0.0859375,0.0452008955180645,cauldron_ln_26727,1
-0.7989162802696228,0.008701633661985397,0.078125,0.02347576804459095,0.0634765625,0.0386284738779068,mix_SI_UT_0_1050,0
-2.2770981788635254,-0.009303501807153225,0.140625,0.04904059320688248,0.0888671875,0.0507405623793602,cauldron_ln_16743,1
-1.6422466039657593,-0.004014135804027319,0.09765625,0.038283780217170715,0.0691964328289032,0.04325597360730171,cauldron_ln_29570,0
-0.8342539072036743,-0.0028784966561943293,0.064453125,0.027653703466057777,0.0465494804084301,0.0333426371216774,cauldron_ln_18848,1
-1.4143167734146118,-0.000428230530815199,0.09375,0.025684403255581856,0.0458984375,0.02864583395421505,mix_SI_UT_0_1038,0
-0.887572169303894,0.010159492492675781,0.05078125,0.01831143908202648,0.0481770858168602,0.038330078125,cauldron_ln_2643,0
-1.0172603130340576,0.00010063534864457324,0.15625,0.030347419902682304,0.065673828125,0.0337669737637043,cauldron_ln_9834,1
-1.5686156749725342,0.0036433294881135225,0.09375,0.033326540142297745,0.078125,0.0511067733168602,cauldron_ln_27663,0
-1.1085002422332764,-0.0010324501199647784,0.125,0.036517366766929626,0.07421875,0.03945312649011612,mix_SI_UT_0_892,0
-2.731945514678955,0.004217308480292559,0.15625,0.044711243361234665,0.08984375,0.06005859375,mix_UI_ST_0_1230,0
-2.0383310317993164,-0.01664775237441063,0.078125,0.04351750388741493,0.0465959832072258,0.02813042514026165,mix_UI_ST_0_1286,0
-1.4870525598526,0.00432535819709301,0.06640625,0.038104843348264694,0.0618489608168602,0.0524553582072258,cauldron_ln_2964,0
-1.1107652187347412,-0.0108496630564332,0.03515625,0.02286681719124317,0.029296875,0.01679687574505806,cauldron_ln_29139,1
-1.824664831161499,0.003215002827346325,0.09375,0.035819973796606064,0.0657552108168602,0.04856771230697632,cauldron_ln_17643,0
-1.3527045249938965,0.001336059533059597,0.125,0.04644260182976723,0.07958984375,0.05265624821186066,cauldron_ln_1712,1
-1.178239345550537,0.0030550570227205753,0.0625,0.03368775174021721,0.0533854179084301,0.0425889752805233,cauldron_ln_22253,1
-1.307023048400879,-0.004836509935557842,0.07421875,0.027582457289099693,0.060546875,0.0260881707072258,cauldron_ln_17741,0
-1.7433428764343262,-0.0030399151146411896,0.0859375,0.026607947424054146,0.0472005233168602,0.0268402099609375,mix_UI_ST_0_1456,0
-1.5592429637908936,0.008001946844160557,0.1640625,0.03585974499583244,0.0842633992433548,0.05232319235801697,mix_UI_ST_0_1155,0
-2.502126455307007,-0.00668202294036746,0.09375,0.0443563386797905,0.0859375,0.05781250074505806,cauldron_ln_20466,1
-1.3610705137252808,0.009007895365357399,0.109375,0.039213161915540695,0.099609375,0.05859375,cauldron_ln_19078,1
-0.7495557069778442,-0.004508353769779205,0.078125,0.023322664201259613,0.0362723246216774,0.0192532017827034,mix_SI_UT_0_688,0
-1.3264896869659424,0.0035113166086375713,0.0859375,0.038658421486616135,0.0729166716337204,0.0499267578125,cauldron_ln_14967,1
-1.9473979473114014,-0.010073148645460606,0.125,0.050883788615465164,0.07421875,0.04538445919752121,mix_UI_ST_0_1440,0
-1.4491631984710693,0.007518005557358265,0.09375,0.028734758496284485,0.07373046875,0.04726562649011612,mix_UI_ST_0_311,0
-1.7412137985229492,-0.00015671188884880394,0.140625,0.04135708138346672,0.0837053582072258,0.0525173619389534,mix_SI_UT_0_1337,0
-1.8528923988342285,-0.009364735335111618,0.0625,0.03478623181581497,0.0390625,0.023393111303448677,cauldron_ln_1576,0
-1.5850987434387207,0.0039984965696930885,0.1875,0.04466702789068222,0.1005859375,0.057528410106897354,cauldron_ln_13071,0
-1.8401024341583252,0.0034654405899345875,0.0703125,0.028038376942276955,0.0598958358168602,0.0407986119389534,cauldron_ln_25930,0
-1.229993462562561,-0.012579030357301235,0.125,0.04829706251621246,0.06562500447034836,0.03662109375,mix_SI_UT_0_878,0
-1.902833104133606,0.002197265625,0.09375,0.030110426247119904,0.080078125,0.04296875,mix_UI_ST_0_688,0
-1.3921523094177246,-0.005804938264191151,0.1015625,0.045603398233652115,0.0859375,0.0463324673473835,cauldron_ln_16963,0
-1.3843324184417725,-0.00743236904963851,0.09375,0.03976603224873543,0.06718750298023224,0.0346330925822258,cauldron_ln_21866,0
-2.2838501930236816,-0.0026434536557644606,0.1015625,0.03996869921684265,0.07656250149011612,0.0461774580180645,mix_UI_ST_0_1063,0
-1.2550523281097412,0.004364013671875,0.11328125,0.03487897664308548,0.087890625,0.0476888045668602,cauldron_ln_18459,0
-1.6979299783706665,0.0058387755416333675,0.109375,0.04644261300563812,0.095703125,0.06875000149011612,cauldron_ln_13923,0
-2.2121152877807617,0.019040999934077263,0.125,0.038542862981557846,0.0989583358168602,0.0758928582072258,cauldron_ln_27466,0
-1.8921339511871338,-0.005207061767578125,0.0625,0.03353570029139519,0.0494791679084301,0.02996826171875,mix_UI_ST_0_636,0
-1.039113163948059,0.0039202007465064526,0.125,0.033630404621362686,0.0885416716337204,0.0452880859375,mix_SI_UT_0_1106,0
-2.0408425331115723,0.011078343726694584,0.125,0.0530395470559597,0.1171875,0.08349609375,mix_SI_UT_0_343,0
-1.8068225383758545,0.0073072644881904125,0.1875,0.04528726637363434,0.1119791716337204,0.0625,mix_UI_ST_0_1146,0
-1.4900798797607422,-0.0024462249130010605,0.125,0.043023549020290375,0.0670572966337204,0.0360243059694767,mix_SI_UT_0_1025,0
-0.9421769380569458,5.425347353593679e-06,0.08984375,0.03245825693011284,0.06591796875,0.04066051170229912,mix_UI_ST_0_514,0
-1.4915038347244263,0.017947467043995857,0.140625,0.03954415023326874,0.1067708358168602,0.0737847238779068,cauldron_ln_8548,0
-1.553311824798584,-0.0093994140625,0.109375,0.04940014332532883,0.0807291716337204,0.046875,mix_SI_UT_0_1473,0
-1.6752878427505493,0.0063690184615552425,0.140625,0.03639841824769974,0.08984375,0.04531250149011612,cauldron_ln_18236,1
-1.358372449874878,0.00045558385318145156,0.1640625,0.037227317690849304,0.073486328125,0.0448753722012043,mix_UI_ST_0_470,0
-1.6734495162963867,-0.007147427182644606,0.09375,0.03880705311894417,0.0654296875,0.0379464291036129,mix_SI_UT_0_140,0
-1.23799729347229,0.008777759969234467,0.109375,0.04330063611268997,0.10546875,0.0680338591337204,mix_UI_ST_0_977,0
-2.3415117263793945,-0.009304323233664036,0.09765625,0.03840164467692375,0.0667317733168602,0.035637352615594864,mix_SI_UT_0_1017,0
-1.1225969791412354,0.004739200230687857,0.05859375,0.028019731864333153,0.05859375,0.033203125,mix_SI_UT_0_1489,0
-1.3134576082229614,0.01017321553081274,0.15625,0.036112528294324875,0.08671875298023224,0.0549665205180645,mix_UI_ST_0_106,0
-0.9383397102355957,0.002105712890625,0.064453125,0.035594649612903595,0.064453125,0.0419921875,mix_UI_ST_0_423,0
-1.2516299486160278,-0.006707442458719015,0.0546875,0.040725287050008774,0.0494791679084301,0.03515625,cauldron_ln_9711,1
-2.555083751678467,0.015682445839047432,0.1171875,0.05403673276305199,0.1171875,0.0908203125,mix_SI_UT_0_977,0
-1.2164709568023682,-0.003891823347657919,0.140625,0.03579778969287872,0.06914062798023224,0.04184195026755333,mix_SI_UT_0_10,0
-1.3382437229156494,0.0070957280695438385,0.109375,0.029107486829161644,0.078125,0.0466579869389534,mix_SI_UT_0_1451,0
-0.946963906288147,0.003918877802789211,0.0625,0.02961982786655426,0.05859375,0.0465959832072258,cauldron_ln_22413,0
-1.757493257522583,0.0027407133020460606,0.078125,0.03315503150224686,0.078125,0.0501302108168602,mix_UI_ST_0_969,0
-1.0654808282852173,4.3820113205583766e-05,0.0625,0.03691732510924339,0.0598958358168602,0.0474175363779068,mix_SI_UT_0_1235,0
-1.4930050373077393,0.005745443049818277,0.1015625,0.050855718553066254,0.1015625,0.0755208358168602,mix_UI_ST_0_265,0
-1.1956483125686646,0.006911257281899452,0.1015625,0.029471801593899727,0.0751953125,0.04572088271379471,cauldron_ln_25821,1
-2.5317084789276123,-0.006109470035880804,0.1171875,0.05495316535234451,0.08203125,0.05253906175494194,mix_UI_ST_0_288,0
-1.351371169090271,0.006841486319899559,0.05078125,0.02343975566327572,0.0439453125,0.03789062425494194,mix_SI_UT_0_899,0
-1.6017155647277832,0.0010357481660321355,0.1171875,0.034378714859485626,0.06640625,0.042236328125,cauldron_ln_4262,1
-1.267254114151001,-0.0005618009017780423,0.109375,0.0377618782222271,0.064208984375,0.037553269416093826,mix_UI_ST_0_898,0
-1.7352471351623535,0.0032515092752873898,0.234375,0.05401759222149849,0.1223958358168602,0.06201171875,cauldron_ln_11208,0
-1.0552828311920166,-0.01061139814555645,0.0859375,0.04217422753572464,0.05859375,0.03378906473517418,mix_SI_UT_0_141,0
-1.6802114248275757,-0.007996736094355583,0.0859375,0.03931119665503502,0.06406249850988388,0.034930892288684845,mix_UI_ST_0_1006,0
-1.1474106311798096,-0.005028618965297937,0.078125,0.03694567456841469,0.0546875,0.03125,cauldron_ln_29484,0
-1.1420634984970093,-0.0060834381729364395,0.078125,0.030450398102402687,0.0477120541036129,0.023591693490743637,mix_UI_ST_0_1329,0
-2.8617827892303467,0.002730520209297538,0.125,0.05013769119977951,0.09765625,0.0635850727558136,mix_UI_ST_0_1269,0
-1.583107352256775,0.0008649553637951612,0.0703125,0.035414569079875946,0.0598958358168602,0.04833984375,mix_SI_UT_0_289,0
-1.9562506675720215,-0.0072021484375,0.0625,0.045868635177612305,0.0572916679084301,0.0421316996216774,cauldron_ln_24668,0
-1.3190281391143799,-0.005259377881884575,0.0859375,0.04080330207943916,0.06601562350988388,0.0401088185608387,cauldron_ln_13718,1
-1.5070250034332275,-0.002291472163051367,0.078125,0.034534163773059845,0.0690104216337204,0.03880399838089943,cauldron_ln_26126,1
-1.5449399948120117,-0.0006412554648704827,0.15625,0.04896078258752823,0.0876116082072258,0.05281147360801697,mix_UI_ST_0_1190,0
-1.580788254737854,-0.003258956130594015,0.140625,0.04029463976621628,0.078125,0.0435112863779068,cauldron_ln_2015,1
-1.2004649639129639,-0.00880998931825161,0.1484375,0.056636959314346313,0.115234375,0.05474853515625,cauldron_ln_14067,1
-2.5314488410949707,-0.0008832146413624287,0.109375,0.056370072066783905,0.08984375,0.058837890625,cauldron_ln_19158,0
-1.2625690698623657,-0.0037384033203125,0.078125,0.042358338832855225,0.0712890625,0.04367898032069206,mix_SI_UT_0_176,0
-2.252455234527588,-0.0003828569024335593,0.140625,0.0417882464826107,0.08984375,0.04550781473517418,mix_SI_UT_0_1372,0
-1.3860206604003906,-0.0047090970911085606,0.0703125,0.028180092573165894,0.05859375,0.0319417342543602,cauldron_ln_1629,1
-1.4133145809173584,0.006928199902176857,0.125,0.0431157648563385,0.099609375,0.0654296875,mix_UI_ST_0_624,0
-1.6721892356872559,-0.0007252412615343928,0.08984375,0.04392412677407265,0.08984375,0.056884765625,mix_SI_UT_0_648,0
-1.3786661624908447,0.003523543244227767,0.140625,0.04319106787443161,0.1067708358168602,0.0565321184694767,cauldron_ln_13868,1
-1.7348580360412598,-0.011674500070512295,0.091796875,0.04146222770214081,0.06982421875,0.03441162034869194,mix_UI_ST_0_532,0
-1.2882957458496094,0.0035973372869193554,0.125,0.04510628804564476,0.103515625,0.0613606795668602,mix_SI_UT_0_822,0
-1.2088794708251953,0.005090010818094015,0.078125,0.026075981557369232,0.0729166716337204,0.0398220494389534,cauldron_ln_21265,1
-1.691706895828247,-0.014182351529598236,0.0625,0.03943118080496788,0.0478515625,0.0283203125,cauldron_ln_15237,1
-1.206070899963379,-0.0020623458549380302,0.0703125,0.038233932107686996,0.06640625,0.0393880195915699,mix_UI_ST_0_1092,0
-1.9256654977798462,-0.0074109528213739395,0.09375,0.04138203710317612,0.0591517873108387,0.03510485216975212,cauldron_ln_19295,1
-1.2073333263397217,-0.007237243931740522,0.09375,0.03841374069452286,0.060546875,0.02849731408059597,mix_UI_ST_0_1496,0
-1.185910940170288,0.0017874581972137094,0.125,0.04055134952068329,0.1015625,0.0493861623108387,cauldron_ln_8127,0
-1.5787115097045898,-0.01091234665364027,0.0859375,0.037629660218954086,0.0472005233168602,0.023193359375,mix_UI_ST_0_1452,0
-1.982417345046997,-0.016216076910495758,0.046875,0.04313414543867111,0.046875,0.0361328125,mix_UI_ST_0_1338,0
-2.3659253120422363,0.00124359130859375,0.1015625,0.0414392463862896,0.0677083358168602,0.04638671875,cauldron_ln_2911,1
-1.2641562223434448,0.009274651296436787,0.09375,0.0312357135117054,0.0833333358168602,0.05133056640625,mix_SI_UT_0_307,0
-1.528028130531311,0.0032019983045756817,0.109375,0.03960766643285751,0.109375,0.0537109375,cauldron_ln_5781,0
-1.0812894105911255,-0.00470668263733387,0.09375,0.033665694296360016,0.0690104216337204,0.03594970703125,mix_UI_ST_0_284,0
-1.6406161785125732,-0.0019356864504516125,0.046875,0.028613906353712082,0.04296875,0.0316685289144516,mix_UI_ST_0_1341,0
-1.7722249031066895,0.007580566685646772,0.109375,0.037464167922735214,0.087890625,0.05478515848517418,mix_SI_UT_0_760,0
-1.7935388088226318,-0.0035162202548235655,0.1640625,0.04511849209666252,0.083984375,0.04628906399011612,mix_SI_UT_0_778,0
-1.249388337135315,0.00382000464014709,0.125,0.0388948991894722,0.09375,0.05820312723517418,mix_SI_UT_0_1264,0
-1.0922508239746094,0.0007461847271770239,0.109375,0.04081528261303902,0.08046875149011612,0.0558268241584301,mix_SI_UT_0_1100,0
-0.9411793947219849,0.00363848265260458,0.07421875,0.028038153424859047,0.0572916679084301,0.0446428582072258,cauldron_ln_3652,0
-0.9236127734184265,0.001220703125,0.078125,0.03747527301311493,0.064453125,0.04150390625,cauldron_ln_25053,0
-2.1016249656677246,-0.005577756557613611,0.078125,0.03618846461176872,0.05429687723517418,0.0326450914144516,mix_UI_ST_0_1309,0
-1.982484221458435,-0.001418779487721622,0.09375,0.04239238426089287,0.07421875,0.05205829441547394,mix_SI_UT_0_277,0
-1.0188398361206055,-0.010495140217244625,0.0625,0.03771932050585747,0.04833984375,0.030029296875,mix_UI_ST_0_197,0
-1.1122809648513794,-0.0039422172121703625,0.0703125,0.04022978991270065,0.0703125,0.0374058336019516,mix_UI_ST_0_125,0
-1.6719155311584473,-0.009736561216413975,0.0859375,0.0397261343896389,0.0625,0.0380859375,cauldron_ln_5496,1
-1.1787290573120117,0.0029407849069684744,0.10546875,0.035155195742845535,0.0833333358168602,0.0455322265625,mix_UI_ST_0_1262,0
-1.838067889213562,0.011480869725346565,0.09375,0.034964896738529205,0.09375,0.0638020858168602,cauldron_ln_13123,1
-1.3272614479064941,0.0013275147648528218,0.03125,0.022323759272694588,0.03125,0.025390625,mix_UI_ST_0_1449,0
-1.7486854791641235,0.0009058901923708618,0.125,0.04022343084216118,0.0833333358168602,0.0513780377805233,cauldron_ln_9139,0
-0.9894247055053711,-0.012232162989675999,0.078125,0.044007882475852966,0.05078125,0.029541015625,mix_SI_UT_0_1146,0
-1.5584558248519897,-0.008737417869269848,0.0185546875,0.023971667513251305,0.0185546875,0.01497395895421505,cauldron_ln_12929,0
-1.883072018623352,-0.0052315848879516125,0.078125,0.04135178029537201,0.0693359375,0.04296875,mix_UI_ST_0_596,0
-1.6075990200042725,-0.00508771650493145,0.068359375,0.041343964636325836,0.0576171875,0.0369698666036129,mix_UI_ST_0_942,0
-1.528903603553772,-0.004795383661985397,0.125,0.035654161125421524,0.0598493330180645,0.0338812954723835,mix_SI_UT_0_564,0
-1.7914915084838867,0.0009901259327307343,0.09375,0.028548231348395348,0.060546875,0.03568892180919647,cauldron_ln_11180,0
-2.2440497875213623,-0.0008706485386937857,0.1640625,0.042601075023412704,0.0849609375,0.05124080926179886,cauldron_ln_10699,1
-1.872942566871643,0.018408989533782005,0.1171875,0.04938821122050285,0.1041666716337204,0.0817522332072258,mix_SI_UT_0_354,0
-1.75736665725708,-0.00757344625890255,0.1015625,0.04714158922433853,0.0833333358168602,0.0503627248108387,mix_SI_UT_0_1330,0
-0.9995054006576538,-0.0014142717700451612,0.09375,0.03767678141593933,0.06640625,0.04319852963089943,mix_UI_ST_0_1066,0
-1.5383305549621582,-0.005231417249888182,0.0859375,0.045537903904914856,0.08203125,0.04931640625,cauldron_ln_1181,0
-1.7721718549728394,-0.012537339702248573,0.0625,0.040633827447891235,0.04296875,0.031005859375,cauldron_ln_8435,0
-1.427441120147705,-0.00753021240234375,0.0625,0.0378652960062027,0.046875,0.0269775390625,cauldron_ln_6682,0
-1.719947099685669,-0.002031598938629031,0.21875,0.042023226618766785,0.08632812649011612,0.0421316996216774,mix_UI_ST_0_992,0
-1.4202978610992432,0.012728373520076275,0.1875,0.0478910431265831,0.1484375,0.07080078125,mix_SI_UT_0_401,0
-1.5575802326202393,0.0032309507951140404,0.0703125,0.02663598395884037,0.0598958358168602,0.0403645820915699,mix_SI_UT_0_217,0
-1.7397383451461792,-0.0005975020467303693,0.046875,0.028786033391952515,0.0416666679084301,0.03125,cauldron_ln_10546,0
-2.2836341857910156,0.0008480674587190151,0.0703125,0.036937594413757324,0.0703125,0.048828125,mix_UI_ST_0_496,0
-0.770346999168396,0.004145951475948095,0.15234375,0.037515584379434586,0.08359374850988388,0.046799883246421814,cauldron_ln_29335,1
-1.6189236640930176,0.00015874739619903266,0.10546875,0.04096273332834244,0.07578124850988388,0.05168547481298447,cauldron_ln_12690,0
-2.1667582988739014,0.009607842192053795,0.21875,0.04962831363081932,0.1279296875,0.06711647659540176,mix_UI_ST_0_211,0
-1.1817798614501953,0.005584093742072582,0.140625,0.03830510377883911,0.091796875,0.0546468123793602,mix_SI_UT_0_465,0
-1.392127513885498,-0.006745605263859034,0.0703125,0.0277433842420578,0.03945312649011612,0.024749755859375,mix_UI_ST_0_1106,0
-2.2884879112243652,0.004346764646470547,0.09375,0.03529954329133034,0.078125,0.05742187425494194,cauldron_ln_358,1
-1.1093785762786865,0.004502146039158106,0.140625,0.034185029566287994,0.083984375,0.0460069440305233,cauldron_ln_8180,1
-1.249257206916809,-0.005430522840470076,0.04296875,0.029414748772978783,0.037109375,0.02294921875,cauldron_ln_27369,0
-0.9757879376411438,0.00688999705016613,0.125,0.03668199107050896,0.10546875,0.05419921875,cauldron_ln_8952,1
-2.009387969970703,-0.00660241162404418,0.0546875,0.04730715975165367,0.0546875,0.04765624925494194,cauldron_ln_26851,0
-0.9479578137397766,-0.003700539004057646,0.078125,0.02893027849495411,0.04609375074505806,0.02734375186264515,cauldron_ln_15588,0
-1.031402587890625,0.009218852035701275,0.1171875,0.030531583353877068,0.091796875,0.0481770858168602,mix_UI_ST_0_68,0
-1.8372690677642822,0.013460286892950535,0.1015625,0.03576220944523811,0.1015625,0.0703125,cauldron_ln_25380,1
-1.2049416303634644,-0.002205141121521592,0.125,0.04138413816690445,0.0833333358168602,0.0494559183716774,mix_UI_ST_0_247,0
-1.9254399538040161,-0.007601351477205753,0.0322265625,0.029958650469779968,0.02766927145421505,0.0206163190305233,mix_SI_UT_0_503,0
-1.8469648361206055,0.0005902546108700335,0.125,0.029548263177275658,0.052734375,0.02963867224752903,mix_UI_ST_0_736,0
-1.528315544128418,-0.0005787037080153823,0.109375,0.04039658606052399,0.091796875,0.0520833358168602,cauldron_ln_3364,0
-1.3609527349472046,0.0016003417549654841,0.1015625,0.03724724426865578,0.078125,0.0447591170668602,cauldron_ln_27801,0
-1.281219720840454,0.01020507887005806,0.078125,0.02632843889296055,0.078125,0.0494791679084301,cauldron_ln_8411,1
-1.7441763877868652,0.007329526357352734,0.125,0.04422475025057793,0.0849609375,0.059481535106897354,mix_UI_ST_0_53,0
-2.447122573852539,0.0038001020438969135,0.109375,0.047147467732429504,0.091796875,0.06796874850988388,mix_SI_UT_0_325,0
-1.8046760559082031,-0.002467564307153225,0.0625,0.038008637726306915,0.0525173619389534,0.037819601595401764,mix_UI_ST_0_1480,0
-1.1449127197265625,-0.00043614706373773515,0.0859375,0.037253063172101974,0.068359375,0.04443359375,mix_SI_UT_0_38,0
-1.8533973693847656,-0.004047262016683817,0.15625,0.04103432595729828,0.08242187649011612,0.0412248894572258,mix_SI_UT_0_128,0
-1.2914155721664429,-0.002716064453125,0.0625,0.029309876263141632,0.0625,0.02587890625,mix_UI_ST_0_1302,0
-1.1693239212036133,-0.0032563081476837397,0.0625,0.0370866134762764,0.0598958358168602,0.03092447854578495,mix_SI_UT_0_1,0
-1.2050237655639648,-0.0024480405263602734,0.1328125,0.04237920045852661,0.0748697966337204,0.04238712042570114,mix_SI_UT_0_629,0
-1.7245566844940186,-0.005026358179748058,0.078125,0.03376185521483421,0.04765624925494194,0.031850963830947876,mix_UI_ST_0_40,0
-1.3773607015609741,-0.0036017601378262043,0.109375,0.034853674471378326,0.05859375,0.03846324607729912,cauldron_ln_2373,1
-1.17622971534729,-0.0051288604736328125,0.09765625,0.03547027334570885,0.0579427108168602,0.0321044921875,cauldron_ln_22229,1
-1.6650128364562988,0.010143573395907879,0.125,0.04186956211924553,0.09843750298023224,0.06625600904226303,mix_SI_UT_0_222,0
-2.715973377227783,0.006022135727107525,0.08984375,0.0441875196993351,0.080078125,0.06406249850988388,cauldron_ln_23642,0
-2.2417540550231934,0.006240012124180794,0.125,0.049804117530584335,0.10546875,0.07534555345773697,mix_SI_UT_0_590,0
-1.9908452033996582,0.004903564229607582,0.07421875,0.028512855991721153,0.05546874925494194,0.0413411483168602,cauldron_ln_4704,0
-1.7037242650985718,0.0002859455125872046,0.1875,0.047190744429826736,0.0937500074505806,0.0541449673473835,cauldron_ln_17039,0
-1.4364690780639648,0.0026062012184411287,0.0546875,0.023410886526107788,0.0436197929084301,0.0320870541036129,mix_SI_UT_0_807,0
-2.305992841720581,0.0032900855876505375,0.107421875,0.05693155899643898,0.090576171875,0.06904297322034836,mix_UI_ST_0_19,0
-1.5561410188674927,0.0004912829608656466,0.078125,0.03747393190860748,0.0631510466337204,0.0462239608168602,mix_SI_UT_0_511,0
-1.8409230709075928,0.0027770998422056437,0.171875,0.05325867235660553,0.140625,0.068917416036129,cauldron_ln_16812,1
-1.0254626274108887,-0.014498197473585606,0.0546875,0.032465625554323196,0.0403645858168602,0.015475803054869175,cauldron_ln_18898,0
-1.239471673965454,-0.00462659215554595,0.09375,0.04356661066412926,0.06884765625,0.0440266951918602,mix_SI_UT_0_1285,0
-1.3041784763336182,0.00424957275390625,0.1171875,0.05175483971834183,0.1171875,0.0654296875,mix_SI_UT_0_622,0
-1.3617596626281738,-0.004700660705566406,0.078125,0.03788090497255325,0.0533854179084301,0.03076171875,cauldron_ln_21661,1
-1.4331802129745483,-0.004771512933075428,0.0546875,0.03671489283442497,0.0546875,0.0322265625,mix_UI_ST_0_695,0
-1.7701356410980225,0.00262537132948637,0.1875,0.05197642371058464,0.1010044664144516,0.0673828125,mix_SI_UT_0_1119,0
-0.8414039015769958,0.005386651959270239,0.21875,0.04937436059117317,0.11835937947034836,0.0620931014418602,mix_UI_ST_0_832,0
-1.108642578125,0.002262115478515625,0.0859375,0.031651146709918976,0.07421875,0.04254150390625,mix_UI_ST_0_1096,0
-1.2883352041244507,-0.003602493554353714,0.0625,0.027385594323277473,0.046142578125,0.03007812611758709,cauldron_ln_20792,1
-1.1894562244415283,0.005443572998046875,0.072265625,0.03283160552382469,0.0631510466337204,0.046142578125,mix_SI_UT_0_464,0
-1.0883057117462158,0.002358176512643695,0.1015625,0.03301094472408295,0.07421875,0.04179687425494194,mix_UI_ST_0_134,0
-0.9891619682312012,-0.0022718640975654125,0.109375,0.03344075009226799,0.0768229216337204,0.0348442941904068,cauldron_ln_11226,0
-1.1006325483322144,0.005633544642478228,0.0703125,0.03165652975440025,0.05644531175494194,0.044677734375,cauldron_ln_13151,0
-1.3033500909805298,0.0017531374469399452,0.09375,0.0388139970600605,0.0712890625,0.048606179654598236,mix_UI_ST_0_1131,0
-1.2925186157226562,-0.003488939953967929,0.0703125,0.03628033772110939,0.0576171875,0.03828125074505806,mix_UI_ST_0_466,0
-1.1246110200881958,-0.004057913087308407,0.09375,0.042541295289993286,0.0556640625,0.03997802734375,cauldron_ln_17815,1
-1.7147748470306396,-0.0030687120743095875,0.125,0.03990286588668823,0.08203125,0.046612080186605453,cauldron_ln_17048,1
-2.360553503036499,-0.004181805998086929,0.1015625,0.056485049426555634,0.0963541716337204,0.0584716796875,mix_UI_ST_0_59,0
-1.8590519428253174,-0.0150604248046875,0.0703125,0.04411495476961136,0.0703125,0.0284423828125,cauldron_ln_958,1
-2.1923952102661133,-0.0010850694961845875,0.0859375,0.0328938364982605,0.06640625,0.0431315116584301,cauldron_ln_19639,1
-1.727135181427002,0.00038614077493548393,0.078125,0.02913346327841282,0.057861328125,0.0335286483168602,mix_UI_ST_0_1220,0
-1.4601151943206787,-0.011652166955173016,0.0546875,0.03456491604447365,0.044921875,0.025390625,cauldron_ln_16079,0
-1.4585599899291992,-0.00262396689504385,0.1875,0.046259596943855286,0.09218750149011612,0.0456194207072258,cauldron_ln_13548,1
-0.7988009452819824,-0.006768120918422937,0.08203125,0.03504272922873497,0.08203125,0.026123046875,cauldron_ln_24670,0
-2.2196037769317627,-0.00843132846057415,0.0546875,0.03870823606848717,0.0546875,0.0379774309694767,mix_SI_UT_0_47,0
-1.2983391284942627,-0.010102772153913975,0.0283203125,0.023691514506936073,0.02587890625,0.01933593861758709,cauldron_ln_6784,0
-0.8787916898727417,-0.0019215175416320562,0.1875,0.0456744022667408,0.1171875,0.0408935546875,mix_SI_UT_0_839,0
-1.2203459739685059,0.0063578286208212376,0.078125,0.025654200464487076,0.0611979179084301,0.0406901054084301,cauldron_ln_13038,0
-1.3184230327606201,0.004703228361904621,0.08203125,0.028777601197361946,0.072265625,0.0436197929084301,mix_SI_UT_0_1143,0
-1.3981257677078247,-0.021467730402946472,0.0625,0.05338799208402634,0.04833984375,0.02407226525247097,mix_SI_UT_0_25,0
-1.395738959312439,-0.014263447374105453,0.080078125,0.04423453286290169,0.0791015625,0.03271484375,mix_SI_UT_0_1395,0
-1.184970498085022,0.0031513215508311987,0.09375,0.033704016357660294,0.063232421875,0.04335937649011612,mix_SI_UT_0_205,0
-1.2865806818008423,0.00023378645710181445,0.140625,0.03764911741018295,0.08046875149011612,0.0416782945394516,mix_SI_UT_0_346,0
-2.2000460624694824,0.010265531949698925,0.125,0.04644697532057762,0.11328125,0.07207031548023224,cauldron_ln_6974,1
-1.9452019929885864,-0.007893879897892475,0.15625,0.04739990830421448,0.15625,0.0472412109375,cauldron_ln_29735,0
-0.6631903648376465,-0.0027231071144342422,0.09375,0.029187211766839027,0.080078125,0.0282694511115551,mix_UI_ST_0_509,0
-1.0168362855911255,-0.0034854968544095755,0.06640625,0.03158240765333176,0.0482313372194767,0.031234078109264374,mix_UI_ST_0_868,0
-1.0565265417099,0.007053375244140625,0.05078125,0.024110877886414528,0.0462239608168602,0.039306640625,mix_UI_ST_0_78,0
-1.914010763168335,0.010937499813735485,0.21875,0.06349324434995651,0.15234375,0.08613281697034836,cauldron_ln_11282,1
-1.252286672592163,0.0010084672830998898,0.15625,0.04326920956373215,0.095703125,0.04718572646379471,mix_UI_ST_0_938,0
-1.5424981117248535,-0.01006317138671875,0.125,0.04591923952102661,0.0859375,0.0459798201918602,mix_SI_UT_0_1253,0
-1.8253124952316284,0.0046371459029614925,0.09375,0.03704730421304703,0.078125,0.04804687574505806,cauldron_ln_28622,1
-2.0464799404144287,-0.0016902043716982007,0.0859375,0.03276050090789795,0.07421875,0.0416666679084301,cauldron_ln_21686,1
-1.5367259979248047,0.0015022014267742634,0.08984375,0.038639847189188004,0.06015625223517418,0.0425502248108387,cauldron_ln_27700,0
-1.7300697565078735,-0.0016566686099395156,0.15625,0.0454087033867836,0.08984375,0.05332031473517418,mix_UI_ST_0_928,0
-1.1473251581192017,-0.009405320510268211,0.06640625,0.03881991282105446,0.0481770858168602,0.0245186947286129,cauldron_ln_7906,1
-2.165706157684326,-0.009143066592514515,0.15625,0.046114854514598846,0.07500000298023224,0.0420328788459301,cauldron_ln_24484,1
-1.5682809352874756,-0.001495361328125,0.078125,0.0272916741669178,0.078125,0.03515625,mix_SI_UT_0_1021,0
-2.3700222969055176,-0.005253544542938471,0.10546875,0.038907893002033234,0.066162109375,0.03966064378619194,mix_UI_ST_0_801,0
-1.9639421701431274,-0.0004199582908768207,0.09765625,0.04285968467593193,0.0764973983168602,0.048583984375,cauldron_ln_25121,0
-1.683164119720459,0.005096435546875,0.125,0.03872378170490265,0.1002604216337204,0.055450439453125,mix_UI_ST_0_192,0
-1.3571847677230835,-0.0044382731430232525,0.09375,0.03814737871289253,0.0559895858168602,0.03557942807674408,cauldron_ln_8945,1
-0.8737105131149292,0.008508497849106789,0.109375,0.029443899169564247,0.0777994841337204,0.04925130307674408,cauldron_ln_5575,0
-2.045320510864258,-0.017459869384765625,0.09375,0.05083863064646721,0.0794270858168602,0.0400390625,cauldron_ln_4225,1
-2.0887155532836914,0.01164754293859005,0.09375,0.0404716432094574,0.0859375,0.0634765625,mix_SI_UT_0_679,0
-2.490779399871826,-0.003621747251600027,0.109375,0.06380442529916763,0.1041666716337204,0.0647321492433548,cauldron_ln_13126,0
-2.195486545562744,-0.003314678557217121,0.125,0.04577907174825668,0.0950520858168602,0.0547960065305233,cauldron_ln_2615,0
-1.2907357215881348,0.005708007607609034,0.125,0.03531442955136299,0.087890625,0.0514729842543602,mix_SI_UT_0_258,0
-1.0022677183151245,-0.0004762922180816531,0.083984375,0.03718961030244827,0.0732421875,0.0417829267680645,mix_UI_ST_0_1135,0
-1.844977617263794,-0.006776012014597654,0.14453125,0.056649625301361084,0.10585937649011612,0.0578613318502903,mix_SI_UT_0_810,0
-1.365665316581726,-0.0028153604362159967,0.109375,0.04264867305755615,0.08203125,0.0431671142578125,cauldron_ln_27312,1
-2.3186278343200684,-0.011153372004628181,0.05859375,0.042948171496391296,0.05859375,0.0361328125,mix_UI_ST_0_204,0
-1.046175479888916,0.0032399494666606188,0.109375,0.031666047871112823,0.06982421875,0.039794921875,cauldron_ln_3725,1
-1.9445807933807373,0.0008377374615520239,0.109375,0.04800835996866226,0.09140624850988388,0.059326171875,cauldron_ln_27873,1
-2.0843214988708496,0.016395971179008484,0.09375,0.04135214164853096,0.09375,0.08203125,mix_SI_UT_0_74,0
-1.2193156480789185,0.0014707124792039394,0.125,0.043550536036491394,0.078683041036129,0.05376233533024788,cauldron_ln_12381,0
-2.817960739135742,0.000890271388925612,0.125,0.046149615198373795,0.0887276828289032,0.0584852434694767,mix_UI_ST_0_1407,0
-1.2643377780914307,-0.006869361735880375,0.03515625,0.03063228540122509,0.029296875,0.01894531212747097,cauldron_ln_27052,0
-2.4687836170196533,-0.0018568441737443209,0.1640625,0.05560136213898659,0.100167416036129,0.06534352153539658,cauldron_ln_5713,1
-1.186020851135254,0.005240604747086763,0.1015625,0.035630907863378525,0.09375,0.0505022332072258,cauldron_ln_15365,1
-1.7907981872558594,-0.016590947285294533,0.109375,0.05129660665988922,0.07421875,0.04121093824505806,cauldron_ln_4111,1
-1.2655272483825684,-0.0077311196364462376,0.125,0.04396122321486473,0.091796875,0.040283203125,cauldron_ln_11619,1
-0.9441283345222473,-0.005436973180621862,0.0625,0.027436088770627975,0.0458984375,0.02403157763183117,cauldron_ln_9260,0
-1.7092561721801758,-0.013103666715323925,0.046875,0.04934030771255493,0.046875,0.03437500074505806,mix_UI_ST_0_602,0
-1.2283329963684082,-0.013618470169603825,0.04296875,0.034552089869976044,0.037109375,0.0145830437541008,cauldron_ln_26754,0
-1.540498971939087,-0.00010405993089079857,0.109375,0.03836653009057045,0.0813802108168602,0.04921875149011612,mix_UI_ST_0_611,0
-1.1049833297729492,0.00028433449915610254,0.078125,0.04936712235212326,0.068359375,0.04558105394244194,mix_SI_UT_0_433,0
-1.2803349494934082,-0.0008538693655282259,0.1015625,0.044684141874313354,0.0859375,0.0487467460334301,cauldron_ln_8514,0
-1.3500995635986328,0.0027954101096838713,0.09375,0.031878672540187836,0.06289062649011612,0.0441080741584301,mix_SI_UT_0_393,0
-1.6357483863830566,-0.004799327813088894,0.1328125,0.04428587481379509,0.0771484375,0.0494559146463871,mix_SI_UT_0_214,0
-2.4974069595336914,0.011545817367732525,0.109375,0.041765253990888596,0.09765625,0.0685221403837204,cauldron_ln_5870,0
-1.6923704147338867,-0.01936849020421505,0.046875,0.03146519511938095,0.046875,0.0162760429084301,mix_SI_UT_0_477,0
-1.6950232982635498,-0.0018605877412483096,0.1171875,0.04038258641958237,0.0885416716337204,0.0510602705180645,cauldron_ln_7956,1
-1.460915207862854,-0.0008600408909842372,0.125,0.04052069038152695,0.083984375,0.047141335904598236,cauldron_ln_4931,1
-1.271402359008789,-0.005384508054703474,0.1015625,0.03753457963466644,0.0538194440305233,0.033114347606897354,cauldron_ln_18939,0
-1.1863569021224976,-0.0028053566347807646,0.0390625,0.020690277218818665,0.033203125,0.0192057304084301,cauldron_ln_20128,0
-1.4945909976959229,-0.009085739962756634,0.140625,0.05180161073803902,0.0831473246216774,0.04502467066049576,cauldron_ln_13398,0
-1.194493293762207,0.0034004212357103825,0.0703125,0.03185256943106651,0.0615234375,0.04331054911017418,cauldron_ln_11135,0
-1.6942334175109863,-0.008744673803448677,0.09765625,0.0372476801276207,0.068359375,0.03798828274011612,mix_UI_ST_0_537,0
-0.9403638243675232,3.9765331166563556e-05,0.125,0.03261391073465347,0.0660807341337204,0.0389404296875,mix_UI_ST_0_1195,0
-1.338071584701538,-0.0055999755859375,0.0625,0.04015618562698364,0.0611979179084301,0.0440538190305233,cauldron_ln_24769,1
-1.707873821258545,-0.003700539004057646,0.140625,0.04888513311743736,0.099609375,0.0550130233168602,cauldron_ln_6558,0
-1.6998926401138306,0.0033162436448037624,0.109375,0.02949364297091961,0.07275390625,0.0380045585334301,mix_SI_UT_0_920,0
-1.068321943283081,0.0096715297549963,0.1015625,0.03125558793544769,0.08984375,0.0491943359375,mix_SI_UT_0_1383,0
-1.3229573965072632,-0.00337164755910635,0.109375,0.03538258746266365,0.0625,0.0365513414144516,mix_SI_UT_0_1293,0
-1.094286561012268,0.00041852681897580624,0.046875,0.033358726650476456,0.046875,0.0370396226644516,mix_UI_ST_0_610,0
-1.0995646715164185,-0.003269195556640625,0.07421875,0.028009960427880287,0.048828125,0.029541015625,cauldron_ln_14821,1
-1.5294547080993652,0.0013427734375,0.109375,0.04352590814232826,0.0909598246216774,0.0549858957529068,cauldron_ln_17180,1
-1.738222360610962,-0.0046590170823037624,0.10546875,0.05492095276713371,0.10546875,0.053466796875,cauldron_ln_25235,0
-1.5294138193130493,0.009374999441206455,0.08203125,0.03567684441804886,0.076171875,0.0602213554084301,mix_UI_ST_0_485,0
-2.447056531906128,-0.0012668919516727328,0.0859375,0.041829854249954224,0.0807291716337204,0.0578342005610466,mix_SI_UT_0_281,0
-1.3780521154403687,0.0016595248598605394,0.0859375,0.03679785504937172,0.05195312574505806,0.0387486070394516,cauldron_ln_669,0
-1.6634817123413086,-0.0012686593690887094,0.078125,0.03626684471964836,0.0625,0.0369698666036129,mix_UI_ST_0_1241,0
-1.52756667137146,-0.008968577720224857,0.09375,0.035013046115636826,0.0625,0.030487060546875,mix_UI_ST_0_1428,0
-1.2471169233322144,0.0014425248373299837,0.1015625,0.036764126271009445,0.0716145858168602,0.0499267578125,cauldron_ln_22332,1
-1.7280457019805908,-0.017758576199412346,0.046875,0.049265630543231964,0.044921875,0.03422851487994194,mix_UI_ST_0_60,0
-1.4225640296936035,0.0005055897054262459,0.09375,0.03267885744571686,0.0651041716337204,0.0378875732421875,cauldron_ln_19452,1
-2.310208320617676,-0.00262451171875,0.078125,0.03141510859131813,0.056640625,0.0358072929084301,cauldron_ln_23940,0
-1.6370447874069214,0.0012858073459938169,0.125,0.054008085280656815,0.1083984375,0.06764914840459824,cauldron_ln_10492,1
-1.7291581630706787,-0.0009935955749824643,0.11328125,0.04207839444279671,0.0791015625,0.04746093973517418,cauldron_ln_8971,0
-1.4674140214920044,0.002599752275273204,0.09375,0.036812879145145416,0.06894531100988388,0.049917370080947876,cauldron_ln_28674,0
-2.182703971862793,0.0010833740234375,0.046875,0.03032314032316208,0.046875,0.03076171875,mix_UI_ST_0_817,0
-2.604043960571289,0.005283409263938665,0.21875,0.05342014878988266,0.1205357164144516,0.07674632221460342,mix_SI_UT_0_572,0
-2.1388158798217773,-0.007641132455319166,0.171875,0.05021420493721962,0.08515625447034836,0.05018028989434242,mix_UI_ST_0_732,0
-1.675418734550476,0.0006594450678676367,0.0546875,0.021018676459789276,0.04443359375,0.02216796949505806,cauldron_ln_19665,1
-2.289853096008301,0.007415235973894596,0.125,0.045827724039554596,0.08828125149011612,0.0662667453289032,mix_UI_ST_0_1423,0
-1.6695609092712402,-0.005581054370850325,0.05859375,0.031879160553216934,0.056640625,0.0304361991584301,mix_UI_ST_0_158,0
-1.8182494640350342,0.00798688642680645,0.125,0.0467042475938797,0.1171875,0.0701729953289032,mix_UI_ST_0_183,0
-1.3944910764694214,-0.005336100235581398,0.0546875,0.034028589725494385,0.0431082621216774,0.02890353836119175,mix_UI_ST_0_891,0
-1.220411777496338,0.005076975096017122,0.1640625,0.035768330097198486,0.0924479216337204,0.04681755602359772,cauldron_ln_24372,0
-1.2361730337142944,0.007951471954584122,0.07421875,0.03091774694621563,0.06640625,0.048828125,mix_SI_UT_0_1044,0
-1.2950078248977661,0.0047893524169921875,0.046875,0.02019626647233963,0.046875,0.03173828125,mix_UI_ST_0_1325,0
-1.593491554260254,-0.0018275999464094639,0.1171875,0.03882104903459549,0.07890625298023224,0.04634916037321091,mix_SI_UT_0_708,0
-1.991661787033081,0.00023249576042871922,0.0703125,0.030108321458101273,0.0502232164144516,0.03525904566049576,cauldron_ln_11013,1
-1.3565837144851685,-0.00043786090100184083,0.1015625,0.04066373035311699,0.080078125,0.048828125,cauldron_ln_20800,0
-1.6820038557052612,0.0007677192916162312,0.12890625,0.03720805048942566,0.07568359375,0.04912109300494194,mix_UI_ST_0_572,0
-1.2366111278533936,0.0126953125,0.0625,0.02364007569849491,0.0625,0.048828125,cauldron_ln_124,0
-1.7298476696014404,-0.005803888663649559,0.1015625,0.040930088609457016,0.0580357164144516,0.03654399514198303,cauldron_ln_29677,1
-1.8016223907470703,0.0006975446594879031,0.109375,0.03460019826889038,0.0677083358168602,0.0460205078125,cauldron_ln_8650,0
-1.7860841751098633,0.0036214191932231188,0.07421875,0.039339784532785416,0.07421875,0.05322265625,mix_SI_UT_0_1249,0
-2.115999221801758,0.0072610042989254,0.15625,0.03687511757016182,0.08359374850988388,0.0546875037252903,mix_UI_ST_0_1235,0
-2.277082920074463,0.0015980114694684744,0.1015625,0.037388015538454056,0.08203125,0.04804687574505806,mix_UI_ST_0_879,0
-0.9962061047554016,-0.0011657715076580644,0.09375,0.03450901061296463,0.06562500447034836,0.0400797538459301,cauldron_ln_1221,1
-0.9151103496551514,-0.00351232779212296,0.1015625,0.03189033642411232,0.055419921875,0.0290992371737957,cauldron_ln_9423,0
-1.7981982231140137,-0.006224155426025391,0.09375,0.04006042331457138,0.0732421875,0.0433349609375,cauldron_ln_18060,1
-1.179437518119812,0.006507286801934242,0.109375,0.02597132697701454,0.078125,0.0397135429084301,mix_UI_ST_0_656,0
-0.9167239665985107,-0.003526256885379553,0.09375,0.028436221182346344,0.0475260429084301,0.02819824405014515,mix_SI_UT_0_256,0
-1.259179711341858,-0.003916015382856131,0.13671875,0.04080171510577202,0.083984375,0.0392252616584301,cauldron_ln_20909,1
-1.9068715572357178,-0.0009577824966982007,0.0546875,0.03240230306982994,0.05078125,0.034423828125,mix_UI_ST_0_92,0
-1.806053876876831,-0.004489605315029621,0.078125,0.03707507252693176,0.05585937574505806,0.036733776330947876,mix_UI_ST_0_903,0
-1.790560245513916,2.330433198949322e-05,0.109375,0.04169132933020592,0.08125000447034836,0.052809495478868484,mix_UI_ST_0_589,0
-1.3465415239334106,0.0005621659220196307,0.1171875,0.044274646788835526,0.0924479216337204,0.0567491315305233,mix_UI_ST_0_538,0
-0.8560674786567688,0.0063646105118095875,0.09375,0.028145115822553635,0.0729166716337204,0.0419921875,cauldron_ln_2214,1
-1.5745733976364136,0.002298494568094611,0.0859375,0.03730577230453491,0.06689453125,0.05214843899011612,cauldron_ln_6509,1
-1.0711971521377563,0.0022869110107421875,0.09375,0.03235049173235893,0.06640625,0.042236328125,cauldron_ln_24134,0
-1.8270655870437622,0.00737653486430645,0.0703125,0.033417828381061554,0.0673828125,0.05039062723517418,mix_UI_ST_0_1439,0
-1.048353672027588,-0.003004807746037841,0.0205078125,0.01806623674929142,0.0205078125,0.013346354477107525,cauldron_ln_8926,0
-1.2552870512008667,0.004882343113422394,0.140625,0.0367969311773777,0.0817057341337204,0.05047607421875,mix_UI_ST_0_861,0
-1.2547686100006104,-0.0027302333619445562,0.11328125,0.036385711282491684,0.07968749850988388,0.0377197265625,mix_UI_ST_0_713,0
-3.5645856857299805,-0.0029296877328306437,0.078125,0.05205249413847923,0.078125,0.0625,cauldron_ln_8735,1
-1.2184255123138428,0.0072733559645712376,0.1484375,0.04284604638814926,0.111328125,0.0621744804084301,cauldron_ln_27980,0
-2.0324289798736572,-0.010906982235610485,0.1015625,0.045456212013959885,0.06298828125,0.03598633036017418,cauldron_ln_2139,0
-2.0455613136291504,0.004195363726466894,0.125,0.04976942017674446,0.10546875,0.0677083358168602,cauldron_ln_5020,0
-2.307593822479248,-0.00487409345805645,0.15625,0.061532288789749146,0.095703125,0.06064453348517418,cauldron_ln_21148,0
-2.5431389808654785,0.00990949384868145,0.109375,0.04051848128437996,0.09765625,0.0655691996216774,mix_SI_UT_0_1005,0
-1.2495828866958618,-0.0028709128964692354,0.0703125,0.031682491302490234,0.04765624925494194,0.03094951994717121,cauldron_ln_21377,1
-1.997706651687622,0.008993824943900108,0.1875,0.045242320746183395,0.1197916716337204,0.0675223246216774,cauldron_ln_17507,1
-2.219841241836548,-0.0007751464727334678,0.078125,0.04362485557794571,0.0732421875,0.05507812649011612,mix_UI_ST_0_802,0
-1.2007298469543457,0.004665452521294355,0.08203125,0.0292720478028059,0.0693359375,0.0451253280043602,mix_SI_UT_0_427,0
-1.394242525100708,0.001246675499714911,0.10546875,0.04316156357526779,0.0908203125,0.05628551170229912,mix_UI_ST_0_331,0
-1.9608973264694214,-0.022198017686605453,0.0234375,0.036555178463459015,0.0234375,0.01399739645421505,mix_SI_UT_0_1272,0
-2.628215789794922,-0.014197716489434242,0.0234375,0.031243935227394104,0.0234375,0.01985677145421505,mix_UI_ST_0_1121,0
-1.7331318855285645,-0.009769112803041935,0.0703125,0.0408974289894104,0.0598958358168602,0.0439453125,cauldron_ln_4908,1
-1.094120740890503,-0.0028843472246080637,0.109375,0.03151453658938408,0.0520833358168602,0.02923583984375,mix_SI_UT_0_772,0
-1.8536505699157715,0.011881510727107525,0.109375,0.04196779802441597,0.109375,0.0732421875,cauldron_ln_666,1
-1.7631429433822632,-0.004450181033462286,0.109375,0.035753294825553894,0.07187499850988388,0.040283203125,cauldron_ln_27131,0
-1.173737645149231,0.0005549159250222147,0.078125,0.029515519738197327,0.05507812649011612,0.03414351865649223,cauldron_ln_3910,1
-2.632390022277832,0.013232422061264515,0.12109375,0.041900016367435455,0.103515625,0.0703125,mix_SI_UT_0_1178,0
-1.3877475261688232,-0.0005731349810957909,0.0625,0.03885415941476822,0.05126953125,0.03947753831744194,mix_SI_UT_0_223,0
-1.7503416538238525,0.0052483053877949715,0.125,0.04393661394715309,0.08984375,0.060546875,mix_SI_UT_0_68,0
-1.8596765995025635,-0.011635072529315948,0.078125,0.04727381095290184,0.0592447929084301,0.0345052108168602,cauldron_ln_3601,0
-1.3455995321273804,-0.006657297722995281,0.07421875,0.03733590990304947,0.05419921875,0.03242187574505806,mix_UI_ST_0_1128,0
-1.7062647342681885,-0.0038659668061882257,0.109375,0.03839731588959694,0.09765625,0.0374399833381176,cauldron_ln_28598,0
-1.4426915645599365,-0.0040690102614462376,0.10546875,0.03908199444413185,0.083984375,0.0435384139418602,cauldron_ln_1309,1
-1.3070402145385742,-0.0017432888271287084,0.2890625,0.047461628913879395,0.09465144574642181,0.04920869693160057,mix_SI_UT_0_626,0
-1.176201581954956,-0.015393066219985485,0.1640625,0.06139254942536354,0.0817057341337204,0.0382080078125,mix_SI_UT_0_492,0
-1.5094900131225586,-0.007821377366781235,0.078125,0.03691991791129112,0.05625000223517418,0.034780651330947876,mix_UI_ST_0_874,0
-1.5211783647537231,-0.00832138117402792,0.046875,0.03249021992087364,0.0361328125,0.02188720740377903,mix_UI_ST_0_47,0
-1.9106613397598267,-0.001708984375,0.1328125,0.05698036402463913,0.0963541716337204,0.05712890625,cauldron_ln_8597,0
-2.3618030548095703,-0.01801215298473835,0.09375,0.05166855826973915,0.09375,0.0498046875,cauldron_ln_5549,1
-1.1861233711242676,-0.005653858184814453,0.078125,0.04089140519499779,0.064453125,0.035888671875,mix_UI_ST_0_54,0
-1.3680096864700317,0.0024058024864643812,0.078125,0.03560938686132431,0.0729166716337204,0.0486111119389534,mix_SI_UT_0_1130,0
-1.849740743637085,-0.011498702690005302,0.0859375,0.036653969436883926,0.0677083358168602,0.0365668423473835,cauldron_ln_5613,0
-0.9109485149383545,-0.002782361349090934,0.05859375,0.02569621242582798,0.044921875,0.0247279591858387,cauldron_ln_8499,0
-1.7462170124053955,-0.005090662278234959,0.109375,0.03875463828444481,0.0768229216337204,0.0423177070915699,mix_SI_UT_0_12,0
-1.7239471673965454,0.007666587829589844,0.0703125,0.03114273026585579,0.0625,0.04833984375,cauldron_ln_3248,1
-1.937168836593628,0.008279419504106045,0.2109375,0.04773328825831413,0.111328125,0.06679687649011612,cauldron_ln_1876,0
-1.2494641542434692,-0.007632395718246698,0.140625,0.05096161365509033,0.0831705778837204,0.04379069060087204,mix_UI_ST_0_498,0
-0.9552942514419556,-0.005864257458597422,0.046875,0.03818753361701965,0.0390625,0.025634765625,cauldron_ln_5349,0
-1.3345911502838135,0.000648930377792567,0.07421875,0.027003604918718338,0.056640625,0.03560697287321091,cauldron_ln_7679,1
-1.4963068962097168,-0.00028935185400769114,0.07421875,0.04673987627029419,0.068359375,0.0559895858168602,cauldron_ln_4604,0
-1.6772582530975342,-0.002005837159231305,0.09375,0.03528314828872681,0.0625,0.040127843618392944,cauldron_ln_28186,0
-1.2796289920806885,0.004798302426934242,0.08203125,0.030246879905462265,0.072265625,0.0457356795668602,mix_UI_ST_0_402,0
-1.37322998046875,-0.010049994103610516,0.048828125,0.03240421786904335,0.03466796875,0.022061435505747795,mix_UI_ST_0_105,0
-1.7249679565429688,0.006846501491963863,0.2265625,0.04425033926963806,0.11250000447034836,0.06043419614434242,mix_SI_UT_0_82,0
-1.223811149597168,0.0020215834956616163,0.07421875,0.029413025826215744,0.0638020858168602,0.0374891497194767,cauldron_ln_5978,1
-0.887488067150116,-0.0019802518654614687,0.0625,0.025136154145002365,0.0458984375,0.024813566356897354,mix_UI_ST_0_798,0
-1.604482650756836,-0.00036366781569086015,0.07421875,0.024867070838809013,0.048828125,0.02809651754796505,mix_UI_ST_0_1339,0
-1.3435322046279907,-0.004146541468799114,0.171875,0.04944848641753197,0.08416193723678589,0.04802336543798447,mix_UI_ST_0_145,0
-1.5929430723190308,-0.002398322569206357,0.05859375,0.032741524279117584,0.046875,0.03515625,cauldron_ln_8580,1
-1.748519778251648,-0.0007031249697320163,0.0703125,0.03263125568628311,0.06640625,0.04150390625,mix_UI_ST_0_1156,0
-1.386583924293518,-0.0050106048583984375,0.0625,0.03084396757185459,0.0416666679084301,0.02459716796875,mix_SI_UT_0_534,0
-1.3532984256744385,-0.002882385393604636,0.09375,0.03723125904798508,0.060791015625,0.04130859300494194,mix_SI_UT_0_720,0
-1.6434636116027832,-0.009554349817335606,0.07421875,0.05960729718208313,0.072265625,0.0445963554084301,mix_SI_UT_0_835,0
-2.198322296142578,-0.0078125,0.056640625,0.03397409990429878,0.056640625,0.0377604179084301,cauldron_ln_23905,1
-2.1586077213287354,0.0008697509765625,0.068359375,0.03861478716135025,0.06201171875,0.0382486991584301,cauldron_ln_18860,1
-1.0189428329467773,-0.004574405495077372,0.06640625,0.037522461265325546,0.052001953125,0.0328543521463871,mix_SI_UT_0_479,0
-1.8554919958114624,-0.0018310546875,0.06640625,0.034237660467624664,0.052734375,0.0381673201918602,mix_UI_ST_0_82,0
-0.8159890174865723,0.00510370172560215,0.0546875,0.017177492380142212,0.046875,0.02841796912252903,mix_UI_ST_0_232,0
-1.6781489849090576,0.0019510203273966908,0.1875,0.04333777725696564,0.099853515625,0.0506417416036129,mix_SI_UT_0_185,0
-1.0851209163665771,-0.0007006835658103228,0.060546875,0.02923951856791973,0.0498046875,0.0358479842543602,cauldron_ln_12870,1
-1.8929696083068848,0.0062081473879516125,0.1171875,0.04753270372748375,0.09375,0.07373046875,cauldron_ln_272,0
-1.5111160278320312,-0.005828857421875,0.064453125,0.02780243568122387,0.048828125,0.0299072265625,mix_SI_UT_0_517,0
-1.139692783355713,-0.0010127577697858214,0.078125,0.035379961133003235,0.05615234375,0.03867187723517418,cauldron_ln_914,0
-1.4219938516616821,-0.0007265152526088059,0.09375,0.03500250354409218,0.0703125,0.04163411632180214,mix_UI_ST_0_165,0
-1.055215835571289,0.0007442898349836469,0.08984375,0.03601733595132828,0.06328125298023224,0.04041466489434242,mix_SI_UT_0_379,0
-1.270850658416748,-0.00492117740213871,0.1015625,0.03676500543951988,0.0690104216337204,0.037445068359375,mix_UI_ST_0_887,0
-1.9382466077804565,0.0021284054964780807,0.109375,0.03807201236486435,0.0865885466337204,0.0564236119389534,mix_SI_UT_0_1207,0
-1.2469419240951538,-0.003096147207543254,0.078125,0.035080552101135254,0.078125,0.04765624925494194,cauldron_ln_20163,0
-1.4889552593231201,0.002966629806905985,0.1015625,0.03970292955636978,0.078125,0.0502387173473835,mix_UI_ST_0_280,0
-1.3556299209594727,0.013760654255747795,0.09375,0.028080984950065613,0.0719401091337204,0.0533447265625,mix_SI_UT_0_62,0
-1.781828761100769,0.0025889079552143812,0.1171875,0.04555657505989075,0.1015625,0.0528971366584301,mix_SI_UT_0_803,0
-1.2715784311294556,0.00379130057990551,0.1015625,0.030336109921336174,0.0677083358168602,0.04065755382180214,cauldron_ln_10188,1
-1.7628798484802246,-0.0055586290545761585,0.109375,0.04655635729432106,0.0869140625,0.04824218899011612,cauldron_ln_600,1
-2.4327316284179688,0.00335693359375,0.125,0.04777311161160469,0.0859375,0.06406249850988388,cauldron_ln_13520,0
-1.6003682613372803,0.00013660249533131719,0.125,0.0419558547437191,0.08203125,0.05302734300494194,cauldron_ln_13289,1
-1.6184557676315308,0.00544637069106102,0.1640625,0.053121984004974365,0.1067708358168602,0.0756138414144516,mix_UI_ST_0_249,0
-1.6695191860198975,-0.005382191389799118,0.046875,0.02890031784772873,0.0390625,0.03085937537252903,cauldron_ln_17923,0
-1.5819032192230225,0.015102040022611618,0.125,0.0385918952524662,0.1123046875,0.06800426542758942,cauldron_ln_21703,0
-1.553837537765503,0.008919093757867813,0.13671875,0.04442896321415901,0.1123046875,0.06787109375,mix_UI_ST_0_275,0
-2.755746841430664,-0.007839563302695751,0.09375,0.04974614456295967,0.0703125,0.045823320746421814,mix_SI_UT_0_259,0
-1.8972935676574707,0.0003836495743598789,0.09375,0.039589133113622665,0.080078125,0.0491071455180645,cauldron_ln_1043,0
-1.9549509286880493,0.0049874442629516125,0.09375,0.038212940096855164,0.09375,0.0625,mix_SI_UT_0_135,0
-1.038374423980713,-0.004528414458036423,0.0400390625,0.03173644095659256,0.0341796875,0.0241350457072258,cauldron_ln_22227,0
-1.3007779121398926,0.0002650669775903225,0.1796875,0.03615685552358627,0.06875000149011612,0.04029259458184242,cauldron_ln_1112,0
-1.7700223922729492,0.0009972709231078625,0.109375,0.03874778747558594,0.07741477340459824,0.0461774580180645,cauldron_ln_19651,1
-1.4714562892913818,0.007603236939758062,0.083984375,0.03694988042116165,0.0791015625,0.05195312574505806,cauldron_ln_16159,1
-1.4235045909881592,0.0007459852495230734,0.109375,0.050344984978437424,0.109375,0.07080078125,cauldron_ln_17428,1
-1.0147051811218262,0.0048692491836845875,0.109375,0.035702627152204514,0.0729166716337204,0.046875,cauldron_ln_5226,1
-1.8143357038497925,-0.006884765811264515,0.09375,0.04237529635429382,0.0712890625,0.03828125074505806,mix_UI_ST_0_262,0
-1.5452173948287964,-0.0020466255955398083,0.0859375,0.034938544034957886,0.0693359375,0.039328835904598236,cauldron_ln_26254,1
-1.7317662239074707,0.0066397530026733875,0.125,0.03788509592413902,0.095703125,0.0614013671875,cauldron_ln_2768,0
-1.3272345066070557,0.007328578270971775,0.1875,0.04438396543264389,0.1100260466337204,0.064697265625,cauldron_ln_13203,0
-2.131199836730957,-0.0068257651291787624,0.1171875,0.04203595593571663,0.07421875,0.0401204451918602,cauldron_ln_25117,0
-1.2115418910980225,0.005107116885483265,0.12890625,0.04522031545639038,0.1015625,0.05585937574505806,cauldron_ln_16388,0
-1.0808110237121582,-0.004936606157571077,0.0625,0.03157000616192818,0.05078125,0.0286690853536129,mix_UI_ST_0_244,0
-1.4729132652282715,-0.0070317587815225124,0.046875,0.0312698557972908,0.0400390625,0.0242106132209301,mix_SI_UT_0_1200,0
-2.546079635620117,0.0012561428593471646,0.12109375,0.04560279846191406,0.08984375,0.0602678582072258,cauldron_ln_16838,1
-1.1935749053955078,-0.004656242672353983,0.0703125,0.0304332934319973,0.0445963554084301,0.028228759765625,mix_UI_ST_0_426,0
-1.3344035148620605,-0.0047665550373494625,0.0234375,0.01785932667553425,0.021484375,0.012109375558793545,mix_UI_ST_0_570,0
-0.9380359649658203,0.0035005456302314997,0.078125,0.027559055015444756,0.078125,0.040283203125,mix_SI_UT_0_368,0
-0.8176539540290833,-0.001243159524165094,0.0859375,0.03368029370903969,0.05742187425494194,0.03579477220773697,cauldron_ln_21420,1
-1.3826313018798828,-0.013567504473030567,0.0625,0.04120813310146332,0.04062500223517418,0.022705078125,cauldron_ln_9803,0
-1.502609372138977,0.006271103862673044,0.2421875,0.051004018634557724,0.12031250447034836,0.0623604953289032,cauldron_ln_11011,1
-1.8300049304962158,0.0011301347985863686,0.09375,0.043293844908475876,0.0712890625,0.05299479514360428,cauldron_ln_28418,0
-1.5882134437561035,-0.009388732723891735,0.05078125,0.03057556040585041,0.04296875,0.02500000037252903,cauldron_ln_25938,0
-1.6974480152130127,0.0037928989622741938,0.06640625,0.03218638151884079,0.060546875,0.04218750074505806,cauldron_ln_27495,0
-0.665364146232605,-0.001804351806640625,0.0859375,0.03188793733716011,0.0540364608168602,0.0314178466796875,mix_UI_ST_0_1217,0
-1.5514988899230957,-0.019170347601175308,0.01611328125,0.03530552610754967,0.015869140625,0.0079345703125,mix_UI_ST_0_803,0
-1.4916224479675293,0.0009082031319849193,0.09375,0.036926593631505966,0.078125,0.0462239608168602,cauldron_ln_23056,0
-1.3497896194458008,-0.010303844697773457,0.06640625,0.041198648512363434,0.056640625,0.04023437574505806,mix_SI_UT_0_941,0
-1.9863810539245605,0.009473224170506,0.1875,0.04637684300541878,0.11083984375,0.07382812350988388,mix_SI_UT_0_1013,0
-1.7299728393554688,-0.011551978066563606,0.25,0.05727958306670189,0.090401791036129,0.045323990285396576,cauldron_ln_694,0
-2.0284345149993896,-0.01250488217920065,0.07421875,0.03848826885223389,0.068359375,0.033203125,cauldron_ln_19294,1
-1.1174466609954834,0.0036492599174380302,0.046875,0.019857849925756454,0.046875,0.03564453125,cauldron_ln_25893,1
-1.035729169845581,-0.004687500186264515,0.041015625,0.028547177091240883,0.0374348983168602,0.02483258955180645,mix_SI_UT_0_1428,0
-2.616098403930664,0.003183793043717742,0.1171875,0.048924870789051056,0.1015625,0.0674641951918602,mix_UI_ST_0_991,0
-1.1620038747787476,0.004308527335524559,0.0625,0.0217694491147995,0.0546875,0.03261718899011612,cauldron_ln_10965,1
-2.266904354095459,-0.002199613256379962,0.09375,0.04259778559207916,0.07187499850988388,0.046987682580947876,mix_SI_UT_0_814,0
-1.9102704524993896,0.012915360741317272,0.109375,0.04461784288287163,0.099609375,0.0744357630610466,cauldron_ln_28246,1
-1.825164794921875,0.00614790478721261,0.125,0.054525166749954224,0.125,0.103515625,cauldron_ln_12624,0
-1.2580456733703613,-0.0008742014761082828,0.109375,0.0367836095392704,0.087890625,0.04205322265625,mix_SI_UT_0_668,0
-2.2674636840820312,-0.010852348059415817,0.16015625,0.05262767896056175,0.0927734375,0.05224609375,cauldron_ln_27044,1
-2.04435133934021,-0.0034577124752104282,0.109375,0.05211445316672325,0.09375,0.06601562350988388,cauldron_ln_5818,1
-1.4825422763824463,-0.005473234225064516,0.078125,0.0427543967962265,0.06201171875,0.0457356795668602,cauldron_ln_12491,1
-1.0926926136016846,0.004484015051275492,0.125,0.03609330952167511,0.09218750149011612,0.0512695349752903,cauldron_ln_22160,1
-1.466081142425537,-0.008966500870883465,0.1015625,0.041762735694646835,0.0655691996216774,0.03911994397640228,mix_UI_ST_0_1033,0
-2.151787519454956,-0.0022298176772892475,0.1015625,0.03775397688150406,0.0771484375,0.04261363670229912,cauldron_ln_28943,0
-1.887921690940857,0.0012410482158884406,0.0625,0.030474932864308357,0.0625,0.0437825545668602,cauldron_ln_7780,0
-1.2012486457824707,0.0030517578125,0.041015625,0.023246752098202705,0.0397135429084301,0.03515625,mix_UI_ST_0_433,0
-1.513716220855713,0.004768958780914545,0.078125,0.035218361765146255,0.06640625,0.0486653670668602,cauldron_ln_28160,1
-1.282921552658081,-0.0071125030517578125,0.0390625,0.029921993613243103,0.03125,0.020263671875,mix_UI_ST_0_1453,0
-1.238316297531128,-0.0025015438441187143,0.0703125,0.03258231282234192,0.0514322929084301,0.0343017578125,cauldron_ln_17075,1
-1.6778028011322021,-0.0016214122297242284,0.15625,0.05305565893650055,0.09912109375,0.057883523404598236,mix_SI_UT_0_115,0
-1.6079027652740479,-0.0029463996179401875,0.15625,0.04186961427330971,0.0810546875,0.04360351711511612,mix_SI_UT_0_754,0
-1.080040693283081,-0.0021830713376402855,0.072265625,0.03518619015812874,0.05810546875,0.03740234300494194,mix_SI_UT_0_1172,0
-0.9246153235435486,0.005499118473380804,0.0703125,0.028488118201494217,0.0654296875,0.04453125223517418,cauldron_ln_29495,0
-1.157120704650879,0.0029489616863429546,0.140625,0.058179523795843124,0.140625,0.0791015625,cauldron_ln_22472,0
-1.2916903495788574,-0.00036231506965123117,0.09375,0.03465725854039192,0.0703125,0.04367898032069206,mix_UI_ST_0_424,0
-1.467289686203003,-0.006632487289607525,0.0390625,0.028970615938305855,0.0390625,0.0325520858168602,cauldron_ln_9119,0
-2.353517532348633,0.0010625275317579508,0.1875,0.03974505886435509,0.0778459832072258,0.04802389815449715,mix_UI_ST_0_701,0
-1.1905384063720703,-0.010733865201473236,0.04296875,0.03334038332104683,0.029541015625,0.01959783397614956,cauldron_ln_11599,1
-2.1465272903442383,-5.15790043209563e-06,0.0859375,0.03979180008172989,0.066964291036129,0.049172792583703995,cauldron_ln_4888,0
-1.5646719932556152,0.0059644910506904125,0.109375,0.03205358609557152,0.109375,0.0498046875,mix_UI_ST_0_1111,0
-1.366117238998413,-0.006899949628859758,0.05078125,0.0387638658285141,0.0478515625,0.03251953050494194,mix_UI_ST_0_425,0
-1.625916600227356,0.001326127559877932,0.048828125,0.02446587383747101,0.0475260429084301,0.0301513671875,cauldron_ln_22621,0
-1.3321776390075684,-6.260016380110756e-05,0.125,0.04035453125834465,0.078125,0.0455729179084301,cauldron_ln_20181,1
-2.1561527252197266,-0.0025472005363553762,0.109375,0.0377642996609211,0.0712890625,0.042258523404598236,cauldron_ln_29922,0
-1.5590120553970337,0.005073098931461573,0.09375,0.03716181963682175,0.07656250149011612,0.0543619804084301,mix_UI_ST_0_1324,0
-2.5318617820739746,-0.0018833705689758062,0.0859375,0.04827813059091568,0.068359375,0.05332031473517418,cauldron_ln_13376,0
-2.1858394145965576,0.008821186609566212,0.09375,0.044466592371463776,0.09375,0.07861328125,mix_SI_UT_0_1144,0
-1.985059142112732,-0.0023018973879516125,0.125,0.04378589615225792,0.08984375,0.04218750074505806,mix_UI_ST_0_592,0
-1.798041820526123,0.006731306202709675,0.0625,0.03329148516058922,0.0625,0.0546875,cauldron_ln_339,1
-2.4106762409210205,0.009672664105892181,0.171875,0.050896111875772476,0.1119791716337204,0.0772705078125,cauldron_ln_29656,0
-1.2124674320220947,0.008686946704983711,0.1640625,0.04367772117257118,0.09785156697034836,0.06084735691547394,mix_SI_UT_0_383,0
-1.8227717876434326,0.004433565307408571,0.15625,0.05387598276138306,0.111328125,0.06582031399011612,cauldron_ln_29187,1
-1.1750071048736572,0.0006420738063752651,0.140625,0.03002982586622238,0.070870541036129,0.03568950295448303,mix_SI_UT_0_879,0
-1.1754525899887085,-0.005183628760278225,0.0703125,0.03220941126346588,0.05312500149011612,0.02945382334291935,cauldron_ln_4512,0
-1.38920259475708,-0.0028218114748597145,0.125,0.035799797624349594,0.07275390625,0.04072265699505806,cauldron_ln_27971,0
-0.9680336117744446,0.00681231077760458,0.0546875,0.022315964102745056,0.0494791679084301,0.0396205373108387,cauldron_ln_24154,1
-1.9354385137557983,-0.0113983154296875,0.08203125,0.05151855945587158,0.0794270858168602,0.048583984375,mix_SI_UT_0_617,0
-0.889835000038147,-0.0014391447184607387,0.03125,0.022350668907165527,0.03125,0.025390625,cauldron_ln_22479,0
-1.5124585628509521,0.0020098004024475813,0.07421875,0.04011980816721916,0.0690104216337204,0.051513671875,cauldron_ln_7911,0
-2.2600326538085938,-0.004677220247685909,0.078125,0.03501366451382637,0.078125,0.041259765625,cauldron_ln_14848,1
-1.0703589916229248,0.012389681302011013,0.125,0.039193589240312576,0.1061197966337204,0.06768798828125,mix_SI_UT_0_1481,0
-1.5345358848571777,-0.0005758534534834325,0.09375,0.04294239729642868,0.0703125,0.05078125,cauldron_ln_8428,1
-1.551814317703247,0.00010899135668296367,0.0859375,0.03271752595901489,0.06171875074505806,0.0389229916036129,mix_UI_ST_0_1275,0
-1.4522697925567627,-0.009218158200383186,0.09375,0.031103868037462234,0.0520833358168602,0.0238037109375,mix_UI_ST_0_1280,0
-1.8346556425094604,-0.0056561920791864395,0.1640625,0.05146259441971779,0.0848214328289032,0.054481908679008484,cauldron_ln_23262,1
-1.5149763822555542,0.0041910805739462376,0.1015625,0.04065364971756935,0.1015625,0.0537109375,mix_UI_ST_0_458,0
-1.660417079925537,0.008275649510324001,0.140625,0.03884383291006088,0.1002604216337204,0.06158088147640228,cauldron_ln_16601,0
-1.1107720136642456,-0.0041656494140625,0.109375,0.032452818006277084,0.0594618059694767,0.030850498005747795,mix_SI_UT_0_675,0
-1.6273307800292969,-0.0010064307134598494,0.125,0.04363887012004852,0.09130859375,0.046098191291093826,cauldron_ln_15112,0
-1.3484821319580078,-0.010082769207656384,0.09375,0.03449857980012894,0.05625000223517418,0.0313313826918602,cauldron_ln_22076,0
-1.1860703229904175,0.0008451021858491004,0.109375,0.038883697241544724,0.07187499850988388,0.045522838830947876,cauldron_ln_29678,1
-1.5327413082122803,0.0016944088274613023,0.125,0.03956085816025734,0.0875651091337204,0.05206298828125,cauldron_ln_22777,1
-2.0337157249450684,-0.0047851563431322575,0.0859375,0.04502706974744797,0.072265625,0.0462239608168602,mix_SI_UT_0_1098,0
-1.6641515493392944,-0.008702895604074001,0.0625,0.023752156645059586,0.0625,0.0194091796875,cauldron_ln_1045,0
-3.1345741748809814,-0.015420236624777317,0.0625,0.05998600646853447,0.0533854179084301,0.041015625,mix_SI_UT_0_602,0
-0.9468675255775452,0.00020971054618712515,0.078125,0.029545143246650696,0.0625,0.0352647565305233,mix_SI_UT_0_1118,0
-1.5726064443588257,0.004150390625,0.109375,0.03573020547628403,0.09375,0.0460379496216774,mix_UI_ST_0_571,0
-1.2911725044250488,0.0008544921875,0.0859375,0.04043625295162201,0.0859375,0.048828125,cauldron_ln_5437,0
-2.707420587539673,0.0022957094479352236,0.0859375,0.04068019241094589,0.0716145858168602,0.05221354588866234,mix_SI_UT_0_683,0
-1.0868233442306519,0.0008597996202297509,0.05859375,0.029627731069922447,0.052734375,0.03925781324505806,mix_UI_ST_0_845,0
-1.4079989194869995,0.009286063723266125,0.103515625,0.035121820867061615,0.103515625,0.060546875,cauldron_ln_5747,0
-2.2222933769226074,0.014507872052490711,0.171875,0.043014198541641235,0.1119791716337204,0.0703125,mix_SI_UT_0_586,0
-1.0493800640106201,-0.010800065472722054,0.0390625,0.028018200770020485,0.03125,0.01454816572368145,cauldron_ln_27455,0
-1.4607431888580322,0.003554124152287841,0.125,0.04774170368909836,0.1015625,0.06640625,mix_UI_ST_0_603,0
-1.6917104721069336,0.003985969349741936,0.078125,0.03519495576620102,0.066162109375,0.05078125,cauldron_ln_19833,1
-1.193958044052124,-0.007072634529322386,0.046875,0.030103476718068123,0.03662109375,0.022979736328125,cauldron_ln_11873,0
-1.293973684310913,-0.009252374991774559,0.015625,0.01860800012946129,0.015625,0.01171875,cauldron_ln_18519,1
-1.4165451526641846,0.009059906005859375,0.109375,0.03755851089954376,0.076171875,0.0546875,cauldron_ln_3353,0
-2.5010414123535156,0.0019162200624123216,0.09375,0.041401613503694534,0.07421875,0.052734375,mix_UI_ST_0_859,0
-1.795380711555481,-0.0073343911208212376,0.140625,0.03706830367445946,0.078125,0.03095160610973835,mix_SI_UT_0_65,0
-1.4454973936080933,-0.004490152932703495,0.09375,0.037935055792331696,0.07421875,0.039817117154598236,cauldron_ln_20664,1
-1.1315052509307861,0.0023478190414607525,0.125,0.043089915066957474,0.0888671875,0.053799718618392944,cauldron_ln_4887,0
-1.70759916305542,0.005017448682337999,0.1171875,0.03299707546830177,0.0748697966337204,0.05126953125,cauldron_ln_15769,1
-1.0484943389892578,0.004319411236792803,0.09375,0.03751162439584732,0.0807291716337204,0.0549045130610466,cauldron_ln_26350,0
-1.4148547649383545,-0.00042379129445180297,0.1171875,0.03649546578526497,0.07773437350988388,0.045147236436605453,cauldron_ln_25210,0
-1.04803466796875,-0.002473638392984867,0.1015625,0.0329267680644989,0.065673828125,0.033402878791093826,mix_UI_ST_0_184,0
-1.580293893814087,0.00248674675822258,0.1015625,0.04176727682352066,0.0729166716337204,0.0509033203125,cauldron_ln_21527,0
-1.462918758392334,0.0026367187965661287,0.109375,0.054573968052864075,0.109375,0.0833333358168602,mix_UI_ST_0_1297,0
-0.9922121167182922,-0.0031494139693677425,0.041015625,0.030191943049430847,0.0341796875,0.02490234375,cauldron_ln_3440,1
-1.2841570377349854,-0.01605142094194889,0.05859375,0.03819000720977783,0.0442708358168602,0.02068413607776165,mix_UI_ST_0_18,0
-1.9497833251953125,0.002570190466940403,0.171875,0.04631813243031502,0.09218750149011612,0.0594075545668602,mix_SI_UT_0_1324,0
-1.363165020942688,-0.0057525634765625,0.0703125,0.03126629441976547,0.0472005233168602,0.0284423828125,cauldron_ln_7561,0
-2.4508752822875977,-0.005304510239511728,0.109375,0.04448206350207329,0.07421875,0.044921875,cauldron_ln_6067,1
-1.8880925178527832,-0.0063149589113891125,0.09375,0.04126878082752228,0.09375,0.04052734375,cauldron_ln_1563,1
-2.266439914703369,0.004717658739537001,0.0625,0.02585049346089363,0.0625,0.0361328125,mix_UI_ST_0_958,0
-1.1968576908111572,-0.0063775754533708096,0.1640625,0.04867192730307579,0.08749999850988388,0.0444997176527977,mix_SI_UT_0_975,0
-2.175494432449341,0.00881218258291483,0.109375,0.034006547182798386,0.0963541716337204,0.055419921875,cauldron_ln_24477,1
-1.1888326406478882,0.004083041567355394,0.171875,0.04122430086135864,0.1015625,0.0448521226644516,cauldron_ln_14628,0
-0.6791324615478516,0.00012008003977825865,0.0859375,0.020851116627454758,0.051025390625,0.024771951138973236,mix_UI_ST_0_118,0
-1.3094151020050049,-0.007005774416029453,0.125,0.03488814830780029,0.06396484375,0.030618106946349144,mix_UI_ST_0_1012,0
-1.3046488761901855,-0.005174206104129553,0.1484375,0.05061989277601242,0.0833333358168602,0.0513392873108387,cauldron_ln_13047,0
-1.2703927755355835,0.0014262067852541804,0.125,0.03563149645924568,0.0732421875,0.044343169778585434,mix_UI_ST_0_1209,0
-1.6201612949371338,-0.005483774468302727,0.1875,0.054811011999845505,0.12890625,0.0550537109375,mix_SI_UT_0_550,0
-1.136630654335022,0.00282952724955976,0.109375,0.03512275964021683,0.078125,0.0476345494389534,cauldron_ln_20659,1
-2.901048183441162,0.0031345912721008062,0.09375,0.04096760228276253,0.0859375,0.0541294664144516,cauldron_ln_3323,1
-1.3036742210388184,-0.0019070239504799247,0.09375,0.04069257900118828,0.07861328125,0.04563210532069206,mix_SI_UT_0_692,0
-1.4365220069885254,0.011243665590882301,0.234375,0.06386978179216385,0.16015625,0.0950520858168602,cauldron_ln_20084,1
-0.8367190957069397,0.006684152875095606,0.1015625,0.03441820666193962,0.0807291716337204,0.0494791679084301,mix_SI_UT_0_98,0
-1.2355475425720215,0.0032085073180496693,0.171875,0.03600170835852623,0.0823567733168602,0.03867340087890625,mix_UI_ST_0_282,0
-0.8469077348709106,0.003032684326171875,0.0703125,0.029440825805068016,0.0559895858168602,0.0345458984375,mix_SI_UT_0_999,0
-1.3167171478271484,0.01502685621380806,0.1796875,0.04285186156630516,0.1158854216337204,0.074776791036129,mix_UI_ST_0_1386,0
-1.6003777980804443,-0.0012871237704530358,0.11328125,0.03803912550210953,0.07421875,0.0458984375,cauldron_ln_23456,1
-2.041912794113159,0.0005468750023283064,0.078125,0.03319963067770004,0.0703125,0.0458984375,cauldron_ln_1115,0
-1.8010573387145996,-0.0023099458776414394,0.07421875,0.03502034768462181,0.060546875,0.0360785610973835,mix_UI_ST_0_127,0
-1.2413270473480225,-0.0002766927354969084,0.0625,0.029302231967449188,0.0625,0.0423177108168602,cauldron_ln_13962,1
-1.5761181116104126,0.0012986925430595875,0.09375,0.029998503625392914,0.078125,0.0343017578125,cauldron_ln_1015,0
-1.2828631401062012,-0.010387789458036423,0.09375,0.05148566514253616,0.0716145858168602,0.0479910746216774,mix_SI_UT_0_363,0
-1.3197579383850098,0.004364692140370607,0.109375,0.03358754143118858,0.087890625,0.04758523032069206,cauldron_ln_5264,0
-1.7931171655654907,-0.0014431860763579607,0.08203125,0.04197287559509277,0.0729166716337204,0.0510602705180645,mix_UI_ST_0_1001,0
-1.9464287757873535,-0.0038085938431322575,0.09375,0.042239077389240265,0.0794270858168602,0.043121337890625,mix_SI_UT_0_160,0
-1.6983554363250732,0.01197113934904337,0.10546875,0.0343221090734005,0.0833333358168602,0.0572916679084301,cauldron_ln_29061,1
-1.5854554176330566,0.00128173828125,0.109375,0.03250578045845032,0.0703125,0.0384114608168602,cauldron_ln_12255,0
-0.9888324737548828,0.0002800436632242054,0.0859375,0.03292738273739815,0.0611979179084301,0.036865234375,mix_UI_ST_0_187,0
-1.47646164894104,0.006481668446213007,0.1796875,0.04026880860328674,0.1005859375,0.05029296875,mix_SI_UT_0_496,0
-1.8466577529907227,-0.0079345703125,0.0546875,0.03697428107261658,0.05078125,0.0319010429084301,mix_SI_UT_0_407,0
-1.0624680519104004,0.01667131669819355,0.10546875,0.03935539349913597,0.103515625,0.07890625298023224,mix_UI_ST_0_404,0
-1.2759368419647217,0.0068982443772256374,0.109375,0.03727870061993599,0.08984375,0.0567220076918602,cauldron_ln_4889,1
-2.5207204818725586,-0.0013271598145365715,0.09375,0.03808387741446495,0.07470703125,0.04892578348517418,cauldron_ln_26065,0
-1.7912486791610718,0.007359257433563471,0.09375,0.04143206775188446,0.09375,0.0660807341337204,cauldron_ln_18788,0
-1.1466648578643799,0.0009750366443768144,0.1171875,0.03376168757677078,0.0745442733168602,0.03769531473517418,cauldron_ln_2571,1
-1.1081280708312988,-0.009199218824505806,0.06640625,0.0352836512029171,0.05078125,0.02571614645421505,mix_UI_ST_0_831,0
-1.2019529342651367,0.006076006684452295,0.125,0.04383575916290283,0.100167416036129,0.0642305240035057,cauldron_ln_15115,1
-1.3554301261901855,-0.008345384150743484,0.078125,0.03855001926422119,0.0703125,0.0342610701918602,cauldron_ln_4165,1
-2.284254550933838,0.0006786982412450016,0.171875,0.05279626324772835,0.0954861119389534,0.0574544295668602,mix_SI_UT_0_994,0
-2.2071073055267334,0.012296237051486969,0.125,0.041556913405656815,0.107421875,0.0703125,mix_UI_ST_0_939,0
-2.3334789276123047,-0.00634765625,0.1015625,0.044867634773254395,0.083984375,0.0563616082072258,mix_SI_UT_0_689,0
-2.403676748275757,0.0028624453116208315,0.09375,0.04030377417802811,0.078125,0.0507114976644516,cauldron_ln_17280,0
-2.4475932121276855,-0.001220703125,0.0859375,0.03873218595981598,0.0703125,0.049072265625,cauldron_ln_23183,1
-1.4639978408813477,0.0016660948749631643,0.1171875,0.03606982156634331,0.0768229216337204,0.0500217005610466,cauldron_ln_10032,0
-1.408367395401001,0.00607977993786335,0.08203125,0.0385519377887249,0.0716145858168602,0.05078125,mix_SI_UT_0_696,0
-2.0417704582214355,0.0036067962646484375,0.171875,0.04250551760196686,0.0989583358168602,0.0538330078125,cauldron_ln_5662,0
-1.7216691970825195,0.0041878256015479565,0.15625,0.040409330278635025,0.08203125,0.0560980923473835,cauldron_ln_20043,1
-0.9902704358100891,-0.007588473614305258,0.0625,0.030933154746890068,0.04541015625,0.0244140625,mix_SI_UT_0_350,0
-1.766115427017212,-0.010416666977107525,0.0390625,0.037297483533620834,0.0390625,0.027099609375,cauldron_ln_5966,1
-2.2985405921936035,-0.00452406145632267,0.1328125,0.03815774619579315,0.0677083358168602,0.040682706981897354,mix_UI_ST_0_200,0
-1.3760082721710205,-0.00647650845348835,0.09375,0.0431913286447525,0.0833333358168602,0.0376247838139534,mix_SI_UT_0_95,0
-1.0552077293395996,0.012951078824698925,0.140625,0.04144429787993431,0.12109375,0.07050781697034836,cauldron_ln_19298,0
-1.1251462697982788,0.0014165834290906787,0.1328125,0.0425591766834259,0.087890625,0.05722656473517418,mix_UI_ST_0_1411,0
-2.2051563262939453,-0.00352847040630877,0.15625,0.04712682217359543,0.08125000447034836,0.04945775121450424,cauldron_ln_13671,0
-1.8116494417190552,0.004811006598174572,0.0703125,0.028064196929335594,0.0703125,0.0426025390625,cauldron_ln_29425,1
-1.1742067337036133,0.0011823787353932858,0.09375,0.03609280660748482,0.05859375,0.043701171875,mix_SI_UT_0_724,0
-2.8158321380615234,0.0036833391059190035,0.2265625,0.06528189778327942,0.14453125,0.08242187649011612,mix_SI_UT_0_639,0
-1.8136684894561768,-0.007019878830760717,0.1328125,0.04941963031888008,0.0703125,0.0480143241584301,mix_UI_ST_0_631,0
-1.9345605373382568,-0.0007787243812344968,0.109375,0.03952152281999588,0.078125,0.0468750037252903,mix_UI_ST_0_377,0
-1.1693544387817383,-0.004633495118469,0.09375,0.03793106973171234,0.05726207420229912,0.0375279039144516,cauldron_ln_7486,0
-0.8866519927978516,0.0003126494702883065,0.09375,0.028116930276155472,0.07470703125,0.0318806990981102,mix_SI_UT_0_143,0
-1.4568021297454834,0.000415802001953125,0.1015625,0.041722025722265244,0.0833333358168602,0.0499267578125,cauldron_ln_14608,1
-1.446084976196289,0.005999756045639515,0.140625,0.037568844854831696,0.1015625,0.04863281175494194,mix_UI_ST_0_641,0
-1.0745266675949097,-0.013761633075773716,0.033203125,0.037265606224536896,0.02669270895421505,0.0170440673828125,mix_UI_ST_0_9,0
-1.6800854206085205,0.002436523325741291,0.0859375,0.031677473336458206,0.068359375,0.0423177108168602,cauldron_ln_17090,0
-1.2567706108093262,0.002349028829485178,0.140625,0.04281698912382126,0.1119791716337204,0.0540907122194767,cauldron_ln_13586,1
-1.4242377281188965,-0.00128173828125,0.125,0.046198245137929916,0.091796875,0.0546875,mix_UI_ST_0_225,0
-1.3089706897735596,-0.005237688310444355,0.078125,0.031835734844207764,0.0520833358168602,0.030517578125,mix_SI_UT_0_523,0
-1.6668146848678589,0.013290931470692158,0.1171875,0.0401558093726635,0.10546875,0.0625,cauldron_ln_17011,1
-2.2405848503112793,-0.005071824416518211,0.0859375,0.04218962416052818,0.0611979179084301,0.0472935289144516,mix_UI_ST_0_289,0
-1.9139211177825928,0.0007498604827560484,0.109375,0.041950773447752,0.080078125,0.05976562574505806,cauldron_ln_9989,0
-1.725632667541504,0.0074405670166015625,0.109375,0.039849139750003815,0.0859375,0.060791015625,cauldron_ln_6026,0
-1.5928281545639038,0.006693522445857525,0.109375,0.034921590238809586,0.0791015625,0.050071023404598236,cauldron_ln_5569,0
-1.2322149276733398,-0.004111328162252903,0.0546875,0.03187583386898041,0.0517578125,0.0294596366584301,mix_SI_UT_0_932,0
-1.8980798721313477,-0.0009508634684607387,0.078125,0.03526363894343376,0.078125,0.0537109375,mix_UI_ST_0_1036,0
-0.9023427963256836,0.0037027995567768812,0.15234375,0.04232068732380867,0.109375,0.05859375,cauldron_ln_8684,1
-1.5155537128448486,-0.0013109290739521384,0.03125,0.029042433947324753,0.03125,0.02578124962747097,cauldron_ln_24975,1
-1.7008347511291504,0.00031988302362151444,0.1015625,0.0375826470553875,0.0654296875,0.04414062574505806,mix_UI_ST_0_1356,0
-0.9953635334968567,-0.00764224398881197,0.04296875,0.021728618070483208,0.0302734375,0.014377170242369175,cauldron_ln_7097,0
-1.3361577987670898,0.004511515609920025,0.109375,0.031829554587602615,0.0755208358168602,0.0468750037252903,mix_UI_ST_0_810,0
-1.927077293395996,0.0009521484607830644,0.140625,0.044857826083898544,0.08984375,0.05722656473517418,mix_SI_UT_0_1192,0
-1.391216516494751,-0.005793645046651363,0.060546875,0.029138702899217606,0.0494791679084301,0.02604166604578495,cauldron_ln_8415,1
-1.4339537620544434,-0.0007446288946084678,0.0625,0.025670761242508888,0.0546875,0.033447265625,mix_UI_ST_0_190,0
-1.6895575523376465,-0.00653076171875,0.0546875,0.030061038210988045,0.0546875,0.02685546875,cauldron_ln_6785,0
-1.0605595111846924,-0.00350091396830976,0.1015625,0.03173866495490074,0.07421875,0.0348307304084301,mix_SI_UT_0_1423,0
-1.7186719179153442,-0.0040094079449772835,0.0625,0.03412013500928879,0.0479910746216774,0.034811582416296005,cauldron_ln_29276,1
-1.793082356452942,0.007434379309415817,0.125,0.04643341898918152,0.10546875,0.068359375,cauldron_ln_25225,1
-1.0382945537567139,-0.0010561735834926367,0.09375,0.03762428089976311,0.068359375,0.035910867154598236,mix_SI_UT_0_11,0
-1.3907476663589478,-0.008669224567711353,0.1328125,0.05561910942196846,0.1064453125,0.05712890625,cauldron_ln_14749,1
-2.2496700286865234,0.00949707068502903,0.08984375,0.03270639479160309,0.076171875,0.05625000223517418,cauldron_ln_13117,1
-0.9617842435836792,-0.0014906664146110415,0.0625,0.029108086600899696,0.0546875,0.03662109375,cauldron_ln_6886,0
-1.540574550628662,-0.0058579216711223125,0.078125,0.030470937490463257,0.052734375,0.029052734375,mix_UI_ST_0_57,0
-1.165350317955017,0.00698360288515687,0.1328125,0.052204787731170654,0.1061197966337204,0.072823666036129,cauldron_ln_19617,0
-1.0083117485046387,0.006493137218058109,0.1796875,0.040643736720085144,0.0866350457072258,0.0609266497194767,cauldron_ln_5360,1
-1.6729719638824463,0.00018941944290418178,0.125,0.04479134455323219,0.09531249850988388,0.0568498894572258,mix_SI_UT_0_22,0
-1.4555212259292603,0.004326714668422937,0.0703125,0.027895718812942505,0.0625,0.0485026054084301,cauldron_ln_14696,1
-2.012484073638916,-0.0004069010610692203,0.109375,0.039501409977674484,0.0751953125,0.04648437723517418,cauldron_ln_3016,0
-1.8561432361602783,0.0007568359724245965,0.09375,0.03716404363512993,0.0859375,0.04572753980755806,cauldron_ln_7302,0
-1.5752322673797607,0.0012793907662853599,0.078125,0.032638926059007645,0.0621744804084301,0.04107666015625,mix_UI_ST_0_1171,0
-1.2170528173446655,0.00630562286823988,0.1015625,0.03129284828901291,0.07734375447034836,0.048828125,cauldron_ln_19337,1
-1.6952316761016846,-0.00054931640625,0.09375,0.04519245773553848,0.0729166716337204,0.04767922684550285,mix_SI_UT_0_891,0
-2.008758544921875,-0.00917968712747097,0.1015625,0.043619509786367416,0.0657552108168602,0.04193115234375,cauldron_ln_25887,1
-1.4765881299972534,0.011239716783165932,0.15234375,0.04616311937570572,0.1282552182674408,0.075927734375,cauldron_ln_1686,1
-0.900200366973877,-0.001244260580278933,0.1484375,0.03350852057337761,0.059481535106897354,0.03062875010073185,mix_UI_ST_0_795,0
-2.1877217292785645,0.0010035315062850714,0.1171875,0.05362846329808235,0.1025390625,0.06816406548023224,cauldron_ln_13794,1
-0.7486371994018555,-0.00151526415720582,0.1015625,0.03649730235338211,0.07421875,0.04638671875,cauldron_ln_23722,1
-1.360788106918335,-0.011815270408987999,0.09375,0.051259368658065796,0.056396484375,0.03150634840130806,cauldron_ln_9381,0
-1.0469483137130737,0.0050509837456047535,0.125,0.033343955874443054,0.080078125,0.04705255851149559,cauldron_ln_4423,0
-1.2469704151153564,-0.007200659718364477,0.109375,0.04657338187098503,0.0703125,0.04238281399011612,mix_UI_ST_0_604,0
-1.3111964464187622,0.0024587532971054316,0.1640625,0.041466016322374344,0.096571184694767,0.05623726174235344,cauldron_ln_4451,1
-0.7700569033622742,-0.0031250002793967724,0.046875,0.028743376955389977,0.046875,0.02864583395421505,mix_UI_ST_0_1263,0
-1.9023425579071045,-0.002627488924190402,0.24609375,0.05605107545852661,0.1123046875,0.06298828125,cauldron_ln_15052,1
-1.6474049091339111,-0.0007289006607607007,0.1015625,0.030890241265296936,0.06289062649011612,0.038837142288684845,cauldron_ln_6651,1
-1.0899553298950195,-0.005427118390798569,0.11328125,0.03591558337211609,0.0582682304084301,0.03582763671875,cauldron_ln_14929,1
-1.6521486043930054,0.0024956597480922937,0.07421875,0.03639073669910431,0.07421875,0.0458984375,cauldron_ln_16085,1
-1.401667833328247,0.008524041622877121,0.1015625,0.0329783670604229,0.0859375,0.0543619804084301,cauldron_ln_11865,0
-2.2664480209350586,0.0053125666454434395,0.21875,0.04540824145078659,0.094308041036129,0.0597873255610466,mix_UI_ST_0_231,0
-1.9705970287322998,-0.0011348724365234375,0.140625,0.044869862496852875,0.08984375,0.05670166015625,mix_SI_UT_0_601,0
-1.3134740591049194,-0.0013316761469468474,0.109375,0.032822828739881516,0.07421875,0.04140625149011612,cauldron_ln_23399,0
-0.7649579644203186,0.0021477777045220137,0.10546875,0.03336344286799431,0.09375,0.0419921875,mix_SI_UT_0_291,0
-2.140015125274658,-0.0006042480235919356,0.125,0.03964415565133095,0.08671875298023224,0.047626204788684845,mix_SI_UT_0_514,0
-1.1163527965545654,0.001910618506371975,0.0703125,0.02903970517218113,0.060546875,0.0362723246216774,cauldron_ln_10449,0
-2.1182851791381836,-0.0007195723592303693,0.0703125,0.04515343904495239,0.0703125,0.056640625,mix_UI_ST_0_1212,0
-1.542144775390625,0.0079193115234375,0.2265625,0.04762980341911316,0.12890625,0.0647379606962204,cauldron_ln_3105,1
-1.442176103591919,-0.008939303457736969,0.07421875,0.03599153459072113,0.064453125,0.0319010429084301,mix_SI_UT_0_305,0
-1.1393117904663086,0.0096893310546875,0.08203125,0.029009228572249413,0.0703125,0.0494791679084301,mix_UI_ST_0_1227,0
-1.7714955806732178,0.005204421002417803,0.10546875,0.03708883374929428,0.08828125149011612,0.053936298936605453,cauldron_ln_5112,0
-1.5632182359695435,-0.001373291015625,0.1171875,0.042065054178237915,0.10546875,0.0589192733168602,mix_SI_UT_0_846,0
-1.843678593635559,0.00968077126890421,0.09375,0.05508062243461609,0.0869140625,0.06435547024011612,mix_UI_ST_0_672,0
-1.030228853225708,-0.0058063012547791,0.109375,0.042335741221904755,0.0791015625,0.03662109375,mix_SI_UT_0_1113,0
-1.663559913635254,0.011692809872329235,0.13671875,0.04201772063970566,0.10546875,0.06757812947034836,mix_SI_UT_0_539,0
-1.6408069133758545,0.0009798796381801367,0.078125,0.03971549868583679,0.072265625,0.05291193351149559,mix_UI_ST_0_543,0
-1.865246295928955,-0.0176565982401371,0.08203125,0.04505618289113045,0.0556640625,0.0308837890625,mix_SI_UT_0_875,0
-1.3534603118896484,0.0024812486954033375,0.0859375,0.03034607321023941,0.0651041716337204,0.0403645820915699,cauldron_ln_8372,0
-1.6591053009033203,-0.004166061989963055,0.0859375,0.039244744926691055,0.0638020858168602,0.0381944440305233,mix_SI_UT_0_765,0
-2.3706493377685547,-0.0011335101444274187,0.109375,0.049958519637584686,0.109375,0.0651041716337204,mix_SI_UT_0_584,0
-1.439957618713379,0.00439453125,0.1328125,0.041648928076028824,0.09375,0.05292968824505806,cauldron_ln_9489,0
-1.5195319652557373,-0.00022434545098803937,0.125,0.03992841765284538,0.0862165242433548,0.0537651926279068,mix_SI_UT_0_456,0
-2.510688304901123,-0.00133746606297791,0.078125,0.03632908686995506,0.056640625,0.04359019920229912,mix_UI_ST_0_666,0
-1.3207898139953613,-0.00273057259619236,0.0625,0.030340854078531265,0.0520833358168602,0.03372396156191826,mix_UI_ST_0_286,0
-1.0151076316833496,-0.00013563368702307343,0.0546875,0.028063785284757614,0.05078125,0.0326334647834301,mix_UI_ST_0_663,0
-2.9127442836761475,0.011497215367853642,0.109375,0.044361770153045654,0.1015625,0.0768229216337204,cauldron_ln_21973,0
-1.9185723066329956,-0.0010867235250771046,0.0703125,0.03434193506836891,0.0498046875,0.03593749925494194,cauldron_ln_27533,0
-2.684757947921753,-0.005785071291029453,0.052734375,0.03176911920309067,0.0458984375,0.03085937537252903,mix_UI_ST_0_182,0
-1.385753870010376,-0.016711965203285217,0.0546875,0.0522640235722065,0.04296875,0.0262451171875,cauldron_ln_4602,1
-1.1892545223236084,0.00017438616487197578,0.078125,0.030632734298706055,0.078125,0.0390625,cauldron_ln_29398,0
-1.7795575857162476,0.0139617919921875,0.15625,0.04827769100666046,0.1220703125,0.08114346861839294,cauldron_ln_18036,1
-0.9822295308113098,-0.0071585518307983875,0.078125,0.041405223309993744,0.052734375,0.03582763671875,cauldron_ln_25477,1
-1.3086001873016357,0.002934949239715934,0.109375,0.035974353551864624,0.08359374850988388,0.0495779886841774,cauldron_ln_15290,0
-1.2205591201782227,-0.00955636240541935,0.015625,0.026676781475543976,0.015625,0.01123046875,mix_UI_ST_0_438,0
-1.238506555557251,0.00764974020421505,0.07421875,0.030819347128272057,0.0638020858168602,0.0538504496216774,mix_UI_ST_0_1465,0
-0.7711964845657349,-0.0120086669921875,0.02734375,0.0314372181892395,0.020263671875,0.009667969308793545,mix_SI_UT_0_53,0
-1.1640682220458984,0.008674034848809242,0.1171875,0.03839831426739693,0.08320312947034836,0.05776742845773697,mix_SI_UT_0_476,0
-1.8150389194488525,0.007420395500957966,0.1171875,0.043792881071567535,0.1002604216337204,0.0712890625,cauldron_ln_13558,0
-1.6275478601455688,-0.0077653368934988976,0.08203125,0.042681705206632614,0.0654296875,0.036576706916093826,mix_UI_ST_0_330,0
-1.442516565322876,-0.0002104660525219515,0.078125,0.028933478519320488,0.0703125,0.0366908498108387,cauldron_ln_22759,1
-1.2731032371520996,-0.008462759666144848,0.11328125,0.04785167798399925,0.080078125,0.0467122420668602,cauldron_ln_13030,0
-1.4747989177703857,0.004543250426650047,0.15625,0.04237408563494682,0.092354916036129,0.059168197214603424,cauldron_ln_28387,1
-1.6277612447738647,0.0016380517045035958,0.125,0.047599658370018005,0.10546875,0.0570746548473835,cauldron_ln_6870,1
-1.6367952823638916,0.014164733700454235,0.109375,0.03384218364953995,0.078125,0.06074218824505806,cauldron_ln_17530,1
-2.0954666137695312,0.0011458623921498656,0.0625,0.03818211704492569,0.056640625,0.03828125074505806,mix_UI_ST_0_1139,0
-2.034940004348755,-0.009541015140712261,0.0625,0.03262437507510185,0.0478515625,0.023193359375,mix_SI_UT_0_1380,0
-1.1401443481445312,-0.0007687272736802697,0.1328125,0.038537364453077316,0.06875000149011612,0.0390625,mix_SI_UT_0_1177,0
-1.795203447341919,0.0022038051392883062,0.15625,0.049951594322919846,0.103515625,0.06137695536017418,cauldron_ln_11278,1
-1.1648821830749512,-0.0024902343284338713,0.09375,0.04573217034339905,0.09375,0.06640625,cauldron_ln_8443,0
-1.290945291519165,7.875503797549754e-05,0.10546875,0.03608180955052376,0.0611979179084301,0.0401785746216774,cauldron_ln_13602,1
-1.6075950860977173,0.0060930754989385605,0.171875,0.04449791461229324,0.0968191996216774,0.06514699757099152,mix_SI_UT_0_1426,0
-1.8927373886108398,0.006312950048595667,0.09375,0.03215073421597481,0.06562500447034836,0.0501302108168602,mix_UI_ST_0_1288,0
-1.5799249410629272,0.006809779908508062,0.08984375,0.035948093980550766,0.076171875,0.0465959832072258,cauldron_ln_11487,1
-1.490480899810791,0.0118230190128088,0.2734375,0.055742356926202774,0.138671875,0.07861328125,mix_UI_ST_0_448,0
-1.5573365688323975,0.004047100432217121,0.125,0.04781987518072128,0.109375,0.0638020858168602,cauldron_ln_1046,1
-2.3840179443359375,-0.01448567770421505,0.0859375,0.04730704054236412,0.0625,0.0349934920668602,cauldron_ln_1183,0
-2.5139410495758057,-0.006213224492967129,0.15625,0.05023958161473274,0.0987723246216774,0.05532997474074364,cauldron_ln_1468,0
-1.0512933731079102,-0.004725721664726734,0.125,0.03387191891670227,0.056640625,0.02656250074505806,cauldron_ln_20980,1
-1.8666876554489136,-0.0027375766076147556,0.203125,0.04783047363162041,0.1022135466337204,0.05162760615348816,cauldron_ln_26163,0
-1.3970346450805664,-0.0022287676110863686,0.0703125,0.030813265591859818,0.0589192733168602,0.0396205373108387,cauldron_ln_3437,1
-1.771880865097046,-0.002348327776417136,0.09375,0.029699863865971565,0.0537109375,0.03276367112994194,mix_UI_ST_0_750,0
-1.7087090015411377,0.019195556640625,0.171875,0.057238511741161346,0.1640625,0.10703124850988388,cauldron_ln_2369,0
-1.5213279724121094,-0.012002267874777317,0.0625,0.04613996297121048,0.0572916679084301,0.0329241082072258,cauldron_ln_76,1
-1.3463895320892334,-0.005581325851380825,0.1875,0.04906267300248146,0.09375,0.04150390625,mix_UI_ST_0_670,0
-1.322059988975525,0.006746179889887571,0.125,0.04539308324456215,0.1145833358168602,0.07373046875,mix_UI_ST_0_315,0
-1.4514448642730713,-0.007641132455319166,0.0625,0.04291953891515732,0.0625,0.0404459647834301,cauldron_ln_28164,0
-1.542946219444275,0.006745514925569296,0.1484375,0.05425785854458809,0.12109375,0.0865885466337204,mix_SI_UT_0_1120,0
-1.9516994953155518,-0.004311954136937857,0.0478515625,0.029748214408755302,0.0419921875,0.0321044921875,mix_SI_UT_0_718,0
-1.7907109260559082,0.002090041758492589,0.140625,0.044555727392435074,0.0937500074505806,0.0614420585334301,mix_SI_UT_0_435,0
-1.3259624242782593,0.0021344865672290325,0.078125,0.03505894914269447,0.0755208358168602,0.044189453125,mix_SI_UT_0_171,0
-1.8934736251831055,-0.009486607275903225,0.0703125,0.03752104938030243,0.05029296875,0.0345052108168602,cauldron_ln_2310,1
-2.454979181289673,-0.0018761677201837301,0.1875,0.04750405251979828,0.0872395858168602,0.05376838147640228,mix_SI_UT_0_1288,0
-1.0470607280731201,0.0325520820915699,0.125,0.03554249554872513,0.1015625,0.07773437350988388,cauldron_ln_26236,1
-1.2301671504974365,-0.0012627963442355394,0.0703125,0.03136057034134865,0.068359375,0.0352260060608387,mix_SI_UT_0_151,0
-1.0124256610870361,0.005190531723201275,0.125,0.035187046974897385,0.0869140625,0.0450846366584301,cauldron_ln_17040,1
-2.2629096508026123,0.018238740041851997,0.171875,0.04721705615520477,0.171875,0.0859375,cauldron_ln_25405,0
-1.9138168096542358,0.0014485035790130496,0.1171875,0.03516633063554764,0.06689453125,0.043000251054763794,cauldron_ln_12242,1
-1.8511313199996948,-0.012330373749136925,0.078125,0.053691428154706955,0.0703125,0.0367024764418602,mix_UI_ST_0_412,0
-0.6131728291511536,-0.0022074382286518812,0.1328125,0.036981239914894104,0.0646158903837204,0.032161712646484375,cauldron_ln_16710,0
-1.3925812244415283,-0.0002977775875478983,0.09375,0.04641648381948471,0.0885416716337204,0.05712890625,cauldron_ln_9558,0
-1.5723493099212646,-0.003388061420992017,0.0859375,0.03359799459576607,0.05214843899011612,0.033203125,cauldron_ln_21926,0
-1.7529549598693848,-0.007621433585882187,0.125,0.03760979697108269,0.0686848983168602,0.03923483565449715,cauldron_ln_14278,1
-1.293925404548645,0.004287140443921089,0.08203125,0.03531172499060631,0.070870541036129,0.05124383419752121,cauldron_ln_19260,1
-1.7381161451339722,0.000244140625,0.09375,0.042508140206336975,0.078125,0.0556640625,cauldron_ln_123,1
-1.7838222980499268,-0.0015533447731286287,0.0625,0.03669676184654236,0.05859375,0.04072265699505806,cauldron_ln_10027,0
-1.6415318250656128,0.004329427145421505,0.109375,0.038459863513708115,0.078125,0.0511997789144516,mix_SI_UT_0_1088,0
-1.392453908920288,-0.009499290026724339,0.07421875,0.042041562497615814,0.056640625,0.03300781175494194,mix_UI_ST_0_124,0
-2.0337257385253906,0.0036109185311943293,0.109375,0.038828764110803604,0.082899309694767,0.053965695202350616,mix_SI_UT_0_637,0
-1.7489243745803833,0.006121826358139515,0.109375,0.03456268832087517,0.07568359375,0.05358073115348816,mix_UI_ST_0_530,0
-1.910109043121338,-0.0037623816169798374,0.1015625,0.05203012377023697,0.09765625,0.0484095998108387,mix_SI_UT_0_1230,0
-1.3486394882202148,0.010889389552175999,0.09375,0.02931905724108219,0.0807291716337204,0.05615234375,mix_UI_ST_0_1361,0
-1.2748219966888428,0.014753418043255806,0.20703125,0.04462312161922455,0.11953125149011612,0.0743815153837204,mix_UI_ST_0_1228,0
-1.655003547668457,0.006143814418464899,0.1015625,0.032546550035476685,0.0775669664144516,0.04972759261727333,mix_UI_ST_0_544,0
-1.6420023441314697,0.00958733819425106,0.09375,0.034183111041784286,0.0859375,0.0568576380610466,cauldron_ln_22600,1
-2.0535967350006104,-0.0033123944886028767,0.0859375,0.04054059833288193,0.0729166716337204,0.0479600690305233,mix_UI_ST_0_1174,0
-1.1650886535644531,-0.00339378509670496,0.109375,0.034849174320697784,0.07187499850988388,0.03701547533273697,mix_UI_ST_0_1433,0
-1.1928129196166992,-0.00278108031488955,0.0859375,0.03340470418334007,0.06640625,0.038330078125,mix_UI_ST_0_390,0
-1.894518494606018,0.002772740088403225,0.0703125,0.037287309765815735,0.0703125,0.0494791679084301,mix_UI_ST_0_848,0
-0.9313942193984985,0.006033267825841904,0.09375,0.03247302025556564,0.06718750298023224,0.04755108430981636,cauldron_ln_5984,1
-1.3923052549362183,-0.011005806736648083,0.046875,0.03903111442923546,0.0400390625,0.0224609375,mix_UI_ST_0_850,0
-1.123531699180603,0.014486602507531643,0.125,0.0448734387755394,0.1106770858168602,0.080078125,mix_SI_UT_0_783,0
-1.8122310638427734,-0.00504218228161335,0.0703125,0.028607403859496117,0.0501302108168602,0.0281032994389534,mix_SI_UT_0_209,0
-0.9058922529220581,0.007455331273376942,0.1015625,0.03535620868206024,0.08984375,0.052734375,cauldron_ln_26348,1
-1.8876166343688965,0.007776896469295025,0.140625,0.05037369579076767,0.10546875,0.0696614608168602,mix_UI_ST_0_1438,0
-1.5781550407409668,-0.006080804858356714,0.060546875,0.04045940935611725,0.0498046875,0.03671875223517418,mix_UI_ST_0_1041,0
-1.145646095275879,0.0023338189348578453,0.09375,0.02762196585536003,0.06562500447034836,0.038818359375,mix_SI_UT_0_290,0
-3.144486904144287,-0.009516601450741291,0.125,0.05142957717180252,0.09375,0.05517578125,cauldron_ln_1681,1
-1.6970826387405396,0.0039494833908975124,0.09375,0.038490936160087585,0.09375,0.0559895858168602,mix_UI_ST_0_1468,0
-1.9419941902160645,-0.007572174072265625,0.09375,0.04368005320429802,0.08203125,0.04364013671875,mix_UI_ST_0_665,0
-1.831993818283081,0.006528501398861408,0.1015625,0.03947329893708229,0.08984375,0.0598958358168602,mix_UI_ST_0_566,0
-1.4466367959976196,0.005408708471804857,0.08984375,0.0402328260242939,0.0810546875,0.05585937574505806,mix_UI_ST_0_1281,0
-1.6325100660324097,-0.0011167980264872313,0.1015625,0.034630052745342255,0.07080078125,0.041748046875,mix_SI_UT_0_159,0
-1.301987886428833,0.002735994290560484,0.07421875,0.03389107063412666,0.0693359375,0.048095703125,cauldron_ln_15745,1
-2.031569480895996,0.0007612440385855734,0.08203125,0.03870666027069092,0.0729166716337204,0.0479600690305233,cauldron_ln_5216,1
-1.0750759840011597,-0.0016694680089130998,0.0546875,0.024612782523036003,0.0463169664144516,0.029491223394870758,mix_SI_UT_0_1218,0
-2.2320284843444824,0.004126507323235273,0.09375,0.039854392409324646,0.078125,0.0517578125,cauldron_ln_20972,0
-1.8104526996612549,0.0067397612147033215,0.0625,0.030636604875326157,0.0625,0.0478515625,cauldron_ln_19884,1
-0.7561584711074829,-0.0025683592539280653,0.0625,0.032018985599279404,0.056640625,0.034912109375,cauldron_ln_4308,1
-0.895494282245636,-0.0007792628020979464,0.09765625,0.042086951434612274,0.0830078125,0.05302734300494194,mix_UI_ST_0_580,0
-1.3286850452423096,0.004221191164106131,0.0703125,0.030147399753332138,0.06640625,0.0455729179084301,mix_UI_ST_0_235,0
-1.8528618812561035,-0.018871217966079712,0.140625,0.055984705686569214,0.078125,0.03671875223517418,cauldron_ln_14492,0
-1.3746033906936646,-0.004413215443491936,0.10546875,0.040463730692863464,0.07958984375,0.0440673828125,mix_UI_ST_0_42,0
-1.0202267169952393,0.00825259555131197,0.0859375,0.026089977473020554,0.0859375,0.05078125,cauldron_ln_15040,0
-1.70289146900177,0.006848144810646772,0.140625,0.05384678393602371,0.0830078125,0.0625,mix_UI_ST_0_1062,0
-1.361653208732605,0.0047546387650072575,0.140625,0.047232046723365784,0.09765625,0.05996093899011612,mix_UI_ST_0_645,0
-1.2045782804489136,-0.004891532007604837,0.09375,0.03662979602813721,0.0546875,0.027496337890625,cauldron_ln_6636,1
-1.871554970741272,-0.0037998510524630547,0.1015625,0.041334718465805054,0.0807291716337204,0.0440538190305233,mix_UI_ST_0_738,0
-1.3590984344482422,0.008542479947209358,0.15625,0.03417234867811203,0.07656250149011612,0.052978515625,mix_SI_UT_0_1493,0
-1.6955442428588867,-0.0002075195370707661,0.15625,0.04620927572250366,0.111328125,0.05410156399011612,cauldron_ln_8680,0
-1.1493489742279053,-0.012424316257238388,0.03125,0.027672182768583298,0.02734375,0.013671875,mix_UI_ST_0_519,0
-2.459351062774658,0.0014892579056322575,0.125,0.04868483543395996,0.0944010466337204,0.06451823562383652,cauldron_ln_11919,1
-1.4838075637817383,0.0061725121922791,0.109375,0.03349617123603821,0.09765625,0.05234375223517418,mix_SI_UT_0_910,0
-1.2007219791412354,-0.004005714785307646,0.046875,0.03560696914792061,0.0439453125,0.0400390625,cauldron_ln_9002,0
-1.6640511751174927,0.01406182162463665,0.21875,0.048391036689281464,0.1416015625,0.0769856795668602,cauldron_ln_1382,1
-1.3503754138946533,-0.00681268610060215,0.109375,0.041026756167411804,0.0654296875,0.03974609449505806,mix_UI_ST_0_120,0
-2.182706117630005,0.0027199399191886187,0.15625,0.034739550203084946,0.07421875,0.04222005605697632,cauldron_ln_10510,0
-2.665379762649536,-0.003027343889698386,0.09375,0.03538522496819496,0.064453125,0.03593749925494194,cauldron_ln_10233,1
-1.635885238647461,0.0021936448756605387,0.203125,0.04871143773198128,0.10312499850988388,0.0620117224752903,cauldron_ln_24337,0
-1.9211242198944092,-0.0049031577073037624,0.09375,0.040071092545986176,0.0755208358168602,0.041015625,mix_SI_UT_0_805,0
-2.8240513801574707,0.005688476841896772,0.140625,0.05008786544203758,0.10205078125,0.06855469197034836,mix_SI_UT_0_108,0
-1.7473475933074951,-0.01123046875,0.029296875,0.025444485247135162,0.0240885429084301,0.013824462890625,mix_SI_UT_0_367,0
-1.4723963737487793,-0.0011632583336904645,0.078125,0.03328706696629524,0.05859375,0.0379638671875,mix_SI_UT_0_939,0
-1.5419838428497314,0.00337982177734375,0.125,0.03907705470919609,0.095703125,0.05242919921875,cauldron_ln_25212,1
-1.1498222351074219,-0.003082275390625,0.078125,0.028761226683855057,0.078125,0.031982421875,cauldron_ln_23179,1
-1.276707649230957,-0.00841369666159153,0.1171875,0.04965367540717125,0.0720486119389534,0.04071599990129471,mix_UI_ST_0_789,0
-1.18263578414917,0.0014142990112304688,0.0859375,0.029682151973247528,0.064453125,0.04144287109375,cauldron_ln_11861,1
-2.4868240356445312,-0.003943948075175285,0.1171875,0.05177996680140495,0.1028645858168602,0.06048943102359772,cauldron_ln_29527,1
-0.864142656326294,-0.004587402101606131,0.0546875,0.038665302097797394,0.052734375,0.03011067770421505,cauldron_ln_15855,0
-1.0091216564178467,0.0006545046344399452,0.1015625,0.04099138453602791,0.0830078125,0.04900568351149559,mix_SI_UT_0_43,0
-1.7653627395629883,-0.003645733930170536,0.125,0.04272644966840744,0.06640625,0.04335937649011612,cauldron_ln_10878,1
-1.4922289848327637,0.012031249701976776,0.1796875,0.05217338725924492,0.15234375,0.0804036483168602,cauldron_ln_28225,1
-1.5868101119995117,0.001296685659326613,0.1015625,0.05540616437792778,0.0908203125,0.0613606795668602,mix_SI_UT_0_687,0
-1.307061791419983,-0.0008524577133357525,0.05859375,0.029128389433026314,0.046875,0.0339006707072258,cauldron_ln_24389,1
-1.3087122440338135,0.0038957868237048388,0.1328125,0.040209002792835236,0.0846354216337204,0.0531005859375,mix_SI_UT_0_740,0
-1.2362473011016846,-0.003631591796875,0.046875,0.030467063188552856,0.046875,0.0283203125,mix_SI_UT_0_162,0
-1.9367351531982422,0.003912626765668392,0.08984375,0.03961281105875969,0.078125,0.054931640625,mix_UI_ST_0_213,0
-1.369612693786621,-0.0021877712570130825,0.109375,0.04170316830277443,0.07861328125,0.04865057021379471,cauldron_ln_11163,1
-0.8903282880783081,-0.0005012674373574555,0.0546875,0.02329949103295803,0.03955078125,0.026278410106897354,mix_SI_UT_0_446,0
-1.4448177814483643,6.975446740398183e-05,0.078125,0.03304341062903404,0.0703125,0.0439453162252903,cauldron_ln_4982,0
-1.6269829273223877,0.008235931396484375,0.1015625,0.029988322407007217,0.0807291716337204,0.04742431640625,mix_UI_ST_0_1260,0
-1.6065305471420288,0.0037841799203306437,0.048828125,0.02767975628376007,0.0478515625,0.0400390625,cauldron_ln_15583,0
-1.234663486480713,0.004073403310030699,0.15625,0.037346284836530685,0.087890625,0.050048828125,mix_SI_UT_0_508,0
-1.4376542568206787,-0.005722943693399429,0.125,0.03483787178993225,0.05937499925494194,0.0336100272834301,mix_SI_UT_0_532,0
-1.3121689558029175,0.008617312647402287,0.1015625,0.04347275570034981,0.09228515625,0.06025390699505806,cauldron_ln_7272,1
-1.2602390050888062,0.008015167899429798,0.1484375,0.029624667018651962,0.0859375,0.0439453125,mix_UI_ST_0_856,0
-1.6217865943908691,-0.0018345423741266131,0.078125,0.02346055395901203,0.0475260429084301,0.025390625,mix_UI_ST_0_1034,0
-2.4370360374450684,-0.004185069818049669,0.125,0.04847998544573784,0.09375,0.05155806243419647,cauldron_ln_29774,1
-0.6291488409042358,-0.0029175812378525734,0.0859375,0.030362417921423912,0.0450032576918602,0.02505289763212204,mix_UI_ST_0_562,0
-1.6271283626556396,-0.0036433294881135225,0.0625,0.03339936211705208,0.0546875,0.0335286483168602,mix_UI_ST_0_1261,0
-1.7400468587875366,-0.00572102889418602,0.0859375,0.04842861369252205,0.060546875,0.0465959832072258,mix_SI_UT_0_962,0
-1.3283194303512573,-0.0037168306298553944,0.078125,0.03268658369779587,0.06640625,0.0304827019572258,mix_UI_ST_0_478,0
-1.7834646701812744,0.0021970048546791077,0.21875,0.05138949304819107,0.10688921064138412,0.06132138893008232,mix_SI_UT_0_99,0
-2.3891701698303223,-0.005206134170293808,0.0859375,0.04154155030846596,0.0638020858168602,0.0384114570915699,cauldron_ln_25743,0
-1.9255411624908447,-0.0034054487477988005,0.109375,0.03910543769598007,0.0755208358168602,0.0431857630610466,mix_UI_ST_0_143,0
-1.736928939819336,0.0019699097611010075,0.1953125,0.040368955582380295,0.088134765625,0.04978027567267418,mix_UI_ST_0_108,0
-1.2298328876495361,0.0020367347169667482,0.1640625,0.04097560793161392,0.0853794664144516,0.0520290806889534,mix_UI_ST_0_201,0
-1.5059120655059814,-0.0004016113234683871,0.15625,0.0421278141438961,0.08359374850988388,0.046630859375,mix_UI_ST_0_934,0
-1.190948724746704,0.013118743896484375,0.0859375,0.03646412119269371,0.07421875,0.060546875,cauldron_ln_2906,1
-1.2456759214401245,-0.0026274181436747313,0.0859375,0.030999410897493362,0.0625,0.03388671949505806,cauldron_ln_15543,0
-2.008878469467163,-0.003742036409676075,0.05078125,0.03407561779022217,0.044921875,0.03632812574505806,cauldron_ln_5963,0
-1.1415302753448486,0.010399534367024899,0.09375,0.039137545973062515,0.08437500149011612,0.065011166036129,cauldron_ln_5286,1
-1.6012427806854248,0.0020284017082303762,0.109375,0.03730398043990135,0.0817057341337204,0.04873047024011612,mix_SI_UT_0_273,0
-1.389207124710083,-0.006760475691407919,0.109375,0.04206433519721031,0.06875000149011612,0.03955078125,mix_SI_UT_0_1282,0
-1.7222384214401245,-0.003979492466896772,0.046875,0.025054948404431343,0.0361328125,0.02275390736758709,mix_SI_UT_0_1461,0
-2.157663583755493,0.00011564556189114228,0.109375,0.04428165405988693,0.09062500298023224,0.0569196455180645,cauldron_ln_12657,1
-1.0770080089569092,-0.013898064382374287,0.0078125,0.02599506266415119,0.0078125,0.0034332275390625,cauldron_ln_21561,1
-1.4516816139221191,0.0032071201130747795,0.09375,0.046364761888980865,0.0885416716337204,0.06103515625,mix_UI_ST_0_171,0
-1.720694661140442,-0.0030944824684411287,0.06640625,0.03997008129954338,0.060546875,0.04511718824505806,cauldron_ln_11338,1
-1.3008105754852295,-0.0006963556515984237,0.109375,0.03718332201242447,0.07763671875,0.038840554654598236,mix_SI_UT_0_1444,0
-1.330143690109253,-0.003665972501039505,0.125,0.04133853688836098,0.0645926371216774,0.036319129168987274,cauldron_ln_20009,1
-1.3038887977600098,-0.005176891107112169,0.15625,0.04416989907622337,0.0755208358168602,0.037750244140625,mix_SI_UT_0_1079,0
-1.7730178833007812,-0.004036246798932552,0.125,0.034443799406290054,0.0660574808716774,0.03605571389198303,cauldron_ln_26574,0
-1.752805471420288,0.0024758195504546165,0.140625,0.04657534509897232,0.10986328125,0.056906960904598236,mix_UI_ST_0_1328,0
-1.2084945440292358,0.0065750423818826675,0.1015625,0.03892296925187111,0.0751953125,0.0576171875,cauldron_ln_7862,0
-0.5568806529045105,-0.0019599066581577063,0.0546875,0.025511115789413452,0.04335937649011612,0.026846079155802727,cauldron_ln_3217,1
-1.3263040781021118,0.0008685772772878408,0.171875,0.044755883514881134,0.08964844048023224,0.048753008246421814,cauldron_ln_17436,0
-0.9055169820785522,0.01537353452295065,0.234375,0.05176456645131111,0.15625,0.0748697966337204,cauldron_ln_8718,0
-1.2343459129333496,0.00043741861009038985,0.08984375,0.03852548450231552,0.0794270858168602,0.0485026054084301,mix_SI_UT_0_1437,0
-1.7690595388412476,0.01650322787463665,0.1484375,0.03491150960326195,0.08984375,0.0596788190305233,mix_SI_UT_0_1417,0
-1.342115879058838,0.00033122734748758376,0.15625,0.040867071598768234,0.0908203125,0.0434112548828125,mix_UI_ST_0_608,0
-1.5019526481628418,0.004441034514456987,0.1015625,0.04365898296236992,0.08203125,0.04824218899011612,cauldron_ln_26226,0
-1.5271351337432861,-0.006048029288649559,0.1015625,0.037230234593153,0.068359375,0.039817117154598236,mix_UI_ST_0_1431,0
-1.2328941822052002,-0.0018491392256692052,0.06640625,0.034912943840026855,0.060546875,0.0372721366584301,cauldron_ln_38,1
-1.6329621076583862,0.00335693359375,0.1015625,0.04357077181339264,0.0885416716337204,0.0603298619389534,cauldron_ln_4039,0
-1.905147910118103,0.003115470055490732,0.15625,0.0489078089594841,0.1015625,0.0655691996216774,mix_UI_ST_0_866,0
-2.393174409866333,-0.006992884911596775,0.09375,0.041098542511463165,0.0677083358168602,0.03857421875,cauldron_ln_8995,1
-1.5325255393981934,-0.005463756155222654,0.09375,0.033470962196588516,0.06601562350988388,0.03487455099821091,cauldron_ln_12990,1
-1.3066368103027344,-0.004586356226354837,0.15625,0.03852805495262146,0.076171875,0.040771484375,mix_SI_UT_0_747,0
-1.814413070678711,-0.005828461144119501,0.078125,0.031463246792554855,0.0386439748108387,0.02443976141512394,mix_UI_ST_0_976,0
-2.181088924407959,0.006510416977107525,0.125,0.05153931677341461,0.11328125,0.07343750447034836,cauldron_ln_2902,1
-1.2700755596160889,-0.0028899437747895718,0.05078125,0.023007269948720932,0.0439453125,0.02739257924258709,mix_SI_UT_0_769,0
-1.3148777484893799,0.00749628571793437,0.15625,0.04118775948882103,0.0947265625,0.059659093618392944,mix_SI_UT_0_1338,0
-1.0978542566299438,-0.008566049858927727,0.0859375,0.026793980970978737,0.05078125,0.01708984375,cauldron_ln_28159,1
-1.8188557624816895,0.0021762188989669085,0.1171875,0.03994610905647278,0.08671875298023224,0.0503627248108387,mix_UI_ST_0_1416,0
-2.63692569732666,-0.0020566668827086687,0.21875,0.0589635968208313,0.140625,0.0601283498108387,cauldron_ln_5714,1
-1.427552342414856,0.0019672939088195562,0.09375,0.03984690085053444,0.076171875,0.0478515662252903,cauldron_ln_13863,0
-1.7718614339828491,0.009874132461845875,0.125,0.04323790594935417,0.109375,0.0707465261220932,mix_UI_ST_0_1172,0
-2.1147079467773438,0.018375173211097717,0.1875,0.0471692830324173,0.1223958358168602,0.08251953125,mix_SI_UT_0_443,0
-1.9690985679626465,-0.00795314647257328,0.109375,0.041837263852357864,0.0712890625,0.038529831916093826,cauldron_ln_13555,1
-2.3736228942871094,-0.0064290366135537624,0.125,0.046184241771698,0.0970052108168602,0.04901123046875,cauldron_ln_8693,0
-1.9607408046722412,-0.0015287399291992188,0.078125,0.03500925004482269,0.0677083358168602,0.0450439453125,cauldron_ln_4428,0
-3.4011898040771484,0.00732421875,0.09375,0.04784657806158066,0.09375,0.078125,mix_UI_ST_0_671,0
-2.8192710876464844,0.0006553248385898769,0.09375,0.030571680516004562,0.09375,0.044677734375,mix_SI_UT_0_1413,0
-1.461246371269226,0.0037237803917378187,0.125,0.03219005838036537,0.07763671875,0.0426839217543602,mix_SI_UT_0_440,0
-1.8139550685882568,-0.019766001030802727,0.109375,0.052166733890771866,0.0729166716337204,0.0349392369389534,cauldron_ln_4637,0
-1.915914535522461,0.0004077667836099863,0.09375,0.039843689650297165,0.0693359375,0.048117898404598236,cauldron_ln_20247,0
-1.853162169456482,-0.002020584885030985,0.125,0.05421976000070572,0.0963541716337204,0.0616319440305233,mix_SI_UT_0_1267,0
-1.2222404479980469,0.011902873404324055,0.109375,0.04628625512123108,0.099609375,0.0784040242433548,mix_SI_UT_0_555,0
-1.29654860496521,-0.0015653722221031785,0.06640625,0.03694750368595123,0.06640625,0.038330078125,cauldron_ln_10347,0
-1.2354700565338135,0.0046819644048810005,0.08203125,0.04133102670311928,0.07421875,0.05234375223517418,mix_SI_UT_0_196,0
-1.3942124843597412,-0.004301757551729679,0.091796875,0.04475739225745201,0.0869140625,0.0526529960334301,mix_SI_UT_0_0,0
-1.045160174369812,0.00730003509670496,0.140625,0.0397806353867054,0.10117187350988388,0.05928861349821091,cauldron_ln_15874,0
-1.635685682296753,-0.002460186369717121,0.1328125,0.037847936153411865,0.08203125,0.04052734375,mix_SI_UT_0_1443,0
-1.3745708465576172,-0.008648179471492767,0.1015625,0.037070173770189285,0.0447126142680645,0.02539740689098835,mix_UI_ST_0_910,0
-2.683208703994751,0.005078125279396772,0.0390625,0.028276503086090088,0.0390625,0.03515625,mix_SI_UT_0_930,0
-1.6309858560562134,0.0018969340017065406,0.140625,0.04604840278625488,0.0763346403837204,0.05292969197034836,cauldron_ln_22938,0
-1.3001422882080078,0.014263731427490711,0.140625,0.03410849720239639,0.1015625,0.05908203125,cauldron_ln_20480,1
-1.4193401336669922,-0.008516752161085606,0.09375,0.04019114747643471,0.0631510466337204,0.03632354736328125,mix_SI_UT_0_1064,0
-0.8713655471801758,-0.006953798234462738,0.109375,0.03576464205980301,0.0654296875,0.02983456663787365,mix_UI_ST_0_1446,0
-1.7201346158981323,0.0004395515425130725,0.0859375,0.0484224408864975,0.068359375,0.0462239608168602,mix_UI_ST_0_1421,0
-1.3566536903381348,-0.0043157958425581455,0.09375,0.03510124236345291,0.06484375149011612,0.0333658866584301,mix_SI_UT_0_965,0
-0.988890528678894,-0.0017121967393904924,0.04296875,0.021580109372735023,0.041015625,0.02267795242369175,mix_UI_ST_0_306,0
-1.432845115661621,-0.005521334242075682,0.06640625,0.039424289017915726,0.060546875,0.0424262173473835,cauldron_ln_20404,0
-1.3894212245941162,-0.006938077975064516,0.09375,0.04268721491098404,0.07568359375,0.0411783866584301,cauldron_ln_13658,1
-1.1733201742172241,-0.0047339461743831635,0.1328125,0.039780471473932266,0.0732421875,0.03779296949505806,cauldron_ln_22548,0
-1.816270351409912,-0.003756009740754962,0.0390625,0.03237626329064369,0.0390625,0.0315755233168602,cauldron_ln_27628,0
-1.5001964569091797,0.0027806481812149286,0.125,0.03974839299917221,0.07666015625,0.05361328274011612,cauldron_ln_18244,0
-1.4796123504638672,-0.0007945093675516546,0.0625,0.033066462725400925,0.05937499925494194,0.0369349904358387,cauldron_ln_9702,1
-1.447143316268921,0.0066361865028738976,0.07421875,0.026277098804712296,0.06005859375,0.04412287101149559,cauldron_ln_24312,0
-1.6573938131332397,0.005591759458184242,0.08203125,0.046308450400829315,0.080078125,0.0657552108168602,mix_SI_UT_0_1345,0
-1.2726407051086426,-0.005624999757856131,0.05859375,0.029221542179584503,0.048828125,0.0283203125,cauldron_ln_8195,0
-1.3859755992889404,-0.01017891988158226,0.11328125,0.03346913307905197,0.0504557304084301,0.023193359375,mix_UI_ST_0_595,0
-2.1998775005340576,0.021526630967855453,0.21875,0.05351991206407547,0.1875,0.0882161483168602,cauldron_ln_28215,0
-1.7294390201568604,-0.0054709697142243385,0.046875,0.03724595531821251,0.0439453125,0.03107244335114956,cauldron_ln_2399,0
-2.049010753631592,0.0021777343936264515,0.1171875,0.04301721230149269,0.08281250298023224,0.0613606795668602,mix_SI_UT_0_321,0
-1.6448376178741455,-0.003159743268042803,0.140625,0.036018598824739456,0.06953125447034836,0.03842398151755333,cauldron_ln_20148,1
-2.0056750774383545,0.0016951127909123898,0.1640625,0.04357653111219406,0.0927734375,0.0537109375,cauldron_ln_29350,0
-1.1482605934143066,-0.004832874983549118,0.0625,0.03632722422480583,0.0418294295668602,0.02679443359375,cauldron_ln_24087,0
-1.8301270008087158,0.00862031802535057,0.1171875,0.04496817663311958,0.1041666716337204,0.070068359375,mix_SI_UT_0_1309,0
-1.8191381692886353,-0.0006754948990419507,0.109375,0.041549429297447205,0.08671875298023224,0.05141977220773697,cauldron_ln_17577,0
-1.6317493915557861,-0.0027250908315181732,0.20703125,0.04761771112680435,0.0931919664144516,0.053308822214603424,cauldron_ln_1616,0
-1.5334696769714355,-0.0026540448889136314,0.1015625,0.03804359212517738,0.06640625,0.0365513414144516,mix_SI_UT_0_911,0
-1.9197158813476562,-0.0024079112336039543,0.08984375,0.03218616917729378,0.060546875,0.03793945536017418,cauldron_ln_28761,0
-1.5498337745666504,0.005548650864511728,0.25,0.050364863127470016,0.1142578125,0.06489701569080353,cauldron_ln_15453,1
-1.1616636514663696,0.008145036175847054,0.05859375,0.02704123966395855,0.0546875,0.0413643978536129,mix_UI_ST_0_914,0
-2.520163059234619,-0.0013660249533131719,0.09375,0.046465903520584106,0.076171875,0.05253906175494194,cauldron_ln_15541,1
-0.8311031460762024,-0.009064941667020321,0.02734375,0.02431638166308403,0.0234375,0.012176513671875,cauldron_ln_8002,1
-2.6429898738861084,-0.008877403102815151,0.09375,0.04659823700785637,0.0729166716337204,0.0399305559694767,mix_SI_UT_0_1195,0
-1.2711985111236572,0.001609400729648769,0.0625,0.0305952075868845,0.0592447929084301,0.0413411445915699,mix_UI_ST_0_461,0
-1.1404635906219482,-0.0036819190718233585,0.15625,0.04058853164315224,0.083984375,0.0333273783326149,mix_SI_UT_0_103,0
-0.8070187568664551,-0.0009307861910201609,0.107421875,0.0306021086871624,0.0791015625,0.031494140625,mix_UI_ST_0_1222,0
-1.4624171257019043,-0.0022287676110863686,0.0546875,0.023853488266468048,0.041015625,0.0255998894572258,mix_UI_ST_0_17,0
-1.7655212879180908,-0.025991586968302727,0.0625,0.05662788078188896,0.056640625,0.03125,cauldron_ln_29783,1
-0.948311984539032,-0.0030303956009447575,0.052734375,0.023786433041095734,0.0436197929084301,0.02587890811264515,mix_UI_ST_0_842,0
-1.2551300525665283,-0.002573441481217742,0.0703125,0.0316765233874321,0.05712890625,0.0336507186293602,cauldron_ln_6305,0
-2.3317391872406006,-0.0014771961141377687,0.078125,0.03653254732489586,0.0615234375,0.04267578199505806,cauldron_ln_21482,0
-1.0681473016738892,0.0025663936976343393,0.125,0.03352086991071701,0.07061298191547394,0.04345703125,mix_UI_ST_0_1387,0
-1.4454197883605957,0.006523980293422937,0.171875,0.053776033222675323,0.171875,0.068359375,mix_UI_ST_0_483,0
-1.9963626861572266,0.006926989648491144,0.125,0.04458479955792427,0.1028645858168602,0.06731770932674408,mix_UI_ST_0_1424,0
-1.4955865144729614,0.008736747317016125,0.140625,0.03905777260661125,0.10546875,0.0552455373108387,mix_UI_ST_0_392,0
-1.5626078844070435,0.00011652166722342372,0.08984375,0.03204139694571495,0.072265625,0.03291015699505806,mix_UI_ST_0_1256,0
-2.2924609184265137,0.002340382430702448,0.1484375,0.05493224412202835,0.13671875,0.0647321492433548,mix_SI_UT_0_501,0
-1.2284756898880005,0.0019829159136861563,0.07421875,0.024534359574317932,0.0498046875,0.03251953050494194,mix_UI_ST_0_1477,0
-1.9281281232833862,-0.007080078125,0.078125,0.040304072201251984,0.06640625,0.0379231795668602,mix_SI_UT_0_31,0
-1.3923404216766357,-0.0022977632470428944,0.0625,0.021927503868937492,0.041015625,0.02270507998764515,mix_UI_ST_0_36,0
-1.4728156328201294,0.0009562174673192203,0.09375,0.03995509818196297,0.0506417416036129,0.0361870676279068,mix_SI_UT_0_1273,0
-1.6771183013916016,-0.001056780107319355,0.10546875,0.03416002169251442,0.07421875,0.04302978515625,mix_SI_UT_0_1482,0
-1.193467378616333,0.0010768346255645156,0.08203125,0.031317442655563354,0.068359375,0.0380859375,cauldron_ln_4385,0
-1.291298747062683,0.01573227345943451,0.140625,0.04159323126077652,0.0989583358168602,0.070068359375,mix_SI_UT_0_998,0
-1.367523193359375,0.0038874701131135225,0.07421875,0.027499118819832802,0.0572916679084301,0.0362413190305233,cauldron_ln_7333,1
-1.1584500074386597,-0.00232464331202209,0.07421875,0.04126022011041641,0.064453125,0.05000000074505806,cauldron_ln_29291,0
-1.6782634258270264,-0.0035013179294764996,0.125,0.04064687713980675,0.0859375,0.044858187437057495,cauldron_ln_19038,1
-1.379631757736206,0.0006436434923671186,0.125,0.042299721390008926,0.1015625,0.054443359375,mix_SI_UT_0_233,0
-1.5239607095718384,-0.0003995673614554107,0.078125,0.034434400498867035,0.06201171875,0.04379883036017418,cauldron_ln_9771,1
-2.367086410522461,-0.009023437276482582,0.09375,0.05352958291769028,0.08203125,0.0579427108168602,mix_SI_UT_0_360,0
-2.463089942932129,-0.0036027238238602877,0.0625,0.04086325690150261,0.0598958358168602,0.0405815988779068,cauldron_ln_7653,0
-0.7974302768707275,0.002162717515602708,0.125,0.02590259723365307,0.05078125,0.028921274468302727,cauldron_ln_3289,1
-2.5655040740966797,-0.02006836049258709,0.03125,0.04118221253156662,0.03125,0.03125,cauldron_ln_26134,0
-1.7176058292388916,0.01171003095805645,0.09375,0.034107305109500885,0.083984375,0.0622209832072258,mix_UI_ST_0_1388,0
-2.366272449493408,-0.0046167620457708836,0.0703125,0.037614233791828156,0.0625,0.0422092005610466,mix_UI_ST_0_368,0
-1.5634207725524902,0.011830356903374195,0.15625,0.0463763102889061,0.1145833358168602,0.0679931640625,cauldron_ln_15003,1
-1.338040828704834,0.0022672326304018497,0.2109375,0.05047926679253578,0.10986328125,0.05966797098517418,mix_UI_ST_0_474,0
-1.9179632663726807,0.005915324203670025,0.109375,0.03427754342556,0.09375,0.0472005233168602,mix_SI_UT_0_1270,0
-2.3902645111083984,0.0022167449351400137,0.125,0.04354206845164299,0.0947265625,0.059037644416093826,mix_UI_ST_0_925,0
-1.4331603050231934,-0.004947662353515625,0.1015625,0.034771475940942764,0.0611979179084301,0.03295135498046875,mix_SI_UT_0_120,0
-1.0258564949035645,0.0024650327395647764,0.078125,0.03592017665505409,0.05859375,0.0382254496216774,mix_UI_ST_0_253,0
-1.9662518501281738,-0.010770797729492188,0.109375,0.04520576819777489,0.0791015625,0.04046630859375,mix_SI_UT_0_798,0
-1.7173653841018677,0.007371471729129553,0.06640625,0.03264878690242767,0.0533854179084301,0.0463169664144516,mix_UI_ST_0_188,0
-1.0620760917663574,0.00038909912109375,0.0546875,0.02799869142472744,0.0546875,0.03411865234375,cauldron_ln_10459,1
-1.303262710571289,-0.005435519851744175,0.0625,0.02575710043311119,0.046875,0.02227105014026165,mix_UI_ST_0_755,0
-1.9087342023849487,0.00014995057426858693,0.12109375,0.04027427360415459,0.08203125,0.0516357421875,mix_SI_UT_0_1006,0
-1.5410470962524414,-0.013916015625,0.0625,0.036435361951589584,0.0546875,0.0283203125,mix_SI_UT_0_1215,0
-2.20318603515625,-0.0038182458374649286,0.109375,0.041335053741931915,0.070068359375,0.04560546949505806,cauldron_ln_15000,1
-1.8133575916290283,-0.0007711557555012405,0.046875,0.02742813713848591,0.04296875,0.0319010429084301,cauldron_ln_14305,1
-2.5147976875305176,0.00648830272257328,0.078125,0.05354957655072212,0.0703125,0.05859375,cauldron_ln_22200,1
-1.2707157135009766,-0.00702263368293643,0.1015625,0.037769291549921036,0.06523437798023224,0.0396525077521801,cauldron_ln_16022,0
-1.6119283437728882,0.00746917724609375,0.1328125,0.04314624145627022,0.0947265625,0.0589192733168602,mix_UI_ST_0_1058,0
-1.4099996089935303,-0.004520539194345474,0.0390625,0.0237948726862669,0.03515625,0.0237862728536129,cauldron_ln_14474,1
-1.474454402923584,-0.008186586201190948,0.09375,0.04360029473900795,0.05859375,0.0424107164144516,mix_SI_UT_0_725,0
-1.9853039979934692,-0.015362080186605453,0.09375,0.05740164965391159,0.08203125,0.0467122420668602,cauldron_ln_28510,1
-2.406947135925293,0.01369757391512394,0.15625,0.05170672759413719,0.15625,0.0888671875,mix_SI_UT_0_89,0
-1.1617679595947266,0.010386149398982525,0.091796875,0.024826614186167717,0.0618489608168602,0.0445963554084301,mix_UI_ST_0_49,0
-1.0508205890655518,-0.0001368368830299005,0.140625,0.04438824579119682,0.0891927108168602,0.0527343787252903,cauldron_ln_931,1
-1.9682974815368652,-0.004589844029396772,0.0546875,0.04683893173933029,0.0546875,0.04296875,cauldron_ln_15110,0
-1.3072556257247925,0.003589106723666191,0.1015625,0.036157459020614624,0.07890625298023224,0.0497233085334301,cauldron_ln_18618,0
-2.275908946990967,0.017806343734264374,0.234375,0.06360512226819992,0.1875,0.109375,mix_UI_ST_0_873,0
-2.1426243782043457,-0.008359747007489204,0.15625,0.06509941071271896,0.1015625,0.0585239976644516,mix_UI_ST_0_516,0
-1.6282131671905518,0.0076497397385537624,0.078125,0.035231564193964005,0.078125,0.0576171875,cauldron_ln_23186,0
-1.3740564584732056,0.004416116513311863,0.0703125,0.025801271200180054,0.052734375,0.03950195387005806,mix_UI_ST_0_81,0
-2.131920337677002,0.0009390513296239078,0.1640625,0.05860599875450134,0.0889756977558136,0.0625813826918602,mix_SI_UT_0_1203,0
-0.8581287860870361,-0.003802708350121975,0.0703125,0.030637279152870178,0.0556640625,0.02587890811264515,cauldron_ln_25194,1
-1.7249727249145508,0.001129150390625,0.078125,0.034431472420692444,0.0654296875,0.04363458976149559,mix_UI_ST_0_1040,0
-1.0299848318099976,0.0059102377854287624,0.0859375,0.03398701548576355,0.08203125,0.044921875,cauldron_ln_12860,1
-1.3794498443603516,-0.0026789484545588493,0.05859375,0.033209480345249176,0.0533854179084301,0.0352647565305233,mix_UI_ST_0_760,0
-2.138829231262207,-0.0037787137553095818,0.125,0.04355433210730553,0.0774739608168602,0.04876708984375,mix_SI_UT_0_96,0
-1.3231019973754883,-0.0045293173752725124,0.109375,0.0357818529009819,0.0631510466337204,0.0354817695915699,cauldron_ln_22544,1
-1.6084668636322021,0.003570001572370529,0.0859375,0.03324594348669052,0.06718750298023224,0.04740084335207939,mix_SI_UT_0_224,0
-1.4076253175735474,0.0025715730153024197,0.078125,0.02864718995988369,0.06201171875,0.0372721366584301,cauldron_ln_5620,1
-0.668304443359375,0.0008483887067995965,0.03515625,0.018040578812360764,0.029296875,0.02304687537252903,cauldron_ln_6008,0
-0.990855872631073,-0.01055630762130022,0.0859375,0.038231197744607925,0.0654296875,0.0400390625,mix_SI_UT_0_655,0
-2.130035400390625,-0.0030751328449696302,0.1015625,0.04388900846242905,0.0751953125,0.053977273404598236,mix_SI_UT_0_425,0
-1.5955657958984375,0.001914284541271627,0.1171875,0.04670019820332527,0.0914713591337204,0.063232421875,mix_SI_UT_0_1321,0
-1.8176404237747192,0.0005613233079202473,0.1015625,0.03700261935591698,0.07421875,0.04700521007180214,mix_UI_ST_0_955,0
-1.378183364868164,0.006817157845944166,0.078125,0.03467181697487831,0.078125,0.0559895858168602,cauldron_ln_580,1
-1.558828353881836,-0.000244140625,0.0859375,0.03739259019494057,0.0859375,0.05126953125,mix_UI_ST_0_128,0
-1.5621700286865234,0.009782462380826473,0.09375,0.030285578221082687,0.076171875,0.0524553582072258,mix_SI_UT_0_428,0
-1.5218737125396729,-0.0022693981882184744,0.15625,0.04588170722126961,0.0888671875,0.0498046875,cauldron_ln_10962,0
-1.2208375930786133,0.0015671189175918698,0.09765625,0.03870002552866936,0.0859375,0.0473090298473835,cauldron_ln_11960,1
-1.7535074949264526,0.00850423239171505,0.078125,0.036044321954250336,0.07421875,0.0548502616584301,mix_SI_UT_0_80,0
-1.113898754119873,-0.009230393916368484,0.0546875,0.03667808324098587,0.05126953125,0.0272623710334301,mix_UI_ST_0_783,0
-1.9743258953094482,0.004473368637263775,0.109375,0.039327703416347504,0.0693359375,0.041259765625,mix_UI_ST_0_1120,0
-2.2024219036102295,0.0034718234091997147,0.09375,0.03208177536725998,0.0631510466337204,0.040670957416296005,mix_SI_UT_0_680,0
-0.8995403051376343,0.003743391949683428,0.19921875,0.03519420698285103,0.08046875149011612,0.040607161819934845,mix_UI_ST_0_62,0
-1.8108259439468384,-0.0015614827862009406,0.0703125,0.031198246404528618,0.0556640625,0.03466796875,cauldron_ln_3103,0
-3.4979381561279297,-0.007533482275903225,0.109375,0.051086317747831345,0.08203125,0.054222472012043,cauldron_ln_4281,1
-1.1411643028259277,-1.713267556624487e-05,0.109375,0.035183921456336975,0.07578124850988388,0.0402134507894516,cauldron_ln_303,0
-2.219305992126465,0.004463009536266327,0.125,0.03551822528243065,0.0859375,0.048828125,cauldron_ln_11232,1
-1.8009157180786133,-0.00554518261924386,0.1015625,0.043803419917821884,0.0791015625,0.04350142180919647,cauldron_ln_25197,0
-2.2073774337768555,0.007611249107867479,0.15625,0.04784888029098511,0.1067708358168602,0.0642361119389534,cauldron_ln_17705,1
-1.4981858730316162,0.00030190605320967734,0.0703125,0.028769657015800476,0.064453125,0.0329938642680645,mix_SI_UT_0_71,0
-3.1248204708099365,0.001510908012278378,0.109375,0.049295227974653244,0.08281250298023224,0.059344954788684845,mix_SI_UT_0_1018,0
-0.9896335005760193,0.0011784480884671211,0.1015625,0.030563095584511757,0.06015625223517418,0.03515625,mix_UI_ST_0_297,0
-1.5434913635253906,0.007319523952901363,0.08203125,0.03001473844051361,0.0634765625,0.04755108430981636,cauldron_ln_18525,1
-1.7853237390518188,-0.0011747286189347506,0.0859375,0.02935982123017311,0.0647321492433548,0.034436676651239395,cauldron_ln_18457,1
-1.0139278173446655,-0.006728228647261858,0.1015625,0.033885929733514786,0.05000000074505806,0.02764892578125,cauldron_ln_5275,0
-1.5903525352478027,0.008677165023982525,0.1328125,0.03776707500219345,0.10546875,0.056884765625,cauldron_ln_20495,0
-1.9940253496170044,0.0019009908428415656,0.09375,0.04303089529275894,0.06640625,0.05029296875,mix_SI_UT_0_1252,0
-1.0925798416137695,0.00252532958984375,0.03125,0.019568681716918945,0.03125,0.02278645895421505,mix_SI_UT_0_266,0
-1.1150953769683838,0.0013191468315199018,0.140625,0.034101683646440506,0.078125,0.0440848246216774,mix_UI_ST_0_1051,0
-0.8985217809677124,-0.006528501398861408,0.04296875,0.023794302716851234,0.03125,0.01692708395421505,cauldron_ln_6297,0
-1.8090356588363647,-0.0023097286466509104,0.0859375,0.03753465786576271,0.06679687649011612,0.046893782913684845,cauldron_ln_1086,1
-1.2140538692474365,-0.0013597276993095875,0.125,0.03702487051486969,0.0638950914144516,0.0374891497194767,mix_SI_UT_0_917,0
-1.0253746509552002,0.011430663987994194,0.125,0.03192724287509918,0.0859375,0.0575358085334301,mix_SI_UT_0_348,0
-1.0720902681350708,-0.0029320716857910156,0.125,0.03353385999798775,0.0626627653837204,0.028839111328125,cauldron_ln_16034,1
-2.490994453430176,-0.004326171707361937,0.125,0.0492098331451416,0.08867187798023224,0.0519205741584301,cauldron_ln_13384,0
-1.5338711738586426,0.007851113565266132,0.125,0.0338297076523304,0.091796875,0.0514322929084301,mix_UI_ST_0_684,0
-1.8558363914489746,-0.013538707979023457,0.16015625,0.059731099754571915,0.0989583358168602,0.044189453125,cauldron_ln_1773,0
-1.4195568561553955,0.0030454439111053944,0.0546875,0.024416321888566017,0.05126953125,0.0311104916036129,cauldron_ln_5633,0
-1.518762230873108,0.0029835421591997147,0.109375,0.03643590956926346,0.08203125,0.0494384765625,mix_UI_ST_0_394,0
-1.4004621505737305,0.0004698365810327232,0.21875,0.04443161189556122,0.0972222238779068,0.05095880851149559,mix_UI_ST_0_301,0
-1.848730206489563,0.0030585394706577063,0.064453125,0.029751161113381386,0.060546875,0.0418836809694767,mix_SI_UT_0_73,0
-1.4163144826889038,0.0036141108721494675,0.15625,0.039640989154577255,0.08652343600988388,0.0500195287168026,cauldron_ln_26981,1
-1.3607699871063232,-0.0032552084885537624,0.078125,0.03533476963639259,0.0572916679084301,0.0405970998108387,cauldron_ln_28701,0
-1.237605333328247,0.0036031787749379873,0.140625,0.04144856333732605,0.109375,0.0584542453289032,mix_SI_UT_0_682,0
-1.4763891696929932,0.0023821662180125713,0.125,0.038100194185972214,0.125,0.04638671875,cauldron_ln_17005,1
-1.2516170740127563,-0.0034644086845219135,0.0703125,0.02940247766673565,0.05126953125,0.03382457420229912,cauldron_ln_4742,0
-1.4426357746124268,0.004673548974096775,0.072265625,0.030146127566695213,0.0657552108168602,0.0465087890625,mix_SI_UT_0_1429,0
-1.7730997800827026,0.012483724392950535,0.1015625,0.047451239079236984,0.0872395858168602,0.0714285746216774,mix_SI_UT_0_374,0
-2.276285409927368,0.0034448960795998573,0.1875,0.051152974367141724,0.1171875,0.067138671875,cauldron_ln_25335,1
-1.6732945442199707,-0.008198506198823452,0.12109375,0.06610595434904099,0.08984375,0.0503472238779068,cauldron_ln_1615,0
-1.2011499404907227,-0.0071457684971392155,0.0625,0.030407076701521873,0.05117187649011612,0.0251116082072258,mix_SI_UT_0_280,0
-1.430235505104065,-0.0010550363222137094,0.1171875,0.03990070894360542,0.0859375,0.0443638414144516,cauldron_ln_16669,1
-1.3954017162322998,9.897592826746404e-05,0.1015625,0.039070021361112595,0.07421875,0.0451388880610466,mix_SI_UT_0_13,0
-2.4767322540283203,0.004164752084761858,0.1171875,0.050471462309360504,0.09375,0.0592041015625,mix_SI_UT_0_173,0
-1.2722455263137817,0.0071972934529185295,0.103515625,0.0317564383149147,0.08203125,0.04754083976149559,cauldron_ln_15813,1
-1.6622740030288696,0.0032256157137453556,0.09765625,0.04877758398652077,0.087890625,0.0673828125,cauldron_ln_15767,1
-1.5885334014892578,-0.00024130177916958928,0.109375,0.04499153420329094,0.0771484375,0.0486421138048172,mix_UI_ST_0_764,0
-1.5799741744995117,0.006013758014887571,0.068359375,0.04447787255048752,0.0657552108168602,0.056396484375,cauldron_ln_20541,0
-1.4405871629714966,0.0008194535039365292,0.09375,0.031320855021476746,0.06953125447034836,0.040790267288684845,cauldron_ln_3467,1
-1.3872487545013428,0.0006354837096296251,0.0546875,0.02429993264377117,0.0494791679084301,0.03277587890625,mix_UI_ST_0_291,0
-2.923233985900879,0.011445756070315838,0.125,0.04982199892401695,0.10625000298023224,0.07782452553510666,cauldron_ln_27593,0
-0.9259525537490845,-0.0003119574685115367,0.0859375,0.02692548744380474,0.0618489608168602,0.02973090298473835,cauldron_ln_15050,1
-1.099804162979126,0.0021697012707591057,0.08984375,0.03651386499404907,0.0729166716337204,0.0476423017680645,cauldron_ln_28592,1
-1.2997201681137085,0.007151603698730469,0.1328125,0.05524325370788574,0.0989583358168602,0.067626953125,mix_UI_ST_0_443,0
-0.9772015810012817,0.0031445822678506374,0.048828125,0.021364953368902206,0.044921875,0.02669270895421505,mix_UI_ST_0_1089,0
-1.3617656230926514,0.006100803148001432,0.07421875,0.02723337523639202,0.06640625,0.04279119521379471,cauldron_ln_26237,0
-1.1776959896087646,-0.00536295585334301,0.0859375,0.03556213900446892,0.0651041716337204,0.0357142873108387,mix_UI_ST_0_908,0
-1.7813842296600342,0.010511398315429688,0.1328125,0.04143467918038368,0.1028645858168602,0.069091796875,mix_SI_UT_0_945,0
-2.421121120452881,0.0017493112245574594,0.1015625,0.04374973475933075,0.07187499850988388,0.0474330373108387,mix_UI_ST_0_227,0
-1.6403400897979736,0.011611626483500004,0.140625,0.038734231144189835,0.1103515625,0.0652669295668602,mix_SI_UT_0_1148,0
-1.47758150100708,0.0007249785121530294,0.140625,0.05045504868030548,0.1044921875,0.06220703199505806,mix_UI_ST_0_1185,0
-1.8213318586349487,-0.006319486536085606,0.0625,0.0498431958258152,0.05742187425494194,0.04266827180981636,mix_UI_ST_0_1247,0
-2.3864598274230957,0.006633649580180645,0.125,0.042559318244457245,0.1171875,0.0653076171875,cauldron_ln_16203,0
-1.684220790863037,0.014763327315449715,0.109375,0.04735274985432625,0.109375,0.0654296875,mix_SI_UT_0_1313,0
-2.5933377742767334,0.00435638427734375,0.125,0.041509103029966354,0.109375,0.0499674491584301,cauldron_ln_4654,1
-1.5096477270126343,0.0013662485871464014,0.1171875,0.055199842900037766,0.09765625,0.0589192733168602,mix_UI_ST_0_1454,0
-1.633154273033142,0.0150146484375,0.203125,0.05495284125208855,0.203125,0.0927734375,mix_SI_UT_0_1415,0
-1.1131833791732788,-0.0038787841331213713,0.0625,0.03037141263484955,0.044677734375,0.02414550818502903,mix_UI_ST_0_993,0
-1.2795881032943726,-0.012461787089705467,0.0615234375,0.04353100433945656,0.04638671875,0.03359375149011612,mix_UI_ST_0_369,0
-1.3106067180633545,-0.005266462452709675,0.03125,0.030805615708231926,0.03125,0.02473958395421505,mix_SI_UT_0_742,0
-1.6510249376296997,0.0011916621588170528,0.125,0.04367696866393089,0.08837890625,0.05257686227560043,mix_UI_ST_0_965,0
-1.4796136617660522,-0.010084069333970547,0.09375,0.04024972394108772,0.0703125,0.044189453125,mix_SI_UT_0_1159,0
-0.8689872622489929,-0.0018686148105189204,0.02734375,0.018140017986297607,0.025390625,0.01631673239171505,cauldron_ln_10031,0
-1.7429449558258057,-0.00483842333778739,0.09375,0.04371695965528488,0.0732421875,0.045188210904598236,mix_SI_UT_0_888,0
-1.285168170928955,0.005580228753387928,0.140625,0.03655555099248886,0.0963541716337204,0.0506591796875,mix_SI_UT_0_855,0
-1.5166749954223633,-0.0011763139627873898,0.0703125,0.02643541619181633,0.05078125,0.0341796875,cauldron_ln_9275,0
-1.7865126132965088,0.006085847970098257,0.171875,0.04187289625406265,0.0967881977558136,0.057107679545879364,cauldron_ln_18795,1
-3.3901925086975098,-0.001513211289420724,0.125,0.03574081510305405,0.06796874850988388,0.04056490585207939,mix_SI_UT_0_1414,0
-3.0935921669006348,0.01366170309484005,0.1015625,0.03728211671113968,0.0911458358168602,0.066964291036129,cauldron_ln_10006,0
-1.3129491806030273,-0.0024438155815005302,0.05859375,0.03150065615773201,0.0520833358168602,0.04052734375,mix_SI_UT_0_650,0
-1.740221619606018,-0.00289067137055099,0.1328125,0.03992917388677597,0.064453125,0.04158100485801697,mix_UI_ST_0_1271,0
-1.5199496746063232,0.003461052430793643,0.109375,0.04669155552983284,0.109375,0.060546875,mix_SI_UT_0_1316,0
-0.8141674995422363,0.0051208497025072575,0.125,0.04440873861312866,0.09521484375,0.06367187947034836,mix_UI_ST_0_661,0
-1.8832932710647583,-0.007853190414607525,0.1015625,0.05440421774983406,0.08203125,0.0571986623108387,mix_UI_ST_0_978,0
-1.4370014667510986,0.006751060485839844,0.109375,0.03311609849333763,0.0794270858168602,0.0474853515625,mix_SI_UT_0_417,0
-1.5404155254364014,-0.011305589228868484,0.0390625,0.031899288296699524,0.03515625,0.0238444022834301,cauldron_ln_7588,1
-1.1735796928405762,-0.0020385743118822575,0.041015625,0.021833622828125954,0.0341796875,0.02021484449505806,mix_UI_ST_0_398,0
-1.3513894081115723,-0.004532758146524429,0.0703125,0.03796570003032684,0.0638020858168602,0.039306640625,cauldron_ln_17467,1
-1.4334001541137695,-0.006684260442852974,0.0625,0.038265079259872437,0.0393880233168602,0.02886962890625,mix_SI_UT_0_1347,0
-1.3959155082702637,0.0043587819673120975,0.1171875,0.044226065278053284,0.080636166036129,0.05951286852359772,cauldron_ln_761,0
-1.4582083225250244,-0.0028558028861880302,0.109375,0.04918153956532478,0.0963541716337204,0.0547960065305233,mix_UI_ST_0_1358,0
-2.5082993507385254,-0.00584368035197258,0.203125,0.052826594561338425,0.0876116082072258,0.048943016678094864,mix_SI_UT_0_871,0
-2.167084217071533,-0.0003417968691792339,0.15625,0.04894976317882538,0.09375,0.0634765625,mix_SI_UT_0_1164,0
-1.9310390949249268,0.0009439158020541072,0.0703125,0.04624401405453682,0.06494140625,0.05410156399011612,cauldron_ln_24873,1
-1.3827985525131226,-0.006678990088403225,0.033203125,0.02338532730937004,0.033203125,0.021484375,cauldron_ln_7167,0
-1.6435370445251465,-0.005149663891643286,0.109375,0.04131654277443886,0.0751953125,0.04609375074505806,cauldron_ln_21433,1
-0.8799427151679993,0.0005011925240978599,0.1015625,0.032395895570516586,0.07421875,0.0367838554084301,mix_UI_ST_0_505,0
-1.314915418624878,-0.0021427234169095755,0.0546875,0.02691698633134365,0.04443359375,0.030406605452299118,cauldron_ln_14438,1
-1.2419739961624146,0.002010091207921505,0.08984375,0.03745304048061371,0.0755208358168602,0.0454799123108387,cauldron_ln_2499,0
-1.130101203918457,0.0029703776817768812,0.09765625,0.03725520148873329,0.08056640625,0.049405187368392944,mix_UI_ST_0_1391,0
-1.3738551139831543,0.0005407714634202421,0.0625,0.029431305825710297,0.05156249925494194,0.0350748710334301,mix_SI_UT_0_1354,0
-1.7511800527572632,-0.01879301480948925,0.05078125,0.05129258334636688,0.04296875,0.02424316480755806,mix_UI_ST_0_155,0
-2.653067111968994,-0.00786285474896431,0.14453125,0.05178101360797882,0.0904947966337204,0.05325521156191826,cauldron_ln_21110,1
-1.2010362148284912,0.0038164411671459675,0.09375,0.03259959816932678,0.0651041716337204,0.04638671875,cauldron_ln_24982,1
-1.446027398109436,0.0014062179252505302,0.0625,0.035600002855062485,0.0520833358168602,0.0397135429084301,cauldron_ln_8122,0
-1.4926518201828003,0.01469011977314949,0.1875,0.0471520833671093,0.119140625,0.07675781100988388,mix_SI_UT_0_632,0
-2.259566307067871,0.007693728897720575,0.1484375,0.04832259938120842,0.10546875,0.068359375,mix_SI_UT_0_944,0
-1.4372761249542236,-0.0009757376974448562,0.09375,0.03391040116548538,0.0677083358168602,0.0383029505610466,mix_SI_UT_0_1109,0
-3.1535329818725586,0.0014453125186264515,0.125,0.05065260827541351,0.09375,0.056640625,mix_UI_ST_0_960,0
-1.926904559135437,-0.0054143271408975124,0.078125,0.035529982298612595,0.0491536483168602,0.03307291865348816,mix_SI_UT_0_710,0
-1.3633784055709839,-0.0016383579932153225,0.140625,0.053632646799087524,0.0950520858168602,0.061767578125,cauldron_ln_8832,0
-2.653071403503418,-0.012311780825257301,0.0859375,0.03529480844736099,0.0546875,0.027618408203125,cauldron_ln_23812,0
-1.4179952144622803,0.008142090402543545,0.107421875,0.04699533060193062,0.1005859375,0.0703125,cauldron_ln_18155,0
-1.2271041870117188,-0.006785466335713863,0.09375,0.03883086144924164,0.05156249925494194,0.027756912633776665,cauldron_ln_10465,1
-1.3226820230484009,-0.00927056185901165,0.14453125,0.04741024225950241,0.06884765625,0.037375710904598236,cauldron_ln_29482,1
-1.4345040321350098,0.006228129379451275,0.14453125,0.03683814778923988,0.1025390625,0.0555013045668602,cauldron_ln_28682,1
-1.9208911657333374,-0.005942320451140404,0.1640625,0.045017339289188385,0.0885416716337204,0.0391031913459301,cauldron_ln_9387,0
-0.9586011171340942,-0.002964019775390625,0.08203125,0.026614023372530937,0.0452473983168602,0.0274658203125,cauldron_ln_7926,0
-2.7389440536499023,0.01825914904475212,0.09375,0.0436982586979866,0.09375,0.0751953125,mix_UI_ST_0_1352,0
-1.2452545166015625,0.0025220599491149187,0.09375,0.03858443349599838,0.09375,0.0505719892680645,mix_UI_ST_0_586,0
-1.8296492099761963,0.006591797340661287,0.1015625,0.03352237120270729,0.1015625,0.05859375,mix_UI_ST_0_700,0
-1.4194697141647339,-0.0006066524656489491,0.078125,0.04292711988091469,0.0703125,0.0504150390625,cauldron_ln_10278,0
-1.0806379318237305,-0.00908304937183857,0.07421875,0.04230169206857681,0.0611979179084301,0.0387834832072258,cauldron_ln_10846,0
-2.1074447631835938,-0.0016635800711810589,0.09375,0.051087770611047745,0.078125,0.05205078050494194,mix_UI_ST_0_508,0
-1.5972341299057007,-0.005241981241852045,0.109375,0.047902029007673264,0.07656250149011612,0.042893633246421814,cauldron_ln_21436,1
-1.475825548171997,-0.0053442977368831635,0.046875,0.033089492470026016,0.04248046875,0.02690429799258709,mix_UI_ST_0_1380,0
-1.884088397026062,1.3563368156610522e-05,0.09375,0.03274381905794144,0.09375,0.04833984375,cauldron_ln_12389,1
-1.7552900314331055,-0.0029376486781984568,0.109375,0.03712701424956322,0.0651041716337204,0.038430605083703995,cauldron_ln_18962,1
-0.8606889247894287,-0.004569313954561949,0.0859375,0.05041071027517319,0.0693359375,0.035134054720401764,mix_UI_ST_0_635,0
-1.3775978088378906,-0.0031948895193636417,0.109375,0.035721536725759506,0.0563616082072258,0.03370576724410057,cauldron_ln_13914,1
-1.4997062683105469,-0.0020693824626505375,0.0625,0.037346940487623215,0.0546875,0.04218750074505806,cauldron_ln_4494,0
-2.741403341293335,-0.0005231584655120969,0.171875,0.05971408635377884,0.134765625,0.08125000447034836,cauldron_ln_26894,1
-1.720680594444275,0.0036230087280273438,0.09765625,0.029519282281398773,0.06640625,0.04150390625,cauldron_ln_27974,1
-1.1637414693832397,-0.001537214033305645,0.109375,0.03648688644170761,0.0636160746216774,0.04193474352359772,cauldron_ln_27949,1
-1.2022029161453247,-0.004893583711236715,0.078125,0.03764026612043381,0.05312500149011612,0.0369466170668602,cauldron_ln_4031,1
-1.06078040599823,-0.004302307963371277,0.078125,0.031233645975589752,0.044921875,0.028475675731897354,cauldron_ln_241,0
-1.1402740478515625,0.0011579240672290325,0.072265625,0.03587007522583008,0.064453125,0.0460205078125,mix_SI_UT_0_540,0
-0.8114407062530518,-0.00038655599928461015,0.076171875,0.0360887348651886,0.0631510466337204,0.0376247838139534,mix_UI_ST_0_98,0
-1.3749215602874756,-0.01010742224752903,0.0390625,0.03104027733206749,0.0390625,0.02571614645421505,mix_SI_UT_0_826,0
-0.7343274354934692,0.0006757464143447578,0.09375,0.029362497851252556,0.07080078125,0.0347377248108387,mix_UI_ST_0_1126,0
-1.0883688926696777,-0.003383262548595667,0.12109375,0.04109847545623779,0.07968749850988388,0.0445353202521801,cauldron_ln_9673,1
-1.6203361749649048,-0.007573852315545082,0.0625,0.04151781648397446,0.05234375223517418,0.0361328125,mix_SI_UT_0_1442,0
-1.9679033756256104,0.008823242038488388,0.1875,0.06210866570472717,0.13437500596046448,0.0833333358168602,mix_SI_UT_0_1033,0
-0.9999687671661377,-0.0094757080078125,0.09375,0.03866710141301155,0.06640625,0.0294189453125,mix_UI_ST_0_1333,0
-1.3442211151123047,-0.006591796875,0.09375,0.03458249196410179,0.0552455373108387,0.031943872570991516,mix_UI_ST_0_77,0
-1.6796114444732666,0.0053391228429973125,0.1171875,0.03516073524951935,0.083984375,0.05136718973517418,mix_UI_ST_0_43,0
-1.101745843887329,0.00571607518941164,0.109375,0.0431862473487854,0.0859375,0.06562500447034836,mix_UI_ST_0_1004,0
-1.9386059045791626,-0.00474514439702034,0.10546875,0.0313495509326458,0.06201171875,0.03136097267270088,mix_UI_ST_0_563,0
-1.6983070373535156,-0.0005848443252034485,0.078125,0.042237330228090286,0.06640625,0.0489501953125,cauldron_ln_1008,0
-1.8615741729736328,-0.007817195728421211,0.0703125,0.03567275404930115,0.05859375,0.0341796875,cauldron_ln_14575,1
-2.2629246711730957,-0.0054757255129516125,0.1015625,0.050097785890102386,0.087890625,0.06171875074505806,cauldron_ln_26886,0
-1.5082521438598633,-0.001997784711420536,0.0625,0.028995640575885773,0.05029296875,0.03242187574505806,mix_UI_ST_0_11,0
-1.3052736520767212,0.00038057216443121433,0.05859375,0.030962271615862846,0.05859375,0.04296875,cauldron_ln_10164,1
-1.2042289972305298,-0.00464545376598835,0.03515625,0.020599573850631714,0.02669270895421505,0.0189344622194767,mix_SI_UT_0_373,0
-2.3378641605377197,0.0001464843808207661,0.0859375,0.039721690118312836,0.0807291716337204,0.05322265625,mix_SI_UT_0_1320,0
-1.1887993812561035,0.00920758955180645,0.07421875,0.027220217511057854,0.060546875,0.04531250149011612,mix_UI_ST_0_56,0
-1.43916916847229,0.001280066091567278,0.125,0.035643864423036575,0.0803571492433548,0.04248046875,mix_UI_ST_0_1323,0
-1.3989052772521973,0.0025218618102371693,0.09375,0.033609602600336075,0.0690104216337204,0.04742431640625,cauldron_ln_8853,1
-1.3269026279449463,0.015264096669852734,0.109375,0.04126803204417229,0.103515625,0.07343750447034836,mix_SI_UT_0_230,0
-2.1782679557800293,-0.00454579247161746,0.1640625,0.051127027720212936,0.1015625,0.05585937574505806,cauldron_ln_648,0
-1.5070911645889282,-0.0010811941465362906,0.1171875,0.041622344404459,0.0680803582072258,0.04664522036910057,cauldron_ln_28390,1
-1.9009281396865845,-0.0005123057053424418,0.09375,0.049382418394088745,0.0869140625,0.059659093618392944,mix_UI_ST_0_1283,0
-2.109772205352783,-0.0010260505368933082,0.0859375,0.03823171928524971,0.0703125,0.0483940988779068,cauldron_ln_23015,1
-1.7413966655731201,-0.004071045201271772,0.109375,0.04758474975824356,0.0830078125,0.05380859598517418,cauldron_ln_4732,0
-1.764696478843689,0.014067678712308407,0.078125,0.029826823621988297,0.0729166716337204,0.0556640625,mix_SI_UT_0_981,0
-1.4133343696594238,0.0047200522385537624,0.10546875,0.036133646965026855,0.08281250298023224,0.05457482114434242,mix_SI_UT_0_1396,0
-1.5449330806732178,-0.0041673448868095875,0.109375,0.03974467143416405,0.08203125,0.0447048619389534,cauldron_ln_27171,1
-1.6227054595947266,0.006229461636394262,0.0703125,0.027579324319958687,0.0592447929084301,0.04547526314854622,cauldron_ln_4816,0
-0.8331959843635559,-0.0011181640438735485,0.0615234375,0.03798210993409157,0.05419921875,0.0331624373793602,cauldron_ln_13516,0
-1.5672333240509033,0.004973676986992359,0.140625,0.04292052239179611,0.08864182978868484,0.05930398032069206,cauldron_ln_5031,1
-1.3212435245513916,-0.008168945088982582,0.046875,0.029389865696430206,0.0341796875,0.0262451171875,cauldron_ln_14266,1
-1.675722360610962,-0.0078125,0.078125,0.032683197408914566,0.0537109375,0.02978515625,mix_SI_UT_0_567,0
-2.395287275314331,-0.002039292361587286,0.140625,0.05430091917514801,0.103515625,0.06100643426179886,mix_SI_UT_0_311,0
-1.6697134971618652,-0.0018717448692768812,0.046875,0.024589577689766884,0.0338541679084301,0.02357701025903225,mix_UI_ST_0_376,0
-2.6330862045288086,0.0023082387633621693,0.078125,0.03636588901281357,0.0625,0.05000000074505806,mix_UI_ST_0_1147,0
-1.7516412734985352,-0.0005981445428915322,0.078125,0.038754742592573166,0.072265625,0.04531250149011612,mix_SI_UT_0_1167,0
-1.4807621240615845,-0.00697009963914752,0.125,0.048757243901491165,0.07734375447034836,0.05018028989434242,mix_UI_ST_0_436,0
-1.260425090789795,0.008242187090218067,0.125,0.04620584473013878,0.109375,0.0735677108168602,cauldron_ln_26343,1
-1.0591440200805664,0.0020288927480578423,0.046875,0.019574373960494995,0.04296875,0.02762276865541935,cauldron_ln_10451,0
-2.2829842567443848,-0.001708984375,0.109375,0.060115814208984375,0.099609375,0.07109375298023224,cauldron_ln_7543,1
-1.4923319816589355,-0.0043955156579613686,0.10546875,0.04015732556581497,0.0768229216337204,0.0458984412252903,cauldron_ln_7472,1
-1.8562543392181396,0.00949707068502903,0.09375,0.03937780112028122,0.09375,0.05937499925494194,mix_UI_ST_0_886,0
-2.0721969604492188,0.0009511312237009406,0.109375,0.05520709976553917,0.1015625,0.072265625,cauldron_ln_28346,1
-1.4290387630462646,-0.01056780107319355,0.1484375,0.03772081434726715,0.057861328125,0.02880859375,cauldron_ln_28803,0
-1.4458506107330322,-0.0037760904524475336,0.072265625,0.03481816127896309,0.058837890625,0.03449707105755806,cauldron_ln_14514,0
-1.5905747413635254,0.010855424217879772,0.09375,0.02980153076350689,0.078125,0.0529513880610466,cauldron_ln_24229,1
-1.1159989833831787,-0.0029052733443677425,0.11328125,0.03485779091715813,0.06171875074505806,0.03677133470773697,cauldron_ln_3491,0
-0.9527453780174255,-0.003710516495630145,0.0390625,0.0323110893368721,0.03515625,0.0230189748108387,mix_SI_UT_0_1054,0
-1.231173038482666,-0.0034315320663154125,0.0703125,0.03229549899697304,0.0442708358168602,0.0291883684694767,cauldron_ln_9274,1
-1.7182023525238037,0.0067148064263165,0.25,0.04591306671500206,0.1028645858168602,0.0596923828125,mix_UI_ST_0_1115,0
-1.5446970462799072,0.012263706885278225,0.08203125,0.0302270520478487,0.080078125,0.0546875037252903,cauldron_ln_7723,0
-1.5489606857299805,0.002843520138412714,0.078125,0.033661846071481705,0.0729166716337204,0.04736328125,mix_SI_UT_0_1104,0
-1.5201579332351685,-0.007130016107112169,0.12890625,0.04671754688024521,0.0888671875,0.03983931243419647,mix_UI_ST_0_1418,0
-2.066183567047119,0.005307104904204607,0.12890625,0.040117520838975906,0.0904947966337204,0.0597098246216774,mix_UI_ST_0_945,0
-0.9012888669967651,0.0008742873906157911,0.046875,0.02491210773587227,0.044921875,0.0339084193110466,cauldron_ln_24057,0
-1.425563097000122,-0.0034717984963208437,0.171875,0.03934476897120476,0.0703125,0.0374484583735466,mix_SI_UT_0_851,0
-1.1374855041503906,-0.005301735829561949,0.125,0.03865731135010719,0.061767578125,0.031161222606897354,cauldron_ln_15081,1
-1.7803330421447754,0.006129065062850714,0.125,0.04460020735859871,0.08984375,0.06601562350988388,mix_UI_ST_0_138,0
-1.7616722583770752,0.004199828952550888,0.09375,0.03467806801199913,0.07343750447034836,0.050048828125,cauldron_ln_14542,1
-1.922098159790039,-0.0039813704788684845,0.140625,0.048290930688381195,0.09765625,0.0514322929084301,cauldron_ln_18935,0
-1.0584335327148438,0.008037860505282879,0.0625,0.03327522054314613,0.0625,0.0481770858168602,cauldron_ln_27002,0
-1.6742832660675049,-0.016814587637782097,0.0546875,0.048242416232824326,0.04374999925494194,0.03125,mix_SI_UT_0_60,0
-0.8011389374732971,0.00106350879650563,0.1015625,0.027252038940787315,0.06484375149011612,0.03133451193571091,cauldron_ln_13864,0
-1.6838326454162598,0.002828663680702448,0.046875,0.02844552882015705,0.044921875,0.0348772332072258,mix_UI_ST_0_395,0
-1.7427915334701538,0.007144216913729906,0.171875,0.03909120708703995,0.09375,0.0591517873108387,cauldron_ln_11771,1
-1.261001467704773,-0.0030972566455602646,0.1328125,0.03490108624100685,0.05937499925494194,0.03545673191547394,mix_SI_UT_0_20,0
-1.850775957107544,0.010646396316587925,0.109375,0.04167035594582558,0.0926339328289032,0.0673828125,cauldron_ln_25543,0
-1.473125696182251,-0.006006341427564621,0.0859375,0.04171674698591232,0.0729166716337204,0.0478515625,mix_UI_ST_0_711,0
-1.3861110210418701,-0.0033813477493822575,0.078125,0.029215577989816666,0.0481770858168602,0.02943638525903225,cauldron_ln_16065,1
-1.3367358446121216,-0.003501490456983447,0.0859375,0.03267989307641983,0.05195312574505806,0.0337262861430645,cauldron_ln_27718,0
-1.8325705528259277,0.0068945311941206455,0.0703125,0.03180341795086861,0.06640625,0.05224609375,mix_SI_UT_0_207,0
-2.096452236175537,-0.0022699881810694933,0.15625,0.054644204676151276,0.095703125,0.06072443351149559,cauldron_ln_20098,1
-1.7030812501907349,-0.0069732666015625,0.09375,0.05081943795084953,0.0807291716337204,0.052490234375,cauldron_ln_22655,1
-1.0458314418792725,-0.006334459409117699,0.11328125,0.045539695769548416,0.0729166716337204,0.0381401926279068,mix_SI_UT_0_388,0
-2.0259194374084473,0.006549431476742029,0.140625,0.03883105143904686,0.09375,0.0569661483168602,mix_UI_ST_0_1002,0
-1.6238951683044434,-0.002689283574000001,0.125,0.03599885478615761,0.0690104141831398,0.0401407890021801,mix_SI_UT_0_927,0
-1.999298334121704,0.011607068590819836,0.109375,0.03258330747485161,0.083984375,0.05877130851149559,mix_SI_UT_0_1221,0
-2.291473865509033,0.0013664400903508067,0.125,0.04404022544622421,0.0771484375,0.0543619804084301,cauldron_ln_3429,1
-0.967721164226532,0.004719374235719442,0.09375,0.029709435999393463,0.06884765625,0.046786222606897354,cauldron_ln_9379,1
-1.799912929534912,0.002345493994653225,0.078125,0.02713191695511341,0.0625,0.0362723246216774,cauldron_ln_16701,1
-0.8732414245605469,0.0018579515162855387,0.078125,0.02887626364827156,0.06210937723517418,0.0396205373108387,cauldron_ln_7827,0
-2.8091533184051514,-0.001528532593511045,0.05078125,0.03452898934483528,0.048828125,0.04453125223517418,cauldron_ln_20617,1
-1.5556448698043823,0.003135398495942354,0.1640625,0.04811614751815796,0.10625000298023224,0.06550481170415878,cauldron_ln_22465,1
-1.3242385387420654,-0.009678088128566742,0.06640625,0.031306151300668716,0.0533854179084301,0.02362060546875,mix_UI_ST_0_1011,0
-1.652087926864624,0.0057645756751298904,0.140625,0.04013094678521156,0.1005859375,0.0615234375,mix_SI_UT_0_909,0
-1.144784927368164,-0.0004387933004181832,0.078125,0.0338473841547966,0.0625,0.0375434048473835,cauldron_ln_20087,0
-1.0391228199005127,0.0047281901352107525,0.0859375,0.038374919444322586,0.07421875,0.0571289099752903,mix_UI_ST_0_896,0
-2.3267760276794434,0.0030039912089705467,0.0625,0.02873791940510273,0.0517578125,0.0400390625,mix_SI_UT_0_529,0
-1.5066792964935303,-0.0029635042883455753,0.0703125,0.031005095690488815,0.0572916679084301,0.03564453125,mix_SI_UT_0_454,0
-1.1213710308074951,0.0012019231216982007,0.08203125,0.03341677412390709,0.07421875,0.0455729179084301,cauldron_ln_143,0
-1.4000390768051147,0.0017149184131994843,0.0859375,0.036916837096214294,0.0735677108168602,0.0453559048473835,mix_SI_UT_0_545,0
-2.9177134037017822,-0.0037136501632630825,0.125,0.04174506664276123,0.08251953125,0.051047585904598236,cauldron_ln_16497,1
-1.5926822423934937,-0.0003894624242093414,0.0625,0.03048415295779705,0.060546875,0.03554687649011612,mix_UI_ST_0_1383,0
-1.2976863384246826,0.006117971148341894,0.1015625,0.0378560833632946,0.0963541716337204,0.0544704869389534,mix_SI_UT_0_991,0
-1.1593260765075684,0.0026640051510185003,0.09375,0.035236068069934845,0.07656250149011612,0.0498453788459301,mix_SI_UT_0_274,0
-1.4630882740020752,-0.0009200874483212829,0.1640625,0.037935271859169006,0.075927734375,0.0404808409512043,cauldron_ln_26221,1
-1.294550895690918,0.0042818509973585606,0.0625,0.0305373165756464,0.0625,0.0416666679084301,mix_UI_ST_0_449,0
-1.9469422101974487,0.006154147442430258,0.125,0.0409715473651886,0.10546875,0.05841619521379471,cauldron_ln_3444,1
-1.306652545928955,0.01297433115541935,0.0859375,0.029415396973490715,0.0859375,0.0572916679084301,mix_SI_UT_0_1152,0
-1.4753111600875854,0.004376220982521772,0.109375,0.03610346466302872,0.0908203125,0.05161133036017418,cauldron_ln_3436,1
-1.1228301525115967,0.0028638839721679688,0.203125,0.04104318097233772,0.0950520858168602,0.047271728515625,mix_UI_ST_0_451,0
-1.2482659816741943,0.01724853552877903,0.1875,0.057891834527254105,0.15234375,0.09414062649011612,mix_SI_UT_0_1260,0
-1.5069652795791626,-0.004509116057306528,0.10546875,0.0436977818608284,0.07890625298023224,0.04086538776755333,cauldron_ln_16258,1
-1.6344809532165527,0.005615234840661287,0.095703125,0.048259440809488297,0.095703125,0.072265625,cauldron_ln_21031,1
-1.1891329288482666,0.0022625394631177187,0.0546875,0.02700178697705269,0.0520833358168602,0.0373263880610466,mix_UI_ST_0_385,0
-1.9700038433074951,-0.011539902538061142,0.0625,0.03641929849982262,0.0546875,0.02983398549258709,mix_UI_ST_0_1332,0
-1.6207149028778076,-0.0002941694110631943,0.09375,0.03972911834716797,0.0670572966337204,0.0436197929084301,mix_UI_ST_0_1080,0
-2.0327000617980957,0.0004849820688832551,0.109375,0.03845458850264549,0.0872395858168602,0.052734375,cauldron_ln_28784,1
-1.7026796340942383,0.006631033960729837,0.0859375,0.033405937254428864,0.07421875,0.0508510060608387,cauldron_ln_6032,0
-1.2856662273406982,0.002677223877981305,0.078125,0.03778195381164551,0.0732421875,0.05615234375,cauldron_ln_15440,0
-1.4782955646514893,-0.0073445639573037624,0.078125,0.03230268880724907,0.0404459647834301,0.0235246941447258,cauldron_ln_24203,0
-1.1898860931396484,-0.00022051410633139312,0.08984375,0.03550487384200096,0.0618489608168602,0.0421316996216774,mix_SI_UT_0_727,0
-1.01957106590271,0.004244291223585606,0.0703125,0.037569839507341385,0.0703125,0.046875,cauldron_ln_6402,0
-1.4974894523620605,-0.007389463018625975,0.0859375,0.037349723279476166,0.06718750298023224,0.0418178029358387,cauldron_ln_12504,0
-1.8408679962158203,0.016649650409817696,0.15625,0.049869101494550705,0.1223958358168602,0.081787109375,mix_SI_UT_0_1197,0
-2.2209997177124023,0.0010052849538624287,0.0625,0.029987944290041924,0.0625,0.0380859375,cauldron_ln_29755,0
-1.4313757419586182,-0.0004588160081766546,0.140625,0.04357150197029114,0.125,0.0517926923930645,cauldron_ln_10211,0
-1.3235907554626465,0.001220703125,0.078125,0.030961457639932632,0.0641276091337204,0.0406494140625,mix_UI_ST_0_947,0
-1.892663598060608,-0.00244140625,0.078125,0.03583798184990883,0.078125,0.045166015625,cauldron_ln_22391,0
-1.3800058364868164,-0.01616908423602581,0.08984375,0.04260755330324173,0.0533854179084301,0.02276611328125,mix_UI_ST_0_601,0
-1.3599457740783691,0.006800672970712185,0.09375,0.035100433975458145,0.072265625,0.052024148404598236,cauldron_ln_29889,0
-1.5746198892593384,-0.0060508036985993385,0.0859375,0.03430895879864693,0.0595703125,0.031716085970401764,mix_SI_UT_0_271,0
-1.3263285160064697,0.0069732666015625,0.09375,0.029252488166093826,0.0703125,0.044211648404598236,cauldron_ln_7602,1
-1.21371591091156,-0.008407100103795528,0.05859375,0.03447718545794487,0.0520833358168602,0.0323835127055645,cauldron_ln_21114,0
-2.5414178371429443,0.0021441916469484568,0.09375,0.04672187194228172,0.09375,0.06562500447034836,cauldron_ln_22747,0
-1.5647342205047607,0.0008705540676601231,0.125,0.04001004248857498,0.125,0.048828125,mix_UI_ST_0_136,0
-1.516054391860962,-0.005977489519864321,0.12109375,0.04294012486934662,0.06640625,0.041616588830947876,mix_UI_ST_0_123,0
-2.173142433166504,0.00031062535708770156,0.1640625,0.042958881705999374,0.08281250298023224,0.0503627248108387,cauldron_ln_19838,0
-2.438631772994995,0.007944207638502121,0.109375,0.04020453989505768,0.08984375,0.0655381977558136,mix_UI_ST_0_614,0
-1.5469837188720703,-0.0020368709228932858,0.07421875,0.03120841644704342,0.05078125,0.0347842276096344,cauldron_ln_11004,1
-1.2320932149887085,-0.0005704439827241004,0.09375,0.04156117141246796,0.08984375,0.0598958358168602,mix_UI_ST_0_34,0
-1.3691580295562744,0.002431561704725027,0.09375,0.031825315207242966,0.0631510466337204,0.0412946455180645,cauldron_ln_23168,0
-1.2645888328552246,0.003354899352416396,0.08984375,0.03213224187493324,0.0647786483168602,0.04322917014360428,mix_UI_ST_0_1472,0
-1.4167457818984985,-0.008465935476124287,0.0625,0.0329277440905571,0.0553385429084301,0.0330810546875,mix_SI_UT_0_364,0
-2.348111629486084,-0.0031849255319684744,0.10546875,0.0456225760281086,0.0830078125,0.05585937574505806,cauldron_ln_16054,1
-2.462301015853882,0.002850932301953435,0.28125,0.06442032754421234,0.13671875,0.0778459832072258,cauldron_ln_14584,0
-1.7981421947479248,0.0031365288887172937,0.1015625,0.035654522478580475,0.078125,0.0460069440305233,mix_UI_ST_0_71,0
-1.8375359773635864,-0.0062244962900877,0.109375,0.03913222253322601,0.06640625,0.0364510677754879,mix_UI_ST_0_365,0
-1.2995673418045044,0.006864659953862429,0.0859375,0.04295087605714798,0.0859375,0.0595703125,mix_SI_UT_0_789,0
-1.4020748138427734,0.0028618706855922937,0.09375,0.032826390117406845,0.0636160746216774,0.0428602434694767,mix_UI_ST_0_346,0
-1.4739526510238647,0.010511748492717743,0.109375,0.03842705488204956,0.0869140625,0.0589192733168602,mix_SI_UT_0_809,0
-1.2036566734313965,0.00114871293772012,0.0576171875,0.026562031358480453,0.0478515625,0.0320095494389534,mix_UI_ST_0_644,0
-1.284259557723999,0.00351715087890625,0.125,0.039009422063827515,0.080078125,0.053622160106897354,cauldron_ln_8173,1
-2.3084046840667725,0.00028273637872189283,0.109375,0.03833013027906418,0.0768229216337204,0.04509421065449715,cauldron_ln_553,1
-2.0114338397979736,0.0023600261192768812,0.046875,0.0242213923484087,0.046875,0.0338541679084301,cauldron_ln_29796,1
-1.103214144706726,-0.0035029822029173374,0.080078125,0.04067186638712883,0.07343750447034836,0.0446428582072258,mix_SI_UT_0_1300,0
-1.7559418678283691,0.0029778731986880302,0.125,0.04276018217206001,0.1015625,0.0629340261220932,cauldron_ln_5775,0
-1.4351136684417725,-0.0008601698791608214,0.12109375,0.037339311093091965,0.0810546875,0.04326171800494194,mix_SI_UT_0_1058,0
-1.5722181797027588,-0.000362597027560696,0.15234375,0.03891811892390251,0.0758928582072258,0.04584703966975212,mix_SI_UT_0_556,0
-1.1461796760559082,0.005631510633975267,0.1015625,0.037746869027614594,0.0911458358168602,0.0587332621216774,mix_UI_ST_0_22,0
-2.2721734046936035,-0.0030432413332164288,0.0859375,0.038715798407793045,0.0703125,0.04765624925494194,mix_SI_UT_0_691,0
-1.5155220031738281,0.00852864608168602,0.09375,0.035877812653779984,0.09375,0.0677083358168602,cauldron_ln_9302,1
-2.400991678237915,-0.006004734896123409,0.09375,0.052111558616161346,0.0882161483168602,0.0623914934694767,cauldron_ln_20490,1
-1.6027082204818726,0.0016424006316810846,0.1015625,0.0363096222281456,0.0755208358168602,0.0509033203125,mix_SI_UT_0_1032,0
-1.493606686592102,-0.009806951507925987,0.0703125,0.03682368993759155,0.064453125,0.028076171875,mix_SI_UT_0_444,0
-1.6438190937042236,0.0027901786379516125,0.1484375,0.04979637637734413,0.11250000447034836,0.0565011203289032,mix_SI_UT_0_1186,0
-1.3966060876846313,0.013297416269779205,0.1328125,0.03945031017065048,0.1015625,0.067274309694767,cauldron_ln_8863,1
-1.120613694190979,-0.006019005551934242,0.1171875,0.03700561448931694,0.06328125298023224,0.03921274095773697,cauldron_ln_1071,0
-1.0269763469696045,0.00222490425221622,0.078125,0.02919693849980831,0.05742187425494194,0.037184495478868484,cauldron_ln_25686,0
-1.4390546083450317,-0.005032746586948633,0.04296875,0.026121092960238457,0.037109375,0.02822265587747097,mix_SI_UT_0_1262,0
-2.2897346019744873,0.003795695723965764,0.171875,0.04280227795243263,0.09062500298023224,0.05769231170415878,cauldron_ln_7987,1
-1.1677935123443604,0.0012144058709964156,0.1171875,0.03684350475668907,0.0794270858168602,0.04383952170610428,cauldron_ln_17177,1
-1.8930937051773071,-0.0005361519870348275,0.125,0.03765621781349182,0.078125,0.046875,mix_UI_ST_0_325,0
-1.2151535749435425,0.0015306974528357387,0.12890625,0.0469486378133297,0.09609375149011612,0.0583496131002903,cauldron_ln_436,0
-1.1308608055114746,-0.00042599195148795843,0.125,0.03701131418347359,0.0717075914144516,0.0397406704723835,cauldron_ln_19434,1
-1.6187958717346191,-0.0015022523002699018,0.09375,0.033415310084819794,0.0690104216337204,0.0426897332072258,mix_SI_UT_0_474,0
-0.8687272071838379,0.006958007346838713,0.109375,0.040387824177742004,0.0947265625,0.05683593824505806,cauldron_ln_3979,0
-2.1743836402893066,-0.01080322265625,0.0390625,0.03197205811738968,0.03564453125,0.02558593824505806,mix_SI_UT_0_490,0
-1.5040459632873535,0.00812437478452921,0.109375,0.04160039871931076,0.0966796875,0.06396484375,cauldron_ln_28203,0
-1.9986295700073242,-0.008873192593455315,0.10546875,0.045508164912462234,0.0672433078289032,0.0392252616584301,cauldron_ln_28273,1
-1.6629164218902588,0.015445709228515625,0.1875,0.05762503668665886,0.1875,0.09130859375,cauldron_ln_28452,0
-1.6069941520690918,-0.007420765236020088,0.171875,0.0545971542596817,0.08535156399011612,0.05453726276755333,mix_SI_UT_0_1361,0
-1.0482263565063477,0.0023103193379938602,0.1171875,0.03558919206261635,0.08203125,0.04169256240129471,mix_SI_UT_0_1029,0
-1.2843611240386963,0.003039413597434759,0.1328125,0.034329213201999664,0.071533203125,0.04572088271379471,mix_SI_UT_0_1147,0
-1.711118459701538,-0.0102818813174963,0.09375,0.0424824133515358,0.068359375,0.035888671875,mix_SI_UT_0_729,0
-1.5985822677612305,0.007317309267818928,0.1484375,0.04758019745349884,0.09921874850988388,0.06896033883094788,mix_SI_UT_0_267,0
-1.3901889324188232,0.0022523668594658375,0.1875,0.0420692041516304,0.0828683078289032,0.048828125,mix_SI_UT_0_1398,0
-1.831310510635376,-0.0067596435546875,0.125,0.055086586624383926,0.08984375,0.049072265625,cauldron_ln_18546,1
-1.6356468200683594,0.004868163727223873,0.125,0.05056598410010338,0.09218750149011612,0.0686848983168602,mix_SI_UT_0_979,0
-1.6496407985687256,0.005664062220603228,0.1171875,0.04819680377840996,0.10546875,0.0636393278837204,mix_SI_UT_0_753,0
-1.010563611984253,0.00138070248067379,0.09375,0.03054998442530632,0.0622209832072258,0.03774844855070114,cauldron_ln_28530,0
-1.375708818435669,-0.011741355992853642,0.041015625,0.03459078073501587,0.0361328125,0.02473958395421505,cauldron_ln_25103,0
-0.947799801826477,-0.0006679958896711469,0.09375,0.030526528134942055,0.05683593824505806,0.03365384787321091,mix_SI_UT_0_303,0
-1.9429540634155273,-0.0015930176014080644,0.125,0.0421905480325222,0.095703125,0.05195312574505806,mix_SI_UT_0_928,0
-1.1402424573898315,-0.008583450689911842,0.078125,0.03304952010512352,0.040771484375,0.02432861365377903,mix_UI_ST_0_1153,0
-1.4301064014434814,-0.0020810081623494625,0.041015625,0.02060142159461975,0.0361328125,0.02460937574505806,cauldron_ln_13778,1
-1.802270531654358,0.00011399212962714955,0.09375,0.03262350335717201,0.0677083358168602,0.04181985184550285,cauldron_ln_22213,1
-1.4129302501678467,-0.0012874603271484375,0.1328125,0.04847877100110054,0.1067708358168602,0.05373382568359375,mix_UI_ST_0_393,0
-1.5364782810211182,0.007341411430388689,0.08203125,0.032538194209337234,0.07421875,0.054342832416296005,mix_SI_UT_0_1190,0
-1.3073179721832275,0.00010825103527167812,0.078125,0.029050294309854507,0.05937499925494194,0.03740985691547394,cauldron_ln_3727,1
-1.661909818649292,-0.008347531780600548,0.078125,0.039723776280879974,0.05859375,0.038973722606897354,cauldron_ln_27500,1
-0.9290559887886047,-0.00717075914144516,0.041015625,0.025019146502017975,0.0319010429084301,0.02142333984375,mix_UI_ST_0_712,0
-1.612999439239502,-0.0029778731986880302,0.099609375,0.04546884447336197,0.0651041716337204,0.0414496548473835,cauldron_ln_3710,1
-1.7607841491699219,0.0034857855644077063,0.125,0.04237489029765129,0.0807291716337204,0.0512152798473835,mix_UI_ST_0_503,0
-1.9366719722747803,-0.002891138894483447,0.171875,0.05529869347810745,0.1015625,0.0576171912252903,mix_UI_ST_0_1188,0
-1.1312049627304077,0.0037298433016985655,0.0625,0.021854836493730545,0.052734375,0.03281250223517418,cauldron_ln_605,0
-1.2366350889205933,0.009875067509710789,0.078125,0.02825646847486496,0.076171875,0.0471540205180645,cauldron_ln_5146,1
-0.8370093107223511,-0.004315331112593412,0.0703125,0.031235210597515106,0.0478515625,0.03105468861758709,mix_UI_ST_0_718,0
-1.4343247413635254,0.009674072265625,0.109375,0.0379733145236969,0.09375,0.05976562574505806,mix_UI_ST_0_1112,0
-2.0099129676818848,-0.007253247778862715,0.09765625,0.05330323800444603,0.0869140625,0.056640625,cauldron_ln_15709,0
-1.0510849952697754,-0.0015228870324790478,0.125,0.03983968496322632,0.07734375447034836,0.0457356795668602,mix_SI_UT_0_1400,0
-1.517845869064331,0.00785064697265625,0.14453125,0.03809751570224762,0.095703125,0.052734375,cauldron_ln_24225,0
-1.9127792119979858,0.007013494614511728,0.0390625,0.021678008139133453,0.0390625,0.03662109375,cauldron_ln_3900,1
-1.2104949951171875,-0.013478348031640053,0.0546875,0.03887481614947319,0.04296875,0.02451171912252903,mix_SI_UT_0_578,0
-1.7156022787094116,-0.005338737741112709,0.109375,0.041092630475759506,0.071533203125,0.040283203125,mix_UI_ST_0_1372,0
-1.5063631534576416,-0.005209000315517187,0.08203125,0.03848453611135483,0.0598958358168602,0.03489583358168602,mix_SI_UT_0_631,0
-1.677781581878662,0.003378906287252903,0.09375,0.03791472315788269,0.06796874850988388,0.0477701835334301,cauldron_ln_7628,1
-1.1945719718933105,0.005660113412886858,0.08984375,0.03984029218554497,0.0872395858168602,0.0634765625,mix_SI_UT_0_1371,0
-1.6579654216766357,-0.016166355460882187,0.0703125,0.043124694377183914,0.0556640625,0.03007812611758709,cauldron_ln_254,0
-1.3736348152160645,0.00269693392328918,0.125,0.04121415689587593,0.0904947966337204,0.0545654296875,cauldron_ln_10080,0
-1.5693707466125488,-0.0025007918011397123,0.078125,0.044454097747802734,0.0677083358168602,0.0466579869389534,cauldron_ln_9429,1
-2.016820192337036,-0.0055943080224096775,0.078125,0.031078165397047997,0.0546875,0.0355224609375,cauldron_ln_12543,0
-1.9488778114318848,0.010476249270141125,0.1328125,0.05300576239824295,0.12890625,0.0814732164144516,cauldron_ln_2953,1
-1.7369824647903442,0.010021633468568325,0.265625,0.05754605308175087,0.1666666716337204,0.0766059011220932,cauldron_ln_22573,1
-1.6240227222442627,-0.008653429336845875,0.046875,0.06671636551618576,0.046875,0.03759765625,cauldron_ln_18774,1
-1.1781501770019531,0.0044545819982886314,0.078125,0.027811763808131218,0.0625,0.0457589291036129,mix_UI_ST_0_1123,0
-1.4714292287826538,-0.0013461642665788531,0.078125,0.03450019285082817,0.0535481795668602,0.0363498255610466,mix_SI_UT_0_721,0
-1.5812441110610962,0.0015716552734375,0.125,0.03661537915468216,0.076171875,0.0474853515625,mix_SI_UT_0_1189,0
-1.054388403892517,-0.0021902720909565687,0.09765625,0.038836754858493805,0.072265625,0.0396321639418602,cauldron_ln_18676,1
-1.9639694690704346,0.001221506274305284,0.125,0.037449270486831665,0.0797991082072258,0.049547698348760605,cauldron_ln_14639,1
-1.8227636814117432,-0.00244140625,0.109375,0.04658186435699463,0.08359374850988388,0.0574776828289032,cauldron_ln_13297,0
-1.7293144464492798,-0.008092762902379036,0.1171875,0.05205037444829941,0.099609375,0.0565389022231102,mix_SI_UT_0_1322,0
-1.9190980195999146,-0.002506256103515625,0.09375,0.046289894729852676,0.0833333358168602,0.0499267578125,mix_UI_ST_0_826,0
-1.388573408126831,0.0022722664289176464,0.13671875,0.039146538823843,0.08437500149011612,0.0510602705180645,mix_UI_ST_0_506,0
-2.0138635635375977,-0.004094123840332031,0.09375,0.03310167044401169,0.05517578125,0.027923583984375,mix_SI_UT_0_1465,0
-2.419917106628418,-2.4968929210444912e-05,0.0859375,0.03490079566836357,0.056640625,0.040482956916093826,mix_UI_ST_0_799,0
-1.6191470623016357,-0.011146827600896358,0.02734375,0.02895749919116497,0.021484375,0.00960286520421505,cauldron_ln_1481,0
-2.5406229496002197,0.009251793846487999,0.125,0.045471351593732834,0.08203125,0.06269531697034836,mix_SI_UT_0_1454,0
-1.3305888175964355,-0.005609927233308554,0.07421875,0.0386965274810791,0.06787109375,0.03935546800494194,cauldron_ln_3543,1
-2.4695017337799072,-0.0022970533464103937,0.15625,0.04356827586889267,0.0904947966337204,0.0533854179084301,mix_UI_ST_0_1158,0
-1.2516069412231445,-0.005352201871573925,0.078125,0.03656104579567909,0.05859375,0.03437500074505806,mix_UI_ST_0_111,0
-1.0984268188476562,-0.0014111327473074198,0.109375,0.03853160887956619,0.083984375,0.0479329451918602,cauldron_ln_21411,0
-1.2974390983581543,0.002791184699162841,0.1015625,0.04024865850806236,0.08906250447034836,0.052659258246421814,cauldron_ln_5505,0
-1.0813212394714355,0.002019108971580863,0.06640625,0.03346738964319229,0.0651041716337204,0.0470920130610466,mix_SI_UT_0_666,0
-1.7142021656036377,0.0024553935509175062,0.28125,0.04537822678685188,0.0900607630610466,0.0498046875,mix_UI_ST_0_869,0
-2.093657970428467,-0.01577524095773697,0.0390625,0.04407982528209686,0.0390625,0.0319010429084301,mix_UI_ST_0_1186,0
-1.596023440361023,0.0040069581009447575,0.125,0.04651068523526192,0.091796875,0.05830078199505806,cauldron_ln_16243,0
-1.7945390939712524,-0.0015831771306693554,0.08984375,0.02899625524878502,0.0615234375,0.028533935546875,cauldron_ln_25073,0
-2.8774397373199463,0.0005132110673002899,0.125,0.05324617400765419,0.0915178582072258,0.06502757221460342,mix_SI_UT_0_250,0
-1.0812385082244873,-0.0019028608221560717,0.0859375,0.04431704059243202,0.07500000298023224,0.0511881522834301,cauldron_ln_25253,1
-1.0664992332458496,-0.0058063012547791,0.08203125,0.051040902733802795,0.06103515625,0.031571824103593826,mix_UI_ST_0_371,0
-1.8402005434036255,-0.014232635498046875,0.0546875,0.03321318328380585,0.0406901054084301,0.0208740234375,mix_SI_UT_0_1092,0
-1.5135613679885864,0.00945203099399805,0.171875,0.049031004309654236,0.12890625,0.0775669664144516,mix_SI_UT_0_1286,0
-1.8160781860351562,-0.011997767724096775,0.0703125,0.03484757989645004,0.0533854179084301,0.02734375,cauldron_ln_1898,0
-1.4689525365829468,-0.0034597646445035934,0.125,0.03763838857412338,0.063368059694767,0.03817085549235344,mix_SI_UT_0_24,0
-1.3727831840515137,-0.004147178493440151,0.06640625,0.028117001056671143,0.0553385429084301,0.02777777798473835,mix_SI_UT_0_102,0
-1.2875036001205444,0.0034347535111010075,0.1171875,0.03474419564008713,0.07763671875,0.0458984375,cauldron_ln_14357,1
-0.8087033033370972,-0.0014556884998455644,0.07421875,0.030113687738776207,0.0500759556889534,0.03240412101149559,cauldron_ln_23849,1
-3.9688408374786377,0.004244123585522175,0.09375,0.05638802796602249,0.09375,0.0792410746216774,mix_SI_UT_0_575,0
-1.851473331451416,-0.00868747103959322,0.1640625,0.04591924697160721,0.0789620578289032,0.04055304452776909,cauldron_ln_5248,1
-1.7565070390701294,0.005912966560572386,0.125,0.038412708789110184,0.087890625,0.0546875,mix_SI_UT_0_774,0
-1.8232638835906982,-0.0081612728536129,0.078125,0.051729507744312286,0.056640625,0.0390625,cauldron_ln_4495,1
-2.115396022796631,-0.0018005372257903218,0.15625,0.051219042390584946,0.0989583358168602,0.06386718899011612,cauldron_ln_8371,0
-1.791686773300171,0.0004999070079065859,0.0859375,0.035120293498039246,0.068359375,0.04648437723517418,cauldron_ln_11986,0
-1.527625322341919,-0.004082656465470791,0.095703125,0.03551626577973366,0.05322265625,0.03164062649011612,cauldron_ln_9055,1
-2.0390713214874268,0.006670551840215921,0.09375,0.04313771799206734,0.0924479216337204,0.06640625,mix_SI_UT_0_174,0
-1.7870182991027832,0.0022029171232134104,0.1171875,0.0462065264582634,0.08740234375,0.057861328125,cauldron_ln_18091,0
-1.3396950960159302,0.001151637057773769,0.125,0.03456444665789604,0.0703125,0.03908820077776909,mix_UI_ST_0_389,0
-1.6443963050842285,-0.009191176854074001,0.046875,0.03334653377532959,0.046875,0.025390625,mix_SI_UT_0_926,0
-2.097475051879883,-0.0030238560866564512,0.15625,0.05202189087867737,0.1197916716337204,0.0645751953125,cauldron_ln_20829,0
-1.9428269863128662,0.0093294782564044,0.125,0.04215788468718529,0.0986328125,0.0611979179084301,mix_UI_ST_0_452,0
-2.113157272338867,-0.014204545877873898,0.0703125,0.042392924427986145,0.0546875,0.03857421875,cauldron_ln_1182,0
-1.9357699155807495,-0.0030710319988429546,0.125,0.04320932552218437,0.0885416716337204,0.0448133684694767,mix_SI_UT_0_950,0
-1.7638839483261108,0.0084664486348629,0.1015625,0.031438976526260376,0.1015625,0.052734375,mix_UI_ST_0_269,0
-2.0588977336883545,-0.007634943351149559,0.046875,0.04194178059697151,0.046875,0.0419921875,cauldron_ln_7392,0
-1.2830573320388794,-0.0037360915448516607,0.0859375,0.0401206910610199,0.0729166716337204,0.04681396484375,mix_SI_UT_0_1367,0
-3.222958564758301,-0.00632476806640625,0.140625,0.05243412032723427,0.09375,0.0537109375,mix_SI_UT_0_239,0
-1.086426019668579,0.005674164742231369,0.0859375,0.031947504729032516,0.08203125,0.0475027933716774,cauldron_ln_6426,0
-1.198106288909912,-0.0013949077110737562,0.046875,0.026613306254148483,0.041015625,0.02657063864171505,mix_UI_ST_0_773,0
-2.226212978363037,-0.009546916000545025,0.1953125,0.05474000424146652,0.1005859375,0.04833984375,mix_UI_ST_0_333,0
-2.722980260848999,0.0042290580458939075,0.109375,0.047834739089012146,0.1005859375,0.06454190611839294,mix_UI_ST_0_342,0
-1.5132496356964111,0.0006510416860692203,0.078125,0.0439232774078846,0.078125,0.048828125,mix_UI_ST_0_745,0
-1.5961222648620605,-0.01316034235060215,0.0546875,0.0346890464425087,0.0380859375,0.0234375,mix_UI_ST_0_439,0
-1.6469745635986328,-0.004944882355630398,0.140625,0.04773914813995361,0.10546875,0.0555943101644516,cauldron_ln_4865,1
-1.3282009363174438,-0.003140536369755864,0.0390625,0.029651280492544174,0.03515625,0.02968749962747097,mix_UI_ST_0_75,0
-1.3291501998901367,-0.005211463663727045,0.078125,0.028238169848918915,0.046875,0.0213419608771801,mix_SI_UT_0_566,0
-0.9862649440765381,0.001129150390625,0.1796875,0.041973602026700974,0.0904947966337204,0.047515869140625,mix_UI_ST_0_522,0
-2.526453733444214,-0.0010825709905475378,0.09375,0.037919409573078156,0.0594618059694767,0.042416781187057495,cauldron_ln_10069,1
-1.4655961990356445,0.002889827825129032,0.0859375,0.03441601246595383,0.072265625,0.0472819022834301,mix_SI_UT_0_334,0
-1.0054649114608765,0.0029153262730687857,0.046875,0.025333702564239502,0.046875,0.03466796875,cauldron_ln_29614,1
-2.113297939300537,-0.00350189208984375,0.1484375,0.049490634351968765,0.0924479216337204,0.0487060546875,mix_UI_ST_0_411,0
-1.0792081356048584,-0.0015438304981216788,0.05078125,0.027595622465014458,0.0390625,0.02974446676671505,mix_UI_ST_0_314,0
-1.3294613361358643,0.0026490953750908375,0.0625,0.027248036116361618,0.0546875,0.0377604179084301,cauldron_ln_26290,1
-1.776018500328064,0.008055221289396286,0.09375,0.03889636695384979,0.083984375,0.06015625223517418,cauldron_ln_15362,1
-1.6043553352355957,0.005507525522261858,0.09375,0.04439443722367287,0.0794270858168602,0.064697265625,cauldron_ln_10070,1
-1.703319787979126,-0.0075317383743822575,0.125,0.05957680195569992,0.09375,0.05546874925494194,cauldron_ln_9944,0
-0.9993686676025391,-0.005494491197168827,0.109375,0.030091801658272743,0.04638671875,0.02520197071135044,mix_SI_UT_0_976,0
-1.1580774784088135,-0.0009195079328492284,0.0546875,0.03231162205338478,0.052734375,0.039772726595401764,cauldron_ln_13011,1
-1.3434815406799316,-0.00210969359613955,0.09375,0.030442016199231148,0.068359375,0.03875177726149559,mix_UI_ST_0_946,0
-1.069796085357666,0.014733356423676014,0.1015625,0.02848653309047222,0.0859375,0.05722656473517418,cauldron_ln_21745,1
-1.2441308498382568,0.001552581787109375,0.1015625,0.033630166202783585,0.0673828125,0.0437825545668602,mix_UI_ST_0_86,0
-1.3446491956710815,0.0004441281489562243,0.078125,0.03151882067322731,0.0556640625,0.03919566795229912,mix_SI_UT_0_264,0
-1.1749478578567505,0.005908966064453125,0.0625,0.027053330093622208,0.0611979179084301,0.0439453125,cauldron_ln_2506,1
-2.2067267894744873,-0.006412706803530455,0.078125,0.03905024006962776,0.063058041036129,0.03656969591975212,mix_SI_UT_0_583,0
-1.5205028057098389,-0.00680474191904068,0.07421875,0.038606468588113785,0.05322265625,0.03258167579770088,mix_UI_ST_0_1064,0
-2.2884433269500732,-0.002655029296875,0.1015625,0.058487821370363235,0.1015625,0.0598958358168602,cauldron_ln_16905,1
-1.6565771102905273,-0.008478437550365925,0.0703125,0.037772394716739655,0.0625,0.0318080373108387,mix_SI_UT_0_838,0
-1.5108997821807861,0.005307124461978674,0.1328125,0.03499206155538559,0.07343750447034836,0.047626204788684845,mix_SI_UT_0_183,0
-1.4734134674072266,0.001542968675494194,0.08203125,0.03892280533909798,0.076171875,0.05322265625,mix_UI_ST_0_157,0
-1.2625350952148438,-0.006752523127943277,0.0859375,0.047778885811567307,0.0651041716337204,0.0495256707072258,mix_SI_UT_0_1296,0
-1.1177144050598145,0.005933037959039211,0.109375,0.02989799715578556,0.07187499850988388,0.0456194207072258,mix_UI_ST_0_1163,0
-1.5481505393981934,-0.0054185655899345875,0.109375,0.04738383740186691,0.0872395858168602,0.0494791679084301,mix_SI_UT_0_1108,0
-1.63422691822052,0.008745746687054634,0.109375,0.03562828525900841,0.0859375,0.0602678582072258,cauldron_ln_2818,1
-1.6176602840423584,0.010344238020479679,0.203125,0.052127305418252945,0.11874999850988388,0.078125,mix_SI_UT_0_527,0
-1.9801218509674072,-0.011371319182217121,0.046875,0.028760546818375587,0.0400390625,0.0203857421875,mix_UI_ST_0_1362,0
-1.9754966497421265,0.00849151611328125,0.125,0.03350569307804108,0.0833333358168602,0.048828125,mix_UI_ST_0_998,0
-1.4101614952087402,0.001930519356392324,0.0859375,0.057534150779247284,0.0859375,0.05859375,cauldron_ln_25567,1
-2.1405956745147705,0.0003995028673671186,0.1015625,0.04083748161792755,0.078125,0.0460205078125,cauldron_ln_18869,1
-1.1074867248535156,-0.0016974372556433082,0.140625,0.05137735232710838,0.0989583358168602,0.0601128488779068,cauldron_ln_4523,0
-2.0740346908569336,-0.012920673936605453,0.076171875,0.04956114664673805,0.0693359375,0.0416666679084301,cauldron_ln_2537,0
-1.5149517059326172,-0.0008418743964284658,0.109375,0.035513877868652344,0.06982421875,0.04278095066547394,mix_SI_UT_0_904,0
-1.1028199195861816,0.00022844587510917336,0.1484375,0.03537146747112274,0.0729166716337204,0.039306640625,cauldron_ln_25393,0
-1.3539551496505737,0.011465567164123058,0.203125,0.04637137055397034,0.1328125,0.0693359375,cauldron_ln_1119,0
-1.1124931573867798,-0.003637106856331229,0.0859375,0.036998867988586426,0.0545654296875,0.03022461012005806,mix_SI_UT_0_203,0
-1.1707075834274292,0.0069916825741529465,0.09375,0.026563797146081924,0.06718750298023224,0.0445731058716774,cauldron_ln_7012,1
-2.183182716369629,-0.01640625111758709,0.0625,0.04076774790883064,0.0625,0.0397135429084301,mix_UI_ST_0_446,0
-1.8455171585083008,0.007989291101694107,0.140625,0.05585605278611183,0.125,0.0721261203289032,mix_UI_ST_0_33,0
-0.9824323058128357,-0.00203484995290637,0.08984375,0.03243109583854675,0.06093750149011612,0.0356619730591774,cauldron_ln_4697,0
-1.3930323123931885,0.010151366703212261,0.0703125,0.027868852019309998,0.064453125,0.05078125,cauldron_ln_17628,0
-2.4948713779449463,-0.0048122829757630825,0.25,0.058037739247083664,0.1220703125,0.0634765625,mix_SI_UT_0_661,0
-1.215248703956604,-0.0006987472879700363,0.125,0.04320749640464783,0.091796875,0.0493861623108387,cauldron_ln_27445,1
-2.1821751594543457,0.0037874788977205753,0.09375,0.045087311416864395,0.0911458358168602,0.0587022565305233,cauldron_ln_19907,1
-2.168252944946289,-0.01145833358168602,0.07421875,0.050635453313589096,0.07421875,0.0559895858168602,mix_UI_ST_0_1191,0
-2.087625741958618,0.004267766140401363,0.09765625,0.037528764456510544,0.07343750447034836,0.05010516941547394,mix_SI_UT_0_1314,0
-1.2572132349014282,0.012438965030014515,0.078125,0.02606630139052868,0.07421875,0.05019531399011612,mix_UI_ST_0_615,0
-1.968066692352295,-0.0025377776473760605,0.125,0.039494920521974564,0.0807291716337204,0.0457899309694767,mix_SI_UT_0_1470,0
-1.9231011867523193,-0.007618749048560858,0.09375,0.04798253998160362,0.0703125,0.04531250149011612,mix_UI_ST_0_1180,0
-0.9284874200820923,-0.0008544921875,0.0625,0.02442030794918537,0.0455729179084301,0.0293666310608387,cauldron_ln_15267,1
-1.203932285308838,-0.004367404617369175,0.0859375,0.03460235893726349,0.0859375,0.036865234375,mix_SI_UT_0_1237,0
-1.487874150276184,-0.016594382002949715,0.0234375,0.02886880561709404,0.0234375,0.0108642578125,cauldron_ln_1396,1
-1.984965443611145,0.0008070204057730734,0.1015625,0.04848372936248779,0.1015625,0.0592041015625,cauldron_ln_15887,0
-1.369644284248352,0.005209433380514383,0.1328125,0.0377010852098465,0.092354916036129,0.0527886301279068,mix_UI_ST_0_321,0
-1.7320088148117065,-0.003638772526755929,0.078125,0.03808404877781868,0.0559895858168602,0.041015625,mix_UI_ST_0_1463,0
-1.3349257707595825,-0.0028923882637172937,0.0625,0.031041057780385017,0.0514322929084301,0.0330403633415699,cauldron_ln_18382,0
-2.0815091133117676,-0.002413236303254962,0.09375,0.03895121067762375,0.06406249850988388,0.044170673936605453,cauldron_ln_13093,1
-1.3895052671432495,0.0022749467752873898,0.109375,0.03793984279036522,0.080078125,0.04765624925494194,mix_UI_ST_0_682,0
-1.9567530155181885,-0.0018048967467620969,0.09375,0.037069693207740784,0.060546875,0.04082031175494194,mix_SI_UT_0_1194,0
-2.131894588470459,-0.004767166916280985,0.0703125,0.030426476150751114,0.04804687574505806,0.0322265625,mix_SI_UT_0_1012,0
-2.1459808349609375,0.004243738483637571,0.203125,0.05776052176952362,0.1197916716337204,0.07177734375,mix_SI_UT_0_1232,0
-1.3832777738571167,0.009537761099636555,0.05078125,0.026632511988282204,0.05078125,0.048828125,cauldron_ln_3870,0
-1.9787846803665161,0.00658307783305645,0.11328125,0.03489774838089943,0.08359374850988388,0.0528738871216774,cauldron_ln_18893,1
-1.6510802507400513,7.768110663164407e-05,0.0703125,0.03421696648001671,0.0625,0.04443359375,cauldron_ln_20161,1
-1.6501623392105103,0.0017841046210378408,0.1875,0.04466763883829117,0.09453125298023224,0.0512695349752903,mix_UI_ST_0_982,0
-1.3113672733306885,0.005131836049258709,0.07421875,0.03159016743302345,0.06289062649011612,0.0460611991584301,cauldron_ln_26319,0
-1.3181207180023193,0.011455077677965164,0.099609375,0.032451875507831573,0.0888671875,0.0569661483168602,mix_SI_UT_0_1043,0
-2.9002349376678467,-0.004180908203125,0.125,0.057665321975946426,0.091796875,0.0538736991584301,cauldron_ln_7847,1
-1.5476460456848145,0.00385730667039752,0.2109375,0.04267849400639534,0.09511718899011612,0.053786057978868484,cauldron_ln_16096,0
-1.8112355470657349,-0.006662406492978334,0.15625,0.04262388125061989,0.07304687798023224,0.0430501326918602,cauldron_ln_2142,1
-1.4675780534744263,0.006131194531917572,0.109375,0.03923119232058525,0.0810546875,0.05488281324505806,cauldron_ln_14220,1
-1.6880254745483398,8.724897634238005e-05,0.125,0.047250185161828995,0.1004464328289032,0.05805407091975212,cauldron_ln_23248,1
-1.3851898908615112,0.0009321733377873898,0.078125,0.037136260420084,0.076171875,0.05546874925494194,cauldron_ln_385,1
-1.826640009880066,-0.0068022627383470535,0.05078125,0.04542795568704605,0.0458984375,0.0343191996216774,mix_SI_UT_0_542,0
-1.672590732574463,0.002738037146627903,0.09765625,0.04391680285334587,0.07734375447034836,0.0519205741584301,mix_SI_UT_0_734,0
-1.0296149253845215,0.011766083538532257,0.1015625,0.032071974128484726,0.0712890625,0.0509440116584301,cauldron_ln_3060,0
-1.7159656286239624,0.002314814832061529,0.09375,0.029973778873682022,0.0703125,0.0416666679084301,cauldron_ln_8235,0
-1.4509865045547485,-0.0022543203085660934,0.0859375,0.028099706396460533,0.056640625,0.032182175666093826,cauldron_ln_19208,1
-1.9873385429382324,-0.004863194189965725,0.1171875,0.03282182291150093,0.078125,0.0286080501973629,cauldron_ln_23342,0
-2.145080089569092,0.0017168598715215921,0.0625,0.03828363120555878,0.0559895858168602,0.0452008955180645,cauldron_ln_17433,0
-2.023585796356201,0.0061965687200427055,0.140625,0.03970114514231682,0.0807291716337204,0.0533854179084301,mix_UI_ST_0_1318,0
-1.7362089157104492,-0.004693393129855394,0.15625,0.04968694970011711,0.07861328125,0.0477120541036129,cauldron_ln_6034,0
-1.7237673997879028,-0.002941022627055645,0.1328125,0.054604802280664444,0.0789620578289032,0.049230240285396576,cauldron_ln_2745,0
-1.3515630960464478,0.004168919287621975,0.109375,0.04432110860943794,0.095703125,0.0558035746216774,mix_SI_UT_0_1125,0
-1.5587759017944336,-0.0003145658120047301,0.21875,0.05272861570119858,0.10625000298023224,0.056077226996421814,mix_SI_UT_0_369,0
-1.7653908729553223,0.00647735595703125,0.0859375,0.03775402158498764,0.0716145858168602,0.05908203125,cauldron_ln_13286,1
-1.9384008646011353,-0.0020116171799600124,0.09375,0.04389769583940506,0.078125,0.049560546875,cauldron_ln_27167,0
-1.420657753944397,0.002867727540433407,0.1171875,0.03663240745663643,0.0911458358168602,0.04962158203125,mix_SI_UT_0_706,0
-1.4619107246398926,0.0002528599288780242,0.109375,0.03899748623371124,0.078125,0.04477539286017418,mix_UI_ST_0_1000,0
-1.5586721897125244,0.00336419977247715,0.109375,0.033572662621736526,0.0631510466337204,0.04576823115348816,mix_UI_ST_0_721,0
-1.1018668413162231,-0.004669189453125,0.12109375,0.03995019197463989,0.080078125,0.0380859375,cauldron_ln_29035,0
-1.008518934249878,-0.0065673827193677425,0.0341796875,0.02954893745481968,0.02734375,0.01839192770421505,mix_SI_UT_0_458,0
-1.362452507019043,-0.021542716771364212,0.03955078125,0.042858097702264786,0.0340169295668602,0.016544342041015625,mix_UI_ST_0_794,0
-1.2320761680603027,-0.006569602061063051,0.09375,0.052172672003507614,0.06796874850988388,0.042593151330947876,mix_SI_UT_0_1419,0
-1.1210052967071533,0.001087188720703125,0.078125,0.027962906286120415,0.05322265625,0.03599964454770088,cauldron_ln_7504,1
-1.4536807537078857,0.011518807150423527,0.171875,0.057017143815755844,0.140625,0.094308041036129,cauldron_ln_26461,1
-0.8627205491065979,0.003692626953125,0.0703125,0.02733287774026394,0.060546875,0.0397135429084301,cauldron_ln_21495,0
-0.9236472845077515,-0.0002535306557547301,0.0546875,0.03883788362145424,0.052734375,0.0392252616584301,cauldron_ln_25312,0
-1.512911319732666,-0.0004111842135898769,0.21875,0.05241409316658974,0.1145833358168602,0.0557725690305233,mix_UI_ST_0_1345,0
-2.1384551525115967,0.0047012330032885075,0.125,0.04955973103642464,0.103515625,0.06464844197034836,mix_UI_ST_0_413,0
-0.9533082842826843,-0.0003592751454561949,0.1015625,0.03327765315771103,0.0673828125,0.03959517180919647,mix_SI_UT_0_1479,0
-1.3446381092071533,-0.00087522849207744,0.1015625,0.03414390981197357,0.0634765625,0.03993626683950424,cauldron_ln_3208,0
-0.9738823771476746,-0.002878328552469611,0.140625,0.04251954331994057,0.08203125,0.04122314602136612,mix_UI_ST_0_694,0
-1.7783880233764648,-0.003940429538488388,0.09375,0.03915511444211006,0.09375,0.04541015625,mix_SI_UT_0_1254,0
-1.4289193153381348,0.0035546873696148396,0.0859375,0.03593902662396431,0.07187499850988388,0.053466796875,cauldron_ln_25107,1
-2.2416813373565674,-0.003960503730922937,0.09375,0.0473162904381752,0.09375,0.0576171875,cauldron_ln_13032,1
-1.3957968950271606,-0.002349028829485178,0.0703125,0.02812269702553749,0.0598958358168602,0.0302870012819767,cauldron_ln_20701,1
-2.5197317600250244,-0.0030782949179410934,0.1640625,0.054016243666410446,0.12109375,0.07382812350988388,cauldron_ln_10811,0
-2.0953874588012695,0.0142822265625,0.109375,0.034649625420570374,0.109375,0.06201171875,mix_UI_ST_0_1436,0
-2.7037487030029297,0.016387939453125,0.1875,0.056408628821372986,0.1875,0.08984375,cauldron_ln_23003,1
-1.6190452575683594,-0.006535121705383062,0.1328125,0.04062415286898613,0.052978515625,0.0357375368475914,mix_UI_ST_0_1238,0
-1.9914374351501465,0.0018717447528615594,0.078125,0.037444427609443665,0.0696614608168602,0.0478515625,mix_UI_ST_0_1457,0
-1.8581924438476562,0.010688476264476776,0.1171875,0.03684094175696373,0.08984375,0.0618489608168602,mix_SI_UT_0_1014,0
-0.704500138759613,-0.007252660114318132,0.05859375,0.026572072878479958,0.035400390625,0.014229911379516125,cauldron_ln_21151,0
-1.6887555122375488,0.01297433115541935,0.0859375,0.03596121072769165,0.0859375,0.0716145858168602,cauldron_ln_7727,1
-1.7007025480270386,0.0013435559812933207,0.1171875,0.04813365265727043,0.1012834832072258,0.061780426651239395,cauldron_ln_29238,0
-2.4523115158081055,0.0011894411873072386,0.1875,0.05643767490983009,0.119140625,0.07089843600988388,mix_SI_UT_0_619,0
-1.3601243495941162,-0.0073077864944934845,0.0625,0.039496880024671555,0.0572916679084301,0.0394965298473835,cauldron_ln_17260,1
-1.6057021617889404,-0.00302850641310215,0.064453125,0.043618056923151016,0.0634765625,0.04550781473517418,cauldron_ln_21504,0
-2.193026065826416,-0.006353610660880804,0.125,0.04410974681377411,0.0673828125,0.04541015625,cauldron_ln_27877,0
-0.867479681968689,0.001251220703125,0.0546875,0.026234308257699013,0.0439453125,0.03076171875,mix_SI_UT_0_139,0
-2.587509870529175,-0.010806613601744175,0.08984375,0.047082554548978806,0.08984375,0.039093017578125,mix_UI_ST_0_462,0
-2.0678868293762207,0.003948342986404896,0.125,0.05313403159379959,0.109375,0.0666852742433548,cauldron_ln_2275,1
-1.333384394645691,0.01120476983487606,0.1015625,0.03296962380409241,0.1015625,0.06103515625,mix_SI_UT_0_837,0
-1.0694150924682617,-0.0001921782677527517,0.06640625,0.027948269620537758,0.0533854179084301,0.0340711809694767,cauldron_ln_22009,1
-1.9302977323532104,0.0007758706342428923,0.140625,0.04588182643055916,0.09765625,0.0533621683716774,mix_UI_ST_0_202,0
-1.8128023147583008,-0.0022949217818677425,0.06640625,0.030572859570384026,0.05078125,0.0343017578125,mix_UI_ST_0_1086,0
-1.131757140159607,0.0,0.0859375,0.031086070463061333,0.0625,0.03759765625,cauldron_ln_453,0
-1.5108792781829834,0.001703722751699388,0.1953125,0.06844081729650497,0.1484375,0.0787527933716774,mix_SI_UT_0_993,0
-1.1993463039398193,0.00897725485265255,0.1484375,0.04640727490186691,0.1328125,0.060546875,mix_UI_ST_0_1130,0
-1.9068350791931152,0.00958251953125,0.125,0.0393008254468441,0.09687500447034836,0.061298079788684845,cauldron_ln_28268,1
-1.3657684326171875,-0.004366142675280571,0.125,0.04445658251643181,0.09912109375,0.04877929762005806,cauldron_ln_10238,0
-1.3597171306610107,-0.005970594938844442,0.09375,0.03838159516453743,0.05810546875,0.03471235930919647,cauldron_ln_14609,0
-2.3637783527374268,0.007137901149690151,0.1875,0.06276053190231323,0.1875,0.107421875,cauldron_ln_28670,1
-1.1645740270614624,-0.004525603260844946,0.109375,0.0395486056804657,0.059795673936605453,0.03538243845105171,cauldron_ln_16131,1
-1.7630314826965332,0.003167451359331608,0.140625,0.03714938089251518,0.0813802108168602,0.0506591796875,mix_UI_ST_0_561,0
-2.0384140014648438,-0.010394370183348656,0.09375,0.044915422797203064,0.0636160746216774,0.0418023020029068,cauldron_ln_21396,0
-1.381190538406372,-0.005693840328603983,0.0546875,0.03193264827132225,0.0406901054084301,0.02459716796875,mix_SI_UT_0_869,0
-1.8677160739898682,0.008027818985283375,0.125,0.04764985293149948,0.1041666716337204,0.0706380233168602,cauldron_ln_11719,0
-1.3981373310089111,0.0064566475339233875,0.09765625,0.0404757596552372,0.08203125,0.05693359300494194,mix_UI_ST_0_609,0
-1.4912750720977783,0.002640944439917803,0.09375,0.033395346254110336,0.06562500447034836,0.047475963830947876,cauldron_ln_18961,1
-1.8377840518951416,-0.0010243734577670693,0.125,0.04493711516261101,0.0813802108168602,0.05455729365348816,cauldron_ln_26758,0
-2.138188362121582,-0.01192434225231409,0.015625,0.02100701443850994,0.015625,0.010009765625,mix_SI_UT_0_153,0
-1.5871844291687012,0.000299524370348081,0.09375,0.04189644381403923,0.08437500149011612,0.051006611436605453,mix_SI_UT_0_1155,0
-1.3211021423339844,-0.000946446496527642,0.09375,0.037053417414426804,0.0583147332072258,0.038342926651239395,cauldron_ln_24967,1
-1.5550963878631592,-0.00977924931794405,0.09375,0.04988911747932434,0.07421875,0.0469447560608387,mix_UI_ST_0_362,0
-1.4298427104949951,-0.0028211805038154125,0.125,0.0495070144534111,0.0989583358168602,0.0602213554084301,cauldron_ln_678,0
-1.2182137966156006,0.000400543212890625,0.06640625,0.03321847319602966,0.0520833358168602,0.041748046875,mix_SI_UT_0_858,0
-1.7091881036758423,0.00135198631323874,0.1015625,0.028197679668664932,0.05898437649011612,0.03414212912321091,cauldron_ln_22250,1
-1.1580901145935059,-0.0026661264710128307,0.1640625,0.03845372051000595,0.07109375298023224,0.042067307978868484,cauldron_ln_8790,1
-2.00915789604187,0.001998576568439603,0.140625,0.05605922266840935,0.095703125,0.06107954680919647,mix_SI_UT_0_808,0
-1.6035881042480469,0.006256103515625,0.1171875,0.044207777827978134,0.1067708358168602,0.0625542551279068,cauldron_ln_9953,0
-1.3817014694213867,0.0019448770908638835,0.08984375,0.036509666591882706,0.06640625,0.0483940988779068,cauldron_ln_26391,1
-1.2604525089263916,0.009765625,0.0859375,0.035132769495248795,0.0859375,0.06640625,mix_UI_ST_0_1292,0
-1.3570867776870728,-0.00020019531075377017,0.052734375,0.030756644904613495,0.04726562649011612,0.0349934920668602,mix_UI_ST_0_1395,0
-1.360053300857544,0.0015377121744677424,0.140625,0.03646969422698021,0.08984375,0.0454915389418602,mix_UI_ST_0_647,0
-1.8595964908599854,0.00043512159027159214,0.125,0.05440511181950569,0.1028645858168602,0.066964291036129,cauldron_ln_21965,0
-1.0491083860397339,-0.006086266599595547,0.078125,0.028326842933893204,0.04833984375,0.022732822224497795,mix_SI_UT_0_104,0
-0.9560207724571228,0.0014372325967997313,0.0859375,0.02904394082725048,0.056640625,0.03793945536017418,mix_SI_UT_0_423,0
-0.9094447493553162,-0.009370692074298859,0.03125,0.0330435186624527,0.029296875,0.018524169921875,cauldron_ln_1746,0
-1.067592740058899,-0.00229608453810215,0.08984375,0.036421649158000946,0.076171875,0.04042968899011612,cauldron_ln_22396,1
-1.2669728994369507,-0.004869875963777304,0.1015625,0.04083990305662155,0.0687934011220932,0.039773691445589066,mix_SI_UT_0_1430,0
-1.2130845785140991,0.0062283603474497795,0.1953125,0.04471572861075401,0.1038411483168602,0.0648193359375,mix_UI_ST_0_930,0
-0.856279730796814,0.00024087089695967734,0.09375,0.03823717683553696,0.0869140625,0.0456891767680645,mix_SI_UT_0_138,0
-1.6391977071762085,0.0007254464435391128,0.1015625,0.036736875772476196,0.0787760466337204,0.053466796875,mix_UI_ST_0_1470,0
-1.5519418716430664,0.0085296630859375,0.0625,0.026577813550829887,0.0598958358168602,0.04443359375,mix_UI_ST_0_339,0
-1.2654500007629395,0.006060200277715921,0.125,0.04095343500375748,0.09375,0.0633370578289032,mix_UI_ST_0_1343,0
-1.2891958951950073,0.0023890251759439707,0.140625,0.050806086510419846,0.0989583358168602,0.06103515625,cauldron_ln_12853,1
-1.2947343587875366,0.01337280310690403,0.0625,0.02533646486699581,0.0598958358168602,0.0530133955180645,mix_UI_ST_0_690,0
-1.1210298538208008,4.414149952935986e-05,0.12109375,0.04519601911306381,0.09843750298023224,0.0549665205180645,mix_SI_UT_0_1341,0
-1.637993574142456,-0.0033482143189758062,0.109375,0.042760856449604034,0.08056640625,0.04970703274011612,mix_UI_ST_0_1023,0
-1.5787382125854492,-0.0020243327599018812,0.1015625,0.0449407622218132,0.078125,0.0423177108168602,mix_UI_ST_0_445,0
-0.9938058257102966,-0.0018898567650467157,0.0625,0.027881888672709465,0.04638671875,0.0303955078125,cauldron_ln_6194,0
-1.3220734596252441,0.001452636788599193,0.09375,0.029322749003767967,0.0634765625,0.03750000149011612,cauldron_ln_12971,0
-1.1874480247497559,-0.002410888671875,0.0859375,0.03298043832182884,0.0625,0.03070746548473835,mix_UI_ST_0_932,0
-1.4611741304397583,0.0018689385615289211,0.1015625,0.03294931352138519,0.07421875,0.0414341539144516,mix_SI_UT_0_1475,0
-2.1910438537597656,0.0048828125,0.1328125,0.03919307142496109,0.09375,0.0464564748108387,cauldron_ln_22952,1
-1.3687224388122559,-0.010725350119173527,0.078125,0.03966734558343887,0.05859375,0.0382254496216774,cauldron_ln_2602,1
-1.8049306869506836,0.007109851110726595,0.109375,0.036798082292079926,0.078125,0.05449218675494194,mix_SI_UT_0_296,0
-1.8809466361999512,0.013598972000181675,0.1171875,0.04144497960805893,0.0911458358168602,0.0690104141831398,mix_UI_ST_0_894,0
-1.3250283002853394,0.003358004381880164,0.109375,0.03556912764906883,0.08281250298023224,0.0491071455180645,cauldron_ln_28764,0
-1.626692295074463,-0.00017058543744497,0.125,0.0468258410692215,0.08984375,0.0575086809694767,cauldron_ln_5513,1
-2.5941684246063232,0.0030117034912109375,0.1640625,0.04498109966516495,0.09765625,0.0584716796875,mix_SI_UT_0_1292,0
-0.8601362705230713,-0.005864070262759924,0.09765625,0.0353982113301754,0.080078125,0.0377197265625,mix_UI_ST_0_1461,0
-1.238950490951538,0.004268391989171505,0.09375,0.03633921593427658,0.080078125,0.052024148404598236,cauldron_ln_21778,0
-1.7635430097579956,0.01260653417557478,0.1015625,0.04889342188835144,0.1015625,0.0859375,mix_SI_UT_0_970,0
-1.7784672975540161,-0.004512392450124025,0.1015625,0.052294909954071045,0.09765625,0.0583147332072258,cauldron_ln_15208,1
-2.3453311920166016,-0.00969761423766613,0.0625,0.02504321001470089,0.0462239608168602,0.01873779296875,cauldron_ln_2585,1
-1.4310266971588135,-0.00784579198807478,0.0546875,0.03564944490790367,0.047119140625,0.02716619335114956,mix_SI_UT_0_86,0
-2.0353832244873047,0.0035150316543877125,0.125,0.04151125252246857,0.0898437574505806,0.0561252161860466,cauldron_ln_17465,1
-1.744042158126831,-0.0023010254371911287,0.0859375,0.04339178279042244,0.0634765625,0.04079589992761612,cauldron_ln_29675,1
-1.3125176429748535,0.007574957795441151,0.0703125,0.03670088201761246,0.0651041716337204,0.0512152798473835,cauldron_ln_15325,0
-1.083000898361206,0.013468424789607525,0.1015625,0.030790705233812332,0.09765625,0.05703125149011612,cauldron_ln_18,0
-1.1244276762008667,-0.0023318054154515266,0.09375,0.03530201315879822,0.063368059694767,0.0369289256632328,mix_UI_ST_0_414,0
-1.894097924232483,0.0020548503380268812,0.125,0.045029670000076294,0.09375,0.0568033866584301,mix_SI_UT_0_559,0
-1.4884591102600098,-0.0028533935546875,0.1015625,0.03445862978696823,0.066162109375,0.0383649542927742,mix_UI_ST_0_901,0
-2.1624484062194824,-0.015105148777365685,0.08203125,0.03938651084899902,0.060546875,0.0368303582072258,cauldron_ln_22456,1
-1.3669878244400024,0.01733979769051075,0.1171875,0.04204968363046646,0.109375,0.08281250298023224,cauldron_ln_14092,1
-1.5216648578643799,0.001035596476867795,0.109375,0.036513976752758026,0.0784505233168602,0.04680989682674408,cauldron_ln_1670,1
-2.001065731048584,-0.002037978731095791,0.09375,0.03873206302523613,0.07080078125,0.04311523586511612,mix_SI_UT_0_1234,0
-3.6134085655212402,-0.0055338540114462376,0.109375,0.052441034466028214,0.0989583358168602,0.0581597238779068,cauldron_ln_15079,1
-2.1954002380371094,-0.0023427109699696302,0.1015625,0.038265783339738846,0.0693359375,0.044034093618392944,cauldron_ln_10393,0
-1.0717729330062866,0.0028448104858398438,0.09375,0.03386611118912697,0.078125,0.047607421875,cauldron_ln_12776,1
-1.5848753452301025,0.0018519648583605886,0.125,0.04171650484204292,0.10000000149011612,0.055288463830947876,cauldron_ln_11577,1
-0.92265385389328,-0.00067138671875,0.0625,0.026699522510170937,0.0517578125,0.03330078348517418,cauldron_ln_26307,0
-1.8432042598724365,0.0027600242756307125,0.1171875,0.04097593575716019,0.0869140625,0.0565476194024086,cauldron_ln_23948,0
-1.2478673458099365,0.004237583838403225,0.078125,0.0392119400203228,0.078125,0.064453125,cauldron_ln_14338,1
-0.8920281529426575,-0.0021749644074589014,0.046875,0.02288416028022766,0.03632812574505806,0.02114633470773697,mix_SI_UT_0_382,0
-1.4059182405471802,0.0010877820895984769,0.14453125,0.04433947429060936,0.09375,0.050736863166093826,cauldron_ln_27600,0
-1.6039469242095947,-0.0029016609769314528,0.11328125,0.04574519768357277,0.07958984375,0.0506998710334301,mix_UI_ST_0_374,0
-1.570844292640686,-0.002979206619784236,0.1015625,0.04325609281659126,0.06640625,0.04462139680981636,mix_UI_ST_0_921,0
-0.9324003458023071,-0.00649297796189785,0.05859375,0.027956383302807808,0.0419921875,0.02236328087747097,cauldron_ln_18357,0
-1.5139049291610718,-0.018010679632425308,0.07421875,0.05986151471734047,0.068359375,0.04384765774011612,cauldron_ln_9511,1
-1.642580270767212,0.00659942626953125,0.0546875,0.023725079372525215,0.0546875,0.04296875,mix_SI_UT_0_1362,0
-1.0863333940505981,-0.0006913165561854839,0.109375,0.033098429441452026,0.068359375,0.0321044921875,mix_UI_ST_0_219,0
-1.9013336896896362,-0.0030241934582591057,0.09375,0.04154437035322189,0.0677083358168602,0.0464564748108387,mix_SI_UT_0_1433,0
-1.5579555034637451,-0.0009530874667689204,0.078125,0.04374819993972778,0.076171875,0.0553385429084301,mix_UI_ST_0_319,0
-1.981715440750122,0.00541896466165781,0.140625,0.03836512193083763,0.08632812649011612,0.05253906175494194,mix_SI_UT_0_97,0
-2.182997703552246,-4.069010537932627e-05,0.125,0.04854867234826088,0.10234375298023224,0.0646158903837204,mix_SI_UT_0_802,0
-1.5918848514556885,0.0020294189453125,0.0703125,0.03108491748571396,0.06640625,0.0393415205180645,cauldron_ln_6703,0
-0.9790177345275879,0.012149126268923283,0.1015625,0.030796153470873833,0.0911458358168602,0.0567491315305233,mix_UI_ST_0_1007,0
-2.0182526111602783,0.005882983095943928,0.09375,0.0374307744204998,0.07500000298023224,0.055889423936605453,cauldron_ln_28221,1
-1.0186340808868408,0.004551479127258062,0.0703125,0.03522847965359688,0.0703125,0.0452008955180645,mix_SI_UT_0_52,0
-1.6514668464660645,0.005566711071878672,0.1015625,0.0309955645352602,0.06943359225988388,0.04535156115889549,cauldron_ln_8261,0
-1.7923846244812012,0.0034825594630092382,0.140625,0.037614405155181885,0.08437500149011612,0.05464843660593033,cauldron_ln_8792,1
-1.8403666019439697,-0.006840724963694811,0.1015625,0.04787060245871544,0.06875000149011612,0.0472819022834301,cauldron_ln_4196,0
-1.719178557395935,0.00527191162109375,0.1875,0.04959511756896973,0.10888671875,0.06806641072034836,mix_SI_UT_0_1357,0
-1.7393267154693604,0.0187174491584301,0.08203125,0.03334079310297966,0.08203125,0.0598958358168602,mix_SI_UT_0_189,0
-1.5761706829071045,-0.003288532141596079,0.0625,0.03761626407504082,0.05039062723517418,0.0348772332072258,mix_SI_UT_0_316,0
-1.2873854637145996,0.0029999488033354282,0.05078125,0.020938364788889885,0.04345703125,0.03203124925494194,mix_SI_UT_0_702,0
-3.406912326812744,0.00014648436626885086,0.1171875,0.04884694144129753,0.09765625,0.064453125,cauldron_ln_6705,1
-1.4749821424484253,-0.0075846826657652855,0.0625,0.03387785702943802,0.04296875,0.02066650427877903,cauldron_ln_26818,1
-1.7493268251419067,0.0042724609375,0.1875,0.04741765931248665,0.1181640625,0.0537109375,cauldron_ln_28227,0
-1.5574958324432373,-0.00274658203125,0.09375,0.035456836223602295,0.06640625,0.039421532303094864,mix_SI_UT_0_513,0
-2.051173210144043,0.0016434831777587533,0.1796875,0.057727597653865814,0.1123046875,0.07285156100988388,cauldron_ln_24214,1
-1.2346439361572266,-0.00421820767223835,0.046875,0.018668295815587044,0.046875,0.015625,mix_SI_UT_0_248,0
-1.911112666130066,0.008291015401482582,0.125,0.05205772817134857,0.109375,0.0807291716337204,cauldron_ln_21851,0
-1.799990177154541,0.00812639482319355,0.09375,0.0419284887611866,0.0859375,0.06406249850988388,cauldron_ln_28717,0
-1.9343228340148926,-0.000613839307334274,0.09375,0.036594148725271225,0.0729166716337204,0.0472412109375,cauldron_ln_2332,1
-1.0601226091384888,-0.0029169719200581312,0.09765625,0.04220183193683624,0.083984375,0.0487060546875,mix_SI_UT_0_1346,0
-1.2941642999649048,-0.004160342272371054,0.060546875,0.027998061850667,0.0537109375,0.029252486303448677,cauldron_ln_28808,0
-1.314680576324463,-0.0193917416036129,0.0390625,0.03491778299212456,0.0390625,0.02034505270421505,cauldron_ln_21251,0
-2.6495347023010254,0.010498829185962677,0.15625,0.04817279055714607,0.1197916716337204,0.0783420130610466,mix_UI_ST_0_1254,0
-1.3492809534072876,-0.0010135048069059849,0.171875,0.04625801369547844,0.0817522332072258,0.047645971179008484,mix_SI_UT_0_678,0
-1.5812736749649048,0.000728934130165726,0.10546875,0.03632810711860657,0.0677083358168602,0.0452880859375,cauldron_ln_11253,1
-1.4156982898712158,-0.0031954855658113956,0.078125,0.03161593899130821,0.0572916679084301,0.0301106795668602,mix_UI_ST_0_1393,0
-3.5292716026306152,-0.007803110405802727,0.09375,0.04845947399735451,0.08203125,0.0559895858168602,mix_SI_UT_0_164,0
-1.4604549407958984,0.0033480015117675066,0.15625,0.041828736662864685,0.08740234375,0.05439453199505806,mix_SI_UT_0_581,0
-1.3145900964736938,0.007179661653935909,0.1875,0.04713452234864235,0.12890625,0.0623914934694767,cauldron_ln_6879,0
-3.412050724029541,-0.004425921011716127,0.09375,0.04613535478711128,0.0729166716337204,0.054443359375,mix_SI_UT_0_1042,0
-1.4100923538208008,0.012919834814965725,0.1875,0.04740992560982704,0.1328125,0.0733816996216774,mix_SI_UT_0_475,0
-1.1439001560211182,-0.006684570107609034,0.046875,0.06714572012424469,0.04296875,0.0335286483168602,mix_SI_UT_0_357,0
-2.2257027626037598,-0.00041316106216982007,0.1015625,0.05251383036375046,0.1015625,0.0631510466337204,cauldron_ln_23752,0
-2.086852550506592,-0.00140380859375,0.09375,0.04897629842162132,0.09375,0.0615234375,mix_UI_ST_0_1016,0
-2.048798084259033,-0.0008409288129769266,0.09375,0.035217512398958206,0.0732421875,0.046342331916093826,cauldron_ln_15560,0
-0.7055083513259888,-0.00825777929276228,0.056640625,0.03150753304362297,0.05029296875,0.025679156184196472,cauldron_ln_11947,1
-1.316659927368164,0.006220817565917969,0.1171875,0.0385102853178978,0.0849609375,0.058349609375,mix_SI_UT_0_129,0
-1.9115852117538452,-0.0028703019488602877,0.109375,0.04881871119141579,0.0924479216337204,0.0590277798473835,mix_UI_ST_0_923,0
-1.5308088064193726,0.0018865411402657628,0.078125,0.03726494684815407,0.06640625,0.045147236436605453,cauldron_ln_9910,0
-1.6944432258605957,0.005230712704360485,0.09375,0.03796739876270294,0.07500000298023224,0.058349609375,mix_UI_ST_0_648,0
-1.0140424966812134,-0.0030604773201048374,0.0625,0.03436587005853653,0.05859375,0.0336565300822258,mix_UI_ST_0_555,0
-2.1735386848449707,-0.004169170744717121,0.078125,0.042565856128931046,0.0703125,0.0475260429084301,cauldron_ln_22442,0
-1.8136414289474487,-0.0023226351477205753,0.125,0.05320901796221733,0.0859375,0.0583767369389534,cauldron_ln_203,0
-1.5127638578414917,0.009945518337190151,0.07421875,0.032996322959661484,0.07421875,0.05712890625,cauldron_ln_6259,1
-0.9847445487976074,0.0031538745388388634,0.0625,0.021258078515529633,0.046875,0.03059895895421505,cauldron_ln_18811,1
-1.4770448207855225,-0.00541222607716918,0.03125,0.02596789039671421,0.03125,0.02187499962747097,cauldron_ln_3113,0
-1.2787023782730103,-0.010815429501235485,0.072265625,0.05233452841639519,0.0712890625,0.05429687723517418,mix_SI_UT_0_1472,0
-2.094451427459717,-0.0009002685546875,0.0625,0.03282409533858299,0.0625,0.0416666679084301,mix_UI_ST_0_300,0
-1.2229561805725098,-0.0005566406180150807,0.041015625,0.020181575790047646,0.0361328125,0.025390625,mix_SI_UT_0_124,0
-1.5249578952789307,-0.005571638233959675,0.0859375,0.03050466813147068,0.0517578125,0.02322823740541935,mix_UI_ST_0_1409,0
-1.5045061111450195,0.0018689705757424235,0.09375,0.031104056164622307,0.0651041716337204,0.046142578125,mix_UI_ST_0_1013,0
-1.7651809453964233,-0.0033078661654144526,0.15625,0.04256502166390419,0.08437500149011612,0.0441080741584301,cauldron_ln_12948,0
-1.5915262699127197,0.0017650708323344588,0.09375,0.03260479494929314,0.0729166716337204,0.0447591133415699,mix_SI_UT_0_1306,0
-1.1114401817321777,-0.0027709961868822575,0.0625,0.028308967128396034,0.0553385429084301,0.0333426371216774,cauldron_ln_11888,1
-1.8164474964141846,-0.0011986042372882366,0.125,0.04863700643181801,0.09687500447034836,0.0613141767680645,mix_SI_UT_0_50,0
-1.513049840927124,-0.0028292026836425066,0.1484375,0.04532267898321152,0.07763671875,0.05244140699505806,mix_SI_UT_0_323,0
-1.086729884147644,-0.005035400390625,0.1015625,0.03541916608810425,0.07421875,0.04374999925494194,cauldron_ln_13391,1
-2.3421807289123535,0.002975631505250931,0.1640625,0.049632761627435684,0.1032986119389534,0.06680575758218765,cauldron_ln_22683,0
-0.8605166673660278,0.007274373900145292,0.0859375,0.035096924751996994,0.078125,0.0553850457072258,mix_SI_UT_0_1085,0
-2.1157257556915283,-0.009478400461375713,0.09375,0.037865832448005676,0.09375,0.032958984375,mix_UI_ST_0_1363,0
-1.373727798461914,-0.006649441085755825,0.05859375,0.03127264231443405,0.0520833358168602,0.0281032994389534,mix_SI_UT_0_502,0
-1.5768439769744873,0.003328450722619891,0.15234375,0.060788992792367935,0.15234375,0.0950520858168602,mix_UI_ST_0_770,0
-1.5664863586425781,-0.00026815442834049463,0.1015625,0.031136557459831238,0.0618489608168602,0.03919271007180214,cauldron_ln_2943,1
-2.031486988067627,-0.004076086916029453,0.078125,0.04197324439883232,0.06640625,0.04804687574505806,mix_UI_ST_0_994,0
-1.2516634464263916,-0.006350786425173283,0.0546875,0.034420620650053024,0.0462239608168602,0.03049045242369175,cauldron_ln_25177,0
-1.9431631565093994,0.002893908182159066,0.09375,0.04340864345431328,0.08984375,0.0541294664144516,mix_SI_UT_0_573,0
-1.1611175537109375,0.0077877952717244625,0.0625,0.025315264239907265,0.052734375,0.03945312649011612,mix_SI_UT_0_845,0
-1.7377960681915283,-0.0017903646221384406,0.109375,0.03773248940706253,0.068359375,0.04453125223517418,cauldron_ln_25134,0
-2.051778793334961,-0.00823974609375,0.15625,0.05423812195658684,0.1067708358168602,0.0553850457072258,cauldron_ln_23000,1
-1.1045725345611572,-0.011262592859566212,0.0625,0.035628415644168854,0.04296875,0.0191311314702034,mix_SI_UT_0_349,0
-2.1256375312805176,0.0064569516107439995,0.15625,0.0387713760137558,0.0869140625,0.05605468899011612,mix_SI_UT_0_1056,0
-1.19829261302948,0.008019080385565758,0.080078125,0.03413282707333565,0.0712890625,0.0530598983168602,cauldron_ln_14117,1
-1.533981204032898,0.0007085027173161507,0.078125,0.032653454691171646,0.0591517873108387,0.0390082485973835,cauldron_ln_19395,0
-1.2335622310638428,-0.005312712397426367,0.0625,0.03464478626847267,0.052734375,0.03662109375,cauldron_ln_16230,0
-2.1625523567199707,0.0009119370952248573,0.125,0.048324424773454666,0.0859375,0.0584309920668602,mix_UI_ST_0_1427,0
-1.1850521564483643,-0.00024329291773028672,0.07421875,0.03337236866354942,0.05859375,0.0373263880610466,cauldron_ln_13416,0
-1.787581443786621,-3.479003862594254e-05,0.09375,0.03474406152963638,0.07109375298023224,0.0436197929084301,cauldron_ln_8983,0
-1.7503113746643066,0.003909949213266373,0.1171875,0.051409583538770676,0.0963541716337204,0.06109619140625,mix_SI_UT_0_568,0
-1.858940839767456,-0.012279510498046875,0.0625,0.03602655977010727,0.04296875,0.0252685546875,cauldron_ln_9709,0
-1.8766651153564453,-0.00045724643860012293,0.1171875,0.047787975519895554,0.07304687798023224,0.0480608269572258,cauldron_ln_11990,1
-1.9241406917572021,-0.000823974609375,0.05078125,0.029748398810625076,0.048828125,0.033447265625,cauldron_ln_2525,0
-1.1562989950180054,0.0025967685505747795,0.09375,0.04391305521130562,0.09375,0.05908203125,cauldron_ln_20597,0
-1.0923078060150146,-0.010583095252513885,0.046875,0.029087036848068237,0.03059895895421505,0.01448567770421505,mix_SI_UT_0_210,0
-1.0306367874145508,0.0020718045998364687,0.125,0.03113737888634205,0.0677083358168602,0.0364583320915699,cauldron_ln_6739,1
-1.8592864274978638,0.0013837970327585936,0.109375,0.04806027561426163,0.0813802108168602,0.05410156399011612,cauldron_ln_29698,0
-0.8814338445663452,0.002263849601149559,0.046875,0.02115718089044094,0.0439453125,0.03085937537252903,cauldron_ln_10540,1
-1.1382875442504883,-0.00368499755859375,0.06640625,0.030159614980220795,0.0556640625,0.030670166015625,mix_UI_ST_0_747,0
-1.9041111469268799,-0.014482606202363968,0.21875,0.0541735514998436,0.0859375,0.039569564163684845,cauldron_ln_19866,1
-1.8548758029937744,-0.006538553163409233,0.078125,0.03380732610821724,0.06298828125,0.03484552726149559,mix_SI_UT_0_194,0
-1.1305140256881714,0.001291635911911726,0.078125,0.03558313474059105,0.0716145858168602,0.0438368059694767,cauldron_ln_18052,0
-1.1777279376983643,-0.0008595784311182797,0.0625,0.026333024725317955,0.0520833358168602,0.0282118059694767,mix_UI_ST_0_1429,0
-2.031506061553955,0.00214385986328125,0.140625,0.04577552154660225,0.1015625,0.06201171875,mix_SI_UT_0_886,0
-1.4787570238113403,-0.008544921875,0.08203125,0.04115474596619606,0.07421875,0.0458984375,mix_SI_UT_0_127,0
-2.2588038444519043,0.0018805427243933082,0.1015625,0.05109875649213791,0.09375,0.0651041641831398,cauldron_ln_25316,1
-1.4539135694503784,-0.0075762346386909485,0.0859375,0.033729568123817444,0.0572916679084301,0.037109375,mix_SI_UT_0_402,0
-1.8657697439193726,0.00972493551671505,0.125,0.039995286613702774,0.1005859375,0.06396484375,cauldron_ln_4634,0
-1.7121678590774536,0.003021240234375,0.125,0.04077824205160141,0.0859375,0.05537109449505806,mix_SI_UT_0_1457,0
-1.9014863967895508,-0.0015232251025736332,0.125,0.03759368881583214,0.07066761702299118,0.0442592091858387,mix_SI_UT_0_1199,0
-2.2795333862304688,0.0026189631316810846,0.1875,0.04745878279209137,0.11328125,0.056418679654598236,cauldron_ln_9686,0
-1.3370940685272217,0.00011257595906499773,0.09375,0.032073307782411575,0.0615234375,0.04032759368419647,mix_SI_UT_0_178,0
-1.4412996768951416,0.002669149311259389,0.15625,0.03644680976867676,0.07421875,0.046478271484375,mix_UI_ST_0_864,0
-2.4357686042785645,-2.104660552504356e-06,0.09375,0.04333174601197243,0.0751953125,0.0491071455180645,mix_SI_UT_0_241,0
-1.7832603454589844,0.0063842772506177425,0.078125,0.026184072718024254,0.064453125,0.04277343675494194,mix_UI_ST_0_277,0
-1.1910748481750488,-0.0030457740649580956,0.09375,0.041561536490917206,0.06562500447034836,0.0389811210334301,mix_SI_UT_0_860,0
-1.1513428688049316,0.0020359584596008062,0.10546875,0.032238103449344635,0.07382812350988388,0.0439453162252903,mix_UI_ST_0_973,0
-1.8326349258422852,0.005541992373764515,0.078125,0.03386598452925682,0.0638020858168602,0.0516183041036129,cauldron_ln_26678,0
-1.7959880828857422,-0.003195190569385886,0.0546875,0.03209231048822403,0.04248046875,0.02919921837747097,mix_UI_ST_0_758,0
-2.1681480407714844,0.002527573611587286,0.109375,0.044627755880355835,0.109375,0.0576171875,cauldron_ln_3682,1
-1.3571641445159912,-0.0012813144130632281,0.125,0.047086380422115326,0.0937500074505806,0.0530327707529068,mix_SI_UT_0_1269,0
-2.379579544067383,0.002408114494755864,0.0859375,0.04157477244734764,0.07421875,0.056906960904598236,cauldron_ln_13212,1
-0.86326003074646,-0.0029130415059626102,0.08984375,0.029358847066760063,0.06132812425494194,0.029775766655802727,cauldron_ln_19482,1
-1.071412444114685,-0.012354311533272266,0.03515625,0.02420107275247574,0.025390625,0.01221313513815403,cauldron_ln_11720,0
-1.3577054738998413,-0.00937543623149395,0.0546875,0.03283550217747688,0.04374999925494194,0.02330671064555645,cauldron_ln_21878,1
-1.596522569656372,-0.0038930533919483423,0.09375,0.03858644887804985,0.0703125,0.0389539934694767,mix_SI_UT_0_1110,0
-2.7477030754089355,-0.00339508056640625,0.140625,0.04784421995282173,0.0810546875,0.0546875,mix_UI_ST_0_1142,0
-2.5836360454559326,-0.002274036407470703,0.12109375,0.04182697460055351,0.0703125,0.04107666015625,cauldron_ln_8267,1
-1.3925776481628418,-0.0021103802137076855,0.109375,0.040153421461582184,0.073486328125,0.0450613833963871,cauldron_ln_29497,0
-1.10294771194458,-0.009521484375,0.05859375,0.06369039416313171,0.05859375,0.056640625,cauldron_ln_20700,0
-1.3119194507598877,-0.0044189454056322575,0.07421875,0.03794099763035774,0.0559895858168602,0.0359933041036129,mix_UI_ST_0_623,0
-1.5864710807800293,-0.019336700439453125,0.0625,0.04565638303756714,0.0625,0.03375244140625,cauldron_ln_26509,1
-2.482386350631714,-0.0011015392374247313,0.109375,0.046347107738256454,0.07568359375,0.05996093899011612,mix_UI_ST_0_551,0
-1.3674333095550537,0.015388039872050285,0.0703125,0.024156449362635612,0.0703125,0.05078125,cauldron_ln_27163,1
-1.0980511903762817,-0.003481445135548711,0.046875,0.028254885226488113,0.044921875,0.0262858085334301,cauldron_ln_20262,0
-0.8137747049331665,-0.0018122746841982007,0.046875,0.02566615119576454,0.044921875,0.02766927145421505,cauldron_ln_12073,1
-2.356001377105713,0.001826477120630443,0.09375,0.0372898131608963,0.05859375,0.04469401389360428,mix_SI_UT_0_186,0
-1.2821781635284424,-0.0006997244781814516,0.0390625,0.01961546391248703,0.0390625,0.0260416679084301,cauldron_ln_6124,0
-1.8566275835037231,-0.008659998886287212,0.078125,0.03647300601005554,0.0556640625,0.03076171875,mix_UI_ST_0_788,0
-2.2476511001586914,0.011177572421729565,0.125,0.044511303305625916,0.1067708358168602,0.0758928582072258,mix_UI_ST_0_1214,0
-2.432452917098999,0.008859734982252121,0.15625,0.046094249933958054,0.1106770858168602,0.0705295130610466,cauldron_ln_747,0
-0.9071694016456604,6.548564124386758e-05,0.0859375,0.024058761075139046,0.05078125,0.02992757223546505,cauldron_ln_16043,0
-2.3014326095581055,6.341315020108595e-05,0.125,0.04967290535569191,0.0906808078289032,0.058799341320991516,mix_UI_ST_0_1162,0
-1.4338080883026123,-0.0023057726211845875,0.0859375,0.031504012644290924,0.060546875,0.037686437368392944,mix_SI_UT_0_905,0
-1.5976533889770508,0.0006446409970521927,0.09375,0.03986804559826851,0.064208984375,0.04461115226149559,cauldron_ln_2017,0
-0.7873647212982178,0.0040791830979287624,0.0625,0.023639319464564323,0.0511067733168602,0.0368923619389534,mix_UI_ST_0_147,0
-1.3171147108078003,-0.0027829683385789394,0.140625,0.04116816073656082,0.0795200914144516,0.048108551651239395,mix_UI_ST_0_146,0
-1.5169627666473389,-0.00685539236292243,0.15625,0.04225298389792442,0.070068359375,0.03811035305261612,mix_UI_ST_0_384,0
-1.6130638122558594,0.014916992746293545,0.3125,0.07605782896280289,0.201171875,0.09326171875,mix_UI_ST_0_862,0
-1.7902936935424805,0.01318359375,0.046875,0.02301759086549282,0.046875,0.0380859375,cauldron_ln_4665,0
-1.480394721031189,-0.009609646163880825,0.052734375,0.03236408531665802,0.041015625,0.02190483920276165,mix_UI_ST_0_1488,0
-1.2525972127914429,-0.007031250279396772,0.0625,0.03394026681780815,0.05078125,0.0340401791036129,mix_UI_ST_0_584,0
-0.8813725709915161,0.011584051884710789,0.1484375,0.040084101259708405,0.123046875,0.0652901828289032,cauldron_ln_29763,1
-2.793264389038086,-0.015625,0.03125,0.049038611352443695,0.03125,0.03125,mix_UI_ST_0_295,0
-1.6501073837280273,-0.0015727198915556073,0.078125,0.034923773258924484,0.06640625,0.04472656175494194,mix_SI_UT_0_1434,0
-0.9970976114273071,0.009885204024612904,0.1484375,0.03308255970478058,0.0908203125,0.0508626326918602,cauldron_ln_14943,0
-1.531906008720398,-0.002197265625,0.109375,0.04865215718746185,0.08203125,0.05410156399011612,cauldron_ln_3332,1
-1.8602327108383179,-0.01587701588869095,0.0625,0.03919996693730354,0.03173828125,0.0166713185608387,cauldron_ln_25328,1
-1.0791702270507812,0.008991139009594917,0.1015625,0.03150249272584915,0.0859375,0.0544704869389534,mix_UI_ST_0_835,0
-1.8283703327178955,0.0031204225961118937,0.125,0.04987161234021187,0.09843750298023224,0.0694754496216774,cauldron_ln_16655,1
-1.7217670679092407,0.002870379714295268,0.1484375,0.040599048137664795,0.09531249850988388,0.050518330186605453,cauldron_ln_4090,0
-2.22800612449646,0.005146748386323452,0.203125,0.05295264720916748,0.1223958358168602,0.0737847238779068,mix_UI_ST_0_450,0
-1.4154174327850342,0.007345488760620356,0.109375,0.03051496297121048,0.07421875,0.0477294921875,cauldron_ln_25915,0
-1.0544941425323486,-0.004033971577882767,0.09765625,0.030216028913855553,0.046142578125,0.02900390699505806,cauldron_ln_6474,1
-1.8936103582382202,-0.00115966796875,0.09375,0.044148076325654984,0.0833333358168602,0.0534396693110466,mix_UI_ST_0_880,0
-1.356398105621338,0.0071999691426754,0.1015625,0.032970916479825974,0.07343750447034836,0.0473632849752903,mix_SI_UT_0_1191,0
-2.9995338916778564,-0.00048828125,0.125,0.050011519342660904,0.09765625,0.05628551170229912,mix_SI_UT_0_522,0
-1.8508670330047607,0.0029059515800327063,0.09375,0.03113405965268612,0.078125,0.0442708320915699,mix_UI_ST_0_468,0
-0.9559424519538879,0.0038859050255268812,0.15625,0.04149280861020088,0.0970052108168602,0.0590277798473835,cauldron_ln_12214,0
-1.784778118133545,0.0055649979040026665,0.109375,0.04109717532992363,0.0833333358168602,0.0579833984375,mix_SI_UT_0_142,0
-1.4214789867401123,0.0019008091185241938,0.1328125,0.03880363702774048,0.078125,0.05078125,mix_UI_ST_0_1079,0
-2.0223355293273926,-0.004498106427490711,0.0625,0.038518890738487244,0.052734375,0.03619384765625,mix_SI_UT_0_918,0
-1.369262933731079,-0.0020520018879324198,0.109375,0.03540608659386635,0.06210937723517418,0.03657226637005806,mix_SI_UT_0_294,0
-2.2303528785705566,-0.0018424100708216429,0.125,0.0426943264901638,0.076171875,0.052734375,mix_UI_ST_0_889,0
-1.3663465976715088,0.010723876766860485,0.140625,0.04018699377775192,0.0966796875,0.068359375,cauldron_ln_12438,0
-2.530623197555542,-0.010195131413638592,0.1015625,0.044695042073726654,0.06640625,0.0384114608168602,cauldron_ln_27526,1
-2.152235507965088,-0.003042047843337059,0.171875,0.06142139062285423,0.12109375,0.06578480452299118,cauldron_ln_29930,0
-1.4467732906341553,-0.0014260841999202967,0.10546875,0.040353935211896896,0.06956130266189575,0.044347427785396576,mix_UI_ST_0_434,0
-1.5408210754394531,-0.004747847560793161,0.109375,0.043570518493652344,0.0756138414144516,0.046760112047195435,mix_SI_UT_0_997,0
-1.5303606986999512,-0.0039916993118822575,0.0625,0.03634103015065193,0.0546875,0.03961181640625,mix_SI_UT_0_206,0
-1.5185126066207886,-0.005411784164607525,0.0703125,0.03820738568902016,0.0576171875,0.0416666679084301,mix_UI_ST_0_163,0
-1.261772632598877,-0.010319890454411507,0.1015625,0.0487438328564167,0.0859375,0.0365397147834301,cauldron_ln_11764,0
-1.2987630367279053,-0.003549975110217929,0.09375,0.033161360770463943,0.05322265625,0.0338309146463871,mix_UI_ST_0_1154,0
-2.505176067352295,-0.00023771586711518466,0.125,0.04842868819832802,0.0963541716337204,0.0598958320915699,cauldron_ln_14630,0
-1.861208200454712,-0.003451643278822303,0.28125,0.053088460117578506,0.10039062798023224,0.0486188642680645,cauldron_ln_7408,1
-1.7761321067810059,-0.0037468804512172937,0.10546875,0.05127912014722824,0.10546875,0.0537109375,cauldron_ln_16024,0
-1.139844298362732,-0.0075276694260537624,0.0703125,0.03694165498018265,0.0520833358168602,0.03081597201526165,cauldron_ln_19598,1
-1.466965913772583,0.002936868229880929,0.109375,0.04567660763859749,0.1015625,0.064697265625,mix_UI_ST_0_743,0
-2.7227232456207275,-0.01588541828095913,0.09375,0.05637839809060097,0.09375,0.0537109375,cauldron_ln_19612,0
-1.976771354675293,-0.006854717619717121,0.0625,0.031950693577528,0.044921875,0.02962239645421505,cauldron_ln_28909,1
-0.9728083610534668,-0.003970497753471136,0.0859375,0.034171342849731445,0.0859375,0.0380859375,mix_UI_ST_0_620,0
-2.7411842346191406,0.0012321921531111002,0.109375,0.046335119754076004,0.08447265625,0.0593377985060215,mix_SI_UT_0_906,0
-2.624053716659546,0.00238037109375,0.109375,0.0459294393658638,0.09375,0.0570475272834301,mix_SI_UT_0_600,0
-1.8553147315979004,-0.0009568737004883587,0.09375,0.03403569012880325,0.0631510466337204,0.0424107164144516,cauldron_ln_20611,0
-1.891175627708435,0.003337061731144786,0.1171875,0.037922121584415436,0.080078125,0.05507812649011612,mix_SI_UT_0_963,0
-1.8066495656967163,-0.00618312694132328,0.09375,0.033847201615571976,0.055908203125,0.03156072646379471,mix_UI_ST_0_681,0
-1.3432557582855225,-0.008557748049497604,0.109375,0.05033831670880318,0.0618489608168602,0.03542911261320114,cauldron_ln_15306,0
-1.7009204626083374,-0.011339342221617699,0.0546875,0.03308815881609917,0.0416666679084301,0.0198838971555233,mix_SI_UT_0_9,0
-1.7882671356201172,0.0008223684271797538,0.087890625,0.02966218627989292,0.087890625,0.041748046875,mix_UI_ST_0_1218,0
-1.4595773220062256,-0.01266988180577755,0.078125,0.04910056293010712,0.0625,0.0322672538459301,mix_UI_ST_0_740,0
-2.1723647117614746,0.004886881913989782,0.1328125,0.0368398018181324,0.0755208358168602,0.04921875149011612,mix_UI_ST_0_428,0
-1.1670732498168945,0.0021158854942768812,0.0703125,0.03393513709306717,0.064453125,0.04824218899011612,cauldron_ln_12708,1
-1.3160521984100342,-0.003946078009903431,0.09375,0.03261074423789978,0.05703125149011612,0.0288347527384758,mix_SI_UT_0_610,0
-0.9601708650588989,-0.00760574359446764,0.0625,0.029895205050706863,0.037109375,0.01846008375287056,cauldron_ln_20559,1
-1.9057681560516357,-0.0017903646221384406,0.078125,0.03999548405408859,0.0690104216337204,0.0466579869389534,mix_UI_ST_0_406,0
-1.800302267074585,-0.0007505063549615443,0.109375,0.044803474098443985,0.08203125,0.0537109375,mix_SI_UT_0_829,0
-1.0712597370147705,0.002494480460882187,0.1015625,0.03649352490901947,0.0745442733168602,0.04928768426179886,cauldron_ln_13505,1
-2.358461856842041,-0.004967137239873409,0.109375,0.03984234854578972,0.0833333358168602,0.041015625,mix_UI_ST_0_870,0
-1.710440754890442,0.002467685379087925,0.0625,0.02958030253648758,0.0538504496216774,0.0402560755610466,mix_SI_UT_0_1328,0
-1.6736445426940918,-0.00020996092644054443,0.125,0.04223320260643959,0.06679687649011612,0.0452473983168602,mix_UI_ST_0_216,0
-1.5590085983276367,0.000732421875,0.109375,0.03519950062036514,0.0753348246216774,0.04719094559550285,cauldron_ln_29451,0
-1.4371166229248047,0.0002651872346177697,0.1015625,0.03947028890252113,0.07763671875,0.0474562868475914,mix_SI_UT_0_612,0
-2.1266746520996094,-0.0014436141354963183,0.046875,0.027737537398934364,0.0390625,0.02934570424258709,mix_UI_ST_0_1047,0
-1.3205159902572632,0.0008664812776260078,0.11328125,0.03783510625362396,0.09140624850988388,0.0446428582072258,mix_SI_UT_0_1469,0
-0.7902119755744934,0.0049874442629516125,0.09375,0.02886921912431717,0.0703125,0.0419921875,cauldron_ln_9574,0
-0.7724390029907227,-0.004075270611792803,0.09375,0.03223423659801483,0.0625,0.0361328125,mix_SI_UT_0_833,0
-2.8916585445404053,-0.000937721983063966,0.13671875,0.05952293053269386,0.130859375,0.08320312947034836,cauldron_ln_3887,0
-1.5746328830718994,0.012605794705450535,0.125,0.03941720351576805,0.111328125,0.06303267180919647,mix_UI_ST_0_667,0
-1.171194314956665,-0.0023326044902205467,0.03125,0.02109525166451931,0.03125,0.02167968824505806,mix_UI_ST_0_410,0
-1.4521913528442383,0.004770615603774786,0.09375,0.04025781899690628,0.0794270858168602,0.0576171875,cauldron_ln_15148,0
-1.2063502073287964,0.0056017362512648106,0.14453125,0.04156867042183876,0.09531249850988388,0.061147838830947876,cauldron_ln_16805,0
-1.9500960111618042,-0.00032284384360536933,0.09375,0.03732600808143616,0.07421875,0.04576994106173515,mix_UI_ST_0_320,0
-1.629485845565796,-0.009197528474032879,0.0625,0.0489446260035038,0.0517578125,0.0311686210334301,mix_UI_ST_0_814,0
-1.4964922666549683,0.003648497397080064,0.1328125,0.03906666114926338,0.08383413404226303,0.051858339458703995,mix_UI_ST_0_513,0
-2.2218782901763916,-0.008205929771065712,0.078125,0.03314071521162987,0.0520833358168602,0.0290798619389534,mix_UI_ST_0_1029,0
-1.1432217359542847,-0.008535831235349178,0.1015625,0.03597040846943855,0.052734375,0.02728826366364956,mix_SI_UT_0_1089,0
-1.336158037185669,0.00542340986430645,0.08203125,0.031551871448755264,0.064453125,0.04414062574505806,mix_SI_UT_0_1464,0
-1.2058825492858887,-0.0016607240540906787,0.0625,0.026562582701444626,0.0517578125,0.03251953050494194,cauldron_ln_14532,1
-1.3922200202941895,-0.014385517686605453,0.03125,0.054167911410331726,0.03125,0.025390625,cauldron_ln_29521,1
-1.7821495532989502,-0.0042391689494252205,0.04296875,0.03260600194334984,0.041015625,0.03476562723517418,cauldron_ln_7444,1
-1.208435297012329,-0.000244140625,0.0625,0.028090203180909157,0.05078125,0.0325520820915699,mix_UI_ST_0_375,0
-1.6870828866958618,0.0023559569381177425,0.1484375,0.041398290544748306,0.09531249850988388,0.05994591489434242,cauldron_ln_6500,1
-0.9466665983200073,-0.0007296475814655423,0.05078125,0.023830698803067207,0.048828125,0.02736816368997097,mix_SI_UT_0_1035,0
-1.609468936920166,0.0049416678957641125,0.125,0.049720413982868195,0.1171875,0.0694754496216774,cauldron_ln_27985,0
-1.320872187614441,0.0015777588123455644,0.1328125,0.03814020752906799,0.083984375,0.04833984375,mix_UI_ST_0_1497,0
-1.226980447769165,0.00567626953125,0.109375,0.031406354159116745,0.0690104216337204,0.042877197265625,cauldron_ln_14697,1
-1.252531886100769,0.007305145263671875,0.15234375,0.04471053555607796,0.12646484375,0.061126708984375,cauldron_ln_22433,0
-2.1390633583068848,-0.002725406549870968,0.15625,0.04445570334792137,0.09130859375,0.0457356795668602,mix_SI_UT_0_500,0
-0.7930675745010376,-0.0106491819024086,0.03125,0.028776144608855247,0.0205078125,0.011920166201889515,cauldron_ln_179,1
-2.1904449462890625,0.0035138812381774187,0.09375,0.03350627422332764,0.078125,0.0479910746216774,mix_SI_UT_0_283,0
-1.6748998165130615,0.005088247824460268,0.09375,0.036969296634197235,0.080078125,0.05585937574505806,mix_SI_UT_0_1431,0
-1.1956437826156616,7.324219041038305e-05,0.09375,0.03940138593316078,0.0703125,0.04672851786017418,mix_UI_ST_0_1,0
-1.9454011917114258,-0.006118967663496733,0.12109375,0.047616466879844666,0.0831473246216774,0.049547698348760605,mix_SI_UT_0_1353,0
-0.5746151208877563,0.0009979783790186048,0.0703125,0.03338934853672981,0.05703125149011612,0.0382603257894516,cauldron_ln_24955,1
-1.0705347061157227,-0.0007166708237491548,0.0625,0.024641916155815125,0.046875,0.0283900685608387,mix_UI_ST_0_210,0
-1.4573214054107666,0.002559037646278739,0.125,0.05293663591146469,0.09921874850988388,0.07136418670415878,cauldron_ln_14694,1
-0.9338579177856445,0.0034644717816263437,0.125,0.032510917633771896,0.0791015625,0.04462890699505806,mix_UI_ST_0_292,0
-2.176196813583374,-0.002383858896791935,0.078125,0.034101005643606186,0.0651041716337204,0.04443359375,mix_SI_UT_0_644,0
-1.9069665670394897,-0.006022135727107525,0.041015625,0.026273585855960846,0.0322265625,0.021484375,cauldron_ln_16723,0
-1.3777337074279785,-0.0056050620041787624,0.1015625,0.030926786363124847,0.05419921875,0.0227457694709301,mix_UI_ST_0_1114,0
-1.5600121021270752,0.002893784549087286,0.140625,0.04011930152773857,0.09375,0.0547688826918602,mix_SI_UT_0_328,0
-2.6468143463134766,0.004758854396641254,0.109375,0.03837229683995247,0.0772569477558136,0.0528157576918602,mix_UI_ST_0_97,0
-1.374476671218872,0.0064697265625,0.11328125,0.04025828093290329,0.0957031324505806,0.0595160610973835,mix_SI_UT_0_1307,0
-1.3745431900024414,-0.01107061468064785,0.203125,0.056109197437763214,0.095703125,0.04838867112994194,cauldron_ln_17151,1
-2.5599780082702637,-0.0033482143189758062,0.109375,0.04874756187200546,0.09375,0.05683593824505806,mix_SI_UT_0_117,0
-2.3893587589263916,-0.0013815390411764383,0.15625,0.0484209768474102,0.089425228536129,0.057669974863529205,cauldron_ln_25723,0
-2.0883450508117676,-0.0062255859375,0.0625,0.03324689716100693,0.0625,0.03271484375,cauldron_ln_21759,0
-1.1747466325759888,-0.006615889724344015,0.109375,0.03481052815914154,0.0625,0.03043619729578495,cauldron_ln_4155,0
-1.1632524728775024,0.0006324280984699726,0.0859375,0.032660339027643204,0.0673828125,0.045010656118392944,mix_UI_ST_0_657,0
-1.7223715782165527,0.0009277344215661287,0.1015625,0.041719578206539154,0.078125,0.0505022332072258,mix_SI_UT_0_530,0
-1.6896522045135498,0.010638820938766003,0.1171875,0.036660145968198776,0.0859375,0.0672433078289032,cauldron_ln_17730,1
-1.8486696481704712,-0.01615513488650322,0.0625,0.03984866291284561,0.0546875,0.0290069580078125,mix_UI_ST_0_708,0
-1.4719533920288086,0.003089718520641327,0.13671875,0.039951566606760025,0.08447265625,0.05207519605755806,mix_SI_UT_0_781,0
-1.0868921279907227,-0.0024293598253279924,0.0703125,0.029008779674768448,0.0533854179084301,0.02886284701526165,cauldron_ln_21714,0
-1.7044357061386108,-0.0024629479739814997,0.046875,0.0298983883112669,0.046875,0.0322265625,cauldron_ln_13652,0
-1.8173925876617432,-0.005939302034676075,0.0703125,0.03401835262775421,0.052734375,0.033203125,cauldron_ln_23430,1
-0.9132546782493591,-0.00634765625,0.05859375,0.02582818642258644,0.05859375,0.021484375,cauldron_ln_1037,0
-1.6470777988433838,0.0016522074583917856,0.07421875,0.0361027866601944,0.060546875,0.04404297098517418,cauldron_ln_7607,1
-1.5536000728607178,0.003501762868836522,0.140625,0.036180511116981506,0.08046875149011612,0.0440150685608387,mix_UI_ST_0_1414,0
-1.104522943496704,0.00017268482770305127,0.1171875,0.04117799177765846,0.076171875,0.04677734524011612,cauldron_ln_25495,0
-1.0067126750946045,-0.007404392119497061,0.046875,0.03264981135725975,0.03671875223517418,0.02504185400903225,cauldron_ln_27733,1
-2.054574728012085,0.0018498348072171211,0.109375,0.05158849060535431,0.1015625,0.0729166716337204,cauldron_ln_9278,1
-1.313415288925171,0.003395774168893695,0.125,0.03963962197303772,0.0872395858168602,0.0545654296875,mix_UI_ST_0_1257,0
-1.6277369260787964,-0.005433374550193548,0.125,0.048103127628564835,0.0830078125,0.049560546875,mix_UI_ST_0_415,0
-1.3007844686508179,0.0025545444805175066,0.1640625,0.03973620757460594,0.0908203125,0.048828125,mix_SI_UT_0_1193,0
-1.6754647493362427,0.007750045508146286,0.15625,0.0353083498775959,0.083984375,0.0517578125,mix_UI_ST_0_14,0
-1.4894444942474365,0.0058349608443677425,0.1171875,0.045905951410532,0.11328125,0.06640625,cauldron_ln_9294,0
-1.1843348741531372,-0.0027976036071777344,0.140625,0.03550389036536217,0.072265625,0.037841796875,cauldron_ln_10325,0
-2.363816022872925,0.002475314773619175,0.08984375,0.04716360941529274,0.08984375,0.0615234375,cauldron_ln_6801,1
-1.382118821144104,0.0007616938091814518,0.1328125,0.03839514032006264,0.083984375,0.0475260429084301,cauldron_ln_9498,1
-2.444791316986084,0.0220918208360672,0.140625,0.05552957206964493,0.125,0.09765625,mix_UI_ST_0_1300,0
-2.6674556732177734,0.0019205730641260743,0.0546875,0.026895685121417046,0.0546875,0.0390625,mix_SI_UT_0_984,0
-1.5431642532348633,0.004214079584926367,0.1171875,0.046070609241724014,0.1015625,0.06523437798023224,mix_SI_UT_0_3,0
-1.3648207187652588,-0.0018723432440310717,0.1796875,0.04082871228456497,0.08274147659540176,0.0458984375,cauldron_ln_17687,1
-2.7681429386138916,-0.001373291015625,0.03125,0.031606659293174744,0.03125,0.029296875,mix_UI_ST_0_979,0
-0.980979323387146,-0.002550529781728983,0.078125,0.031198928132653236,0.0611979179084301,0.0352783203125,mix_UI_ST_0_72,0
-2.37642240524292,0.005663358606398106,0.1875,0.05150291696190834,0.1328125,0.0694987028837204,mix_SI_UT_0_488,0
-1.3137707710266113,-0.0021301270462572575,0.078125,0.04855060949921608,0.0703125,0.04804687574505806,mix_UI_ST_0_324,0
-1.7063496112823486,-0.0019061749335378408,0.09375,0.039426445960998535,0.07109375298023224,0.04702524095773697,mix_UI_ST_0_1205,0
-2.069990634918213,0.0045912000350654125,0.078125,0.02803729847073555,0.05859375,0.0405815988779068,cauldron_ln_26009,1
-2.147812843322754,0.0030691963620483875,0.125,0.037893522530794144,0.0859375,0.054443359375,mix_SI_UT_0_54,0
-1.3023483753204346,0.005205621011555195,0.07421875,0.032234076410532,0.0673828125,0.04643110930919647,mix_UI_ST_0_716,0
-1.22200345993042,0.004840959794819355,0.1796875,0.049135688692331314,0.123046875,0.072021484375,cauldron_ln_6717,0
-1.3224115371704102,0.007929992862045765,0.08984375,0.02871006913483143,0.0751953125,0.04726562649011612,cauldron_ln_6307,1
-1.0876102447509766,0.0032604585867375135,0.1015625,0.039259836077690125,0.0794270858168602,0.0552455373108387,mix_UI_ST_0_1103,0
-1.4137194156646729,0.010102772153913975,0.08984375,0.02874194271862507,0.076171875,0.05195312574505806,cauldron_ln_16980,0
-1.4146547317504883,0.008568396791815758,0.1171875,0.03828570991754532,0.08281250298023224,0.055288463830947876,cauldron_ln_27364,1
-1.6637815237045288,-0.0154854916036129,0.03125,0.03735307976603508,0.0234375,0.01230468787252903,cauldron_ln_28819,1
-1.8317111730575562,0.005690630991011858,0.0625,0.02233329601585865,0.0625,0.0362548828125,cauldron_ln_7652,0
-2.450427770614624,-0.009141235612332821,0.0625,0.0415949709713459,0.0546875,0.0353597030043602,cauldron_ln_1549,0
-1.670769214630127,-0.006345929112285376,0.080078125,0.04326014593243599,0.06367187947034836,0.042987532913684845,cauldron_ln_25045,1
-1.4698615074157715,0.00048537482507526875,0.09375,0.030744530260562897,0.060546875,0.03184814378619194,cauldron_ln_9166,0
-0.8315298557281494,0.0020984995644539595,0.0859375,0.025583919137716293,0.052734375,0.034592848271131516,mix_UI_ST_0_719,0
-0.8079376220703125,0.0007114955224096775,0.05859375,0.02078760415315628,0.0494791679084301,0.028289794921875,cauldron_ln_582,1
-1.383305549621582,-0.005691065918654203,0.048828125,0.03623313456773758,0.037109375,0.0267333984375,cauldron_ln_12186,0
-1.6431092023849487,0.008256628178060055,0.1328125,0.04387839883565903,0.099609375,0.06587357819080353,mix_SI_UT_0_27,0
-1.9696946144104004,-0.009147312492132187,0.125,0.04408666118979454,0.078125,0.04140625149011612,mix_SI_UT_0_921,0
-1.2288050651550293,0.004369454924017191,0.171875,0.03807556629180908,0.0849609375,0.049652099609375,mix_SI_UT_0_1445,0
-0.851439356803894,-0.016108397394418716,0.06640625,0.03263835608959198,0.04345703125,0.01708984375,cauldron_ln_23714,1
-1.2119817733764648,0.0034383139573037624,0.09375,0.03356669470667839,0.07421875,0.0498046912252903,cauldron_ln_10287,1
-1.4716694355010986,0.00778065575286746,0.0703125,0.02516062743961811,0.064453125,0.05000000074505806,cauldron_ln_20395,1
-1.8002020120620728,0.0043186284601688385,0.1875,0.044856369495391846,0.1067708358168602,0.0549045130610466,cauldron_ln_5239,0
-1.1579680442810059,0.0039265952073037624,0.078125,0.03619147837162018,0.078125,0.05126953125,cauldron_ln_29470,0
-0.9894516468048096,0.0006054687546566129,0.0859375,0.02602306753396988,0.0625,0.03173828125,cauldron_ln_9136,1
-1.6754567623138428,0.0019938151817768812,0.1328125,0.03964243829250336,0.09062500298023224,0.0493164099752903,mix_SI_UT_0_1310,0
-1.5154958963394165,0.01273193396627903,0.1796875,0.043378494679927826,0.12109375,0.05986328050494194,mix_SI_UT_0_41,0
-0.9094371795654297,-0.0084991455078125,0.109375,0.03819545358419418,0.0611572265625,0.03118896484375,cauldron_ln_22987,0
-0.7353373765945435,-0.009775262326002121,0.03515625,0.040483567863702774,0.03515625,0.027099609375,cauldron_ln_19745,0
-1.596649169921875,0.0014735631411895156,0.0625,0.029875369742512703,0.05312500149011612,0.0373883955180645,mix_SI_UT_0_313,0
-1.5613986253738403,-0.0006603803485631943,0.171875,0.04531964287161827,0.0888671875,0.05130208656191826,cauldron_ln_26589,0
-2.3665761947631836,-0.0125868059694767,0.0546875,0.040235280990600586,0.0546875,0.0361328125,mix_SI_UT_0_409,0
-1.617044448852539,-0.004428986459970474,0.125,0.04257694259285927,0.076171875,0.0433872789144516,mix_UI_ST_0_1278,0
-1.7007508277893066,0.007877125404775143,0.08203125,0.03118888847529888,0.06484375149011612,0.050537109375,mix_UI_ST_0_1394,0
-1.1006687879562378,0.0006532411207444966,0.0703125,0.03276081755757332,0.0618489608168602,0.0422092005610466,cauldron_ln_29618,0
-1.3193705081939697,0.0007130456506274641,0.08203125,0.03829839453101158,0.0677083358168602,0.04222005605697632,mix_SI_UT_0_949,0
-1.8771412372589111,0.006306457798928022,0.09765625,0.046868134289979935,0.0885416716337204,0.06458333879709244,mix_SI_UT_0_1132,0
-1.6556153297424316,0.0023866849951446056,0.21875,0.04667634889483452,0.10312499850988388,0.0616978257894516,cauldron_ln_24411,0
-2.1403965950012207,0.00011960921256104484,0.11328125,0.041148457676172256,0.0738932341337204,0.05169270932674408,cauldron_ln_13400,1
-1.5572052001953125,-0.007218985818326473,0.09375,0.04110746085643768,0.080078125,0.0400565043091774,cauldron_ln_24673,1
-1.4403728246688843,0.0005419921944849193,0.08984375,0.037509333342313766,0.078125,0.05322265625,mix_SI_UT_0_481,0
-1.6921045780181885,0.008670122362673283,0.09375,0.038121774792671204,0.0807291716337204,0.0583767369389534,cauldron_ln_455,0
-1.3256088495254517,-0.0065141161903738976,0.0625,0.03575137257575989,0.044921875,0.029208097606897354,cauldron_ln_19407,0
-1.8974957466125488,-0.011703954078257084,0.0625,0.0380292609333992,0.0533854179084301,0.03662109375,mix_SI_UT_0_1128,0
-1.8913038969039917,-0.009229660034179688,0.0703125,0.034471407532691956,0.0703125,0.02979278564453125,mix_SI_UT_0_179,0
-1.1477367877960205,-0.0030146059580147266,0.0703125,0.02804267220199108,0.0520833358168602,0.03053193911910057,cauldron_ln_25870,0
-1.619121789932251,0.0013691023923456669,0.14453125,0.05096486583352089,0.11210937798023224,0.069091796875,cauldron_ln_10865,1
-2.1558589935302734,0.002096909796819091,0.109375,0.03820696100592613,0.08281250298023224,0.050067611038684845,cauldron_ln_8368,0
-0.7906545400619507,0.0039494833908975124,0.09375,0.030083972960710526,0.07421875,0.0439453125,mix_SI_UT_0_546,0
-1.4547498226165771,0.004030713811516762,0.078125,0.03547612205147743,0.06289062649011612,0.0511067733168602,mix_UI_ST_0_224,0
-1.5597376823425293,0.00054168701171875,0.0703125,0.042561840265989304,0.0703125,0.048828125,cauldron_ln_2992,0
-2.0609068870544434,6.781684351153672e-05,0.125,0.038859330117702484,0.09375,0.0558268241584301,cauldron_ln_21181,0
-1.1890780925750732,-0.00975799560546875,0.01953125,0.02922462485730648,0.01692708395421505,0.01220703125,cauldron_ln_18623,1
-1.279523253440857,-0.009671725332736969,0.08984375,0.03966990485787392,0.0598958358168602,0.0351019985973835,cauldron_ln_26367,0
-1.6187868118286133,0.005470784846693277,0.1484375,0.03898080810904503,0.091796875,0.05520833656191826,mix_UI_ST_0_680,0
-1.6460981369018555,-0.00341796875,0.09375,0.03749354928731918,0.05859375,0.03046875074505806,cauldron_ln_1583,1
-1.6386239528656006,-0.010986328125,0.078125,0.05082953721284866,0.064453125,0.04472656175494194,mix_UI_ST_0_307,0
-1.6135644912719727,0.0031521269120275974,0.125,0.03941018879413605,0.08984375,0.057151101529598236,cauldron_ln_10426,0
-2.087156295776367,-0.007267441600561142,0.0625,0.035665739327669144,0.0390625,0.02890625037252903,cauldron_ln_28809,0
-0.868615984916687,0.0036853293422609568,0.1015625,0.0268611628562212,0.0732421875,0.03826349601149559,cauldron_ln_1793,1
-2.0700953006744385,-0.009257812052965164,0.09375,0.04437637701630592,0.07421875,0.0428059920668602,mix_SI_UT_0_1084,0
-1.4604769945144653,0.003584698773920536,0.10546875,0.04408399388194084,0.09228515625,0.06047363206744194,mix_SI_UT_0_705,0
-1.799841284751892,0.0009702653042040765,0.1015625,0.03508559241890907,0.0764973983168602,0.04563802480697632,mix_UI_ST_0_1321,0
-2.5615930557250977,0.006129673682153225,0.203125,0.05194408819079399,0.1255580484867096,0.07537520676851273,cauldron_ln_17931,0
-1.7095263004302979,0.004956054966896772,0.0625,0.032985586673021317,0.0625,0.046875,cauldron_ln_27643,0
-2.346055746078491,0.012927827425301075,0.09375,0.05060526356101036,0.0859375,0.06875000149011612,cauldron_ln_5357,0
-1.5760524272918701,0.007936539128422737,0.1953125,0.042498912662267685,0.1041666716337204,0.06367187947034836,cauldron_ln_19752,1
-1.5881659984588623,-0.0032861328218132257,0.1171875,0.03989643231034279,0.0725446492433548,0.0432942695915699,cauldron_ln_17517,1
-2.1055796146392822,0.0010458456818014383,0.1328125,0.040405452251434326,0.0924479216337204,0.0504557304084301,cauldron_ln_28181,1
-1.8463531732559204,0.0004699707205872983,0.09375,0.04455527290701866,0.08203125,0.05742187425494194,mix_SI_UT_0_1244,0
-1.0564379692077637,0.000590998912230134,0.125,0.03679230809211731,0.07470703125,0.04545898362994194,cauldron_ln_4492,1
-1.2187206745147705,0.00478778313845396,0.15625,0.044620394706726074,0.1051897332072258,0.06352796405553818,mix_SI_UT_0_662,0
-1.100827693939209,-0.009075346402823925,0.03125,0.03195120766758919,0.02734375,0.01774902455508709,mix_UI_ST_0_678,0
-0.9530429244041443,0.006340559106320143,0.09375,0.032703474164009094,0.0771484375,0.05019531399011612,mix_UI_ST_0_1473,0
-1.584545373916626,-0.001830478897318244,0.09375,0.03829522058367729,0.06914062798023224,0.04165414720773697,cauldron_ln_8831,1
-2.023223638534546,-0.0028849856462329626,0.125,0.04391215369105339,0.074776791036129,0.04612821713089943,mix_UI_ST_0_420,0
-2.261887311935425,0.00182291679084301,0.05078125,0.029340710490942,0.05078125,0.0442708358168602,mix_UI_ST_0_373,0
-2.1840250492095947,0.006852672901004553,0.15625,0.051484350115060806,0.1015625,0.07434896379709244,cauldron_ln_17602,1
-0.7946710586547852,0.004833857528865337,0.125,0.03211529552936554,0.0802951380610466,0.044708251953125,cauldron_ln_29088,0
-1.6234581470489502,0.009890994988381863,0.109375,0.03567654639482498,0.0891927108168602,0.060546875,cauldron_ln_27276,0
-1.5273470878601074,-0.012655029073357582,0.078125,0.04621244966983795,0.0625,0.02669270895421505,cauldron_ln_20616,0
-1.414510726928711,5.385455006035045e-05,0.078125,0.03326860070228577,0.06171875074505806,0.0450846366584301,mix_SI_UT_0_1220,0
-1.221247911453247,0.005147682037204504,0.09375,0.031555015593767166,0.06562500447034836,0.044658955186605453,mix_UI_ST_0_533,0
-1.3492465019226074,-0.003340871771797538,0.12890625,0.03584817051887512,0.07187499850988388,0.040283203125,cauldron_ln_12658,1
-1.2343549728393555,0.005149147938936949,0.09765625,0.03260507807135582,0.0755208358168602,0.0478515625,cauldron_ln_27483,0
-1.1067023277282715,-0.0014808292035013437,0.08203125,0.03863361105322838,0.06640625,0.04257812723517418,mix_UI_ST_0_1216,0
-2.0292956829071045,-0.0029479980003088713,0.09375,0.034925758838653564,0.0556640625,0.03505859524011612,mix_UI_ST_0_872,0
-1.7328951358795166,-0.014132850803434849,0.0146484375,0.01828976720571518,0.0146484375,0.0092926025390625,mix_UI_ST_0_1082,0
-1.1282165050506592,-1.4085036127653439e-05,0.09765625,0.03499903157353401,0.0755208358168602,0.0441623255610466,mix_UI_ST_0_1046,0
-1.046151041984558,-0.0013378906296566129,0.09375,0.03303059563040733,0.0595703125,0.031005859375,mix_SI_UT_0_1114,0
-2.3941259384155273,-0.00652313232421875,0.095703125,0.040167856961488724,0.0774739608168602,0.0444878488779068,cauldron_ln_16305,1
-0.748517632484436,-0.004819517023861408,0.078125,0.035136278718709946,0.0625,0.0292154960334301,mix_UI_ST_0_1176,0
-2.0320582389831543,-0.007374730426818132,0.09375,0.05022050812840462,0.0859375,0.0453404039144516,cauldron_ln_15941,0
-1.2468105554580688,0.008112792856991291,0.06640625,0.026791175827383995,0.060546875,0.0498046875,mix_SI_UT_0_1499,0
-1.4567424058914185,0.004402718506753445,0.125,0.04039889946579933,0.08642578125,0.057861328125,cauldron_ln_22604,1
-1.3768051862716675,-0.012493264861404896,0.052734375,0.04312394931912422,0.0458984375,0.0290178582072258,cauldron_ln_28206,0
-1.095680832862854,0.004021686036139727,0.08984375,0.03660925105214119,0.076171875,0.05390625074505806,cauldron_ln_16748,1
-1.6203370094299316,-0.002994051668792963,0.1171875,0.04120508208870888,0.08359374850988388,0.045302171260118484,mix_SI_UT_0_157,0
-2.102257013320923,-0.0005244502099230886,0.1328125,0.05612633004784584,0.10390625149011612,0.06911057978868484,mix_UI_ST_0_489,0
-1.0191128253936768,-0.00040846606134437025,0.0859375,0.03195999190211296,0.0651041716337204,0.0380316860973835,cauldron_ln_9520,1
-1.0791759490966797,0.007902901619672775,0.11328125,0.04157307371497154,0.09218750149011612,0.06310096383094788,mix_UI_ST_0_1173,0
-1.4720474481582642,0.003067388664931059,0.0625,0.020902462303638458,0.048828125,0.03183593973517418,mix_SI_UT_0_299,0
-1.155696153640747,0.0009321733377873898,0.078125,0.030563078820705414,0.05908203125,0.03568892180919647,cauldron_ln_7662,1
-0.7329816818237305,0.0008036295766942203,0.109375,0.030176501721143723,0.0699869841337204,0.0355088971555233,cauldron_ln_6991,0
-1.3312292098999023,-0.004468086641281843,0.125,0.04374665021896362,0.0794270858168602,0.0419921875,cauldron_ln_27470,0
-1.7822611331939697,-0.005209898576140404,0.078125,0.04129735007882118,0.0546875,0.0391710065305233,mix_UI_ST_0_236,0
-1.4972305297851562,0.0039374311454594135,0.1015625,0.03335871547460556,0.0735677108168602,0.046407949179410934,mix_UI_ST_0_267,0
-1.2067763805389404,0.0072784423828125,0.09375,0.03219202160835266,0.07421875,0.048828125,mix_UI_ST_0_821,0
-0.9971858263015747,0.002650669775903225,0.078125,0.03801446408033371,0.078125,0.052734375,cauldron_ln_12394,1
-0.9717561602592468,3.941854083677754e-05,0.0625,0.0269656702876091,0.05029296875,0.0332845076918602,mix_SI_UT_0_225,0
-1.2820210456848145,0.003768057329580188,0.15625,0.036202844232320786,0.08671875298023224,0.048828125,cauldron_ln_3177,1
-0.9702552556991577,-0.0020997291430830956,0.15625,0.039974018931388855,0.07939453423023224,0.04239501804113388,mix_SI_UT_0_1268,0
-1.1693601608276367,-0.0001537181669846177,0.0859375,0.037560269236564636,0.078125,0.0472005233168602,mix_SI_UT_0_821,0
-1.292226791381836,-0.007680585142225027,0.09765625,0.034756213426589966,0.060546875,0.0341796875,cauldron_ln_19542,1
-1.2069885730743408,-7.898667536210269e-05,0.09375,0.03780245780944824,0.078125,0.0523681640625,mix_UI_ST_0_1134,0
-1.2326363325119019,0.004427523352205753,0.0625,0.03265347331762314,0.0559895858168602,0.0392795130610466,cauldron_ln_24291,0
-1.5089845657348633,-0.0003400529967620969,0.140625,0.03564868122339249,0.07421875,0.0450948104262352,cauldron_ln_25682,0
-1.54604172706604,-0.004381452687084675,0.078125,0.03299487754702568,0.05390625074505806,0.033935546875,cauldron_ln_24829,1
-1.363883376121521,0.011736189015209675,0.09375,0.029428184032440186,0.0771484375,0.05234375223517418,cauldron_ln_6380,1
-0.9679468870162964,-0.004048886708915234,0.08203125,0.03876417502760887,0.0712890625,0.041015625,mix_UI_ST_0_110,0
-0.854902982711792,-0.00011989049380645156,0.0859375,0.03989211469888687,0.076171875,0.0511997789144516,cauldron_ln_29884,1
-1.5049493312835693,-0.00949859619140625,0.078125,0.04449626803398132,0.064453125,0.03155517578125,mix_SI_UT_0_132,0
-2.0771946907043457,-0.00022306146274786443,0.1953125,0.05442843958735466,0.1089409738779068,0.0678609237074852,mix_UI_ST_0_1105,0
-2.0159895420074463,0.004770507570356131,0.0859375,0.038975656032562256,0.07343750447034836,0.0563151054084301,cauldron_ln_2678,0
-1.520298719406128,0.00428967596963048,0.0703125,0.02743511088192463,0.0598958358168602,0.04150390625,cauldron_ln_25558,0
-0.8749235272407532,5.994524690322578e-05,0.15625,0.03481403738260269,0.09130859375,0.0330636166036129,cauldron_ln_17200,0
-2.0499281883239746,-0.0035665761679410934,0.1171875,0.04108887538313866,0.07568359375,0.04137073829770088,cauldron_ln_17653,1
-1.1481218338012695,-0.013470818288624287,0.078125,0.04847253859043121,0.078125,0.03662109375,mix_UI_ST_0_989,0
-1.4510811567306519,0.005916819907724857,0.0390625,0.022610297426581383,0.0390625,0.03125,cauldron_ln_29621,0
-1.6652369499206543,0.0005841936217620969,0.0859375,0.03554658964276314,0.0595703125,0.04228515550494194,mix_UI_ST_0_364,0
-1.283136010169983,0.0125732421875,0.203125,0.06343288719654083,0.203125,0.07958984375,cauldron_ln_20797,1
-1.7747077941894531,-0.0013644309947267175,0.09375,0.052165381610393524,0.0833333358168602,0.0703125,cauldron_ln_11114,0
-1.39998197555542,0.000268695002887398,0.171875,0.04118821397423744,0.0771484375,0.0455961674451828,cauldron_ln_10051,0
-1.4873957633972168,0.0041697327978909016,0.125,0.04199011251330376,0.0926339328289032,0.06077665463089943,mix_UI_ST_0_79,0
-1.739444375038147,-0.010187639854848385,0.125,0.054377246648073196,0.0833333358168602,0.04266357421875,cauldron_ln_19151,0
-2.3439769744873047,-0.00640021450817585,0.0625,0.051528871059417725,0.0625,0.0458984375,cauldron_ln_10272,1
-1.4726934432983398,0.0015377468662336469,0.09375,0.03142804279923439,0.0625,0.0355360247194767,mix_UI_ST_0_1253,0
-1.966925024986267,-0.00244140625,0.09375,0.03486151620745659,0.09375,0.04296875,cauldron_ln_27629,0
-1.5801539421081543,-0.0023862775415182114,0.06640625,0.029926620423793793,0.0498046875,0.03388671949505806,cauldron_ln_3909,1
-1.6722174882888794,0.010193615220487118,0.09375,0.030567524954676628,0.072265625,0.05449218675494194,mix_SI_UT_0_627,0
-1.2626826763153076,0.005339793860912323,0.12890625,0.04618936404585838,0.1041666716337204,0.0555013008415699,cauldron_ln_28321,1
-1.2752156257629395,-0.00623236782848835,0.125,0.03364783152937889,0.0564778670668602,0.02544487826526165,cauldron_ln_20266,1
-0.9606720805168152,-0.00547651806846261,0.1484375,0.054511722177267075,0.0911458358168602,0.05548095703125,cauldron_ln_15333,0
-1.6911356449127197,-0.0075121428817510605,0.09375,0.042224932461977005,0.0729166716337204,0.0407986119389534,cauldron_ln_20621,1
-1.4237072467803955,-0.011962890625,0.03125,0.02624460682272911,0.02864583395421505,0.0152413509786129,mix_SI_UT_0_737,0
-1.13938307762146,0.0060933432541787624,0.109375,0.03573991358280182,0.0865885466337204,0.0529513880610466,mix_UI_ST_0_839,0
-1.478800892829895,0.01106890570372343,0.1953125,0.05169045925140381,0.12812499701976776,0.0791015625,mix_SI_UT_0_482,0
-1.105812907218933,0.00021655744058080018,0.1953125,0.03470121696591377,0.0673828125,0.03811410814523697,cauldron_ln_12012,1
-0.6363825798034668,0.011797869578003883,0.08984375,0.02836933545768261,0.08203125,0.0598958358168602,cauldron_ln_3775,0
-1.4068776369094849,0.005810546688735485,0.0859375,0.04087693989276886,0.0807291716337204,0.05615234375,mix_SI_UT_0_236,0
-1.6658785343170166,-0.004936667159199715,0.09375,0.04094110056757927,0.05781250074505806,0.0367431640625,cauldron_ln_25907,0
-3.1337523460388184,0.008349609561264515,0.15625,0.06360459327697754,0.1484375,0.0973307341337204,mix_SI_UT_0_1391,0
-1.2261955738067627,0.009187455289065838,0.125,0.04118216410279274,0.09843750298023224,0.06520432978868484,mix_UI_ST_0_1070,0
-2.4244704246520996,-0.0010798027506098151,0.125,0.046183597296476364,0.095703125,0.058504972606897354,cauldron_ln_572,1
-1.5795211791992188,0.0044154576025903225,0.109375,0.05051612854003906,0.0944010466337204,0.07763671875,mix_UI_ST_0_1344,0
-1.618748664855957,-0.003609506646171212,0.109375,0.04064315930008888,0.0729631707072258,0.04332853481173515,cauldron_ln_16314,1
-1.305518388748169,0.0003956761793233454,0.0859375,0.0289660282433033,0.06640625,0.03271484375,cauldron_ln_24479,1
-1.637080192565918,0.00827955175191164,0.078125,0.028148924931883812,0.068359375,0.04609375074505806,mix_UI_ST_0_203,0
-1.3765344619750977,-0.002552121179178357,0.078125,0.03627588227391243,0.06982421875,0.04550781473517418,mix_SI_UT_0_784,0
-1.5612986087799072,-0.00019790187070611864,0.125,0.04209597408771515,0.0826822966337204,0.05303955078125,mix_UI_ST_0_26,0
-1.5449039936065674,0.0016423615161329508,0.109375,0.03832751512527466,0.0775669664144516,0.05147058889269829,mix_UI_ST_0_130,0
-1.451837182044983,0.00013514926831703633,0.1328125,0.03387634828686714,0.0714285746216774,0.040929459035396576,mix_SI_UT_0_1121,0
-1.4512189626693726,-0.005643991753458977,0.09375,0.03480434790253639,0.05429687723517418,0.032151442021131516,mix_SI_UT_0_152,0
-1.9378466606140137,-0.008595186285674572,0.06640625,0.049197424203157425,0.06640625,0.0380859375,cauldron_ln_25935,1
-0.9177523851394653,0.004650661256164312,0.078125,0.027254479005932808,0.05546874925494194,0.0380510613322258,mix_SI_UT_0_81,0
-2.9932940006256104,-0.0005859375232830644,0.078125,0.03547564893960953,0.078125,0.046875,cauldron_ln_10041,1
-2.1284351348876953,0.0005787037080153823,0.125,0.039536625146865845,0.08437500149011612,0.053335338830947876,cauldron_ln_2048,1
-1.291304349899292,-0.002324884757399559,0.1328125,0.03828028589487076,0.0634765625,0.03435724601149559,mix_UI_ST_0_370,0
-1.5599462985992432,-0.0028637973591685295,0.109375,0.04914871230721474,0.0830078125,0.05255682021379471,mix_UI_ST_0_892,0
-1.287653923034668,0.010541643016040325,0.140625,0.03647460415959358,0.099609375,0.0624186210334301,cauldron_ln_28427,1
-3.01292085647583,0.0024789664894342422,0.09375,0.05043166130781174,0.0859375,0.0677083358168602,mix_UI_ST_0_702,0
-3.4528567790985107,0.00830078125,0.1484375,0.04968966543674469,0.13671875,0.072265625,mix_SI_UT_0_1453,0
-1.5316200256347656,-0.01030177716165781,0.1015625,0.045788709074258804,0.06464844197034836,0.0330810546875,cauldron_ln_3193,1
-1.1913710832595825,-0.003091617487370968,0.109375,0.03032839670777321,0.05615234375,0.0303141288459301,cauldron_ln_28742,0
-0.9156721234321594,0.000876686826813966,0.0546875,0.0263825673609972,0.046875,0.03691406175494194,cauldron_ln_11536,1
-2.044907808303833,0.0030459449626505375,0.08203125,0.03853274881839752,0.0712890625,0.05078125,mix_UI_ST_0_199,0
-2.0810983180999756,-0.003229314461350441,0.09375,0.047742877155542374,0.0703125,0.04732572287321091,cauldron_ln_7477,1
-1.5274364948272705,0.002640744438394904,0.1171875,0.03859907388687134,0.080078125,0.05078125,cauldron_ln_16943,0
-3.2917370796203613,0.009812877513468266,0.125,0.042651742696762085,0.09375,0.0714285746216774,mix_UI_ST_0_1443,0
-1.4221951961517334,-0.005475557874888182,0.0703125,0.02670772559940815,0.0546875,0.0273844413459301,mix_SI_UT_0_49,0
-1.7338459491729736,-0.00351617275737226,0.12109375,0.037453144788742065,0.0558035746216774,0.036852385848760605,cauldron_ln_27595,1
-1.3159505128860474,0.002152054337784648,0.09375,0.027661316096782684,0.0849609375,0.0348714217543602,cauldron_ln_21218,0
-1.8337483406066895,0.0018136161379516125,0.2109375,0.053264178335666656,0.13671875,0.0609654039144516,cauldron_ln_13094,1
-1.8816581964492798,0.003403320210054517,0.078125,0.03215393051505089,0.07421875,0.0445963554084301,mix_SI_UT_0_1334,0
-1.0560874938964844,0.003772876923903823,0.07421875,0.02823393978178501,0.068359375,0.0411783866584301,cauldron_ln_1788,1
-1.1742101907730103,0.0037378771230578423,0.046875,0.027939999476075172,0.046875,0.0369698666036129,cauldron_ln_7330,0
-1.4553154706954956,0.0034210204612463713,0.0859375,0.03293605148792267,0.06103515625,0.04863281175494194,mix_UI_ST_0_674,0
-1.7033298015594482,0.004565238952636719,0.09375,0.04757508262991905,0.0859375,0.05810546875,cauldron_ln_3030,1
-1.5913209915161133,0.00799386203289032,0.09375,0.03422557935118675,0.0755208358168602,0.05517578125,cauldron_ln_13958,1
-1.2942309379577637,0.006887398660182953,0.1015625,0.04283539205789566,0.09375,0.0654703825712204,mix_SI_UT_0_645,0
-1.945284128189087,0.007644127123057842,0.078125,0.03674696385860443,0.07421875,0.0569196455180645,cauldron_ln_9336,0
-0.7944517135620117,-0.0025916467420756817,0.044921875,0.037988461554050446,0.044921875,0.0367838554084301,mix_UI_ST_0_1402,0
-1.0402367115020752,-0.0027525366749614477,0.0703125,0.036356180906295776,0.0595703125,0.04208984598517418,cauldron_ln_7299,0
-1.3690009117126465,-0.005053565837442875,0.109375,0.04044397175312042,0.060546875,0.0349237360060215,mix_SI_UT_0_404,0
-1.597818374633789,-0.007461055181920528,0.09765625,0.050324466079473495,0.060546875,0.0452008955180645,mix_UI_ST_0_207,0
-1.2749834060668945,-0.00797702930867672,0.01953125,0.016690319404006004,0.015625,0.0074218749068677425,cauldron_ln_5842,0
-2.096714735031128,0.01842447929084301,0.109375,0.04033040255308151,0.109375,0.0787760466337204,mix_UI_ST_0_419,0
-1.4010119438171387,-0.0060744863003492355,0.12109375,0.03829161450266838,0.06298828125,0.03652343899011612,cauldron_ln_21913,1
-2.0600976943969727,-0.001384231261909008,0.078125,0.03379078209400177,0.06093750149011612,0.04041466489434242,mix_UI_ST_0_781,0
-1.1323659420013428,0.007814500480890274,0.109375,0.028743382543325424,0.072265625,0.04531250149011612,mix_SI_UT_0_563,0
-1.4623929262161255,0.009750976227223873,0.1328125,0.05087807774543762,0.11484374850988388,0.0791015625,cauldron_ln_6072,1
-1.489980936050415,0.0015082465251907706,0.13671875,0.04832443222403526,0.1083984375,0.06072443351149559,mix_SI_UT_0_1091,0
-1.9453861713409424,-0.0034597297199070454,0.203125,0.07181083410978317,0.1315104216337204,0.0763888880610466,cauldron_ln_10202,1
-0.993349552154541,-0.002474013948813081,0.1171875,0.03260349854826927,0.0597098246216774,0.0330539271235466,mix_UI_ST_0_372,0
-1.5296046733856201,0.002351888222619891,0.0625,0.03234284371137619,0.05859375,0.0426897332072258,cauldron_ln_7108,0
-1.1515551805496216,-0.0018585205543786287,0.078125,0.028348052874207497,0.0546875,0.03190917894244194,mix_SI_UT_0_1210,0
-2.1624884605407715,-0.0034027099609375,0.140625,0.04141610115766525,0.07187499850988388,0.038686901330947876,cauldron_ln_21441,1
-1.578529953956604,0.0007737379637546837,0.09765625,0.039460744708776474,0.0651041716337204,0.043212890625,mix_UI_ST_0_619,0
-1.1604399681091309,0.0034415260888636112,0.0791015625,0.028340594843029976,0.05996093899011612,0.0382603257894516,cauldron_ln_9226,0
-0.7631558179855347,0.001220703125,0.078125,0.0331076942384243,0.0703125,0.03740985691547394,cauldron_ln_23644,1
-2.0106775760650635,-0.004367404617369175,0.1328125,0.05407213792204857,0.09843750298023224,0.057241588830947876,cauldron_ln_1951,1
-1.217186689376831,0.0021561842877417803,0.0859375,0.02773437462747097,0.0585937537252903,0.03628700599074364,cauldron_ln_24883,1
-1.5626879930496216,-0.006120954640209675,0.0859375,0.03647927567362785,0.068359375,0.0385044664144516,mix_UI_ST_0_1389,0
-1.6277334690093994,-0.009182400070130825,0.109375,0.04179074242711067,0.109375,0.038818359375,cauldron_ln_3735,1
-1.8260817527770996,0.0018610719125717878,0.09375,0.03515942022204399,0.064453125,0.04726562649011612,cauldron_ln_26045,0
-1.7937061786651611,0.007470703683793545,0.1171875,0.03933058679103851,0.0885416716337204,0.0613839328289032,cauldron_ln_27003,1
-1.1912524700164795,0.004966967273503542,0.10546875,0.043362878262996674,0.0846354216337204,0.0645751953125,cauldron_ln_4094,0
-1.2649767398834229,0.0029486578423529863,0.125,0.042159028351306915,0.08984375,0.0580240897834301,cauldron_ln_23835,0
-1.869781255722046,-0.0147857666015625,0.03515625,0.03438114374876022,0.03515625,0.01806640625,mix_UI_ST_0_137,0
-1.3767489194869995,0.0031291902996599674,0.1171875,0.03426285460591316,0.0751953125,0.04827880859375,mix_SI_UT_0_852,0
-1.2049871683120728,0.02180786244571209,0.1796875,0.045060236006975174,0.1171875,0.0876116082072258,cauldron_ln_18858,0
-1.474259376525879,0.003218078752979636,0.171875,0.043075598776340485,0.0891927108168602,0.05937500298023224,cauldron_ln_12339,0
-1.3504290580749512,0.00498125609010458,0.125,0.0468941405415535,0.0963541716337204,0.0601283498108387,cauldron_ln_2859,0
-1.4029312133789062,-0.0035324099007993937,0.076171875,0.03352724388241768,0.05507812649011612,0.0335170216858387,cauldron_ln_1480,1
-1.3919851779937744,-0.006192294415086508,0.0703125,0.03407169133424759,0.056640625,0.02998046949505806,mix_UI_ST_0_1464,0
-1.542273998260498,-0.0041305809281766415,0.0703125,0.04205824062228203,0.05703125149011612,0.0394461527466774,cauldron_ln_16964,1
-1.2615723609924316,0.0013944186503067613,0.109375,0.03532589599490166,0.08085937798023224,0.045696552842855453,mix_SI_UT_0_902,0
-1.2563434839248657,0.00266265869140625,0.171875,0.03629877418279648,0.0704345703125,0.041259765625,cauldron_ln_1219,1
-1.1998133659362793,-0.0008076985832303762,0.0859375,0.03030078113079071,0.0577799491584301,0.03326823189854622,mix_SI_UT_0_603,0
-1.9995619058609009,-0.02068536914885044,0.0283203125,0.049877047538757324,0.0283203125,0.02783203125,cauldron_ln_25990,0
-1.0713942050933838,-0.0007376163266599178,0.171875,0.04799605906009674,0.099609375,0.05657404288649559,mix_UI_ST_0_851,0
-2.367034912109375,-0.012455693446099758,0.0625,0.034581009298563004,0.0458984375,0.02962239645421505,cauldron_ln_13326,0
-0.9431716203689575,0.005931091494858265,0.1171875,0.03966347128152847,0.0888671875,0.05839843675494194,mix_UI_ST_0_621,0
-1.2148629426956177,-0.012478298507630825,0.0546875,0.029779542237520218,0.0462239608168602,0.02002631314098835,cauldron_ln_26024,1
-2.120589256286621,0.0021714430768042803,0.09375,0.042720261961221695,0.08203125,0.0556640625,mix_UI_ST_0_1400,0
-1.7472035884857178,-0.002172009786590934,0.09375,0.03621674329042435,0.07421875,0.03857421875,cauldron_ln_3516,1
-4.132343292236328,0.007080078125,0.0625,0.0387037992477417,0.0625,0.0524088554084301,mix_SI_UT_0_453,0
-2.127779483795166,0.0024007163010537624,0.1015625,0.041600845754146576,0.0729166716337204,0.04895833507180214,cauldron_ln_28978,0
-1.211637020111084,0.0017616008408367634,0.0625,0.03709810972213745,0.05625000223517418,0.0447126142680645,mix_SI_UT_0_169,0
-1.7993123531341553,0.0046234130859375,0.171875,0.055616457015275955,0.1129557341337204,0.0623914934694767,cauldron_ln_15299,0
-1.900813102722168,0.006984662730246782,0.171875,0.036519333720207214,0.086495541036129,0.05306846275925636,mix_UI_ST_0_1476,0
-1.33822500705719,-0.004101562779396772,0.09375,0.038517486304044724,0.064453125,0.03876953199505806,mix_UI_ST_0_1050,0
-1.581573724746704,0.01665581576526165,0.109375,0.03606594726443291,0.109375,0.06640625,cauldron_ln_20667,0
-2.3431215286254883,0.00480790575966239,0.1015625,0.051009297370910645,0.095703125,0.06605114042758942,mix_UI_ST_0_507,0
-1.0230823755264282,0.012247019447386265,0.1015625,0.03848392516374588,0.09375,0.0719866082072258,mix_UI_ST_0_800,0
-1.048424482345581,-0.0012685739202424884,0.046875,0.0230768583714962,0.03847656399011612,0.02516683004796505,cauldron_ln_17788,1
-1.5576467514038086,-0.010676631703972816,0.046875,0.03081418015062809,0.044921875,0.0270182304084301,cauldron_ln_6681,1
-1.5870904922485352,-0.006162059493362904,0.0625,0.03491448983550072,0.052734375,0.0348307304084301,cauldron_ln_12760,0
-1.3528164625167847,-0.0058768135495483875,0.046875,0.030438048765063286,0.0380859375,0.02217610739171505,mix_UI_ST_0_547,0
-1.0370872020721436,0.0018898292910307646,0.046875,0.029775483533740044,0.0458984375,0.0381673201918602,cauldron_ln_8429,0
-2.384955883026123,-0.010498046875,0.0458984375,0.050710730254650116,0.04345703125,0.0330403670668602,cauldron_ln_9833,0
-1.3360447883605957,0.0032645089086145163,0.109375,0.04015060514211655,0.0807291716337204,0.05487060546875,mix_UI_ST_0_517,0
-1.9040396213531494,0.0062011717818677425,0.1328125,0.04070601984858513,0.08828125149011612,0.0563151054084301,cauldron_ln_9807,1
-2.1269125938415527,0.010650634765625,0.1171875,0.035259637981653214,0.09765625,0.0604771226644516,mix_SI_UT_0_1416,0
-1.2831621170043945,-0.008623123168945312,0.0625,0.03583109378814697,0.05078125,0.02703857421875,cauldron_ln_13477,0
-1.9759087562561035,-0.0005310969427227974,0.125,0.04624832421541214,0.0862630233168602,0.0635986328125,cauldron_ln_9871,0
-1.5531930923461914,0.004679362289607525,0.109375,0.03656964376568794,0.0885416716337204,0.0528564453125,cauldron_ln_1840,0
-2.121814250946045,-0.003070831298828125,0.0859375,0.04490157216787338,0.068359375,0.047607421875,cauldron_ln_9559,1
-2.00419282913208,0.014006437733769417,0.15625,0.04979092627763748,0.12890625,0.0787760466337204,cauldron_ln_23507,1
-1.261777639389038,-0.004582331981509924,0.0556640625,0.04108026251196861,0.0556640625,0.0413411483168602,cauldron_ln_8690,0
-1.1785038709640503,-0.0047743055038154125,0.09375,0.03311542794108391,0.0572916679084301,0.0326063372194767,mix_UI_ST_0_1295,0
-1.8466075658798218,0.009199663065373898,0.08203125,0.03268676996231079,0.0732421875,0.05229048430919647,cauldron_ln_25891,0
-1.4367620944976807,-0.004878603387624025,0.07421875,0.046048399060964584,0.06640625,0.0442940853536129,cauldron_ln_12470,1
-1.8000720739364624,-0.001386534539051354,0.0859375,0.040545519441366196,0.06640625,0.04619891941547394,cauldron_ln_898,0
-1.607668399810791,0.0009351458284072578,0.0859375,0.027698304504156113,0.0546875,0.0355399027466774,cauldron_ln_27842,1
-2.3064446449279785,0.0028824342880398035,0.1484375,0.04538203403353691,0.0911458358168602,0.0623604953289032,mix_UI_ST_0_704,0
-0.866790771484375,0.0012817383976653218,0.13671875,0.030004529282450676,0.06005859375,0.03155924752354622,cauldron_ln_16478,0
-1.2445852756500244,-0.004732259549200535,0.0625,0.04612297937273979,0.0559895858168602,0.0418526791036129,cauldron_ln_5471,0
-1.465437650680542,0.005724784918129444,0.10546875,0.031182125210762024,0.076171875,0.0499131940305233,cauldron_ln_4240,1
-1.1882034540176392,0.00022824606276117265,0.1484375,0.04931439086794853,0.109375,0.0597330741584301,cauldron_ln_20099,1
-1.8461756706237793,-0.0027037588879466057,0.125,0.03168625384569168,0.0631510466337204,0.0372721366584301,cauldron_ln_8860,0
-1.399855613708496,0.00016130720905493945,0.08203125,0.03755182772874832,0.064453125,0.0417480506002903,mix_SI_UT_0_735,0
-1.3976894617080688,-0.004551478661596775,0.1171875,0.044935569167137146,0.0831473246216774,0.04635799676179886,cauldron_ln_19103,1
-1.1121387481689453,0.0010172525653615594,0.171875,0.04150240868330002,0.1009114608168602,0.0503472238779068,cauldron_ln_7342,1
-1.9307613372802734,-0.0054992674849927425,0.03125,0.03235761448740959,0.029052734375,0.02065429650247097,cauldron_ln_16094,0
-1.723423719406128,0.0018055051332339644,0.1875,0.04090206325054169,0.087158203125,0.04853515699505806,mix_SI_UT_0_1019,0
-1.7813432216644287,0.007242838852107525,0.09375,0.03935357183218002,0.080078125,0.06484375149011612,cauldron_ln_14195,1
-1.4997254610061646,0.004640975035727024,0.140625,0.03475932404398918,0.07187499850988388,0.046950120478868484,cauldron_ln_17262,0
-1.5658127069473267,-0.0024913442321121693,0.09375,0.0400179959833622,0.07421875,0.04847301170229912,mix_SI_UT_0_1053,0
-1.5734660625457764,-0.002152353059500456,0.1484375,0.03726969659328461,0.06718750298023224,0.03725961595773697,cauldron_ln_19011,0
-1.5967795848846436,-0.0067691802978515625,0.0546875,0.03239941969513893,0.044921875,0.02594757080078125,mix_SI_UT_0_1420,0
-1.2439229488372803,0.0074540479108691216,0.203125,0.03944048658013344,0.10585937649011612,0.0570591539144516,cauldron_ln_16771,1
-0.777642011642456,0.0003057256690226495,0.1875,0.028982365503907204,0.057705968618392944,0.029834888875484467,cauldron_ln_22271,0
-1.4302446842193604,0.013381958939135075,0.1640625,0.045649994164705276,0.12031250447034836,0.07564603537321091,cauldron_ln_28188,0
-1.1045687198638916,-0.00481305830180645,0.046875,0.036955781280994415,0.046875,0.0289713554084301,mix_UI_ST_0_520,0
-2.1674039363861084,0.009572882205247879,0.09375,0.039648666977882385,0.09375,0.06787109375,mix_SI_UT_0_743,0
-1.4284684658050537,0.0031156993936747313,0.109375,0.02976132370531559,0.078125,0.03789062425494194,cauldron_ln_23207,0
-1.8592686653137207,-0.003188521834090352,0.078125,0.03669944033026695,0.05351562425494194,0.036884017288684845,mix_SI_UT_0_1007,0
-1.3780080080032349,-0.0077794394455850124,0.0625,0.03454335778951645,0.0390625,0.0263671875,cauldron_ln_10591,0
-0.8954445123672485,0.0023930869065225124,0.09375,0.032061100006103516,0.07421875,0.0447998046875,mix_UI_ST_0_455,0
-1.0184146165847778,0.006873391102999449,0.0546875,0.02488037198781967,0.0546875,0.04277343675494194,cauldron_ln_7725,1
-1.591978669166565,-0.0046284995041787624,0.109375,0.0361330509185791,0.0680338591337204,0.0329318568110466,mix_UI_ST_0_107,0
-1.3319885730743408,0.006840349640697241,0.265625,0.05067424103617668,0.108642578125,0.06354980915784836,mix_SI_UT_0_882,0
-1.993188500404358,-0.0035016860347241163,0.1875,0.05049414932727814,0.1037946492433548,0.0576985664665699,cauldron_ln_191,1
-2.4916744232177734,-0.012096057645976543,0.109375,0.04669283330440521,0.06875000149011612,0.045522838830947876,mix_UI_ST_0_87,0
-1.2145891189575195,-0.0021084873005747795,0.09375,0.035291001200675964,0.0771484375,0.038108132779598236,mix_UI_ST_0_548,0
-1.2079486846923828,0.0011034514755010605,0.1484375,0.03765551745891571,0.0687934011220932,0.046726394444704056,mix_SI_UT_0_198,0
-2.1614973545074463,0.0042246500961482525,0.1484375,0.050321485847234726,0.1067708358168602,0.0717075914144516,mix_UI_ST_0_564,0
-1.2997987270355225,0.0024880303535610437,0.1015625,0.03143691271543503,0.0774739608168602,0.0428602434694767,mix_SI_UT_0_28,0
-1.669368028640747,-0.0009604789083823562,0.21875,0.049561757594347,0.0876116082072258,0.0519205741584301,mix_SI_UT_0_1102,0
-1.2185064554214478,-0.019472064450383186,0.037109375,0.027736637741327286,0.0185546875,0.009525299072265625,mix_UI_ST_0_970,0
-1.3313729763031006,-0.004914008546620607,0.05859375,0.029585082083940506,0.0439453125,0.029385654255747795,mix_UI_ST_0_585,0
-1.5853667259216309,-0.001208496163599193,0.06640625,0.042716655880212784,0.05908203125,0.04414062574505806,mix_UI_ST_0_913,0
-1.3326764106750488,0.0022305576130747795,0.08203125,0.0397658608853817,0.0719401091337204,0.04766845703125,mix_UI_ST_0_175,0
-1.955925464630127,0.005562447477132082,0.1171875,0.04624512046575546,0.109375,0.072265625,cauldron_ln_17632,1
-1.7044538259506226,-0.0061051505617797375,0.0625,0.034034427255392075,0.04843750223517418,0.02783203311264515,cauldron_ln_3865,1
-2.2876410484313965,-0.002918755868449807,0.109375,0.04251142218708992,0.083984375,0.052978515625,mix_UI_ST_0_1377,0
-1.1425875425338745,-0.010348849929869175,0.03125,0.0347907654941082,0.0299479179084301,0.0220811627805233,mix_UI_ST_0_341,0
-1.7571848630905151,-0.009245695546269417,0.046875,0.030867800116539,0.0419921875,0.0270182304084301,mix_UI_ST_0_1392,0
-1.6150014400482178,0.00459943525493145,0.11328125,0.031518299132585526,0.087890625,0.0419224351644516,cauldron_ln_10897,1
-1.5688846111297607,-0.02572866715490818,0.03125,0.06566169112920761,0.03125,0.02490234375,mix_SI_UT_0_611,0
-2.460207223892212,0.0019014147110283375,0.1875,0.045378655195236206,0.0887276828289032,0.0591362863779068,mix_SI_UT_0_731,0
-1.8409243822097778,-0.0045260959304869175,0.078125,0.03801779821515083,0.0703125,0.038174718618392944,mix_UI_ST_0_824,0
-2.1604466438293457,0.0019234322244301438,0.1171875,0.039985865354537964,0.0848214328289032,0.0513780377805233,cauldron_ln_20596,1
-1.230875015258789,0.005557369906455278,0.1328125,0.038436081260442734,0.0859375074505806,0.05679481849074364,cauldron_ln_24614,1
-2.300442695617676,0.014788227155804634,0.125,0.04270855709910393,0.1145833358168602,0.074776791036129,cauldron_ln_314,0
-1.2910596132278442,-0.00421040877699852,0.078125,0.03364870697259903,0.0491536483168602,0.03064778819680214,cauldron_ln_14395,0
-1.157529592514038,-0.005982516333460808,0.15234375,0.04218427091836929,0.08242187649011612,0.0393851175904274,cauldron_ln_20310,0
-1.6189641952514648,0.0033990268129855394,0.140625,0.04883509501814842,0.09375,0.0624302476644516,mix_UI_ST_0_0,0
-0.9789531230926514,0.0021326402202248573,0.109375,0.03482235595583916,0.06875000149011612,0.0447591170668602,mix_UI_ST_0_950,0
-1.206875205039978,-0.00597652280703187,0.0625,0.03251387178897858,0.0501302108168602,0.0305873341858387,cauldron_ln_17124,0
-1.03379225730896,-0.0028618706855922937,0.09375,0.03372952714562416,0.0602213554084301,0.0364583320915699,cauldron_ln_29012,0
-1.462789535522461,-0.0031585693359375,0.076171875,0.0394350029528141,0.0553385429084301,0.036865234375,mix_SI_UT_0_593,0
-2.1818461418151855,0.0019106657709926367,0.09375,0.054773420095443726,0.078125,0.05546874925494194,cauldron_ln_18884,0
-1.1817530393600464,-0.0034383137244731188,0.125,0.03245675191283226,0.0703125,0.02865939773619175,cauldron_ln_5304,1
-1.7852332592010498,-0.005067767575383186,0.0625,0.033288903534412384,0.0481770858168602,0.0308837890625,mix_SI_UT_0_1047,0
-1.83642578125,0.005666632670909166,0.109375,0.04139871150255203,0.0911458358168602,0.0634765625,cauldron_ln_3047,0
-1.7572858333587646,-0.00815748143941164,0.1015625,0.04270979017019272,0.07421875,0.045188210904598236,cauldron_ln_22287,1
-1.5229665040969849,-0.0007260640850290656,0.05078125,0.02532179094851017,0.04345703125,0.02766927145421505,cauldron_ln_23485,0
-1.3794184923171997,-0.00016276042151730508,0.05859375,0.03267558291554451,0.0546875,0.0364583358168602,mix_SI_UT_0_1024,0
-2.2379746437072754,-0.01923076994717121,0.078125,0.04999164864420891,0.078125,0.0384114608168602,mix_UI_ST_0_1091,0
-1.4396193027496338,0.004807281773537397,0.125,0.04257620498538017,0.09765625,0.0634765625,mix_UI_ST_0_502,0
-1.997913122177124,0.008495242334902287,0.140625,0.04736366122961044,0.11328125,0.07773437350988388,mix_UI_ST_0_90,0
-1.2752004861831665,-0.0007219816325232387,0.046875,0.030487950891256332,0.04296875,0.0322265625,cauldron_ln_29148,1
-1.180626392364502,0.0009289757581427693,0.109375,0.03266281634569168,0.0703125,0.0438058041036129,mix_SI_UT_0_597,0
-1.4400891065597534,-0.0068868002854287624,0.06640625,0.037089210003614426,0.0470145121216774,0.0313856340944767,cauldron_ln_3076,1
-1.4303686618804932,-0.011369879357516766,0.09375,0.040500979870557785,0.0576171875,0.02521306835114956,cauldron_ln_24242,1
-1.6943387985229492,-0.0073699951171875,0.08203125,0.04162710905075073,0.0794270858168602,0.0416259765625,cauldron_ln_17713,0
-1.9000611305236816,0.005359996575862169,0.08984375,0.0370912030339241,0.080078125,0.05292968824505806,cauldron_ln_16324,0
-1.2400720119476318,0.007922944612801075,0.0859375,0.02314402163028717,0.0498046875,0.035400390625,cauldron_ln_6267,0
-2.123739719390869,-0.0047851563431322575,0.046875,0.03351107984781265,0.046875,0.0322265625,mix_SI_UT_0_384,0
-1.2671631574630737,-0.007080078125,0.046875,0.033029597252607346,0.046875,0.03173828125,cauldron_ln_7634,0
-1.7424898147583008,0.002666194224730134,0.1328125,0.03403807058930397,0.072265625,0.044921875,cauldron_ln_13937,1
-1.849173665046692,-0.0008511014166288078,0.09375,0.03516332060098648,0.072265625,0.04200846701860428,cauldron_ln_3057,1
-1.714943528175354,0.00029991412884555757,0.109375,0.037388112396001816,0.07734375447034836,0.0490373894572258,mix_UI_ST_0_1149,0
-1.0548900365829468,-0.002543787704780698,0.0625,0.02833930216729641,0.0520833358168602,0.0329241082072258,cauldron_ln_14044,1
-1.3176807165145874,0.007540189195424318,0.2421875,0.04267272725701332,0.0987723246216774,0.05355674400925636,cauldron_ln_25130,0
-1.4469530582427979,0.0062911659479141235,0.1640625,0.04526491090655327,0.11328125,0.0634765625,cauldron_ln_22273,0
-1.1182403564453125,-0.008755023591220379,0.03125,0.029312772676348686,0.0283203125,0.0161234550178051,cauldron_ln_17097,0
-1.5863991975784302,-0.0034106443636119366,0.07421875,0.0312994122505188,0.04941406473517418,0.0314432792365551,mix_SI_UT_0_771,0
-1.135033369064331,-7.98152104835026e-05,0.03125,0.020087728276848793,0.03125,0.0250651054084301,mix_UI_ST_0_162,0
-1.4824155569076538,0.0016921471105888486,0.0625,0.0367623046040535,0.056640625,0.0470145121216774,cauldron_ln_28712,1
-2.0160717964172363,-0.0008544922457076609,0.05859375,0.022401079535484314,0.0377604179084301,0.02580915205180645,cauldron_ln_24283,0
-1.2922544479370117,0.011395263485610485,0.109375,0.03225687891244888,0.091796875,0.05546874925494194,cauldron_ln_25238,0
-2.8156909942626953,0.0126488097012043,0.125,0.04308342933654785,0.09765625,0.0703125,cauldron_ln_13070,0
-1.2727526426315308,-0.0108642578125,0.03125,0.03051772527396679,0.03125,0.0205078125,cauldron_ln_3274,0
-1.653102993965149,-0.007126193959265947,0.171875,0.05706335976719856,0.09912109375,0.06036932021379471,cauldron_ln_5504,0
-1.3678476810455322,-0.01036098599433899,0.09375,0.0490521565079689,0.07070312649011612,0.0465959832072258,mix_UI_ST_0_1085,0
-1.7208137512207031,0.0021789551246911287,0.0703125,0.026167334988713264,0.0517578125,0.03789062425494194,mix_SI_UT_0_1339,0
-1.2598861455917358,0.002097389893606305,0.09375,0.03485915809869766,0.078125,0.04726562649011612,mix_SI_UT_0_1135,0
-2.1977505683898926,0.00408935546875,0.125,0.04751037061214447,0.0972222238779068,0.06587357819080353,cauldron_ln_11968,1
-1.228497862815857,-0.0014970888150855899,0.1171875,0.04329698532819748,0.07734375447034836,0.045184798538684845,mix_UI_ST_0_494,0
-1.1618609428405762,0.003504317020997405,0.1328125,0.036334481090307236,0.0813802108168602,0.0482940673828125,cauldron_ln_20653,0
-1.5227625370025635,0.00024261475482489914,0.125,0.04181574657559395,0.078125,0.04316406324505806,mix_SI_UT_0_327,0
-1.2718920707702637,-0.0020955405198037624,0.125,0.04000755026936531,0.0791015625,0.04066051170229912,mix_SI_UT_0_1208,0
-1.8344049453735352,-0.01219855435192585,0.0546875,0.03856149688363075,0.04648437723517418,0.029597356915473938,cauldron_ln_17155,1
-1.404011845588684,-0.0041046142578125,0.109375,0.038688864558935165,0.0690104216337204,0.03851318359375,mix_UI_ST_0_296,0
-0.8951765298843384,-0.0007640697294846177,0.078125,0.03098488599061966,0.072265625,0.0381673201918602,mix_UI_ST_0_706,0
-1.466930866241455,-0.006683349609375,0.07421875,0.042996205389499664,0.0611979179084301,0.044189453125,mix_SI_UT_0_785,0
-1.665208339691162,0.002330291084945202,0.0703125,0.041453879326581955,0.0651041716337204,0.0492621548473835,cauldron_ln_21098,1
-1.101067304611206,0.007968749850988388,0.0625,0.02685021050274372,0.05078125,0.0380859375,mix_UI_ST_0_1390,0
-1.9113374948501587,0.006816007662564516,0.09375,0.03796793892979622,0.0791015625,0.0545247420668602,mix_SI_UT_0_1229,0
-1.700585126876831,-0.003477181773632765,0.109375,0.03780462220311165,0.0709635466337204,0.04046630859375,mix_SI_UT_0_1483,0
-1.4073508977890015,-0.0047568040899932384,0.1171875,0.03543374687433243,0.0595703125,0.0350864976644516,mix_UI_ST_0_948,0
-2.602959156036377,0.009769215248525143,0.0625,0.03446536138653755,0.0625,0.05615234375,cauldron_ln_6493,1
-1.5256931781768799,0.010463830083608627,0.125,0.042349305003881454,0.0989583358168602,0.06048583984375,mix_SI_UT_0_457,0
-1.737349271774292,-0.005198759026825428,0.0625,0.04271310940384865,0.0481770858168602,0.0341796875,cauldron_ln_11591,1
-1.0277185440063477,0.006776983384042978,0.08203125,0.03417270630598068,0.076171875,0.053977273404598236,mix_UI_ST_0_70,0
-1.955528736114502,0.00013799252337776124,0.1015625,0.05015404894948006,0.08203125,0.06679687649011612,mix_UI_ST_0_912,0
-1.832801103591919,0.0021531125530600548,0.1328125,0.04519980773329735,0.08984375,0.061434660106897354,mix_UI_ST_0_841,0
-1.9454536437988281,0.0012236804468557239,0.125,0.050078894942998886,0.1015625,0.06601562350988388,mix_SI_UT_0_449,0
-1.1199514865875244,0.00034219707595184445,0.09375,0.03472905978560448,0.0572916679084301,0.03948567807674408,mix_SI_UT_0_421,0
-1.5303751230239868,0.0008655895362608135,0.109375,0.042154885828495026,0.078125,0.05068359524011612,cauldron_ln_9810,1
-1.3651931285858154,0.0015772769693285227,0.09375,0.03455216810107231,0.0794270858168602,0.0450575090944767,cauldron_ln_8038,1
-1.776743769645691,0.0071461996994912624,0.08984375,0.030934840440750122,0.0794270858168602,0.0440538190305233,mix_UI_ST_0_1028,0
-1.627414584159851,0.0012660882202908397,0.0859375,0.044581104069948196,0.0716145858168602,0.0559895820915699,mix_SI_UT_0_309,0
-1.7382752895355225,0.0072316136211156845,0.125,0.04435756430029869,0.109375,0.0675223246216774,mix_SI_UT_0_231,0
-1.640722393989563,0.008953387849032879,0.13671875,0.03966360166668892,0.1041666716337204,0.0657552108168602,cauldron_ln_29438,1
-1.223522424697876,0.0012400309788063169,0.1484375,0.042036496102809906,0.0735677108168602,0.04928385838866234,mix_UI_ST_0_336,0
-1.1379786729812622,0.0033888383768498898,0.078125,0.02063395455479622,0.05126953125,0.03012695349752903,mix_SI_UT_0_219,0
-1.274072289466858,-0.002593994140625,0.1328125,0.05095021426677704,0.1328125,0.05126953125,mix_UI_ST_0_1258,0
-2.104670524597168,-0.0025227863807231188,0.09375,0.04827241599559784,0.09375,0.065185546875,cauldron_ln_1538,1
-1.241033911705017,0.0003410788194742054,0.09375,0.03750097006559372,0.09375,0.0458984375,mix_SI_UT_0_895,0
-1.8640549182891846,0.0005530053749680519,0.1328125,0.04151644557714462,0.0807291641831398,0.05100319907069206,mix_SI_UT_0_1055,0
-2.1074113845825195,0.009089290164411068,0.109375,0.04302407056093216,0.1015625,0.0697699636220932,cauldron_ln_21948,0
-1.5932159423828125,0.00819022674113512,0.125,0.04033998027443886,0.09843750298023224,0.061298079788684845,mix_UI_ST_0_775,0
-2.0350589752197266,-0.0034647625871002674,0.0625,0.04114086180925369,0.0491536483168602,0.0378069207072258,mix_UI_ST_0_121,0
-1.6359543800354004,-0.0019388198852539062,0.07421875,0.03041905164718628,0.05859375,0.03466796875,mix_SI_UT_0_866,0
-1.2974591255187988,-0.009318034164607525,0.041015625,0.02900463342666626,0.041015625,0.024658203125,mix_SI_UT_0_1211,0
-2.9634366035461426,-0.009235787205398083,0.109375,0.05129265785217285,0.083984375,0.054953835904598236,cauldron_ln_28289,1
-0.6825518012046814,0.0029692216776311398,0.1484375,0.03568391874432564,0.072265625,0.03773082420229912,mix_SI_UT_0_1127,0
-1.0076825618743896,-0.010405669920146465,0.04296875,0.028201699256896973,0.03515625,0.0174424909055233,mix_UI_ST_0_1350,0
-2.018040180206299,-0.002422626130282879,0.171875,0.04910125955939293,0.1119791716337204,0.0614149309694767,cauldron_ln_4847,0
-1.3687893152236938,-0.0012380239786580205,0.0703125,0.03838704898953438,0.0670572966337204,0.0431857630610466,cauldron_ln_1779,1
-1.8491119146347046,-0.0018763687694445252,0.09375,0.037286773324012756,0.0690104216337204,0.0447540283203125,cauldron_ln_4042,1
-2.073086738586426,-0.002064645988866687,0.09375,0.03955615311861038,0.0654296875,0.04296875,mix_SI_UT_0_623,0
-1.1405463218688965,0.014931056648492813,0.1484375,0.04389746114611626,0.126953125,0.08085937798023224,cauldron_ln_24643,0
-1.377058744430542,-0.0084387743845582,0.046875,0.050016652792692184,0.046875,0.03632812574505806,cauldron_ln_26640,0
-1.371598482131958,-0.0034412203822284937,0.0859375,0.03840991482138634,0.06494140625,0.04091797024011612,mix_UI_ST_0_1445,0
-1.199198842048645,-0.00560760498046875,0.09375,0.03639400377869606,0.09375,0.029083251953125,cauldron_ln_28922,0
-1.844934344291687,0.0006016322295181453,0.125,0.050382427871227264,0.1145833358168602,0.0694580078125,mix_UI_ST_0_746,0
-1.7882106304168701,0.0033501519355922937,0.09375,0.048666853457689285,0.09375,0.06201171875,mix_UI_ST_0_557,0
-1.4703733921051025,0.012732436880469322,0.21875,0.041299521923065186,0.1145833358168602,0.065673828125,cauldron_ln_26095,1
-2.1441354751586914,-0.0004408094973769039,0.140625,0.04340951517224312,0.0830078125,0.05416667088866234,cauldron_ln_13631,1
-1.330788016319275,-0.003789593931287527,0.109375,0.04048294946551323,0.0574544295668602,0.03815104439854622,mix_SI_UT_0_411,0
-1.1922075748443604,0.0031072997953742743,0.0859375,0.031433768570423126,0.06015625223517418,0.0431722030043602,mix_SI_UT_0_1051,0
-1.297760009765625,-0.0017878834623843431,0.0546875,0.032540418207645416,0.049560546875,0.03554687649011612,cauldron_ln_3409,1
-1.5924296379089355,-0.00833565928041935,0.0625,0.053951624780893326,0.0625,0.0572916679084301,cauldron_ln_5512,0
-1.5614670515060425,0.01045881025493145,0.125,0.03901815414428711,0.09765625,0.0597098246216774,mix_UI_ST_0_550,0
-1.1616297960281372,-0.009395476430654526,0.0625,0.040089529007673264,0.0520833358168602,0.0322265625,mix_SI_UT_0_1181,0
-1.3105649948120117,0.007424747571349144,0.1015625,0.04048385098576546,0.08554687350988388,0.05908203125,mix_SI_UT_0_320,0
-1.3741340637207031,-0.0003301447140984237,0.08984375,0.03446178883314133,0.07421875,0.0440521240234375,cauldron_ln_11344,0
-1.3652198314666748,-0.009964792057871819,0.06640625,0.03251364082098007,0.06640625,0.024169921875,cauldron_ln_13777,1
-1.3551785945892334,0.004329427145421505,0.09375,0.035803403705358505,0.0729166716337204,0.04938151314854622,mix_SI_UT_0_422,0
-1.7472906112670898,0.004186751786619425,0.1953125,0.04475434869527817,0.103515625,0.05841619521379471,cauldron_ln_1089,1
-2.22576904296875,0.0042591094970703125,0.09375,0.03181576728820801,0.0768229216337204,0.050048828125,mix_UI_ST_0_771,0
-0.9218900799751282,-0.00041707357740961015,0.06640625,0.030346067622303963,0.060546875,0.0340169295668602,mix_UI_ST_0_1272,0
-3.4839370250701904,-0.018465910106897354,0.03125,0.03898785635828972,0.03125,0.03125,cauldron_ln_2088,1
-1.8652077913284302,0.0045019532553851604,0.1171875,0.04699892923235893,0.08906250447034836,0.0613606795668602,mix_SI_UT_0_674,0
-1.2316453456878662,0.00611114501953125,0.125,0.03496363386511803,0.076171875,0.0458984375,cauldron_ln_6081,0
-1.5406203269958496,-0.0017288208473473787,0.0703125,0.0355503186583519,0.0634765625,0.04140625149011612,cauldron_ln_11553,1
-1.3317347764968872,0.002539894776418805,0.109375,0.03533221036195755,0.080078125,0.04740767180919647,mix_UI_ST_0_577,0
-1.55129075050354,0.004728618543595076,0.078125,0.04551254212856293,0.0755208358168602,0.0564236119389534,mix_SI_UT_0_472,0
-1.4339088201522827,-0.0032852417789399624,0.09375,0.04214739426970482,0.0709635466337204,0.04869791865348816,cauldron_ln_9459,0
-3.557020664215088,-0.015366403385996819,0.1015625,0.059685856103897095,0.0859375,0.0509440116584301,mix_UI_ST_0_1494,0
-1.4173475503921509,0.00195178366266191,0.1015625,0.0361609123647213,0.0726996511220932,0.04816228896379471,mix_UI_ST_0_113,0
-1.2437149286270142,-0.0012190535198897123,0.109375,0.041025929152965546,0.0771484375,0.0495876744389534,mix_UI_ST_0_1129,0
-1.8850767612457275,0.001953125,0.234375,0.053774602711200714,0.1171875,0.0703125,mix_SI_UT_0_1002,0
-0.6011453866958618,0.0045325239188969135,0.0859375,0.027145741507411003,0.064453125,0.04091797024011612,cauldron_ln_25670,1
-1.5303442478179932,-0.0013212315971031785,0.109375,0.03763093799352646,0.109375,0.03985595703125,cauldron_ln_29181,0
-1.6780896186828613,-0.008013044483959675,0.0546875,0.036935802549123764,0.0546875,0.0291573666036129,cauldron_ln_13686,1
-2.0500400066375732,0.0029509172309190035,0.0859375,0.035855356603860855,0.06640625,0.04843750223517418,cauldron_ln_29177,0
-1.3757951259613037,-0.0017799964407458901,0.109375,0.04314383864402771,0.08671875298023224,0.048828125,mix_UI_ST_0_791,0
-1.949100136756897,-0.02389865554869175,0.046875,0.039616670459508896,0.046875,0.0167236328125,cauldron_ln_10835,1
-1.5543431043624878,-0.00040283205453306437,0.109375,0.037488698959350586,0.07421875,0.04563802480697632,mix_SI_UT_0_463,0
-1.5370545387268066,-0.0067596435546875,0.0625,0.037309762090444565,0.0546875,0.02769775502383709,mix_SI_UT_0_1126,0
-1.2897732257843018,-0.01477661170065403,0.029296875,0.03023832105100155,0.029296875,0.01595052145421505,cauldron_ln_27995,0
-1.497856855392456,0.002256628591567278,0.0859375,0.02996269427239895,0.0616629496216774,0.0419921875,mix_SI_UT_0_361,0
-1.214919090270996,-0.010952419601380825,0.09375,0.04184526577591896,0.09375,0.0322265625,cauldron_ln_21506,0
-2.2161760330200195,-0.000812671787571162,0.078125,0.045630358159542084,0.06328125298023224,0.045673079788684845,mix_UI_ST_0_63,0
-1.711059808731079,-0.003633939428254962,0.109375,0.04114982485771179,0.0885416716337204,0.0473090298473835,cauldron_ln_24124,0
-3.173767566680908,0.0015012050280347466,0.09375,0.036716729402542114,0.0751953125,0.048295456916093826,mix_SI_UT_0_1325,0
-1.4213104248046875,0.0026935080531984568,0.125,0.03745364770293236,0.083984375,0.04856179282069206,mix_SI_UT_0_968,0
-1.3221311569213867,0.0013956705806776881,0.109375,0.039596762508153915,0.08203125,0.049715910106897354,cauldron_ln_11884,1
-1.4931659698486328,0.0019073486328125,0.0615234375,0.03307068347930908,0.0517578125,0.0382080078125,mix_UI_ST_0_1052,0
-1.7997134923934937,0.009589092805981636,0.109375,0.0441727489233017,0.0983072966337204,0.0703125,cauldron_ln_1587,1
-2.001309871673584,3.231273149140179e-05,0.15625,0.05301276221871376,0.1197916716337204,0.06525735557079315,cauldron_ln_17401,1
-2.5489072799682617,-0.004879150073975325,0.0859375,0.04537246748805046,0.06289062649011612,0.0426432304084301,mix_SI_UT_0_480,0
-1.1959118843078613,0.00437330175191164,0.109375,0.04667655751109123,0.1015625,0.07109375298023224,mix_UI_ST_0_1422,0
-1.729447364807129,0.005350749008357525,0.15625,0.04922410473227501,0.1044921875,0.0638020858168602,mix_SI_UT_0_429,0
-1.980114459991455,0.0025118314661085606,0.171875,0.04718600958585739,0.10625000298023224,0.05634014680981636,mix_UI_ST_0_1404,0
-1.0335886478424072,-0.0028199225198477507,0.1640625,0.032611485570669174,0.0608723983168602,0.03076172061264515,cauldron_ln_16020,0
-2.547856330871582,-0.0065511069260537624,0.046875,0.030309557914733887,0.0397135429084301,0.02973090298473835,mix_UI_ST_0_250,0
-0.8927938938140869,0.004544771742075682,0.046875,0.023535268381237984,0.046875,0.0367838554084301,mix_UI_ST_0_849,0
-1.325831651687622,0.0014530010521411896,0.125,0.04048210754990578,0.08251953125,0.052490234375,cauldron_ln_18605,1
-1.2778903245925903,0.0003976004372816533,0.09375,0.030886050313711166,0.0729166716337204,0.044921875,mix_UI_ST_0_1490,0
-1.2445051670074463,0.00196075439453125,0.078125,0.025348825380206108,0.0553385429084301,0.0333251953125,cauldron_ln_15282,1
-1.3989589214324951,-0.000133514404296875,0.1484375,0.050712477415800095,0.0944010466337204,0.048828125,mix_SI_UT_0_768,0
-1.396090030670166,0.004274565726518631,0.1015625,0.03737383708357811,0.09140624850988388,0.0518275685608387,mix_UI_ST_0_819,0
-1.355553150177002,0.0006864243769086897,0.1640625,0.04126325622200966,0.0911458358168602,0.051125917583703995,cauldron_ln_16451,1
-2.1051697731018066,0.004537167958915234,0.125,0.043801482766866684,0.0927734375,0.060546875,mix_UI_ST_0_1351,0
-1.619152307510376,0.008794836699962616,0.1328125,0.041106026619672775,0.0911458358168602,0.0583767369389534,cauldron_ln_5876,0
-0.8214243650436401,0.00286102294921875,0.072265625,0.028590314090251923,0.072265625,0.03759765625,mix_SI_UT_0_576,0
-1.7443543672561646,-0.00026537023950368166,0.1171875,0.04141054302453995,0.076171875,0.04723011329770088,cauldron_ln_22284,1
-1.4042785167694092,0.0110304094851017,0.09375,0.04671759903430939,0.08349609375,0.06693892180919647,mix_SI_UT_0_1112,0
-1.1232273578643799,0.008571458980441093,0.09375,0.04001307114958763,0.08984375,0.06914062798023224,mix_UI_ST_0_357,0
-1.4786057472229004,-0.00482316454872489,0.0703125,0.03092704713344574,0.05126953125,0.030051492154598236,mix_SI_UT_0_251,0
-0.8610547184944153,-0.0004976713098585606,0.0859375,0.050064150243997574,0.0859375,0.0471598319709301,cauldron_ln_3621,1
-1.06585693359375,-0.0030263264197856188,0.140625,0.05163665860891342,0.08906250447034836,0.0507812537252903,cauldron_ln_12932,0
-1.219431757926941,-0.003305257298052311,0.16015625,0.04297942295670509,0.0823102742433548,0.0426974818110466,cauldron_ln_10335,1
-1.121570348739624,0.0,0.046875,0.02132525108754635,0.03564453125,0.0263671875,cauldron_ln_17691,1
-1.4163787364959717,0.0036296844482421875,0.078125,0.024553043767809868,0.0667317733168602,0.0357666015625,cauldron_ln_8726,0
-1.4876916408538818,0.0003119574685115367,0.125,0.039596717804670334,0.06875000149011612,0.04657452180981636,cauldron_ln_20899,0
-1.9676597118377686,-0.0019728136248886585,0.09375,0.038860663771629333,0.0677083358168602,0.0458984412252903,mix_UI_ST_0_1307,0
-1.6801844835281372,0.002986907958984375,0.1015625,0.03899635002017021,0.0703125,0.0478515625,cauldron_ln_23988,0
-1.4967222213745117,-0.013284122571349144,0.021484375,0.033265791833400726,0.021484375,0.01434326171875,mix_SI_UT_0_621,0
-1.8583005666732788,-0.00019304142915643752,0.109375,0.04981479048728943,0.1044921875,0.05781250074505806,mix_SI_UT_0_1335,0
-1.2140731811523438,-0.0012323289411142468,0.06640625,0.03405142202973366,0.05810546875,0.04277343675494194,cauldron_ln_18881,1
-1.3698363304138184,-0.0007895192829892039,0.078125,0.030734704807400703,0.0598958358168602,0.0375279039144516,mix_SI_UT_0_1027,0
-1.4671064615249634,-0.005934375803917646,0.1875,0.0515560656785965,0.08515625447034836,0.0475725457072258,mix_UI_ST_0_1342,0
-2.1084303855895996,-0.0036722819786518812,0.041015625,0.02393893525004387,0.0361328125,0.0234375,cauldron_ln_12302,0
-1.1566680669784546,0.003500728402286768,0.09375,0.03102976642549038,0.07460937649011612,0.0472237728536129,cauldron_ln_16764,1
-1.0803141593933105,0.005237001460045576,0.109375,0.038125623017549515,0.0911458358168602,0.052734375,cauldron_ln_7230,1
-1.0670024156570435,-0.0029584099538624287,0.05078125,0.03402078524231911,0.0462239608168602,0.035888671875,cauldron_ln_13160,0
-1.4807541370391846,-0.0013102213852107525,0.0859375,0.04015735164284706,0.0706380233168602,0.04563210532069206,cauldron_ln_1508,1
-1.229725956916809,0.007059733383357525,0.171875,0.04175272956490517,0.1103515625,0.061434660106897354,cauldron_ln_541,0
-1.3812730312347412,0.008411549031734467,0.0625,0.024681098759174347,0.0576171875,0.0406901054084301,mix_SI_UT_0_215,0
-1.4654905796051025,0.0037053748965263367,0.09375,0.032958198338747025,0.0680803582072258,0.04872532933950424,cauldron_ln_19006,0
-1.7657217979431152,0.01514513697475195,0.109375,0.04372992739081383,0.10546875,0.0753348246216774,mix_UI_ST_0_569,0
-2.1646974086761475,-0.006972332019358873,0.09375,0.048584889620542526,0.080078125,0.0445963554084301,mix_UI_ST_0_1481,0
-1.299346923828125,0.0054462142288684845,0.046875,0.024301372468471527,0.046875,0.0361328125,cauldron_ln_17162,0
-1.4441533088684082,0.0047702789306640625,0.125,0.04575695842504501,0.103515625,0.060546875,mix_SI_UT_0_1349,0
-2.179736614227295,0.0036028181202709675,0.125,0.036931321024894714,0.0719866082072258,0.04572610184550285,mix_UI_ST_0_525,0
-1.4851582050323486,0.0001857591705629602,0.1015625,0.03830379620194435,0.0712890625,0.04758523032069206,cauldron_ln_1667,0
-3.7703940868377686,-0.019717568531632423,0.0859375,0.0745231956243515,0.0859375,0.0693359375,mix_SI_UT_0_167,0
-1.2824392318725586,-0.0032477746717631817,0.0625,0.02464127726852894,0.03544921800494194,0.021371696144342422,cauldron_ln_25417,1
-2.319404125213623,0.008266742341220379,0.15625,0.043255411088466644,0.09062500298023224,0.06084735691547394,mix_SI_UT_0_697,0
-1.5093919038772583,0.00758870504796505,0.09375,0.039242979139089584,0.0833333358168602,0.0625,mix_SI_UT_0_1487,0
-1.451920747756958,-0.0037464816123247147,0.1015625,0.045839086174964905,0.0911458358168602,0.04888916015625,mix_UI_ST_0_588,0
-2.280299663543701,-0.015682298690080643,0.0390625,0.03427645564079285,0.035400390625,0.0226847343146801,cauldron_ln_2753,0
-1.713975191116333,0.010308627039194107,0.07421875,0.034031663089990616,0.068359375,0.0524553582072258,cauldron_ln_19526,0
-1.3858503103256226,-0.0022040472831577063,0.08984375,0.03814300522208214,0.06406249850988388,0.03958834335207939,cauldron_ln_13446,0
-2.8043441772460938,0.01432001031935215,0.125,0.0642058327794075,0.1171875,0.09062500298023224,mix_UI_ST_0_114,0
-2.094977617263794,0.009611242450773716,0.1015625,0.03282841295003891,0.0859375,0.05694580078125,mix_UI_ST_0_475,0
-1.1710869073867798,0.0037081970367580652,0.09375,0.039937395602464676,0.0830078125,0.0538736991584301,mix_SI_UT_0_1449,0
-1.896997332572937,-0.0111381895840168,0.0546875,0.03153066709637642,0.037109375,0.02055664174258709,cauldron_ln_18953,0
-1.1770148277282715,-0.003119973698630929,0.09375,0.030150149017572403,0.0625,0.03302001953125,cauldron_ln_14352,0
-1.8903886079788208,0.004382697865366936,0.171875,0.03829335421323776,0.0846354141831398,0.0537516288459301,mix_UI_ST_0_888,0
-1.8734855651855469,0.00040830415673553944,0.09375,0.03197909891605377,0.0771484375,0.0414341539144516,mix_UI_ST_0_922,0
-2.0072758197784424,0.0006031101220287383,0.12890625,0.04173943027853966,0.08828125149011612,0.0561523474752903,cauldron_ln_1953,0
-1.0687739849090576,0.016432542353868484,0.0859375,0.029813461005687714,0.078125,0.0563151054084301,mix_SI_UT_0_1363,0
-1.4721614122390747,-0.005573272705078125,0.09375,0.03831985220313072,0.0646158903837204,0.038818359375,cauldron_ln_24843,0
-1.1601812839508057,-0.011282256804406643,0.10546875,0.03682255744934082,0.0716145858168602,0.02899932861328125,mix_SI_UT_0_800,0
-2.293375253677368,-0.02882893942296505,0.029296875,0.05142955482006073,0.029296875,0.01497395895421505,cauldron_ln_21033,0
-1.342576265335083,0.00564371794462204,0.08203125,0.03383536636829376,0.0716145858168602,0.0496651791036129,cauldron_ln_4291,0
-1.243431806564331,0.009914821945130825,0.06640625,0.029607955366373062,0.06640625,0.052734375,cauldron_ln_26288,1
-1.3884320259094238,-0.010729980655014515,0.05078125,0.03173140808939934,0.0458984375,0.02675781212747097,cauldron_ln_26744,1
-2.5335631370544434,-0.009444387629628181,0.09375,0.07101576775312424,0.0729166716337204,0.0490451380610466,mix_SI_UT_0_557,0
-1.6436500549316406,-0.0078125,0.078125,0.037424586713314056,0.0592447929084301,0.0437282994389534,mix_UI_ST_0_352,0
-1.1400089263916016,-0.0025702582206577063,0.1015625,0.04014432057738304,0.07421875,0.04818960651755333,cauldron_ln_9094,0
-1.243533730506897,0.007283765356987715,0.25,0.04504336789250374,0.095703125,0.05605468899011612,mix_SI_UT_0_1028,0
-1.3159794807434082,0.008761935867369175,0.10546875,0.03668343648314476,0.09765625,0.0590277798473835,mix_UI_ST_0_141,0
-1.7731420993804932,0.0008138020639307797,0.109375,0.04861367121338844,0.08828125149011612,0.0585937537252903,mix_UI_ST_0_652,0
-1.4467549324035645,0.0070218173786997795,0.109375,0.03782765194773674,0.08984375,0.05619673430919647,mix_SI_UT_0_1301,0
-1.9008078575134277,-0.003035112051293254,0.078125,0.03916659951210022,0.07421875,0.04740767180919647,cauldron_ln_25116,0
-1.482179880142212,-0.005894252564758062,0.078125,0.04458137974143028,0.06875000149011612,0.0477818101644516,mix_SI_UT_0_1075,0
-0.8677778840065002,0.0011705671204254031,0.07421875,0.023330366238951683,0.068359375,0.02957589365541935,mix_SI_UT_0_1364,0
-1.847273826599121,0.002148858504369855,0.15625,0.03884623199701309,0.08359374850988388,0.0484095998108387,mix_UI_ST_0_1152,0
-1.5368460416793823,0.0024304199032485485,0.1015625,0.03349331021308899,0.0703125,0.0434977225959301,cauldron_ln_27647,1
-1.6429028511047363,0.0035718835424631834,0.1484375,0.05203862488269806,0.1328125,0.078125,mix_UI_ST_0_382,0
-1.6371729373931885,0.004447318613529205,0.07421875,0.03216084465384483,0.0638020858168602,0.0453559048473835,mix_UI_ST_0_1009,0
-1.0427637100219727,-0.011010742746293545,0.0390625,0.04600092023611069,0.0390625,0.02864583395421505,cauldron_ln_26876,1
-1.791088581085205,0.010001889429986477,0.09375,0.03985341638326645,0.08984375,0.0666852742433548,mix_SI_UT_0_1179,0
-1.789427638053894,0.0071868896484375,0.1796875,0.0408058688044548,0.09765625,0.0543212890625,cauldron_ln_21049,1
-1.1496706008911133,-0.002477185567840934,0.0546875,0.02845223993062973,0.048828125,0.02845982275903225,cauldron_ln_14354,1
-1.116194725036621,0.001996208680793643,0.1015625,0.0237224530428648,0.05078125,0.031982421875,cauldron_ln_18195,1
-1.3546710014343262,0.001360047608613968,0.12890625,0.03845272213220596,0.07851562649011612,0.04864032566547394,mix_UI_ST_0_442,0
-1.7445356845855713,-0.004451497457921505,0.09375,0.04517989978194237,0.0807291716337204,0.0538504496216774,cauldron_ln_29358,0
-1.1138137578964233,0.011092336848378181,0.0546875,0.023813411593437195,0.0546875,0.0439453125,cauldron_ln_25196,1
-3.0922298431396484,0.002133576897904277,0.125,0.041081752628088,0.0849609375,0.051669035106897354,mix_UI_ST_0_744,0
-1.492692470550537,-0.002376062795519829,0.10546875,0.038064826279878616,0.07275390625,0.0446893610060215,mix_UI_ST_0_642,0
-2.0897436141967773,0.005261012353003025,0.15625,0.04395485296845436,0.0908203125,0.0591982901096344,mix_UI_ST_0_1399,0
-2.8244831562042236,0.011632583104074001,0.08984375,0.03866690769791603,0.08984375,0.06640625,cauldron_ln_20333,1
-1.6349937915802002,-0.01409179624170065,0.0703125,0.038997817784547806,0.05078125,0.02880859375,mix_SI_UT_0_1037,0
-1.5498343706130981,-0.0056374287232756615,0.1484375,0.05315804108977318,0.09648437798023224,0.054424580186605453,cauldron_ln_21942,0
-0.9124465584754944,0.004329728428274393,0.1640625,0.03375837579369545,0.076171875,0.0478515625,mix_UI_ST_0_959,0
-1.3908827304840088,-0.005141314584761858,0.046875,0.03199365735054016,0.046875,0.028076171875,mix_UI_ST_0_388,0
-1.4157568216323853,0.0003166918468195945,0.109375,0.0455225445330143,0.07343750447034836,0.05618990585207939,mix_SI_UT_0_1123,0
-1.1582651138305664,0.0050750006921589375,0.2109375,0.043045055121183395,0.0943603515625,0.0556989423930645,mix_UI_ST_0_980,0
-1.0771211385726929,0.0034137105103582144,0.09765625,0.03282514214515686,0.0673828125,0.04462890699505806,mix_UI_ST_0_1030,0
-1.4124393463134766,-0.010726929642260075,0.0859375,0.037561435252428055,0.0546875,0.0345284603536129,cauldron_ln_8047,0
-1.4480293989181519,0.003818088211119175,0.09375,0.039991531521081924,0.08203125,0.0555555559694767,cauldron_ln_399,1
-1.672850251197815,-0.0031722220592200756,0.0625,0.0294449795037508,0.0625,0.032470703125,cauldron_ln_5659,1
-1.516235589981079,-0.00652204267680645,0.09375,0.049957502633333206,0.083984375,0.0479910746216774,mix_SI_UT_0_1023,0
-1.3429112434387207,0.006438891403377056,0.21875,0.03880840539932251,0.0989583358168602,0.051513671875,cauldron_ln_1842,0
-1.3887327909469604,-0.002059072954580188,0.12109375,0.03816462680697441,0.0859375,0.04672476276755333,cauldron_ln_16580,1
-1.2658547163009644,0.007476113270968199,0.140625,0.03331955894827843,0.0751953125,0.04865057021379471,mix_UI_ST_0_1347,0
-1.4751290082931519,0.005546755623072386,0.1875,0.05207902193069458,0.115234375,0.06777343899011612,cauldron_ln_11102,0
-1.3414872884750366,-0.009381294250488281,0.078125,0.04956329986453056,0.0533854179084301,0.0286865234375,mix_UI_ST_0_1303,0
-1.5498683452606201,-0.00067138671875,0.125,0.04663977026939392,0.1028645858168602,0.0591362863779068,mix_SI_UT_0_286,0
-2.145397186279297,-0.0061620078049600124,0.0546875,0.03520159795880318,0.052734375,0.0359700545668602,cauldron_ln_1886,1
-1.1063590049743652,0.0058513218536973,0.125,0.04130204766988754,0.0937500074505806,0.0614149309694767,cauldron_ln_7409,0
-2.3430113792419434,-0.01001818384975195,0.11328125,0.04945169389247894,0.099609375,0.0577566996216774,mix_UI_ST_0_823,0
-2.063681125640869,-0.0077311196364462376,0.078125,0.05780107527971268,0.07421875,0.052734375,mix_SI_UT_0_1488,0
-1.774434208869934,0.018140388652682304,0.171875,0.04143565520644188,0.1136067733168602,0.0718994140625,mix_UI_ST_0_1417,0
-1.2453432083129883,0.0015196508029475808,0.140625,0.038235507905483246,0.0849609375,0.043975830078125,cauldron_ln_17093,0
-1.3307173252105713,0.002646183595061302,0.1171875,0.037899598479270935,0.0846354216337204,0.04938821122050285,cauldron_ln_27800,0
-1.7781991958618164,0.00644849706441164,0.078125,0.04034653306007385,0.07421875,0.05898437649011612,cauldron_ln_20401,1
-2.1460695266723633,0.0021464030724018812,0.0625,0.03583863750100136,0.0546875,0.0470920130610466,cauldron_ln_7139,0
-2.628114700317383,-0.0067429319024086,0.0859375,0.05607196316123009,0.0859375,0.06210937723517418,cauldron_ln_3548,0
-1.788205623626709,-0.017547607421875,0.08203125,0.04252733290195465,0.064453125,0.02756347693502903,mix_UI_ST_0_606,0
-1.6842401027679443,0.0035991668701171875,0.21875,0.046378765255212784,0.1025390625,0.0558268241584301,mix_UI_ST_0_1435,0
-1.7357048988342285,0.002804487245157361,0.109375,0.03168622776865959,0.0885416716337204,0.0448133684694767,cauldron_ln_1453,0
-0.9646979570388794,-0.0020330329425632954,0.109375,0.035717036575078964,0.07421875,0.04237767308950424,mix_UI_ST_0_181,0
-1.19956374168396,-0.008821145631372929,0.0625,0.03163360059261322,0.0442708358168602,0.0243191197514534,cauldron_ln_7079,1
-1.769975185394287,-0.00420328788459301,0.125,0.04173169285058975,0.0755208358168602,0.0446428582072258,cauldron_ln_21477,0
-1.535085678100586,-0.00033328408608213067,0.109375,0.05097529664635658,0.0755208358168602,0.0521918423473835,cauldron_ln_8096,0
-1.8336756229400635,-2.7974447220913135e-05,0.125,0.0412009097635746,0.0830078125,0.0460611991584301,mix_SI_UT_0_658,0
-1.1756939888000488,-0.0012915825936943293,0.0615234375,0.03615184500813484,0.0478515625,0.0357142873108387,mix_SI_UT_0_983,0
-1.1645607948303223,0.01116425171494484,0.15625,0.03913222998380661,0.099609375,0.06505408883094788,mix_SI_UT_0_933,0
-1.7197381258010864,-0.011396692134439945,0.060546875,0.03854408487677574,0.03857421875,0.024758080020546913,cauldron_ln_1901,0
-1.2851771116256714,0.00020472209143918008,0.125,0.040904976427555084,0.1025390625,0.0484212264418602,cauldron_ln_15777,1
-1.1510062217712402,-0.008165935985744,0.1328125,0.045450109988451004,0.088134765625,0.044189453125,mix_SI_UT_0_333,0
-1.3691695928573608,0.005827251356095076,0.125,0.037943486124277115,0.0785590261220932,0.056258492171764374,cauldron_ln_9250,0
-1.309645652770996,0.011974516324698925,0.08984375,0.02838406153023243,0.0859375,0.05156249925494194,cauldron_ln_21693,0
-1.4519431591033936,-0.006504604127258062,0.08984375,0.04214794561266899,0.068359375,0.04414062574505806,mix_SI_UT_0_1205,0
-1.6445255279541016,0.0057237413711845875,0.125,0.05147061124444008,0.1119791716337204,0.0785590261220932,mix_UI_ST_0_1458,0
-2.375577688217163,-0.012292481027543545,0.1875,0.05967826396226883,0.1005859375,0.06103515625,mix_UI_ST_0_515,0
-1.6235227584838867,0.0027587891090661287,0.0625,0.029154015704989433,0.060546875,0.04414062574505806,cauldron_ln_26561,1
-1.5211496353149414,-0.0070209503173828125,0.08203125,0.04045183211565018,0.0611979179084301,0.040283203125,cauldron_ln_8029,0
-1.5531164407730103,-0.004355468787252903,0.109375,0.03688676655292511,0.078125,0.0389811210334301,cauldron_ln_9957,1
-1.955320119857788,0.014306641183793545,0.109375,0.03531764820218086,0.109375,0.0638020858168602,mix_UI_ST_0_1311,0
-1.0987746715545654,-0.007954048924148083,0.0625,0.03463654965162277,0.04638671875,0.02880859375,cauldron_ln_15336,1
-1.6364375352859497,-0.006187887862324715,0.0546875,0.03392570838332176,0.0501302108168602,0.0328369140625,cauldron_ln_26327,1
-1.7547757625579834,-0.0035182407591491938,0.078125,0.03734537959098816,0.05029296875,0.0361328125,mix_UI_ST_0_815,0
-1.2485299110412598,0.012785258702933788,0.125,0.04320093244314194,0.125,0.0869140625,cauldron_ln_11743,1
-1.8657734394073486,0.014199533499777317,0.1875,0.05874194949865341,0.140625,0.1010044664144516,cauldron_ln_18742,1
-0.9493066072463989,0.0005069855833426118,0.10546875,0.03441990911960602,0.078125,0.0417480506002903,cauldron_ln_23912,1
-1.2830016613006592,-0.00917620025575161,0.07421875,0.03764549642801285,0.052734375,0.032470703125,cauldron_ln_20203,1
-1.3396532535552979,-0.0036121716257184744,0.078125,0.033325254917144775,0.0677083358168602,0.035675048828125,cauldron_ln_19389,0
-1.334076166152954,0.0016326904296875,0.078125,0.031933076679706573,0.0538504496216774,0.0380859375,mix_UI_ST_0_140,0
-1.3443617820739746,0.0005642030155286193,0.09375,0.03335844725370407,0.068359375,0.04414062574505806,cauldron_ln_13694,0
-0.948664128780365,-0.006902521476149559,0.0546875,0.0309012308716774,0.0345052108168602,0.01873779296875,cauldron_ln_1693,1
-2.498624086380005,-0.009266411885619164,0.15625,0.04646965116262436,0.07421875,0.042999267578125,mix_UI_ST_0_1183,0
-1.2300938367843628,-0.005443866364657879,0.07421875,0.04569094628095627,0.0716145858168602,0.04736328125,mix_UI_ST_0_340,0
-1.4665117263793945,-0.0065104165114462376,0.0546875,0.03585023805499077,0.05078125,0.0381944440305233,mix_SI_UT_0_1297,0
-1.7600761651992798,-0.006906443741172552,0.0625,0.0322713665664196,0.04570312425494194,0.0297154039144516,mix_SI_UT_0_723,0
-2.1226634979248047,-0.0038953993935137987,0.087890625,0.04480767995119095,0.06298828125,0.04296875,cauldron_ln_14582,0
-3.5165443420410156,0.013085938058793545,0.1171875,0.044576629996299744,0.1171875,0.07421875,cauldron_ln_23779,1
-1.7702343463897705,0.00401177816092968,0.125,0.0404258593916893,0.08203125,0.058819111436605453,mix_SI_UT_0_39,0
-1.6476452350616455,0.0060088057070970535,0.15625,0.04611732438206673,0.15234375,0.0618024580180645,mix_SI_UT_0_175,0
-1.6282355785369873,0.0026730906683951616,0.078125,0.033617373555898666,0.068359375,0.04638671875,cauldron_ln_8723,1
-1.649503469467163,-0.0055398824624717236,0.10546875,0.03730075806379318,0.050048828125,0.0311279296875,cauldron_ln_10567,1
-1.4619362354278564,0.004524818155914545,0.0703125,0.033187441527843475,0.0625,0.0501302108168602,cauldron_ln_21992,1
-1.2596170902252197,-0.00344327581115067,0.125,0.03535265102982521,0.062255859375,0.03720703348517418,cauldron_ln_26107,1
-1.1741137504577637,0.004326714668422937,0.109375,0.031142549589276314,0.0738932341337204,0.0457356795668602,cauldron_ln_13189,0
-1.4941123723983765,-0.00610148161649704,0.1015625,0.032410651445388794,0.05322265625,0.02753906324505806,mix_UI_ST_0_677,0
-1.6154899597167969,0.006305949296802282,0.109375,0.03654380142688751,0.0833333358168602,0.0588727705180645,cauldron_ln_28758,1
-1.534112572669983,-0.004981301259249449,0.12109375,0.03933168575167656,0.07177734375,0.0439453125,cauldron_ln_24287,1
-1.8260475397109985,-0.00513458251953125,0.1640625,0.05314642935991287,0.1041666716337204,0.056060791015625,cauldron_ln_25596,0
-3.0682411193847656,0.0010052849538624287,0.21875,0.057568978518247604,0.1419270932674408,0.068023681640625,cauldron_ln_1820,1
-1.2216256856918335,0.003949333447962999,0.12890625,0.03077230043709278,0.07421875,0.03986672684550285,cauldron_ln_22437,1
-1.5984077453613281,-0.006747436709702015,0.09375,0.04554801806807518,0.06396484375,0.041748046875,mix_UI_ST_0_961,0
-1.1720645427703857,0.009984633885324001,0.1875,0.03852274641394615,0.10546875,0.05511474609375,cauldron_ln_25888,1
-1.5024042129516602,-0.011712647043168545,0.05859375,0.05006428435444832,0.041015625,0.02675781212747097,cauldron_ln_26693,1
-0.9631990790367126,-0.00015759823145344853,0.09375,0.031779587268829346,0.068359375,0.0406951904296875,mix_UI_ST_0_490,0
-1.483177661895752,-0.008407100103795528,0.0546875,0.03457265719771385,0.0442708358168602,0.0285295769572258,cauldron_ln_15399,1
-1.6354477405548096,-0.005098783411085606,0.07421875,0.030225321650505066,0.048828125,0.02880859561264515,cauldron_ln_26453,0
-1.4245362281799316,0.0030761719681322575,0.0625,0.03189079463481903,0.0517578125,0.04062500223517418,cauldron_ln_13852,1
-1.262969732284546,-0.002024683402851224,0.0625,0.04028116166591644,0.0625,0.0369698666036129,cauldron_ln_29020,1
-1.9027284383773804,-0.0008900035172700882,0.171875,0.04649299010634422,0.1015625,0.057241588830947876,cauldron_ln_12646,1
-1.6867244243621826,0.012537417002022266,0.1328125,0.04945981502532959,0.111328125,0.07848011702299118,cauldron_ln_13200,0
-1.4714025259017944,-0.0026999081019312143,0.234375,0.04475441202521324,0.087890625,0.04021139815449715,mix_UI_ST_0_290,0
-1.3080518245697021,-0.0021644006483256817,0.0625,0.02599325217306614,0.046875,0.0263671875,cauldron_ln_25412,0
-1.2436221837997437,2.200104427174665e-05,0.09375,0.037712305784225464,0.076171875,0.04244384914636612,mix_SI_UT_0_1463,0
-1.6730835437774658,0.0021654211450368166,0.046875,0.02832483872771263,0.044921875,0.0390625,cauldron_ln_7546,1
-1.4511101245880127,6.781684078305261e-06,0.109375,0.03802670165896416,0.0680803582072258,0.0450303815305233,mix_SI_UT_0_1156,0
-1.259795069694519,-0.0008398437057621777,0.0546875,0.029331956058740616,0.0498046875,0.0349934920668602,mix_UI_ST_0_1037,0
-1.4496350288391113,0.0024363200645893812,0.171875,0.044291768223047256,0.099609375,0.05478515848517418,mix_UI_ST_0_884,0
-1.353625774383545,-6.321498949546367e-05,0.1328125,0.03779041767120361,0.09765625,0.0399169921875,cauldron_ln_28070,0
-1.3149962425231934,-0.0034395542461425066,0.125,0.04120655357837677,0.0762939453125,0.04665527492761612,cauldron_ln_23617,1
-1.9585235118865967,0.006893382407724857,0.09375,0.0372656024992466,0.09375,0.05517578125,cauldron_ln_17058,1
-1.1824524402618408,-0.013323103077709675,0.03125,0.032884784042835236,0.03125,0.0234375,cauldron_ln_19420,1
-1.3864870071411133,-0.008183232508599758,0.09375,0.03424624726176262,0.076171875,0.0358072929084301,mix_UI_ST_0_1057,0
-1.6559326648712158,-0.0064331055618822575,0.05078125,0.03124310076236725,0.041015625,0.02851562574505806,mix_UI_ST_0_1038,0
-1.1035022735595703,-0.00503407372161746,0.109375,0.041545841842889786,0.083984375,0.04794922098517418,cauldron_ln_21205,0
-1.2619292736053467,-7.812499825377017e-05,0.046875,0.027864735573530197,0.046875,0.0309244804084301,cauldron_ln_27529,0
-1.6930052042007446,-0.0005303744692355394,0.0546875,0.035679157823324203,0.05078125,0.0404575914144516,cauldron_ln_6357,1
-1.8312090635299683,0.016956329345703125,0.1796875,0.0531117208302021,0.1380208432674408,0.086181640625,mix_UI_ST_0_1406,0
-1.0227584838867188,-0.004240337293595076,0.078125,0.0418851375579834,0.078125,0.041015625,mix_SI_UT_0_703,0
-1.3523073196411133,0.0191824771463871,0.109375,0.0373900830745697,0.09765625,0.07187499850988388,cauldron_ln_28635,0
-1.971945881843567,-0.001317438087426126,0.1640625,0.04908042401075363,0.099609375,0.057842548936605453,cauldron_ln_1605,1
-1.5252151489257812,0.014877929352223873,0.09375,0.044071219861507416,0.09375,0.0755208358168602,mix_UI_ST_0_1074,0
-1.5402315855026245,0.0005750868003815413,0.09375,0.03449348732829094,0.0681423619389534,0.044278234243392944,mix_SI_UT_0_990,0
-1.5887658596038818,0.0052134194411337376,0.1640625,0.042058978229761124,0.1041666716337204,0.0563151054084301,cauldron_ln_11251,0
-1.6494965553283691,0.012279934249818325,0.15625,0.041275378316640854,0.10468750447034836,0.06610576808452606,cauldron_ln_15049,1
-1.2154619693756104,-0.005118992179632187,0.09765625,0.03816469386219978,0.0703125,0.04296875,cauldron_ln_15337,0
-1.9990650415420532,-0.0017934946808964014,0.09375,0.043139584362506866,0.078125,0.0553385429084301,mix_SI_UT_0_163,0
-1.390427589416504,0.002169740153476596,0.083984375,0.029100190848112106,0.05546874925494194,0.0372721366584301,mix_SI_UT_0_56,0
-1.7892100811004639,-0.006937663070857525,0.064453125,0.029703756794333458,0.0364583358168602,0.0235072560608387,mix_SI_UT_0_1275,0
-1.492571473121643,-0.005092620849609375,0.0625,0.024087870493531227,0.0325520858168602,0.020965576171875,mix_UI_ST_0_756,0
-1.0214483737945557,0.0008484640275128186,0.130859375,0.03967926651239395,0.089599609375,0.04295654222369194,mix_UI_ST_0_871,0
-1.5931037664413452,0.00189208984375,0.05078125,0.026573296636343002,0.048828125,0.03271484375,cauldron_ln_16208,0
-0.9901964068412781,-0.0004340277810115367,0.078125,0.03126995265483856,0.06640625,0.0397135429084301,cauldron_ln_22634,1
-1.1618056297302246,0.001251220703125,0.10546875,0.04155944660305977,0.08046875149011612,0.0499093197286129,mix_UI_ST_0_940,0
-0.9477034211158752,0.0025634765625,0.08203125,0.03311420604586601,0.08203125,0.0430908203125,mix_UI_ST_0_1053,0
-1.5793753862380981,-0.0021864946465939283,0.03125,0.02028541825711727,0.02473958395421505,0.01922607421875,cauldron_ln_8778,0
-1.45367431640625,0.0030892507638782263,0.0859375,0.032632406800985336,0.07421875,0.0435791015625,cauldron_ln_11534,1
-1.0724579095840454,-0.0005602155579254031,0.0390625,0.02514313906431198,0.0390625,0.029296875,cauldron_ln_12734,0
-2.0795979499816895,0.00018310546875,0.1796875,0.04967829957604408,0.0970052108168602,0.0565185546875,mix_SI_UT_0_992,0
-1.4949727058410645,-0.0022169139701873064,0.0625,0.03001062572002411,0.0481305830180645,0.0315483957529068,cauldron_ln_29529,0
-2.012094020843506,-0.0030393016058951616,0.109375,0.03882814198732376,0.0615234375,0.0396321639418602,mix_SI_UT_0_63,0
-1.967590093612671,-0.0048653739504516125,0.0859375,0.05333883687853813,0.08203125,0.04892578348517418,mix_SI_UT_0_94,0
-1.0916476249694824,0.009524771012365818,0.1171875,0.037290968000888824,0.0859375,0.058837890625,mix_SI_UT_0_318,0
-1.856945276260376,0.010917797684669495,0.140625,0.041602566838264465,0.10390625149011612,0.06640625,mix_SI_UT_0_1323,0
-1.5769259929656982,0.0038752902764827013,0.078125,0.03172006458044052,0.0677083358168602,0.04762178286910057,mix_UI_ST_0_1032,0
-1.4844920635223389,-0.010959201492369175,0.02734375,0.02317890152335167,0.02734375,0.0126953125,mix_UI_ST_0_103,0
-1.4454948902130127,0.008948974311351776,0.09375,0.03936628997325897,0.087890625,0.0625,cauldron_ln_15658,0
-2.328261375427246,-0.005198451690375805,0.15625,0.04390392825007439,0.0703125,0.04342830926179886,cauldron_ln_25143,1
-1.6637260913848877,-0.006200617179274559,0.1015625,0.04034583270549774,0.08203125,0.03720703348517418,cauldron_ln_23412,1
-2.317253828048706,-0.012033769860863686,0.05859375,0.03864555060863495,0.04296875,0.0308314748108387,cauldron_ln_23076,0
-1.7624292373657227,0.0034281413536518812,0.0859375,0.0490569993853569,0.083984375,0.0589192733168602,mix_SI_UT_0_750,0
-1.4195280075073242,0.0005079699913039804,0.140625,0.04326169192790985,0.0833333358168602,0.0530133955180645,cauldron_ln_22784,1
-0.8953134417533875,-0.008712105453014374,0.025390625,0.022116774693131447,0.0205078125,0.01267089881002903,cauldron_ln_681,0
-1.9360640048980713,-0.005246763117611408,0.07421875,0.032919757068157196,0.05703125149011612,0.03568209335207939,mix_UI_ST_0_1316,0
-1.9718148708343506,-0.003370805410668254,0.140625,0.045939598232507706,0.0989583358168602,0.05267333984375,cauldron_ln_20708,0
-1.6680843830108643,0.0052805254235863686,0.15625,0.04565690830349922,0.1015625,0.067940853536129,cauldron_ln_26046,0
-1.2723771333694458,-0.0008416944765485823,0.125,0.03451107069849968,0.0774739608168602,0.03904622420668602,mix_UI_ST_0_797,0
-2.3552470207214355,-0.004805882927030325,0.12109375,0.05380335822701454,0.0869140625,0.052001953125,cauldron_ln_16633,1
-2.2719430923461914,0.00465531786903739,0.1328125,0.04324578493833542,0.103515625,0.06569602340459824,mix_UI_ST_0_890,0
-1.157808780670166,-0.000762939453125,0.140625,0.04660706967115402,0.10546875,0.0414021834731102,cauldron_ln_12054,1
-1.44810152053833,-0.00755774462595582,0.0546875,0.03862079232931137,0.04296875,0.03105468861758709,mix_SI_UT_0_347,0
-2.435659170150757,0.006506878416985273,0.140625,0.04964568093419075,0.125,0.07968749850988388,mix_UI_ST_0_1376,0
-2.5657355785369873,0.0010928199626505375,0.125,0.04820918291807175,0.0966796875,0.0634765625,cauldron_ln_27887,0
-1.158314824104309,0.0032308828085660934,0.125,0.033994160592556,0.0712890625,0.04172585532069206,mix_SI_UT_0_1176,0
-1.3095428943634033,-0.0022900390904396772,0.0625,0.038029007613658905,0.05781250074505806,0.04150390625,mix_SI_UT_0_709,0
-1.5797584056854248,0.007720947265625,0.078125,0.02729438990354538,0.0625,0.04619140550494194,mix_UI_ST_0_1305,0
-1.538849949836731,0.00146484375,0.0625,0.03255012631416321,0.05859375,0.04296875,mix_SI_UT_0_1196,0
-1.4570050239562988,-0.002161799231544137,0.11328125,0.040256574749946594,0.0611049123108387,0.0437825508415699,mix_SI_UT_0_66,0
-1.527415156364441,0.0026308256201446056,0.1796875,0.04796865954995155,0.10302734375,0.058128722012043,cauldron_ln_27824,0
-1.5413076877593994,0.012810872867703438,0.25,0.05003868415951729,0.1205357164144516,0.0769314244389534,mix_SI_UT_0_820,0
-1.967529058456421,0.005552230402827263,0.0859375,0.0391131266951561,0.0729166716337204,0.0598493330180645,mix_UI_ST_0_1215,0
-1.1750128269195557,-0.007207342889159918,0.109375,0.033452387899160385,0.064453125,0.032626066356897354,mix_UI_ST_0_587,0
-2.428443431854248,-0.0211029052734375,0.015625,0.03301553800702095,0.015625,0.00885009765625,mix_UI_ST_0_119,0
-0.9469443559646606,-0.0003731467586476356,0.07421875,0.0234454907476902,0.0439453125,0.02618963085114956,cauldron_ln_25070,1
-1.4968311786651611,0.0001502403902122751,0.068359375,0.04219391569495201,0.068359375,0.0426432304084301,cauldron_ln_189,1
-1.8714449405670166,-0.007140215951949358,0.15625,0.04752406105399132,0.1067708358168602,0.04766082763671875,mix_SI_UT_0_506,0
-2.306218147277832,-0.003184678964316845,0.09375,0.04236135631799698,0.07421875,0.050692472606897354,cauldron_ln_1839,1
-2.178271770477295,-0.01566292531788349,0.109375,0.044318631291389465,0.05312500149011612,0.030781248584389687,mix_UI_ST_0_1448,0
-3.5676791667938232,0.0063219573348760605,0.171875,0.06069053336977959,0.171875,0.09130859375,mix_SI_UT_0_1287,0
-1.6592071056365967,0.006112235132604837,0.09375,0.04262050613760948,0.09375,0.05859375,mix_SI_UT_0_1171,0
-1.1066908836364746,-0.006123134400695562,0.0703125,0.030593406409025192,0.04335937649011612,0.02689034678041935,cauldron_ln_3664,0
-1.8434526920318604,-0.005596626084297895,0.07421875,0.035040270537137985,0.0576171875,0.03798828274011612,cauldron_ln_466,1
-1.3105847835540771,-0.0021142293699085712,0.0703125,0.03868100047111511,0.056640625,0.0389229916036129,mix_UI_ST_0_1117,0
-1.3131604194641113,0.006356459576636553,0.15625,0.04140336811542511,0.091796875,0.057391829788684845,mix_SI_UT_0_1162,0
-1.4345015287399292,0.005194248165935278,0.07421875,0.029620101675391197,0.0651041716337204,0.0462239570915699,mix_SI_UT_0_647,0
-2.0065107345581055,0.002916608704254031,0.15625,0.050097882747650146,0.1048177108168602,0.06875000149011612,cauldron_ln_25626,0
-1.6092517375946045,0.0008018756634555757,0.125,0.045750703662633896,0.08984375,0.0597098246216774,cauldron_ln_19813,0
-1.1998075246810913,-0.007675481960177422,0.09375,0.033038873225450516,0.06201171875,0.0293528251349926,mix_UI_ST_0_536,0
-2.0942745208740234,0.0006730363238602877,0.06640625,0.03823070600628853,0.0559895858168602,0.0453559048473835,cauldron_ln_22744,1
-1.5762736797332764,-0.0021020921412855387,0.140625,0.04384811595082283,0.08828125149011612,0.0479736365377903,cauldron_ln_14168,1
-1.9525907039642334,-0.0018510661320760846,0.1875,0.053265444934368134,0.0970052108168602,0.06354167312383652,mix_SI_UT_0_90,0
-1.848082423210144,-0.009293620474636555,0.09375,0.045665495097637177,0.0677083358168602,0.04414062574505806,mix_SI_UT_0_398,0
-1.23634672164917,-0.0011230468517169356,0.1171875,0.040252648293972015,0.0885416716337204,0.0450439453125,mix_UI_ST_0_20,0
-2.0359835624694824,-0.003636853536590934,0.0625,0.02886900119483471,0.0625,0.0320870541036129,mix_SI_UT_0_510,0
-1.9288631677627563,-0.004262495785951614,0.07421875,0.034121327102184296,0.0576171875,0.0381673201918602,cauldron_ln_29811,1
-1.611844778060913,0.0006315811770036817,0.140625,0.039672207087278366,0.09375,0.050248581916093826,mix_SI_UT_0_1034,0
-2.4621877670288086,-0.008392333984375,0.1171875,0.0404285192489624,0.05527343973517418,0.0381673201918602,cauldron_ln_22109,1
-1.6551520824432373,0.014991173520684242,0.1015625,0.03688613697886467,0.08515625447034836,0.06467849016189575,mix_SI_UT_0_605,0
-1.5081268548965454,-0.002676075790077448,0.07421875,0.03868824616074562,0.05976562574505806,0.0359235517680645,mix_UI_ST_0_400,0
-1.7790824174880981,0.01483154296875,0.140625,0.040255509316921234,0.1067708358168602,0.07470703125,mix_UI_ST_0_1313,0
-1.337222933769226,-0.0023388671688735485,0.08203125,0.03325723484158516,0.05898437649011612,0.0385335311293602,cauldron_ln_9824,0
-1.9929912090301514,-0.0096726194024086,0.078125,0.050009775906801224,0.068359375,0.04355468973517418,mix_UI_ST_0_65,0
-1.1437609195709229,-0.0035865420941263437,0.08203125,0.03616950660943985,0.0703125,0.04135742411017418,cauldron_ln_7789,0
-1.0968034267425537,0.00988540705293417,0.171875,0.042428504675626755,0.10302734375,0.0643310546875,mix_UI_ST_0_618,0
-1.2910408973693848,0.00526384636759758,0.125,0.03672095388174057,0.0859375074505806,0.05003446713089943,mix_UI_ST_0_1022,0
-1.3267124891281128,-0.007686220109462738,0.0703125,0.04002559185028076,0.0625,0.0365513414144516,cauldron_ln_220,1
-1.0154355764389038,0.003979492466896772,0.0859375,0.03363029658794403,0.0690104216337204,0.0449218787252903,mix_UI_ST_0_935,0
-1.1282854080200195,0.015142104588449001,0.3671875,0.06706533581018448,0.1770833432674408,0.0810546875,mix_SI_UT_0_1060,0
-1.3532745838165283,0.0025988593697547913,0.15625,0.04258454591035843,0.0970052108168602,0.05003446713089943,mix_UI_ST_0_1499,0
-1.6830945014953613,-0.01053292490541935,0.125,0.04626547545194626,0.0869140625,0.0404575914144516,cauldron_ln_23053,1
-1.9349743127822876,-0.0027609432581812143,0.05859375,0.039276015013456345,0.05859375,0.041015625,cauldron_ln_19261,1
-1.3052071332931519,-0.0007233796641230583,0.08203125,0.02525511011481285,0.05234375223517418,0.028207633644342422,mix_SI_UT_0_1201,0
-1.454512119293213,0.004638671875,0.09375,0.02797672525048256,0.0859375,0.0374348983168602,mix_SI_UT_0_677,0
-1.7139137983322144,-0.005657327361404896,0.041015625,0.031763628125190735,0.0400390625,0.0260881707072258,cauldron_ln_2460,0
-2.048506498336792,-0.0053061204962432384,0.0625,0.03110278584063053,0.041015625,0.03001302294433117,cauldron_ln_2851,1
-1.3407952785491943,0.0009007309563457966,0.09375,0.04186030477285385,0.0833333358168602,0.05224609375,mix_UI_ST_0_109,0
-1.1958985328674316,0.001978380838409066,0.07421875,0.03293807804584503,0.06406249850988388,0.0430385060608387,mix_UI_ST_0_1369,0
-1.3310444355010986,-0.0063069663010537624,0.09375,0.03143913298845291,0.048828125,0.03046875074505806,cauldron_ln_7436,0
-2.423034429550171,-0.018789438530802727,0.0625,0.03957551717758179,0.0478515625,0.0277506522834301,mix_UI_ST_0_363,0
-1.1218390464782715,-0.0104217529296875,0.08203125,0.039843324571847916,0.052734375,0.0234781913459301,cauldron_ln_9867,0
-1.6277790069580078,0.002710802713409066,0.06640625,0.028030062094330788,0.056640625,0.0385044664144516,cauldron_ln_7581,0
-1.492569923400879,-0.0014488344313576818,0.0625,0.034566838294267654,0.0559895858168602,0.03561197966337204,mix_UI_ST_0_215,0
-1.4221446514129639,-0.015176706947386265,0.09375,0.041150953620672226,0.078125,0.0319649837911129,mix_SI_UT_0_787,0
-0.924773633480072,-0.0065208435989916325,0.0625,0.026847057044506073,0.035888671875,0.02106933668255806,cauldron_ln_12208,1
-1.6683106422424316,0.0077953338623046875,0.17578125,0.04962597042322159,0.1097005233168602,0.07110595703125,mix_UI_ST_0_727,0
-1.7987761497497559,0.0007478560437448323,0.1171875,0.043500326573848724,0.08642578125,0.0530598983168602,mix_SI_UT_0_1291,0
-1.6772364377975464,-0.0021545409690588713,0.125,0.03474617004394531,0.064453125,0.03830566629767418,cauldron_ln_13820,1
-1.98573637008667,0.0052083334885537624,0.08203125,0.029407499358057976,0.08203125,0.0514322929084301,mix_SI_UT_0_628,0
-2.1881585121154785,-0.0018664944218471646,0.1015625,0.039309751242399216,0.0520833358168602,0.0350864976644516,mix_SI_UT_0_1491,0
-1.7913539409637451,-0.0097503662109375,0.109375,0.03748723492026329,0.052734375,0.026611328125,mix_UI_ST_0_116,0
-1.1802167892456055,-0.003138951025903225,0.03125,0.023488083854317665,0.03125,0.0201822929084301,mix_SI_UT_0_165,0
-2.249795913696289,0.00041586667066439986,0.125,0.04694121703505516,0.09062500298023224,0.0599888414144516,mix_UI_ST_0_310,0
-1.814016342163086,-0.0008096694946289062,0.09375,0.04868797957897186,0.0794270858168602,0.0556640625,mix_SI_UT_0_42,0
-2.899144172668457,-0.0040442426688969135,0.375,0.09160399436950684,0.166015625,0.08371803909540176,cauldron_ln_28167,0
-1.3708443641662598,0.005750501528382301,0.125,0.04171162098646164,0.09765625,0.0571831613779068,cauldron_ln_5590,0
-1.1546907424926758,0.013946533203125,0.1015625,0.03513452783226967,0.1015625,0.06689453125,mix_SI_UT_0_1095,0
-2.977625608444214,0.00456891767680645,0.078125,0.038100358098745346,0.0703125,0.0521763414144516,mix_UI_ST_0_1375,0
-2.0086419582366943,-0.0012504763435572386,0.09375,0.03460133448243141,0.068359375,0.0364990234375,mix_SI_UT_0_227,0
-1.5379905700683594,0.0009867351036518812,0.0400390625,0.023450346663594246,0.03955078125,0.0323893241584301,cauldron_ln_29117,0
-1.8615155220031738,-0.007471257820725441,0.171875,0.04906141757965088,0.09140624850988388,0.04535381868481636,cauldron_ln_23041,0
-2.0412724018096924,-0.004584254696965218,0.15625,0.04653375223278999,0.088134765625,0.04883423075079918,mix_SI_UT_0_1067,0
-1.530306339263916,-0.0023305113427340984,0.078125,0.034516822546720505,0.0591517873108387,0.03762637823820114,mix_SI_UT_0_761,0
-2.0459580421447754,0.005534046329557896,0.1171875,0.0412590317428112,0.08242187649011612,0.056565508246421814,mix_UI_ST_0_638,0
-1.9760538339614868,0.0027901786379516125,0.115234375,0.039749063551425934,0.0797526091337204,0.0563151054084301,cauldron_ln_24789,1
-2.0262680053710938,-0.0001220703125,0.0703125,0.0352637805044651,0.06640625,0.0457356795668602,mix_SI_UT_0_870,0
-2.5357704162597656,-0.0006829339545220137,0.125,0.0514964833855629,0.1002604216337204,0.0679253488779068,cauldron_ln_20312,0
-1.6969664096832275,-0.0020793331786990166,0.1171875,0.044502709060907364,0.09687500447034836,0.0535016767680645,mix_SI_UT_0_1131,0
-1.3522248268127441,0.005301735829561949,0.1171875,0.03972499072551727,0.0882161483168602,0.059051513671875,cauldron_ln_4350,0
-1.6930842399597168,0.009794969111680984,0.109375,0.047335490584373474,0.0859375,0.0638020858168602,mix_UI_ST_0_453,0
-1.0567336082458496,0.0037999306805431843,0.125,0.036931391805410385,0.0755208358168602,0.05345052480697632,cauldron_ln_18573,0
-1.3154332637786865,0.014207320287823677,0.078125,0.03300715237855911,0.078125,0.0625,mix_UI_ST_0_742,0
-1.4393482208251953,-0.006815057247877121,0.078125,0.04519222304224968,0.0716145858168602,0.0431857630610466,cauldron_ln_73,0
-1.5400559902191162,0.0018768311711028218,0.21875,0.048265084624290466,0.09609375149011612,0.0546875037252903,cauldron_ln_17949,0
-1.3518255949020386,-0.015117645263671875,0.02734375,0.02617851085960865,0.02197265625,0.00732421875,mix_SI_UT_0_1020,0
-2.556676149368286,0.004596578422933817,0.1015625,0.03832559660077095,0.07187499850988388,0.0511300228536129,mix_SI_UT_0_640,0
-1.2567849159240723,0.0023566351737827063,0.0546875,0.026526426896452904,0.0494791679084301,0.0368923619389534,cauldron_ln_9063,1
-2.1480202674865723,0.001605987548828125,0.125,0.04561103880405426,0.10546875,0.0613606795668602,cauldron_ln_26231,0
-1.7460825443267822,-0.013133329339325428,0.0859375,0.04485257342457771,0.0611979179084301,0.039306640625,mix_SI_UT_0_297,0
-1.2745423316955566,-0.0051066079176962376,0.0703125,0.03324064239859581,0.0533854179084301,0.0300564244389534,cauldron_ln_21857,0
-1.1019314527511597,-0.010449218563735485,0.046875,0.03420080989599228,0.03564453125,0.0223388671875,mix_UI_ST_0_987,0
-1.2992310523986816,0.004224053584039211,0.1171875,0.03462660312652588,0.07109375298023224,0.0463867224752903,mix_UI_ST_0_1330,0
-1.5023952722549438,0.003285099985077977,0.21875,0.05061431601643562,0.1061197966337204,0.06109619140625,mix_UI_ST_0_1365,0
-2.0449202060699463,0.011422822251915932,0.1640625,0.05201598256826401,0.1276041716337204,0.087890625,mix_UI_ST_0_646,0
-1.1774659156799316,0.0,0.0859375,0.03770329803228378,0.0703125,0.0475260429084301,mix_UI_ST_0_1177,0
-2.51332950592041,0.01791202463209629,0.125,0.042446620762348175,0.10078125447034836,0.0804036483168602,mix_SI_UT_0_466,0
-1.6442878246307373,0.00689595565199852,0.1875,0.043379321694374084,0.1119791716337204,0.05787760764360428,mix_SI_UT_0_1030,0
-1.4841653108596802,0.007845561020076275,0.140625,0.04579908028244972,0.091796875,0.05559896305203438,cauldron_ln_28338,1
-2.2546348571777344,0.012845553457736969,0.25,0.06017491593956947,0.15625,0.0859375,mix_SI_UT_0_191,0
-2.090480327606201,0.001537181669846177,0.125,0.05292174965143204,0.107421875,0.06257512420415878,cauldron_ln_1547,1
-1.3163061141967773,0.0010190217290073633,0.0859375,0.04193750023841858,0.06884765625,0.05078125,cauldron_ln_15587,1
-1.3299612998962402,0.003806060180068016,0.109375,0.03862699866294861,0.08417969197034836,0.05277193710207939,mix_SI_UT_0_1016,0
-2.7082455158233643,-0.009875957854092121,0.0703125,0.03358561545610428,0.0546875,0.037109375,cauldron_ln_4229,1
-1.6380218267440796,-0.009265718050301075,0.0625,0.035320036113262177,0.05029296875,0.03500976786017418,cauldron_ln_4009,1
-1.5441981554031372,-0.007763202767819166,0.07421875,0.035124048590660095,0.05390625074505806,0.028254583477973938,mix_SI_UT_0_1165,0
-1.4985958337783813,0.006753457710146904,0.078125,0.031836073845624924,0.0755208358168602,0.0480685755610466,cauldron_ln_3588,0
-2.206442356109619,-6.103515625e-05,0.078125,0.044113460928201675,0.078125,0.052734375,cauldron_ln_12309,1
-1.4894688129425049,0.010161132551729679,0.109375,0.030732478946447372,0.07578124850988388,0.05419921875,mix_UI_ST_0_518,0
-1.1894135475158691,0.001959580695256591,0.11328125,0.04122366011142731,0.07421875,0.051832932978868484,mix_UI_ST_0_102,0
-1.8622032403945923,8.249282836914062e-05,0.1015625,0.03569846227765083,0.0572916679084301,0.040771484375,cauldron_ln_3114,0
-1.4188356399536133,0.00951163936406374,0.15625,0.03406931832432747,0.078125,0.0507812537252903,mix_UI_ST_0_1455,0
-1.7842611074447632,0.0061509874649345875,0.078125,0.031891100108623505,0.076171875,0.0511067733168602,cauldron_ln_25229,1
-1.0263341665267944,-0.0002515388187021017,0.09375,0.03636898845434189,0.0670572966337204,0.047119140625,cauldron_ln_12277,1
-1.6655874252319336,-0.0061755371280014515,0.0390625,0.032997798174619675,0.0390625,0.02669270895421505,mix_UI_ST_0_191,0
-1.5777018070220947,0.005860272794961929,0.1171875,0.03922440484166145,0.0826822966337204,0.05485983565449715,mix_SI_UT_0_1077,0
-1.7073179483413696,0.0009521484607830644,0.140625,0.042792245745658875,0.0869140625,0.05507812649011612,mix_SI_UT_0_1133,0
-1.646519660949707,-0.0008810292347334325,0.07421875,0.04047534987330437,0.06982421875,0.05292968824505806,cauldron_ln_12525,1
-1.6122710704803467,0.003111547324806452,0.09375,0.04338429123163223,0.0908203125,0.052490234375,cauldron_ln_9428,0
-1.2738022804260254,0.004920753184705973,0.09375,0.03314985707402229,0.07421875,0.0516493059694767,cauldron_ln_12018,0
-1.916656732559204,0.000732421875,0.064453125,0.041946131736040115,0.0634765625,0.048828125,mix_SI_UT_0_1083,0
-1.848860740661621,-2.9246011763461865e-05,0.125,0.03421187773346901,0.0611049123108387,0.0395779088139534,mix_SI_UT_0_982,0
-0.9974401593208313,0.0018280029762536287,0.06640625,0.027042130008339882,0.05322265625,0.03466796875,mix_UI_ST_0_1274,0
-2.936222553253174,-0.005586322862654924,0.109375,0.04656857252120972,0.078125,0.0475260429084301,mix_SI_UT_0_319,0
-1.583653450012207,-0.00511410366743803,0.0625,0.03598527982831001,0.0625,0.0338134765625,cauldron_ln_26536,1
-1.5965814590454102,-0.0022111372090876102,0.09375,0.035852447152137756,0.07568359375,0.04212535545229912,cauldron_ln_28733,1
-1.326164722442627,-0.0028752866201102734,0.0859375,0.03117087110877037,0.064453125,0.03388671949505806,cauldron_ln_6932,0
-1.2525596618652344,0.010675604455173016,0.1015625,0.04154267534613609,0.08984375,0.06875000149011612,cauldron_ln_10508,1
-1.3941915035247803,0.008827903307974339,0.083984375,0.032661907374858856,0.0732421875,0.05585937574505806,cauldron_ln_7658,1
-1.4787819385528564,0.004579125437885523,0.0732421875,0.028389420360326767,0.068115234375,0.04287109524011612,cauldron_ln_18391,1
-1.761403203010559,0.00678551709279418,0.109375,0.04240099713206291,0.091796875,0.06498579680919647,mix_SI_UT_0_447,0
-1.4398702383041382,0.00434919074177742,0.109375,0.03986875340342522,0.09375,0.05712890625,cauldron_ln_578,1
-1.311790943145752,-0.01788174919784069,0.109375,0.044684670865535736,0.060546875,0.0277382992208004,cauldron_ln_14039,0
-2.233719825744629,-0.011971610598266125,0.0546875,0.04359860718250275,0.0546875,0.0347377248108387,mix_UI_ST_0_765,0
-1.5649287700653076,-0.0007373046828433871,0.078125,0.04145397990942001,0.078125,0.0506184920668602,mix_UI_ST_0_1459,0
-1.9402103424072266,-1.3268512702779844e-05,0.203125,0.04700767993927002,0.1015625,0.05424360930919647,cauldron_ln_4401,0
-1.9066743850708008,0.005859844386577606,0.25,0.04361717030405998,0.0911458358168602,0.0548095703125,mix_UI_ST_0_80,0
-1.3139774799346924,0.01170590054243803,0.171875,0.0404389351606369,0.1236979216337204,0.0659722238779068,cauldron_ln_23865,0
-1.3037422895431519,0.0012969970703125,0.078125,0.029455026611685753,0.0634765625,0.0359700545668602,cauldron_ln_21787,1
-1.2019236087799072,-0.0052846274338662624,0.0625,0.03955485299229622,0.0625,0.0343221053481102,cauldron_ln_5764,0
-1.2612353563308716,-0.0110024344176054,0.04296875,0.03325745090842247,0.037109375,0.0238172747194767,mix_UI_ST_0_1485,0
-1.554785966873169,-0.007690429221838713,0.0703125,0.033015716820955276,0.04960937425494194,0.02832031436264515,cauldron_ln_24236,0
-2.475590229034424,0.002680121688172221,0.125,0.05096016079187393,0.10107421875,0.06356534361839294,mix_SI_UT_0_145,0
-2.4498789310455322,0.0007171630859375,0.21875,0.04177698865532875,0.09218750149011612,0.04522235691547394,mix_UI_ST_0_338,0
-1.1413568258285522,0.004360291641205549,0.09375,0.03211461752653122,0.07373046875,0.04885254055261612,mix_SI_UT_0_1474,0
-1.5140447616577148,-0.0005071004270575941,0.0859375,0.03344285488128662,0.0550130233168602,0.03754069283604622,cauldron_ln_10203,0
-0.9201589226722717,-0.0020804270170629025,0.1171875,0.03344272822141647,0.0729166716337204,0.036376953125,mix_UI_ST_0_177,0
-1.4632946252822876,-0.00041781336767598987,0.109375,0.04044374078512192,0.07578124850988388,0.05145733430981636,mix_UI_ST_0_1360,0
-0.6944155693054199,-0.001649123034439981,0.09375,0.037089746445417404,0.0595703125,0.038893479853868484,cauldron_ln_735,1
-1.2790708541870117,-0.003122040769085288,0.09375,0.036192137748003006,0.0768229216337204,0.0418701171875,mix_SI_UT_0_170,0
-1.7182799577713013,-0.002601136453449726,0.1015625,0.04661029204726219,0.0625,0.045010656118392944,mix_UI_ST_0_101,0
-2.3720850944519043,0.007387966848909855,0.1875,0.04229191318154335,0.0950520858168602,0.05908203125,cauldron_ln_9863,1
-2.2180135250091553,0.003398895263671875,0.09375,0.04272504895925522,0.07421875,0.0524088554084301,mix_UI_ST_0_64,0
-1.513063669204712,0.0016458200989291072,0.1171875,0.03622816503047943,0.0732421875,0.04374999925494194,mix_SI_UT_0_1031,0
-1.3107980489730835,-0.010048089548945427,0.09375,0.04049161821603775,0.052734375,0.0316162109375,mix_SI_UT_0_1394,0
-1.0082646608352661,0.006496522109955549,0.109375,0.03330649435520172,0.0850830078125,0.052734375,mix_UI_ST_0_915,0
-1.2179510593414307,0.00045378314098343253,0.109375,0.040531594306230545,0.0859375,0.05556640774011612,cauldron_ln_15342,0
-2.589167594909668,0.004101562779396772,0.0625,0.034554701298475266,0.0625,0.0494791679084301,mix_SI_UT_0_985,0
-1.6193065643310547,-0.003167380578815937,0.109375,0.03807530179619789,0.0577566996216774,0.036247704178094864,mix_SI_UT_0_843,0
-1.2396644353866577,0.007686070166528225,0.125,0.043308135122060776,0.09843750298023224,0.0619419664144516,mix_UI_ST_0_164,0
-2.2575385570526123,-0.007137722335755825,0.0625,0.0426347553730011,0.05078125,0.037109375,cauldron_ln_15219,0
-1.2154325246810913,3.740864485735074e-05,0.09375,0.03211640566587448,0.0546875,0.0352957621216774,mix_SI_UT_0_1161,0
-1.192401647567749,-0.0053651100024580956,0.0546875,0.03566139191389084,0.04062500223517418,0.02388509176671505,mix_SI_UT_0_1295,0
-1.488237738609314,0.0036749588325619698,0.09375,0.0322173610329628,0.078125,0.0486111119389534,cauldron_ln_19715,1
-1.5018376111984253,0.002333885058760643,0.109375,0.03295586258172989,0.07373046875,0.0425502248108387,mix_UI_ST_0_1201,0
-1.7295947074890137,-0.0049264091067016125,0.0625,0.030335361137986183,0.05859375,0.0339006707072258,mix_UI_ST_0_1100,0
-1.2943060398101807,-0.0115966796875,0.03515625,0.036940667778253555,0.03076171875,0.02257191203534603,cauldron_ln_15529,0
-1.6098196506500244,-4.069010537932627e-05,0.0625,0.02668953873217106,0.05000000074505806,0.0333426371216774,mix_UI_ST_0_924,0
-1.368208646774292,-0.003151222597807646,0.05859375,0.028697071596980095,0.052734375,0.0353190116584301,cauldron_ln_7254,0
-1.098061442375183,-0.002942912047728896,0.0703125,0.033822037279605865,0.0546875,0.0387137308716774,mix_SI_UT_0_1294,0
-1.1727734804153442,-0.0016221266705542803,0.0703125,0.033943284302949905,0.068359375,0.0406901054084301,cauldron_ln_25120,0
-1.840364933013916,-0.006684174761176109,0.0703125,0.0352487787604332,0.0611979179084301,0.032958984375,mix_UI_ST_0_881,0
-1.2143163681030273,-0.009265645407140255,0.0625,0.03344951570034027,0.04443359375,0.02412923239171505,cauldron_ln_7292,1
-1.5302057266235352,0.0016866049263626337,0.125,0.04480912536382675,0.0963541716337204,0.05668945610523224,mix_UI_ST_0_258,0
-1.544163465499878,-0.000547347532119602,0.060546875,0.023884117603302002,0.0514322929084301,0.03125,mix_SI_UT_0_1149,0
-1.2645186185836792,0.018720071762800217,0.203125,0.05063272640109062,0.1380208432674408,0.0862165242433548,cauldron_ln_26648,0
-1.3963429927825928,0.0006532060215249658,0.125,0.038021236658096313,0.087890625,0.048606179654598236,cauldron_ln_18257,0
-1.641852855682373,0.0028483073692768812,0.0625,0.02544979751110077,0.0625,0.03564453125,cauldron_ln_1571,0
-1.1651382446289062,-0.01571994461119175,0.04296875,0.04605896398425102,0.04296875,0.0294189453125,mix_SI_UT_0_484,0
-2.8185853958129883,-0.01555524580180645,0.0390625,0.04567085951566696,0.0390625,0.033203125,cauldron_ln_833,0
-1.4917981624603271,-0.004434481263160706,0.109375,0.033887650817632675,0.05781250074505806,0.02982271835207939,mix_UI_ST_0_613,0
-1.3500645160675049,-0.0007396633154712617,0.1171875,0.036280110478401184,0.07500000298023224,0.0414515919983387,cauldron_ln_21710,1
-1.4248228073120117,-0.0008863366092555225,0.0625,0.04008836671710014,0.060546875,0.04960937425494194,cauldron_ln_110,0
-1.377270221710205,0.002905643545091152,0.15625,0.04270196333527565,0.0983072966337204,0.0567626953125,cauldron_ln_14203,0
-1.2815437316894531,0.0022379558067768812,0.125,0.035917844623327255,0.09375,0.0458984375,cauldron_ln_13732,1
-1.7258481979370117,0.00103759765625,0.09375,0.035644788295030594,0.0703125,0.0455729179084301,cauldron_ln_4896,0
-1.4320964813232422,-0.003143310546875,0.1015625,0.04086526483297348,0.05859375,0.0380859375,mix_UI_ST_0_416,0
-1.2977027893066406,-0.005615234840661287,0.05078125,0.03382735699415207,0.05078125,0.0315755233168602,mix_SI_UT_0_841,0
-1.4002468585968018,-0.0004913330194540322,0.09375,0.032842833548784256,0.05976562574505806,0.0384114608168602,cauldron_ln_15103,1
-3.1420247554779053,-0.0009765625,0.109375,0.04665308818221092,0.09375,0.05234375223517418,cauldron_ln_29122,0
-1.934488296508789,0.004890950862318277,0.1328125,0.03528830409049988,0.0771484375,0.05131392180919647,mix_UI_ST_0_74,0
-2.8443007469177246,-0.0066960654221475124,0.109375,0.054632704704999924,0.091796875,0.05517578125,cauldron_ln_26746,1
-1.1695168018341064,0.0026212993543595076,0.05859375,0.02614985592663288,0.05859375,0.0400390625,mix_UI_ST_0_32,0
-1.7785052061080933,-0.011774523183703423,0.1796875,0.051584962755441666,0.10546875,0.0391322560608387,cauldron_ln_13301,1
-2.638784408569336,-0.012115478515625,0.046875,0.04033738747239113,0.04296875,0.03339843824505806,cauldron_ln_17633,1
-1.8602802753448486,-0.01213191170245409,0.078125,0.046791449189186096,0.07421875,0.0441080741584301,mix_UI_ST_0_833,0
-1.646506905555725,-0.0027855767402797937,0.1875,0.05370679125189781,0.109375,0.0568576380610466,cauldron_ln_9109,0
-2.0185000896453857,0.0021023221779614687,0.05078125,0.02782461605966091,0.05078125,0.03857421875,cauldron_ln_15395,1
-2.4898033142089844,-0.002170410007238388,0.0703125,0.03866438567638397,0.0625,0.041015625,mix_UI_ST_0_605,0
-1.7951061725616455,0.014715021476149559,0.109375,0.0410337820649147,0.09765625,0.07421875,mix_SI_UT_0_1373,0
-1.3277045488357544,-0.0065030185505747795,0.09375,0.03704968839883804,0.0625,0.0311279296875,cauldron_ln_14108,1
-1.3495961427688599,-0.0004813454579561949,0.15625,0.04342219606041908,0.0755615234375,0.04594282805919647,mix_SI_UT_0_850,0
-1.3654245138168335,-0.00936612207442522,0.025390625,0.026325304061174393,0.0240885429084301,0.01800537109375,mix_SI_UT_0_1228,0
-0.8453799486160278,0.004119163379073143,0.078125,0.023221872746944427,0.05908203125,0.03647461161017418,cauldron_ln_8462,0
-1.576390027999878,-0.0029506138525903225,0.1015625,0.03609933704137802,0.0677083358168602,0.041748046875,cauldron_ln_9117,1
-1.584594964981079,-0.0034528460819274187,0.09765625,0.04138041287660599,0.0703125,0.0341796875,cauldron_ln_11778,0
-2.101609468460083,-0.0033077115658670664,0.0859375,0.04868774116039276,0.0735677108168602,0.0583147332072258,cauldron_ln_27208,0
-0.9526613354682922,-0.00970458984375,0.078125,0.03483704850077629,0.0598958358168602,0.02851019985973835,cauldron_ln_3052,0
-1.5308382511138916,-0.0075531005859375,0.05078125,0.026913393288850784,0.0439453125,0.0277099609375,mix_SI_UT_0_235,0
-1.3380765914916992,0.005961100570857525,0.109375,0.03795144706964493,0.09375,0.05224609375,mix_UI_ST_0_1018,0
-2.1494224071502686,-0.0013196991058066487,0.1015625,0.04634081944823265,0.0667724609375,0.048583984375,cauldron_ln_4537,0
-1.3662511110305786,-0.004840850830078125,0.0625,0.02893712930381298,0.0455729179084301,0.02667236328125,mix_SI_UT_0_312,0
-1.500423550605774,0.0006510416860692203,0.0546875,0.025227850303053856,0.0546875,0.03515625,mix_UI_ST_0_327,0
-1.1892106533050537,-0.006519093178212643,0.0625,0.03395099937915802,0.0546875,0.030731201171875,cauldron_ln_4173,0
-1.6109189987182617,-0.004219942260533571,0.1015625,0.04974142089486122,0.0830078125,0.05517578125,mix_SI_UT_0_954,0
-1.565507173538208,0.013635254465043545,0.15625,0.04710760712623596,0.1171875,0.07109375298023224,cauldron_ln_16095,0
-2.382579803466797,-0.010832815431058407,0.125,0.04552152380347252,0.06640625,0.0377197265625,mix_UI_ST_0_430,0
-2.8025708198547363,0.0012839988339692354,0.109375,0.039600860327482224,0.0859375,0.0498046875,cauldron_ln_10641,0
-1.2858883142471313,-0.0037013464607298374,0.078125,0.040418051183223724,0.06640625,0.0421316996216774,cauldron_ln_29801,1
-1.7425532341003418,0.006527855526655912,0.109375,0.03001021035015583,0.064453125,0.04602864757180214,mix_UI_ST_0_893,0
-1.9241538047790527,0.0084083192050457,0.1171875,0.039170775562524796,0.08984375,0.06484375149011612,cauldron_ln_24252,0
-1.1866463422775269,-0.0054946173913776875,0.09375,0.03920464590191841,0.07080078125,0.0412248894572258,mix_SI_UT_0_188,0
-1.9232993125915527,0.004186457023024559,0.08203125,0.035088591277599335,0.0654296875,0.04913885146379471,mix_UI_ST_0_900,0
-1.5748870372772217,0.005015528295189142,0.09375,0.03798810392618179,0.07861328125,0.05937499925494194,cauldron_ln_8126,1
-1.2436282634735107,-0.0020496456418186426,0.1171875,0.04005802422761917,0.0703125,0.04814453050494194,cauldron_ln_6340,1
-2.0216264724731445,-0.0021209716796875,0.140625,0.04337361454963684,0.0911458358168602,0.0538330078125,cauldron_ln_3681,1
-1.4598805904388428,-0.007628148887306452,0.12109375,0.056181877851486206,0.0810546875,0.047607421875,mix_SI_UT_0_498,0
-1.7177863121032715,-0.003206380410119891,0.109375,0.035723619163036346,0.109375,0.046875,cauldron_ln_19417,0
-1.5008513927459717,-0.0027147375512868166,0.09375,0.036361683160066605,0.0703125,0.039706144481897354,cauldron_ln_7945,0
-2.3064515590667725,0.0032467057462781668,0.109375,0.04877697303891182,0.0856119841337204,0.0606689453125,cauldron_ln_28077,1
-1.1690866947174072,0.000701904296875,0.10546875,0.03393667936325073,0.076171875,0.0413411483168602,cauldron_ln_29322,1
-1.5445594787597656,-0.005859375,0.109375,0.03779107332229614,0.06562500447034836,0.040640026330947876,mix_UI_ST_0_809,0
-1.373488187789917,0.0033192734699696302,0.078125,0.03336316719651222,0.06787109375,0.04527698829770088,cauldron_ln_17751,1
-1.5535380840301514,0.00835309736430645,0.0859375,0.042633045464754105,0.0859375,0.05859375,cauldron_ln_1664,1
-1.141137719154358,0.0059333802200853825,0.2109375,0.05708610638976097,0.1005859375,0.07016601413488388,mix_SI_UT_0_986,0
-1.2577364444732666,0.004779683891683817,0.109375,0.039646077901124954,0.078125,0.0555245578289032,cauldron_ln_12441,0
-1.296278953552246,-0.011540110222995281,0.1015625,0.04368285834789276,0.06103515625,0.03891601786017418,cauldron_ln_28546,0
-0.982396125793457,-0.002527185482904315,0.046875,0.025271156802773476,0.0455729179084301,0.029296875,cauldron_ln_16787,0
-1.4655576944351196,-0.003032068954780698,0.0625,0.0319339781999588,0.0611979179084301,0.0392020121216774,mix_UI_ST_0_1259,0
-1.2787957191467285,0.000517079490236938,0.125,0.04159347712993622,0.0764508992433548,0.048196230083703995,mix_SI_UT_0_1486,0
-0.8111803531646729,-0.00628662109375,0.04296875,0.02706637792289257,0.0361328125,0.02226562611758709,cauldron_ln_25423,0
-1.147815227508545,-0.0013204434653744102,0.0703125,0.032206274569034576,0.056640625,0.03554687649011612,mix_UI_ST_0_1098,0
-1.4148304462432861,-0.0019856770522892475,0.125,0.038942817598581314,0.0677083358168602,0.04081587493419647,cauldron_ln_17152,0
-1.7290266752243042,0.0014512804336845875,0.140625,0.04697277024388313,0.107421875,0.0579427070915699,cauldron_ln_25263,1
-1.6432387828826904,-0.0089111328125,0.04296875,0.03175029903650284,0.04296875,0.01806640625,cauldron_ln_3646,0
-2.9922051429748535,-0.0004216974484734237,0.1875,0.05016797408461571,0.1106770858168602,0.0572509765625,cauldron_ln_17610,1
-2.514556884765625,-0.002309946110472083,0.09375,0.04586467519402504,0.08984375,0.0625,cauldron_ln_17583,0
-1.123929738998413,0.0005580357392318547,0.078125,0.03635639324784279,0.078125,0.0494791679084301,cauldron_ln_10893,1
-1.814387321472168,0.013706752099096775,0.140625,0.05633002147078514,0.1302083432674408,0.09228515625,cauldron_ln_24325,0
-1.0433080196380615,0.00048828125,0.078125,0.025247951969504356,0.0546875,0.030517578125,cauldron_ln_20205,1
-1.5712027549743652,-0.0076497397385537624,0.015625,0.02168904058635235,0.015625,0.01009114645421505,cauldron_ln_8067,1
-1.7953517436981201,-0.01051897369325161,0.078125,0.04731767252087593,0.0625,0.04248046875,mix_SI_UT_0_582,0
-2.357116222381592,-0.0008127312758006155,0.2109375,0.060197003185749054,0.1354166716337204,0.067274309694767,mix_SI_UT_0_114,0
-1.8171011209487915,0.0033194557763636112,0.1640625,0.0438811257481575,0.08359374850988388,0.0593610517680645,mix_SI_UT_0_450,0
-1.5163511037826538,-0.0034604279790073633,0.125,0.04247885197401047,0.1015625,0.05019531399011612,cauldron_ln_24168,1
-1.7579293251037598,-0.004024196416139603,0.11328125,0.056909289211034775,0.08984375,0.0550130195915699,cauldron_ln_23695,0
-1.390092372894287,-9.80564727797173e-05,0.107421875,0.03861315920948982,0.0774739608168602,0.04518229514360428,cauldron_ln_22208,1
-1.6457427740097046,-0.006890978664159775,0.109375,0.038092903792858124,0.06132812425494194,0.0323660746216774,cauldron_ln_11670,1
-2.0238304138183594,0.009757748804986477,0.1875,0.04773744195699692,0.103515625,0.07083334028720856,cauldron_ln_22010,1
-1.712015151977539,0.0016326904296875,0.0625,0.027660204097628593,0.0559895858168602,0.03961181640625,mix_SI_UT_0_1308,0
-1.8844499588012695,0.006709706038236618,0.21875,0.04419894143939018,0.097412109375,0.057883523404598236,cauldron_ln_21684,1
-1.6565625667572021,0.005497233476489782,0.109375,0.040556829422712326,0.0807291716337204,0.0560825914144516,cauldron_ln_2289,0
-1.8548624515533447,0.0037320456467568874,0.10546875,0.037377648055553436,0.099609375,0.045654296875,cauldron_ln_6083,1
-1.3241891860961914,0.0006317138904705644,0.125,0.04458204656839371,0.091796875,0.05810546875,mix_SI_UT_0_88,0
-1.897450566291809,-0.00641930615529418,0.125,0.05893689766526222,0.0859375,0.05681818351149559,mix_UI_ST_0_673,0
-1.4474501609802246,0.010912306606769562,0.125,0.039273884147405624,0.08203125,0.06356534361839294,mix_SI_UT_0_536,0
-1.5791149139404297,0.0034266880247741938,0.234375,0.0520537868142128,0.111328125,0.06357421725988388,mix_UI_ST_0_811,0
-1.382549524307251,0.0028907288797199726,0.0703125,0.030583657324314117,0.060546875,0.041947800666093826,mix_SI_UT_0_989,0
-2.240473747253418,-0.002960205078125,0.125,0.047361958771944046,0.09765625,0.0519205741584301,mix_SI_UT_0_1213,0
-1.3628995418548584,-0.007236120756715536,0.09375,0.039099302142858505,0.05625000223517418,0.03207632154226303,mix_SI_UT_0_1439,0
-1.3109596967697144,0.0034937364980578423,0.09375,0.03289569914340973,0.07421875,0.0443638414144516,cauldron_ln_20656,0
-1.387037992477417,0.003589630126953125,0.1015625,0.04210076108574867,0.0859375,0.0585123710334301,mix_UI_ST_0_3,0
-1.7441929578781128,0.0030459449626505375,0.15625,0.0454489029943943,0.09375,0.05429687723517418,mix_SI_UT_0_1494,0
-2.3962037563323975,0.008966619148850441,0.078125,0.03875567764043808,0.078125,0.0625,mix_SI_UT_0_471,0
-1.154612421989441,0.011284383945167065,0.0625,0.01898195967078209,0.0494791679084301,0.0387834832072258,cauldron_ln_10280,1
-1.1571722030639648,-0.0005664062337018549,0.0625,0.027492819353938103,0.0546875,0.02978515625,mix_UI_ST_0_429,0
-1.1485273838043213,0.0028009829111397266,0.0625,0.030776269733905792,0.0559895858168602,0.03883272036910057,mix_UI_ST_0_1379,0
-1.2528910636901855,-0.002648925641551614,0.078125,0.03194582834839821,0.0546875,0.0327962264418602,cauldron_ln_11718,1
-1.8321211338043213,0.0030031204223632812,0.1953125,0.05249904468655586,0.12109375,0.06494140625,cauldron_ln_5949,1
-1.0743978023529053,0.01624213345348835,0.0859375,0.030688701197504997,0.0859375,0.064453125,cauldron_ln_24078,1
-1.1678659915924072,-0.0016196646029129624,0.05078125,0.025572536513209343,0.04296875,0.02944335900247097,mix_UI_ST_0_226,0
-1.790339708328247,0.005910621490329504,0.109375,0.03790181875228882,0.07558593899011612,0.051832932978868484,cauldron_ln_10645,0
-1.6804717779159546,0.000244140625,0.0625,0.03750314936041832,0.0595703125,0.046164773404598236,mix_SI_UT_0_7,0
-2.148812770843506,-0.0029946183785796165,0.1015625,0.064181387424469,0.087890625,0.053622160106897354,cauldron_ln_21335,1
-1.589269995689392,0.00390625,0.0859375,0.04471974074840546,0.072265625,0.0572916679084301,cauldron_ln_2863,1
-1.477107048034668,0.0016952021978795528,0.0859375,0.030537810176610947,0.0598958358168602,0.03515625,cauldron_ln_1399,0
-1.3265414237976074,-0.0014067150186747313,0.078125,0.03250914439558983,0.0654296875,0.03636474534869194,cauldron_ln_20926,0
-1.591263771057129,-0.001854990143328905,0.09765625,0.033338312059640884,0.05859375,0.0400390625,cauldron_ln_28306,1
-1.9000227451324463,-0.016573544591665268,0.0703125,0.04228432476520538,0.041015625,0.02421875111758709,cauldron_ln_24826,0
-3.62351393699646,0.0048193358816206455,0.125,0.06203652173280716,0.109375,0.0807291716337204,mix_SI_UT_0_1183,0
-1.0072646141052246,-0.004230608232319355,0.1484375,0.04306278005242348,0.078125,0.0435791015625,cauldron_ln_23977,1
-1.1662256717681885,-0.0009483924368396401,0.09375,0.030611613765358925,0.0677083358168602,0.0353596992790699,cauldron_ln_11468,0
-1.781045913696289,0.004553008358925581,0.078125,0.03456363081932068,0.06992187350988388,0.0488281287252903,cauldron_ln_8079,1
-2.412168025970459,0.002416992327198386,0.07421875,0.03356761112809181,0.068359375,0.04775390774011612,cauldron_ln_16728,0
-1.0248463153839111,0.0018259685020893812,0.109375,0.04553350433707237,0.109375,0.0612386092543602,mix_UI_ST_0_722,0
-1.6387643814086914,-0.0031481292098760605,0.064453125,0.02788071148097515,0.052734375,0.0301649309694767,cauldron_ln_17917,0
-1.826406478881836,0.005702756345272064,0.08984375,0.041296761482954025,0.08125000447034836,0.05866887420415878,mix_SI_UT_0_375,0
-1.216042399406433,0.0058797202073037624,0.09765625,0.03113003633916378,0.06640625,0.04662024602293968,mix_SI_UT_0_1467,0
-1.058948040008545,-0.001815624418668449,0.0703125,0.027479136362671852,0.044921875,0.028342507779598236,cauldron_ln_23240,1
-1.0132008790969849,-0.0039164223708212376,0.0546875,0.030640995129942894,0.0423177108168602,0.02750650979578495,cauldron_ln_921,1
-1.3515853881835938,0.0037597655318677425,0.08203125,0.0312943160533905,0.072265625,0.04541015625,cauldron_ln_14587,1
-2.5474793910980225,0.0031666476279497147,0.34375,0.06957392394542694,0.15625,0.0781402587890625,cauldron_ln_21893,0
-2.791433334350586,0.0040472326800227165,0.140625,0.04522014036774635,0.1026785746216774,0.06663603335618973,cauldron_ln_29409,0
-2.1968331336975098,-0.000701904296875,0.109375,0.03964356333017349,0.0833333358168602,0.0445963554084301,mix_UI_ST_0_1110,0
-0.6660603880882263,-0.00115966796875,0.03125,0.0165153369307518,0.02734375,0.01982421986758709,cauldron_ln_14660,0
-2.206486225128174,-0.011997070163488388,0.0625,0.0427420400083065,0.05859375,0.0322265625,cauldron_ln_20678,0
-1.0533733367919922,0.003138686763122678,0.09375,0.028162719681859016,0.0618489608168602,0.03656005859375,cauldron_ln_6061,1
-0.9415731430053711,-2.260561359435087e-06,0.078125,0.03739478811621666,0.06210937723517418,0.04146634787321091,cauldron_ln_12331,0
-1.0571764707565308,0.0024210612755268812,0.0625,0.02691054157912731,0.0598958358168602,0.0361056849360466,mix_UI_ST_0_195,0
-1.5451631546020508,0.005007063038647175,0.0625,0.024590598419308662,0.0625,0.0334821455180645,mix_UI_ST_0_1270,0
-1.5017399787902832,0.00015314275515265763,0.1015625,0.0356777049601078,0.06796874850988388,0.04477163776755333,mix_SI_UT_0_1462,0
-1.7897192239761353,-0.0069824219681322575,0.056640625,0.038867052644491196,0.0556640625,0.04140625149011612,mix_SI_UT_0_863,0
-1.7273415327072144,-0.0094876978546381,0.109375,0.04668424651026726,0.091796875,0.0462472103536129,cauldron_ln_3696,1
-1.3663413524627686,-0.0008779672789387405,0.0703125,0.032762907445430756,0.05859375,0.0384928397834301,cauldron_ln_26701,1
-0.6746854186058044,0.005421173758804798,0.10546875,0.03288117051124573,0.0846354216337204,0.0495876744389534,cauldron_ln_7393,1
-1.3894870281219482,-0.0005961573333479464,0.09765625,0.04278810694813728,0.0771484375,0.0517578125,mix_UI_ST_0_407,0
-2.8560147285461426,-0.0028076171875,0.125,0.052861906588077545,0.09375,0.0570746548473835,cauldron_ln_6899,1
-1.6054071187973022,0.002723430749028921,0.0625,0.03278038650751114,0.0625,0.0471540205180645,cauldron_ln_8525,0
-1.2498953342437744,0.0005979991983622313,0.125,0.030490556731820107,0.060546875,0.03583984449505806,mix_SI_UT_0_630,0
-0.7560821175575256,-0.003725492162629962,0.078125,0.030119745060801506,0.0537109375,0.0277506522834301,mix_SI_UT_0_659,0
-1.4051927328109741,-0.012997097335755825,0.09375,0.042356520891189575,0.0595703125,0.03027898631989956,cauldron_ln_3570,0
-1.5731837749481201,-0.006061469204723835,0.0625,0.03810045123100281,0.0537109375,0.038174718618392944,cauldron_ln_28383,0
-3.2604265213012695,-0.0015684185782447457,0.125,0.050552885979413986,0.09375,0.06201171875,cauldron_ln_18584,0
-0.6485768556594849,-0.005570411682128906,0.03125,0.027476929128170013,0.02766927145421505,0.019073486328125,mix_SI_UT_0_1317,0
-1.2778422832489014,-0.000518798828125,0.046875,0.030411452054977417,0.046875,0.04052734375,mix_SI_UT_0_1145,0
-1.1274216175079346,-0.0009183016954921186,0.0703125,0.03660492226481438,0.0595703125,0.04234730079770088,cauldron_ln_2621,0
-1.2106623649597168,0.004177793860435486,0.0703125,0.030590908601880074,0.056640625,0.0404459647834301,mix_SI_UT_0_100,0
-1.1778039932250977,-0.0011069558095186949,0.0390625,0.023339582607150078,0.0325520858168602,0.02435302734375,cauldron_ln_22899,0
-1.1627521514892578,-0.00932965986430645,0.10546875,0.03579854965209961,0.0626627653837204,0.0296630859375,cauldron_ln_24731,1
-1.0394117832183838,-0.005961358081549406,0.1171875,0.03019099310040474,0.0509905144572258,0.025962429121136665,cauldron_ln_1212,1
-1.1023890972137451,0.008925780653953552,0.109375,0.02986185811460018,0.078125,0.0498046875,mix_SI_UT_0_64,0
-1.6602754592895508,-0.00028745588497258723,0.05859375,0.0379541777074337,0.05078125,0.0415736623108387,mix_SI_UT_0_1157,0
-1.0409775972366333,0.005557687021791935,0.171875,0.047434285283088684,0.1100260466337204,0.064208984375,mix_SI_UT_0_786,0
-1.211410641670227,0.0029797677416354418,0.0859375,0.03095823898911476,0.0677083358168602,0.0429958775639534,cauldron_ln_21815,1
-1.580254316329956,-0.009709944017231464,0.1015625,0.03684943914413452,0.06132812425494194,0.0307094044983387,mix_UI_ST_0_1167,0
-1.0711750984191895,-0.0062551191076636314,0.03125,0.021733446046710014,0.02278645895421505,0.014404297806322575,mix_UI_ST_0_38,0
-2.013439178466797,-0.0036987303756177425,0.078125,0.034233979880809784,0.0580357164144516,0.03705193102359772,mix_UI_ST_0_768,0
-1.6903202533721924,0.005656651221215725,0.1328125,0.04256109148263931,0.125,0.0584542453289032,cauldron_ln_7648,1
-1.4757431745529175,0.0003730618045665324,0.1171875,0.03531481325626373,0.0791015625,0.042724609375,cauldron_ln_17098,0
-1.4111297130584717,-0.0011125531746074557,0.099609375,0.04958164319396019,0.07539062947034836,0.0500837080180645,cauldron_ln_21134,1
-1.9932799339294434,-0.010066245682537556,0.1015625,0.03970722481608391,0.0572916679084301,0.0343017578125,cauldron_ln_8541,0
-1.9512245655059814,0.0016384124755859375,0.1640625,0.047653619199991226,0.0950520858168602,0.04827880859375,cauldron_ln_16622,0
-1.179068922996521,0.007939194329082966,0.1015625,0.030980441719293594,0.078125,0.049072265625,cauldron_ln_13689,0
-1.5152416229248047,-0.00832112692296505,0.041015625,0.023604797199368477,0.037109375,0.0176827572286129,cauldron_ln_25367,0
-1.8144912719726562,0.007717248518019915,0.171875,0.0381341278553009,0.09375,0.05364990234375,mix_UI_ST_0_597,0
-1.7381212711334229,0.012114152312278748,0.1640625,0.0542205274105072,0.1328125,0.08281250298023224,mix_UI_ST_0_440,0
-1.9945889711380005,-0.0154854916036129,0.033203125,0.03486517444252968,0.0322265625,0.02070312574505806,mix_UI_ST_0_464,0
-1.0606822967529297,0.009485880844295025,0.109375,0.039405446499586105,0.0924479216337204,0.065321184694767,cauldron_ln_17452,0
-0.9699920415878296,-0.0015474956016987562,0.09375,0.03512291982769966,0.07177734375,0.0357309989631176,cauldron_ln_478,1
-1.3901842832565308,-0.0008890788303688169,0.0703125,0.04228132218122482,0.0625,0.0403180830180645,cauldron_ln_12030,0
-1.3657915592193604,0.0012318004155531526,0.109375,0.03788657858967781,0.0744977742433548,0.050524260848760605,mix_UI_ST_0_974,0
-1.5412163734436035,-0.0021769206505268812,0.08984375,0.029203729704022408,0.0572916679084301,0.0335693359375,mix_UI_ST_0_1014,0
-0.9424238801002502,0.005392765626311302,0.15625,0.038516316562891006,0.0885416716337204,0.0537109375,cauldron_ln_14687,0
-1.0813782215118408,0.003022659569978714,0.0625,0.021194133907556534,0.04638671875,0.03188476711511612,cauldron_ln_7063,0
-1.8798404932022095,0.007415771484375,0.09375,0.031216556206345558,0.07421875,0.051025390625,mix_UI_ST_0_1229,0
-1.2190834283828735,0.003745025023818016,0.1328125,0.04272338002920151,0.09882812947034836,0.058819111436605453,cauldron_ln_12299,1
-1.5323493480682373,0.0038973998744040728,0.09375,0.03171461448073387,0.05996093899011612,0.040644530206918716,mix_SI_UT_0_544,0
-2.493957996368408,-0.005914822220802307,0.11328125,0.037411171942949295,0.0623604953289032,0.0400390625,cauldron_ln_19045,1
-1.5567446947097778,-0.0024956597480922937,0.07421875,0.034966204315423965,0.07421875,0.041748046875,cauldron_ln_7921,1
-2.493760108947754,0.012100543826818466,0.234375,0.05429822579026222,0.126953125,0.08771307021379471,cauldron_ln_631,1
-1.4379634857177734,-0.01588393747806549,0.087890625,0.03927307575941086,0.052734375,0.022216796875,cauldron_ln_27442,1
-1.4977116584777832,-0.007659912575036287,0.0625,0.04257414489984512,0.05078125,0.0308314748108387,mix_UI_ST_0_1364,0
-0.896888792514801,-0.0034511021804064512,0.0625,0.03459728881716728,0.0494791679084301,0.03582763671875,mix_SI_UT_0_889,0
-1.741228699684143,-0.009038510732352734,0.078125,0.04272560030221939,0.05859375,0.04172585532069206,mix_UI_ST_0_863,0
-2.135627508163452,0.006754557602107525,0.21875,0.057028573006391525,0.13437500596046448,0.08251953125,mix_UI_ST_0_29,0
-1.647568702697754,-0.0010968376882374287,0.1484375,0.03954135254025459,0.0807291716337204,0.04443359375,cauldron_ln_25805,0
-2.1704463958740234,-0.0022379558067768812,0.0625,0.0375945121049881,0.0625,0.04648437723517418,cauldron_ln_29272,0
-1.8481972217559814,0.003580921096727252,0.15625,0.04017972573637962,0.0859375,0.05483774095773697,mix_SI_UT_0_938,0
-2.0999817848205566,0.008142090402543545,0.125,0.04851709306240082,0.12109375,0.07265625149011612,cauldron_ln_13040,0
-0.8841922283172607,-0.010479736141860485,0.033203125,0.022297287359833717,0.0224609375,0.010058593936264515,mix_UI_ST_0_1405,0
-0.7893794775009155,0.004638671875,0.095703125,0.033953458070755005,0.0712890625,0.052734375,mix_UI_ST_0_1175,0
-2.347923755645752,-0.0032301684841513634,0.09375,0.039742983877658844,0.09375,0.046875,mix_SI_UT_0_960,0
-2.6680688858032227,0.004495555069297552,0.09375,0.03658716008067131,0.06640625,0.0429687537252903,mix_UI_ST_0_579,0
-1.8889446258544922,-0.005978539120405912,0.109375,0.04035105183720589,0.0712890625,0.04580078274011612,cauldron_ln_4792,1
-1.4576914310455322,-0.0005630985251627862,0.140625,0.04063071310520172,0.0911458358168602,0.0480259507894516,cauldron_ln_8409,1
-1.19511079788208,0.0001901479990920052,0.08984375,0.03341007977724075,0.068359375,0.0452473983168602,cauldron_ln_28003,1
-1.3142237663269043,0.009193156845867634,0.1015625,0.032321035861968994,0.09765625,0.0518973246216774,cauldron_ln_5040,1
-2.3528106212615967,0.0229034423828125,0.078125,0.035591453313827515,0.078125,0.0693359375,mix_UI_ST_0_355,0
-1.7332394123077393,-0.012658161111176014,0.0859375,0.03859563544392586,0.056640625,0.030007103458046913,cauldron_ln_14730,1
-1.553735375404358,-0.008168247528374195,0.09375,0.04129205644130707,0.0598958358168602,0.0377197265625,cauldron_ln_25281,1
-1.6889790296554565,0.02392578125,0.078125,0.03158612921833992,0.078125,0.068359375,mix_UI_ST_0_1410,0
-1.7514252662658691,0.0025953210424631834,0.09375,0.04392619803547859,0.076171875,0.053977273404598236,cauldron_ln_3166,1
-2.3705697059631348,0.005324752070009708,0.15234375,0.05898602679371834,0.138671875,0.0865885466337204,mix_UI_ST_0_757,0
-1.564565896987915,0.009419160895049572,0.0703125,0.030399784445762634,0.0703125,0.0576171875,cauldron_ln_25094,1
-1.8654718399047852,0.0012593588326126337,0.0625,0.05066118389368057,0.0625,0.0546875,cauldron_ln_25054,0
-1.5229861736297607,-0.000622443447355181,0.0859375,0.03652460128068924,0.06171875074505806,0.03970102220773697,mix_UI_ST_0_1101,0
-1.842202067375183,0.010653178207576275,0.1875,0.04043583571910858,0.107421875,0.0565592460334301,cauldron_ln_19880,1
-1.150589942932129,-0.0034695095382630825,0.08203125,0.038585469126701355,0.05615234375,0.03773082420229912,cauldron_ln_25209,0
-1.6093475818634033,0.0071929930709302425,0.1015625,0.036713432520627975,0.080078125,0.05781250074505806,cauldron_ln_18292,1
-1.4912031888961792,-0.0023037223145365715,0.21875,0.05409274622797966,0.1142578125,0.05551758036017418,cauldron_ln_13637,0
-2.454008102416992,0.0046401978470385075,0.21875,0.05348561331629753,0.1158854216337204,0.06354167312383652,cauldron_ln_10982,0
-1.1434303522109985,-0.007567374501377344,0.09375,0.04051149636507034,0.0709635466337204,0.03897298499941826,cauldron_ln_4515,0
-1.6383225917816162,0.007132975850254297,0.140625,0.041677188128232956,0.0904947966337204,0.0658482164144516,cauldron_ln_28202,1
-1.5324339866638184,0.0009300595265813172,0.0546875,0.02510017529129982,0.05078125,0.03554687649011612,cauldron_ln_25398,0
-1.7060480117797852,-0.0025906034279614687,0.0546875,0.03243771567940712,0.0546875,0.0419921875,mix_SI_UT_0_137,0
-0.5925694108009338,0.0007308960193768144,0.09375,0.027630949392914772,0.0563151054084301,0.03056640736758709,cauldron_ln_15555,1
-1.255216121673584,-0.00047052555601112545,0.1015625,0.031407978385686874,0.07304687798023224,0.03861178085207939,mix_UI_ST_0_829,0
-1.154179334640503,0.004341744352132082,0.0859375,0.036723989993333817,0.07421875,0.0496961809694767,cauldron_ln_10390,1
-1.279842495918274,-0.003023587865754962,0.05859375,0.02991822175681591,0.052734375,0.0349934920668602,cauldron_ln_864,0
-1.985029697418213,0.0070077404379844666,0.15625,0.04467757046222687,0.130859375,0.0680338591337204,cauldron_ln_24507,1
-2.3168091773986816,-0.002262821886688471,0.09375,0.038821980357170105,0.07421875,0.0481770858168602,cauldron_ln_18864,1
-1.4528412818908691,0.004349458962678909,0.07421875,0.0336497463285923,0.0657552108168602,0.04644775390625,cauldron_ln_19794,1
-1.4063196182250977,-0.0015345982974395156,0.1015625,0.03711478039622307,0.08203125,0.0426897332072258,mix_UI_ST_0_1277,0
-1.7852592468261719,-0.006611071061342955,0.1484375,0.05389957129955292,0.0963541716337204,0.0509440116584301,mix_UI_ST_0_643,0
-1.1632490158081055,-0.00039577484130859375,0.0625,0.030114682391285896,0.0514322929084301,0.031982421875,cauldron_ln_5651,1
-1.5153841972351074,-0.002841126872226596,0.09765625,0.037103839218616486,0.06132812425494194,0.0410563163459301,mix_SI_UT_0_1246,0
-1.338445782661438,-0.0029672477394342422,0.04296875,0.02563016302883625,0.03515625,0.0207790806889534,mix_SI_UT_0_745,0
-1.9093374013900757,0.013016984798014164,0.18359375,0.046010736376047134,0.1213727742433548,0.076063372194767,cauldron_ln_491,0
-1.5361964702606201,0.0071353912353515625,0.09375,0.03539319708943367,0.0872395858168602,0.05615234375,mix_UI_ST_0_35,0
-1.853150486946106,0.010058593936264515,0.09375,0.03549541160464287,0.08544921875,0.05823863670229912,cauldron_ln_11484,1
-1.4020740985870361,0.0062081473879516125,0.0703125,0.04848793148994446,0.0703125,0.0651041716337204,cauldron_ln_27903,1
-1.0186183452606201,-0.0021403920836746693,0.078125,0.032261256128549576,0.0595703125,0.03759765625,cauldron_ln_27832,0
-1.619210124015808,0.0031018066219985485,0.1875,0.049502089619636536,0.10234375298023224,0.0625,mix_UI_ST_0_316,0
-1.937239646911621,0.001329505001194775,0.0859375,0.043620411306619644,0.0859375,0.06718750298023224,mix_SI_UT_0_1082,0
-2.9248664379119873,0.0108642578125,0.09375,0.03802550584077835,0.0849609375,0.06356534361839294,mix_SI_UT_0_1393,0
-1.2025789022445679,0.007443382870405912,0.1015625,0.027866724878549576,0.072265625,0.044921875,cauldron_ln_17896,1
-1.6841610670089722,-0.002180868061259389,0.125,0.05071938782930374,0.0865885466337204,0.052734375,cauldron_ln_26974,0
-1.5069743394851685,0.012594289146363735,0.1015625,0.04371785372495651,0.09375,0.074776791036129,cauldron_ln_15732,1
-1.3756775856018066,-0.0023177298717200756,0.0859375,0.032340824604034424,0.0794270858168602,0.0358072929084301,cauldron_ln_6693,1
-1.463524341583252,-0.004956054501235485,0.0703125,0.03387397900223732,0.05859375,0.0343424491584301,cauldron_ln_22509,0
-1.3473410606384277,-0.0019068998517468572,0.1171875,0.04070419445633888,0.0690104216337204,0.04250919073820114,cauldron_ln_29787,0
-0.7504773139953613,-0.0013219660613685846,0.041015625,0.015784582123160362,0.0302734375,0.01796874962747097,mix_SI_UT_0_1351,0
-2.120452880859375,0.003721725195646286,0.1875,0.05285440757870674,0.11328125,0.068359375,cauldron_ln_832,0
-2.0587878227233887,0.0159258171916008,0.111328125,0.03814949095249176,0.0986328125,0.0711495578289032,cauldron_ln_11470,0
-2.3627049922943115,0.002277483232319355,0.1015625,0.040081851184368134,0.0755208358168602,0.05419921875,mix_SI_UT_0_1049,0
-1.5885339975357056,0.002623818116262555,0.0859375,0.03542078658938408,0.068359375,0.046875,mix_SI_UT_0_150,0
-1.4887735843658447,0.0021235148888081312,0.125,0.04128396138548851,0.0869140625,0.0520833358168602,mix_SI_UT_0_228,0
-1.8063271045684814,-0.006724964827299118,0.08203125,0.031148511916399002,0.052734375,0.02838134765625,cauldron_ln_25871,0
-1.503222107887268,-0.0005676269647665322,0.09375,0.04166381061077118,0.0703125,0.0474330373108387,cauldron_ln_21101,0
-1.5311936140060425,-0.00146484375,0.109375,0.052100855857133865,0.0950520858168602,0.061279296875,cauldron_ln_26926,1
-1.1050281524658203,0.0017763335490599275,0.125,0.03508713096380234,0.0810546875,0.0461077019572258,mix_UI_ST_0_830,0
-1.6166465282440186,-0.006636434234678745,0.09375,0.042330965399742126,0.0706380233168602,0.040618896484375,cauldron_ln_21076,1
-0.7379982471466064,0.003469848772510886,0.0546875,0.017051128670573235,0.03955078125,0.02324218861758709,mix_SI_UT_0_1219,0
-1.3506090641021729,-0.0019251506309956312,0.109375,0.041451528668403625,0.082275390625,0.046409972012043,cauldron_ln_16827,0
-1.0836925506591797,-0.006549703422933817,0.05078125,0.030029868707060814,0.0458984375,0.0228097103536129,cauldron_ln_12497,0
-1.5127191543579102,0.0010960897197946906,0.09765625,0.03638095781207085,0.068917416036129,0.0410698801279068,cauldron_ln_24451,0
-1.2977800369262695,-0.003495868993923068,0.07421875,0.042978283017873764,0.0625,0.04638671875,mix_SI_UT_0_1212,0
-2.1155219078063965,0.003867701394483447,0.12890625,0.048015762120485306,0.09921874850988388,0.0648019015789032,cauldron_ln_9630,0
-1.7381224632263184,0.006664135027676821,0.0546875,0.030143963173031807,0.052734375,0.0439453125,mix_SI_UT_0_577,0
-1.3867943286895752,0.001680615940131247,0.1484375,0.03481970727443695,0.0770089328289032,0.04368681088089943,mix_SI_UT_0_652,0
-1.1437779664993286,0.004677630495280027,0.08984375,0.031209733337163925,0.06884765625,0.04740767180919647,cauldron_ln_28083,1
-1.9017772674560547,-0.0016620343085378408,0.0859375,0.041424527764320374,0.0719401091337204,0.044464111328125,cauldron_ln_18318,1
-1.7329270839691162,0.0033615112770348787,0.09375,0.04300583153963089,0.08203125,0.05898437649011612,mix_SI_UT_0_973,0
-1.347874402999878,0.004709642846137285,0.0703125,0.02687397412955761,0.0634765625,0.04414062574505806,mix_SI_UT_0_1241,0
-2.1301703453063965,-0.0003643232339527458,0.1328125,0.043650612235069275,0.077039934694767,0.0510660819709301,cauldron_ln_18543,0
-1.0382368564605713,-0.000620249193161726,0.09375,0.03781416267156601,0.078125,0.0454644113779068,mix_UI_ST_0_69,0
-0.8469860553741455,-0.00033651816193014383,0.0595703125,0.02944846823811531,0.0458984375,0.0314670130610466,cauldron_ln_13834,1
-1.4591102600097656,-0.0029274269472807646,0.109375,0.034032050520181656,0.0703125,0.03479943051934242,mix_UI_ST_0_1193,0
-1.24295973777771,0.0018858617404475808,0.16015625,0.04148101806640625,0.0859375,0.0450032576918602,cauldron_ln_7612,0
-1.480360984802246,-0.005320231430232525,0.0390625,0.03168859705328941,0.03515625,0.02685546875,mix_UI_ST_0_472,0
-1.7134802341461182,0.008225013501942158,0.078125,0.02638115920126438,0.0625,0.0438058041036129,cauldron_ln_15272,0
-1.5785880088806152,-0.002185639925301075,0.171875,0.056132297962903976,0.119140625,0.07304687798023224,cauldron_ln_17158,0
-2.0117645263671875,0.0074218749068677425,0.171875,0.04876627027988434,0.0966796875,0.0654296875,mix_SI_UT_0_755,0
-2.1113405227661133,0.0005137125845067203,0.21875,0.05697624757885933,0.13671875,0.07080078125,mix_UI_ST_0_1252,0
-0.957265317440033,0.0006906609633006155,0.05859375,0.0340968519449234,0.05859375,0.0390625,cauldron_ln_24902,1
-1.459036111831665,0.002501747803762555,0.0625,0.03420393541455269,0.0478515625,0.03861860930919647,mix_UI_ST_0_780,0
-1.7047998905181885,0.00964936800301075,0.0625,0.03185746446251869,0.056640625,0.05000000074505806,cauldron_ln_19401,0
-1.6938854455947876,-0.010028076358139515,0.046875,0.04357580468058586,0.0416666679084301,0.0322265625,cauldron_ln_29124,0
-2.0078864097595215,-0.007067268248647451,0.09375,0.0434906929731369,0.06591796875,0.04294433817267418,mix_UI_ST_0_484,0
-2.004511833190918,0.003999907523393631,0.171875,0.046592582017183304,0.10703124850988388,0.0602678582072258,cauldron_ln_12940,1
-1.3871545791625977,0.0026154695078730583,0.0625,0.03652149811387062,0.0625,0.0455729179084301,cauldron_ln_4958,0
-1.2614549398422241,-0.0015505071496590972,0.0859375,0.033218324184417725,0.068359375,0.0348597951233387,cauldron_ln_19599,0
-1.7242257595062256,-0.0028754340019077063,0.0625,0.03773406893014908,0.0625,0.0440538190305233,cauldron_ln_13880,0
-1.6159205436706543,-0.005900065414607525,0.09375,0.04141845181584358,0.0673828125,0.0442708358168602,cauldron_ln_15018,0
-1.843206763267517,-0.00403558649122715,0.0859375,0.032809365540742874,0.0556640625,0.03715820237994194,mix_SI_UT_0_255,0
-0.8444265127182007,-0.00471357861533761,0.0703125,0.03676091879606247,0.0540364608168602,0.030242919921875,mix_SI_UT_0_48,0
-2.1566977500915527,0.0010279605630785227,0.078125,0.0428398922085762,0.0677083358168602,0.0529513880610466,mix_UI_ST_0_723,0
-2.4493627548217773,2.154182038793806e-05,0.09375,0.03800973668694496,0.064453125,0.0475260429084301,mix_SI_UT_0_1333,0
-3.5311942100524902,0.0014703924534842372,0.078125,0.05098480358719826,0.07421875,0.05937499925494194,mix_UI_ST_0_254,0
-2.5692059993743896,0.007970473729074001,0.109375,0.04350724816322327,0.09375,0.068359375,cauldron_ln_18353,1
-1.8366962671279907,0.008183593861758709,0.09375,0.037895385175943375,0.08984375,0.0592447929084301,mix_SI_UT_0_1422,0
-1.280240774154663,0.003754813689738512,0.06640625,0.024667469784617424,0.04765624925494194,0.030686600133776665,mix_SI_UT_0_83,0
-1.429201364517212,-0.003383091650903225,0.05078125,0.039060838520526886,0.05078125,0.0436197929084301,cauldron_ln_14853,0
-1.7140432596206665,-0.0011883635306730866,0.1171875,0.038140565156936646,0.0696614608168602,0.04656982421875,mix_SI_UT_0_541,0
-1.4113264083862305,0.0010668945033103228,0.0625,0.03549077361822128,0.0625,0.041015625,mix_UI_ST_0_730,0
-1.3123180866241455,0.0011393228778615594,0.07421875,0.030490854755043983,0.07421875,0.0439453125,mix_SI_UT_0_91,0
-1.1962029933929443,0.0016597918001934886,0.0859375,0.03224807232618332,0.0670572966337204,0.0426025390625,mix_UI_ST_0_1357,0
-2.1146209239959717,0.0006267114658840001,0.1484375,0.05186374858021736,0.0974392369389534,0.0623779296875,mix_SI_UT_0_220,0
-1.5934706926345825,0.006691597867757082,0.125,0.04172827675938606,0.0870535746216774,0.0580512173473835,mix_UI_ST_0_1266,0
-0.9380345344543457,3.0145411074045114e-05,0.16015625,0.02961365319788456,0.0633544921875,0.03292541578412056,cauldron_ln_24377,1
-1.8437765836715698,0.012293498031795025,0.15234375,0.05353568494319916,0.134765625,0.0833333358168602,mix_SI_UT_0_426,0
-1.3812623023986816,-0.007617187686264515,0.0859375,0.03943629935383797,0.0712890625,0.03533380851149559,mix_SI_UT_0_1435,0
-1.2721376419067383,-0.0030201878398656845,0.109375,0.03668805584311485,0.06562500447034836,0.0421840138733387,mix_SI_UT_0_69,0
-1.2419497966766357,0.0010973248863592744,0.125,0.03223701938986778,0.0736607164144516,0.038764506578445435,mix_UI_ST_0_659,0
-2.6276979446411133,0.0028904506471008062,0.1484375,0.04602792114019394,0.10468750447034836,0.0627790242433548,mix_SI_UT_0_161,0
-1.3630411624908447,0.008279098197817802,0.1328125,0.03560660406947136,0.109375,0.056640625,mix_SI_UT_0_1068,0
-1.8420710563659668,0.0006424753228202462,0.0546875,0.03500751405954361,0.0546875,0.044921875,mix_SI_UT_0_646,0
-1.059375524520874,-0.0030445773154497147,0.09375,0.03584454208612442,0.09375,0.03814697265625,mix_UI_ST_0_283,0
-1.578580379486084,-0.006606252398341894,0.1328125,0.038035325706005096,0.0707310289144516,0.035875823348760605,mix_SI_UT_0_538,0
-1.245708703994751,0.0025055448058992624,0.171875,0.04143638163805008,0.09453125298023224,0.0533098503947258,cauldron_ln_22053,1
