id,is_member
32656,0.9454695
137254,0.038639262
134884,0.80464286
33065,0.7284435
34304,0.8794014
135396,0.02421571
136721,0.78005177
132335,0.026247608
136398,0.013660555
33421,0.60381794
31249,0.8658842
133683,0.35910988
130332,0.56487703
32617,0.914193
134819,0.013851619
136244,0.7390312
131151,0.051409837
35543,0.78800744
32599,0.9404624
30335,0.7265957
35360,0.9076645
132061,0.5330499
133928,0.015822327
131173,0.5229126
133041,0.2621688
134466,0.05315006
31295,0.9094008
33917,0.90898126
136154,0.2032718
36291,0.6590952
31604,0.8885076
30039,0.91433215
132068,0.03599873
31396,0.8555303
37018,0.7850055
37454,0.7904356
34755,0.68372786
32401,0.72067475
131967,0.009341309
131420,0.15899923
33458,0.84278566
133404,0.106696755
30938,0.934341
34434,0.79878587
30370,0.8148523
134846,0.06409299
36744,0.3991735
33694,0.7196119
133896,0.13708292
133409,0.009235587
135258,0.06986476
30312,0.69369686
31267,0.20881924
32145,0.8418263
134533,0.07722132
132367,0.77812284
131736,0.61859226
37045,0.54557765
134933,0.10613052
132334,0.09187314
135048,0.03954952
133437,0.025169013
135135,0.09752331
32981,0.9169109
133779,0.35845855
35166,0.47442064
130358,0.273399
35939,0.95826316
32458,0.7139771
133867,0.071705155
131277,0.033822555
32603,0.5502141
133534,0.10866983
31921,0.9432055
137129,0.04547806
32207,0.9093387
30851,0.1655288
32277,0.034602907
33730,0.33913592
32695,0.49261189
131483,0.019251447
32041,0.8277497
34679,0.75766015
133778,0.04756507
136457,0.017100427
130801,0.031189373
134360,0.7182353
31390,0.88968533
34822,0.5403459
33445,0.8856405
31808,0.59726197
130865,0.86052513
33780,0.8964154
130220,0.23356192
136648,0.16317639
130862,0.013281666
34505,0.8469367
134794,0.15928021
35679,0.9537303
31125,0.78853834
34442,0.96242654
135840,0.020954201
133264,0.33443063
133228,0.42277607
130805,0.07911634
35775,0.70281386
36310,0.5281763
36323,0.70200837
135559,0.63749266
36178,0.88689375
131741,0.7222599
37076,0.6359935
132143,0.19200274
36236,0.7270829
130034,0.24528354
134720,0.09230699
133103,0.040222302
131733,0.08768003
34760,0.8900091
31484,0.6958143
31140,0.5601126
132741,0.049247615
36771,0.86550456
131636,0.88709915
132305,0.18660687
132714,0.011288186
33523,0.4796938
31511,0.87414634
31388,0.46030992
31515,0.90964115
132157,0.53376776
34312,0.6074353
35101,0.91700214
33380,0.58080953
36074,0.7605303
131599,0.14040771
132491,0.011790242
33435,0.57538444
31662,0.43721938
35985,0.37717327
130883,0.2963315
36609,0.82046485
37114,0.9317727
36076,0.47337252
37150,0.9366564
134968,0.836624
132142,0.42047393
137190,0.052759852
32440,0.94345295
35910,0.55030394
136439,0.55817986
130899,0.19631535
132576,0.02658081
31782,0.8273464
132391,0.4226809
32592,0.93563795
132161,0.061814446
32821,0.21888673
33315,0.9369388
32107,0.6027878
30722,0.92130536
133323,0.045781605
134055,0.17997313
30680,0.41950935
132415,0.16638687
36252,0.6175308
34455,0.90153575
34923,0.8463177
136119,0.116814524
36008,0.82606375
135563,0.09316799
135368,0.02843332
131855,0.48431662
135606,0.13842139
30674,0.79919225
31880,0.8896949
134493,0.1791033
34932,0.44475114
31175,0.785069
30605,0.8216394
133520,0.5790147
30267,0.93005097
32104,0.6736102
136365,0.29801425
134180,0.08289284
137365,0.0291135
135407,0.7995521
136205,0.12253439
33642,0.67736274
33746,0.7600537
33099,0.93147475
34844,0.86889
30528,0.30129653
130629,0.07257405
133168,0.6626917
32848,0.48558354
131528,0.12978068
136588,0.6261294
34011,0.8511981
134560,0.4039944
133964,0.25945845
134888,0.75234807
30654,0.58858204
132726,0.5131066
33077,0.92684835
30499,0.6494807
134604,0.62576956
35084,0.785701
135374,0.8572805
30089,0.2691234
131429,0.019198986
31313,0.9365682
35409,0.73670495
136646,0.58133847
130241,0.071473055
35760,0.7480104
134335,0.032753617
136107,0.12009838
30001,0.45198482
36166,0.914465
136623,0.09183323
35494,0.8072981
37157,0.647495
133870,0.24597614
131424,0.72763664
34142,0.8394965
32734,0.5769628
130073,0.695444
30646,0.80310774
30387,0.710722
33252,0.8733792
133861,0.1586526
32742,0.8274948
137484,0.52329516
33162,0.5403332
132665,0.05318315
33449,0.8982593
131114,0.24622564
36121,0.8776345
31629,0.6609385
32414,0.860278
132426,0.30007762
32281,0.6096743
130996,0.28620037
31079,0.8650017
133538,0.4184393
34139,0.8603254
33833,0.9362591
32739,0.8277029
30211,0.62139356
132473,0.021432765
131439,0.022101559
130708,0.039011486
136735,0.023028277
132418,0.008920287
135415,0.41635817
133115,0.003930909
131094,0.4688151
30918,0.48584884
134058,0.23621522
135256,0.0395501
36046,0.33661518
36293,0.9158649
130410,0.7301397
34348,0.56806594
131344,0.07275849
137463,0.15438522
134568,0.63758767
30384,0.91966796
131507,0.3693156
32179,0.9577553
133051,0.4427336
136287,0.2181165
35597,0.9177749
131952,0.018327318
35104,0.9020763
132344,0.45477584
131187,0.022405233
32422,0.47242388
35503,0.87082314
36457,0.9110159
34200,0.48079687
31173,0.94868684
32406,0.48401594
133880,0.041103262
30420,0.40678775
35892,0.81930256
137170,0.80108196
133539,0.0045482228
132406,0.20953558
136749,0.11712002
136116,0.005620644
30493,0.9483573
34032,0.89642924
33283,0.61465
136000,0.88630134
135682,0.049352802
137013,0.012988651
132397,0.16458361
132408,0.020583186
133663,0.31738782
35916,0.6531087
34974,0.5324471
33578,0.9285904
33277,0.9244355
137147,0.60748076
32726,0.7424133
33470,0.7810819
31415,0.06391071
136042,0.16489454
130006,0.06849177
133221,0.1404112
131904,0.018810177
32465,0.92433476
36284,0.8846509
134578,0.6303551
130973,0.15364009
136593,0.64322317
133868,0.08651033
136972,0.3678519
130005,0.021339804
34071,0.89512765
34752,0.8386425
132540,0.8221815
134660,0.013305314
36489,0.9070303
32215,0.93297666
36319,0.93337846
132121,0.029302342
136826,0.8886409
32798,0.829717
135144,0.026671737
130694,0.07810264
31773,0.58521324
132368,0.32831526
132457,0.1585551
135229,0.007363968
30188,0.9314048
35387,0.24972525
134553,0.03343204
131062,0.64221233
36585,0.82461053
36030,0.86117184
32783,0.9257197
131284,0.8582459
34575,0.9032511
30882,0.85347944
34613,0.40938297
131248,0.5406431
136157,0.03354389
32769,0.870225
130097,0.44823304
31020,0.9211681
133559,0.08930755
30896,0.72506094
133488,0.23426919
133631,0.05436005
34141,0.6982967
34260,0.77677274
35560,0.27043492
31622,0.95298004
35035,0.4580853
33852,0.7280157
135491,0.024248322
30820,0.92987573
32493,0.84626734
32351,0.93988764
32745,0.85735846
36623,0.73213166
36073,0.8430518
135393,0.03582436
37277,0.842506
136748,0.36214986
136824,0.4879517
131296,0.02483112
131664,0.015467
36241,0.6974017
32411,0.80684024
30853,0.3844658
36141,0.9320332
131902,0.27475184
130965,0.3495844
36117,0.7356794
34827,0.8387154
32487,0.9435854
130007,0.48776105
32685,0.70962965
133023,0.0507703
32650,0.93573856
31065,0.29494438
135785,0.1300985
134852,0.20901583
30187,0.12981215
34430,0.8148278
134177,0.6032875
35614,0.053397898
32261,0.7882678
32740,0.9394772
36281,0.34762043
133727,0.06324003
36423,0.90440345
30106,0.88553816
31389,0.73966354
37451,0.019073002
32560,0.54601365
33705,0.88657475
34982,0.8179984
34461,0.6325985
132221,0.5959358
30422,0.6939454
135795,0.6410129
130317,0.02088956
135294,0.28407636
137204,0.6199375
36240,0.8272017
132313,0.3835836
34785,0.56099486
137036,0.27857006
36429,0.6006259
30223,0.8772101
37179,0.91605765
35058,0.63136727
32071,0.878073
35230,0.7169036
31504,0.47420388
131821,0.30720276
30777,0.9716313
132861,0.42333633
33659,0.3194824
137059,0.39217627
135926,0.7223058
134802,0.24647164
131713,0.052235723
130303,0.24952015
36729,0.92857283
133938,0.68340385
34490,0.9150689
37259,0.95741194
135569,0.011774164
32381,0.5474145
34671,0.8835277
132400,0.085474275
137104,0.019488148
130907,0.5752094
130022,0.03209463
35795,0.9371208
132546,0.107679494
35839,0.9344505
35022,0.6189338
137272,0.081121415
131937,0.400701
33859,0.86862683
33788,0.8359739
136459,0.8440118
131509,0.041512363
131860,0.0066225254
131307,0.3408985
136339,0.074284
135054,0.03851307
130021,0.15827198
137043,0.08851274
30326,0.94661427
34564,0.5281153
136812,0.02074369
133185,0.26236996
134175,0.3563983
31034,0.8704752
36037,0.9284607
31715,0.3496898
131166,0.69692653
131140,0.06098781
133052,0.21190743
132291,0.5294939
37197,0.8383949
36021,0.7861668
131682,0.034350876
31112,0.61697775
37275,0.24743329
34726,0.874176
131551,0.64733505
30332,0.8825922
134328,0.6476873
35245,0.88435465
136211,0.85680014
135724,0.42874813
31383,0.73831123
131756,0.748567
133196,0.24155842
132798,0.87821054
132542,0.8099594
33931,0.805398
34370,0.21969911
35015,0.13279846
136401,0.42172262
136814,0.058971193
37443,0.95213115
35752,0.6932979
36099,0.8025041
130721,0.0757561
136240,0.038087264
132315,0.072307825
36066,0.4393413
131178,0.5814249
35857,0.802041
36859,0.89056385
134659,0.15395841
132783,0.301097
36620,0.89251876
130330,0.8276157
130483,0.653428
35272,0.8623939
132684,0.45529726
134681,0.2666348
35204,0.18149576
32246,0.9347882
133187,0.014221243
33691,0.85862786
132263,0.64188373
132946,0.11523535
34110,0.9578535
37176,0.06279429
32000,0.9086694
34593,0.6652858
131943,0.047794156
34881,0.80853814
131169,0.45704055
31711,0.9459372
36459,0.720447
130344,0.063846126
135418,0.93098265
133131,0.06492654
132724,0.86338836
135161,0.009659245
135466,0.82548094
30560,0.7880405
30945,0.91498506
131346,0.0076308846
30792,0.85178167
134935,0.17114897
37010,0.9609668
133302,0.41168022
130491,0.051159367
36441,0.7260614
34680,0.7748703
36826,0.8870578
31106,0.758106
134234,0.6026538
134463,0.65347016
30762,0.4759062
135792,0.96107316
37099,0.8642414
36230,0.66774476
131157,0.08863829
30660,0.7582584
30907,0.85485226
33041,0.6084442
134406,0.13647828
137207,0.05487866
134209,0.19884323
37351,0.77173483
136032,0.04492973
133033,0.010168294
133371,0.43331283
133140,0.11568056
133687,0.6450388
134469,0.021534685
132579,0.76247597
36432,0.9595966
31704,0.8678317
130174,0.0036994976
30095,0.77422893
30960,0.83027893
33024,0.93309385
34086,0.90341634
137472,0.04494476
34177,0.90839255
131726,0.85424453
130311,0.15501717
133998,0.7460493
30436,0.7831414
131063,0.7677209
36263,0.77993774
136590,0.40325883
31924,0.91530836
30803,0.85952157
137246,0.0058412096
37397,0.84199303
35973,0.7938435
133985,0.036234148
32400,0.42155042
37245,0.89862764
33926,0.86190486
32079,0.86540073
36550,0.9496199
35304,0.68628085
130739,0.03662887
135794,0.12379532
35984,0.5562133
133137,0.101916075
31254,0.8177742
137310,0.47610357
31720,0.44119057
31668,0.4557705
130243,0.19664076
135902,0.2367154
33734,0.07941412
33163,0.9522082
134280,0.34505928
131265,0.16524735
132754,0.8312675
31046,0.8812298
131359,0.16181526
133243,0.7581917
34358,0.8501926
37139,0.7704895
131960,0.007968027
33158,0.89024097
133016,0.38453257
134255,0.6631458
34617,0.7285182
36567,0.9149711
31425,0.02825993
31684,0.5806565
132385,0.18876177
34207,0.6655957
135570,0.14000057
37464,0.8723504
132069,0.009926535
30423,0.96730274
135542,0.012365603
131465,0.07490007
135120,0.2771193
131318,0.2005639
133535,0.15957452
35800,0.65001535
132878,0.4536005
34524,0.8513411
37425,0.900292
135345,0.11540492
30577,0.95784247
137492,0.010420963
134365,0.49099198
35690,0.8531937
130094,0.8404997
33794,0.69128
34333,0.8529438
130482,0.5705132
37362,0.9168039
34652,0.5514307
130395,0.056189127
35828,0.7197077
130958,0.0058517996
133993,0.019968648
133700,0.14942436
30703,0.54343694
134378,0.04755891
130897,0.06852949
33825,0.8894197
36512,0.6235884
133894,0.28884885
32265,0.83856803
136504,0.3287058
31944,0.6411242
132014,0.8587428
35041,0.6143195
134151,0.2669289
130351,0.033766013
31211,0.9076581
37061,0.87092894
136615,0.09793023
34978,0.8868015
34691,0.8252738
133686,0.8202555
135679,0.6647149
135136,0.11262946
34026,0.9184425
31342,0.9584378
134079,0.8225444
133295,0.54982185
135408,0.80385095
130019,0.03566242
30618,0.58238024
32772,0.84838676
131941,0.08188877
135533,0.019603236
137051,0.15203437
30894,0.955615
133058,0.014393215
136138,0.49714124
135018,0.1657383
34527,0.9593333
132825,0.005280588
134429,0.5041615
35191,0.2613539
36707,0.8087355
35962,0.8881603
34091,0.255304
36062,0.8439618
34475,0.6806552
36863,0.8921376
34943,0.68128127
132784,0.037023455
32425,0.8814422
35592,0.6380471
34386,0.6191169
132796,0.5640177
34058,0.8676575
132246,0.091112696
136493,0.13071361
137303,0.23380505
31971,0.94794214
35203,0.7893915
132598,0.5095041
135994,0.6979474
31137,0.90096796
34498,0.37693274
35057,0.94896924
31962,0.12351939
130595,0.044515546
34482,0.8721167
134634,0.05657968
134530,0.4157858
31778,0.88927054
31336,0.8076163
31184,0.92876536
34919,0.9364681
130838,0.010644413
132864,0.1408383
137086,0.14991975
35570,0.18472725
134845,0.06282231
35873,0.93691736
132393,0.794895
131320,0.052205477
35787,0.88978684
133301,0.0049893926
133744,0.07845625
130908,0.22305697
133071,0.03197125
36203,0.9162831
131159,0.030499358
136221,0.102156006
131386,0.032202385
135828,0.7314686
34336,0.73975456
134159,0.116164446
37138,0.90701616
33535,0.94057024
30595,0.94951415
131963,0.022098785
35140,0.8741445
130279,0.010577772
32860,0.17884785
32636,0.76270086
133212,0.09002495
35547,0.73905075
37355,0.780521
36015,0.8509574
132614,0.20570329
37253,0.9243737
33299,0.87431663
132950,0.15692206
32806,0.92619765
34117,0.6124173
133772,0.41737163
35482,0.764682
136097,0.15179078
132681,0.025697049
133608,0.18770677
130144,0.009788765
136229,0.0051794793
35577,0.7036562
130910,0.6523253
134068,0.089366086
37204,0.90949434
131834,0.8274633
36139,0.5901079
37357,0.3906322
30151,0.85954666
33708,0.85605884
132144,0.0062547512
31861,0.8035131
31303,0.6180325
132383,0.07785082
135551,0.5005395
131667,0.1870047
132947,0.690919
35186,0.7421118
134613,0.10290611
137199,0.050555754
37067,0.5613993
34596,0.91295636
34667,0.39816892
131648,0.47627452
33188,0.7987734
36748,0.9027796
32964,0.9334816
33728,0.5864555
133156,0.37894303
132807,0.02057653
130038,0.050885655
131725,0.019824352
32594,0.87210554
130052,0.14645553
33748,0.86536634
133673,0.09753452
130854,0.17675045
135662,0.19941741
34301,0.86158735
30048,0.8846003
36025,0.25481984
32067,0.8908146
134322,0.096398346
33415,0.89030504
32625,0.94950706
131384,0.13188533
134026,0.09468027
133427,0.0370459
31729,0.26930317
32158,0.51811486
130027,0.027320262
134302,0.02945454
135947,0.06036214
132299,0.08782144
30874,0.5868419
136933,0.050326563
137316,0.59332925
37271,0.8158761
32647,0.13295458
34971,0.95533323
133738,0.1002774
31644,0.91099614
36091,0.73852456
32672,0.410004
31983,0.9410011
133586,0.02130542
137411,0.05128689
34006,0.92510647
31026,0.8460825
30250,0.8523903
31310,0.96485513
131998,0.7982598
135747,0.8656805
133521,0.19505626
132005,0.03514694
137276,0.6587464
137358,0.32367164
35491,0.881601
34539,0.18616158
136034,0.015760822
131553,0.78569514
33688,0.78384405
135508,0.21167561
34464,0.7279514
132236,0.26933053
33300,0.7677209
31813,0.27525145
132141,0.5830157
35316,0.8519873
136701,0.05238093
30339,0.654436
132646,0.24962214
31599,0.87510866
131810,0.00915532
134816,0.17149907
32983,0.88029265
32088,0.81981605
33442,0.8971248
135234,0.7420203
134957,0.038905993
31661,0.7322939
30208,0.95382094
34611,0.9469171
132848,0.32271886
37079,0.8857703
131746,0.008397974
30482,0.5474526
133152,0.24330197
133329,0.055210155
134250,0.030094296
30505,0.41000557
35190,0.14070083
35138,0.8485809
36575,0.80387187
34909,0.7431305
31829,0.7689636
30877,0.86648834
34955,0.7555976
33698,0.9112171
31514,0.91593766
136541,0.023770472
33109,0.9216712
131969,0.039216742
32471,0.43486723
132939,0.2105697
135919,0.022079788
136144,0.056714013
131353,0.026541214
134981,0.024615223
33320,0.4109216
35923,0.8977318
132923,0.116832145
31441,0.90078306
134496,0.30623773
134428,0.9533203
33576,0.410068
132811,0.9025639
137032,0.014446427
32889,0.18157235
131028,0.6092558
30506,0.8087233
33361,0.7697706
35343,0.7026307
33070,0.90696055
32005,0.48496622
131817,0.00643885
35922,0.914979
36334,0.88186103
37265,0.91344
133650,0.3516822
31538,0.3706987
30785,0.9256301
30470,0.9073351
137371,0.70549077
35785,0.26842064
132920,0.065510616
134599,0.069978125
134538,0.0306201
131084,0.20885421
130628,0.5589922
32825,0.8897726
133590,0.863597
134084,0.6408569
132719,0.012825789
135032,0.5063348
130054,0.05732432
135506,0.7204259
137280,0.8136028
134231,0.11011794
136373,0.026605397
31365,0.8255236
136099,0.51927775
31086,0.95136464
131039,0.19835773
133579,0.37027243
37030,0.73174566
35206,0.7979933
131121,0.08476503
35422,0.66185516
37228,0.877635
135025,0.6193026
136402,0.022968119
131421,0.28615984
137120,0.25390267
134564,0.31296295
35825,0.15630552
136367,0.30461168
33169,0.6930871
33161,0.8308821
132571,0.75934064
34850,0.30764452
31369,0.783587
134312,0.028988373
32691,0.7907845
134942,0.0875855
130702,0.029354068
135985,0.042418625
135573,0.12945843
137197,0.034234203
36610,0.8544269
135170,0.11047114
134768,0.53583175
32954,0.9249317
36666,0.91582817
133505,0.49772325
34641,0.90079784
130831,0.032073833
134661,0.01587362
137156,0.43754447
33671,0.8732649
35545,0.9194064
33480,0.70565116
132834,0.041095097
36067,0.8473673
36633,0.2664197
33704,0.36820045
132488,0.10286139
133223,0.025274264
135874,0.70696956
136503,0.09159817
130246,0.082435094
133445,0.28348568
34754,0.79848784
36018,0.6519048
132078,0.068058535
132975,0.7648607
31548,0.7748036
133385,0.07733215
133144,0.39222845
136005,0.017786428
36329,0.9152045
134675,0.07029464
136418,0.7767591
134001,0.4700164
31000,0.94580793
33540,0.9099876
131772,0.032123413
132904,0.74885446
36710,0.7732833
132941,0.47847715
135779,0.012629812
136348,0.14625603
135235,0.08441942
132035,0.8321429
135148,0.3427395
30641,0.050809022
134947,0.23490745
132007,0.012270484
137182,0.7324855
35505,0.84279853
30948,0.9515794
31506,0.8284069
136586,0.38166717
133766,0.1703133
130134,0.042625375
137428,0.36737746
30567,0.7699396
133602,0.587148
35817,0.7058916
133355,0.29044378
31837,0.9471476
135472,0.020632789
31166,0.295565
133260,0.20862894
33276,0.7944983
31601,0.48843476
32775,0.9022101
34777,0.5907101
135469,0.1749327
132330,0.54206914
132476,0.14986879
136335,0.33116406
131978,0.12880243
34689,0.887786
137206,0.039942086
135223,0.8266936
130433,0.029105514
32692,0.8176594
132219,0.87347734
134577,0.026333723
133166,0.41901466
34116,0.92130274
135182,0.031037224
133046,0.2655454
132483,0.046658747
132401,0.058606755
37163,0.8845042
136643,0.024218883
33216,0.9525839
132524,0.2440645
34355,0.85965145
35670,0.94390345
134791,0.010363373
131917,0.10657015
36063,0.88510215
132003,0.058764514
135246,0.21370699
36239,0.8748513
33770,0.85697216
132266,0.6018303
133026,0.06647597
36749,0.7624787
34375,0.88248664
35226,0.85491604
32334,0.84631324
131830,0.034821343
36122,0.742069
130032,0.0684091
130663,0.015760392
132884,0.27934045
33714,0.8868887
35724,0.8778711
136838,0.07576941
130412,0.012728778
134436,0.02800386
137409,0.70529795
32338,0.818924
133729,0.07973972
131040,0.03376616
134618,0.76508987
35044,0.9167015
130727,0.14953661
135656,0.054220818
131544,0.06032563
33490,0.9174199
130068,0.7127667
33778,0.7377505
36160,0.87268966
35572,0.90861654
132727,0.11498374
133496,0.41270536
36916,0.8815827
134447,0.46756822
131812,0.641446
31585,0.91857016
133238,0.024411233
31954,0.89824617
135647,0.25383538
36165,0.8229067
134500,0.67920965
133234,0.620247
136662,0.0076830145
33050,0.85009074
35983,0.8459518
32177,0.9678954
36162,0.8806821
135692,0.019754402
132129,0.39814538
34501,0.5239493
131464,0.010670058
135922,0.034356948
131220,0.80072737
31164,0.91553724
135108,0.09142014
133607,0.045761686
135110,0.076045975
131230,0.6134618
134331,0.7201315
30912,0.22691782
133282,0.18933007
34657,0.36165196
36024,0.91073394
131845,0.084050745
132086,0.20485416
33869,0.89785564
131392,0.004628112
30998,0.6932521
130873,0.0042122165
35450,0.79655963
137169,0.6844975
135494,0.0153131625
31681,0.8467862
33579,0.84769565
132478,0.20217335
33806,0.90396774
135286,0.3447792
37439,0.9050346
33270,0.23783144
136168,0.014942327
32369,0.82982886
30706,0.9508733
32820,0.23409387
134972,0.377436
30206,0.7132295
133862,0.04215899
130845,0.08476124
134203,0.58512986
36990,0.30937532
34283,0.13148159
134396,0.072968595
32049,0.72218037
133824,0.65404266
134327,0.01540243
32059,0.8366425
36599,0.4086334
133025,0.28189087
33097,0.9476174
31640,0.5702119
132321,0.60143405
37488,0.8092905
34558,0.7942159
32512,0.8419417
36355,0.76595354
35259,0.8485185
131624,0.00533998
31480,0.9114656
37005,0.8607095
31261,0.77950925
31023,0.53844565
135538,0.6552178
34289,0.833667
36830,0.85748833
134956,0.030908681
136051,0.0062289033
35235,0.89247084
30985,0.93396556
30249,0.6592213
134521,0.7677761
33234,0.21346782
34843,0.43205497
33823,0.5441025
133770,0.63066494
30109,0.7833985
131798,0.008575953
132999,0.42569518
132617,0.29111275
131699,0.044442933
130252,0.68158513
36790,0.70593905
133995,0.24162744
134814,0.039292254
135016,0.16946007
135726,0.18395972
33482,0.90388685
131189,0.09047877
134540,0.35029635
35152,0.9386904
134940,0.12922032
133235,0.0057460577
33132,0.8620355
36225,0.83114374
30359,0.17946027
34623,0.9070407
34225,0.9615721
137105,0.31626964
134239,0.14196992
131398,0.03603004
131787,0.13295947
33622,0.89208937
135164,0.37068576
33256,0.9089336
132309,0.16234116
33561,0.57241553
130485,0.6534578
33002,0.695235
33310,0.89700156
135158,0.35696897
34588,0.93237287
130866,0.120930314
135707,0.63240993
130927,0.15804978
135895,0.04499933
130464,0.014313862
135327,0.12788533
33627,0.2370219
30147,0.9340763
132662,0.4631144
135856,0.050750967
136880,0.23989193
34098,0.4977261
33782,0.88889444
130336,0.009977699
32344,0.9537064
133567,0.19239046
36518,0.94967794
32712,0.8399858
35144,0.87292796
136225,0.008900803
36205,0.8991749
134262,0.0069634197
134431,0.48657948
36955,0.6236623
136899,0.83723116
35156,0.9375457
37193,0.16950747
133725,0.20573007
134767,0.21893886
132251,0.73464715
136600,0.04259163
135155,0.044151004
135610,0.13364032
134548,0.09060479
31113,0.89451885
32897,0.9366718
130265,0.054206293
31916,0.29156882
134944,0.009342257
135232,0.41848838
130435,0.16171047
135936,0.18221454
136273,0.58376694
130402,0.036549117
130118,0.039983064
134315,0.12640269
33183,0.8594104
32849,0.9311943
130934,0.3145042
33590,0.7251995
35763,0.92336106
35427,0.92748713
132715,0.27257845
130186,0.04823573
35285,0.09255209
30687,0.8778906
31408,0.43311778
135215,0.06929008
37290,0.89817494
133036,0.45067954
37378,0.6792066
34664,0.8427544
130857,0.12236077
30323,0.9028571
31716,0.8849396
131942,0.015005005
133179,0.6617884
130431,0.081273995
134098,0.2566114
134588,0.33697996
30284,0.7969633
32027,0.9543143
30891,0.88543487
132164,0.72166824
133313,0.019337362
32811,0.85113597
34228,0.8746697
33386,0.5743488
34284,0.6944652
131269,0.5332043
32736,0.9274912
131164,0.800303
36736,0.67453665
133424,0.7871666
136330,0.8577104
36814,0.10913846
31378,0.92820424
30441,0.920869
134687,0.046468288
31498,0.6801697
34362,0.6639158
34934,0.2651297
30199,0.87460804
130309,0.19268829
30886,0.6243461
32513,0.8425742
32892,0.84324706
32719,0.96583176
133287,0.17175022
130695,0.30575022
136374,0.23587862
37468,0.823041
34662,0.81337744
33230,0.7762586
33115,0.812281
131484,0.36031955
33731,0.94428355
30270,0.8719374
131780,0.046142872
31316,0.88701695
32729,0.8481266
135012,0.4010041
34446,0.6145304
36245,0.9348783
36386,0.8192109
132563,0.36587518
136309,0.5008527
35094,0.8070527
30408,0.91604334
131886,0.81699604
31251,0.8250952
37074,0.69072515
31769,0.16876729
37017,0.7288617
133670,0.11123334
30333,0.93404585
35768,0.10197643
131043,0.0041406695
35788,0.93050903
35193,0.36861387
34789,0.9147962
132867,0.28959882
137075,0.42713037
133899,0.022988023
32137,0.55458134
33079,0.88323265
132910,0.74047995
136851,0.013547925
133018,0.013370104
31174,0.9007205
32998,0.9297877
132889,0.13129719
35180,0.8771305
134964,0.7278278
35384,0.95623237
134934,0.020087125
134505,0.324425
30879,0.51687974
30772,0.86882836
34959,0.8936901
31429,0.8472644
132897,0.21313597
136768,0.3435606
34220,0.7340698
131826,0.07310042
35395,0.8016143
32294,0.90345097
130418,0.040344574
35743,0.7445559
133794,0.0064244033
135765,0.585877
33875,0.8512331
31615,0.39678755
136199,0.4523258
32960,0.8401212
35403,0.72075176
33528,0.8731958
133382,0.012463473
33432,0.8628776
135314,0.19047605
33839,0.86627465
31758,0.85514253
30085,0.788217
131930,0.36401734
136216,0.68587327
134624,0.30502692
131113,0.70918065
136731,0.008325426
36619,0.6338747
137483,0.026410049
133414,0.8454093
135929,0.200144
131840,0.43979216
132866,0.040106107
30196,0.44415712
30497,0.89331466
132158,0.861587
31030,0.83507854
134620,0.00611206
32506,0.94394827
137111,0.29234117
130869,0.011963268
36454,0.82607186
36495,0.5518967
32502,0.7164886
30649,0.894493
34704,0.6443554
31521,0.12826419
32612,0.625578
134237,0.012991733
33366,0.872928
132928,0.02748103
130500,0.6577077
33683,0.90135634
132667,0.073295176
134590,0.21634331
33551,0.9407489
132077,0.06967208
31915,0.83070946
33062,0.8440943
32087,0.1403643
135875,0.77744424
136087,0.44318932
33510,0.89301586
131257,0.09964866
34272,0.9048771
135428,0.00843707
30474,0.8587016
37286,0.7885074
137494,0.10230361
32525,0.5762517
36578,0.9317408
30999,0.93367296
35359,0.81990284
130217,0.328197
30446,0.8911258
135677,0.050345276
136527,0.069898106
34261,0.90510774
35329,0.95663697
36487,0.71355575
135260,0.20777322
135403,0.16322324
34325,0.8130948
133601,0.014031985
32441,0.7023791
32671,0.90597713
33137,0.58998704
133335,0.8633124
36851,0.8187647
131697,0.18533053
36695,0.75808203
130940,0.17531393
31761,0.68923676
136679,0.2561945
130301,0.04665422
31157,0.715549
35455,0.80693334
131920,0.01543281
30454,0.7511613
134796,0.2730979
131603,0.43951824
135272,0.17887428
134346,0.19163239
134507,0.05162136
131861,0.4490703
30919,0.6857779
30878,0.10532497
34034,0.22119635
133202,0.8217913
32446,0.8769026
136906,0.4193997
37250,0.040567372
34267,0.91774344
130060,0.16613969
130335,0.07039766
34860,0.22168668
134372,0.110561036
30714,0.24530351
37306,0.81774676
35700,0.88164026
130253,0.037826754
34108,0.5207165
130963,0.27715683
30554,0.8244771
134722,0.700511
134343,0.012785859
33777,0.8930114
30239,0.86770606
35784,0.8148372
137245,0.07516785
36903,0.79056865
136338,0.62182176
137040,0.05415416
30492,0.8941971
137334,0.034419976
32940,0.91496503
136008,0.09099677
132700,0.34227142
34988,0.8696351
37416,0.81818104
132508,0.11663904
31901,0.26335913
136267,0.23124407
33236,0.89213574
35328,0.9439587
32252,0.8575043
135484,0.1750753
31648,0.9046568
37346,0.84965277
130603,0.44726875
133412,0.024530819
32171,0.939017
33418,0.39245296
31574,0.7999327
135803,0.38716933
33027,0.9328933
37068,0.864075
131201,0.062447898
33110,0.93076223
33293,0.92684376
35685,0.80941844
36395,0.5163407
134686,0.37458193
30491,0.9350563
32885,0.8675316
137304,0.0803071
33128,0.43213657
31482,0.7438826
36090,0.9294243
33658,0.74363136
135545,0.04697544
130161,0.040834595
30623,0.9458856
134268,0.8055385
135564,0.7613625
30485,0.92351145
131831,0.4768676
131811,0.0942519
137098,0.14983495
32801,0.86234444
132339,0.8418144
32505,0.88358617
36896,0.7921683
131472,0.79040366
31454,0.85546654
31345,0.9266756
134772,0.13825186
36777,0.8276157
33451,0.6153982
35185,0.8281428
30478,0.92795354
135735,0.32644936
134585,0.25187325
131403,0.27226746
31380,0.9119478
136746,0.08905691
136024,0.11474135
135681,0.7656979
33856,0.90391755
132407,0.22841404
137295,0.059671704
33305,0.89793485
31475,0.61784256
134835,0.3149067
131066,0.021357628
133988,0.022580495
132302,0.15486412
35004,0.93883866
32788,0.93332195
131330,0.41253075
132043,0.10023159
130045,0.0026018808
35831,0.10961092
31584,0.8270108
33681,0.9446318
32523,0.5609034
31936,0.8807028
136924,0.1598747
136612,0.018053006
36815,0.7819624
130400,0.034396473
130219,0.2866575
36824,0.95306504
35659,0.93007594
36747,0.78187054
135957,0.5398489
32916,0.5038424
34935,0.5673533
134352,0.054683477
36109,0.910146
135480,0.12207464
135412,0.03713305
133092,0.059926298
35793,0.51785934
130537,0.31343204
131144,0.4131375
37089,0.83897114
135227,0.07960166
33085,0.7851588
134800,0.5774252
131459,0.019871127
32072,0.864174
32725,0.6287218
131639,0.054209277
34603,0.91986805
30077,0.092064284
135141,0.029905125
36848,0.74360436
133865,0.9380803
134418,0.0046263374
131288,0.09337786
135650,0.033172697
34870,0.92261547
34733,0.6207314
36185,0.7584149
32638,0.65969324
31142,0.63158715
34651,0.46457312
33784,0.78239167
130524,0.07199009
31488,0.9343067
30235,0.34826896
131769,0.28008717
34585,0.22657119
135058,0.2417387
133617,0.026949918
135067,0.11833902
134002,0.04640816
131046,0.47994217
136019,0.03233384
134921,0.20061395
131368,0.27261624
35896,0.7273688
35434,0.92004484
134732,0.13288043
36881,0.02371756
31227,0.8729712
134310,0.7788245
34801,0.6103235
36150,0.6733966
30645,0.85438514
35322,0.8087803
130046,0.328462
135399,0.06623473
132652,0.8202341
132431,0.1328551
34670,0.3636396
136372,0.017193807
133430,0.24638677
35981,0.84686196
36045,0.92222315
32693,0.9056123
133835,0.7486812
130601,0.3450318
136171,0.32951474
37051,0.6264269
135536,0.49010655
137148,0.670741
130776,0.052162234
133967,0.046468046
36591,0.9439789
137333,0.14869128
133578,0.13641667
31405,0.962518
36767,0.879965
37007,0.8553929
131966,0.13388664
136415,0.49853683
32415,0.826917
131128,0.018331707
133309,0.057404578
35739,0.59344935
36181,0.8318801
31751,0.92997503
37212,0.9333234
136333,0.10565663
36449,0.8968697
136702,0.20246056
34758,0.6978208
30821,0.86345077
34504,0.9498392
134552,0.5752323
136062,0.41513008
131859,0.5700377
132605,0.32923684
33915,0.88584036
30760,0.46926188
132790,0.19543356
33291,0.85414994
134674,0.016322456
32012,0.8375102
37279,0.9321791
134662,0.55444014
134558,0.033147335
132695,0.3268223
133432,0.05614023
37151,0.5762627
133322,0.45931724
31372,0.76414984
33054,0.88278425
131170,0.116601
34154,0.43320635
135553,0.04744521
134692,0.86386496
36052,0.7270191
35453,0.9478302
36838,0.38417694
134600,0.19259447
134423,0.07185225
130771,0.07287166
136567,0.29468957
33835,0.9113858
34414,0.8400565
132496,0.7788422
136791,0.06376403
34532,0.67841816
132677,0.32332417
33332,0.23729758
135475,0.099339694
33160,0.94195545
131973,0.42519432
135244,0.5276049
35593,0.9213361
34951,0.62186116
130849,0.008318598
132122,0.050746214
36533,0.93795794
31397,0.8959807
31082,0.2203211
35644,0.22341256
136765,0.27166098
35098,0.28484157
31628,0.6924832
31216,0.9164502
130533,0.05420441
133855,0.171805
33943,0.68751895
34736,0.19862947
130587,0.33308992
30013,0.45941082
36801,0.897487
35926,0.72573894
131294,0.26067603
132047,0.7445435
133085,0.2302035
32844,0.7998429
135664,0.064374685
36726,0.8892416
36226,0.8743004
137247,0.87301624
31897,0.74491674
33174,0.9382339
32482,0.897638
33953,0.51874644
36579,0.663169
133421,0.064312726
131168,0.5636813
32293,0.78389233
36035,0.89963084
34865,0.5442269
132417,0.01846311
31243,0.21951678
36866,0.73683846
37231,0.04581902
34416,0.97039413
134575,0.3595847
33411,0.7236553
33119,0.8332077
36650,0.5274659
130049,0.075920746
131628,0.011014714
133175,0.6535422
132815,0.15169412
31363,0.92144096
133126,0.3531493
32637,0.91197306
131412,0.34660238
137344,0.007065695
32384,0.8788816
31209,0.37698343
137131,0.025015965
134697,0.34010515
32868,0.9172429
37300,0.933982
135541,0.33770755
130578,0.038370278
36075,0.89890033
137432,0.85449165
135471,0.074374236
132978,0.010097977
30364,0.892705
36369,0.7595102
34422,0.9209371
137122,0.044034105
131600,0.30731493
34307,0.88436604
130978,0.6166169
37484,0.8579244
134616,0.0144892465
131206,0.1727399
31344,0.36990482
34849,0.28722447
130714,0.016319303
131406,0.069761574
134682,0.11399449
35377,0.78793925
137172,0.03734412
134353,0.090024985
31143,0.90349823
30112,0.9362989
133594,0.16394266
135665,0.038940158
134789,0.5464773
34125,0.51375633
137095,0.55235285
32017,0.91465676
133599,0.03861241
131216,0.88260967
34157,0.7353102
130151,0.73640525
130166,0.11801534
134801,0.008745549
36629,0.90935194
34111,0.45851544
137345,0.42701495
32445,0.4825635
135323,0.098037995
31643,0.72665685
133839,0.047707364
35137,0.91328335
131427,0.30075085
132120,0.012619031
132568,0.040473513
31255,0.47221422
31332,0.49299294
135248,0.079681404
135359,0.077462696
35495,0.81337845
133439,0.8363927
135813,0.47605884
34624,0.76040125
30946,0.8008488
132211,0.60168284
30715,0.87861854
136674,0.006868369
35060,0.87853175
32886,0.8942513
136952,0.016552059
31637,0.90832114
34675,0.93734515
134954,0.2534452
30271,0.92264986
33203,0.78189933
36078,0.8142313
35694,0.7340502
134197,0.06944964
31221,0.7730233
133467,0.046414312
34183,0.84729475
132273,0.06153956
34746,0.6710154
31987,0.86027694
134928,0.7080322
134181,0.36609498
135616,0.19380581
134077,0.016083749
136241,0.19221745
36806,0.798385
136243,0.09912992
37070,0.86179125
134135,0.04751044
36724,0.5641001
135123,0.15998155
34487,0.76191765
136341,0.020833919
34987,0.69974846
134185,0.008724707
37077,0.5740752
33072,0.9362423
33665,0.9358847
36437,0.93294007
37209,0.92751235
34872,0.6314954
37482,0.8770589
35946,0.96410906
33836,0.40754437
30568,0.10672173
35899,0.72906137
133829,0.063324116
132631,0.35245317
136693,0.08165431
31611,0.97186655
132087,0.42859784
35718,0.7219189
37241,0.8759367
31686,0.72344
136981,0.8011713
31220,0.89593947
133710,0.42406684
32378,0.8915504
134747,0.89828205
135674,0.018037602
131872,0.041860785
30668,0.92226255
135113,0.12108497
137348,0.2074114
34703,0.8599643
32102,0.8708891
135757,0.916998
132585,0.26635733
36206,0.8180092
134025,0.1122878
36070,0.8177648
35103,0.8184493
130143,0.074180186
30726,0.87256205
30310,0.86085325
136155,0.13024957
31976,0.87395173
135831,0.05632409
130099,0.008008205
34479,0.7616295
34065,0.7881396
135371,0.11939833
132136,0.041765723
34965,0.2674635
135390,0.15561168
132927,0.29413298
135968,0.037015695
33950,0.906571
130761,0.043406636
33214,0.43729877
131737,0.013556537
131228,0.5187526
30965,0.46872786
35792,0.16060638
132738,0.35376567
130677,0.008547187
35333,0.86913836
36773,0.4520109
34855,0.94272274
137175,0.46730146
33057,0.9149911
30410,0.3356492
131305,0.4939567
34061,0.68812144
34259,0.79049677
35340,0.54440033
37344,0.79693806
136867,0.058668114
35405,0.8616005
137352,0.05088011
130125,0.8463679
34845,0.03565177
133252,0.281641
130367,0.8485329
137035,0.17998701
131996,0.20469545
31210,0.8676365
34540,0.35292274
137305,0.21828598
35578,0.9126959
134065,0.10973435
132575,0.040592805
30794,0.9457256
33802,0.347882
135815,0.01068334
131008,0.08265302
31088,0.8340155
31321,0.92266065
34452,0.91814893
135203,0.85547936
130240,0.85435545
36862,0.8667626
37195,0.118165076
137497,0.2806787
36983,0.7778823
130664,0.16681033
30865,0.85387933
132767,0.022268469
35331,0.83422416
34193,0.92738867
134402,0.058131076
32934,0.92854756
130127,0.17898016
135104,0.0155599415
36439,0.3662511
36440,0.72976196
30933,0.8677054
30735,0.9082233
34431,0.81800383
31286,0.743996
37330,0.75371104
31123,0.7707459
35123,0.6198068
35943,0.9344175
32991,0.5389609
130182,0.057918124
30166,0.72668797
30461,0.6319889
36176,0.7993876
132588,0.7136636
134022,0.32782987
133971,0.015492364
131535,0.41254258
135187,0.10253005
132637,0.84117734
31568,0.94164807
34743,0.79432684
133261,0.20702605
131598,0.28581408
35554,0.89213717
132850,0.05212024
136038,0.0033069379
130481,0.06824609
133370,0.035124227
136854,0.06128241
35039,0.8316299
130211,0.032426823
34882,0.10573155
131654,0.34393066
136125,0.32081625
31762,0.2689969
135614,0.006792537
135208,0.6996086
32240,0.69028914
137291,0.7367191
132209,0.027781207
132862,0.008551367
32494,0.6063147
36007,0.24809353
31195,0.88452
32922,0.8105155
137424,0.5821696
32388,0.780785
136204,0.07011553
34020,0.897228
132203,0.05146488
137115,0.905046
136037,0.68248767
137377,0.2774981
35308,0.79909337
136083,0.29882112
36283,0.117872834
30790,0.91517544
135043,0.52484196
31780,0.91934836
133831,0.045636844
134141,0.017858889
134603,0.23210564
34101,0.9391487
132308,0.04549253
35652,0.8723596
32501,0.8043774
34387,0.5013317
30766,0.5949697
36026,0.31557262
34773,0.7966854
36069,0.70112264
33064,0.8646176
132550,0.47164032
32157,0.8679014
130673,0.39044377
130977,0.5069509
31002,0.6842232
136709,0.5781335
132708,0.04719613
30362,0.92874515
32660,0.93492717
133689,0.074976094
34428,0.89680165
135755,0.14668226
30328,0.8881219
134534,0.042139627
133491,0.04065456
30183,0.92778605
131605,0.10856174
137491,0.30936497
36987,0.81647956
135504,0.05787326
33874,0.85383457
130900,0.0046506273
33168,0.7062251
131071,0.6339575
36992,0.81648266
130692,0.00892976
130326,0.04461546
30656,0.12579279
132338,0.14967014
34831,0.5556192
37420,0.900915
131130,0.3476171
134461,0.0043588006
34600,0.9499428
36574,0.93600357
135912,0.24635299
34883,0.7335819
30781,0.48238823
136979,0.6174789
35348,0.61101997
31450,0.95779455
136232,0.04040716
35095,0.82947135
135107,0.008385139
136948,0.012823707
31367,0.6722524
33840,0.8836427
132543,0.4310939
136026,0.022071721
132860,0.1473381
133575,0.011634112
133502,0.3085921
32101,0.31058207
132355,0.037301518
132474,0.71632075
31269,0.43992016
31917,0.87043214
136565,0.12178951
133757,0.27345353
131435,0.011472419
32013,0.53363436
33706,0.876364
32127,0.9076708
36473,0.8103706
136610,0.9008921
131360,0.4972663
135824,0.014415792
33727,0.9196143
136718,0.6531598
30291,0.27034354
130589,0.007353786
132222,0.08314355
135097,0.029579587
37257,0.7399495
30546,0.18803014
35284,0.90001
134223,0.10626196
30141,0.7963395
131518,0.51914406
31759,0.5556111
130971,0.023607338
33503,0.9378577
131848,0.06370066
37207,0.90791255
31387,0.7791418
131254,0.087992415
35089,0.18254842
35376,0.884762
34842,0.55754316
132379,0.2570914
36660,0.5780877
31010,0.9021894
131816,0.039278712
131727,0.12240613
136253,0.023915062
135587,0.43825856
136078,0.2199587
33595,0.915621
135362,0.09778944
134963,0.026989179
30510,0.72495556
32956,0.5931762
130440,0.030318907
134224,0.043980982
130747,0.09220153
131160,0.043169547
32236,0.72184336
30225,0.87682223
31179,0.9280168
36079,0.8992118
36988,0.9152096
132934,0.1396019
131202,0.2543256
35897,0.9323828
135192,0.27014697
33209,0.505417
33431,0.5712179
136669,0.004502065
34699,0.6304657
136432,0.15446389
136072,0.5605511
136962,0.48439443
35716,0.86312276
35920,0.8967951
30163,0.5418714
32694,0.8794392
36102,0.76558244
130421,0.430819
35728,0.85660493
130790,0.06695328
136606,0.037186306
31867,0.96204597
130607,0.6395566
33179,0.867589
35546,0.71154875
130209,0.028926816
30849,0.5653462
132673,0.69696903
137301,0.045630496
133299,0.27343857
33475,0.33797088
33589,0.93784845
30719,0.80657774
132440,0.4284223
33396,0.81876177
134809,0.08798135
131259,0.086954966
135440,0.28044784
134551,0.4761319
132948,0.01241012
30664,0.110924914
30167,0.13662197
35383,0.83491826
136222,0.019817552
32538,0.9059988
32573,0.941034
37297,0.94167906
32992,0.7456649
132716,0.30935556
33635,0.95491356
130132,0.81876606
30466,0.7978742
32135,0.17839359
136153,0.402697
34605,0.33975077
30433,0.9163121
135645,0.6764813
134642,0.31656152
137135,0.024362199
137009,0.09176296
36686,0.63403356
31559,0.8779624
130565,0.29739863
32082,0.8552699
135640,0.4251608
131806,0.09756323
37436,0.83093673
34391,0.860717
32427,0.91559076
133647,0.18181509
32454,0.770181
30394,0.874328
130092,0.6843807
136698,0.7478418
36953,0.9195043
35654,0.6498097
30952,0.86946976
130648,0.22609228
36010,0.9324085
37210,0.7196598
130029,0.055956356
130734,0.38053378
35646,0.38302216
130116,0.020361405
133217,0.22321156
32110,0.6329973
33512,0.59808093
136234,0.87253904
33624,0.55771047
34476,0.6374919
33529,0.88355637
32165,0.13929513
136226,0.08730349
136954,0.21023555
132170,0.25922617
35294,0.94303983
133637,0.048122734
32587,0.88432294
31572,0.9536064
34826,0.6147474
32670,0.9224925
36670,0.872241
131204,0.068583824
33372,0.9220869
132565,0.024555339
135805,0.012752667
135524,0.49871746
136347,0.004717122
130716,0.1491994
35291,0.4367425
34365,0.8954249
134781,0.8034688
30973,0.9288347
134625,0.014075242
137360,0.3405235
30788,0.8146856
131301,0.066867724
36154,0.73133
35033,0.9270683
36140,0.81149447
35456,0.88641465
133472,0.8770007
35824,0.89667296
133423,0.009340629
136220,0.2692919
133340,0.12954019
30226,0.9339376
34457,0.8568928
35997,0.929149
131205,0.77270126
136179,0.6228007
132006,0.35002232
136423,0.30916107
32522,0.91931796
31271,0.68817127
32460,0.78287536
134152,0.5872322
32509,0.8500381
133378,0.5174911
132342,0.27101186
134644,0.88818836
32727,0.9524754
36571,0.68324506
134930,0.12568606
135036,0.009204302
132551,0.08226181
31147,0.5828515
137394,0.9454204
34147,0.87232894
36275,0.67831707
136149,0.45116633
35159,0.77489877
134038,0.2931639
36430,0.7339117
31528,0.9116224
133399,0.21350965
133498,0.6692057
33228,0.12735444
33424,0.86050844
31589,0.77520007
134761,0.017280739
135791,0.11855285
35305,0.4306978
133739,0.20272313
136976,0.18024692
130386,0.020319702
135960,0.06191485
130915,0.24513383
35386,0.7598641
34458,0.16828181
137380,0.218685
136375,0.039949283
30347,0.72553253
135583,0.16542591
134808,0.39944306
34692,0.93808895
33463,0.84495187
34816,0.51345557
37338,0.119678855
136519,0.87358767
31588,0.082947515
32461,0.84587246
130758,0.034914106
30748,0.88349265
35511,0.6411372
131951,0.005039596
36151,0.6399039
136306,0.20781338
135163,0.35046396
33620,0.8170261
36463,0.7782042
130618,0.012772949
32348,0.86111933
135555,0.50337756
135585,0.2401858
36456,0.61873275
35974,0.56315976
31108,0.85871243
30860,0.8222535
131875,0.017123051
35213,0.097233996
35606,0.8301593
134052,0.7599933
133084,0.82380074
36127,0.9543259
130001,0.079368815
135901,0.92056996
32312,0.79510117
32786,0.109847605
132942,0.35663527
137270,0.17522004
130235,0.027982866
136782,0.037428353
34392,0.85180706
131405,0.22318517
136800,0.56556374
31265,0.8629235
133070,0.56152165
133898,0.23616081
32520,0.8254958
130676,0.014386649
31288,0.6431593
133706,0.08504352
34247,0.8873627
136903,0.0107827615
131460,0.06307241
30117,0.6082363
133434,0.5922845
136006,0.66301626
35433,0.8683888
34793,0.80467147
133676,0.010364493
135712,0.030545289
37093,0.33701447
133749,0.6958556
136461,0.45478955
130157,0.051726274
136191,0.18254055
132213,0.7767093
36392,0.7920714
32843,0.4508072
30152,0.9332696
136780,0.03680166
132354,0.6429815
33044,0.87626064
132075,0.48012954
135450,0.042393267
32051,0.6881706
35640,0.9255687
131759,0.037072763
33068,0.8964864
132777,0.030425588
130492,0.30632588
135820,0.19221126
36598,0.61770463
133265,0.10651106
31909,0.30920145
36374,0.91421616
33147,0.9096101
32331,0.95773625
134652,0.0457484
131468,0.5417518
130580,0.16324021
33426,0.8722728
130459,0.010682802
132371,0.07913296
137145,0.52433884
133097,0.8847011
36119,0.9483938
34480,0.9491646
131597,0.66893566
35062,0.9370713
130884,0.51115817
36190,0.89321107
37048,0.739254
136043,0.02805836
130983,0.02823067
31699,0.9467372
131584,0.021380957
33358,0.714129
130712,0.010757827
135890,0.30001816
136823,0.13842312
33744,0.41696852
133449,0.009554363
131163,0.35243112
31278,0.80771077
133390,0.035164602
134247,0.7446734
30787,0.9466771
130621,0.48986295
134610,0.087595314
136629,0.9136051
135055,0.012595459
132504,0.3181932
131659,0.056526173
36314,0.9238542
133939,0.5716385
32578,0.4415569
32613,0.92459947
30789,0.87788415
32900,0.87470907
134313,0.019802352
134913,0.058825377
35038,0.5138278
36095,0.816067
135678,0.8420721
136128,0.37712362
132805,0.54238003
31374,0.5511319
35885,0.86442673
133804,0.031399474
134394,0.011027208
36878,0.6593414
132399,0.043452617
32286,0.8502427
33849,0.726665
134985,0.266591
132115,0.5324891
33517,0.85753834
33381,0.8665855
36671,0.68248916
32973,0.8994474
137430,0.1080346
132686,0.048959136
135722,0.050662655
36831,0.6128976
137458,0.61785525
135801,0.06778447
131656,0.040632732
33215,0.9587366
31290,0.8803782
32032,0.8443469
132632,0.5604074
31650,0.94902676
135633,0.15920217
35125,0.8246713
36889,0.9107263
30940,0.5613337
34759,0.90158284
130539,0.026927292
35746,0.70020866
35863,0.89163405
135280,0.011158957
37027,0.17750978
36027,0.77924687
134011,0.13378781
34097,0.84553957
131720,0.3761027
136247,0.5041218
133947,0.018279692
31150,0.86368966
33090,0.5919222
33640,0.93888384
34638,0.83602756
32333,0.5686141
31586,0.71394783
133345,0.5029402
33855,0.46428534
32658,0.79724324
133204,0.56199986
33330,0.4298297
132267,0.09517322
135202,0.1124441
134950,0.31734988
130208,0.1691176
34037,0.5998602
30721,0.8691875
37466,0.8249376
130257,0.41996813
130922,0.17902473
133802,0.09227869
36975,0.7321267
130953,0.6423989
34349,0.56455934
34303,0.7547295
35008,0.22239928
130480,0.7079438
32738,0.7956741
136181,0.13239916
34087,0.86719567
131098,0.77051985
133300,0.0031927866
32478,0.75681835
131927,0.9071131
135376,0.15458652
36112,0.922351
130189,0.027246058
132300,0.03605025
31159,0.55876255
132114,0.057934687
31198,0.95208883
137184,0.018688688
132610,0.026926843
34687,0.9289035
32117,0.90352327
37041,0.88698816
31148,0.42732418
36197,0.9369114
130093,0.23388846
135261,0.40434974
33258,0.95839244
31928,0.86572415
35755,0.88727474
130987,0.06892066
137398,0.05091282
34690,0.5949042
130577,0.19398385
130041,0.019270467
132381,0.097447634
136530,0.046451304
135743,0.027059479
34812,0.47624424
131321,0.06860198
134559,0.13045137
33718,0.77865505
135711,0.7028657
134792,0.7381452
33547,0.94013214
33709,0.8175686
137007,0.9309405
134111,0.18565063
134166,0.019819964
37424,0.8906045
133375,0.05978578
32555,0.6372151
130449,0.19249894
136551,0.73731005
33829,0.9486951
36658,0.7828066
130937,0.04098345
133471,0.76607245
131555,0.033803932
31132,0.76681906
135760,0.5481766
132953,0.8546695
32332,0.6329153
133606,0.0023614394
36316,0.8683017
136770,0.07147883
32283,0.7754468
132936,0.12150875
30930,0.36239696
132098,0.02706818
32932,0.9581778
136672,0.30441815
31230,0.9454764
132630,0.22896405
31031,0.9445627
31518,0.57537603
130359,0.7016794
36222,0.87761146
133931,0.83425564
130447,0.6468456
34681,0.92816347
31810,0.82329994
35040,0.92715055
35075,0.8105425
36419,0.105178624
36941,0.88881314
135186,0.03671688
133132,0.03325761
31043,0.869121
34853,0.94393003
31616,0.66504997
130242,0.23777638
133045,0.09622771
132455,0.049324945
134685,0.022226252
34144,0.8637212
134641,0.03181584
36469,0.57202977
34459,0.22105664
32714,0.8432234
36669,0.6110167
34361,0.92605174
131021,0.45485872
134050,0.109371684
137292,0.009572293
135955,0.031998813
34749,0.89555985
31044,0.8509881
135085,0.12152707
32606,0.52134085
32099,0.85528517
36443,0.93115205
133669,0.012156655
135310,0.56831217
34004,0.8831596
132096,0.2697828
137347,0.073913485
131803,0.91242397
31770,0.8917293
33626,0.45519656
34791,0.35602432
35466,0.505737
135736,0.76114064
33144,0.74387956
31844,0.8803956
134398,0.44922146
30233,0.91062707
34806,0.81362873
35711,0.8743947
37159,0.5865262
37469,0.90139294
136117,0.41366205
132036,0.86371267
137407,0.37409243
33156,0.7905773
34964,0.75362384
134937,0.47531387
133237,0.031605475
131310,0.8689863
131707,0.046060577
33205,0.4629162
36315,0.1589821
33425,0.82890046
34824,0.92304844
137439,0.09128394
31677,0.94687283
30959,0.65374833
136611,0.63328296
137155,0.048854776
30507,0.51009876
34410,0.9131866
132582,0.3611325
33654,0.21280336
131962,0.8712828
37497,0.5984844
133978,0.4896171
133618,0.6888121
134911,0.55961645
137249,0.005665705
35894,0.57367647
37237,0.90928096
131044,0.5789627
33645,0.8093135
36672,0.81209207
136047,0.094628856
34095,0.6410916
136973,0.18895714
132698,0.03558738
33634,0.7591142
32227,0.9179118
30885,0.48373795
35843,0.5139937
33586,0.87618494
136009,0.073970445
132638,0.17306563
131190,0.6395711
33049,0.93550676
36834,0.51451105
136667,0.08369991
130214,0.0050221314
33352,0.6204965
30598,0.8524425
134120,0.38746795
134700,0.55128384
33989,0.83681464
35263,0.71974474
131774,0.030970985
137386,0.050503343
34546,0.6690241
33758,0.29594368
33961,0.34996852
35135,0.87719464
34278,0.9477508
133183,0.6894976
31487,0.9217089
33208,0.6440095
36036,0.82996655
134417,0.16858172
36837,0.9303331
37379,0.8457188
136455,0.094319455
32994,0.9001473
137010,0.03458682
35904,0.85619134
31776,0.8687798
131462,0.16739237
31501,0.95375586
31070,0.8839764
131868,0.039358042
132331,0.004521947
132138,0.027252227
130086,0.5120347
136269,0.099378504
31847,0.8728757
32068,0.5850881
33329,0.735936
136379,0.008924849
30732,0.9486278
135188,0.07429287
136209,0.08602523
131782,0.0048463824
131270,0.026101625
37293,0.87565565
134326,0.016241759
36442,0.8884563
136349,0.14201225
134864,0.27963012
33819,0.9515584
130231,0.062472206
132944,0.025329951
31990,0.9572023
130969,0.21918124
33902,0.8112117
133086,0.05840266
36346,0.94565356
31746,0.40888414
37208,0.8777434
37132,0.7431737
132736,0.030876229
130425,0.4923699
31874,0.85558397
32456,0.6549019
36034,0.64126015
134525,0.07109222
131815,0.07948237
31350,0.8194559
133577,0.36511126
35056,0.876248
36595,0.8498082
133564,0.07156539
36552,0.87073755
131224,0.52855974
36756,0.9102144
34102,0.6033341
130149,0.21316177
31001,0.962307
137049,0.2757087
33495,0.31517404
32579,0.82996833
136649,0.30411467
36378,0.44884232
132337,0.047376774
136510,0.013201908
136971,0.036468666
133922,0.6510483
136134,0.119423926
136942,0.030752273
133917,0.30258483
136789,0.022649463
134087,0.9172128
132008,0.16982898
130115,0.007902744
31700,0.68361574
133660,0.021786237
131662,0.112571664
135046,0.16830526
133267,0.0039778375
132959,0.059890304
132762,0.7899398
33268,0.88792205
135307,0.021848872
135581,0.023180174
34928,0.065054744
136337,0.12582901
37395,0.7224272
30257,0.88655823
131923,0.35452443
131706,0.50885606
135072,0.20966257
130968,0.7405104
33867,0.61188793
36680,0.7687731
32761,0.9145164
34328,0.9580096
132511,0.093615614
37429,0.878451
131833,0.28469455
34017,0.83432233
35753,0.7336445
137110,0.630183
31519,0.96245426
134798,0.27184263
134397,0.3548688
135117,0.0069651674
32979,0.9516015
130939,0.10077072
133373,0.3899032
33892,0.7336629
30087,0.74011886
33357,0.8223625
131582,0.04960142
30670,0.6975458
34315,0.74532944
134596,0.33090332
134101,0.20863916
30895,0.57058775
34701,0.58312374
33601,0.94018215
132398,0.2196514
137470,0.31282127
34602,0.672719
134039,0.024526073
31057,0.89037514
130794,0.18382922
30634,0.68358123
132452,0.0049896035
34094,0.66580486
32122,0.7998253
34437,0.86603975
131492,0.08206669
37388,0.9405814
30132,0.5826958
136261,0.012270328
132045,0.026966505
136350,0.019928258
35738,0.84781605
37125,0.32050088
137376,0.002116091
33951,0.8888513
136362,0.018257486
134967,0.15178882
36466,0.86874205
35777,0.319622
37331,0.8609695
136946,0.05392952
32641,0.6999779
31910,0.876434
135814,0.103377655
35072,0.845321
135739,0.13566254
34893,0.7217334
30371,0.7604178
35607,0.30086368
132911,0.052219737
132454,0.12795176
130250,0.035052273
134727,0.63665694
133526,0.11972098
130952,0.17677122
134350,0.019151378
130592,0.35539216
133872,0.20721076
133558,0.003890145
137057,0.09804742
30252,0.8309289
32184,0.2659604
31556,0.9329686
130506,0.77714765
34666,0.9689681
34991,0.074986145
33556,0.8176171
35735,0.92769104
131899,0.10187281
34398,0.30957866
37020,0.84586865
130645,0.11115925
33582,0.75534457
133817,0.12368856
131578,0.09927546
30830,0.94604826
32300,0.7226024
33766,0.77665675
135848,0.7186618
33243,0.84215444
136183,0.030824058
33287,0.48348936
131655,0.24043925
31654,0.7237149
33069,0.8634166
35957,0.9239924
33398,0.954749
134591,0.02990229
30088,0.41121876
33324,0.65610445
31181,0.41699323
36161,0.90000814
37234,0.76550686
35342,0.8832569
136881,0.00815233
137185,0.5160122
37327,0.6967779
37453,0.70022225
133874,0.074712485
30954,0.2956503
135073,0.5629659
33736,0.92980814
36147,0.5650866
136665,0.34065434
36977,0.40715155
33900,0.95823306
132892,0.038841642
31570,0.38931492
35314,0.8269075
135889,0.23068087
130259,0.087506354
134421,0.43523124
131261,0.6575793
36118,0.53457534
132149,0.10087989
30172,0.88113254
37154,0.8124939
134562,0.09845179
133286,0.0209469
36453,0.95897675
130406,0.32439297
33131,0.8195078
131976,0.14594473
35228,0.8752659
137302,0.19154756
30178,0.8706423
33842,0.8736758
130770,0.24879839
132264,0.677476
133209,0.24706087
35815,0.624772
31238,0.7515808
135830,0.8639141
34090,0.7463627
134729,0.5813693
130408,0.31121707
31876,0.8390986
132711,0.09300866
130851,0.07603905
130529,0.240552
32645,0.87918776
35320,0.7829132
33282,0.9566321
132492,0.43010342
132276,0.64545786
136105,0.5479401
31879,0.84817547
31420,0.8488037
36993,0.50349224
34373,0.36335877
137125,0.08115896
33413,0.5916099
135699,0.026658507
135859,0.40837583
135445,0.01602426
36759,0.9317104
135089,0.06743928
136640,0.13171646
36723,0.6433579
34612,0.91344255
133522,0.014548385
131674,0.100230575
133731,0.3186139
30431,0.8628708
35346,0.4458762
134248,0.049850114
35756,0.92821
132134,0.23276256
33689,0.8417746
34887,0.91475433
33121,0.8305838
135543,0.07398575
34706,0.9040338
131836,0.06985072
132477,0.7701542
31207,0.72167236
36237,0.37479043
32325,0.800664
135615,0.06215145
33504,0.7958892
34199,0.901612
134008,0.19949456
36128,0.85530806
35493,0.8998671
35436,0.8973145
36879,0.9364824
31566,0.82767445
130207,0.34898144
36873,0.82516456
132151,0.47976542
130424,0.0059245336
32298,0.91668326
32652,0.8244175
36268,0.35819346
31925,0.86763585
36390,0.8988944
32626,0.8913004
36380,0.77046025
136581,0.4536273
136630,0.03560619
131200,0.20089063
136236,0.022964165
131450,0.023519333
35879,0.9365707
134580,0.09850846
35183,0.7479798
131979,0.024523808
36411,0.6666205
134844,0.27906403
34523,0.0794318
134696,0.06511222
32657,0.93184483
131473,0.17608394
135514,0.71210915
30080,0.8359282
135443,0.17465991
133380,0.009666879
131138,0.7742022
33820,0.71583265
132994,0.85009956
133699,0.4040511
35576,0.9560696
136044,0.054746237
133639,0.43465823
132255,0.2627743
132442,0.7954528
33564,0.14023378
130531,0.38579857
37016,0.26106772
131491,0.18868494
34626,0.94932705
35364,0.9236473
31206,0.802492
134847,0.17427626
135907,0.11231478
136871,0.045981884
131907,0.041191265
33575,0.84668535
36562,0.7267899
136636,0.22273324
37372,0.78251714
136219,0.62497723
30378,0.8652637
35887,0.95415086
32113,0.6638742
31474,0.58522475
133628,0.0069029587
35492,0.71291214
35891,0.72005904
134755,0.024910633
30968,0.88746965
33949,0.460824
130382,0.009556447
33464,0.735532
130573,0.1573731
36144,0.77135247
131983,0.4651795
130061,0.884878
137092,0.0066749416
136169,0.93154705
134834,0.029104268
34167,0.9285249
30453,0.34527075
31960,0.8565814
132882,0.88394994
32109,0.7683896
36399,0.6138491
134587,0.080100074
30620,0.8843802
131314,0.4777042
135179,0.10141269
34203,0.74350244
32357,0.8534277
137173,0.80606854
37119,0.9394358
31483,0.9186535
32600,0.77798027
32222,0.20985417
135373,0.02808171
34221,0.93963695
133665,0.006992509
34898,0.47347668
136175,0.72109103
30320,0.8178394
135763,0.04135815
30381,0.68409383
136416,0.24583195
136733,0.0031509327
33996,0.9189554
30751,0.5487884
31325,0.89653736
134478,0.06302119
30543,0.7142377
32762,0.93056965
32839,0.8575755
35220,0.86483544
135308,0.18438452
34885,0.79096836
131380,0.036949523
31485,0.92240924
35898,0.8891402
30717,0.9108732
133059,0.20824707
133180,0.03114148
35770,0.89036644
133316,0.05601526
34411,0.8839981
32717,0.7608396
133792,0.02110976
134456,0.14053744
135354,0.41243818
31058,0.8313611
36919,0.58278656
136145,0.25846726
132993,0.006519803
33968,0.49637005
36193,0.6421586
136133,0.07187278
33453,0.8094653
132326,0.08937901
132917,0.7124237
133141,0.52456844
132386,0.6419352
36929,0.7630936
35410,0.8506914
133531,0.072328605
136190,0.11880817
30276,0.89263433
36590,0.9408475
134294,0.4145014
134896,0.48626578
131961,0.08756797
30325,0.90649337
36782,0.87667763
32064,0.79327106
33822,0.6842871
35927,0.7870518
136592,0.50063103
136639,0.15101129
130605,0.012858995
130671,0.03460739
137106,0.098261505
134903,0.20753047
133306,0.012142583
31289,0.75972563
132262,0.050499238
135400,0.62319005
36200,0.7892257
132097,0.8812426
131448,0.03246717
32659,0.89029217
34385,0.3691724
136877,0.01280053
132916,0.03928219
134783,0.07322315
133330,0.8424282
135740,0.07644671
37044,0.9058768
33222,0.79021114
130042,0.21808676
34409,0.95827717
30075,0.84123576
135021,0.45852712
31790,0.67908096
137163,0.6198333
131563,0.19005366
130596,0.74158216
31430,0.65356207
33223,0.86669177
33176,0.19998953
30519,0.85027164
135365,0.10407968
132317,0.7275529
131922,0.22632205
32405,0.71139634
135510,0.5605511
34432,0.67853475
35688,0.2889238
32208,0.88321424
130744,0.09977804
36364,0.87064046
33365,0.9139806
134614,0.003116805
31262,0.873753
136578,0.05625776
30265,0.48921788
134094,0.69158244
34463,0.7019438
32235,0.89504445
37003,0.8126994
132187,0.9013994
136111,0.7689514
30887,0.7302327
31726,0.6132869
133098,0.77136433
136995,0.12171312
35448,0.8934294
135216,0.23400079
132027,0.716572
35507,0.6292884
30910,0.23659664
132837,0.18864813
133078,0.7120661
32550,0.86625224
35279,0.86398965
36255,0.77879167
135194,0.04641442
133130,0.83134764
137212,0.8686234
130284,0.035194974
34757,0.89815164
36057,0.19073385
30757,0.8932179
32499,0.73937505
33600,0.9192396
136898,0.10776195
37161,0.74552953
132169,0.038280565
131466,0.7154396
132011,0.18339318
30798,0.8879647
36794,0.85818535
31456,0.093554355
32339,0.7400762
33207,0.67381823
131771,0.01896225
136282,0.052737575
30937,0.4936982
34551,0.6541272
32272,0.87619054
134821,0.47613233
135978,0.8746421
134455,0.08042212
36246,0.20368318
36781,0.7172719
131092,0.0074926177
132513,0.6029296
133272,0.16546173
30746,0.92592597
135479,0.032868598
32443,0.81524605
134557,0.023575123
32228,0.5097783
132960,0.71851736
134190,0.15610361
133524,0.20836334
130824,0.042490065
30051,0.9124209
33175,0.850136
130723,0.05044728
31296,0.9227101
130415,0.009477227
34642,0.6395825
136785,0.009839858
33074,0.8954005
34930,0.8862496
31621,0.76045233
30123,0.49721348
131490,0.73216784
131033,0.24218567
136902,0.04540851
137136,0.01653831
31907,0.81429034
136514,0.034218352
133169,0.145463
34911,0.8847526
132639,0.081174076
33014,0.74608725
35832,0.24587789
133970,0.14274584
132517,0.49179682
33786,0.9711178
31597,0.43506724
35151,0.80785763
135663,0.026392853
134763,0.08224298
131404,0.45546973
134554,0.5119843
133263,0.08000391
135196,0.047582958
30663,0.38908756
135268,0.26456273
130597,0.32530302
37196,0.8990901
136759,0.7597223
135449,0.012567795
37124,0.7379694
33232,0.8936294
32379,0.9034599
133879,0.015728293
130844,0.91383183
133936,0.13727556
35014,0.94149476
134890,0.03847223
34485,0.40610066
133028,0.0760241
34230,0.4365864
36783,0.43785
134760,0.65207434
132589,0.29053494
34306,0.7020157
33832,0.8792082
130720,0.06818073
132998,0.015931334
31838,0.8246526
135905,0.032511998
136817,0.0053111794
36184,0.88293386
135878,0.022626305
36273,0.9083508
133127,0.0645751
33745,0.92910206
37143,0.7647765
34730,0.13565655
134220,0.15488844
31404,0.43179524
130294,0.044420317
136959,0.2691186
130474,0.1390721
133061,0.0422007
135324,0.4361689
30679,0.95140433
130652,0.5808589
33302,0.6238991
35401,0.33006397
36513,0.03687584
32009,0.7235713
34151,0.69087356
30511,0.5607362
34795,0.8620627
132298,0.010507781
132820,0.04764547
32898,0.798795
132328,0.0075282604
134218,0.054506227
130108,0.51146215
136654,0.17871061
132675,0.7650099
130058,0.6454127
33807,0.96745914
37200,0.9258281
135369,0.88938737
136887,0.75919724
135167,0.014514169
30164,0.94869393
133244,0.021026881
131408,0.29983848
36146,0.31986135
33893,0.4841416
30678,0.9535386
35557,0.86063397
136598,0.031734195
31526,0.7846856
32915,0.92120045
134435,0.7467537
33773,0.8997176
30559,0.61636424
137478,0.55080014
132634,0.033974547
36922,0.8308918
134121,0.28489918
36372,0.8599284
34868,0.9123575
136411,0.03615522
37472,0.8691851
30427,0.7646919
35629,0.8766712
30590,0.8815289
134829,0.85528857
32957,0.025423722
31632,0.5456191
135388,0.14905994
130809,0.107506685
137144,0.54627794
30400,0.9341889
35536,0.8772706
35464,0.9021044
35722,0.3280801
137103,0.20919298
130741,0.72126573
32632,0.95082784
134154,0.0104656285
30102,0.35699174
35347,0.76874834
30783,0.9152126
35023,0.83532697
34468,0.42393956
33513,0.9659731
134879,0.22352561
34222,0.6577831
135917,0.7207459
136961,0.09954067
131765,0.18180877
37242,0.90282214
35032,0.82501566
131281,0.039167803
137493,0.50181293
135869,0.57539195
30094,0.9477568
134820,0.017547315
133973,0.12142845
132766,0.03824598
132868,0.025693167
132740,0.022098301
30450,0.7015779
37040,0.71874094
30294,0.8332808
130467,0.70242655
30780,0.69989765
32047,0.88998395
131161,0.023260113
136825,0.13469872
132566,0.025464516
33597,0.93432385
31545,0.38294604
36326,0.8661683
133122,0.5598244
32548,0.9084328
137290,0.10972003
30124,0.8866612
34002,0.7128761
34950,0.93085414
30880,0.92227566
134726,0.23234765
131378,0.26597708
134459,0.10963279
35306,0.91857946
32866,0.8069269
36982,0.64011794
134811,0.94551766
134265,0.017878931
131402,0.045485847
130945,0.014739025
130070,0.006710099
134486,0.056721665
36978,0.44482276
135870,0.0051829154
130646,0.035024993
32972,0.47882807
36852,0.32115495
134721,0.009900779
33930,0.20930271
32699,0.8886607
30699,0.7847753
130511,0.14136527
30530,0.32202443
30240,0.17304999
30700,0.93147016
131091,0.09289834
134445,0.23190832
33247,0.9048862
34800,0.7570194
31793,0.82010746
33797,0.93005264
130846,0.36578906
131218,0.10323438
30996,0.6852671
131316,0.124154665
132896,0.59252495
130919,0.57695186
134771,0.14754848
32516,0.91716444
131273,0.017707927
134990,0.049536195
30148,0.78762174
132940,0.10062893
36765,0.6500062
35001,0.8401055
134490,0.2894389
33360,0.8886877
130668,0.018333577
134329,0.80713165
130363,0.42300197
136127,0.009385193
35709,0.90379065
33269,0.8121015
33407,0.9401589
32169,0.88236177
33487,0.60257363
36188,0.8448539
134677,0.6997617
30241,0.78641766
134828,0.023112362
32913,0.6937438
35051,0.83413595
134542,0.021490967
34811,0.7374017
37298,0.6822771
130079,0.019255463
132259,0.17817113
130768,0.087384164
136498,0.030877218
131433,0.39949146
30005,0.7146373
133271,0.05937809
30603,0.6661872
35029,0.80656815
34471,0.6712245
36472,0.46785572
36607,0.92254615
30459,0.9639945
130197,0.4274834
132732,0.6212034
134112,0.08334788
133384,0.14829494
33983,0.87383336
30867,0.8577738
30819,0.8519226
36964,0.93774927
135176,0.8879183
30971,0.56065893
33607,0.8467516
136011,0.45921063
35417,0.59370005
135482,0.03775399
137168,0.13641825
134432,0.73402154
135860,0.35331833
132056,0.09018171
35895,0.2083582
134713,0.02637576
30677,0.54682225
130615,0.3728707
34640,0.43265364
31471,0.9522493
35684,0.94559985
36398,0.9258596
32407,0.9242084
35829,0.96621644
134097,0.64661515
136569,0.007106683
33747,0.93392754
30863,0.9233563
133921,0.516053
130558,0.01806186
130536,0.29048383
135298,0.18307133
35083,0.8616049
136491,0.028481273
135516,0.27961758
133029,0.6423618
37100,0.89690214
34698,0.92114687
131383,0.014257011
134027,0.101789445
133188,0.11185024
35299,0.6410039
34049,0.76759326
131506,0.21297021
34152,0.8908719
130156,0.15587741
134980,0.11090098
36341,0.8571165
132557,0.27985242
133713,0.22029194
36138,0.848961
34696,0.5087133
35174,0.8123991
130823,0.43246472
133192,0.01432962
32618,0.6288944
30876,0.85720927
36502,0.8262467
32480,0.846231
35059,0.89778936
36363,0.8037976
132560,0.007478057
30636,0.86499393
132127,0.15054198
36171,0.7414189
37199,0.9177889
31197,0.89901286
137237,0.41244003
33333,0.9260602
135537,0.44318867
131482,0.5406677
133177,0.6813678
133415,0.04722765
32291,0.76919043
130955,0.16308601
33830,0.9117416
33126,0.66020393
135523,0.054159977
36795,0.16966668
131847,0.016090844
130047,0.06458632
130288,0.024372859
136621,0.71595925
31678,0.789081
36172,0.838201
135322,0.40503028
31060,0.908608
35701,0.6861461
34140,0.8895289
36809,0.87028676
134701,0.74425197
32933,0.93419075
32172,0.5084523
36003,0.8120272
131082,0.010095436
31932,0.924167
134910,0.5154814
135253,0.015014995
34587,0.6811537
36667,0.90914816
33737,0.6368131
30724,0.8736485
133823,0.62627655
130348,0.15953395
31900,0.69029033
132380,0.110557236
30765,0.8142182
137088,0.19834144
135162,0.04215952
134472,0.3573886
131134,0.7975088
136784,0.41831276
32007,0.514949
134368,0.1257467
37267,0.69249433
130811,0.046939164
35537,0.6862796
31509,0.9507975
132022,0.017718904
134363,0.14731355
135427,0.17789179
35698,0.75757533
132366,0.19177805
136382,0.17923476
36870,0.79007995
131410,0.10411599
130239,0.14996369
134495,0.027907534
137359,0.08971665
132628,0.49650505
133705,0.7139982
30496,0.878675
34767,0.75441754
131790,0.20420688
33844,0.9478153
37165,0.29033867
130490,0.36782917
30007,0.765396
135558,0.3275731
132178,0.05593977
32728,0.8139152
33165,0.6641087
33061,0.17598042
130759,0.23320107
132852,0.078706324
30518,0.93729776
132973,0.12963639
132072,0.22141033
130164,0.01100023
30405,0.555733
133484,0.48308617
135850,0.014380984
31241,0.8087367
132190,0.42839998
133587,0.070882216
131575,0.88119113
132258,0.28064013
135242,0.10703753
34559,0.915892
37230,0.59069693
32030,0.9265218
133460,0.7919507
136634,0.45807922
37308,0.24018656
31366,0.84203476
136631,0.37671602
37158,0.8865418
133215,0.009841493
31092,0.56574976
36426,0.8963705
35107,0.18096864
33196,0.94930226
133279,0.5461367
131846,0.42747387
133083,0.67043567
136713,0.036992803
131481,0.22869596
136363,0.6318507
133158,0.090896815
32664,0.92119724
33111,0.23423389
130276,0.30494463
31878,0.57346416
136761,0.66048265
134731,0.572563
30928,0.8340958
137181,0.1048251
135592,0.025616473
33479,0.84989625
132981,0.3419788
130078,0.034860265
131334,0.008010372
35162,0.8927954
34542,0.4491023
130346,0.098154455
131665,0.008568354
32133,0.87149894
135821,0.01736579
133797,0.008689284
31694,0.8912782
33868,0.86956614
34562,0.7829229
30778,0.95077866
35953,0.9188333
36324,0.84528315
131758,0.02858576
31553,0.8340367
136263,0.11427211
133625,0.019446658
131863,0.09734903
31499,0.89232194
31569,0.6914487
32279,0.74302065
137101,0.55611604
136413,0.19148745
30439,0.3627247
33311,0.7816871
32466,0.86102843
137128,0.36463058
33618,0.8028085
31505,0.9587035
132577,0.015104992
35526,0.9079339
30137,0.41104606
130037,0.582393
37316,0.58184415
30143,0.8135905
31301,0.09844209
132580,0.49036676
134924,0.8724886
133671,0.004943816
132392,0.016844155
36963,0.59433
35418,0.9430697
31162,0.5997752
35147,0.43642107
132341,0.07590748
30301,0.55843234
130710,0.77435
137186,0.46827337
130944,0.14949277
34121,0.50640494
133095,0.7870395
130631,0.0817512
30809,0.92170906
130729,0.007121587
33908,0.6759558
32827,0.9300678
135325,0.41296172
30341,0.8485041
32698,0.7993016
130310,0.13145249
33481,0.8076743
37129,0.8969664
34042,0.4568246
135868,0.18709463
137308,0.04582393
132016,0.8128424
35783,0.86381096
36711,0.9047925
34216,0.44147334
31922,0.5341953
33684,0.83804184
33801,0.87183243
133954,0.07477591
32211,0.90384936
31041,0.81292254
33834,0.34608132
131300,0.07644916
131487,0.7940177
34981,0.25790414
137034,0.017154418
132461,0.50630647
34326,0.95721245
30064,0.5792526
134267,0.44655153
33212,0.81770504
35017,0.3670941
130203,0.081929214
131671,0.030159459
33518,0.9068936
135572,0.14309585
33569,0.88245934
36938,0.7727999
36042,0.6561446
133821,0.43132874
134645,0.07924587
32951,0.6222307
35937,0.76595044
135597,0.009646987
36304,0.6664225
32304,0.3713632
131417,0.044703327
135204,0.23058577
32317,0.94804645
30651,0.9244267
32891,0.78143704
131077,0.30791265
35053,0.9316295
132699,0.005215579
35806,0.5740356
31439,0.16453755
135899,0.025390137
36984,0.8565508
130018,0.29052436
31730,0.7995235
32663,0.81171453
134348,0.050901737
133889,0.5665835
30502,0.899198
36875,0.8906997
36322,0.77602744
135782,0.22385223
130501,0.3467332
136463,0.4292017
31196,0.8121411
136035,0.020591147
131302,0.075780794
33775,0.19743979
31581,0.846849
36912,0.23996252
132028,0.1145702
131065,0.009170524
31977,0.49176753
135619,0.002376269
36305,0.93311137
32551,0.89935166
33195,0.87625074
130422,0.27748153
135379,0.027940208
131145,0.08235985
35484,0.9061889
131879,0.7804075
130297,0.0810923
131854,0.3256746
31059,0.59253937
36876,0.7389238
35105,0.8165648
30212,0.47605494
133674,0.20166966
30175,0.89817494
31947,0.56764424
131348,0.26070857
33031,0.85607195
32530,0.80177
135153,0.05270626
37043,0.80862725
35170,0.8865317
133783,0.9159635
32778,0.8318979
133426,0.083396584
34618,0.89913785
130392,0.025764884
132436,0.02327993
35368,0.78655624
136912,0.053913113
36646,0.6688346
135295,0.04925936
134167,0.010903001
130364,0.033906452
137281,0.011256421
135146,0.029432595
136886,0.13734862
131629,0.0127398195
30975,0.74820554
33193,0.90874
131153,0.48177153
35778,0.92591804
31784,0.7682506
130841,0.045155656
133350,0.46194062
37477,0.908209
31323,0.8121067
35909,0.91505677
133119,0.005660367
136070,0.61523664
33450,0.8780696
34073,0.7226094
33007,0.78379726
36918,0.8245548
136242,0.118432716
135438,0.07974161
131362,0.15570432
30713,0.8651373
36947,0.46692988
135600,0.3061918
137396,0.11183179
133230,0.031175997
130902,0.024112469
135435,0.3631667
35031,0.9063516
32683,0.7008905
135961,0.38388357
32540,0.8645051
35473,0.71599865
36149,0.8107615
136584,0.008308157
132559,0.041406717
33702,0.1854215
134319,0.41845047
33690,0.8880406
133274,0.0052044154
35955,0.42085782
132918,0.012808486
37101,0.8439039
133805,0.111954935
135762,0.874196
136614,0.038852997
131001,0.39886105
132549,0.06627404
30749,0.9263078
132459,0.021460725
37105,0.9412587
35239,0.85698354
134887,0.8581228
131980,0.009225722
130778,0.116736576
35660,0.84408104
132894,0.4447686
133229,0.008804103
131709,0.2292216
33909,0.6081
135276,0.27521238
131934,0.016743377
137444,0.5385808
133008,0.44608286
135598,0.26931393
132021,0.23503463
133506,0.16771492
131400,0.8159134
35454,0.7768579
34382,0.7704447
36433,0.8949217
130352,0.104235314
131783,0.45167542
31840,0.9019023
136650,0.18358228
133905,0.500791
134873,0.04934578
36960,0.9501287
34378,0.92392564
131928,0.3259626
35840,0.8677615
35268,0.93598163
36507,0.8652301
133884,0.40321565
37013,0.8726376
31182,0.86094886
32014,0.88641304
30366,0.56925136
136932,0.21479274
34331,0.269312
132561,0.8546243
132489,0.17236358
131995,0.7636534
35741,0.8529347
32679,0.7465882
131469,0.8200201
133746,0.1956533
36820,0.9163852
134629,0.029216211
132690,0.00790553
131198,0.10135904
136027,0.012539097
136691,0.9358373
35381,0.8692591
34972,0.61054325
135456,0.3925894
132498,0.6212943
33101,0.8747357
136555,0.2086525
137387,0.11876627
131970,0.06416912
130949,0.059626844
130779,0.33744344
34916,0.8082329
136982,0.030005626
130315,0.05018007
134541,0.57467973
32896,0.92755944
135001,0.36837023
135759,0.01404129
131085,0.6696896
136965,0.40636417
134355,0.011989922
132361,0.05285809
134412,0.43007147
135279,0.49383283
136860,0.9005674
135346,0.07067785
30383,0.7951328
134470,0.07617644
32751,0.8974597
130192,0.10760926
35441,0.46788588
137471,0.25287035
135930,0.52583426
130444,0.04890155
30988,0.60248506
34939,0.47925186
35517,0.7086139
135688,0.124363996
130590,0.017207816
130639,0.26448187
31356,0.24748844
36302,0.9340602
136656,0.08531904
34014,0.8090686
137452,0.12906565
133810,0.7173017
34070,0.8683453
132270,0.034976188
36991,0.6556788
30881,0.059013873
33186,0.8774007
131467,0.86808705
32470,0.5901152
33862,0.4620734
33467,0.27296045
130718,0.019184144
133162,0.022303943
134270,0.05968033
36761,0.77155995
133258,0.27129322
131691,0.13780858
35599,0.4892368
135173,0.61999315
35265,0.86123127
34541,0.88964343
35065,0.90664226
135038,0.8599361
30242,0.32198107
34854,0.88990223
35115,0.8459503
33506,0.8542598
31019,0.8063172
30447,0.9080195
36542,0.7479358
32326,0.9303913
130999,0.010320689
134837,0.74798083
135882,0.2981405
31817,0.91355944
32861,0.6143385
137211,0.07146539
135612,0.39585435
135084,0.51673925
33427,0.5074919
35681,0.86186105
136885,0.7643526
133769,0.13441165
33501,0.9032559
34305,0.84397995
133303,0.15482277
132210,0.69934833
31236,0.8626674
130981,0.008985922
133943,0.22297575
30840,0.88472223
31124,0.83077735
133276,0.057558455
30230,0.82481194
30308,0.3344694
31275,0.6235295
134174,0.71979576
37225,0.9277102
35283,0.78031826
130609,0.08780982
36675,0.70521694
37131,0.7382257
130504,0.91378605
35136,0.6201306
31872,0.7708998
130110,0.013817881
35423,0.091043144
32802,0.86505127
131884,0.06767648
32321,0.8626748
37118,0.78906983
31695,0.8765869
30922,0.59621024
130786,0.021672843
35697,0.4914679
130626,0.2299299
130856,0.020574752
130711,0.033428468
32977,0.44762456
131633,0.03166414
130438,0.13106865
132597,0.08059644
31864,0.3219902
130202,0.22449006
35069,0.8191192
133979,0.011665956
37251,0.66887367
33248,0.28315377
133966,0.5026604
135312,0.03295431
35858,0.9452499
30900,0.673402
32833,0.91167414
36949,0.43983626
133452,0.17858617
33617,0.79636586
36674,0.82937616
132199,0.010969247
134608,0.771708
136505,0.16438666
34169,0.655069
33244,0.64900714
30205,0.5974541
36264,0.9343886
37410,0.12303481
135370,0.6073941
132857,0.030942705
32707,0.5903134
35102,0.9314467
130039,0.050227758
34586,0.9350526
136408,0.29918867
34496,0.944018
130636,0.022823215
132147,0.0941904
136566,0.75524426
33018,0.91336083
135595,0.31292525
131663,0.6426883
133433,0.035086304
133121,0.17591366
33285,0.71552587
32383,0.9175194
133147,0.037030153
136712,0.058769763
130196,0.017511182
33265,0.94259053
34238,0.9338087
34120,0.89093727
131666,0.087259896
35349,0.9080181
30107,0.47947642
136864,0.1170973
131748,0.028110169
31717,0.82183695
135061,0.10356811
132471,0.25455573
35068,0.75853795
131850,0.16019931
30068,0.69841
32337,0.50182515
135772,0.023756497
32260,0.9013684
135439,0.016849834
30573,0.8383281
134714,0.008589898
137008,0.07243882
32777,0.92356807
33341,0.87378085
34645,0.5952185
32987,0.87852645
136781,0.019537468
32150,0.6599196
32809,0.9189436
36572,0.41466534
30544,0.87619144
134984,0.59720194
135392,0.1094996
135017,0.06145349
33096,0.61313087
30125,0.83909786
36333,0.673889
131363,0.12694865
134468,0.31230304
132295,0.82983536
136478,0.53364855
130858,0.42709297
132519,0.021225266
30487,0.36483884
133030,0.18089114
134640,0.20344968
136297,0.03431865
137420,0.85834575
136328,0.046807267
36698,0.731541
130591,0.049898304
136685,0.5798414
30991,0.94632435
135245,0.028380545
135363,0.102169074
132601,0.51036084
135671,0.03117037
136016,0.15130073
135715,0.03616873
37384,0.6992225
31283,0.94409907
130600,0.649314
36952,0.7472351
131495,0.034649607
132623,0.012614137
35267,0.93603176
133161,0.010300768
35425,0.90069544
131356,0.13641472
32899,0.7261139
36663,0.598318
37398,0.8693415
133450,0.16948476
132829,0.5881942
37115,0.4446239
32793,0.8100159
31735,0.9207885
33015,0.68722534
134824,0.0828503
130453,0.30768704
34953,0.41211876
132423,0.049315646
133207,0.044170395
134279,0.20737088
130089,0.05383734
36780,0.86155814
32154,0.87678546
35406,0.37594277
135981,0.033961046
31011,0.89814484
135774,0.019187575
32195,0.024786279
33672,0.5497229
134139,0.6128776
31676,0.9097652
33122,0.8642142
36807,0.91019624
33241,0.9044261
31653,0.82697225
135138,0.09922041
33973,0.79705036
133178,0.06787988
130550,0.046071555
33629,0.91199404
131687,0.010312066
136208,0.04740639
30412,0.4068384
136913,0.14064366
133846,0.008450932
136706,0.051907524
31801,0.908496
133065,0.13428296
133777,0.23961021
133463,0.019764062
34821,0.95760584
135143,0.0050830385
133990,0.09696275
32936,0.07230954
131543,0.3950635
135544,0.5859557
30444,0.9330517
135030,0.046976134
136053,0.028324349
133596,0.91330105
130800,0.13958105
136508,0.073663935
31258,0.029338088
36740,0.59183353
31721,0.86658853
35595,0.79859996
133458,0.3040953
37052,0.9641903
132132,0.112778604
31846,0.84445506
135810,0.5225101
135356,0.029706731
135197,0.72375643
137459,0.13626564
135631,0.07038497
130062,0.5594999
132651,0.05415481
137240,0.8936378
130785,0.061289683
135184,0.18165423
131035,0.0044837957
130930,0.68166566
130238,0.17210665
130989,0.1419508
130835,0.012905747
33732,0.85267687
30031,0.26026413
134207,0.47043854
130472,0.1819583
36382,0.25450236
33937,0.8241549
35510,0.93616027
32542,0.6853545
134140,0.004766958
137002,0.013355601
31146,0.9025142
137319,0.24468693
35307,0.9550214
35465,0.35070714
132697,0.113448806
32323,0.7453642
33912,0.9018898
130644,0.069720045
34257,0.57613873
36290,0.88163984
35907,0.8227214
34892,0.952945
135865,0.0553485
31675,0.7589437
31634,0.81873316
33720,0.5881179
136797,0.06843236
134857,0.021024417
30779,0.92624414
134850,0.18926348
130630,0.3663019
35300,0.9203537
34625,0.06388554
137023,0.005318619
34948,0.77956384
135151,0.043939646
36011,0.302944
34833,0.9119194
133054,0.04925811
135419,0.04828286
130153,0.0040225987
33948,0.70608824
136161,0.057510346
130791,0.39153853
131801,0.30975017
31905,0.7948064
36209,0.94376636
35980,0.6650269
130737,0.025455222
133358,0.07037684
35512,0.86668056
37078,0.61410904
35366,0.8019086
137239,0.042036064
136445,0.36610845
34150,0.9610946
35110,0.8738815
32244,0.81349915
134183,0.056414247
131131,0.015876764
134241,0.032863356
135122,0.37407726
130305,0.52532995
33816,0.9330868
34088,0.882764
136644,0.16536626
36080,0.75341076
34768,0.9385447
30044,0.71891385
34921,0.82012534
132179,0.10390296
30672,0.9061497
30953,0.87965065
130700,0.016844125
31705,0.93689483
135653,0.012717619
134325,0.10414199
33437,0.8247941
34544,0.8789661
132835,0.022579817
32709,0.7982437
130071,0.19224931
136891,0.059093248
135822,0.0325584
132915,0.48911205
31771,0.73228043
34797,0.08720468
35625,0.7357779
33905,0.6352149
30464,0.91098326
131217,0.8903073
30120,0.3445931
136580,0.016578758
36944,0.94273394
131645,0.08814345
134306,0.1296063
31786,0.9028124
32770,0.7563227
135954,0.43440154
130932,0.13622554
36648,0.57880354
132706,0.010990669
36867,0.1213158
136010,0.062540874
131557,0.019446721
33100,0.9536649
133319,0.023239464
130674,0.36771476
135436,0.045739274
132836,0.2743751
133629,0.86185914
31649,0.76255536
33284,0.9108971
31825,0.75840217
30073,0.732143
35529,0.8094043
134989,0.32015312
34161,0.7919935
31094,0.6503841
134403,0.23305024
31202,0.77318406
131097,0.26512802
33242,0.50301385
135098,0.23328519
32146,0.8185107
30061,0.6225541
134238,0.18031648
137058,0.010802652
136720,0.30530968
37082,0.39928257
130232,0.03134051
135918,0.014639416
31816,0.8300478
131331,0.14351124
130376,0.4807656
134018,0.053894427
34616,0.9029516
136090,0.30080783
131512,0.7222435
33545,0.90955645
137112,0.031125499
34960,0.71344525
136089,0.3052009
34606,0.6947249
135967,0.12966871
35165,0.7542423
136448,0.027826447
33063,0.6339896
32557,0.60604763
32263,0.9289333
30181,0.87786615
135086,0.004676298
32057,0.9610673
133941,0.9412141
35214,0.7180842
30254,0.8887571
36235,0.8132277
32149,0.8394188
136074,0.062750824
37149,0.73564583
132039,0.13512087
35559,0.5642716
132041,0.025336988
35902,0.8572474
137020,0.7346892
130349,0.20926528
36948,0.85006285
36401,0.94862527
133573,0.13444151
30360,0.18912888
135608,0.04407707
137337,0.10202176
34963,0.46636102
37376,0.4106855
131089,0.90762687
30557,0.9094997
35133,0.90959096
130470,0.45484057
35324,0.9377799
133005,0.7685333
131939,0.21999578
132900,0.21890259
36271,0.86146486
135963,0.45218086
131027,0.5907854
33831,0.88045275
30314,0.8105789
36612,0.33018687
133840,0.022870407
31256,0.85020196
31503,0.77508885
135378,0.0095333485
36499,0.6362206
132573,0.38598943
131107,0.21194305
31795,0.30154714
135088,0.36331192
36732,0.6005988
32533,0.74072456
36494,0.7223533
130121,0.016472183
32098,0.9433652
35721,0.76451033
136922,0.09553171
37289,0.8712057
136250,0.06318382
136889,0.015899906
132763,0.20288083
35518,0.62934315
131545,0.19057429
134770,0.0150216315
136993,0.5015318
132499,0.24539022
134076,0.07982069
30275,0.93863267
130493,0.19003746
137063,0.009864829
36082,0.5711159
132493,0.009891645
35091,0.81022894
134780,0.04321706
30438,0.5182798
132812,0.66571164
131108,0.5249739
131533,0.2416591
131150,0.027266769
32462,0.9331495
37353,0.92173195
35207,0.943603
136777,0.25729686
131789,0.45409393
137479,0.21254283
36713,0.10248284
136936,0.0072073443
132088,0.46817684
133363,0.45942637
35337,0.86075515
130966,0.035356037
133859,0.025485687
134389,0.14167836
34643,0.53098685
37364,0.69360197
133001,0.017192695
134621,0.213388
33818,0.90165085
32901,0.7211679
36204,0.82179445
31130,0.8521983
30591,0.19268398
33261,0.837039
33866,0.40385213
134019,0.104281455
135505,0.019915953
131449,0.11542487
135844,0.8434546
133992,0.6985386
35121,0.9431501
34074,0.89037985
34135,0.88167083
31077,0.43573943
30658,0.62402433
132636,0.2910389
130466,0.21603705
32701,0.904939
136124,0.888345
134093,0.9042415
34175,0.8527364
33896,0.07165398
133441,0.009824478
36368,0.9252098
30711,0.90391
134286,0.0072530583
34976,0.85664266
132799,0.062726244
32779,0.4086143
136114,0.015818251
136495,0.3845561
33992,0.94098675
136320,0.110514276
133693,0.6480357
37417,0.9322459
36592,0.9119169
32118,0.75696784
31805,0.90345496
35289,0.9247599
135264,0.6889032
30243,0.7604648
136174,0.049896594
32608,0.8257991
35054,0.4492728
33249,0.9426602
36218,0.8464905
34685,0.90522534
131478,0.1320131
34258,0.81575686
36028,0.32562983
135789,0.12695293
131188,0.61408806
37292,0.7879603
137406,0.052448552
135326,0.03667148
32402,0.8539988
132165,0.62035376
37107,0.9654286
35216,0.665782
33469,0.91482615
132529,0.384088
33804,0.8690116
133728,0.26913446
132530,0.35291004
134149,0.060709447
34659,0.8173855
32053,0.92792386
34852,0.9268236
136985,0.072763376
34630,0.90860564
33817,0.89836884
133186,0.010550355
136331,0.42395046
137434,0.11250569
137085,0.23335037
132340,0.15617584
36768,0.77516603
32365,0.62975305
135024,0.010062652
31952,0.7332078
35645,0.9341087
132285,0.008991074
35114,0.79452926
33152,0.5735767
131905,0.22556536
31968,0.94103086
34277,0.8004071
35249,0.30707586
134285,0.02408175
33280,0.8497711
36116,0.9107171
136276,0.3875119
137415,0.13125725
132828,0.058736727
35781,0.8887569
33919,0.20173064
135686,0.2378178
137393,0.07545778
137480,0.31735474
136969,0.087814234
30522,0.55184853
135502,0.07245223
134665,0.79902416
132843,0.675939
34252,0.8635038
136007,0.18980268
133919,0.32110262
131049,0.3597079
136921,0.47037968
30162,0.8915025
136291,0.20172709
33314,0.49379644
34274,0.5491386
136399,0.21527825
30892,0.7838082
133818,0.14316773
34115,0.88451326
133037,0.15099114
33536,0.9489934
31330,0.84655523
33927,0.9374073
134813,0.005681571
134544,0.46137592
33632,0.89350003
34528,0.91158605
34424,0.8890726
32292,0.84555167
131256,0.044768758
131176,0.2614392
35067,0.94777995
33502,0.56311005
32607,0.48894873
133974,0.11362517
37415,0.7185014
130817,0.507261
131616,0.02773564
131723,0.14976972
134865,0.08629761
137117,0.2474241
30201,0.7752979
36718,0.78782904
30057,0.5715711
31728,0.9472448
32627,0.9042295
130620,0.014726891
130888,0.038166527
35762,0.9454066
135437,0.27020445
130158,0.8508219
134056,0.16391121
130445,0.9376216
36521,0.9120485
133474,0.004642937
32842,0.238227
31787,0.5510942
133788,0.13158296
30827,0.88354194
134929,0.20792802
130184,0.5942959
133877,0.43959072
132705,0.06741308
130373,0.04572057
34453,0.92778337
35372,0.94101745
35867,0.211632
32724,0.12286211
135529,0.023584466
132247,0.029504823
32950,0.9095302
131430,0.5133065
32268,0.39547008
132676,0.12481963
34506,0.64728504
30272,0.87353563
36766,0.8200201
37418,0.9052269
34281,0.9015558
131298,0.3009721
136477,0.095118046
131088,0.5050191
37370,0.9096086
131355,0.75749254
137017,0.044649497
35822,0.8804996
137284,0.041167624
130991,0.60570884
30192,0.902448
131527,0.3088739
36577,0.6558582
131283,0.5817286
33906,0.9280627
136310,0.011828923
135991,0.07310378
130187,0.7219615
133256,0.30911022
133503,0.040182874
135871,0.039855078
35727,0.46669388
130891,0.06679013
135398,0.2193545
134096,0.16966072
133514,0.1423312
34866,0.6040446
130389,0.1017991
30776,0.49830642
34770,0.8221663
34595,0.46134377
132997,0.15236856
135777,0.037773415
32120,0.78244555
133622,0.3975111
36400,0.30530375
33231,0.5716635
32644,0.94288826
34408,0.947237
36509,0.6832948
132048,0.06891887
36455,0.5244589
136756,0.43797266
34187,0.90067863
134977,0.07156531
30920,0.9424896
135526,0.13164657
35382,0.8716454
34148,0.8506818
136554,0.16237128
136666,0.102629334
33385,0.34266403
30665,0.53103393
33322,0.7691388
31822,0.88606954
31497,0.92593193
135029,0.09814289
31691,0.9384908
37339,0.8826791
134936,0.8297367
32255,0.80106205
34538,0.43438312
35678,0.3843019
132105,0.16033751
37434,0.94258535
130984,0.4473722
37015,0.9262498
132689,0.25396734
36106,0.8067614
31577,0.9347909
132502,0.11416113
34607,0.60675997
130255,0.03929763
136661,0.72702754
31598,0.8601087
130916,0.3785584
136098,0.039291766
137091,0.2971851
32865,0.7554574
134040,0.15942316
33740,0.62304556
35695,0.94298536
135818,0.047580533
137350,0.020056305
36159,0.8849388
134029,0.6022538
134501,0.016939575
133510,0.0028184594
33599,0.8401953
137323,0.018415792
35146,0.8950278
135942,0.038475435
130992,0.012875125
136901,0.012041305
131823,0.16645391
131191,0.2851528
33977,0.7972221
37057,0.9189352
31875,0.5043027
34986,0.8388754
36596,0.8229203
32917,0.74240434
36491,0.82035893
36208,0.44055104
132813,0.28684705
133269,0.2801653
136140,0.37569302
133809,0.0061815986
135837,0.54288465
137451,0.38784924
136020,0.729458
37113,0.9468069
30099,0.7040339
131696,0.58379614
30131,0.5891943
136703,0.031638622
132919,0.17548782
36556,0.73957545
136763,0.5186304
133912,0.67316276
130245,0.11689422
135375,0.09405179
33779,0.8628629
37262,0.50415933
131015,0.9589371
30957,0.8701338
32907,0.8868669
136716,0.19878912
34079,0.85636955
32819,0.8426703
130582,0.3181944
132193,0.19062069
35687,0.76915544
31607,0.88808507
32019,0.6800538
33591,0.76165986
33446,0.5245775
36481,0.33984938
136983,0.024076717
134393,0.066246495
30289,0.2032468
30042,0.80189234
132450,0.2751795
30043,0.8402207
132001,0.14147463
136719,0.08219284
33814,0.76242983
135078,0.19312446
133623,0.0061991387
134130,0.2697584
34039,0.51397127
32593,0.8434996
32532,0.78548485
34589,0.5373491
135658,0.26374593
35655,0.9300805
34005,0.96307594
136257,0.007224483
131820,0.60235286
136077,0.07445615
33491,0.89110255
32396,0.16063255
132746,0.014234424
32768,0.41032922
36566,0.31866184
136905,0.3298621
130323,0.038427506
136762,0.091012664
133268,0.046307806
132460,0.08035236
30548,0.84761375
35933,0.7537506
136210,0.24749911
37252,0.6885237
134242,0.8432339
131880,0.41334692
30523,0.63996357
35131,0.883563
136270,0.17355639
32181,0.90353084
36545,0.8720062
136435,0.08129288
130545,0.41366968
131579,0.13911673
136663,0.04322387
133304,0.14024614
131580,0.02330437
130103,0.1525021
30524,0.9394988
33067,0.92689395
34764,0.7909879
37248,0.83090967
133114,0.02945557
132679,0.9651433
135463,0.5621034
136992,0.010464438
131743,0.01836142
36853,0.55477566
36659,0.8954584
33350,0.37829843
31739,0.8113481
30177,0.79643273
31114,0.88829666
32220,0.91784084
30708,0.85420567
31935,0.23940304
35734,0.46716794
34249,0.46918494
136450,0.6043745
31833,0.68134016
32757,0.7978672
137268,0.048979178
33153,0.96061456
137448,0.03780606
134222,0.08607783
130804,0.43588334
37098,0.86707884
131781,0.8037729
34802,0.95185935
137405,0.5014996
137338,0.5094357
131574,0.08041276
131841,0.007847762
130705,0.089725256
36474,0.9074372
32846,0.83667016
131766,0.0081671765
36340,0.9438419
130298,0.704659
131050,0.280721
36899,0.9027876
136224,0.77538055
31657,0.1464076
134563,0.02217781
137174,0.730679
32024,0.42315903
133691,0.29560396
32488,0.8257782
32170,0.94971496
131064,0.003852396
33827,0.9651219
132671,0.8638257
35509,0.70939827
134988,0.20098111
130929,0.55510384
130855,0.20802198
132240,0.5686141
31494,0.51772135
136837,0.2012671
134072,0.31271482
130619,0.15184441
130428,0.18708567
135380,0.1227922
32029,0.062135894
35774,0.28477687
134489,0.63676536
32209,0.90159154
30534,0.9234307
132842,0.17298236
32198,0.9067745
31633,0.88870543
36182,0.90237635
37184,0.80260444
33637,0.90097946
132191,0.20585787
132516,0.08778281
130564,0.8610455
33006,0.81985253
32342,0.8084975
35313,0.8730236
32948,0.51198524
137487,0.060046997
137488,0.02655415
33136,0.7921242
130256,0.13121308
130216,0.11765963
33246,0.17042275
33004,0.7405715
32258,0.11796872
134529,0.7539819
130669,0.3040165
32350,0.73213625
36696,0.7950774
34942,0.5263699
32514,0.96400094
134565,0.073220715
34912,0.8827327
131805,0.6102439
35855,0.9257901
137419,0.03989912
36129,0.9342912
135459,0.747351
134212,0.7329998
31445,0.9112632
34010,0.9106523
30805,0.8634108
33404,0.73371917
132877,0.09913767
133560,0.069183044
130634,0.13365023
134535,0.21229887
134092,0.0137687065
31702,0.7990353
37491,0.7382986
30589,0.9414219
134882,0.04667882
136617,0.828646
36362,0.9274464
36009,0.9007396
30811,0.94857347
31231,0.36099082
32190,0.5481269
30494,0.74549794
135843,0.43406534
132128,0.62999
32675,0.9103046
35706,0.92405784
33107,0.85744023
132569,0.075405076
136170,0.072697066
35195,0.89036477
34083,0.9139377
30866,0.90431386
34502,0.91674477
33993,0.5352505
131279,0.08516361
33328,0.92251205
134443,0.42543292
35854,0.8840511
34472,0.68338716
136736,0.3742751
135101,0.04506076
30091,0.8633815
34279,0.5859693
137373,0.102673516
135787,0.42992303
134208,0.62072295
34584,0.8272555
130471,0.03035832
133205,0.19754925
130510,0.012727627
30921,0.70705837
30574,0.77225125
130117,0.40187845
134916,0.3130491
133789,0.056852296
34846,0.8014337
32605,0.8779128
131212,0.030801574
130044,0.04681053
35845,0.75224376
31682,0.9397438
35996,0.8480901
31855,0.91906756
131099,0.09846897
32202,0.24285877
131068,0.08796951
30032,0.47056058
134825,0.318248
33511,0.8358355
132378,0.3269611
132155,0.16178603
33486,0.8283284
135093,0.015307023
136831,0.20736697
34656,0.3843751
130236,0.13885918
35732,0.7540318
132487,0.4245877
36101,0.49969244
35085,0.72025025
130429,0.09251128
132986,0.60291904
134293,0.04234523
136390,0.13982762
134349,0.020909958
136988,0.03158597
31379,0.92235386
133447,0.05323117
133977,0.3531876
33566,0.95553625
134215,0.13356487
135060,0.10245613
33317,0.9016051
36699,0.81140405
131011,0.181944
31963,0.14733918
30224,0.9028189
34181,0.8413917
134992,0.04495257
136434,0.022058511
34381,0.74640185
133585,0.029200817
132547,0.17765833
30955,0.9237438
134371,0.027678449
30540,0.37124646
33974,0.94752717
35255,0.93113965
31612,0.9320198
31563,0.9328445
133656,0.0035213346
30508,0.731733
32270,0.8113774
33370,0.8588352
36183,0.52062386
34264,0.6687857
34891,0.48720172
132956,0.041658957
131968,0.43587986
132914,0.039869055
130755,0.016667439
133438,0.075906046
31606,0.404089
133703,0.32192922
130221,0.054881096
30210,0.20628963
31871,0.5344542
137019,0.31263313
30399,0.62648845
33139,0.7593153
32484,0.639272
34517,0.91372216
34186,0.37313107
30304,0.8821931
36260,0.33654097
33382,0.519855
135984,0.024159392
134872,0.11250284
130599,0.023280162
130138,0.075508
34646,0.28278986
32372,0.9010778
130015,0.46056524
130819,0.034171306
30831,0.8572161
134440,0.8649185
32718,0.89078975
36276,0.95183486
36560,0.55603063
134187,0.7203531
130023,0.35139716
135790,0.5999138
135311,0.7720549
35591,0.9067776
135047,0.3560318
130145,0.0054441164
133500,0.26716956
136387,0.20711872
134405,0.03932562
32404,0.85868156
134465,0.061089158
36627,0.64011246
133876,0.019097837
136986,0.15066734
134113,0.55756015
134442,0.17471533
136844,0.3784396
134595,0.032813262
136894,0.27571568
31737,0.9110803
31462,0.696203
135535,0.60280883
30638,0.7910644
135752,0.09205618
34317,0.70441216
130414,0.011598827
31036,0.9249221
136544,0.78792715
34761,0.8733864
30924,0.41243258
37062,0.8850017
130667,0.24505113
36829,0.955438
134210,0.08361311
130112,0.7206943
135872,0.031058848
135983,0.7548725
136501,0.05161041
35680,0.7864297
36511,0.8780255
130131,0.8848649
33219,0.84065264
30428,0.7600905
133651,0.3234104
32760,0.76344424
132173,0.62529373
130834,0.38940558
132816,0.034961537
33029,0.8284508
34863,0.22869012
134095,0.84980226
36485,0.378373
30386,0.8599361
136737,0.24401276
36706,0.6102851
32026,0.7649241
131210,0.045162275
131249,0.06641603
130756,0.12617889
35020,0.8866453
136383,0.25143725
133548,0.019601462
32958,0.9380738
30572,0.23104052
135037,0.6996772
135111,0.22808617
130167,0.02975621
33969,0.6331529
136014,0.05224737
36156,0.81517625
33134,0.8298791
136428,0.017623978
31549,0.23553602
33454,0.9540562
30418,0.51211995
130295,0.35711297
30981,0.6434944
136760,0.007455201
33184,0.8964485
32002,0.4092661
131181,0.03540684
34779,0.9250583
31863,0.84353906
132004,0.1935706
32939,0.9080068
30022,0.8161423
132201,0.2245689
33534,0.93324864
36097,0.9214873
131165,0.10704712
134300,0.33483696
34069,0.9514639
35658,0.6030131
137286,0.16417709
30683,0.4285862
31757,0.72693276
34499,0.13019982
136167,0.10051703
34162,0.87915933
30261,0.84242266
130889,0.07650472
31368,0.8273865
36714,0.96841127
32187,0.6540008
132409,0.0063779023
36135,0.27469987
34840,0.8761392
35315,0.9410945
133073,0.8739528
136268,0.015344644
134960,0.5810919
31025,0.92133814
35668,0.5952092
135675,0.42894948
33965,0.73148686
31877,0.8907031
30149,0.8722509
135485,0.79630846
134748,0.7022271
136288,0.031127319
137037,0.13048723
33093,0.9307906
131689,0.18037908
137335,0.0069995318
137369,0.009879482
133719,0.44065702
131895,0.0138889905
135266,0.09095008
135806,0.35300955
135879,0.08196723
132195,0.23422068
30355,0.920435
132327,0.6363368
30093,0.9355048
132583,0.91175544
131426,0.65332115
135414,0.097570375
134240,0.016371189
34751,0.8267131
33336,0.5898908
135273,0.16151963
137367,0.38774303
32766,0.2594613
31491,0.47726515
32838,0.4396636
136165,0.03144647
33402,0.87634635
136815,0.013501152
131777,0.44037664
134257,0.11854111
33104,0.6628531
132512,0.04898678
133760,0.24990836
136326,0.89279395
131022,0.8120263
34796,0.88012695
33765,0.79949015
37382,0.15914735
34920,0.7093074
132771,0.265232
34929,0.858999
136840,0.015983311
135467,0.07663155
34383,0.9051772
35130,0.2832143
35956,0.9242333
34007,0.85092443
36950,0.5979529
30144,0.7128962
31979,0.8675092
137093,0.52671003
136271,0.91070384
130948,0.022876816
33141,0.73867667
33588,0.8938571
132996,0.16695267
36758,0.81923735
135382,0.13325958
132642,0.46506277
30479,0.023268722
36741,0.5821136
136741,0.18173559
30958,0.85087854
30115,0.9253299
131864,0.06443547
31857,0.78128594
31500,0.95861536
36914,0.9253862
131186,0.9105633
34771,0.84619665
136355,0.14519092
132254,0.06948857
31760,0.29105145
134776,0.48905787
30282,0.86981356
131272,0.02670461
35967,0.24857621
134885,0.02076204
132932,0.00971709
32225,0.8492493
131172,0.049779292
133675,0.09870025
131866,0.115803614
136655,0.026947146
130458,0.14344528
36376,0.08560484
36120,0.6325749
30980,0.4960751
131373,0.07164002
131235,0.7689484
34995,0.88144815
37135,0.8569336
32151,0.90883523
136017,0.08701411
33939,0.68410444
30283,0.9575772
132324,0.8116225
31169,0.7151319
30843,0.77941054
135825,0.012165678
31573,0.7209396
135207,0.0065414617
131075,0.12480412
30512,0.9561706
36985,0.8461629
33638,0.7614047
131047,0.2948705
35197,0.5888607
35736,0.8686315
135591,0.7966995
130901,0.7104901
130155,0.03876743
31183,0.48249167
35553,0.19119842
134970,0.2298679
133410,0.014776304
131345,0.22332384
34590,0.6898294
33656,0.6325283
136836,0.04708038
35827,0.84206796
31834,0.8341113
132548,0.446914
30768,0.95930654
133060,0.6257964
133576,0.019392425
30993,0.82487214
136218,0.0739263
32085,0.93808013
133736,0.14015365
134901,0.045169048
33181,0.8565315
137271,0.33664668
36823,0.3466101
33304,0.8313579
31856,0.41928264
134733,0.52734953
134476,0.16551344
31788,0.85755455
136079,0.064619265
136575,0.29424006
30318,0.707495
133273,0.0475341
31035,0.88171643
134110,0.020745415
37223,0.81483877
36894,0.16389182
30440,0.6041947
31766,0.65126014
31110,0.9137957
134061,0.62322366
30377,0.9413071
131853,0.25171554
136345,0.40104675
32639,0.93060756
30613,0.72979313
136734,0.9462639
132742,0.6307809
32546,0.93846107
33375,0.52831423
131126,0.5817654
34321,0.85616004
133079,0.647862
132845,0.011219671
36524,0.651305
30796,0.8523316
134216,0.0066266456
31398,0.91747624
31085,0.9290814
34080,0.88948786
130050,0.24590136
30587,0.8924518
35674,0.8558157
132789,0.56995773
132570,0.80218804
131267,0.8474033
31481,0.8309334
136744,0.4971779
131073,0.028579524
33348,0.79412097
37295,0.8731165
35744,0.34676594
131274,0.50394744
31620,0.9273008
133111,0.55835927
32887,0.80701
34109,0.9077079
135004,0.02355709
135423,0.026843801
134797,0.35887247
135519,0.24664585
31337,0.8991624
31403,0.18458998
36685,0.24014993
131918,0.1850069
133044,0.11766137
31747,0.87673634
30982,0.84111726
37000,0.57927185
34862,0.1353863
33630,0.8488197
33476,0.8332032
131606,0.13251823
132731,0.11957466
32166,0.92394453
35429,0.67794967
30817,0.8882262
135632,0.09755118
32746,0.75058913
134856,0.026008759
134932,0.43122962
135217,0.6745382
135395,0.066805325
133529,0.18484123
130072,0.11142203
137437,0.03229825
34165,0.5978435
134388,0.5526396
32792,0.67359185
136195,0.48350146
35355,0.33101118
34702,0.93674517
131000,0.07749344
131333,0.03483616
32526,0.89465725
33309,0.9401274
30369,0.26990342
132320,0.38067198
134978,0.18643427
134650,0.27105364
35564,0.85010296
31658,0.87839556
132458,0.33365571
32926,0.1716216
31490,0.8247789
30340,0.8265871
30833,0.93415236
31666,0.91348785
34705,0.94313484
36169,0.5768279
33135,0.60742754
136835,0.27497518
133732,0.13437802
35589,0.6662046
133157,0.37545943
136687,0.03632275
132026,0.21775678
34905,0.9532992
131825,0.056105927
31056,0.7704558
130381,0.08702815
133172,0.16364944
31672,0.68153036
135347,0.6007067
34429,0.884427
134655,0.0338291
136239,0.07840551
137485,0.035696153
32167,0.8179393
132887,0.351735
136298,0.025718343
134752,0.14093702
33078,0.79376405
33028,0.9385042
36565,0.893729
36584,0.8642529
34957,0.9009118
136252,0.72398007
31311,0.9367759
131954,0.57816535
132650,0.053455565
130579,0.82420325
31517,0.80078757
37467,0.5939607
33767,0.87047696
32789,0.9359172
35555,0.5705623
34445,0.9390166
132782,0.31180456
37221,0.88893723
133324,0.062556736
135447,0.01602856
31557,0.5941122
33124,0.867945
137378,0.005561701
35150,0.9096351
36177,0.73722285
130281,0.051783945
32649,0.89133036
36570,0.37280613
37178,0.84588146
37198,0.94872797
32803,0.91531724
32141,0.8826561
35789,0.76878345
33812,0.8331628
34271,0.7591081
33025,0.89641255
31111,0.94331914
137228,0.102668755
35751,0.19094488
31958,0.8774567
35803,0.77422166
37073,0.8204225
133735,0.06775899
36888,0.8560367
134314,0.02200491
131982,0.89657396
131892,0.008686212
135372,0.007918454
137223,0.08204911
35421,0.734023
31651,0.8385044
33151,0.89914316
32428,0.3671072
134859,0.03398096
31281,0.87513965
132444,0.20825306
131076,0.6977988
130283,0.09494868
37004,0.7038012
35703,0.71878725
37167,0.82778466
35302,0.7741984
35391,0.8773784
35208,0.8775958
36563,0.62929034
34158,0.5507738
36920,0.80980515
132507,0.15129378
32238,0.8994232
133668,0.024239609
35414,0.8602767
135281,0.15065618
135352,0.07021952
31974,0.782387
32076,0.9353123
131102,0.09592545
34710,0.1724732
135931,0.06582222
136556,0.1442394
32804,0.6640578
36279,0.6229436
135433,0.4458905
30216,0.8153604
37387,0.26262867
33677,0.9153425
135838,0.032948554
32997,0.75816023
35818,0.21537057
31823,0.81433135
131745,0.3406824
135425,0.0070475396
32588,0.88831997
136146,0.27401274
135462,0.74087596
136799,0.18020216
35097,0.4462959
32962,0.89646053
130861,0.9019383
37236,0.6009404
31984,0.27605027
133170,0.620228
37155,0.4227708
35201,0.8463136
133369,0.082522705
37229,0.7380782
133405,0.4801071
132933,0.15169312
131375,0.51880175
134290,0.84215444
36892,0.9522117
31385,0.8555591
130333,0.021897424
33751,0.95979255
133163,0.013819278
137039,0.18261883
130553,0.004313969
130274,0.023116395
130137,0.03905468
135458,0.0320443
35389,0.9291103
130016,0.43722394
133486,0.23810472
132692,0.31072405
34209,0.8982696
130179,0.06585136
131914,0.03463328
130461,0.028498912
35358,0.718483
36832,0.86935437
135680,0.25704336
131471,0.044121813
37203,0.8820757
131372,0.29504985
36779,0.7403477
136454,0.60067797
36551,0.8625218
30293,0.8161857
34709,0.68987703
134416,0.5096853
133461,0.6063011
131610,0.109585226
32515,0.92268926
134063,0.9401776
33972,0.79975
30460,0.6853635
34663,0.87352204
31228,0.8862779
130926,0.033010732
34470,0.922361
131946,0.04687126
131678,0.63223207
32930,0.8703833
136316,0.38286152
130567,0.756578
37408,0.54188824
136524,0.68772644
31486,0.95287234
30752,0.5620022
31542,0.872416
133588,0.019000577
131760,0.14735064
137341,0.046249017
36406,0.5004823
34998,0.88755924
30286,0.6289731
35799,0.9344466
35686,0.75383633
132895,0.3035427
134291,0.18406057
31006,0.8747398
33237,0.8495419
36907,0.61551666
131724,0.7716641
134156,0.60079986
30425,0.9034741
130028,0.03761193
33053,0.85906184
34096,0.09326174
36348,0.8616847
133112,0.14812145
34190,0.7521846
36307,0.8562476
30133,0.1647359
35025,0.62425923
33710,0.9468251
33343,0.83289874
34057,0.825614
136542,0.10411991
36737,0.8473728
134090,0.14576077
136517,0.024687406
34231,0.86009026
132913,0.80385727
32340,0.67251074
134351,0.072449155
132901,0.037190847
133549,0.021458562
32229,0.79500926
132425,0.18927234
37206,0.12289356
130190,0.4602832
31836,0.840301
131025,0.042608574
133593,0.051174156
133563,0.010022759
131129,0.48544872
130532,0.023387678
31868,0.67325765
132522,0.2608137
131311,0.60319
35398,0.74306405
30738,0.38270172
136301,0.06685113
37373,0.7802642
37322,0.6815925
134785,0.13990535
31767,0.79171693
131525,0.01924954
33189,0.82547176
30159,0.9014935
34478,0.9119569
131060,0.29798976
32361,0.35692006
130886,0.02550708
35247,0.4764418
136258,0.034111485
35154,0.92574495
136385,0.041145403
133418,0.82845753
135941,0.55028045
37363,0.8890116
134889,0.2559479
136359,0.30730903
33091,0.9412955
35471,0.85691446
137422,0.0364055
133462,0.8976439
131006,0.8506914
30468,0.8987059
131620,0.19304173
36309,0.78154683
136525,0.062211554
37109,0.5875064
137464,0.42667314
134841,0.92130464
130961,0.74294204
136810,0.030568305
34508,0.74358404
35733,0.8960069
33676,0.78124815
132033,0.46229127
131325,0.036055103
131530,0.07933042
135448,0.009373837
135823,0.109665476
135096,0.6501787
33185,0.84835756
32537,0.5038003
134386,0.24667297
133139,0.54150546
37186,0.8151322
32640,0.7637748
135966,0.5821136
30984,0.9010715
30764,0.71759087
137210,0.28557408
134504,0.12874018
137447,0.12194959
137243,0.33067846
130033,0.018781697
32175,0.90539384
35189,0.78389776
33441,0.33744577
132751,0.78722584
34835,0.884595
133047,0.02562523
36287,0.92109215
131219,0.20457776
130475,0.058668833
130959,0.4413899
32033,0.7349125
133473,0.0055240677
136690,0.36021063
131003,0.33866715
136194,0.2756553
132451,0.55629355
32581,0.9392658
31582,0.7936043
136637,0.05744774
36754,0.80723697
32253,0.85166645
133334,0.03614765
133857,0.013801639
31613,0.80945396
36130,0.8645595
30096,0.91139954
132592,0.73517096
134415,0.5974813
32112,0.3632426
33318,0.02720101
132015,0.030741602
135928,0.55189276
134438,0.05036865
137074,0.039205946
137033,0.18434739
31911,0.29522517
33368,0.9570627
135530,0.006674604
135748,0.1715206
137099,0.046983503
34223,0.8655663
132849,0.39441854
133176,0.02124889
132744,0.005122699
133784,0.65712583
133950,0.21700199
36265,0.8676543
31428,0.32347003
31531,0.8556301
130129,0.018988684
30462,0.5047382
132556,0.04621924
31452,0.42232862
34549,0.88657326
36559,0.9180606
136131,0.8099381
33048,0.9454324
131137,0.26479393
36050,0.6161194
37185,0.545457
32835,0.8676846
132082,0.011354373
130698,0.3332811
135974,0.58599854
133662,0.0153538035
36331,0.54662937
136828,0.03708435
136956,0.05910278
30344,0.7509728
136582,0.10225573
137238,0.20086397
130693,0.88818437
130575,0.18389228
35636,0.8399136
30306,0.89763045
35582,0.8584863
131637,0.006908335
31756,0.61887014
30868,0.15400942
133837,0.049913846
35847,0.80980575
133246,0.1220913
135068,0.059562244
134357,0.040580887
32702,0.82782245
136052,0.031545475
33764,0.6637077
30509,0.9118406
30063,0.38471404
32706,0.8664091
131849,0.027625158
135517,0.17533074
132821,0.699924
30090,0.33428943
132090,0.010664267
133741,0.043802638
131767,0.008346491
32586,0.9608487
135236,0.226962
36874,0.5837042
35826,0.90589017
34380,0.3445858
30406,0.8341604
34510,0.8296054
34344,0.2948269
132117,0.1017504
35549,0.83342874
131829,0.008523871
130847,0.080392465
36647,0.8276065
33325,0.7153049
131630,0.2537278
32732,0.8768177
33573,0.79042506
130904,0.155389
133216,0.113518946
33406,0.21671593
136850,0.23035435
32287,0.6804319
31463,0.88513404
31100,0.9496517
33942,0.8906913
135932,0.15307061
131364,0.5543528
134531,0.08719887
136548,0.013236585
31870,0.49946573
35002,0.79436666
36033,0.5282761
37480,0.9221459
33955,0.91560787
32056,0.89567184
36212,0.89656126
32986,0.8725876
37050,0.9407449
133289,0.074340776
133925,0.049573567
135489,0.028419023
137465,0.025545483
136036,0.8451021
36295,0.9420163
133864,0.09473058
135413,0.012745896
36810,0.73453224
136764,0.71862924
135051,0.013035291
30130,0.8833324
36191,0.5800315
32876,0.87726593
31798,0.8676214
131882,0.020131676
32870,0.59656835
136494,0.08701067
131059,0.014503402
136113,0.01741957
36462,0.9479106
134105,0.4683802
34873,0.93927366
34820,0.7161348
133236,0.15613563
135053,0.010831019
133466,0.85002875
132073,0.23439236
135728,0.12615737
35090,0.91214687
37315,0.93136394
135695,0.30577183
33456,0.7135568
133326,0.019932402
32721,0.8689924
33240,0.69302464
130995,0.0137728
132353,0.7777343
137354,0.37362397
136122,0.019294407
32389,0.8443282
34829,0.96307683
35319,0.9015266
31392,0.8862441
30119,0.9145046
130434,0.088314325
36850,0.5814817
36410,0.96370846
36966,0.49940443
37392,0.8383041
131819,0.11165649
136283,0.048886783
133442,0.38121545
30987,0.91150296
134288,0.6285703
130783,0.029630648
36735,0.49378812
32705,0.93210524
136711,0.84123874
32162,0.87588507
30872,0.87019587
31235,0.6565105
34031,0.90830517
132009,0.003623162
132567,0.18684733
31093,0.9056944
36642,0.06904024
137383,0.08564308
32097,0.29991737
36573,0.85608804
34029,0.5536376
136164,0.0134181315
37058,0.038686655
130095,0.06279886
37026,0.6765408
137042,0.028573362
32008,0.40472025
134550,0.39422655
36083,0.06130164
30465,0.88003564
131112,0.020038178
31005,0.3349415
34597,0.5774059
133199,0.5599494
134926,0.123344034
37240,0.82153255
135355,0.20543094
31244,0.9102894
33604,0.9477213
131041,0.1690119
37366,0.40331596
136486,0.1094828
31888,0.6343874
36032,0.95271426
134782,0.19276935
34869,0.9118076
35253,0.34481138
136380,0.04196198
130880,0.8770689
32188,0.65481853
30526,0.9245217
136392,0.03289114
135897,0.18408263
132552,0.074387036
32061,0.098373145
130584,0.11189492
35155,0.43465877
135156,0.6993466
135091,0.60683674
36285,0.92577916
131461,0.0070912763
32832,0.893686
135520,0.08941441
35437,0.74551237
35013,0.9513026
134278,0.5749494
31455,0.85836774
132645,0.3222691
130269,0.08829129
134419,0.023649907
36857,0.32414696
130813,0.82533413
131419,0.08537304
30972,0.8568452
133290,0.58773875
36645,0.85958207
131456,0.010974504
30028,0.89180636
34075,0.8106838
136929,0.6642354
35862,0.19027358
36353,0.74238664
35000,0.3266454
133476,0.025811384
35061,0.91268843
136865,0.25391722
30597,0.5598652
31192,0.84944195
33570,0.16686751
132281,0.054151602
36681,0.389668
36267,0.93792397
36233,0.7777908
30823,0.915525
132419,0.6436626
30731,0.8985792
33493,0.7145699
133004,0.010831495
34335,0.8847019
32633,0.9188497
32682,0.8764739
30495,0.94487447
35187,0.84241056
36569,0.9131275
136045,0.70974976
35944,0.52928954
137331,0.51870555
135270,0.27092507
130682,0.3176782
131856,0.015537825
30414,0.8689353
136975,0.006349915
36482,0.8696883
30741,0.76228374
34769,0.9548156
133945,0.05630944
30909,0.9234
130136,0.89730227
131794,0.9223238
130816,0.0774087
30536,0.9201127
30121,0.89090717
137192,0.20477173
37476,0.9112624
31980,0.84712106
36477,0.9199664
133751,0.5913703
133942,0.51343
36805,0.93689525
37081,0.7648817
36359,0.60468537
130912,0.21155426
32952,0.8016382
135397,0.0657922
131493,0.6580697
130316,0.3164615
35168,0.7733652
33478,0.8586252
37361,0.8488443
33047,0.76617414
132405,0.32887703
135624,0.0108916685
37358,0.8035496
31406,0.93638426
37337,0.80428964
136370,0.0061122137
33112,0.50351435
36510,0.6186979
30025,0.81071347
131660,0.9409936
32266,0.9132979
134654,0.09619985
134831,0.12823848
137171,0.02568374
131432,0.1094498
136141,0.016255211
136895,0.86088985
35298,0.9385826
133933,0.102360316
34644,0.9184457
130091,0.010948139
131837,0.011040856
135734,0.20506974
33397,0.9247611
36769,0.8571714
32353,0.74651086
130878,0.65448475
134482,0.10376936
35078,0.9382292
30322,0.7645383
34454,0.31677848
33170,0.39772284
135337,0.10454647
135894,0.056450363
136433,0.15206066
34329,0.14886403
130670,0.5088718
33414,0.8828754
37345,0.93066734
132792,0.027382871
35621,0.9522847
33227,0.8883179
135416,0.022524664
132654,0.09893466
35905,0.8794454
32938,0.7720928
132968,0.15676914
134318,0.5428834
31355,0.8756014
31891,0.8338528
137385,0.6048985
134498,0.7391388
136391,0.01713233
32591,0.88190377
35470,0.8665349
137076,0.15821698
131171,0.024530822
33982,0.32966992
30279,0.9534685
33347,0.6965658
136547,0.010386642
32223,0.8721214
36381,0.6261275
36858,0.96325374
36375,0.7191444
34615,0.75501543
36148,0.9146108
33468,0.8535929
133477,0.7115853
33439,0.94737107
34235,0.9423646
133720,0.07154361
132718,0.013943131
32367,0.87800676
31051,0.88797325
134400,0.026107548
133969,0.24610624
37269,0.71032274
35264,0.9240793
136990,0.33258533
130585,0.46573
130570,0.099416964
33326,0.7438298
33148,0.88786954
36384,0.8251401
133366,0.072367884
134991,0.22989325
134251,0.5889661
130263,0.37847707
132348,0.021960853
130947,0.43712577
136061,0.31146806
135050,0.02105933
133550,0.010231161
31324,0.73187053
134246,0.015426159
31451,0.8681076
133562,0.6141356
31314,0.24411348
36901,0.47743264
136188,0.3906884
32324,0.7507803
35045,0.7471133
134147,0.5760977
33897,0.88103944
134119,0.31250685
130507,0.12673476
131289,0.36837542
30150,0.8839524
35246,0.8540207
134631,0.05305144
136086,0.16859916
136101,0.1559928
136212,0.45048702
131596,0.013186127
30263,0.70021605
132057,0.011137143
130080,0.027329963
31692,0.47918513
136728,0.36032468
134488,0.12096607
130542,0.018320229
34240,0.7976848
33841,0.88673943
34571,0.94199324
132329,0.8224306
130084,0.5735896
131263,0.0033598389
133584,0.6334339
136847,0.23287211
31476,0.93806934
133081,0.6885389
134927,0.8865302
33448,0.6394925
35500,0.87692076
130976,0.08214487
130679,0.46853334
132347,0.08769043
135464,0.07300316
30046,0.8223737
34313,0.22524533
132066,0.0076333843
133930,0.4860307
37333,0.95468676
134129,0.34981412
31293,0.9149772
33679,0.76734984
133501,0.18975037
130391,0.5235641
33339,0.8640216
131106,0.032578126
131309,0.4206093
31800,0.6993427
32955,0.7579605
132377,0.35133442
34722,0.9357247
133726,0.012671492
32476,0.77182895
35139,0.9043459
132655,0.3209567
34658,0.6502534
37116,0.7092664
133782,0.13817067
134118,0.050489534
137445,0.6121671
33612,0.7071803
130635,0.06509739
36995,0.9320834
131395,0.035087876
37426,0.21437797
32380,0.84114265
133225,0.012022277
32320,0.9085264
133566,0.4318429
36296,0.8933405
133310,0.016895648
35221,0.5861122
133530,0.05641786
135028,0.15819372
130180,0.014026082
130554,0.41475767
131241,0.46820846
136658,0.210171
135522,0.33353668
131194,0.019405393
132619,0.06932801
30490,0.9006198
30415,0.86339265
32464,0.9463789
132013,0.5557062
32391,0.44625354
36734,0.52680284
133667,0.28487095
36023,0.76240367
134738,0.07999433
133133,0.19101344
136280,0.08220741
35219,0.6776254
34003,0.92332447
35671,0.9117856
31679,0.6864041
30693,0.7634811
33769,0.9518378
34338,0.8722488
32234,0.7721638
131442,0.83149475
34089,0.78536355
131738,0.45665425
131339,0.03691216
30292,0.06643482
132119,0.4723694
34126,0.8610025
130430,0.032960564
135568,0.899744
34245,0.4495598
134037,0.59601927
133999,0.82562786
34076,0.89719623
34012,0.93763787
33058,0.6098255
130920,0.37606135
133632,0.15751012
132788,0.028745808
36844,0.34207562
136112,0.19888201
37412,0.8062087
130689,0.070881836
135221,0.031949844
135561,0.16151425
36352,0.85958433
130355,0.44218615
35073,0.8601085
136013,0.011593984
130247,0.0051082084
136108,0.39587474
37391,0.2629747
136978,0.21577121
132587,0.041658107
35050,0.37987098
33798,0.9044085
34913,0.69308585
135804,0.030246172
30942,0.9695296
132468,0.7707676
31933,0.9536261
134046,0.25819638
131232,0.029329553
35527,0.8258499
131876,0.2169674
30469,0.57937974
30925,0.8312582
32949,0.93691075
131371,0.07587339
136364,0.31067476
35435,0.7080843
32794,0.7743763
135687,0.73468715
134059,0.8174742
36125,0.91512114
132769,0.023294164
132510,0.10840194
35539,0.77207124
37317,0.1882286
31688,0.5927004
34451,0.2547923
31693,0.8383928
34104,0.94329107
31107,0.9193053
135694,0.8998748
31279,0.6945936
34421,0.8735259
132424,0.15223859
133249,0.19467686
32598,0.946596
136465,0.03065122
135525,0.02323661
37285,0.857366
135659,0.012225724
36338,0.9631172
30338,0.6918673
34027,0.65381217
132564,0.23946477
33660,0.5580718
36581,0.8707579
32375,0.9592551
34368,0.9356124
31939,0.6030715
134173,0.054035228
37047,0.6644629
134537,0.030714242
136039,0.00981356
130552,0.044730447
133633,0.45043522
130083,0.112739466
135159,0.648477
136137,0.14802976
132413,0.24965382
134718,0.65535724
135618,0.011627852
33204,0.93729943
133885,0.27821067
30644,0.9241677
33321,0.44301647
30171,0.89450777
36220,0.31339943
32730,0.92944014
30875,0.835217
132533,0.03335646
34509,0.84579325
130369,0.010739717
132858,0.08229805
135219,0.13054581
35243,0.6910284
31809,0.96679294
136676,0.13544592
32189,0.85926646
31004,0.8845694
37111,0.9452142
135126,0.8645981
136311,0.6564289
133853,0.20562616
135065,0.22498626
132403,0.4493712
130643,0.45755953
130548,0.46621597
134053,0.009418104
30563,0.7307124
131135,0.30064422
32888,0.196016
35900,0.67813724
136920,0.026612561
31386,0.8876364
131649,0.010607547
32128,0.5868361
131985,0.23442914
30694,0.8896942
133696,0.686038
30661,0.90276843
136540,0.20175457
130986,0.04131911
132660,0.31088966
36360,0.87750196
33772,0.95120746
32034,0.7729992
134509,0.027173705
130419,0.4243085
135262,0.123753056
36475,0.614819
33019,0.891394
135481,0.010231238
132279,0.29708973
30036,0.44272107
32489,0.94298375
30992,0.16573359
135100,0.037123974
31250,0.7739332
133420,0.08628768
36537,0.888004
30003,0.38373372
134545,0.005090285
32810,0.84057176
34609,0.62673336
135168,0.006189525
35982,0.87664473
33824,0.9362627
33201,0.9496236
34311,0.73108405
30575,0.17738992
136180,0.02372755
137109,0.26474422
130181,0.45790264
31470,0.9305911
33537,0.4255923
136255,0.026051065
137269,0.49166065
31465,0.53209174
30380,0.8614648
134451,0.31794786
34772,0.9474282
33477,0.9511118
32243,0.8403442
135319,0.27691743
35256,0.88886094
131262,0.84800327
131255,0.78162885
136872,0.4689165
134876,0.037178256
30076,0.8380639
131276,0.028356953
134993,0.74603736
31306,0.90885156
130405,0.45527196
136949,0.74675053
35749,0.19698292
32554,0.94411904
33211,0.5462393
33763,0.9609156
34263,0.80260336
31426,0.9028738
132233,0.056744467
36818,0.88580155
32123,0.22363777
135128,0.07428687
132467,0.12301749
133224,0.21725202
133102,0.57978785
137215,0.35996306
30556,0.87952465
33356,0.78927517
136945,0.072847806
132536,0.68690777
32796,0.93570775
134074,0.0073020896
31950,0.7701411
133519,0.041415025
35830,0.9080061
135302,0.16747028
130105,0.4384908
31508,0.8783973
34926,0.90791816
35178,0.8336842
32153,0.9483608
137132,0.09383295
131381,0.25554872
134281,0.07375692
130706,0.17688175
132375,0.21123771
133690,0.17537634
133068,0.061724324
136587,0.121577695
35917,0.39175034
35318,0.7991928
31841,0.59736043
36906,0.3943247
134316,0.026431514
135394,0.016622288
33155,0.92079985
35428,0.8745955
131698,0.7663355
35730,0.66049904
134952,0.06634012
135496,0.04502083
135137,0.8884777
132795,0.045693386
131550,0.02053218
131522,0.22474083
134764,0.76338863
35992,0.9250177
31665,0.22197835
135769,0.028419236
30429,0.67069477
32596,0.5749746
32387,0.7599365
132092,0.24769096
130598,0.4855144
35288,0.8143844
132469,0.039600585
132109,0.8649018
31062,0.8959042
130366,0.30177218
132020,0.15438977
136647,0.14464831
137005,0.5513225
31039,0.6642233
35261,0.91166234
136235,0.005231273
136060,0.047100447
131565,0.12886165
133866,0.038399555
34899,0.9451013
33907,0.76811093
132076,0.0323049
137108,0.011793031
132137,0.08801777
36791,0.6402542
33038,0.94161344
131422,0.08259836
35999,0.838789
31803,0.9625763
36262,0.8346899
31064,0.8169434
135970,0.7653274
136484,0.17671755
35373,0.7298269
33075,0.9090267
137312,0.30732468
35865,0.67217785
131589,0.14069636
35834,0.32318267
137178,0.043082256
134793,0.046836536
130066,0.0065802326
134886,0.33679223
31272,0.82325536
32928,0.9407738
34285,0.87326825
30214,0.8537799
130456,0.14938074
35262,0.9567487
133490,0.52207017
34145,0.9537226
134663,0.7849707
32449,0.8082282
131295,0.15247981
133763,0.12536992
135417,0.1807576
34179,0.8880701
31384,0.91945267
36961,0.40972507
131692,0.02371103
133957,0.25674042
135933,0.08506987
135213,0.044511065
134276,0.022397598
36688,0.32877645
132733,0.34025222
132432,0.5641793
135035,0.87862307
130798,0.15769415
136892,0.01559469
131081,0.05984065
34792,0.5161318
134702,0.62378186
133615,0.70594156
137097,0.52674073
130085,0.5901152
130420,0.2024448
32021,0.8761989
133459,0.6358549
137139,0.39877442
35988,0.5517022
135629,0.42724
135749,0.3981521
31492,0.8848055
31541,0.5030169
33885,0.7324527
30537,0.94532216
30327,0.8949628
136774,0.089505695
35951,0.77538055
31014,0.54052424
36868,0.4695872
132768,0.19413264
35275,0.9035224
31225,0.85844475
134605,0.0398597
133408,0.7593456
35215,0.7770186
132081,0.6971963
35954,0.8753373
31190,0.77337897
133569,0.8182186
136842,0.012386999
135112,0.22462216
30379,0.12083732
135000,0.1339828
37375,0.67934006
136576,0.17102084
130120,0.16679372
31208,0.73824036
136997,0.23959538
37475,0.4227836
135321,0.011699107
36703,0.8739477
35798,0.5286719
137028,0.12353576
33805,0.6017939
36065,0.144958
34023,0.8799907
35087,0.7542554
34807,0.8247091
35903,0.9160281
130388,0.60171425
35521,0.74949557
35673,0.7309758
135546,0.010726228
133619,0.017238326
137241,0.8120154
136041,0.010379264
35522,0.7374865
33843,0.3015629
36500,0.9411524
34009,0.8795076
30020,0.87089556
30372,0.8612225
36885,0.75916123
134877,0.21633472
34568,0.42158276
130684,0.06665174
35254,0.942518
136657,0.21845394
132871,0.033417698
136633,0.07357238
131546,0.18163699
37273,0.8634416
130390,0.005439879
32191,0.74070066
135973,0.88346285
135625,0.07293602
30962,0.30000997
130681,0.37983206
30416,0.6714959
130417,0.682657
136632,0.057049602
134194,0.123495
32791,0.92132854
35925,0.96261793
35908,0.8622697
133241,0.58650666
32065,0.9238027
35634,0.6103507
131913,0.75834227
31444,0.7920819
136653,0.8167676
134579,0.014861828
34001,0.88692766
35635,0.86642903
131874,0.36774147
35026,0.8730554
34419,0.80716276
130527,0.097248375
130484,0.092491455
31343,0.47518715
137130,0.24933338
34492,0.31701463
130226,0.27558005
34896,0.9419699
30927,0.95014524
32795,0.8085838
31239,0.6882119
30652,0.61940426
134715,0.48537534
32507,0.88152874
35009,0.8762075
136285,0.15993965
135410,0.043606546
32106,0.081001915
134691,0.15262353
31826,0.9564039
31600,0.8561252
134549,0.058438428
35810,0.44967258
30582,0.86514425
135628,0.07016977
137355,0.021492993
36891,0.38733461
35930,0.87752986
132753,0.2409852
33964,0.818203
32993,0.93333244
134361,0.6491293
136795,0.008128903
130683,0.022900859
32828,0.8020121
132659,0.681715
136619,0.08813619
133292,0.04480061
136659,0.016798323
36931,0.70151144
36048,0.1830001
135174,0.25749326
130632,0.049984626
134453,0.074561834
132261,0.03558793
134684,0.057556473
136897,0.21915083
136930,0.17024298
34351,0.81415796
31731,0.36650816
133527,0.61336696
132991,0.14968942
30140,0.84630466
131891,0.04090365
35361,0.7486526
30771,0.933933
35202,0.04975009
34176,0.6838078
132531,0.8534477
31191,0.84094155
137209,0.034663696
131231,0.0528375
36244,0.8462287
32374,0.9523411
134430,0.27605677
133708,0.45902246
34194,0.28211182
36366,0.81024945
132382,0.01441561
135689,0.47510618
137446,0.5833887
34778,0.23006001
36657,0.5258777
32147,0.89017487
37492,0.87252474
35516,0.14909624
35598,0.8832626
35558,0.4042384
135044,0.011452239
133429,0.011363728
133233,0.8531442
134374,0.039532606
134395,0.15871967
131778,0.15683827
31152,0.8128776
32430,0.9061571
137399,0.019620413
133654,0.114557944
31723,0.88818586
34035,0.9212534
33433,0.87095404
130383,0.71442515
33462,0.33658513
37059,0.6616215
135898,0.21593541
34969,0.68000495
132955,0.8081931
132189,0.031866636
133572,0.35170326
131352,0.11827249
135087,0.10590081
37450,0.8209223
30939,0.63450825
133825,0.024920816
36292,0.61882883
134362,0.10805491
135335,0.14116308
30728,0.5613564
130943,0.025477452
32142,0.86721045
35731,0.7459625
130106,0.21857063
131423,0.014426358
136604,0.14309067
133657,0.009497221
136189,0.40832272
36044,0.6919381
134004,0.09046281
136421,0.17489623
134342,0.031082343
36693,0.8770123
30374,0.92278767
31042,0.69030297
36811,0.9110347
134637,0.303618
33392,0.22990324
134192,0.8858025
34149,0.5610936
31765,0.16799709
136869,0.058652014
131669,0.61977386
133368,0.57264084
136520,0.0995387
136564,0.025816383
37172,0.36639136
130171,0.011886526
133206,0.02039468
30545,0.96550703
137250,0.21772586
33129,0.5387069
130829,0.01042324
32356,0.7818679
37486,0.5789966
31090,0.7635247
37217,0.88702744
133247,0.37177297
31930,0.6117514
132590,0.02156527
31163,0.5670801
30182,0.90122056
34054,0.8775072
134774,0.002384177
130486,0.66282916
135257,0.062015638
35449,0.56117266
131264,0.36867428
134024,0.1219346
31109,0.85355276
133509,0.4011473
33664,0.9131067
30961,0.9169072
136143,0.032243136
136803,0.04119941
36833,0.77585477
135115,0.05895651
31008,0.11131335
137320,0.055463266
36480,0.11838286
132182,0.11065602
33263,0.8814963
35648,0.9213062
136750,0.05816101
31391,0.64163226
30688,0.9701857
134221,0.13325532
34832,0.8215029
135205,0.012141518
135350,0.0320225
31399,0.96095955
137123,0.64475065
132945,0.36774322
31667,0.95127606
30934,0.84899956
130690,0.080857754
33273,0.922183
135972,0.10070523
134750,0.12072644
131776,0.7513449
32510,0.7655895
36470,0.90935665
133881,0.8003771
32221,0.93144536
134217,0.0783159
136876,0.01662716
135499,0.004391196
130114,0.11142939
130013,0.22478662
136336,0.3813448
136303,0.009758201
31266,0.18375875
136485,0.4833545
133644,0.0039621047
34233,0.8756129
30396,0.5810413
135892,0.01350767
136357,0.16182977
30430,0.23107848
130892,0.7313824
36583,0.7826816
133106,0.05112496
136806,0.14750905
35357,0.94397867
36775,0.91280115
135285,0.21030442
136866,0.4463542
37390,0.31769818
135269,0.3331852
31017,0.67378867
32568,0.9144978
32001,0.8230863
33848,0.94189024
37201,0.8694456
30747,0.69997543
30669,0.92079365
137138,0.01210627
30483,0.8679583
35293,0.46290925
30720,0.9439512
130387,0.28341436
32467,0.9187366
134380,0.37380457
131590,0.63284504
137414,0.008547187
134264,0.23622264
136313,0.005980313
35814,0.9159701
35070,0.737566
131488,0.028165633
136695,0.35915574
137469,0.06263238
31638,0.81840366
33108,0.8565668
135701,0.05797538
136354,0.08173076
32479,0.8774545
136342,0.06479295
135460,0.0071952934
131388,0.28619057
135406,0.09959137
31783,0.8512383
135071,0.72980285
31978,0.8984451
133288,0.12964661
132909,0.92422664
34439,0.9171797
137030,0.07257572
131117,0.1828746
33389,0.9324396
32459,0.92056924
33531,0.75940543
35217,0.90756845
34591,0.57798946
133197,0.28359073
32700,0.2367017
35274,0.73647946
130020,0.8519745
135465,0.15443762
137001,0.11851554
134576,0.0107780835
131095,0.3698219
130011,0.5700587
31068,0.16694817
133897,0.04582144
137047,0.21656324
135670,0.4939786
30834,0.2808266
36821,0.80173963
137118,0.041192178
132438,0.25700578
31687,0.6841345
136622,0.1942831
130828,0.03636836
132971,0.9579907
132497,0.30935198
32723,0.8349632
130781,0.015577211
136801,0.01035005
33750,0.14484568
130300,0.010034248
137220,0.40114087
34021,0.6151639
30392,0.3911668
132310,0.7575551
33253,0.4609643
37054,0.81232053
34100,0.554344
34879,0.8647489
34809,0.8660571
136068,0.37659398
133357,0.006858696
131034,0.15604159
36856,0.94520944
33703,0.925683
32398,0.7206333
130404,0.3829769
136206,0.1596078
37332,0.27119341
135209,0.678537
136430,0.027988568
31119,0.6734683
36356,0.6758451
36131,0.76219636
135515,0.17224881
33883,0.6778245
32103,0.33872452
131619,0.010978205
132322,0.9125651
131199,0.034994464
137327,0.0043711453
136909,0.5993519
133211,0.64551944
135318,0.013687881
133165,0.0024437262
31792,0.94725853
137339,0.78215647
134719,0.61454266
130921,0.33616868
34174,0.69291055
135237,0.082928345
133150,0.07940633
36301,0.9037902
35367,0.80949193
34046,0.7951555
35653,0.46499643
133469,0.26160145
136570,0.017600473
137467,0.5021769
132046,0.03828685
36921,0.9364738
135725,0.5184256
133743,0.003468432
30179,0.88960105
34288,0.48758185
37264,0.9115888
33717,0.97119373
136381,0.010330238
37219,0.69789207
32571,0.850087
130957,0.66914284
136185,0.54243237
131573,0.015157148
36784,0.92090255
33958,0.70025104
30514,0.8778419
35443,0.94537926
135255,0.07680846
33040,0.78796
30220,0.58875513
34861,0.9274637
134790,0.3554343
31707,0.86204505
36880,0.9293725
136230,0.57271844
34323,0.94084436
132734,0.49067768
132830,0.4327278
134717,0.007708282
130839,0.089915805
130520,0.014998486
32559,0.09458388
33383,0.8937636
131479,0.5169891
36180,0.92533666
32062,0.84641784
30126,0.84190595
136356,0.09033109
31144,0.5483772
137443,0.25733706
131542,0.16144079
33022,0.8843049
136727,0.61214453
134786,0.49852446
132979,0.047678236
132176,0.041128397
136177,0.062669665
32566,0.8707999
35866,0.5202571
130169,0.17416677
32974,0.72311825
133976,0.037068915
32547,0.9505143
34902,0.7082864
133714,0.46473375
136683,0.23013233
132318,0.5630311
132350,0.082599916
31551,0.36269385
131327,0.0032049548
32368,0.94734347
132668,0.1725407
35108,0.22918491
34672,0.62046754
134332,0.02669199
135723,0.018123757
37218,0.8742853
35371,0.9244816
32942,0.6510453
130555,0.004289519
37037,0.659962
31015,0.30355617
30033,0.9317991
31919,0.61664206
130107,0.584671
131959,0.6663418
32299,0.7321769
32419,0.71465224
37069,0.49266768
132809,0.013322998
30673,0.12434414
33364,0.8667638
135841,0.13343711
33198,0.8929657
34712,0.7944002
135877,0.080469035
33899,0.70613366
134520,0.27635857
131476,0.029295033
131115,0.5513225
32815,0.14549021
33891,0.92384666
32763,0.9080291
34967,0.58495253
32927,0.69497633
37205,0.9013054
36005,0.14430936
130030,0.7282997
33142,0.92438895
135732,0.022545846
33725,0.94348437
131558,0.22455034
132312,0.0019145255
30256,0.31945118
34914,0.3129176
36884,0.87785137
33521,0.5003894
132876,0.040538393
135019,0.12404864
34467,0.6859934
136660,0.7900572
136076,0.32475528
31464,0.88359094
132225,0.1827276
134615,0.4402644
133910,0.10366603
136811,0.5421832
33707,0.8410792
31898,0.82055545
134593,0.0040920866
32884,0.9333968
36700,0.9225022
134104,0.08839083
135483,0.019997712
132906,0.012368747
34810,0.9168233
36835,0.9128998
37456,0.87530416
35225,0.8932262
31583,0.93008935
131342,0.26504558
36059,0.9256573
37479,0.1368745
132217,0.007947959
32601,0.85755163
32980,0.37955016
131929,0.037692714
134146,0.25124004
136732,0.21658099
135473,0.106588565
133347,0.44007346
132034,0.6020506
32518,0.9460338
32362,0.6527818
31128,0.61027455
34166,0.7236692
133296,0.37006065
131038,0.01395506
132907,0.7626847
136471,0.6870888
135452,0.93165636
34608,0.71748316
137077,0.1986446
134745,0.3389511
130749,0.18875141
31949,0.60051197
33741,0.90974605
136681,0.7852617
131784,0.8224306
135609,0.08750075
136277,0.55057347
31811,0.80701524
135139,0.7322813
135490,0.2776731
134511,0.07373176
34996,0.84163857
30926,0.21275064
130562,0.16106994
137214,0.23077574
30515,0.9335274
37474,0.82426035
131100,0.44358018
134784,0.022792943
31989,0.88675326
136294,0.019999577
33409,0.8401324
31287,0.6829132
135057,0.13899258
137368,0.87758327
36452,0.77388203
36689,0.7678994
36198,0.71829957
133123,0.019700134
37413,0.9529617
32485,0.7233681
34567,0.8564993
132125,0.06336371
130463,0.04453078
130843,0.28006923
136447,0.010498291
30105,0.88863814
135696,0.6071737
36839,0.6853943
134736,0.0076275747
135635,0.20595337
135092,0.42716637
136935,0.010215223
33033,0.93138796
137441,0.24407142
34050,0.14153545
136783,0.034223136
35764,0.9703391
137116,0.16896123
34739,0.37309065
36056,0.93965423
35540,0.7218728
33264,0.31833228
36227,0.8194648
36071,0.8873691
36187,0.88010204
133389,0.8247856
36391,0.8795314
135212,0.029293813
35931,0.15110485
132070,0.007562744
35561,0.9127505
33799,0.8515889
32873,0.2173647
136403,0.014969548
37354,0.94177836
137363,0.017412722
133478,0.0895388
36847,0.75445676
33400,0.65346175
32311,0.7948887
135904,0.27924567
33713,0.15401195
34629,0.8947949
32204,0.45489493
131389,0.7649499
37350,0.6842179
131078,0.691859
36022,0.87395436
134106,0.2987584
134200,0.23241132
31186,0.52936673
33596,0.8577561
31908,0.8717803
31851,0.6256016
37104,0.9300275
33499,0.90212464
132437,0.028492609
134866,0.55001
134333,0.15980534
33574,0.84117603
136710,0.24551427
136626,0.23234402
34265,0.6901382
34518,0.95479095
137053,0.06610052
132759,0.04993213
34999,0.8175053
37261,0.82765585
135617,0.053831853
30029,0.9484848
131621,0.085275106
30727,0.958695
134143,0.05761915
37414,0.95594734
135796,0.22759166
31552,0.8937822
30642,0.6809293
31410,0.72277516
131562,0.307514
136302,0.018550375
132053,0.15648755
132992,0.004673034
134656,0.01455722
35585,0.89298743
33743,0.8420919
37122,0.7819306
31764,0.69170237
130302,0.19510826
36132,0.90184116
133394,0.8061526
130707,0.008446594
34877,0.9130728
133614,0.06197673
136599,0.5680212
31641,0.90380543
36587,0.7504359
135778,0.022403404
35169,0.79064393
31614,0.43871123
135731,0.8583151
133688,0.53218
35132,0.86987036
35415,0.6139714
135385,0.09226019
34473,0.21169241
31696,0.6370475
132112,0.0108015
133348,0.0640098
131677,0.2659223
30451,0.92489225
133203,0.6864892
133842,0.084596016
134594,0.010198965
31763,0.8653396
134902,0.8022564
135992,0.016002666
135059,0.0060117594
30056,0.10381507
134204,0.037769627
132433,0.58664554
131835,0.29837632
130299,0.35443935
30869,0.5934191
34319,0.676688
31421,0.81762815
130906,0.3811461
130496,0.073588245
36932,0.69296414
131122,0.7135226
133929,0.064138725
132465,0.08696272
34513,0.85855275
134277,0.067314185
35861,0.4521712
131328,0.5943779
131911,0.47337037
134898,0.88849497
130378,0.28463522
133813,0.28785318
34195,0.49846455
35515,0.21117663
136964,0.1331487
32200,0.65401196
136522,0.29792988
132599,0.31433895
37080,0.9298784
137159,0.22877796
136794,0.24947482
37396,0.27132654
137298,0.014330414
130003,0.3710817
33877,0.95126873
30457,0.87477857
131253,0.011380647
135006,0.350071
132781,0.2945553
34714,0.076637864
36277,0.60553324
32797,0.56465596
30049,0.27855355
134345,0.15985824
31048,0.9681751
134854,0.06786408
132678,0.6728779
31567,0.8136974
136139,0.0064103235
33095,0.6560673
132591,0.2416816
30744,0.63007337
36019,0.95129234
137336,0.18562971
133321,0.007901257
31149,0.68515146
30228,0.6345189
131324,0.560323
133698,0.19704677
37437,0.9091229
34353,0.3294563
30358,0.7836281
134188,0.14338404
31865,0.85355294
33756,0.91091776
130455,0.6159947
137162,0.72013706
35568,0.9377396
130469,0.1331781
136118,0.8577104
136568,0.02404229
135753,0.028621713
30929,0.88099355
36104,0.10448335
136907,0.39305967
34515,0.6995624
33924,0.8023883
32297,0.7266313
36540,0.7453919
136827,0.09831277
31022,0.79439
36068,0.29252082
135453,0.6005559
34484,0.9712152
133799,0.17904603
133758,0.024122307
35432,0.88176864
131118,0.12593503
134066,0.026658768
30018,0.73425
30630,0.29445705
36827,0.7094777
35921,0.32939562
34198,0.92126805
35128,0.84502363
135808,0.6901827
130697,0.3864569
131291,0.22036839
35563,0.49934912
34343,0.6004756
130292,0.17654699
132765,0.023920238
136198,0.7692437
134128,0.2147756
132785,0.33584744
135956,0.044206787
32472,0.15799159
37498,0.03643013
130830,0.19640455
34713,0.21350418
130740,0.66766673
32192,0.8997038
133344,0.10083114
131079,0.023520786
31617,0.7526645
134116,0.07966378
131728,0.04833735
30129,0.951344
131614,0.661157
134115,0.019642025
37342,0.94269305
31237,0.7533452
36040,0.88137877
36913,0.68584293
136246,0.05185278
32447,0.8453075
34182,0.86860234
133305,0.0025867955
33088,0.86893266
32218,0.9211959
130898,0.76175916
133219,0.04103487
136389,0.8529701
130356,0.07079485
30231,0.87650615
136940,0.0236469
136002,0.01772278
133975,0.089122035
130602,0.054714337
35835,0.8629792
35725,0.941314
32025,0.1887229
37002,0.8911694
135532,0.33528396
133849,0.052428644
131881,0.6345868
35958,0.95472854
32360,0.6594078
31982,0.5979888
132963,0.13326208
35876,0.84688026
32359,0.8655291
130547,0.40829498
32582,0.70269287
132010,0.50452983
30086,0.17652202
34443,0.9177853
36796,0.8244679
132303,0.8373048
36383,0.6595283
136664,0.22016092
133834,0.6010524
134392,0.15932684
136417,0.011999766
36731,0.0610802
32830,0.69031084
32910,0.7390488
130082,0.19977444
135003,0.5875793
136668,0.5374551
30549,0.31998867
130713,0.26528308
133932,0.0099794995
134178,0.40853426
136021,0.020523882
33619,0.63524
35444,0.8452847
130194,0.003980831
34123,0.75841594
133952,0.0032527545
31529,0.9464415
133507,0.018970678
36490,0.95689017
132604,0.010424673
134920,0.9072642
135005,0.5926208
134125,0.29535812
36113,0.5974033
34127,0.4433974
134906,0.14923517
130185,0.69991547
34949,0.7534828
136147,0.19439343
37006,0.6677675
136583,0.14617987
31469,0.64296424
133317,0.6589073
30297,0.93075603
33419,0.10551393
34395,0.8345814
133400,0.0037317453
35602,0.90122485
31520,0.8017692
130128,0.13049783
131399,0.0076404708
135512,0.06820168
35520,0.8644894
30739,0.66486716
33213,0.76960075
136745,0.5078628
36251,0.8473919
34420,0.9239576
136214,0.42996788
34610,0.6534363
30753,0.9225357
132965,0.48134488
31007,0.9304109
30936,0.9607799
132482,0.44883242
37481,0.82674545
34103,0.51813865
135913,0.4094698
36425,0.4425182
32130,0.2621068
137307,0.8622182
30186,0.6022969
134779,0.028807059
31779,0.7085595
135015,0.028904056
34817,0.88331896
30189,0.3007817
137435,0.8965275
31248,0.65309876
36558,0.9417832
134959,0.009683528
137203,0.046307437
34356,0.647959
130503,0.06500308
132954,0.018489966
133852,0.7672188
33319,0.7956701
30964,0.7167083
32168,0.8549123
37310,0.78358406
35809,0.63178056
132980,0.014981625
34449,0.9354397
130569,0.15794337
134900,0.14015414
131705,0.41685864
137226,0.03492103
35007,0.47678527
35717,0.85886604
34520,0.41957608
133057,0.22591174
131529,0.0154652735
137490,0.8009799
131749,0.8069826
137012,0.2897598
137489,0.6041241
33613,0.9437424
34924,0.8447857
132052,0.2664527
135063,0.48151612
135195,0.095191285
36084,0.40285954
33016,0.7786209
32643,0.86403126
130757,0.8175199
133678,0.45823938
131072,0.13400833
36665,0.94047976
134383,0.35027808
133231,0.22903524
30990,0.9589637
33719,0.87145203
30472,0.6240065
32455,0.94242716
36299,0.8449273
133997,0.76852834
30350,0.76946646
135621,0.08417287
34286,0.5615254
34242,0.34271517
32457,0.95787627
137366,0.48620805
137381,0.89444244
34825,0.80639315
36819,0.12079282
135927,0.114412144
133376,0.045605436
133768,0.04713599
32941,0.941109
133328,0.022570526
30583,0.9496795
32420,0.78862137
30403,0.72710085
130215,0.033619903
33359,0.93165946
33292,0.5997266
31263,0.8513529
31618,0.94716966
136742,0.03221011
34635,0.82898074
132059,0.12023793
131013,0.7407135
135982,0.21424538
131653,0.044212863
133077,0.6711737
132883,0.22157875
134518,0.10879021
30854,0.9041047
130268,0.6016611
36974,0.8449441
133104,0.16420685
33913,0.8011667
135811,0.12556551
134971,0.86732733
130476,0.10334725
137213,0.17971748
33791,0.91618747
132257,0.92002416
132839,0.05393225
134145,0.021197839
131029,0.27692136
136318,0.0026648408
36047,0.92494833
132287,0.47177634
135577,0.5510532
134946,0.5043194
36673,0.79086024
135798,0.5739556
36136,0.8519373
35504,0.50732934
35413,0.8711138
36530,0.8046063
34318,0.9055903
34727,0.76542765
136618,0.3593201
134581,0.038868308
132717,0.5866525
133545,0.23184374
132074,0.2680589
130936,0.37323475
34460,0.532031
31820,0.56387454
132526,0.13696642
30736,0.8814252
135560,0.040252578
136340,0.17667149
32996,0.8236433
34799,0.7406844
132926,0.29650843
133307,0.37358937
131786,0.028893074
30553,0.3196204
133386,0.0070706047
133359,0.5871201
134838,0.012329305
33102,0.8928595
35096,0.25688386
131111,0.1843279
132924,0.485216
37441,0.791224
37274,0.8547723
31998,0.61256444
130124,0.8851349
35773,0.13567013
32577,0.9127512
31839,0.30959207
37145,0.92146546
133407,0.022002935
37281,0.6682239
131494,0.015161093
132229,0.048465427
137375,0.0026441251
135315,0.03495297
31547,0.9007074
137134,0.9112177
33262,0.7134467
33390,0.7855083
136366,0.2024894
33693,0.6815925
136594,0.289322
35519,0.91870993
137364,0.24608164
136159,0.5567249
134805,0.4311759
35995,0.2527801
131601,0.25339925
31116,0.24078493
30608,0.8898124
130767,0.42635578
137102,0.8032651
130534,0.025170442
35780,0.8390965
36483,0.53336716
33012,0.7027361
136591,0.6185202
135703,0.4144377
35394,0.5916703
136793,0.070291646
130457,0.039957657
30531,0.3406211
137225,0.34445035
134707,0.07015453
34018,0.27562243
33167,0.87010163
136095,0.018230194
137160,0.009545833
137296,0.6251197
130025,0.25774255
134341,0.01444289
136596,0.25154668
136057,0.6959082
34818,0.87876564
134909,0.09523176
134961,0.0059674294
130374,0.64450604
32040,0.90345395
131890,0.4070097
36103,0.93116957
30315,0.6515402
36498,0.521598
131873,0.035462927
31099,0.7070247
131615,0.43021032
135377,0.63341206
133153,0.0054476676
136684,0.050541528
36053,0.8086833
30009,0.81118906
36497,0.85731906
35211,0.5485417
35882,0.08225416
34204,0.9454277
31418,0.931652
31118,0.96471137
36676,0.8581134
132635,0.07321062
33298,0.91522455
131057,0.036374938
130183,0.0064702057
137233,0.19490753
31671,0.9042819
131237,0.39382103
132396,0.008288631
136849,0.18195875
31845,0.34932083
133694,0.23641539
30023,0.9247921
33218,0.75931966
31789,0.9251683
34526,0.9499809
33925,0.8883211
31906,0.5347568
31610,0.6116594
131548,0.33164087
134880,0.03283601
31722,0.2886156
133946,0.025920128
32242,0.6949754
36308,0.41098028
133096,0.019998427
33787,0.7898455
135309,0.06954879
37084,0.9577353
32450,0.47975817
36762,0.90124065
31424,0.8330105
130178,0.53800213
135455,0.10834873
35277,0.8760587
130583,0.01951313
37226,0.8754057
132958,0.73970044
134229,0.7589561
35489,0.021066813
32879,0.89645576
133908,0.03602521
36332,0.65293485
131018,0.763686
30445,0.8795653
134570,0.059867587
36855,0.18932141
130272,0.88830465
32193,0.92238444
133860,0.29551527
135116,0.020163607
36041,0.8775333
137183,0.1651462
135613,0.44057652
33991,0.87652904
35476,0.7849651
133677,0.55397713
131458,0.010972998
130347,0.03379968
33986,0.8827563
35886,0.8295191
130468,0.07778154
36842,0.784275
33962,0.9158451
36272,0.7059773
136353,0.003439372
32131,0.8713266
35729,0.66844326
133845,0.12826508
34884,0.9382238
134013,0.025960522
37009,0.8847752
130538,0.051657345
131156,0.0048991903
130864,0.17539182
36428,0.5657201
130818,0.03081275
30489,0.96772254
32611,0.960495
136792,0.03262224
134261,0.0914593
137477,0.14010638
132439,0.018601222
130793,0.89573723
32653,0.43810242
130964,0.04108006
34563,0.79393023
35005,0.9338039
31222,0.8708672
36416,0.65060186
34787,0.7193036
31442,0.5631029
131016,0.62083155
135200,0.46499094
31226,0.8546038
33815,0.8866376
34251,0.93000203
135797,0.35915223
132827,0.20958827
137025,0.02051379
30021,0.6204395
31458,0.91217417
134532,0.030214664
137073,0.70764095
136289,0.8874961
137384,0.06781241
30407,0.89416605
36720,0.918739
32908,0.90511054
35594,0.7358641
136552,0.065433696
33461,0.85356987
136492,0.09876558
130505,0.4394638
131351,0.011495864
32116,0.88785267
30888,0.9286936
30755,0.7295986
30316,0.3416447
33429,0.81321806
131007,0.07164256
31985,0.8356417
136376,0.08195958
30978,0.77758837
136030,0.9164145
34841,0.82564086
36954,0.94622767
36787,0.47351637
31575,0.6302327
136607,0.011658499
131183,0.1584919
136395,0.29109532
34907,0.3944228
30217,0.39684957
35420,0.9535264
132447,0.58317304
32343,0.38185552
30266,0.7712301
31395,0.7001141
33335,0.85245895
133956,0.10663486
32055,0.8961857
135964,0.18433015
35242,0.42155546
131293,0.08126227
134344,0.04948993
31029,0.857817
33021,0.86690915
30155,0.9352881
130516,0.016813757
130604,0.006865585
130764,0.20950326
32674,0.9427005
32335,0.8407766
30599,0.11441253
130982,0.06266727
135477,0.03692865
33266,0.87719005
31995,0.68802935
132930,0.015614232
137282,0.029125625
134021,0.33619946
36458,0.23942082
36388,0.382836
132002,0.7685972
135996,0.105888724
136998,0.14267258
135716,0.5003617
136625,0.05216537
130154,0.034511108
34440,0.7165583
36408,0.8853499
130360,0.07788298
35092,0.35086653
132301,0.30304906
132969,0.009034865
131568,0.009927585
35027,0.8429934
133080,0.028759835
137022,0.8941228
135042,0.034356926
33954,0.8489141
34519,0.87230605
30612,0.72101647
31966,0.7527438
133189,0.012636147
131607,0.45508435
33465,0.7165344
32662,0.9370715
32052,0.7551619
130518,0.5779832
130751,0.060562223
37356,0.9143074
135938,0.025141077
36123,0.105175026
135331,0.8885921
134078,0.024104144
30034,0.9549057
35480,0.6664098
132870,0.029997937
130814,0.41902268
131844,0.5733492
36418,0.93514305
136446,0.3004145
34941,0.35387462
130931,0.7614316
132370,0.27801436
132984,0.21267141
32531,0.79492015
130896,0.048108824
32301,0.92432857
34983,0.8832275
34466,0.23537514
30065,0.8457065
134744,0.074613504
35227,0.92889386
36098,0.7853753
130810,0.021093164
130696,0.026757786
36361,0.8768157
31080,0.26446238
33460,0.40973428
35588,0.71531105
136405,0.022291105
137006,0.050732832
34456,0.83322495
36414,0.7592597
33346,0.64098567
135328,0.016141132
134695,0.010667653
131329,0.16007876
130088,0.12296616
133640,0.017451191
36580,0.93832904
32143,0.32018226
30165,0.7832604
131045,0.6045121
134347,0.12197405
137340,0.45650002
32946,0.8054322
36632,0.9511165
33845,0.5798911
130357,0.058970306
133841,0.033224113
30349,0.7033348
36179,0.5003795
131647,0.4532556
133171,0.011474345
34639,0.90949744
135945,0.6334045
135501,0.03554353
36126,0.5753123
37189,0.8794238
130642,0.045375656
132402,0.09339463
131520,0.7081252
36282,0.9261364
135034,0.26928738
130254,0.015132569
31873,0.42842504
130036,0.09111581
133940,0.016605483
134818,0.15365884
132421,0.65534586
131906,0.18140769
37368,0.7640917
135305,0.064458124
30156,0.91248494
30917,0.87259144
32752,0.4223529
133848,0.13404518
33549,0.9230587
35081,0.9030111
34661,0.9277686
34085,0.7888735
136275,0.09249128
135105,0.030395273
136476,0.47744584
36664,0.92898005
35351,0.88650006
136689,0.7199594
33541,0.23268534
32083,0.5053222
32492,0.9524153
31021,0.8710378
30348,0.86776817
31299,0.90328354
30682,0.5758742
30997,0.84233105
132404,0.083825655
131638,0.32582194
35715,0.66335255
31540,0.44595584
30113,0.5715488
133626,0.6370225
33560,0.2437265
31101,0.6908379
30541,0.2453788
32585,0.8107347
32392,0.78577465
135094,0.025061125
136322,0.04285565
30498,0.8931869
134647,0.0789332
137283,0.32004875
137153,0.011200807
34765,0.7789124
134199,0.071441054
33313,0.8899695
137299,0.5039237
32680,0.9152048
33105,0.73017186
31358,0.87846166
35573,0.88289016
135201,0.040453784
33669,0.92478335
131096,0.10883872
136200,0.03016759
35499,0.8280256
130064,0.08142205
36396,0.8849315
31631,0.8714754
32037,0.8245878
33092,0.90958446
36786,0.7196593
130266,0.30239242
34224,0.85805684
136166,0.52133715
130148,0.011838642
31941,0.9241361
32776,0.83784753
30145,0.5659121
133012,0.006969813
37465,0.83622426
133873,0.3457091
33944,0.8942506
130773,0.1781258
133066,0.010802727
136467,0.018341526
131926,0.25854486
35439,0.8161261
33935,0.29968688
36000,0.12970951
33837,0.84999305
131570,0.05914524
137140,0.48583022
33976,0.87487423
130150,0.0033302244
32078,0.9295631
36261,0.923249
132316,0.28183246
33438,0.8287307
37153,0.86630166
132080,0.014881254
131299,0.06583117
33229,0.7854842
135962,0.08555892
34295,0.62351793
136904,0.6416413
136018,0.072101265
32044,0.93537253
130170,0.019885689
36402,0.932077
132226,0.037125174
35765,0.8831639
134572,0.2095935
133701,0.113675594
33226,0.9007332
136472,0.022394756
136329,0.49468857
30442,0.7784959
134219,0.043336127
31334,0.2412081
136308,0.016115474
130719,0.8986006
132967,0.20299967
30060,0.93648916
131735,0.371971
36553,0.8955674
137400,0.059437152
136717,0.06871196
134381,0.14668795
31945,0.570427
31307,0.8714143
136378,0.48615092
137455,0.62854266
132363,0.5255107
132023,0.3420515
37499,0.9414919
30812,0.91519713
30826,0.5455882
33221,0.6872199
135287,0.24296112
136088,0.049183533
32823,0.39786914
130837,0.67409736
130728,0.3568937
132778,0.21753845
133883,0.11809137
31535,0.81085914
31133,0.9091851
136939,0.07765825
35311,0.79163
33998,0.93854403
135282,0.1269539
135332,0.8487459
34533,0.90330607
136757,0.6945979
33716,0.8862518
134320,0.12735105
130557,0.04468192
136512,0.22040793
132395,0.16085154
33337,0.87989444
35769,0.9396496
131197,0.08442893
136464,0.19071779
37404,0.67481375
33524,0.7342391
30337,0.6846609
35864,0.7654559
133565,0.3417651
137266,0.8250023
131223,0.010713096
36877,0.76319826
135713,0.12681717
33507,0.8876943
135267,0.055529643
31970,0.6559847
136040,0.72676414
33473,0.93411064
137275,0.5971195
34973,0.6901114
133149,0.0897404
131948,0.111065224
131103,0.71287847
35852,0.1968439
133159,0.73198533
134987,0.0028034772
135993,0.018837946
131268,0.050315708
31821,0.60701126
36997,0.672141
30547,0.903979
133962,0.33302504
130368,0.88394994
130508,0.85117066
35497,0.91868645
31543,0.8938702
134931,0.80185163
133201,0.16951753
32543,0.854759
36861,0.4498525
34834,0.91743475
34491,0.9392298
33505,0.88814807
33598,0.3278683
131586,0.018474773
33140,0.259947
132922,0.03747368
35297,0.85668445
32182,0.7085774
37146,0.86673224
36409,0.318548
36799,0.45755297
36100,0.65686935
132595,0.16060163
135432,0.17451984
133134,0.5638704
35548,0.88870555
31351,0.9269705
36951,0.8330273
130350,0.10021388
134069,0.05968468
132819,0.84040445
130623,0.19205268
33580,0.87597966
35779,0.87681526
131236,0.2500397
35222,0.9353233
130448,0.021339003
30835,0.82061523
135492,0.38993084
132304,0.07853096
30170,0.4838271
35869,0.8095799
33417,0.9089189
33894,0.8736233
133895,0.013417602
32553,0.12328991
132188,0.79412186
136344,0.0036918004
30329,0.5847492
34345,0.9593042
135064,0.0674273
31964,0.64617103
35682,0.34048986
130654,0.17714614
133353,0.026244836
132140,0.017019013
133043,0.4686589
31338,0.5783545
131058,0.7071633
34857,0.63615054
32790,0.8822183
37246,0.91982037
31804,0.17902143
133009,0.056774218
134969,0.7950294
135228,0.09980715
37400,0.8609415
31120,0.070769295
130730,0.0122383
35099,0.8673225
131785,0.027960613
130780,0.005431323
30745,0.9434664
131415,0.56508744
31151,0.64593816
133143,0.35627526
135554,0.11633136
130678,0.58101344
133552,0.19085254
134925,0.08900638
132030,0.004410019
36152,0.9442867
32318,0.8861833
32929,0.5707922
31069,0.50507563
32328,0.95065606
132523,0.20933811
136231,0.05330538
34093,0.5389723
34160,0.8356375
30040,0.8879553
134517,0.17268786
134142,0.23238862
34753,0.86409354
33125,0.8966687
131051,0.13347799
35849,0.12442586
136054,0.158943
130661,0.2448528
135041,0.039518267
30857,0.6681594
34053,0.87987965
35402,0.9334157
31061,0.24309495
34180,0.73047835
131477,0.49155742
135165,0.050504558
134089,0.014901252
136543,0.005770822
136533,0.033193335
34592,0.9665841
35566,0.8941896
36107,0.8010389
30733,0.5760631
131445,0.016299091
131896,0.73227674
35767,0.44929746
32138,0.28246313
34246,0.93668455
133533,0.49622357
132113,0.35541636
136321,0.03653496
132435,0.051499087
30916,0.73746735
30941,0.7837178
34138,0.74985284
135666,0.057681154
36557,0.38344705
137496,0.75987774
132183,0.02771626
34573,0.80562586
135142,0.052969582
131903,0.09802335
131227,0.16078243
135589,0.32832867
35380,0.9469887
136500,0.8297367
134303,0.2089633
132779,0.018256735
30800,0.8256564
33790,0.8813059
32558,0.81314343
134108,0.8393459
136787,0.75483274
34211,0.92678016
134015,0.10833942
34448,0.7032987
37403,0.94213396
136033,0.22044046
32159,0.926952
130222,0.6555327
131104,0.033472598
130104,0.05310257
32970,0.84293056
36730,0.93694353
131795,0.010683386
37202,0.83285713
133774,0.48519096
30610,0.9183583
32224,0.8553283
137164,0.1491842
134524,0.012083371
34412,0.87660587
131739,0.63694793
134664,0.025860613
32535,0.8641446
34985,0.77554655
131133,0.40019163
132937,0.15801643
134047,0.7324811
35761,0.6162216
136951,0.07630015
135304,0.57873386
131119,0.6955093
32091,0.8652624
36640,0.86197627
132364,0.108917445
33423,0.4536415
33742,0.80994785
135210,0.036050968
36445,0.91511536
131673,0.27771413
35948,0.86943746
131090,0.35335153
135737,0.29759684
34131,0.59747016
130262,0.005985423
31038,0.38924778
36471,0.80600256
136910,0.059925437
130606,0.17149507
33614,0.7315844
133610,0.5620469
136272,0.6970222
34290,0.81693286
132110,0.3218881
134205,0.017926393
36828,0.89346004
130100,0.03372304
133076,0.20996451
135317,0.008652252
136427,0.46230263
132995,0.0845799
134633,0.12996194
36860,0.95323443
36195,0.87249225
32931,0.93180037
37088,0.9457191
36883,0.96623904
33811,0.51326036
30725,0.92154264
130530,0.0071505406
31738,0.5769137
136786,0.71809864
34665,0.8336542
36772,0.9396181
131497,0.46239305
131297,0.58344674
31655,0.8129543
130665,0.029588263
33527,0.8622153
132865,0.5150524
132135,0.3329228
132822,0.022287158
136022,0.58758754
37496,0.6543095
130519,0.03025084
136237,0.011159768
135056,0.081084974
37318,0.4489876
132977,0.022755867
133101,0.11956252
35196,0.38447252
130848,0.8009649
31937,0.8616126
135300,0.41720718
133354,0.20669521
30723,0.9555219
134523,0.8016885
33653,0.8567996
136429,0.08458815
34784,0.8724263
131087,0.011205444
133093,0.4121928
130502,0.23819761
33443,0.5645017
36249,0.65489376
35400,0.9310683
134699,0.24819337
30579,0.80274475
137179,0.055794846
135290,0.47722524
35535,0.57653344
34270,0.805429
37278,0.8396535
34579,0.9073711
130806,0.31517676
31280,0.9282599
135474,0.20404536
35791,0.95215213
30290,0.8054504
136351,0.084488474
134672,0.043694865
135125,0.04771405
37360,0.79278433
136360,0.6944297
30697,0.9192723
136822,0.13237634
35171,0.8910832
132606,0.06258886
30637,0.9349557
133456,0.15132295
136790,0.8449672
35556,0.66406596
135293,0.24476507
136202,0.37462422
35961,0.8874747
30215,0.60542846
132153,0.43663183
134367,0.8442732
33130,0.8682263
37227,0.5793145
132622,0.1307672
133627,0.014227721
136832,0.09112665
131842,0.07698157
131858,0.714969
132943,0.31400305
132761,0.06290625
130655,0.060567904
135334,0.047227617
35530,0.7798735
131889,0.007060104
30246,0.5752928
137087,0.7172648
34474,0.7844627
131956,0.3244741
30750,0.20466469
32290,0.7383765
33009,0.9130727
31213,0.78347754
34388,0.8552853
134597,0.01222144
133528,0.10977938
136535,0.025429234
130067,0.9020726
137218,0.18443544
132694,0.71099347
35469,0.70729715
130637,0.49824533
136438,0.7711765
32989,0.88372105
132063,0.7871649
30730,0.8098993
136531,0.03058663
134062,0.0075300564
135746,0.1876272
30139,0.6822731
31028,0.9274865
136883,0.029401025
133717,0.2929692
132624,0.04437489
135691,0.046974704
31460,0.44767287
131002,0.2359603
133218,0.8633518
136081,0.4788836
134284,0.1353674
130396,0.20155632
37347,0.8874609
32385,0.93907243
37249,0.68263453
135271,0.015198045
31268,0.80706936
135719,0.33989906
137495,0.026062101
136944,0.07711439
131949,0.69493437
135102,0.17192528
30594,0.8598021
134582,0.67243344
35665,0.91088253
130168,0.1882758
133049,0.14157058
30566,0.8956564
32850,0.6883901
30434,0.90256155
133580,0.6597088
31546,0.31684393
131496,0.076421194
30786,0.7479466
30950,0.7809741
134260,0.054435145
134081,0.096087284
130627,0.12808694
130223,0.77557564
32282,0.5799257
35590,0.35857397
30501,0.8887269
31431,0.83691984
134955,0.106836475
135027,0.24821022
131440,0.12958963
31794,0.8613344
130815,0.2907621
137198,0.2099784
30002,0.9192598
33988,0.9686214
131361,0.00850225
136641,0.07435592
31869,0.7938246
32136,0.86544424
30281,0.87917906
134099,0.22994629
34316,0.7527092
137146,0.48893222
33296,0.40672487
32968,0.87010187
134297,0.010660198
132234,0.12613636
34296,0.46761134
35868,0.7911632
134853,0.41711193
32567,0.8666479
130559,0.039199434
31596,0.9219148
130593,0.036693055
36196,0.90182227
36755,0.90874493
31920,0.7018096
32173,0.7420576
31625,0.3552559
133886,0.10269193
36484,0.8601565
35077,0.8723146
31341,0.9367007
131192,0.033231027
33187,0.46891552
130282,0.024978584
136914,0.13926782
134162,0.0032866062
130261,0.06789203
135109,0.7291482
132389,0.052572206
135233,0.16297168
32453,0.40138948
132131,0.022831181
30244,0.34038642
132804,0.43168584
134777,0.06409456
35699,0.7811309
137326,0.30389914
34543,0.91392034
134206,0.5105797
34633,0.25991237
37110,0.9519628
135401,0.21173793
31895,0.5325591
136067,0.2885655
36479,0.7649098
34556,0.5788507
35143,0.78969747
32382,0.5789199
132682,0.025544683
30696,0.93338615
135069,0.03809462
133017,0.07273167
134905,0.27661446
32590,0.769745
33581,0.89353466
135531,0.29654354
34636,0.90756875
33275,0.9257389
130176,0.39457598
137029,0.8062553
35683,0.7326493
32754,0.9252834
130638,0.019100673
31493,0.7263641
136100,0.03953243
35838,0.85182273
31172,0.22498342
131719,0.015072458
31317,0.8354428
33583,0.69476736
134862,0.06695298
36404,0.21628638
37386,0.740641
134871,0.62056327
134725,0.3059456
31103,0.9322538
134487,0.17505065
134035,0.08705106
32703,0.7988659
130624,0.84457994
35986,0.7496506
132961,0.092103824
133487,0.50046355
134441,0.030857133
131209,0.4875283
137442,0.031233283
35808,0.6536491
32969,0.17011194
133775,0.033099476
135717,0.10386565
131409,0.877277
36234,0.8838408
134102,0.099576384
32176,0.742315
133014,0.3711248
37021,0.8032696
130210,0.26274648
34718,0.91987795
137382,0.0177285
31807,0.1345456
137234,0.7593591
36250,0.85403025
37096,0.9486081
31893,0.5635507
35802,0.88427395
136319,0.26388356
136001,0.05280174
136670,0.026754392
32042,0.92575043
130342,0.5010323
31534,0.049000748
35338,0.92945445
30190,0.7884263
130657,0.34126464
132712,0.2533423
31349,0.6403154
35212,0.6157151
130852,0.470574
31027,0.8860787
131502,0.026124153
33257,0.73797727
134858,0.19030237
131626,0.08887789
133715,0.20369433
136274,0.027424796
35963,0.23280995
35626,0.7342533
132186,0.4811636
131536,0.015261851
130917,0.8982038
136908,0.194165
135342,0.61868536
35740,0.9641216
37349,0.9634789
34503,0.9369722
131174,0.073806494
137342,0.07688985
30074,0.8854101
35960,0.6289678
134307,0.3598435
130742,0.22408032
131702,0.045604672
134693,0.57216394
31683,0.69435686
132723,0.37971583
131971,0.6441049
35627,0.8411675
33625,0.87744
31095,0.87348294
35583,0.95557284
33272,0.38996243
130877,0.4030646
36259,0.7777696
131180,0.1810077
135224,0.27936333
34686,0.8098433
130152,0.11584166
32241,0.87469095
134678,0.00957809
30816,0.8860141
133388,0.6098295
135336,0.49286827
36387,0.1298772
31912,0.7473648
135855,0.77432454
134822,0.6047398
137389,0.07548142
130165,0.5325885
137026,0.18364626
33312,0.8210245
130130,0.48657623
34067,0.8834348
35586,0.18402624
34405,0.85034394
137248,0.025891282
32812,0.8944666
137187,0.12068614
136808,0.008751909
130616,0.011719434
131799,0.010539419
35006,0.93509007
32780,0.60243225
134611,0.017495355
35506,0.82604027
135914,0.011822275
34309,0.9493916
133991,0.4272765
37263,0.8829637
35565,0.73904145
36602,0.7705496
36816,0.7411008
33888,0.8515444
134698,0.2797818
34708,0.53111225
36980,0.87416977
135299,0.19042984
33416,0.57172483
31407,0.8976395
137208,0.041435767
136526,0.013378403
133482,0.049421586
31727,0.8670278
32852,0.86604065
36354,0.96428806
31371,0.7577769
131158,0.43161148
133907,0.67974764
134338,0.56696546
35796,0.57306445
37019,0.90125823
31433,0.74255854
130313,0.07659904
37136,0.68785244
33981,0.67582875
131571,0.014965892
35365,0.9083186
34314,0.94048816
33941,0.82117105
132232,0.07170236
133924,0.17341147
135239,0.13618106
136227,0.7220618
34619,0.5894037
134449,0.3169294
32686,0.36694816
34937,0.89033747
134919,0.018285263
37402,0.83540606
33210,0.6568509
34013,0.22002546
132840,0.87692606
131367,0.33586156
37365,0.61051446
36760,0.17942902
30767,0.54816854
132430,0.08520289
34838,0.83934015
136513,0.014766332
30268,0.8182906
36649,0.8812848
136162,0.25092778
132775,0.0746023
135854,0.124694854
31135,0.5906754
133981,0.06264261
135833,0.20426786
137089,0.10352951
135470,0.6577719
132747,0.76737124
130572,0.52976304
130672,0.68964046
32429,0.8430683
34788,0.9134895
133570,0.12197774
135468,0.029443713
31918,0.57443064
133828,0.010509383
132666,0.53794235
37270,0.9459788
133254,0.30104747
30904,0.9033234
33674,0.91913944
33401,0.9522865
132486,0.82934386
32500,0.8890444
32999,0.524543
132898,0.32807094
130200,0.0037859234
37024,0.70600367
136772,0.7133842
33466,0.78399014
135846,0.30606425
35617,0.05014731
36503,0.72087044
135900,0.7501032
35052,0.6885907
130427,0.010624415
130380,0.040584877
32036,0.9242044
36266,0.938474
134823,0.03681839
132212,0.16823605
130280,0.5209012
31170,0.9126228
35016,0.9583004
135386,0.7201849
132710,0.0068468247
131757,0.016685579
131428,0.44537956
131710,0.23444125
135274,0.017636796
33548,0.8557253
132670,0.28039593
34280,0.875115
34677,0.80165595
33918,0.92109656
34903,0.8655149
133332,0.72105926
135817,0.22172038
35100,0.90210795
133752,0.6844975
33233,0.8120861
134668,0.053723235
132107,0.019871889
135230,0.18566327
134168,0.02483511
30716,0.6647952
132908,0.004937751
35782,0.9098521
35388,0.7452275
35708,0.8729545
133716,0.086870104
33553,0.88609844
37190,0.4999423
132872,0.13697489
134815,0.87944454
31083,0.92455107
135943,0.07826849
135106,0.008436742
132888,0.39196008
30111,0.17425129
132885,0.4485277
133679,0.10721608
33562,0.8800353
130109,0.26507825
131238,0.2654734
36927,0.8074763
33081,0.818783
134751,0.01288813
134607,0.04667767
134983,0.32658264
33052,0.66273475
36841,0.9364239
136534,0.3106946
133833,0.05409594
36886,0.90981877
34450,0.90859973
35759,0.8207736
130009,0.15462936
136705,0.5051126
134467,0.337475
136487,0.003611949
133630,0.33932713
33378,0.8897511
132525,0.029060295
31537,0.76858133
132657,0.3133782
132649,0.43201196
36582,0.8808324
137313,0.0064100833
132515,0.7015141
36297,0.8618717
132856,0.038195867
36543,0.514425
34650,0.8474286
34043,0.6484197
32966,0.7391343
131382,0.14614692
32978,0.8040909
30346,0.9329139
37405,0.38049483
31361,0.91328067
34554,0.85361505
133002,0.00786526
137015,0.783031
134244,0.02595763
34366,0.6894344
33500,0.62258995
131531,0.071198
130353,0.031265132
130379,0.04582817
36825,0.8727773
133546,0.35650337
35628,0.7654868
132755,0.2607189
30229,0.9242471
134124,0.7135421
131463,0.020241344
35551,0.70653045
131718,0.015893945
135880,0.21911892
133042,0.4735113
132838,0.28118223
133494,0.38219875
131524,0.053509627
136424,0.8363908
132983,0.26786053
32031,0.79716253
134304,0.046197176
136080,0.061635952
31427,0.89127076
137251,0.018599005
36088,0.88422394
132520,0.46543968
34848,0.90675163
132982,0.02845307
32750,0.8890885
36072,0.76205915
37494,0.9315977
37258,0.84536093
31750,0.6462742
136546,0.3276421
136573,0.2801473
31827,0.9115675
134091,0.051666792
32575,0.74972653
134379,0.055532794
131005,0.44666362
31145,0.66068417
130658,0.34381768
136585,0.04071737
37235,0.21045564
33371,0.7611707
134494,0.037759516
136400,0.031514425
137071,0.20578746
131313,0.021969575
31718,0.617816
131634,0.65306497
134870,0.9258596
34922,0.8397419
32035,0.52178365
37433,0.9649464
135303,0.40184996
32765,0.95038044
135431,0.106014185
136601,0.03568238
134109,0.223824
36058,0.9084972
36594,0.88525206
134070,0.033451717
130008,0.022322288
31993,0.62531394
133958,0.1666583
131222,0.015384507
131026,0.14308268
33106,0.4056334
130384,0.5705948
135646,0.7580446
135358,0.017511148
35823,0.61160654
130703,0.09457384
136875,0.36935046
136726,0.0083504105
131750,0.1714148
132205,0.21652585
35232,0.8839579
136560,0.090395436
131947,0.016346507
130551,0.014000723
30313,0.844846
34962,0.18830866
31329,0.9109551
34396,0.89753574
131646,0.48774004
37025,0.9074157
131977,0.12205351
32354,0.83955175
33157,0.84834087
32093,0.9482071
131994,0.050768152
135708,0.11705807
30101,0.8546908
30008,0.78116685
33344,0.7253637
35332,0.85615677
132485,0.011364629
131981,0.1083887
35407,0.85296786
133771,0.095955975
135263,0.68923277
132613,0.15807854
32903,0.93119615
36115,0.29721922
136538,0.071445435
30389,0.89077723
32247,0.36507365
32226,0.82516587
35350,0.77752465
34823,0.6904
130836,0.019319458
135611,0.10759068
34894,0.5296968
31136,0.9408505
131731,0.02348828
33484,0.7141073
133737,0.18636082
37064,0.2032196
37134,0.82007164
32231,0.7196506
133208,0.12071929
130788,0.26571703
35188,0.85527736
133387,0.7503662
134404,0.84239066
36349,0.94446886
132987,0.6559046
34637,0.9048945
132841,0.022441806
37055,0.19588225
133475,0.02310993
131761,0.19024079
136420,0.25378862
34059,0.8846897
136776,0.024871357
133815,0.097200975
132581,0.2726049
130159,0.03547618
135741,0.043004673
34462,0.87727016
30298,0.7097678
136888,0.15549812
131793,0.46212375
131556,0.3167469
36743,0.36783522
131990,0.0041910945
133753,0.01786272
37335,0.3161426
133734,0.8297367
31154,0.9067993
31457,0.91511816
130354,0.2166462
135781,0.16847576
35569,0.9224789
133336,0.053374268
37471,0.9157953
135979,0.026409391
34055,0.68499845
32621,0.8691497
136393,0.07743612
35990,0.8274963
32413,0.2538488
36412,0.9171015
137462,0.09285369
34217,0.9190023
34537,0.19481687
132150,0.2917974
37256,0.93810844
30801,0.5341322
31890,0.41854018
37288,0.9488236
36124,0.41168815
133136,0.13709587
33094,0.5467664
133953,0.13696891
34302,0.72408265
135768,0.19493794
34413,0.4127418
30398,0.90840214
33975,0.4712645
31894,0.83405846
133397,0.43415773
35579,0.5473376
134522,0.0298583
37430,0.8652373
134728,0.9142185
37326,0.6504425
132123,0.1803528
136671,0.029286701
32496,0.8631915
132521,0.067479886
37063,0.92988205
36413,0.67732245
133733,0.48708776
133781,0.05754392
32654,0.6367348
133986,0.004137672
131950,0.024829794
136624,0.31145343
131635,0.71843195
134949,0.024162907
36342,0.1075262
136187,0.4256182
134689,0.014106901
35571,0.9448412
130517,0.79005843
136627,0.4006553
134464,0.8410727
31131,0.75576746
36137,0.8985552
133039,0.0047703865
133935,0.10265428
131252,0.6021193
33838,0.7988593
133787,0.70030856
30488,0.80718976
135157,0.020106003
134875,0.87605697
32371,0.9318929
36923,0.6855127
131617,0.07228272
33303,0.84493166
130909,0.29548433
37487,0.4843788
32816,0.51427937
134411,0.017131712
35821,0.63080674
34720,0.88754755
37072,0.83532554
34604,0.88262624
135754,0.2988248
35048,0.40092367
37307,0.9224392
130722,0.30491388
32393,0.80826336
134424,0.55995184
131470,0.033091366
32631,0.5423218
132869,0.24476592
33605,0.066483244
135851,0.041608926
133425,0.7265248
132938,0.09835323
135758,0.6900898
35677,0.6251883
30227,0.44386086
31097,0.6910121
35637,0.9391121
136873,0.23195921
134922,0.2383196
31168,0.82513535
36600,0.9176654
30458,0.79019296
36589,0.5403411
132929,0.025668982
35363,0.920214
132145,0.6965738
32349,0.924978
32358,0.92375684
35034,0.813677
34033,0.4510672
30390,0.28774738
137166,0.2012355
131828,0.29603508
37291,0.9434274
136559,0.029791342
133151,0.10110017
134826,0.104780145
135127,0.12053949
131740,0.06042408
31489,0.94576794
36970,0.8204633
31260,0.4845055
33323,0.3751391
31996,0.848937
33374,0.7865831
32704,0.8997979
136025,0.011853618
33963,0.92764324
134694,0.016439516
131513,0.0119962115
31304,0.6074664
133298,0.8543798
132814,0.07012137
133808,0.75286955
132130,0.058966007
134765,0.18984327
34740,0.96082747
136561,0.38848752
130853,0.86768484
130997,0.025078878
36405,0.7140603
36501,0.6184613
34435,0.93408
32630,0.7385784
134086,0.13002066
135829,0.6050003
36721,0.8141847
132000,0.008121812
36789,0.62446415
135351,0.18770035
32434,0.8966683
131243,0.73600537
32519,0.92714137
134082,0.03547442
36840,0.8211519
130766,0.40150705
36054,0.94141984
137325,0.01476543
31791,0.8778522
135571,0.70547706
134155,0.8125043
130675,0.54793715
136292,0.6958858
131552,0.06811208
132441,0.7428179
134979,0.36569038
133315,0.0066886647
134473,0.5598244
30923,0.96517134
135867,0.30336902
136970,0.12745413
34494,0.034363877
32132,0.8120068
131742,0.7445282
136927,0.517388
30010,0.52181774
132290,0.04161329
134817,0.40041298
36467,0.88453287
133160,0.277488
34488,0.8778386
135997,0.017706541
33001,0.8215364
37383,0.9182433
34393,0.9326914
134356,0.81757873
130394,0.3638991
37066,0.31350893
31045,0.9315461
130717,0.60323274
137064,0.8622182
35620,0.39308134
134375,0.057305105
131061,0.12900756
130875,0.0050998884
130365,0.035503253
130101,0.21070759
30734,0.70494866
132196,0.014951664
133222,0.23213856
33178,0.9470315
30601,0.9135882
33666,0.8038851
36286,0.9617893
134134,0.094392255
134163,0.06939746
33967,0.8945961
135527,0.059938088
33010,0.14444995
132146,0.18670821
34910,0.7980317
131703,0.12477097
134917,0.010659603
35330,0.59745085
31276,0.8360061
34134,0.84125704
131734,0.038781926
136708,0.5182708
131010,0.6058921
133088,0.19167276
30659,0.883198
33307,0.858308
136715,0.46600935
35106,0.7586495
36705,0.8936233
32748,0.7817316
30353,0.9168679
35965,0.8389535
33739,0.7916561
34766,0.8603619
132250,0.5965024
34738,0.84479445
30014,0.057244517
36615,0.5434255
35179,0.12047435
133308,0.07499677
132376,0.93194467
33520,0.5608757
34051,0.23668495
135684,0.05305677
134479,0.015410105
35906,0.8823078
31802,0.8491803
32669,0.7429789
134703,0.00873305
30657,0.72416747
30692,0.9576463
37224,0.9550368
130514,0.8657404
136332,0.0042529446
35352,0.906395
135911,0.31770355
134584,0.1761857
34557,0.92017096
136203,0.06830221
36624,0.8630892
131566,0.028493553
137055,0.2715077
30686,0.8966316
31626,0.92524695
32904,0.83789974
134012,0.7468049
131893,0.013009329
136023,0.2967975
35871,0.6442591
30361,0.9306544
132538,0.8461139
133776,0.008900108
133645,0.19638607
35251,0.86436605
36257,0.88722605
135145,0.584135
133652,0.08010976
35148,0.7292203
130341,0.04359866
31340,0.92451644
133680,0.007733961
33250,0.05048752
134122,0.860732
34438,0.46634784
34647,0.6699232
131414,0.080613
133226,0.5646492
30238,0.7174655
133900,0.79271746
131919,0.10119757
135673,0.17022127
31419,0.40574032
134839,0.14201604
132669,0.19177996
130893,0.30171448
35157,0.9286124
34324,0.8695466
30185,0.8932005
133557,0.24016148
137079,0.013777755
136412,0.6393175
37460,0.68377745
135706,0.0806852
133934,0.12067486
36678,0.94683427
32377,0.30211836
37220,0.9055367
132198,0.07175696
137356,0.4880195
131539,0.55083036
32840,0.8286785
36365,0.8707576
37493,0.6345282
133312,0.01542913
36094,0.77445376
32038,0.9689071
34359,0.8794761
131341,0.6443551
133333,0.09717721
135576,0.017884089
131215,0.0040028207
31742,0.958433
32564,0.70418423
137379,0.8531275
34994,0.8564351
33045,0.9336767
134283,0.6200564
132620,0.6199977
134193,0.10189456
33388,0.21451432
32911,0.9392266
37490,0.5653451
30471,0.93455005
34649,0.9477537
33646,0.42475086
33933,0.6855994
131012,0.6130815
132903,0.032185454
133320,0.09677367
134377,0.6701009
132794,0.5874292
34369,0.9388571
133517,0.23201515
134546,0.6388022
131067,0.19119142
32508,0.9207763
130437,0.41593114
134311,0.36563924
35488,0.87772727
31673,0.7844699
31605,0.73863894
133401,0.08786281
37483,0.55595565
130318,0.34535068
132172,0.81967646
33960,0.8914459
30847,0.9385711
132100,0.44712445
30963,0.9423111
130407,0.052920986
136740,0.40861532
137392,0.67222303
130478,0.79345757
131839,0.67762816
136163,0.13478288
34566,0.60531485
30083,0.6587426
31096,0.91641897
132611,0.26181987
36202,0.26113662
33363,0.81862736
137438,0.607009
135070,0.2832015
31523,0.7571564
134491,0.1547673
137476,0.33472565
133128,0.14442445
132988,0.038330868
36347,0.066165514
34632,0.9015489
134908,0.1838197
135364,0.031210331
33757,0.8557918
31831,0.8954717
133965,0.50967276
31346,0.08956246
135775,0.15893593
35153,0.87787724
35271,0.9361496
130725,0.013861849
130743,0.8276616
35959,0.84363705
131303,0.7194263
31139,0.8599968
37130,0.9595217
135657,0.04028172
34895,0.89878446
33810,0.7957935
135129,0.017070014
137361,0.1194926
131581,0.7964334
130308,0.0061568627
132346,0.11396333
33584,0.8297401
132104,0.17144439
35408,0.9227261
30671,0.80941534
34530,0.7269485
33532,0.93491143
30365,0.3694618
30795,0.6233163
30203,0.6957953
30858,0.7474461
132050,0.019627055
35836,0.8640713
132449,0.08527978
134409,0.4084051
31957,0.26374978
134330,0.0058944877
135557,0.09918155
35513,0.9372185
134211,0.14118588
31012,0.91048104
34904,0.73807836
35303,0.95318407
33940,0.23675416
131814,0.048374657
133406,0.06375837
30600,0.12232426
36247,0.91700274
137332,0.51356477
32648,0.9380756
133611,0.72326124
130867,0.3627895
131921,0.006088679
37095,0.95986605
31105,0.7200533
130141,0.029726125
35296,0.9244034
136977,0.56317633
32206,0.913226
131020,0.6081204
132085,0.12111588
135348,0.06150296
135969,0.08916962
133022,0.5705623
131612,0.1214925
130224,0.54473215
35252,0.85489136
134107,0.023832688
134555,0.022224236
35750,0.8643287
35012,0.77556086
131242,0.0043239407
130699,0.44956878
32677,0.95003223
33498,0.32230717
134258,0.009568975
31892,0.8886622
134117,0.07514442
130111,0.8555776
34489,0.7882146
30054,0.6721433
34250,0.6459923
35145,0.6835042
132359,0.03501728
132154,0.84302354
30539,0.5743488
34423,0.8048528
36224,0.7167305
132555,0.7173298
34688,0.9115894
131515,0.53905356
35269,0.8380147
131177,0.31545871
37287,0.18977262
132332,0.69759774
134006,0.3131898
30411,0.13138112
130521,0.18552868
32124,0.59978837
137152,0.47855097
31745,0.85853094
130372,0.09085124
135934,0.045999635
36604,0.5207138
131681,0.16004635
36738,0.8994249
33721,0.63388497
135434,0.13039316
132282,0.013945786
133709,0.15815237
136868,0.405434
133682,0.56077206
131304,0.41980428
136862,0.7452337
34830,0.09634833
36717,0.4481452
131397,0.010564655
30615,0.87538284
32984,0.66625375
135924,0.36471644
34560,0.4707282
33696,0.7521795
35325,0.9545796
135891,0.07399999
135218,0.22419387
35416,0.7083164
34292,0.7834646
130775,0.055897556
136571,0.7217644
132306,0.2874985
31689,0.35897946
31866,0.8365805
34241,0.729581
132245,0.8931258
133636,0.1407054
36893,0.71359843
35160,0.8365786
134444,0.8945346
132446,0.018273978
136173,0.10253998
130147,0.5658622
35467,0.47884655
134515,0.64922684
34425,0.49984854
135507,0.2268181
33042,0.814281
36864,0.932162
135989,0.2316512
31037,0.42776254
135975,0.015113563
136352,0.56365544
30650,0.63223207
34737,0.89857745
36751,0.8592668
131152,0.56217515
30513,0.8330435
133536,0.017500086
137072,0.2645251
34901,0.9155543
36300,0.7986049
131290,0.20937856
34880,0.8881486
133485,0.012343457
136071,0.005708594
35642,0.5287031
34372,0.95174587
32306,0.8190609
33255,0.70427614
30966,0.39304948
31923,0.4463233
32410,0.9469416
134753,0.009401303
130979,0.14176671
136916,0.0102965785
134536,0.6485064
30828,0.75483364
132518,0.9468018
134475,0.67376864
35833,0.7278401
131315,0.572933
34654,0.790166
135826,0.009316353
33526,0.7462404
30456,0.85254884
31297,0.9247868
133944,0.060947873
133372,0.1320228
136142,0.008911649
136207,0.059834164
132615,0.034929533
36077,0.031434298
36924,0.48490173
31884,0.88666314
31217,0.8622185
132641,0.57995033
32108,0.94213355
34694,0.8445503
31319,0.87055
135623,0.023413707
134566,0.013842672
132428,0.6586016
135622,0.26488295
134754,0.7326091
35987,0.3415857
37323,0.88852733
137151,0.041645423
132410,0.3837906
131808,0.13724227
134045,0.0067779385
32432,0.6609751
134334,0.25323522
30586,0.52339214
34465,0.6733526
135381,0.60678357
30484,0.11910204
35461,0.7178362
36186,0.8036309
34715,0.84098613
130439,0.0057219802
31903,0.068898
36504,0.6535202
130960,0.20266503
30611,0.91275287
133856,0.016537977
131827,0.010974695
134683,0.051878456
36532,0.91129625
136574,0.15299241
34227,0.6023616
33395,0.8717282
36289,0.80030704
136509,0.08614586
31273,0.3951842
36051,0.95455766
130967,0.0627363
135886,0.74506295
131541,0.22825503
34477,0.49242282
30944,0.78798693
35181,0.6910979
131640,0.44132274
34693,0.3682024
31664,0.6783342
133495,0.027699837
34958,0.84476775
133803,0.21383198
137395,0.27878565
35079,0.4081454
132272,0.10584237
33055,0.9125539
33715,0.75341153
37053,0.775385
135476,0.10598512
37008,0.51503384
135539,0.6939684
31991,0.09229059
137257,0.8950725
31016,0.3687524
31320,0.8545379
37023,0.78426456
30303,0.582593
135430,0.823759
131127,0.23384269
133556,0.63944143
133364,0.16379286
132600,0.17601942
34124,0.91197443
134161,0.019768603
33749,0.9249684
131124,0.022102464
34655,0.6536003
133901,0.024340175
130525,0.08129014
31348,0.92584413
130763,0.022070307
137426,0.022344163
133875,0.047512807
136470,0.32702366
30838,0.7366986
32310,0.77288955
135705,0.17714012
132608,0.52466756
34631,0.6954518
32749,0.8208469
35177,0.40082484
31075,0.8991791
133255,0.21500987
131869,0.024590466
135175,0.6835405
31200,0.75859714
34599,0.76286656
30097,0.88639045
133067,0.06940232
132800,0.55731547
131446,0.29374105
136855,0.46390322
30424,0.8907239
33251,0.533556
35451,0.67103887
132713,0.27449694
34716,0.90692574
36593,0.6527509
36189,0.45416296
34889,0.8616128
135243,0.4017124
136106,0.4979331
35844,0.96500975
36792,0.9051318
37352,0.8790375
134855,0.32982278
132653,0.84961635
30204,0.94400823
132688,0.10991489
37341,0.8844323
35374,0.9343011
137196,0.15229459
133003,0.028284363
30915,0.86427015
30000,0.8304875
135149,0.118630774
33194,0.2827462
132231,0.012752426
136422,0.6138963
132055,0.004471264
136688,0.011822275
133798,0.0029680198
36163,0.3711349
36488,0.8429263
36900,0.8367963
35149,0.9351668
136386,0.027399968
130135,0.20535232
37389,0.9387672
32549,0.9265215
34944,0.68094
32527,0.8867292
34669,0.9053562
132062,0.053350266
32426,0.84798986
132148,0.14196329
131802,0.206663
136084,0.03983562
30072,0.9146479
32156,0.59978837
135864,0.16662772
32273,0.8113924
133464,0.11892144
130890,0.076191254
32305,0.75164515
135720,0.09546144
130905,0.053172637
31670,0.12495296
32054,0.7196338
32251,0.5700199
137021,0.040719796
130322,0.69664574
132252,0.32795116
134998,0.09048467
32676,0.4831273
30850,0.7610227
36253,0.79476094
131139,0.011942611
37380,0.90147704
131683,0.44157773
135683,0.62293273
132625,0.043405857
133173,0.04482939
33355,0.85208094
32486,0.87202126
137499,0.26140317
35479,0.8822429
30570,0.6863652
131887,0.50578475
132490,0.03302133
30027,0.45286107
34886,0.2621966
136863,0.06291996
133200,0.01975298
35737,0.43347213
37160,0.87215734
30533,0.9195848
131987,0.05221096
130581,0.64890885
37092,0.79838043
134803,0.3513616
32390,0.7818196
131503,0.3384292
134233,0.059446014
137068,0.33820647
31245,0.7377679
32477,0.95037323
135547,0.06934734
135668,0.23194247
133863,0.02847985
133393,0.22873515
35176,0.8145422
131451,0.0109752705
37034,0.13808897
132025,0.2540173
36656,0.2872014
33555,0.86231685
134202,0.21636626
35622,0.9424452
131143,0.8755859
134136,0.012068496
134508,0.52711606
32689,0.85963494
131070,0.021754295
36655,0.8523985
131510,0.89717937
131898,0.06746873
133142,0.015409568
136893,0.827043
130975,0.028237307
30943,0.9221028
34441,0.8072322
132912,0.20979232
132544,0.4664475
133847,0.75214887
134003,0.87873846
134446,0.13413554
135965,0.02095753
34433,0.7181947
37056,0.77352273
132293,0.08599371
35991,0.946741
34555,0.8871974
37302,0.13698243
33035,0.7892805
134904,0.7702494
30813,0.8174722
130651,0.58589494
36243,0.036643736
134506,0.54148924
30397,0.840374
132949,0.20606346
132412,0.01576307
34700,0.35883224
35575,0.6289816
135320,0.25685796
37340,0.9519615
137070,0.26995122
32624,0.9519785
131214,0.107018456
137330,0.03747288
33723,0.9316098
137127,0.13545193
32483,0.8805782
33154,0.84831804
131672,0.36966765
135292,0.8676641
35574,0.7158458
131357,0.75331974
35631,0.10042442
131561,0.21184337
37272,0.88150567
134457,0.56492114
32784,0.38970724
31854,0.93103755
30324,0.9301393
36211,0.8573179
32140,0.9118822
130271,0.028796894
30841,0.7714576
137027,0.026159165
135594,0.008195534
34072,0.898293
31959,0.7701597
130051,0.25716546
134778,0.39422417
33603,0.5778939
134191,0.026942855
30698,0.9367058
134317,0.026238633
131354,0.54910004
131807,0.0074654436
30100,0.92003614
30640,0.8735614
133658,0.004869711
131912,0.12418663
35662,0.52067614
136753,0.009064293
135745,0.5885434
132445,0.48656702
133791,0.83768433
32105,0.91533566
135031,0.6544328
33729,0.823544
134272,0.13098043
130522,0.1068567
36014,0.9119654
32345,0.6366216
135827,0.0778298
31054,0.92241764
37399,0.7844611
136926,0.04156507
33345,0.5544622
33278,0.88432145
134830,0.19715074
34918,0.6851619
33808,0.87270707
130512,0.5306315
132352,0.85543597
33554,0.8674819
132721,0.29081547
137263,0.23176904
134041,0.7357928
36447,0.77996045
130195,0.016593847
133448,0.07335427
135454,0.5783283
132854,0.018171253
31302,0.7408341
135845,0.025297275
33558,0.6276508
133906,0.048519287
32214,0.82331795
33670,0.8107514
37268,0.8065666
34525,0.6775572
131017,0.1754141
33559,0.8566504
34952,0.8050965
32210,0.9321354
30015,0.88775235
32269,0.9453848
32216,0.78697693
136859,0.28173047
32858,0.7796208
131184,0.23595999
130990,0.36163884
35630,0.90813446
32095,0.89056164
136686,0.6984093
36908,0.8962482
135343,0.029737439
136279,0.17712246
36370,0.32045993
132192,0.011160236
133844,0.020261817
35042,0.45129216
134688,0.04321202
31205,0.2987043
31178,0.81476223
132846,0.1955979
130296,0.38822916
34874,0.6578551
35771,0.8661438
130413,0.033676133
133113,0.029334623
134953,0.8919277
34804,0.6702396
34858,0.74009943
135832,0.016321814
135842,0.008115288
135333,0.2754982
34968,0.79758376
34400,0.6449404
34614,0.96359545
36722,0.90346485
136511,0.057765327
133277,0.05477852
133748,0.64010394
133010,0.46360275
133325,0.4697789
34550,0.93552077
135946,0.23369098
30901,0.5272187
35720,0.68490803
36164,0.77578056
37284,0.27918622
31708,0.9223003
36653,0.969408
134390,0.7382368
30367,0.6659376
131693,0.03323888
132126,0.8649185
133537,0.38251886
33870,0.8488458
31161,0.88035476
33422,0.6667541
34724,0.923925
33752,0.9134595
135750,0.055755157
36800,0.92009044
36318,0.8191232
136730,0.010312183
131074,0.48978114
37214,0.63078755
30681,0.60978913
137126,0.2034397
130691,0.27363318
130228,0.05710811
133240,0.0071475757
130465,0.7166326
131822,0.0082610315
134289,0.106850766
30759,0.88143045
130218,0.93138796
30026,0.9175505
34583,0.7267379
31940,0.88251936
134601,0.57607675
35112,0.729792
31434,0.7774646
32274,0.8626078
32863,0.9450066
30718,0.49266344
33164,0.5829003
136917,0.0043333634
36143,0.3820661
133518,0.013823256
132058,0.053832907
130574,0.48562574
136994,0.05908796
135651,0.08754043
30069,0.940828
136769,0.09453896
32363,0.46042985
130260,0.03282455
131935,0.059771672
33192,0.46504983
37127,0.7716671
130688,0.10183715
134945,0.4957474
34574,0.6926751
32799,0.8532777
134263,0.018737819
34577,0.8046655
34330,0.9242761
137404,0.037546553
130479,0.2967973
134914,0.067538925
137180,0.9093215
32963,0.65839976
133148,0.87489545
33865,0.60525084
133937,0.5697709
133762,0.31814256
33685,0.8033055
36403,0.8521495
137194,0.8493726
130736,0.01816987
130887,0.03816453
134339,0.71373355
135627,0.07476417
135500,0.013958769
135121,0.4746664
134477,0.22669004
34379,0.14540206
132292,0.36873177
133621,0.044731934
35370,0.06558486
135007,0.018836707
135884,0.6161905
134033,0.31752098
134962,0.4347478
135959,0.14096518
31353,0.8933394
37369,0.92569005
130377,0.011419276
131234,0.3059451
31806,0.2933769
131211,0.49779722
134249,0.48581767
30529,0.8767152
133435,0.09723994
133124,0.6175607
135026,0.20302077
37367,0.92284757
33297,0.88576627
35240,0.87104005
34576,0.9193911
33338,0.8192547
136682,0.07949666
36016,0.66642696
36320,0.8878458
32826,0.83503574
136059,0.5021307
36031,0.7806039
33379,0.7508413
131280,0.021722555
32289,0.88357776
34184,0.9321302
134788,0.31958315
33367,0.8899425
33098,0.63368106
132228,0.039914057
132661,0.076635316
137454,0.042265862
132810,0.5383328
133413,0.499211
132752,0.025450679
32073,0.7734743
33173,0.34085983
31160,0.61151606
35278,0.76840836
136953,0.12067595
31040,0.35507348
35538,0.9034301
31050,0.95149344
133903,0.84481233
132280,0.7590791
36634,0.9627712
137050,0.3492649
132737,0.6131136
36029,0.2318725
32114,0.92669743
34954,0.71573836
136186,0.035211127
32341,0.9650262
131335,0.0024654076
131434,0.01212415
36935,0.65133417
130409,0.11020031
131602,0.02824784
33008,0.9420241
32431,0.9097261
132743,0.014041568
35533,0.55689615
36956,0.8567861
131147,0.005373776
33138,0.93003696
32684,0.865292
30393,0.3825257
37304,0.9678224
31624,0.21894623
33587,0.6732909
34189,0.33845305
32264,0.8804443
33911,0.9045878
30174,0.89359236
134425,0.36098483
134274,0.85985786
35661,0.77969235
32081,0.7742593
31775,0.63349664
30110,0.8579289
31134,0.6927883
32475,0.5474838
36679,0.73525226
32126,0.48442918
30247,0.46379462
32688,0.9569225
136507,0.16212396
31902,0.8846129
36013,0.9394652
133182,0.10858596
133419,0.0043051196
132618,0.052125644
133968,0.08151324
132484,0.31981987
130306,0.17648098
35928,0.66282934
137431,0.3246238
30504,0.89011323
136442,0.06713402
33726,0.8415341
133331,0.15478092
131773,0.35920402
36002,0.84236926
133955,0.3929927
36871,0.11967167
130264,0.22941467
136156,0.08285008
34634,0.38227662
32186,0.30856356
133174,0.008529934
30627,0.9219591
30269,0.9299147
34107,0.57253563
133367,0.3252166
136474,0.36870953
30775,0.32547194
34581,0.8033198
30873,0.84218025
31706,0.95082587
136312,0.08488432
137193,0.007913387
132696,0.051432785
34748,0.89100575
35452,0.5437154
132268,0.028374832
32697,0.90687495
35055,0.4714991
130096,0.53686154
35182,0.51992744
131266,0.062188555
36904,0.91121167
30845,0.89300895
36519,0.83032775
137324,0.010084416
30030,0.9068039
135903,0.018941035
33762,0.916091
36725,0.7646227
35971,0.8232055
34146,0.29406026
31400,0.5805745
35037,0.8226806
30969,0.2591715
33785,0.8024601
132031,0.1856176
132064,0.009519059
36887,0.8844126
31219,0.67128146
36882,0.9440429
131609,0.021090038
137300,0.1658822
33509,0.9177573
136579,0.028781822
131901,0.050173003
33858,0.44124967
133416,0.014690955
130462,0.18225792
131588,0.14006624
137309,0.13525487
133878,0.64085495
137402,0.016147077
135940,0.157544
35924,0.8433483
36843,0.6653434
135562,0.021962486
130119,0.011385074
135008,0.065227784
35745,0.7946812
34402,0.4395233
30194,0.26019847
31951,0.9064504
130290,0.14790408
36242,0.5965985
134497,0.03586506
36061,0.95165473
30467,0.8600688
36194,0.9081582
135361,0.55478203
30710,0.7704989
137466,0.04490947
36017,0.83996505
35656,0.10836743
37473,0.69302434
137293,0.45676512
132554,0.02565755
132891,0.22630586
36928,0.22652031
136324,0.03840643
34856,0.9230839
32010,0.6109611
34112,0.8753008
35390,0.9030801
132314,0.013506349
132373,0.61461246
135020,0.0037991267
30193,0.9322024
130393,0.35511473
135718,0.13531227
137031,0.030256726
31522,0.81544363
36547,0.6556812
130010,0.005355548
130074,0.08814365
130935,0.105554864
36745,0.949546
134574,0.35730863
133605,0.005708348
31507,0.81309944
135881,0.69277114
135599,0.006311526
33351,0.53186554
132185,0.22988337
30784,0.20312466
131306,0.04075395
37470,0.3533846
34794,0.29391882
35875,0.87363577
134179,0.13188848
135767,0.13437477
133351,0.28634644
34711,0.70496166
135644,0.7057006
33030,0.7182175
36417,0.6916523
132831,0.017099401
134214,0.058470745
31796,0.6968227
30262,0.43361372
131862,0.02561325
33781,0.48265046
132791,0.012084738
136409,0.08147314
32346,0.87704414
34744,0.6341522
132357,0.09641223
32696,0.88063705
32755,0.93537945
35290,0.93319976
136426,0.023056561
133951,0.06608279
30503,0.86832625
31078,0.8071426
33043,0.9263027
31076,0.85858136
131516,0.6120875
36096,0.95172244
32753,0.37962496
31848,0.58954537
132414,0.51945406
137165,0.0046129734
30402,0.9344458
35542,0.8353484
30871,0.8412121
130160,0.09624646
35194,0.70324516
133184,0.06345843
136987,0.61961895
30395,0.61606306
136884,0.5850039
135582,0.045451634
130546,0.029548006
134938,0.012652571
37461,0.5421813
131878,0.3198334
32316,0.9498431
31352,0.75849533
134712,0.25823706
32923,0.7501733
34346,0.8793756
134044,0.667496
132750,0.0999885
31098,0.54704493
135729,0.5534359
136938,0.06417911
35945,0.7161619
35804,0.92569005
32869,0.5553364
35603,0.8955763
131031,0.042781375
132658,0.037587818
132133,0.6258763
31305,0.6966722
36668,0.6620904
130371,0.014322939
31193,0.29606014
35807,0.60478574
136152,0.0037613001
31347,0.6255028
33036,0.73000365
34977,0.9235256
32084,0.68626004
130139,0.0185011
33327,0.36742073
132235,0.4417597
136499,0.021757059
30837,0.78792816
35889,0.8177513
34798,0.85639715
130327,0.105879724
133436,0.83420026
136923,0.30599263
136295,0.11655934
31416,0.9435911
32016,0.9139395
35362,0.7709804
135773,0.06582619
133634,0.018818451
135574,0.39884982
133493,0.06048044
133826,0.032217972
30609,0.89030874
36544,0.5720083
134627,0.018082548
135800,0.10023821
35949,0.5538047
134391,0.017350517
131940,0.059642486
35483,0.93303
36043,0.9505368
136550,0.3966098
36536,0.5544077
32203,0.6206124
131695,0.019867547
37348,0.89432985
137054,0.1997885
131711,0.65237033
30219,0.8316862
136201,0.03324246
132042,0.032839872
34063,0.53549814
30908,0.16040614
134709,0.024493847
33853,0.8221692
30709,0.9397216
30558,0.85039073
34136,0.850698
135478,0.020911822
30342,0.45637298
137391,0.010505783
31326,0.39778596
131229,0.18043803
32205,0.8854387
131285,0.8845337
133892,0.016488291
137045,0.10658453
36465,0.14953491
130985,0.2911215
36972,0.8360765
33813,0.9368754
132274,0.07241864
34500,0.87585443
137024,0.25998867
32544,0.94383824
31294,0.87610143
31799,0.9267442
30906,0.27556634
34041,0.74062634
135275,0.5359476
36797,0.29335538
137255,0.18293321
34045,0.69432163
136947,0.6179131
34653,0.90853035
136609,0.6236402
131453,0.13157481
136449,0.3370643
132609,0.31180757
30311,0.7757526
33633,0.7947374
30277,0.85804427
132773,0.76175916
134324,0.009681356
135330,0.03785954
135090,0.12932792
31459,0.9202174
136950,0.07219704
133021,0.071177065
134483,0.41951573
33649,0.89072496
132349,0.24691686
131754,0.029119337
132970,0.04125811
133031,0.3805152
31724,0.820129
136130,0.6291491
133013,0.019039424
33667,0.75162137
36350,0.95019
36199,0.76397145
34163,0.82562363
130928,0.007915743
136249,0.026705824
34226,0.62763715
135289,0.022818446
136490,0.052280404
36937,0.90979666
33768,0.91070384
32376,0.93347025
32015,0.39983585
135849,0.119771145
130075,0.42167115
135951,0.2767118
32416,0.7902302
37014,0.8073583
132174,0.08932779
32194,0.617816
36089,0.95436966
137388,0.027020907
31973,0.90992534
132159,0.056685515
35883,0.857613
35624,0.88846695
33288,0.68487066
134769,0.06329136
35224,0.8688279
32276,0.8903519
134474,0.08531316
134232,0.11185412
136967,0.03854794
133479,0.21854396
30737,0.94736826
134526,0.07627944
133773,0.04313592
131385,0.21278746
37458,0.68467647
134366,0.2593743
32678,0.93990946
136807,0.053008694
32829,0.8741496
33712,0.93144256
136123,0.04708024
32444,0.330473
136184,0.47770935
132802,0.55903095
34253,0.81327665
33496,0.85622776
33274,0.66669726
31578,0.4261854
32075,0.9452705
33000,0.9290331
31748,0.87052685
36968,0.53865355
32914,0.8111934
33032,0.52393013
33803,0.93952644
37133,0.44447124
36274,0.8630189
137277,0.34147123
34915,0.846085
30157,0.46646157
135461,0.37477043
137278,0.1950202
35276,0.5880192
33294,0.0741928
134401,0.23047064
130499,0.7752906
31171,0.8946256
134762,0.02321717
33533,0.8412362
133259,0.15834296
135698,0.043859042
36957,0.35072064
32463,0.93506557
134860,0.77616674
36939,0.8487796
132168,0.48084083
133811,0.010584886
134376,0.17925112
136652,0.016208118
31753,0.8891767
134617,0.015517883
37012,0.7761677
35936,0.2327545
34775,0.75068825
32437,0.8201942
130441,0.83963317
132578,0.50925475
32080,0.824919
131244,0.11635656
135809,0.12229042
33898,0.46161824
130863,0.040666055
37299,0.47657594
33711,0.92541534
131526,0.032709286
32436,0.03959119
136228,0.054631617
136259,0.04114594
130842,0.028023433
133820,0.1229563
36389,0.5947566
32254,0.57481545
31126,0.96067274
37445,0.7852565
31155,0.9641114
37394,0.54652107
135316,0.041362338
137069,0.24146889
32716,0.59449637
130787,0.28932467
135793,0.6581866
135171,0.72793037
37303,0.81089664
133684,0.029256575
31402,0.76660246
34741,0.53014815
130777,0.8214888
32439,0.74680626
34334,0.84953433
36608,0.7325383
130345,0.7781952
31772,0.8953871
32945,0.91051555
31009,0.8753258
35257,0.7769139
32902,0.9524392
36654,0.33896625
31830,0.7836661
30401,0.9378516
131179,0.016177876
30452,0.8298354
30979,0.9209453
134690,0.5050804
134539,0.012237874
33026,0.93938345
32043,0.7743118
31327,0.23772824
137000,0.029115306
131350,0.023173075
132094,0.031400952
31308,0.89858115
35113,0.95752394
33990,0.9037713
31645,0.37447196
32163,0.91017306
130065,0.3407883
30285,0.84280133
136696,0.11968611
33789,0.92107636
135251,0.010260014
130941,0.28595266
35462,0.91794103
37075,0.81982106
35632,0.9128981
134773,0.121117584
135178,0.08230689
36294,0.43650818
134757,0.39894772
132038,0.2385318
131110,0.10200717
35618,0.93981457
36522,0.9240858
134710,0.0046641044
35043,0.9058341
130375,0.3821898
130874,0.37579444
31642,0.9161028
133050,0.19101639
137230,0.009378293
130102,0.23656112
130285,0.27782613
34683,0.9531984
133181,0.12230708
34024,0.12871072
33087,0.34403938
130244,0.5421374
36925,0.8719971
134471,0.94553715
32315,0.9242376
131642,0.014477587
31609,0.9228219
31565,0.7966781
31774,0.9433216
131650,0.14255536
130146,0.076398276
131379,0.032605052
134724,0.62844914
130954,0.42451546
32152,0.94007003
33538,0.57073087
35615,0.7523905
137038,0.24368912
37188,0.6925465
133020,0.1292997
33623,0.6556571
137421,0.24687082
135920,0.08856969
31975,0.9170977
136743,0.06061499
30274,0.86225265
136245,0.26155388
36727,0.34538874
33651,0.4467583
133053,0.5599007
30255,0.8754038
35111,0.82352835
134153,0.018351752
34906,0.87272805
34038,0.7655238
136121,0.47030994
31495,0.7038577
132957,0.060355622
32086,0.88356215
32517,0.19478351
30173,0.9546776
36168,0.83543
133882,0.09469137
37301,0.69769186
136798,0.7429789
35396,0.8125155
131030,0.5033473
134103,0.06356569
131623,0.7987312
37462,0.6598211
136192,0.10679189
135189,0.6481164
130885,0.02993053
35076,0.46791783
134373,0.081750385
133816,0.23900698
32744,0.92388827
130398,0.06910674
36802,0.88155144
134806,0.025674006
133920,0.0295296
30373,0.6988385
31468,0.87865114
133024,0.10693488
134891,0.043979127
33530,0.78136647
32139,0.78486484
133681,0.5976361
31461,0.69148624
36039,0.8437086
32988,0.7548199
132269,0.021467632
33440,0.37198016
31473,0.9525682
131668,0.019702861
34266,0.32185304
33552,0.8556233
33200,0.552903
30970,0.88667923
34212,0.8239176
134485,0.6603578
35118,0.89078623
135702,0.62840325
31886,0.62883663
133745,0.2811367
133913,0.19545077
31362,0.5338726
30905,0.9253382
136900,0.045958523
36702,0.9169464
31564,0.9171469
36917,0.43038812
131136,0.44665942
134849,0.753507
133311,0.4681623
134028,0.20244125
136441,0.7387775
132801,0.050241217
132602,0.12987493
36269,0.8167385
130750,0.09240778
35200,0.8610056
31627,0.95593
132664,0.09516338
31885,0.84459287
131454,0.0081281485
35234,0.7995123
134632,0.033126336
31477,0.9295662
31536,0.5780952
34548,0.93007976
135384,0.34784332
136260,0.35392505
36549,0.93361133
31819,0.8887858
34695,0.8995101
30207,0.32410496
30116,0.9288381
32498,0.7853591
133015,0.13878204
136425,0.4881748
135220,0.087861896
132265,0.50964266
31550,0.9048078
133697,0.3404543
131517,0.82573116
36523,0.8547002
34364,0.94676965
32667,0.75256455
33572,0.95698273
35723,0.34453878
136419,0.018429596
32616,0.8732857
133806,0.039460346
36012,0.93597454
132388,0.8950623
131185,0.12935519
137202,0.05678295
137253,0.8119837
31381,0.6400252
133850,0.03515163
34022,0.87573063
36898,0.90389377
33005,0.68390566
36431,0.81989497
37097,0.9029883
30628,0.8141901
131207,0.22023661
131083,0.007969301
34580,0.6302872
131116,0.28857327
32845,0.19324684
135191,0.15198489
32856,0.8332808
33394,0.7826625
34068,0.6106134
35704,0.8505155
133916,0.8341957
130401,0.5683224
34697,0.770697
32563,0.95791894
136758,0.024706708
137416,0.61202955
137219,0.4369675
136645,0.023243403
137481,0.016607929
134995,0.30908865
130385,0.9256976
137457,0.16316104
131486,0.0056973244
135366,0.74565136
137285,0.033747576
135306,0.056130107
130460,0.21514101
136066,0.032722812
34360,0.2043431
34128,0.91516846
35124,0.9541491
35966,0.44029903
136251,0.21512003
36317,0.78433156
32733,0.91531235
133754,0.108840734
133795,0.27799556
36568,0.7316867
132772,0.37854564
136003,0.063775524
32232,0.58293414
33616,0.8885921
135340,0.03518839
130859,0.08152319
31447,0.9403976
30995,0.8547239
35117,0.9214183
136456,0.042352393
131048,0.19360058
134743,0.58714944
31218,0.29856154
37371,0.828937
32853,0.6838002
30974,0.79987025
134669,0.51465774
134730,0.15328267
36715,0.72489685
33202,0.8747641
136346,0.2354798
133341,0.007979652
32164,0.675783
35309,0.70580584
36555,0.86796904
36303,0.800909
135654,0.07349287
135949,0.041338276
133909,0.5832791
136475,0.42610776
130571,0.8503284
33557,0.85281855
34621,0.5880452
132040,0.19992095
132505,0.1888976
34808,0.7501315
133893,0.144625
135727,0.1011407
31393,0.9289992
131251,0.30927077
36813,0.07847082
135022,0.31548658
32511,0.7663576
35459,0.9096889
133257,0.4337105
37141,0.82795423
137154,0.092009336
31359,0.78166795
130487,0.56856424
136553,0.0630178
130715,0.0055513224
136046,0.10073411
136093,0.0048758597
35063,0.85830456
130612,0.3070779
31449,0.8291124
135045,0.7293435
130473,0.02288067
34516,0.745402
37035,0.80683756
36108,0.2364113
130870,0.064510725
33146,0.07039163
136129,0.21226132
132051,0.05981479
131560,0.27236438
132808,0.0195263
31102,0.5762583
35086,0.7203256
130731,0.05920226
34732,0.94007194
35850,0.88465214
33783,0.47204417
34871,0.5734702
36546,0.9057137
131755,0.0038817062
34931,0.84534925
133094,0.27972075
32604,0.6338734
134897,0.87706864
133704,0.16583875
33080,0.832598
30108,0.68700933
132422,0.022325337
34407,0.9283066
31961,0.7761364
33089,0.52052605
131505,0.11050764
136407,0.5563113
34229,0.84060395
136462,0.11062325
31089,0.92755777
132180,0.08282014
36256,0.64733934
33929,0.5212155
33430,0.8743641
31743,0.87184125
30932,0.9336548
135876,0.6672186
132674,0.023639405
34745,0.9136651
37276,0.8338195
33428,0.6539574
36605,0.86618674
34030,0.9512805
130821,0.41209972
32545,0.95307297
36254,0.8838379
137318,0.69997346
34511,0.9141001
133100,0.024417456
34545,0.86145467
35119,0.88789904
30631,0.7912621
37409,0.8660807
30330,0.94924134
133902,0.07139985
30079,0.8904279
132139,0.035759322
34945,0.7575833
36158,0.438328
132749,0.0684527
33514,0.84725714
130998,0.34124032
133583,0.18806653
35501,0.68534154
132803,0.1258436
35675,0.4808888
134758,0.93141496
31889,0.8419415
35623,0.87804824
30655,0.8910141
135495,0.07186105
137460,0.10020468
30016,0.5609466
37183,0.8582245
35475,0.94587064
31828,0.9177598
35532,0.95331526
135252,0.01868165
131700,0.46412006
34122,0.9368459
37162,0.7587668
133600,0.74341947
135786,0.70235974
37168,0.8916836
32481,0.82810384
136572,0.014610307
35669,0.65173167
34118,0.7014342
34185,0.96276677
136549,0.013009764
35947,0.8700584
133661,0.025214065
135634,0.14861163
133108,0.01299059
134638,0.20898259
34082,0.87317294
37215,0.7989549
31636,0.86584324
137191,0.4344459
36321,0.96426666
34119,0.8692195
31733,0.6411951
136369,0.12843941
134759,0.091438934
131444,0.16633901
30404,0.41788694
135426,0.010009681
36971,0.848895
131670,0.09907464
130004,0.6216822
33331,0.7463746
130278,0.016479889
37314,0.14600049
31194,0.84769225
137314,0.40594453
35345,0.9116181
31204,0.5732841
131037,0.018820133
130123,0.8642371
32070,0.8774338
131870,0.017418768
132307,0.20883438
32303,0.9179062
33376,0.92782307
33959,0.76531935
34878,0.6051778
130784,0.4660988
31423,0.8707621
37164,0.8522276
35514,0.8114621
33373,0.95429325
133190,0.0063295187
32874,0.9328126
131485,0.0840904
37393,0.94295734
35914,0.5199726
36420,0.89922166
135593,0.04155432
137094,0.14212812
33890,0.91250575
32584,0.8204125
133551,0.5104035
137133,0.20158592
136290,0.150913
35841,0.5599868
35286,0.95960623
135291,0.06623624
135513,0.67660767
30862,0.6875028
33697,0.5636362
133612,0.4343498
30248,0.735267
33761,0.686433
33224,0.8792385
30822,0.7158335
33483,0.6300026
130822,0.4431309
133198,0.21746013
37128,0.44621208
32781,0.4164535
137498,0.12477644
33492,0.711981
132833,0.013327825
35021,0.8309021
133812,0.56888413
135835,0.19876976
30806,0.74681294
35702,0.3935119
32278,0.65956014
30899,0.9302574
137408,0.6130368
30740,0.8400736
35692,0.900476
35766,0.47259492
31153,0.7653602
34851,0.8928998
130451,0.0029184227
132758,0.24040075
35109,0.93253857
135738,0.07233777
130076,0.28856277
36677,0.51458675
36588,0.92243546
131988,0.03904629
134051,0.09308952
36393,0.7085864
131883,0.7853414
33362,0.39668632
36601,0.83895886
132704,0.051072814
134646,0.84214145
135893,0.045889027
136841,0.7525416
34897,0.8792375
135976,0.20077948
136848,0.051635962
33994,0.76340795
30419,0.88028693
33882,0.35148805
131431,0.44402018
30525,0.22384879
130608,0.42746738
34218,0.45319986
36133,0.82913953
35820,0.39967337
134454,0.034691006
35790,0.66772705
32576,0.88404197
131441,0.026040765
134649,0.15607435
133294,0.043384377
31318,0.93383044
136697,0.2862316
33615,0.9212238
136307,0.19342776
34674,0.87263465
32237,0.8951594
135771,0.039412398
32011,0.92643964
135939,0.694559
35616,0.22869217
32069,0.9663045
34377,0.461325
30836,0.63396454
133786,0.6841089
137236,0.25298712
32937,0.6157058
136603,0.020037046
36999,0.3105753
37022,0.42736834
30542,0.76000386
131583,0.03760759
36643,0.75915664
30626,0.9408351
30104,0.84786695
135915,0.1430973
37166,0.89292735
34565,0.9329601
34553,0.28464732
131675,0.14398961
35919,0.57768476
132194,0.8885921
35638,0.8713076
36621,0.81728673
133116,0.015180777
33316,0.9275774
35856,0.62657535
37170,0.8665108
35468,0.91550386
34790,0.8565501
130063,0.6433541
33145,0.18972214
34287,0.86185294
34864,0.9412545
36625,0.6931568
31472,0.971923
33023,0.8576424
36422,0.9562772
36854,0.57482356
131233,0.6906668
136388,0.0059749777
134256,0.42833138
30632,0.944291
134243,0.049606666
135567,0.09686228
136857,0.90374243
35392,0.4458184
37463,0.5550404
130304,0.09490044
135451,0.016567739
35938,0.45991355
32720,0.8269106
32687,0.43093544
135391,0.11119894
36435,0.8681599
134598,0.7264698
30160,0.43029714
136488,0.033508338
32245,0.8838037
131851,0.026550194
30134,0.9364511
137004,0.1425216
132089,0.014680379
134716,0.1054012
33190,0.5930968
35010,0.81648517
132387,0.070101105
136096,0.016258735
134296,0.7554353
33846,0.7677446
30532,0.6769057
130774,0.05043962
131109,0.016169317
131595,0.31138375
131730,0.02008942
137221,0.40210384
136846,0.051611695
135099,0.16714452
36506,0.74358815
30202,0.87805086
136537,0.78658366
136616,0.8172619
136968,0.0085337255
133383,0.7346986
130659,0.2572598
36207,0.895734
135383,0.10344822
133581,0.6345648
31814,0.8066267
37140,0.8184928
135883,0.8400565
34552,0.6732867
131317,0.4442649
36111,0.19826004
33060,0.7052053
32747,0.78276455
32711,0.26765594
30622,0.7917259
130662,0.096345656
30643,0.94787174
30280,0.79269475
135641,0.04940267
133251,0.15986972
132586,0.05626615
36371,0.5045112
137362,0.026028184
134628,0.5753857
37029,0.734045
134387,0.0070179934
132384,0.5633684
30197,0.8322485
135150,0.03493169
36514,0.92655754
137231,0.31182697
34522,0.9137113
30898,0.12322316
137403,0.53136194
136673,0.44776288
37049,0.7689641
37282,0.42642367
30417,0.8135041
135556,0.08028806
137195,0.0062934617
36038,0.86569566
35609,0.9666908
36461,0.9372759
34956,0.6993558
131585,0.04410614
34975,0.75827295
36812,0.50604796
137149,0.17171521
31969,0.8237672
33191,0.39254653
30825,0.938737
131101,0.13492644
35028,0.96747243
135626,0.05349389
31199,0.75304896
137349,0.713268
131818,0.21781287
32074,0.8592312
136150,0.05822381
130923,0.109589554
30552,0.36076438
30449,0.8309318
33011,0.29555684
31777,0.8531594
136334,0.043755237
132647,0.68804485
32089,0.88456315
33459,0.7887643
36639,0.35445485
34529,0.8967681
35531,0.8956655
136943,0.23825704
133724,0.8474582
137474,0.734504
35608,0.56281143
37211,0.85772765
35848,0.081629
133109,0.27853784
35525,0.92975163
136238,0.6745034
31972,0.63534963
133904,0.033490945
35046,0.645008
130988,0.41054946
137014,0.048031844
130014,0.012167861
37156,0.27125448
32959,0.8489029
37320,0.96355814
36709,0.6793927
133422,0.5431257
36641,0.8244724
136213,0.8685408
36626,0.9345407
35633,0.77488106
32322,0.9446752
134795,0.545709
130769,0.012966004
133740,0.43763468
33776,0.862104
31904,0.3294329
36746,0.8386034
135023,0.017540995
135081,0.86740535
32423,0.7261236
132018,0.15350664
35258,0.74722433
37086,0.8152367
32160,0.69293165
35994,0.86693466
131945,0.0155702
31478,0.8564704
132024,0.7459568
133499,0.04265084
130488,0.23172054
33113,0.5456598
130765,0.7673065
32759,0.64315236
34276,0.78565586
31270,0.8746073
34676,0.5605511
132593,0.4249203
131457,0.043545794
131618,0.84973717
34925,0.70782036
134623,0.44503874
36142,0.5510102
135836,0.58156496
30782,0.890358
31680,0.7391795
34997,0.6371773
135958,0.08468148
134164,0.14911322
36394,0.9295031
30903,0.6135006
131594,0.28483525
32063,0.8262824
134986,0.116729505
31685,0.29062554
131716,0.6794895
35019,0.50797975
36415,0.56112796
35460,0.6136866
33494,0.9418878
35651,0.9183589
131523,0.008067251
32319,0.82270265
31881,0.85248953
32562,0.39707884
134832,0.024817346
136453,0.08916838
31842,0.756971
35726,0.8200428
35581,0.8041015
33543,0.7978002
33086,0.2905607
135231,0.73143536
131796,0.48519096
133984,0.09972781
31710,0.8161882
130956,0.48358613
130494,0.011645934
30356,0.52466464
36110,0.9626494
30691,0.9209746
36238,0.9357802
132720,0.12271513
31422,0.45066795
132067,0.23537429
136896,0.3149805
134009,0.5793611
132248,0.54132134
35317,0.57360756
131123,0.0061553633
137222,0.22541204
30154,0.76343447
34570,0.9280796
32018,0.7993082
36528,0.8331449
35205,0.4198554
31852,0.8603884
35120,0.75903505
37448,0.8796899
137216,0.10817872
131447,0.07130975
35816,0.56515086
135247,0.3657903
35446,0.6276579
30704,0.83936465
130617,0.713268
136597,0.56416416
135998,0.091134176
30024,0.7790976
34170,0.93955696
36636,0.69973814
131365,0.74697345
34239,0.5883028
35250,0.10911773
35801,0.03011032
132691,0.008403249
34168,0.5443122
130594,0.52805465
132707,0.122091554
134842,0.102961935
30675,0.8499104
33682,0.80651116
36996,0.47650638
131376,0.035664026
35667,0.26943892
137189,0.45880947
133513,0.2609324
136714,0.34284383
131791,0.024379592
130808,0.53967744
34210,0.8283379
30808,0.8012283
130942,0.30578384
32570,0.66264623
132702,0.90285265
134741,0.06274911
137044,0.016769616
134354,0.16756281
34337,0.62871
30607,0.87787074
132976,0.07554011
134088,0.009803289
136595,0.013713409
137082,0.05580345
33235,0.898501
33886,0.8930341
37449,0.94814503
32438,0.8658946
134252,0.033475652
135387,0.0060467427
36377,0.41374007
132207,0.58321875
35874,0.813818
30818,0.91352177
35354,0.85363746
33701,0.8874148
137224,0.01218707
130563,0.8828597
132506,0.10937229
32178,0.88860106
34129,0.87958264
134171,0.028446013
36060,0.14406776
32807,0.8601889
133914,0.27834207
34947,0.3978243
132574,0.005270378
31832,0.87957954
133702,0.37091476
34512,0.7955248
34060,0.80692077
136788,0.0077987053
30633,0.6458685
35805,0.033727087
33083,0.4666914
133994,0.02713363
131120,0.18723968
135783,0.026462685
35989,0.9365132
35295,0.55804867
35142,0.88121897
34269,0.78215027
133155,0.3078816
134407,0.10447416
37319,0.8885029
133707,0.42921075
30251,0.86056703
35691,0.91316134
34601,0.8998779
130753,0.16349928
34507,0.6609042
36945,0.63190144
137264,0.106492676
33871,0.928304
135493,0.23363733
31298,0.66241646
133195,0.09733557
136638,0.118819945
34993,0.9020461
133032,0.26214486
135132,0.046927147
33921,0.4298956
32831,0.9076781
34747,0.9044082
34298,0.87646013
130611,0.020329276
31376,0.36228144
131809,0.023281084
134358,0.3111652
34725,0.7895925
132879,0.017429471
135952,0.07122247
136015,0.030949397
36134,0.91497433
137167,0.22068778
132534,0.47842017
33046,0.82738805
134723,0.038323764
135511,0.29608792
136796,0.10578997
130324,0.23624845
135405,0.008769251
136004,0.14340053
134923,0.744067
36989,0.8789029
31446,0.7135059
35893,0.8395472
35541,0.90660506
34215,0.39766026
134894,0.018506499
133125,0.1338654
136651,0.010613835
35970,0.3628728
135669,0.10984676
32836,0.656667
132793,0.10156315
134369,0.73308957
134213,0.07327144
131337,0.34713796
134951,0.38273072
130403,0.085521065
135498,0.44404066
36895,0.79375964
136049,0.10986812
34159,0.64431655
131024,0.014926606
131443,0.58074427
133245,0.27683356
36586,0.8452642
130423,0.90513104
130622,0.401715
30345,0.75196654
32100,0.39154065
137081,0.36292803
31496,0.9273018
36910,0.8893179
34436,0.85304654
31591,0.88106894
36201,0.935898
32280,0.9022038
35231,0.74765295
134749,0.005560823
36092,0.8798381
133455,0.18020147
130882,0.033061665
35911,0.7875003
31988,0.6595862
135114,0.12969197
130972,0.4856767
134427,0.2672098
34371,0.7576189
34016,0.8636585
34418,0.9033066
36538,0.91647726
134160,0.07013373
31967,0.6548116
32646,0.51389253
33851,0.5738762
134016,0.67481816
134138,0.01565374
34719,0.9111297
133983,0.1456081
137440,0.047011416
35424,0.9266181
32666,0.8360345
136482,0.05718603
30038,0.9195154
136516,0.004170361
31335,0.9192841
135353,0.08240516
130526,0.36608833
131366,0.7669227
130812,0.034634978
133730,0.17570086
130946,0.9157543
132390,0.6204713
130660,0.42775702
131411,0.6482724
131788,0.008152516
34406,0.9425878
35842,0.9049846
32851,0.87990284
132687,0.028697446
30382,0.22011511
134426,0.41756132
34254,0.117073245
37343,0.91983205
134667,0.017974287
30527,0.83356965
131622,0.021720555
136314,0.335782
131838,0.02968552
34105,0.8772939
134259,0.008204205
31544,0.88340324
31850,0.8169196
32249,0.5602556
130399,0.26415744
133270,0.118823804
133007,0.060394384
33290,0.4542509
134060,0.03938052
34534,0.30418313
31593,0.9289632
133444,0.15847303
133034,0.022662591
37147,0.63387704
31242,0.57403433
35430,0.7243253
32452,0.72020876
130881,0.5833062
136371,0.036042273
36803,0.900368
34495,0.7549228
36691,0.9056413
134895,0.7111943
132584,0.012970027
131154,0.075558424
35486,0.8538825
130754,0.06145269
30565,0.9273929
35870,0.93412805
134705,0.028840628
137306,0.11762908
132774,0.7079438
37377,0.47049785
36764,0.47908962
133266,0.012964491
30158,0.91317487
34300,0.44428813
34961,0.9059195
136941,0.5719079
136539,0.047590736
130894,0.81050086
31639,0.74887204
35457,0.7150392
131592,0.014355898
32058,0.8909926
35851,0.82067555
34783,0.16113786
32503,0.8814876
37046,0.5472091
135990,0.15069143
133481,0.096069954
133711,0.02063119
130163,0.02401231
132256,0.51691425
133827,0.12790212
132656,0.46430573
37180,0.625018
134245,0.42208225
37485,0.9258021
131747,0.20468754
31882,0.90909356
33405,0.96291053
33084,0.64341295
36157,0.9467875
36358,0.22121796
32961,0.8711488
132541,0.017070534
32314,0.8955125
33567,0.710691
133793,0.006268803
30852,0.84592503
132466,0.07695538
131175,0.032216705
133428,0.15002286
34908,0.94488734
131319,0.00629057
130113,0.045105483
33377,0.86064994
130175,0.20902766
34481,0.81816226
130544,0.08588555
32782,0.92673707
136404,0.07172314
135095,0.31945774
36946,0.92576945
30856,0.8363169
135756,0.10876417
131343,0.2961712
33809,0.93485135
133574,0.016701235
131763,0.52341574
137262,0.0053134374
135172,0.08663288
134807,0.04838113
37428,0.94220865
33471,0.94163275
133832,0.18237926
133961,0.028889075
134881,0.11264502
134592,0.6637349
137267,0.0526208
31860,0.8484485
137119,0.5823123
135588,0.46555385
36336,0.90027666
32250,0.6445384
135549,0.63297963
36909,0.914176
36576,0.82711834
135953,0.024471091
133446,0.09259739
131132,0.13592985
132562,0.14015315
30562,0.78978735
137401,0.38520756
133712,0.019860774
35528,0.6263933
134364,0.021513807
132847,0.014147392
30889,0.8733982
36611,0.42593214
132464,0.022823013
137161,0.076026194
133887,0.007265835
36093,0.8277536
132760,0.23076853
135185,0.039069913
132084,0.28647318
36508,0.94854206
131989,0.80254036
35611,0.8515378
32296,0.21635847
35890,0.70427454
133227,0.8360727
34197,0.9493585
130249,0.1544342
137080,0.6943642
137468,0.002850392
36785,0.85191077
135124,0.42680764
34536,0.9219271
30769,0.6161774
30486,0.94212866
133356,0.15637866
136820,0.88797325
137205,0.18921939
135339,0.20639604
134132,0.0962319
34078,0.867624
34342,0.82593906
136444,0.13956659
33254,0.8495493
132764,0.03426376
136602,0.2362582
33873,0.93858707
137011,0.025855485
130133,0.037330255
130126,0.015458414
131032,0.025595801
36517,0.93237805
34620,0.9188369
135873,0.044105094
132701,0.04498171
32965,0.85108095
130446,0.49201566
131800,0.7941535
135402,0.04326821
134137,0.87634635
35650,0.87189156
136031,0.8786263
132224,0.1561839
133858,0.6385911
132156,0.07474953
36229,0.8358571
32655,0.6587808
130098,0.13546674
135816,0.8031736
135010,0.014899581
33655,0.81434345
135637,0.01239922
33923,0.89637893
35210,0.10767585
131452,0.023048906
34678,0.43293566
34357,0.92006326
30352,0.6728449
35438,0.18262835
131056,0.72376907
136293,0.22461201
35066,0.84973437
131953,0.09410991
35964,0.5282447
136436,0.49727255
36930,0.90651923
32115,0.9578548
33485,0.8032697
33673,0.9127654
35550,0.18682328
133980,0.0070111975
136172,0.71416104
30138,0.75579137
37334,0.8342244
132757,0.24384989
131537,0.14281033
130122,0.081801414
136937,0.10999617
134020,0.8474074
132434,0.072594896
134017,0.089347444
131708,0.20905976
133297,0.033071354
33116,0.67654574
34723,0.29646763
31055,0.8384698
136158,0.047597997
31438,0.7478756
135784,0.19151264
132481,0.15205178
132874,0.91534853
133511,0.005474501
36496,0.9528759
132607,0.5546511
131567,0.79372674
136773,0.8810649
135548,0.040329363
135730,0.017781897
136458,0.032697022
34426,0.87796265
131877,0.14011139
131401,0.35114318
37336,0.65723175
131762,0.023311201
34332,0.94962215
37042,0.8777169
35472,0.28656432
37232,0.89816576
35772,0.14736947
32668,0.72525436
131804,0.23182972
131498,0.35253933
36845,0.77466524
130633,0.3504203
33369,0.3735622
31630,0.80589557
136819,0.10927165
131717,0.7524461
33516,0.8345633
34106,0.6584907
137067,0.8884777
32893,0.86751753
133035,0.34216955
136502,0.0075690737
34514,0.09616934
135509,0.092843086
34403,0.31453648
37427,0.93442553
32288,0.8955546
135908,0.41288155
137322,0.014518056
31214,0.25199717
31246,0.8662691
136775,0.024826068
35813,0.95767546
136700,0.19926053
32004,0.5339531
135776,0.06719963
31201,0.50357807
35562,0.94448066
130397,0.23730692
32619,0.782046
35167,0.92359143
130687,0.023898259
31141,0.8334266
33301,0.6861821
31285,0.76164347
134169,0.57830054
133926,0.063143894
36055,0.9383161
137273,0.079887435
37036,0.55140215
136481,0.0032615643
133232,0.13239466
134573,0.20202196
33076,0.79164374
30581,0.6851827
36652,0.8715375
135863,0.020228963
130411,0.31422895
132116,0.02496106
135579,0.325211
130031,0.27093756
31212,0.79577494
30161,0.8401151
33051,0.36584717
132167,0.31318766
130782,0.23549815
136256,0.18616065
34201,0.8591015
130543,0.0056518335
133666,0.05245857
132323,0.6023239
37085,0.35579827
130535,0.7288755
135360,0.10543058
32867,0.36657965
132952,0.6172616
134073,0.121843934
132253,0.014849551
33571,0.90019435
133780,0.15036723
131632,0.026926786
130970,0.75750655
35811,0.78853863
134861,0.08920816
32854,0.89080197
32045,0.88119113
135584,0.8808936
132065,0.038919974
135487,0.15057385
35237,0.8777794
33281,0.9402397
30309,0.68449223
34025,0.77938586
134869,0.38726237
133337,0.043082207
35036,0.9152161
35998,0.9492412
130334,0.44968098
35657,0.8200693
33034,0.60144085
135288,0.10014988
134235,0.8856135
35524,0.9309443
36064,0.7383953
34836,0.4942567
134399,0.03652817
136092,0.037107896
136343,0.060713723
34535,0.37355155
37247,0.0778175
130233,0.63281995
131591,0.45961556
137294,0.3043245
30535,0.9380706
31703,0.8815473
136974,0.7114721
137346,0.20952068
135497,0.021255301
31188,0.86751896
137066,0.13284671
130432,0.013534548
32199,0.9474974
134739,0.5891362
134271,0.033719435
130436,0.039745647
32435,0.32341653
133664,0.02301268
132735,0.033916198
137124,0.24406546
35241,0.7650546
136064,0.023194008
35003,0.7700853
133638,0.10675297
132420,0.014021591
35229,0.70421976
32924,0.8152662
30947,0.8437838
135601,0.077201836
30839,0.8355683
130002,0.028104
135076,0.18227808
137177,0.68213916
131308,0.13625532
36915,0.86545867
33003,0.7729508
32758,0.9130589
32871,0.8112981
32424,0.8129066
35287,0.9392606
134269,0.08743469
132572,0.10928535
130017,0.03539711
134827,0.041107636
133453,0.28840172
132972,0.7532419
136563,0.037975565
130701,0.5858079
131867,0.9018825
137137,0.13137726
130704,0.12243199
130528,0.44505975
132271,0.051495384
32921,0.84157795
133262,0.0076715685
135655,0.2106912
134292,0.07630451
137343,0.23465541
132333,0.028813321
134965,0.85877025
34066,0.9224156
34293,0.95208514
135935,0.24819718
131587,0.25624856
131843,0.1264947
134648,0.16483593
36174,0.5201891
36630,0.87223023
35689,0.9285927
35853,0.8928232
136468,0.58111006
33245,0.9358879
134005,0.010507999
132311,0.013481022
37213,0.86002815
33650,0.94325256
33952,0.94362134
36934,0.80610955
136805,0.013420759
134042,0.040302187
136358,0.23588997
33687,0.8125612
33602,0.8147427
33289,0.8590022
34819,0.8600627
31561,0.91284615
134812,0.021557836
136771,0.030497251
133918,0.13800885
131999,0.8712025
35442,0.92344
30799,0.93844724
131770,0.020401433
31412,0.7623877
133807,0.15542321
31587,0.74192363
132880,0.018723497
131684,0.5635052
34814,0.9366442
33171,0.6747335
133541,0.057716638
30802,0.86606073
32597,0.9430996
33103,0.8596929
134804,0.28056458
35612,0.94815564
135540,0.0549885
132171,0.04013547
131534,0.11232167
33889,0.62080437
36704,0.8051327
30305,0.8939197
32881,0.9397808
130951,0.5509653
131932,0.037670963
31322,0.8048543
133075,0.9017387
134711,0.35999656
135603,0.32238263
136176,0.54293007
133210,0.044876836
136557,0.21294376
135066,0.017728243
133239,0.6306358
36214,0.88849807
30071,0.5127236
31516,0.81474143
33904,0.7114433
32552,0.5624547
36613,0.930497
35639,0.60783404
32880,0.86565393
134657,0.50543475
136443,0.06407591
134974,0.8772463
131764,0.020903701
134452,0.8229343
31740,0.9089509
35610,0.8638151
35163,0.91506207
30815,0.9069476
33436,0.7663067
37121,0.14157864
135222,0.020702675
132648,0.794359
131547,0.14471756
31122,0.92391646
131407,0.23417428
30848,0.89850724
30902,0.9087519
131055,0.8562428
135839,0.21827234
133911,0.060848147
135802,0.62953776
34164,0.0340271
35676,0.7226278
132797,0.044328548
135442,0.052342456
31592,0.82399076
35310,0.913382
32257,0.28385946
31931,0.8614976
35218,0.9014921
31331,0.89803183
132680,0.7787367
33753,0.78619695
34173,0.65943897
134100,0.24500847
34980,0.098372914
135329,0.0746648
36373,0.62384707
34048,0.89015377
136082,0.2617839
132202,0.085929364
31527,0.9097979
132527,0.5809071
136048,0.73893476
33408,0.94022274
37452,0.5939881
136469,0.17409275
32347,0.6531642
31264,0.2651784
133761,0.06142446
35244,0.72659206
133785,0.040113486
33700,0.846024
134201,0.6301269
133489,0.45113927
134170,0.3664764
134519,0.6711628
34291,0.051598895
32330,0.84439003
37280,0.78815496
31300,0.861195
130026,0.48193866
135420,0.11743814
30385,0.7493265
36739,0.8408722
136957,0.03374083
132532,0.0432631
134195,0.42981833
136919,0.39099964
34062,0.722681
133275,0.19504967
130321,0.019225527
135160,0.34010246
137217,0.6502436
30475,0.7787591
31835,0.8478445
33796,0.95737654
130825,0.25532413
30684,0.8955611
134958,0.22487463
34237,0.56065553
35385,0.77818364
30690,0.888972
31659,0.9592889
34940,0.9322696
130442,0.13775787
136834,0.66758597
32469,0.8010065
135014,0.2748381
134966,0.09101537
30078,0.9392394
32111,0.2816908
37438,0.90023506
30300,0.9285865
133568,0.687794
134528,0.100337364
133523,0.0690041
135080,0.15671222
133090,0.9121791
135049,0.0017583525
132289,0.0993647
132495,0.4011642
133755,0.26731464
136532,0.20609494
30635,0.812896
132787,0.061316907
36231,0.8531894
34137,0.89336026
37444,0.89548624
35942,0.5230674
36529,0.6365901
33847,0.93588114
30253,0.948645
36712,0.77398854
134639,0.11668516
134653,0.5059808
32824,0.83175707
131688,0.008251259
133723,0.026106775
134196,0.8237221
131564,0.630183
35064,0.8330005
33997,0.899176
31999,0.8173316
131004,0.22711243
30793,0.8974818
131347,0.5487429
131627,0.024034614
32230,0.9208718
135013,0.08990497
36325,0.8170913
31853,0.93797
30317,0.716928
35584,0.81504583
134384,0.6900267
134385,0.0666534
35463,0.85426724
135349,0.1064396
130229,0.085416
134943,0.49558842
37294,0.9459152
34206,0.8830457
136620,0.21751994
30045,0.86432654
133591,0.16057846
35819,0.6481101
131991,0.24981679
134123,0.082797885
133006,0.48703125
130748,0.043459293
31360,0.57761675
134182,0.18273087
32121,0.88805664
36617,0.6596414
136396,0.03539548
35619,0.93712354
130549,0.63199383
134083,0.86978877
132855,0.14612855
133480,0.62700576
32003,0.59529537
36424,0.9268917
131377,0.1578067
133056,0.052384596
134337,0.052595332
130048,0.5011032
36763,0.72572774
133542,0.07932918
134676,0.12520881
133048,0.14069451
30184,0.85176235
34598,0.858789
34256,0.6070045
36967,0.6611261
135888,0.12632349
132503,0.57892245
134282,0.011811674
137297,0.607957
133145,0.036776215
31339,0.8199875
133374,0.7863513
132206,0.84496975
30500,0.90570444
34729,0.77236855
133915,0.104676686
134799,0.050893698
130227,0.0043004495
30122,0.90202415
136918,0.11282238
130938,0.09222817
32628,0.7150668
131975,0.5813697
130789,0.16386513
35292,0.42537907
37406,0.92859155
137390,0.09751394
135296,0.58475995
34196,0.95307326
33795,0.11032037
133110,0.035448007
34172,0.9141967
34763,0.670499
135344,0.037289586
30893,0.73183864
30773,0.7172648
131336,0.49208382
132603,0.04643501
31024,0.81167
134502,0.5061729
35011,0.8342154
134975,0.064110175
37255,0.7480803
134460,0.032782648
134049,0.3236471
137311,0.28019217
33059,0.86004555
31965,0.59750694
35301,0.50784594
132277,0.29675052
37432,0.211344
133613,0.06606466
131374,0.021277033
135444,0.46213433
135596,0.020426879
33884,0.20440905
36865,0.7834833
131418,0.6591285
33593,0.69245654
33387,0.8606528
33792,0.6717415
31253,0.48332205
134737,0.40920866
133649,0.044096097
130140,0.23118952
133948,0.3377042
35122,0.7846242
36006,0.93283623
35161,0.93724144
136262,0.03641947
131768,0.6531976
131514,0.19328979
132099,0.4957922
133167,0.04806194
130752,0.057145085
137252,0.2254735
133592,0.022365974
132032,0.015034556
136915,0.102943175
32473,0.9120004
134253,0.37796295
34469,0.9283891
36258,0.81452537
37238,0.9157242
135083,0.051693644
131680,0.02354555
134036,0.5519723
133695,0.6260054
36278,0.40327194
34188,0.9487988
133154,0.21233709
35977,0.9116984
32490,0.8584118
134422,0.7309943
34341,0.08681352
36526,0.7206545
135638,0.5744437
132494,0.5128649
132238,0.28339615
36753,0.8102648
36460,0.5097452
34299,0.7082642
133890,0.45438254
136148,0.1041627
35260,0.6600457
130339,0.16558066
36339,0.9123826
130666,0.103647426
32808,0.7609533
130802,0.1843463
33928,0.9157254
33550,0.88376945
132215,0.0067735417
31277,0.8956815
33563,0.72638917
33197,0.9293371
33259,0.8855892
135604,0.02230632
131965,0.120293275
30517,0.9288561
34781,0.60447425
30053,0.8040004
31669,0.73236525
132079,0.0055668326
135277,0.68040305
133454,0.72685814
31741,0.36908466
30949,0.92635
133089,0.017969692
134994,0.5617176
131885,0.7731913
135852,0.6833686
131925,0.079730704
31986,0.9090323
30118,0.75596714
33217,0.086085126
131195,0.64759165
35776,0.9624624
133242,0.7072492
31768,0.9231658
134305,0.79892176
32756,0.9448865
135607,0.64671135
35323,0.8669896
30198,0.07834641
136536,0.2859642
136437,0.013397241
133492,0.0067168777
30614,0.19078706
36167,0.9466102
33800,0.93659693
133281,0.033411983
134775,0.003650962
135040,0.14256871
130201,0.7403748
136778,0.50746953
35950,0.8963817
132921,0.046403594
133074,0.32992142
37032,0.12062966
133525,0.17712042
136738,0.25591743
31674,0.8850774
36004,0.8810918
134787,0.814008
37102,0.93642557
133972,0.029377235
30754,0.74735177
135250,0.4781006
137410,0.050454136
32308,0.90964305
131936,0.82573104
131625,0.13143566
130649,0.3486037
130686,0.23479705
131258,0.16579692
132288,0.038161013
133214,0.15518695
36933,0.6793086
32327,0.7062382
136110,0.09423729
37152,0.74293643
31663,0.9260406
36541,0.6750922
134492,0.17600262
135980,0.056981534
133801,0.185408
137412,0.045353644
30935,0.70146203
135909,0.11493682
35605,0.8057719
132152,0.21768138
131643,0.0064782104
137235,0.30365166
135862,0.45534036
132621,0.030153923
31532,0.51720977
133443,0.68881744
136327,0.43137756
35404,0.9526382
135177,0.017317362
30455,0.5750097
136300,0.5659779
134000,0.17232738
135404,0.1652165
32837,0.9194801
134843,0.03134486
31229,0.7337466
31185,0.734492
130566,0.080396466
136707,0.026111815
30055,0.96287596
36105,0.8893749
136361,0.29796723
132539,0.008372393
36515,0.83739036
134567,0.02974838
33979,0.86317664
136029,0.055458937
136384,0.0030417254
131715,0.061469004
133589,0.42875046
35713,0.4882963
133747,0.46912363
135652,0.05518239
34668,0.850857
33699,0.49649385
132239,0.03905171
135389,0.011169839
132817,0.6274305
130820,0.013688744
37309,0.48127303
133377,0.24276021
131246,0.23635271
33759,0.90362865
135714,0.11050499
36911,0.6518836
32352,0.87404567
35431,0.82261366
136151,0.12630062
136677,0.40584302
33631,0.8288054
135411,0.033687796
137083,0.02544472
132443,0.0060669836
32403,0.894598
35341,0.88384897
133411,0.016996507
36661,0.9045135
32442,0.9152501
33340,0.7435652
35714,0.84323084
137016,0.09945954
33472,0.5182538
36962,0.5488196
130325,0.21759257
131213,0.17669491
36367,0.04099823
135697,0.76883227
35478,0.82730436
31232,0.6329973
32731,0.88466763
30258,0.90712875
135916,0.117505185
137046,0.32437873
135807,0.30565783
130000,0.514307
35975,0.7561053
30797,0.9140924
133220,0.074393295
133796,0.021700723
131358,0.33400527
30004,0.908239
34780,0.9267725
33295,0.2692495
32201,0.65436065
34917,0.2923664
35580,0.87376976
133403,0.22076233
132644,0.8350576
135283,0.01229309
35978,0.5654811
30070,0.8109223
34401,0.9357344
32771,0.73821825
131577,0.18929611
135858,0.20104796
36173,0.7186618
36708,0.8842444
130273,0.4217185
33793,0.9165631
137353,0.70210636
131149,0.06536633
132336,0.7227994
36683,0.46225423
36692,0.3894149
33946,0.68032455
31647,0.37508392
133923,0.49508533
130509,0.23545723
36344,0.88518083
133063,0.2568646
135566,0.035800967
30191,0.08085724
132242,0.5796824
132693,0.23650417
34092,0.9599134
136755,0.3341025
130918,0.045447197
131416,0.04768209
133339,0.124011524
134513,0.90611875
135338,0.16230036
32785,0.57802796
136766,0.026893424
135206,0.24975908
132730,0.019555483
135240,0.19136404
130826,0.12303663
130650,0.9243744
34390,0.92718744
130993,0.3882496
31436,0.8052341
33082,0.89883804
130515,0.03937016
31466,0.19060804
131964,0.17986695
31282,0.91328377
30081,0.89252657
131894,0.46902335
35604,0.94443655
30756,0.913179
31066,0.94317746
31138,0.88842696
36153,0.90419173
131658,0.38293642
31562,0.90156114
133927,0.54899186
31052,0.75750655
136410,0.65260965
30288,0.82582
32947,0.72127444
33872,0.38462394
35881,0.50007546
134323,0.3623133
133253,0.743777
135896,0.012986659
31623,0.9322304
34572,0.9062002
135834,0.27124515
135761,0.39407048
133129,0.88698316
30585,0.88472253
132218,0.018943723
34447,0.88936394
135660,0.26404414
31158,0.16131951
135180,0.45975375
130191,0.3036182
37033,0.82468134
32872,0.17501453
35481,0.780875
35192,0.7210919
30245,0.9210839
133764,0.81338793
34036,0.6751299
30742,0.9228985
33452,0.8808092
33863,0.9381735
137450,0.2082465
137453,0.126931
31224,0.92095584
33738,0.88874424
31554,0.82194483
32583,0.8772954
30319,0.80488586
35705,0.9093159
135744,0.03363842
137048,0.4047488
136521,0.016063666
30037,0.3018488
136264,0.66421586
136635,0.06687261
35080,0.87449414
137150,0.39299512
135642,0.018280817
32855,0.5300797
133949,0.1283165
32267,0.93526846
32665,0.84602785
131162,0.013927779
132806,0.7850748
132985,0.79721516
36493,0.5504455
31375,0.8951058
133040,0.01852993
132197,0.05093252
130081,0.40310815
32710,0.9427083
133497,0.16584687
135079,0.14768437
31003,0.90435606
133554,0.08062622
131167,0.05628208
132545,0.41765016
30564,0.9559065
37142,0.9074328
31315,0.888188
33661,0.88435435
134680,0.48232406
36836,0.924033
33722,0.82506216
30259,0.95004696
133869,0.52909523
35935,0.93019724
130807,0.17059298
134867,0.4763263
136996,0.04810924
133960,0.2575793
32077,0.85055
131286,0.5925644
31524,0.7682178
36210,0.9166697
131042,0.108414896
135457,0.021122368
31719,0.8602939
134085,0.71137875
134064,0.45662358
32370,0.74339885
31414,0.9079294
132964,0.005074853
34966,0.914861
36516,0.87200105
32574,0.86716014
134704,0.46271253
32180,0.51702636
36750,0.5740521
134673,0.18724331
132260,0.10114789
135183,0.07671029
132990,0.35956454
130568,0.0383884
135704,0.009540042
36534,0.60452616
132509,0.115108415
35209,0.9420002
34171,0.7724735
34946,0.69564146
135259,0.21918929
36328,0.817273
136858,0.7081699
34417,0.82045007
31785,0.7663016
33609,0.73440415
30321,0.19862029
133685,0.1918509
132633,0.025490299
32309,0.89915526
134158,0.27453622
35419,0.5883045
134230,0.13122483
131924,0.33448508
34374,0.75330454
130198,0.7032267
31690,0.7689161
32912,0.61378336
132626,0.6019476
135885,0.72518325
36020,0.9095748
34340,0.7913422
32418,0.6766441
30619,0.9079092
34933,0.8888697
136315,0.022465665
31115,0.87315094
31087,0.73267186
134899,0.10675544
133597,0.59266794
137232,0.03558981
133765,0.038506497
134301,0.012502303
134543,0.034462277
31067,0.88277924
33850,0.8189186
131657,0.78879595
34243,0.59617966
33985,0.49647215
31956,0.9250629
31560,0.93687266
134670,0.051246922
34275,0.775205
136281,0.04139049
136751,0.60489535
30758,0.93664795
30409,0.77017677
133836,0.010292365
35929,0.76582855
135643,0.48283648
135166,0.087947994
136680,0.031154864
132875,0.9094394
136058,0.47080445
32875,0.676688
32610,0.88551205
136197,0.32174453
134007,0.033355262
34389,0.9253004
136724,0.1874145
134840,0.010783489
32817,0.096724376
36728,0.6914168
135062,0.26258394
134503,0.030608058
132725,0.14065844
31502,0.76909935
33180,0.8516175
30296,0.6478191
131193,0.64005786
32497,0.93980235
135766,0.085144594
136729,0.03673217
137176,0.38031527
32313,0.25683692
130656,0.23786338
136853,0.6058205
130760,0.008757728
32196,0.84750444
35647,0.7266144
133888,0.21860097
135011,0.021077245
132853,0.24368809
132873,0.021985691
36427,0.27487296
132416,0.3333253
131287,0.107223235
34262,0.63294494
131775,0.1419417
30617,0.9133624
136723,0.007142576
33860,0.8526821
136605,0.09112163
132356,0.7175615
135357,0.009353044
131247,0.054589096
30807,0.9031188
36330,0.80180895
131865,0.19469136
130173,0.06500669
35649,0.90709966
30299,0.8478285
35712,0.5950256
36798,0.74291366
35353,0.82497054
136136,0.68142474
130206,0.0843059
130275,0.35702997
130797,0.21767329
130069,0.20238423
134636,0.29829338
32565,0.70724016
32094,0.68073463
37171,0.92981946
35273,0.92272496
34232,0.8526308
135193,0.78951126
30019,0.72378653
136955,0.13762073
34782,0.6424698
132824,0.051302988
130497,0.07393273
34803,0.86461276
135906,0.20612966
137289,0.007665657
131613,0.8770689
30824,0.94845164
31357,0.5493449
36527,0.7299064
33957,0.5949063
32148,0.85020113
33585,0.7479739
35184,0.14309125
132101,0.75389075
137096,0.19821844
131958,0.15217288
136406,0.081807986
130732,0.63892233
137279,0.005091524
36407,0.6278825
136577,0.6706458
32134,0.95102423
32050,0.93181014
132208,0.116058886
133819,0.91641307
35088,0.8396014
132594,0.6543095
35786,0.81816983
132722,0.29258347
131752,0.85621196
132643,0.021297134
36170,0.8572689
136818,0.11905419
37087,0.6011841
33647,0.9480092
37148,0.90291417
134299,0.25404263
130924,0.55797607
131714,0.3252747
30058,0.68309474
37011,0.68971574
130320,0.18746608
34628,0.9109266
130879,0.10885967
135780,0.027910644
37091,0.50965333
135819,0.07292537
131519,0.36417168
30153,0.86137223
131721,0.039268024
132343,0.16255671
131105,0.03345117
134484,0.027680503
35399,0.8757505
133646,0.3634017
134746,0.052531734
33308,0.31775895
30135,0.64294195
36638,0.9084614
33984,0.16312024
136843,0.5338682
32275,0.75392884
136506,0.016367089
32534,0.9023351
131369,0.14667676
136861,0.04419991
30209,0.9631939
36444,0.9243144
134874,0.37398297
32918,0.8254528
130230,0.04517851
35496,0.9202588
134635,0.023458675
133360,0.7965658
131679,0.1532968
34205,0.70610225
32529,0.5368662
30844,0.78386325
32364,0.9057866
136833,0.6502534
135039,0.68768215
131549,0.72850215
34322,0.85504586
137456,0.00973747
134148,0.12286016
132325,0.018236576
30363,0.7761668
130090,0.49564546
131652,0.33629525
32521,0.92548186
132369,0.011505037
134918,0.09119002
132479,0.0048603616
132200,0.07690395
133062,0.8371979
133555,0.791183
30989,0.7330512
36345,0.7612293
130762,0.6663144
131908,0.0747936
130237,0.29165587
34989,0.7890379
30761,0.24385801
33916,0.3878851
34979,0.91742617
35248,0.8026287
134165,0.017530683
32895,0.15181625
132111,0.7648382
31073,0.89720964
32386,0.6885958
31602,0.89552486
36446,0.6141133
135887,0.86043596
132093,0.93156576
130541,0.014389468
30169,0.85058725
31354,0.6288805
36662,0.7055164
32541,0.92787194
37359,0.84560424
34339,0.90398294
30476,0.22891857
130914,0.14369269
134010,0.18893337
134067,0.9299474
34047,0.3890803
33668,0.93551767
130307,0.055110227
33947,0.7142499
134295,0.02291929
133851,0.5308553
130726,0.43232173
135770,0.17051524
31156,0.9268153
134189,0.6495557
32248,0.7257018
132012,0.07746352
34660,0.7994081
137433,0.16800939
132640,0.512579
133402,0.013475025
136934,0.91452074
136063,0.043415558
131282,0.5486994
132500,0.31374124
130868,0.83263355
33342,0.75447476
136254,0.08696375
131501,0.0892725
131852,0.15545496
30729,0.91351706
132475,0.027505534
31013,0.4501442
132275,0.83692014
36351,0.85568285
132535,0.0035682516
132826,0.031042473
131425,0.21170406
30580,0.31934422
133457,0.06257938
34255,0.65212494
34133,0.9499845
30520,0.6267678
132362,0.26696685
130270,0.120076425
131023,0.10326397
31328,0.94170284
134556,0.037618317
130057,0.4759804
35447,0.7827504
33114,0.8581353
131704,0.11443176
31443,0.8760254
33641,0.9034495
130827,0.26962918
35071,0.86957824
132899,0.009421806
30791,0.92006004
136286,0.45685476
136102,0.022290254
136473,0.4187521
31435,0.9276363
33628,0.7875491
135077,0.8808322
131944,0.7741738
135676,0.26875198
33447,0.90694684
30376,0.9094401
34627,0.8696252
135297,0.017490545
30052,0.24658406
35445,0.94710666
134414,0.6072765
37174,0.9342789
32634,0.75761575
134043,0.40134993
137158,0.12598623
36637,0.9503579
30480,0.62031496
32412,0.83165467
34320,0.5763326
35837,0.556635
32048,0.8558719
136752,0.7805259
35878,0.9523654
133871,0.24541426
130913,0.56020623
132905,0.19124289
35093,0.28058997
31712,0.78112394
32096,0.6582746
35412,0.89717126
132411,0.6451342
30136,0.76168555
135590,0.10375957
33592,0.8755565
137321,0.022549145
35233,0.42671427
137328,0.7333543
32800,0.66486716
31448,0.9059745
131686,0.12674026
36778,0.80149764
37329,0.86839205
133759,0.018335465
32877,0.34741196
136104,0.044101182
30103,0.79190534
36554,0.83925635
33644,0.7597995
132931,0.34463707
134883,0.024197064
32373,0.58328444
32737,0.82864827
132044,0.22736037
31252,0.8927354
35672,0.9519353
32620,0.47847104
135441,0.19654857
130994,0.07537009
131888,0.12784389
31364,0.8905408
137374,0.03892112
30647,0.87995726
131500,0.11798533
37090,0.91331714
134756,0.04093518
35369,0.8796545
136115,0.3890103
132175,0.011545741
34622,0.83673596
136050,0.6389479
35508,0.9186608
136874,0.16253239
133283,0.27234277
137429,0.2794373
134948,0.023818206
35979,0.77540594
33525,0.8332181
36716,0.48291022
133318,0.24501128
30931,0.5939086
136529,0.026382843
34735,0.8065738
34236,0.93523717
30602,0.85610515
137418,0.07846565
135528,0.4872496
137157,0.46719298
35707,0.96315986
34354,0.8282205
137052,0.030764941
30624,0.011701802
31370,0.36758587
34052,0.491889
136299,0.6623369
32971,0.7501594
131225,0.006753256
33182,0.8767891
35024,0.7740365
32090,0.33289057
134997,0.39141437
136608,0.5679681
35600,0.7791484
37169,0.8926329
34684,0.86815333
36192,0.86977065
136479,0.7670491
30695,0.17641634
134622,0.21847382
31432,0.8871163
131245,0.30672944
132091,0.013958283
36905,0.9160374
36288,0.91046506
32474,0.17751911
133120,0.0127858715
30883,0.58401686
32862,0.36346406
31755,0.8936533
134080,0.6597749
33444,0.8817966
136999,0.049257282
134941,0.06865471
30375,0.9215843
132118,0.10973516
131141,0.028933989
34756,0.92001265
134626,0.5322834
33643,0.90010357
137413,0.36436242
30213,0.6643282
33127,0.8850226
32822,0.9236859
131221,0.14684154
32295,0.88457596
131413,0.93991554
31413,0.78349674
32713,0.942853
136804,0.0764475
37106,0.47415403
131504,0.9151562
31579,0.56949294
130177,0.120934054
33391,0.88650215
130560,0.050926354
32589,0.9096785
134275,0.003333141
34483,0.9129336
34327,0.799942
131390,0.043071102
131322,0.54395056
37478,0.952197
33675,0.83141047
33987,0.49164388
35812,0.740502
31215,0.8922734
31187,0.8630554
133814,0.34178615
33073,0.7109326
131729,0.04277978
132553,0.1564669
137372,0.15674715
35794,0.94324744
132629,0.073014066
33639,0.85009694
31074,0.62095964
36694,0.90777487
37192,0.5033995
134410,0.004623521
37094,0.12771153
133107,0.52243245
35175,0.92152774
131499,0.6531736
37244,0.89887387
135977,0.082026936
137078,0.78830004
36478,0.8931125
30195,0.84914255
131644,0.5527082
136870,0.09107312
34178,0.3055878
35426,0.6513663
34347,0.17867906
133349,0.5949114
36476,0.827781
130370,0.6545014
36564,0.8176042
134048,0.7271925
135630,0.9054478
133790,0.20585436
130799,0.22959617
34728,0.75296944
130172,0.03128476
30571,0.64202464
131974,0.10061081
36248,0.38592046
34992,0.7653074
135866,0.32923833
132083,0.059041806
30842,0.69645876
36606,0.76681304
36770,0.95886356
137056,0.43249878
133830,0.09565831
33771,0.8891065
136562,0.07080324
34244,0.8358763
137417,0.69018465
37038,0.8239589
31619,0.83878034
131685,0.11341275
35282,0.4997458
134658,0.19286291
133532,0.21768771
134679,0.014537506
35335,0.87199676
132049,0.7712779
34297,0.86911863
36926,0.9406798
131036,0.02192613
34888,0.66651994
131931,0.021756943
132966,0.39200845
31167,0.83441204
30050,0.23274218
137486,0.015413223
32764,0.14048155
136440,0.45182693
134742,0.020630268
130489,0.76676834
136489,0.18326917
33636,0.81528217
132886,0.20513156
132612,0.1150959
136518,0.49065104
135721,0.101285495
30435,0.7983267
34497,0.1865446
130248,0.022593355
36719,0.8866169
132163,0.06664821
33910,0.95623744
132278,0.0150463255
133105,0.32145652
132394,0.11896707
132029,0.087170385
132463,0.060630646
137425,0.082709804
34578,0.7095875
34762,0.50285137
30334,0.9591627
34064,0.9667923
132244,0.016855136
34399,0.67323905
130338,0.05653553
133099,0.015924614
36313,0.6844975
136304,0.19129337
35393,0.7560597
133987,0.44465464
135857,0.071233004
34721,0.91888785
30707,0.8684738
135853,0.56507784
131312,0.12675719
36213,0.8092915
35049,0.56179446
132214,0.61392933
31291,0.5947239
31165,0.08710776
134287,0.8482454
135733,0.66480744
34040,0.8809876
33880,0.92513376
34875,0.9414275
135812,0.08650119
136094,0.23085475
36280,0.43546337
135988,0.87826276
30011,0.85499144
35748,0.9568419
37422,0.853426
30168,0.9076209
134708,0.6339295
36635,0.41274428
131916,0.46774983
30592,0.90964365
136839,0.010701493
35127,0.81414497
31981,0.89769405
32491,0.89184815
31858,0.9119931
132017,0.13181335
131569,0.17466794
30176,0.9474038
32039,0.24270649
130055,0.48421094
34493,0.7107272
37260,0.8892388
31084,0.95693916
33393,0.9209891
30712,0.15907483
35134,0.86144584
32569,0.92971116
33133,0.74980485
134516,0.05633482
31934,0.95345104
31033,0.9497899
32661,0.9402006
34707,0.8982847
30770,0.9505106
132071,0.8796904
36981,0.9264495
36539,0.8905639
36081,0.732481
35693,0.89125115
136497,0.023965655
130876,0.096501924
131832,0.06317571
36959,0.9473506
32409,0.8482929
133603,0.3422572
35666,0.8323858
37305,0.9147493
134298,0.5492664
36337,0.67824197
30114,0.92565596
36902,0.7794722
32174,0.9240144
30864,0.7824706
35710,0.8592444
134973,0.035615735
36175,0.51812834
131396,0.021552134
131779,0.024094764
34155,0.9296958
30295,0.95517105
131437,0.033612877
131226,0.5276782
30516,0.7190487
35972,0.65167475
33864,0.38821036
133193,0.39992937
131391,0.22881663
135534,0.2004025
36486,0.8937641
30550,0.95497125
131480,0.14448753
30368,0.7018316
135140,0.12870021
30870,0.7734478
133635,0.82501847
31948,0.79734755
130087,0.13822314
132935,0.04604669
136178,0.033240687
36804,0.8057927
34077,0.8241027
136856,0.1082501
31942,0.6798286
34444,0.4529014
131532,0.46133646
32022,0.5944818
133352,0.76405245
36628,0.8583374
33488,0.41723573
133470,0.092164315
130035,0.015624899
133451,0.008072633
33901,0.8728392
133338,0.22521351
37181,0.8512446
131608,0.9422407
35236,0.89153266
137244,0.0177553
34081,0.82204634
135620,0.13824335
132456,0.032201894
37385,0.9261691
31127,0.8008762
37455,0.44881734
130287,0.51038426
130361,0.31572795
34815,0.38437656
130443,0.030218625
131984,0.02663657
30336,0.20208843
32615,0.39861998
36701,0.58360255
133767,0.049053136
135241,0.0562356
33857,0.38428423
37312,0.92450094
137142,0.01946642
133655,0.029502146
30986,0.9419376
133543,0.084628515
134976,0.00983605
130872,0.14033604
133361,0.05943266
35872,0.89063513
133516,0.22474705
132823,0.062388618
135788,0.06480029
130495,0.07203983
136325,0.29376167
132780,0.07240823
135278,0.04280029
134609,0.0038787185
133346,0.22776161
32976,0.72492594
34143,0.8955419
132537,0.21622638
31797,0.9461128
137423,0.052229665
133598,0.046361707
35993,0.89357704
133396,0.5719484
30743,0.9601095
33680,0.6428394
31234,0.7547026
30763,0.932431
31440,0.8719209
132427,0.2922775
31896,0.842838
36379,0.93518203
35474,0.66853315
130329,0.02857616
136483,0.087756716
134735,0.004599364
134228,0.17185988
31714,0.93109196
131871,0.03732586
32841,0.82891726
31635,0.6413848
30588,0.7968928
35312,0.5252325
132462,0.53538024
35664,0.939815
32735,0.8436577
131572,0.01989778
30884,0.8827337
32890,0.7893253
35502,0.5696374
134370,0.0045854067
32642,0.70215136
35797,0.77859765
131521,0.15491596
31660,0.84247553
32859,0.8833694
131824,0.532468
37031,0.933761
132881,0.7180872
34308,0.5465651
132230,0.9123431
34990,0.775556
134630,0.008837843
36216,0.93609023
130314,0.9208873
31953,0.79767525
136215,0.47209632
34363,0.87119013
31781,0.94856244
30976,0.9423688
32125,0.94208187
32975,0.8497968
32878,0.8778812
36774,0.9142303
36958,0.9472666
37194,0.50259495
135284,0.047403302
33286,0.90072984
32715,0.7877441
130205,0.242178
34394,0.95095044
132241,0.1577432
136028,0.44409117
135313,0.37977168
131554,0.023596795
133692,0.08039462
35030,0.9317796
130974,0.7669157
32395,0.865991
36872,0.81201416
36943,0.88161886
136305,0.068264306
134014,0.7719618
35976,0.7976614
137100,0.26538828
33932,0.43303508
33594,0.6599196
33657,0.13702066
36531,0.9439568
34156,0.8633936
33662,0.4087
133091,0.052234635
31104,0.71475226
36788,0.82887024
36631,0.84142655
30012,0.7801407
136452,0.8393459
132286,0.14095755
134480,0.022659551
31608,0.9188531
134057,0.38846925
130053,0.02736358
135130,0.056263875
36793,0.77858233
132974,0.90234494
37187,0.288156
37173,0.6343537
34099,0.91138935
36217,0.8506586
130792,0.07331799
34056,0.7745894
136966,0.2375842
133395,0.09176296
37071,0.9204842
136890,0.050769143
134309,0.41100594
134458,0.5411709
30555,0.90744025
133280,0.14474571
30067,0.9121231
131148,0.30909285
131394,0.005278033
32536,0.57272774
33166,0.6759276
130614,0.28169248
31887,0.72984385
132019,0.059232432
30967,0.8198966
31997,0.9277896
37381,0.8102988
136394,0.09172557
131972,0.1499972
131722,0.15019786
130142,0.855986
134114,0.023579892
36525,0.7943287
33887,0.94577235
134413,0.14691336
35952,0.2625378
135742,0.027151322
36733,0.6687652
30041,0.8347382
136813,0.045164052
30911,0.6471479
34837,0.9566814
31292,0.74612206
31752,0.88098586
135639,0.07196972
130477,0.3903665
32651,0.31084222
133392,0.40628073
132709,0.28730932
32673,0.6509992
34114,0.65150017
30914,0.7810436
132181,0.13596979
134606,0.47250053
31453,0.9217639
131651,0.02816265
36897,0.7266315
136989,0.04607922
133582,0.027278723
31725,0.6048817
30357,0.5455299
33354,0.84927666
30098,0.9383768
30561,0.7015904
33123,0.3208673
30702,0.953286
31513,0.2601085
36385,0.8746397
132514,0.077085055
30426,0.90709364
136699,0.5246619
31590,0.8555221
130641,0.084975556
30604,0.82947135
136816,0.014335555
34191,0.79798955
131009,0.25853565
30047,0.8916956
33334,0.9309091
130738,0.045887835
33159,0.4838548
34015,0.93111026
132480,0.014017947
31646,0.14293373
31479,0.8997356
36757,0.64424634
130925,0.009393566
30653,0.6941179
31129,0.7152287
134032,0.047233455
132297,0.35163102
35172,0.9566095
36492,0.9415876
30667,0.85716724
130450,0.2328664
33774,0.1981135
134144,0.017075287
137003,0.3141476
133291,0.10003543
130903,0.59769034
130416,0.16528371
135667,0.092793055
32129,0.58326817
32857,0.45075586
37233,0.7467444
130640,0.007368759
30084,0.15474162
31233,0.8697362
135550,0.071488544
132739,0.14346984
31927,0.5432608
33412,0.9173225
37112,0.81390744
131393,0.68848187
132893,0.37532303
135082,0.3249662
33039,0.43798402
35719,0.84689695
32572,0.81127375
33754,0.6796998
37239,0.912752
30890,0.8989385
33938,0.5404549
134851,0.22258736
36561,0.78576136
30846,0.78573227
135575,0.73595935
36228,0.24744718
136613,0.06740091
33733,0.88384694
131641,0.278
34415,0.17455591
131933,0.046759482
133213,0.36909506
130024,0.14825273
33117,0.81125635
37222,0.10824768
32329,0.94908637
36085,0.8386139
36776,0.9525178
34648,0.9178854
133027,0.10755622
137265,0.59238833
36684,0.87905777
135580,0.11654087
33568,0.8936818
137449,0.099661395
133838,0.6585997
133822,0.01753996
35223,0.8705753
135486,0.0053871656
131993,0.3937215
37442,0.79331607
35757,0.7184935
132951,0.08134186
33999,0.8781518
34153,0.86586183
137370,0.29030696
32028,0.95844615
134527,0.032441128
132351,0.14972202
37175,0.21586478
134227,0.042980652
36049,0.86406744
31018,0.86726505
30127,0.7042653
136558,0.8203188
130933,0.02445614
131370,0.16655047
32155,0.7037518
31121,0.9628708
137288,0.0069777444
36450,0.66121054
130980,0.6387324
134030,0.10977321
34984,0.9259544
30237,0.46331903
135238,0.37885168
30666,0.6165232
31333,0.66857713
30983,0.8881236
37182,0.96136165
35880,0.9490589
131857,0.6735071
135009,0.6967962
35164,0.873227
35440,0.6001056
36232,0.18382303
136431,0.6873171
30062,0.84664434
33971,0.81526524
130795,0.42858735
134734,0.4892618
34214,0.87540394
35523,0.88955796
135672,0.15949054
134075,0.089933544
33519,0.58626133
34130,0.87243164
30578,0.89500564
132358,0.33099464
132683,0.742014
131146,0.05158117
34044,0.4715646
33611,0.8822693
136182,0.05904059
136980,0.27693757
31603,0.84480596
135999,0.06805438
33434,0.8672074
30448,0.08629971
131992,0.017338783
133653,0.041778654
30861,0.75750655
35074,0.8939178
137041,0.73296905
32399,0.89052844
131900,0.24181688
33410,0.5513225
132237,0.016090943
134766,0.25311306
33542,0.9370171
134382,0.26690903
134023,0.070208386
34569,0.83583194
133800,0.1508614
36086,0.9416743
132360,0.40658933
134198,0.14409217
131915,0.24051999
136678,0.4658673
33020,0.5855262
31734,0.80323684
135033,0.22364812
32635,0.93274224
135429,0.060349196
33149,0.44709846
32302,0.23584032
31652,0.43617436
130040,0.08137902
31713,0.7700664
132745,0.22196665
35913,0.8956418
35339,0.6324816
36468,0.42059085
32722,0.58626133
33384,0.8376492
136085,0.087807804
132989,0.57295734
134939,0.08416782
30343,0.27140594
34867,0.88998926
32060,0.67058456
130199,0.025068132
31063,0.8447108
31382,0.7274025
132284,0.036421128
132060,0.48269174
134836,0.060247976
30146,0.48836407
32504,0.92067146
30625,0.7569167
32336,0.65808207
134510,0.013227066
31177,0.36263078
134892,0.12672676
133642,0.0393171
30413,0.8595884
137475,0.033536863
35018,0.76847327
31815,0.653555
34376,0.5043626
134561,0.02718475
32144,0.7083638
130293,0.11943544
32805,0.39245555
135075,0.32682505
30302,0.9055207
134586,0.24860226
37126,0.5575818
30804,0.54199994
133504,0.17275247
30774,0.84195703
135301,0.014359689
35344,0.8881175
133722,0.419343
34805,0.89183044
135944,0.038861226
130653,0.04651549
133000,0.14663751
30059,0.68207484
134254,0.0050690854
36822,0.024820575
32397,0.9332636
132296,0.095441766
33037,0.8596464
33854,0.041193888
133515,0.015787391
32943,0.66981655
31913,0.8677292
130277,0.030239362
130213,0.6806133
32213,0.92695695
30082,0.89142257
35334,0.3779003
133314,0.88342446
35941,0.8781372
34202,0.8641204
33544,0.8022593
33239,0.8128793
133641,0.68172276
37266,0.74045193
36505,0.97657096
37459,0.7939528
133963,0.045947704
134589,0.028350389
33692,0.9413048
35596,0.9329751
32580,0.9395351
136767,0.05678842
31732,0.44132042
31203,0.79337823
132319,0.5916558
136266,0.3804588
32233,0.9695553
135226,0.86421347
30307,0.59619296
130576,0.39100483
134448,0.2262846
134863,0.6006123
137062,0.0077978163
30273,0.8838148
136323,0.36056778
131631,0.16048124
136217,0.42275852
34561,0.8796714
32834,0.7174271
36890,0.8202038
133750,0.051136445
134434,0.5620192
135709,0.75221646
132616,0.020961221
132160,0.49943867
133327,0.13083342
136879,0.02193671
30287,0.8843142
134499,0.023657026
130056,0.041200105
133146,0.60725015
133191,0.88675636
31274,0.70867974
34938,0.9261693
34352,0.90527385
36936,0.72377783
32774,0.8425882
133982,0.71680385
134336,0.7203778
132470,0.17792255
36335,0.6882189
32935,0.26371667
135971,0.57918173
134666,0.23155889
32023,0.7671687
135995,0.63943464
36644,0.93309283
30855,0.9571538
135254,0.08117144
130588,0.17313048
32990,0.24495673
31883,0.59684885
31955,0.91416794
135700,0.43023604
134150,0.38603455
136852,0.18605115
30956,0.53333634
133742,0.016085515
35742,0.93466926
130059,0.08499628
34839,0.9265113
34774,0.44887152
32217,0.7503863
135503,0.0069974214
34384,0.9192309
31437,0.86196387
136065,0.81321627
33279,0.9475411
36436,0.49749598
33508,0.7197931
134893,0.018187428
37401,0.6935063
32622,0.9403003
37191,0.61226237
137427,0.347513
33066,0.92928517
31754,0.42168862
131910,0.35655972
37419,0.7606852
136747,0.023363974
130043,0.1648698
131019,0.044099234
136466,0.07101352
30676,0.87648314
33474,0.8746006
30859,0.9534002
36682,0.9293027
30221,0.73173314
36979,0.7080751
133540,0.062939614
31701,0.6679189
33621,0.8381879
136515,0.011692458
33565,0.79436815
36311,0.8899102
132283,0.725988
134450,0.0083515085
33353,0.8141901
135169,0.3600819
36651,0.66355026
36618,0.83627313
136460,0.3885656
33225,0.92425156
132204,0.03467619
34970,0.4722425
31091,0.7213741
132962,0.16463552
136233,0.80104643
34734,0.1574194
130513,0.0046617496
136845,0.40653616
36986,0.60575247
34310,0.8701641
35116,0.87250483
134848,0.74663925
37254,0.3582884
33017,0.31472006
31749,0.7704087
135636,0.23980366
130337,0.5313354
135950,0.02642287
35534,0.7748137
136809,0.0067554377
32894,0.775426
30621,0.845514
30569,0.5847255
133648,0.043088153
130796,0.017783396
136928,0.07507616
31312,0.8610146
30391,0.5415036
132124,0.012621164
36548,0.7720699
37423,0.76216763
35141,0.90646046
130586,0.12624185
136248,0.18974757
36969,0.9359604
37446,0.9442424
30200,0.95476824
33071,0.72371125
31512,0.63499033
133284,0.5619989
131701,0.050811417
33735,0.83719647
36690,0.8445843
34547,0.9453509
34486,0.5785823
32468,0.86174077
130724,0.72627085
132166,0.52840334
130840,0.24201941
136829,0.3208782
131611,0.038545165
132776,0.04621115
35047,0.7306736
137060,0.5065958
137482,0.02618
35969,0.9113179
32066,0.27647698
31223,0.52609736
31849,0.88600737
136451,0.9138899
34828,0.9289609
135409,0.20193155
36520,0.87425923
134126,0.013066794
35859,0.78894883
131436,0.025833294
37144,0.9334957
137357,0.06379715
30421,0.8654719
34813,0.37038666
131323,0.35753646
31698,0.86993724
132472,0.7497639
33349,0.88276064
133604,0.02281092
135661,0.008123261
136278,0.3314601
137473,0.60785764
137200,0.124803655
133595,0.29915887
32813,0.5357147
32528,0.923851
130012,0.11129027
130204,0.050689336
132243,0.07783355
35336,0.9573727
130234,0.024491785
131260,0.4747776
33652,0.7351586
134706,0.043819934
30388,0.7379736
137201,0.5705237
132220,0.07742949
136830,0.010868781
136628,0.30150363
34019,0.8867408
32212,0.6672186
33821,0.22636214
33577,0.041825972
135861,0.18956043
137258,0.017762452
131475,0.4053713
132627,0.7162723
134481,0.048034895
30832,0.85100085
31284,0.82495314
130680,0.17098475
30463,0.8424609
33663,0.62080365
134176,0.03232213
131957,0.16737224
134184,0.07792422
30222,0.7252669
131182,0.02441303
135249,0.011104186
31812,0.45888606
137121,0.07256298
133117,0.046733648
130895,0.108158134
35126,0.23301595
135199,0.6921425
131271,0.66738784
136931,0.062982395
37431,0.7060599
32953,0.8610488
31053,0.91636735
33920,0.59895086
136878,0.019760787
130709,0.24219154
36421,0.8301084
34582,0.7955615
31558,0.9175096
30685,0.46357834
134133,0.012799626
130523,0.26009205
134034,0.037447874
31899,0.9654201
34213,0.61298454
35860,0.8375721
32985,0.10128438
32421,0.25277647
131338,0.0436297
34731,0.8577913
130772,0.026450729
133996,0.22818872
33878,0.68869805
133362,0.11285934
134308,0.19058356
135799,0.16463752
30443,0.59949434
136132,0.48031008
137143,0.054413363
32433,0.56607115
31467,0.9457925
134569,0.09869515
136960,0.16234912
36869,0.79037124
37421,0.8727062
37028,0.28015086
33403,0.82013804
36145,0.41541532
133843,0.015782332
36973,0.44990113
37313,0.8887641
32006,0.93825674
132770,0.004487292
136193,0.007856201
30066,0.9138314
135225,0.038498558
32623,0.8818187
132249,0.06453807
34786,0.9484887
135214,0.5701581
136196,0.9509636
130319,0.31865248
31525,0.8660115
131751,0.023840178
34936,0.8914703
32355,0.9171136
134340,0.8744674
36614,0.69752395
135103,0.06028489
32864,0.85313815
32219,0.46783704
135521,0.06501701
34294,0.8665903
131332,0.22456881
30142,0.78363794
132453,0.09162501
133547,0.6749916
131732,0.06551609
133571,0.0065007303
135133,0.04049936
31843,0.9381203
31571,0.5849348
130340,0.60570884
131080,0.45740393
32271,0.86647856
35158,0.94375736
35912,0.2875637
35663,0.75683486
30481,0.61770034
32020,0.8630887
136160,0.10068887
31736,0.9000891
134996,0.069364436
35321,0.88312745
132528,0.00598491
32767,0.9527529
33903,0.9565424
34890,0.8663589
134225,0.0373937
30629,0.94990057
134547,0.047623664
132184,0.5130827
32967,0.69350827
132106,0.44817615
37039,0.9480124
34776,0.9134021
35940,0.82378286
33120,0.87379104
131196,0.33168888
32741,0.88561964
30616,0.7312154
133417,0.07136518
132227,0.45524874
35884,0.91789544
130733,0.07899677
31411,0.8859778
30689,0.8958825
32161,0.90353256
130267,0.38657036
30593,0.8196453
130803,0.2017479
133082,0.10071157
135649,0.19555187
132372,0.012452708
35915,0.7652461
34350,0.6466246
32408,0.66984385
135565,0.82535493
32614,0.8432551
35327,0.7238376
130498,0.015819363
36343,0.07446498
130454,0.63789845
130251,0.2752601
133718,0.77861744
30897,0.8374044
30951,0.60637
30432,0.8090683
36965,0.34162298
133398,0.015528834
134571,0.105964325
32561,0.8397119
34594,0.91080123
37177,0.5590515
132786,0.4695752
33826,0.23678282
33206,0.93302286
31189,0.95000136
31081,0.90026164
136528,0.15188722
32818,0.94677156
133342,0.19689444
34927,0.8072401
135552,0.72770804
137274,0.04988926
136925,0.04354177
35082,0.8184868
32883,0.8874574
131054,0.07126473
135648,0.25518662
31595,0.67036575
33945,0.16822147
136480,0.024134634
36742,0.89908653
132859,0.03942495
136103,0.31006023
34900,0.8895838
36846,0.90484995
32602,0.8460099
30810,0.7437446
34000,0.8599451
134433,0.8593893
32920,0.9459383
132177,0.024476642
30521,0.29450044
31377,0.58713746
134643,0.8761114
33238,0.7917194
31394,0.46422866
134671,0.34488356
137436,0.1789107
135118,0.041314766
34742,0.8916639
133854,0.1174167
36270,0.8621264
32743,0.88587224
133561,0.009004037
130331,0.61354506
131349,0.14268303
133055,0.082081884
130950,0.13716866
31938,0.9274457
133643,0.007300628
32524,0.5501942
35490,0.7938458
30264,0.8618655
34084,0.7218938
133011,0.0067236293
136397,0.06230493
132925,0.3375714
37065,0.8714513
31824,0.76107967
132448,0.009966523
33914,0.9663951
131813,0.03526199
31180,0.5637054
35375,0.78371656
37374,0.6288639
34717,0.89800924
31247,0.0823224
132429,0.43088913
131438,0.3048928
130286,0.01776806
35397,0.8361015
33978,0.95313835
37325,0.9036857
36597,0.96064997
133248,0.17854531
133989,0.08155493
131474,0.115304686
130871,0.91070396
33150,0.75211895
36451,0.53619504
135367,0.3316395
132703,0.072717145
137229,0.45548236
136523,0.012902988
133959,0.3253888
30351,0.22378296
35198,0.59878886
30234,0.5947566
31929,0.8495692
133381,0.5940176
32366,0.86580175
34208,0.96279794
37311,0.89177084
134982,0.58354723
32185,0.94509923
135052,0.010731117
131239,0.014410888
134437,0.018999942
133756,0.12198628
35280,0.93409973
33861,0.5466925
136963,0.010159976
33267,0.61104494
32307,0.8811607
33515,0.9444762
30128,0.9475848
34673,0.8926239
35758,0.7130313
30701,0.9527179
131387,0.10116157
31744,0.51496756
35901,0.86189634
35754,0.87572
131014,0.02528177
135422,0.009302755
130291,0.008816846
33648,0.8698553
34008,0.70478404
31373,0.8570209
134740,0.14041653
33056,0.92053974
31117,0.9068065
33172,0.5132842
30232,0.8971693
33271,0.7073772
136368,0.011985874
133285,0.055134702
36940,0.65091574
133135,0.34508002
30829,0.91281676
132345,0.06289599
35487,0.7515345
130077,0.14670065
135987,0.13429311
133624,0.5234521
134172,0.060482856
133343,0.9040284
132223,0.7151475
131986,0.008501345
35281,0.94625753
35485,0.63551366
136991,0.058693975
134514,0.31075525
132216,0.2650648
32285,0.90779483
32284,0.801468
30218,0.5630311
32814,0.86957175
130610,0.6958858
136754,0.30063605
131559,0.0045447177
131797,0.56963116
35477,0.9498538
133391,0.041660357
134907,0.03624544
134651,0.8073422
135181,0.5881179
135198,0.008854111
36808,0.288803
37457,0.81805646
135685,0.16973577
133164,0.063146
135131,0.022146981
130362,0.012147696
137065,0.21895337
135751,0.031078404
130735,0.036045097
130832,0.057116088
35641,0.9033996
35411,0.9129339
135446,0.008368111
31401,0.76214993
133620,0.18313149
136377,0.19155988
135265,0.14252168
34028,0.6869775
34248,0.6268101
33539,0.18091437
134999,0.055043295
131712,0.0135860415
136109,0.73619026
133072,0.049793262
131093,0.71924275
131489,0.004426379
132103,0.28076416
134186,0.0036724096
33755,0.88285655
130426,0.6999779
36998,0.53528255
135154,0.03706525
131997,0.3520122
34531,0.68484014
130860,0.13270172
132685,0.17217095
33895,0.7292869
33220,0.9122807
35613,0.8819653
31656,0.64765203
34219,0.28920758
37103,0.95905066
132902,0.045381512
130193,0.057514407
37137,0.8240794
34113,0.9202184
30477,0.827138
136126,0.12044864
36752,0.7475618
136958,0.009747236
37296,0.8740985
32394,0.047228266
31533,0.63333493
135910,0.56287074
31818,0.8744767
33934,0.56226504
32944,0.9275202
30017,0.8877657
133659,0.49106506
33760,0.89622825
36221,0.82662785
131604,0.66198087
33306,0.8284667
130911,0.020498313
32256,0.90873164
134127,0.27649546
36001,0.80519193
36438,0.9488065
135847,0.8921035
133293,0.013041924
131208,0.33542854
137141,0.025565516
136055,0.050864764
134619,0.118994124
34859,0.15838604
37328,0.8663155
133019,0.061821785
31594,0.40687543
30278,0.8102877
133087,0.011448752
133069,0.1675083
130647,0.030793888
135986,0.61540604
131340,0.31463593
131142,0.09279789
31992,0.6015527
130746,0.6586322
37489,0.864745
34397,0.15558329
131593,0.46987617
130225,0.0072233165
135937,0.016612493
36219,0.72310865
34268,0.91759014
132374,0.34169927
35747,0.9378682
136821,0.36401907
32995,0.9373134
135710,0.64946467
136722,0.5390196
35601,0.85712206
37447,0.8719925
35587,0.936497
32259,0.5003894
35266,0.67901784
131278,0.091847666
131240,0.39336538
130745,0.04562195
135518,0.55838513
37216,0.93957686
36616,0.91124314
135134,0.019289356
36087,0.9061479
35696,0.80956113
31259,0.65728515
135764,0.077213
134612,0.049405582
36155,0.8910722
31257,0.6848745
132501,0.083597094
36464,0.8963479
33420,0.5418023
134273,0.07876433
136675,0.6367868
134359,0.79561657
30538,0.24435075
32919,0.92026657
33489,0.38842636
133465,0.7093158
135074,0.060659733
32773,0.7737954
136694,0.072154425
37440,0.57848066
137018,0.5805576
137256,0.028874189
35498,0.45495975
133609,0.37242204
130625,0.8244708
30236,0.8437107
135211,0.40282467
35378,0.6025924
34234,0.42372528
137061,0.08186907
133512,0.027334748
32417,0.81764597
136317,0.08876634
133544,0.51368284
136882,0.16820453
131155,0.33958995
35356,0.8292859
132863,0.5378266
130561,0.07161833
36849,0.8547531
133064,0.4095476
135002,0.07353162
31176,0.85747033
33522,0.9262862
130328,0.39039984
37060,0.842681
36215,0.80384785
31049,0.8925727
137317,0.24181801
136725,0.6298726
135190,0.009759754
33995,0.90112853
36942,0.9568123
137315,0.26200706
137084,0.022816295
36223,0.93317264
33695,0.71758276
37324,0.9416956
134915,0.14812918
35567,0.8982106
136589,0.47569138
131694,0.13566178
137107,0.015225096
132558,0.4270494
137260,0.86316013
30584,0.8819398
31510,0.9342098
36603,0.9385112
35129,0.80235416
134071,0.2519585
37435,0.76065433
136120,0.4341418
30473,0.93844205
35173,0.21012652
37117,0.8958503
136642,0.2183383
131455,0.5989801
37243,0.89208364
37411,0.7420819
133616,0.13670738
32982,0.71852195
131744,0.051024187
31914,0.7265296
32539,0.9589736
33399,0.92822564
35877,0.61568
31072,0.96731335
130833,0.09948247
134512,0.011331289
36357,0.7699842
132365,0.08434397
135690,0.1482707
36976,0.8897375
31994,0.8843535
33497,0.8880022
32239,0.86828524
34132,0.9033596
32708,0.09339623
132054,0.063362494
31555,0.937713
37001,0.8345587
35968,0.8256099
33980,0.6446015
31859,0.7598409
130452,0.0057161013
32262,0.9539576
133194,0.08900723
134878,0.8613002
32183,0.8542621
32629,0.9649365
135586,0.21828875
130212,0.5174382
136284,0.06585224
136073,0.13557136
37108,0.37704328
37495,0.6535498
135925,0.49185792
130162,0.07039853
133431,0.018847452
30331,0.57998675
30260,0.1677697
135948,0.019950364
31576,0.10877859
36114,0.9482771
130613,0.025258068
33199,0.96434945
131792,0.23819266
135488,0.009374231
134054,0.004451838
133508,0.66510504
31240,0.8975088
132729,0.029616913
136135,0.44259644
31943,0.7131541
133891,0.41219002
35199,0.9195755
35544,0.6358668
136414,0.85193086
131203,0.09433575
135341,0.1306557
34367,0.5957025
130289,0.027893856
135424,0.25691733
33610,0.29839694
136779,0.37118435
131540,0.003843314
137351,0.82660866
34282,0.80349964
137242,0.055793934
35846,0.95848185
33608,0.7066244
37321,0.7495979
137397,0.12002782
30035,0.6008661
32925,0.8397614
133721,0.015361907
31862,0.64034235
134157,0.02146669
30437,0.95155096
131511,0.26581603
31709,0.9101701
133138,0.014924412
132748,0.57562953
31417,0.9068685
134226,0.21646626
136296,0.1308391
130258,0.57844704
30596,0.9309335
136069,0.20292455
137259,0.3051162
130188,0.008995876
33881,0.6205572
32909,0.9132706
131508,0.106318235
32906,0.8827182
33879,0.9011405
36817,0.745402
35379,0.3932462
137188,0.084860094
34192,0.8833225
30551,0.8016616
35326,0.7493557
131753,0.018978102
30006,0.74391145
131326,0.37343368
30705,0.8430486
137114,0.013553782
32609,0.7507261
131125,0.059564956
36312,0.8861313
132663,0.29762957
134236,0.094430126
132818,0.67424613
35643,0.96315366
33678,0.8685194
132890,0.13639367
132596,0.21288356
131909,0.24137765
134420,0.0107468115
31309,0.91056436
33970,0.9345997
135602,0.11590089
36994,0.9336938
31047,0.8903393
33828,0.94516206
33546,0.89524543
130540,0.09149047
35552,0.7244396
137461,0.862919
133553,0.46950415
37123,0.8773883
30576,0.8681217
137090,0.005599531
130556,0.48426715
32197,0.8797086
132037,0.010048511
32092,0.74343204
130312,0.03813001
137261,0.054052208
35888,0.9253281
36535,0.9366561
131576,0.51697075
136075,0.87663287
131676,0.22649185
37083,0.39214194
136056,0.015827784
36434,0.6902081
131052,0.5821959
134810,0.007330065
136223,0.01306568
34847,0.86421436
32119,0.6863137
132851,0.6514524
135605,0.2840335
135119,0.8629792
132294,0.18909152
131897,0.07511124
37407,0.8970153
130343,0.96811265
33118,0.9282884
136984,0.11797004
33177,0.7790188
33455,0.6793252
136911,0.4755397
134321,0.070696406
134031,0.8605592
136704,0.08324002
137113,0.56849146
135693,0.32378292
31926,0.93162006
36327,0.8607116
33143,0.90819556
136265,0.0057023074
130962,0.014975609
33724,0.8019384
132756,0.20276448
134266,0.46811533
131661,0.015846461
31530,0.8725337
134408,0.14641295
34521,0.9154369
132162,0.056260698
137227,0.057837747
133379,0.06446652
30662,0.88514036
134602,0.096343264
36622,0.9026294
136692,0.8063685
34273,0.7295381
33956,0.39530787
131292,0.01672839
132728,0.20490189
35918,0.8766231
136091,0.07838216
31409,0.9646324
133038,0.31652388
132844,0.01824871
137287,0.8751272
32787,0.91804594
131250,0.53432584
32495,0.6897759
31071,0.8935702
134439,0.75208676
135152,0.043990243
136012,0.015659371
36306,0.7064503
33013,0.6063299
134462,0.02818321
131275,0.057159312
30092,0.60797685
33260,0.6964194
131069,0.41502112
31697,0.8896825
136739,0.57839966
32847,0.91946024
32556,0.793357
130850,0.051204987
30994,0.88532627
35932,0.39196542
36687,0.8640202
34404,0.7471936
33922,0.6813109
134868,0.033268973
135923,0.47491425
33686,0.86763513
132672,0.8487459
31032,0.8508277
34427,0.030746553
36448,0.89422935
31580,0.8395091
134583,0.05698242
134131,0.2762353
33876,0.8729524
133468,0.8844189
36697,0.9336853
30977,0.66595143
30354,0.9216608
133365,0.21004243
32046,0.8325023
32882,0.85119486
132832,0.30568188
33606,0.87552243
134912,0.04278202
36397,0.4332677
132102,0.032170374
34750,0.9288375
131938,0.011605339
33457,0.8348517
131053,0.044326395
32681,0.71409696
134833,0.1989
131086,0.28448135
34682,0.8715165
30606,0.6392102
135578,0.5177766
30639,0.7376916
133672,0.83379215
131538,0.14180155
133118,0.025112834
33966,0.8695049
32905,0.872946
30648,0.90080464
136496,0.047715254
32595,0.56296706
35238,0.40922627
132108,0.09579465
32690,0.71209586
133483,0.9217568
30180,0.9387663
132095,0.053896982
136802,0.28405675
35934,0.36612403
35458,0.85280746
36298,0.90094763
32451,0.600993
133278,0.42015895
131690,0.0074519445
37120,0.7512845
31539,0.92254364
135421,0.14924109
33936,0.9460603
34876,0.74437547
136545,0.2821704
32448,0.78872126
30913,0.938967
135921,0.34437725
133440,0.5826804
130685,0.026314456
30814,0.86855495
135147,0.7933521
37283,0.84734607
35270,0.72352064
131955,0.092349604
137329,0.19593886
31946,0.7583673
133250,0.35924888
