id,is_member
32656,0.8607788472076852
137254,0.21894378446189977
134884,0.6017727277643334
33065,0.561610848083871
34304,0.8291728578752434
135396,0.18686978473736132
136721,0.6308252502184447
132335,0.04101954580503397
136398,0.034988819572743954
33421,0.5016300152879861
31249,0.760513790369708
133683,0.5533972883835071
130332,0.5224777873612753
32617,0.7924268584095577
134819,0.03035350061362792
136244,0.2559255750133332
131151,0.04473417712848818
35543,0.8502428743163077
32599,0.8994714886206766
30335,0.6185112546680733
35360,0.9097115359228811
132061,0.42976568694557893
133928,0.11283985783173009
131173,0.6152519986726254
133041,0.40610471093632566
134466,0.03115250840417044
31295,0.7526764576146843
33917,0.8386520579328324
136154,0.40376171257480237
36291,0.6661117949367917
31604,0.714654980173639
30039,0.6820518488048313
132068,0.08157850691971986
31396,0.8996694658622372
37018,0.7199090552044978
37454,0.8469477625205846
34755,0.6004698827659978
32401,0.5631069724544264
131967,0.014054387062397138
131420,0.2914313589592155
33458,0.9992341439563753
133404,0.14444379763521922
30938,0.8850574220468302
34434,0.7853876546229549
30370,0.40261473395455655
134846,0.1731575356290672
36744,0.5144813770711236
33694,0.8373426216912455
133896,0.20055406993297406
133409,0.01885059990547603
135258,0.1554300575267914
30312,0.5624929723426789
31267,0.31278604502321344
32145,0.7243679441440641
134533,0.18558085341559447
132367,0.7512746210105841
131736,0.3328905550731406
37045,0.5345769395881139
134933,0.20698474785795118
132334,0.20443045848930644
135048,0.08861653196650834
133437,0.26642270325541106
135135,0.2382440897512546
32981,0.9713272662334295
133779,0.5659070050628207
35166,0.3381063363104272
130358,0.2873494167855274
35939,0.9422677397153265
32458,0.6050133514575842
133867,0.20737950560111296
131277,0.12979553504281646
32603,0.6312286487743517
133534,0.37362502676594117
31921,0.9814468286022633
137129,0.1847162095210871
32207,0.9474743935228992
30851,0.43301833025615816
32277,0.09768357170885116
33730,0.455171901186399
32695,0.34130388383265675
131483,0.009806323415418608
32041,0.7128761847046341
34679,0.7985891979907749
133778,0.15031382530849807
136457,0.05813798909782115
130801,0.08667201357619365
134360,0.7874239939964822
31390,0.8513288106487247
34822,0.5242654964026787
33445,0.9735770350081122
31808,0.5523166209800441
130865,0.6164348638042926
33780,0.9592082993514074
130220,0.2826335929993423
136648,0.1612135681136765
130862,0.029459405655817537
34505,0.7023019142524176
134794,0.23195629883066607
35679,0.9302662467108388
31125,0.5033410152597364
34442,0.925533645835481
135840,0.07135841483668084
133264,0.39634130339307744
133228,0.4902898168629846
130805,0.22318224149440993
35775,0.4355090355033201
36310,0.45861943082698
36323,0.3715870497614947
135559,0.9953637181775477
36178,0.8775319661065963
131741,0.4627127509532983
37076,0.9998436664227797
132143,0.09672503357381398
36236,0.6892564809648644
130034,0.29438078467541295
134720,0.12380726532526116
133103,0.11535529854861844
131733,0.2056522083631618
34760,0.711296191737862
31484,0.6950734630388169
31140,0.5882092151038901
132741,0.17446306706253092
36771,0.7451164484012065
131636,0.9913674516625858
132305,0.22443870194155233
132714,0.02962606091528864
33523,0.6956410849063004
31511,0.8590406357301132
31388,0.40706724069308453
31515,0.7563880300281905
132157,0.5219921730312831
34312,0.5702322619106898
35101,0.716906865381558
33380,0.5243359192147871
36074,0.5085767730333799
131599,0.12387107845235855
132491,0.03616813530032169
33435,0.9951705306285396
31662,0.4549543470607116
35985,0.32833831107382666
130883,0.3064197322623188
36609,0.7406542529460828
37114,0.8731493025954201
36076,0.5033479627993671
37150,0.9736880342866777
134968,0.7933257018977088
132142,0.49886746910680957
137190,0.0679500421273046
32440,0.8536522969315297
35910,0.47529926164072783
136439,0.3573832633982206
130899,0.1451435906698924
132576,0.03812340232808424
31782,0.7346147939791638
132391,0.33046314416976075
32592,0.9014054356928544
132161,0.13149912090991722
32821,0.3743357279339781
33315,0.9346526849803319
32107,0.4496354965741292
30722,0.8259505470767824
133323,0.018539298137308095
134055,0.2127224810663338
30680,0.3025560807328202
132415,0.20238432794914865
36252,0.995105949918123
34455,0.7290301089415349
34923,0.5176935804082144
136119,0.10087760170492827
36008,0.7425483003857744
135563,0.3911910283795648
135368,0.07532495467296628
131855,0.5647074768767184
135606,0.3013193277115185
30674,0.6553154430809695
31880,0.6801011925228939
134493,0.49102073132314816
34932,0.3818808483660181
31175,0.7225743150518659
30605,0.7547330298474598
133520,0.41754007929708925
30267,0.8737742964810328
32104,0.7432524609035012
136365,0.04879520546112516
134180,0.4259946430992022
137365,0.024795565364572374
135407,0.7107496725705348
136205,0.21424000775105348
33642,0.552011615043806
33746,0.9164991920804539
33099,0.9177509007864607
34844,0.8185180111151682
30528,0.4014022046321626
130629,0.15951022605829793
133168,0.8101200896651282
32848,0.4432925957323881
131528,0.06044382312764353
136588,0.6906084501924035
34011,0.796269857412279
134560,0.45586967280864193
133964,0.23255462013966408
134888,0.7663605435600321
30654,0.643627537346882
132726,0.31649338563966994
33077,0.9589714681064786
30499,0.9998603515351491
134604,0.8109438942082468
35084,0.8021016323210485
135374,0.3877240002191957
30089,0.37715940928845426
131429,0.05844925031464809
31313,0.917098606491396
35409,0.6306394934082905
136646,0.5278515306326196
130241,0.28505752258591976
35760,0.6697287824064039
134335,0.11996634015758417
136107,0.28669236875937437
30001,0.36843518676056675
36166,0.7832380287414062
136623,0.18490380090814776
35494,0.7115173943447483
37157,0.6537223009743449
133870,0.29107947683359264
131424,0.4992817665439622
34142,0.8050268917243574
32734,0.5493372786190696
130073,0.46021499256067816
30646,0.6688481413393557
30387,0.5379795000781658
33252,0.8302307390892935
133861,0.22527435773822968
32742,0.8010502492633764
137484,0.524689701424587
33162,0.35657704489568626
132665,0.12074637406942018
33449,0.7421972547175422
131114,0.36469050722357793
36121,0.7014743031340557
31629,0.6077973033206725
32414,0.817649634591296
132426,0.18479162571672664
32281,0.6161018841871003
130996,0.3524005724391667
31079,0.7269505218185428
133538,0.25834780025094917
34139,0.7814498092910205
33833,0.8364179282070144
32739,0.5763348246328827
30211,0.5765776612523218
132473,0.05917597393146466
131439,0.06879370536144175
130708,0.05411724352686133
136735,0.06847186948529986
132418,0.04306874667427825
135415,0.6003770513051194
133115,0.026984054344775438
131094,0.3087016015109254
30918,0.48239687214154053
134058,0.49147676044185284
135256,0.028444179144007573
36046,0.36233553059480766
36293,0.8261785297712987
130410,0.9956804564984902
34348,0.5636712132203634
131344,0.13090414222199742
137463,0.0880895110511188
134568,0.9920494372937723
30384,0.8070625262939279
131507,0.44049202061058923
32179,0.9438719549841991
133051,0.6623763181545362
136287,0.36093384818505153
35597,0.7779867444358901
131952,0.04062315605885145
35104,0.9013457760895466
132344,0.512549174070371
131187,0.13597399416576483
32422,0.6580247259670366
35503,0.7217593477862266
36457,0.7123018418393656
34200,0.6109296815911311
31173,0.9031996829217528
32406,0.4094268887090681
133880,0.0853152988489507
30420,0.6614779527027019
35892,0.7119696250600164
137170,0.7566741930747009
133539,0.005386476120475144
132406,0.2410972944024541
136749,0.32100693430446137
136116,0.015587308096096916
30493,0.8758540644772167
34032,0.90223109685557
33283,0.5337934694925389
136000,0.8275095423660682
135682,0.31253326977305407
137013,0.04906853219756391
132397,0.33224786702205006
132408,0.048003196939649495
133663,0.4238031511835385
35916,0.19999540698133778
34974,0.4304348143720347
33578,0.9157561631815277
33277,0.898935820535609
137147,0.6704526414840811
32726,0.5549977626340051
33470,0.6007548197230674
31415,0.13785963739414162
136042,0.27106604283849844
130006,0.11352269792921274
133221,0.0989339744829883
131904,0.02342451465399501
32465,0.8844727291606348
36284,0.6423123836602226
134578,0.3150215111846904
130973,0.16618943077614468
136593,0.5477492802226573
133868,0.10247553544589323
136972,0.3436958904724265
130005,0.07188208099620717
34071,0.8138312497959954
34752,0.7015709707122737
132540,0.9262098562976899
134660,0.10956613898878105
36489,0.8508286839950062
32215,0.8973318671487889
36319,0.8140059418152685
132121,0.13982215738011694
136826,0.7371366982329326
32798,0.8072409701758534
135144,0.021550318956557308
130694,0.13878581381791927
31773,0.7843716066858947
132368,0.25941423116749623
132457,0.2512814195456349
135229,0.01908918075316855
30188,0.8610010472187449
35387,0.2745022366816693
134553,0.052994768233765775
131062,0.7185752313566338
36585,0.9699204327322162
36030,0.6584884026414619
32783,0.9276644061255104
131284,0.692820556620223
34575,0.7136042865518831
30882,0.7684342576779415
34613,0.3975869553897579
131248,0.5536810979867881
136157,0.080935206812083
32769,0.8652362000420851
130097,0.5340488437202187
31020,0.9060645727610152
133559,0.3385460994665243
30896,0.6672765730701824
133488,0.2913216588398585
133631,0.12378154941943939
34141,0.46551119918728734
34260,0.706839862726976
35560,0.3067628698905171
31622,0.9430016174059324
35035,0.3447450279003442
33852,0.42377955029741693
135491,0.12913211356571627
30820,0.8529373991809429
32493,0.7813201168295463
32351,0.9297356609168004
32745,0.8446166671753768
36623,0.7470398053842277
36073,0.5037733030240181
135393,0.05294703123221878
37277,0.7556782648163812
136748,0.452333187891387
136824,0.1738887856117473
131296,0.0624078053412515
131664,0.061921589230539156
36241,0.353815252820551
32411,0.685909809068546
30853,0.5864350893433047
36141,0.8675682303466219
131902,0.314250059039701
130965,0.20740342960734226
36117,0.9084122576176521
34827,0.7850109259224306
32487,0.958429321498854
130007,0.5259188106380749
32685,0.5870635834759363
133023,0.09290971550283551
32650,0.9859364134918079
31065,0.5753795349042574
135785,0.30249808390843175
134852,0.4448865919060525
30187,0.5037004749606991
34430,0.7916405011715844
134177,0.5263876908682477
35614,0.09725934127438195
32261,0.7532243060012325
32740,0.8803963909311043
36281,0.3685790463724921
133727,0.1399417176939702
36423,0.8003238269406772
30106,0.8944342119442249
31389,0.6622316604039896
37451,0.03562263656188426
32560,0.9995983215441178
33705,0.7262729514653857
34982,0.6139993395819585
34461,0.7240121093587868
132221,0.3523172390316821
30422,0.6690474068251271
135795,0.7165159206075253
130317,0.10321842425452508
135294,0.14579521389018418
137204,0.9993991180128485
36240,0.7441189239843206
132313,0.6483379169496832
34785,0.35001439596660466
137036,0.36656934762680166
36429,0.3796677002298019
30223,0.6962053030908723
37179,0.7793253897639336
35058,0.7140755003317364
32071,0.8209860472702073
35230,0.7798319353908475
31504,0.5106604075781499
131821,0.23950024307877552
30777,0.9518655041979989
132861,0.38422897028044267
33659,0.5552042749818021
137059,0.28018487952334703
135926,0.3484112030349238
134802,0.23113266046394743
131713,0.10043518078027903
130303,0.3013553298902255
36729,0.8576839498217514
133938,0.19094776924652848
34490,0.9748505702537436
37259,0.9510043391174963
135569,0.01904637761103547
32381,0.745562964599559
34671,0.6065480645342081
132400,0.15207442116027936
137104,0.04942124183115157
130907,0.5897304986601245
130022,0.17572492429880335
35795,0.9316174183143228
132546,0.1039354180451808
35839,0.8759103349248389
35022,0.3852562187917426
137272,0.11091422444821179
131937,0.49509926010793626
33859,0.9067524307565324
33788,0.7460837976078987
136459,0.7019845953844299
131509,0.2093992885826612
131860,0.11422077982756344
131307,0.3259184764249808
136339,0.10958082882994848
135054,0.11014998556417065
130021,0.17128843335403832
137043,0.18033822438244784
30326,0.9120874932084345
34564,0.5884129080031101
136812,0.03874654468099523
133185,0.5111426120337419
134175,0.314883075376491
31034,0.777663127230382
36037,0.9325763131695328
31715,0.575417917650289
131166,0.6103216033718828
131140,0.12456489714797216
133052,0.27709988497253424
132291,0.4009476674868595
37197,0.6812017029715011
36021,0.7012025137276648
131682,0.07290827100622206
31112,0.47038399885391685
37275,0.24656057734290482
34726,0.8803545693325022
131551,0.7039926570936973
30332,0.6672382287819678
134328,0.7332464535943537
35245,0.8786787610171901
136211,0.8168391112380965
135724,0.49013781080821517
31383,0.7104861109100581
131756,0.5598620839846593
133196,0.4565417652725147
132798,0.6540134217372413
132542,0.6810774612737887
33931,0.6743131281936291
34370,0.30926634067114817
35015,0.19741027324081584
136401,0.38515387602911383
136814,0.08092068323390307
37443,0.9137325105019841
35752,0.7079172356519959
36099,0.9733950761023583
130721,0.16987845587869058
136240,0.07975071002529588
132315,0.1974378385365923
36066,0.4165323119488743
131178,0.52481709178168
35857,0.837553927985518
36859,0.8038663703076789
134659,0.1361339590093247
132783,0.27403339966643453
36620,0.8353459864448407
130330,0.9402395287229497
130483,0.9916979369379665
35272,0.8403037753234683
132684,0.589074924475199
134681,0.2161534381285568
35204,0.25535814808033314
32246,0.7969014608617409
133187,0.04963716154855522
33691,0.7378432589522587
132263,0.7366692433367035
132946,0.3951079433353421
34110,0.9515469728754187
37176,0.22204119426467311
32000,0.8576435380596931
34593,0.6732022304574719
131943,0.05585592120429545
34881,0.6634158291245589
131169,0.4242577596753611
31711,0.9338935862362421
36459,0.7035965226927726
130344,0.24033071237019307
135418,0.9217193809659627
133131,0.25138151914170986
132724,0.8998811586270322
135161,0.010146518414220818
135466,0.574323384189765
30560,0.6883178680465333
30945,0.9027339477654559
131346,0.010919832101868265
30792,0.7797073211789816
134935,0.24756170323220109
37010,0.9463612113612833
133302,0.7281080329390076
130491,0.06570565347329038
36441,0.997500858055474
34680,0.8515166297608073
36826,0.8642873372757799
31106,0.7012935443471051
134234,0.9990430342791539
134463,0.20377232341407667
30762,0.5910198365233512
135792,0.9459876876002756
37099,0.8254621817918169
36230,0.631211338015364
131157,0.10037613742893624
30660,0.6196023605784343
30907,0.7188793742215868
33041,0.5090440285416021
134406,0.24814179921628826
137207,0.1568334445866486
134209,0.1574636772665468
37351,0.7977337036588396
136032,0.08861487772211331
133033,0.005030922525628537
133371,0.5471417886991712
133140,0.06018557344008528
133687,0.4712002808386407
134469,0.049927673910753055
132579,0.5664565972361223
36432,0.9436477066214689
31704,0.9288948442647927
130174,0.009072346530701018
30095,0.6021308319663556
30960,0.6393336613254067
33024,0.898412210132209
34086,0.816409962350145
137472,0.07253430524532646
34177,0.762514086552629
131726,0.8267124999796007
130311,0.26646190519776625
133998,0.6776501056019687
30436,0.7622029902733952
131063,0.8533256026446402
36263,0.8277941972469469
136590,0.3188989969120162
31924,0.7934587552403007
30803,0.6824934357097712
137246,0.02716352153344848
37397,0.555544098442095
35973,0.7070808581418006
133985,0.09937364721328272
32400,0.5075247249397608
37245,0.9009675540853969
33926,0.6051776757257066
32079,0.7461115931235955
36550,0.8912704939396944
35304,0.996258550476053
130739,0.05623268304050558
135794,0.15935481339850707
35984,0.5409664198256381
133137,0.1332980640318732
31254,0.8564609807906002
137310,0.33795446589827216
31720,0.4481758387592189
31668,0.7110758042290334
130243,0.32071980940979855
135902,0.2900196027058869
33734,0.1361040069418973
33163,0.918619336246609
134280,0.33490629258261734
131265,0.3564134921873489
132754,0.7044333504530781
31046,0.985360025820626
131359,0.2975125318735972
133243,0.9075751454845881
34358,0.6865038870655483
37139,0.7338734288954057
131960,0.012465207597157813
33158,0.8480949657416753
133016,0.3692512655839566
134255,0.4940344770164671
34617,0.7000160021187003
36567,0.907529988963444
31425,0.06922017067825811
31684,0.26584441302337064
132385,0.14247356653721635
34207,0.5288941181516583
135570,0.23345913492633658
37464,0.9743654469941583
132069,0.006876675298582661
30423,0.9670290649971611
135542,0.007540715713473425
131465,0.33929342476532204
135120,0.3467850991187255
131318,0.415787712624555
133535,0.33314245530778736
35800,0.6785956195346341
132878,0.5491093788121459
34524,0.818603739240303
37425,0.9371745542179464
135345,0.1751195736288554
30577,0.9305591467710348
137492,0.027161268502678044
134365,0.44706325747984293
35690,0.8703427321646012
130094,0.6858838486594154
33794,0.7178067797898202
34333,0.7923914708689729
130482,0.3036925653636944
37362,0.8638708963761977
34652,0.5790957272835169
130395,0.09878346549644461
35828,0.5364498788045616
130958,0.0013886533619402934
133993,0.01092871072708633
133700,0.06934494774778521
30703,0.5922163072718993
134378,0.04828444552885035
130897,0.10761101535693998
33825,0.8502882514924771
36512,0.5050442944538007
133894,0.4248012872507619
32265,0.6957414990178086
136504,0.36701934764315136
31944,0.6866201770383817
132014,0.981541460598433
35041,0.9975706209447309
134151,0.22589773914383451
130351,0.0666728023836164
31211,0.7764579467204619
37061,0.7094761376203071
136615,0.10020868624535445
34978,0.8310228956612238
34691,0.7482684707690963
133686,0.7579892054619674
135679,0.5066301986994783
135136,0.36725696469523006
34026,0.9917472820645342
31342,0.9693542566501747
134079,0.5667522730430151
133295,0.44475822451376645
135408,0.7754672239746141
130019,0.17751675762604688
30618,0.6563949313675372
32772,0.6650658140198804
131941,0.12866339144459343
135533,0.04682477734723556
137051,0.12422970937738795
30894,0.9508340431623044
133058,0.024610149967962524
136138,0.43810340174672335
135018,0.20982541735913798
34527,0.9399130827379039
132825,0.01982871331590043
134429,0.6849397963111866
35191,0.6502246316436904
36707,0.87365979344761
35962,0.7702040321767185
34091,0.35095237131751245
36062,0.9711590728055118
34475,0.5610111219610009
36863,0.9753334485084476
34943,0.5146915840376628
132784,0.03414736315687529
32425,0.5473475799870826
35592,0.24706423369599537
34386,0.32100640064789354
132796,0.6032717602257727
34058,0.9089545707511637
132246,0.1505327268968675
136493,0.3048611684979444
137303,0.24387793177631414
31971,0.9305747387529926
35203,0.473331324076013
132598,0.5873239666170804
135994,0.46048388355984565
31137,0.8826145478329053
34498,0.4193421975465053
35057,0.8705443712218275
31962,0.18634381419602758
130595,0.084603253656279
34482,0.8969229490252091
134634,0.18888349666811902
134530,0.28245783188588175
31778,0.7831835570883846
31336,0.5589813018551604
31184,0.8817518233619964
34919,0.8703135600442239
130838,0.003105938764363558
132864,0.18134975116684054
137086,0.3054497882552476
35570,0.43785854867649915
134845,0.06303526934190266
35873,0.891856694701308
132393,0.7616880137266528
131320,0.24171624727837435
35787,0.7059624405366747
133301,0.03432760487739285
133744,0.15833838530206534
130908,0.2645847454384283
133071,0.17542147589148954
36203,0.8627938983912122
131159,0.017197850158414452
136221,0.17552926559973134
131386,0.03263540640775936
135828,0.9984105226273075
34336,0.6469718433711747
134159,0.35234483263675315
37138,0.9589990969068488
33535,0.9183594240168906
30595,0.8264827684672278
131963,0.05482395668002461
35140,0.9185526101846786
130279,0.022318074747868597
32860,0.39981106300431735
32636,0.7096660193401647
133212,0.20128283594868898
35547,0.5764568257132341
37355,0.4103301959089097
36015,0.617670653310196
132614,0.3092785369617417
37253,0.8952822753473517
33299,0.8203937210187138
132950,0.25657924330817583
32806,0.8848219313923048
34117,0.5745465906411563
133772,0.47093940991888705
35482,0.7161092293264352
136097,0.2289827267655972
132681,0.07211163725814132
133608,0.22758489627194683
130144,0.020997099338998505
136229,0.04789656634918004
35577,0.995263316154903
130910,0.5530235256585374
134068,0.18486367059725411
37204,0.7861495650040172
131834,0.7663085217770875
36139,0.9995979096010453
37357,0.46668692516045696
30151,0.8282721243019565
33708,0.9776313613958043
132144,0.01212638478198463
31861,0.6926253863611294
31303,0.5374307981762726
132383,0.10955123084611913
135551,0.4991095023541644
131667,0.49196603426482893
132947,0.5864882385992501
35186,0.701551879249302
134613,0.2705146399079566
137199,0.18863915105165155
37067,0.5211403754991251
34596,0.8843585008772942
34667,0.5130742319129421
131648,0.23806298327030284
33188,0.8224106088389885
36748,0.9018480232906775
32964,0.7962861549806176
33728,0.30837692486712237
133156,0.5428779734418879
132807,0.05161847951420138
130038,0.20919433179480712
131725,0.008257773755910271
32594,0.6825863156617659
130052,0.3458877479885154
33748,0.832041874354233
133673,0.31313145862436087
130854,0.24106557869905626
135662,0.1719435864653446
34301,0.8524103137564513
30048,0.8275685586100568
36025,0.40890112626747377
32067,0.8867019200247337
134322,0.22870689258038246
33415,0.815362436361986
32625,0.8697711643160578
131384,0.2820782321565054
134026,0.46512322557605706
133427,0.16252231353613253
31729,0.35555073036374085
32158,0.05709746872575523
130027,0.11755778487151117
134302,0.13695666607518872
135947,0.13505549877120546
132299,0.18695554718449914
30874,0.7822339329772064
136933,0.04810356004034916
137316,0.6904382961720475
37271,0.6633372538516137
32647,0.20986262982491743
34971,0.9578280363349541
133738,0.3919288725301702
31644,0.7768909936838743
36091,0.6865501694031688
32672,0.23316096199441497
31983,0.9526625358419578
133586,0.12582871445524144
137411,0.1859881428064842
34006,0.8048864318842294
31026,0.7739137479920455
30250,0.6716890886335134
31310,0.9677207935654307
131998,0.9978936038880685
135747,0.769514296324445
133521,0.4379041860642843
132005,0.10316971300199328
137276,0.9947365078325493
137358,0.46535759644182784
35491,0.854237366384946
34539,0.3991169807447441
136034,0.052097382183409015
131553,0.5448262085909303
33688,0.653957622049675
135508,0.3323532727323042
34464,0.6679210846938286
132236,0.5927582322635633
33300,0.6438999580514372
31813,0.8176411631299386
132141,0.4367372392041673
35316,0.769790668464764
136701,0.08992500999078015
30339,0.4818653712243732
132646,0.2279290790909259
31599,0.8164858322766766
131810,0.0029959332156648355
134816,0.3324915174787176
32983,0.8929376359725343
32088,0.9603027040267087
33442,0.8475075913465323
135234,0.3160123001260175
134957,0.0936638929218647
31661,0.3553475236514409
30208,0.8980466206840739
34611,0.9504568995855389
132848,0.29664808502466145
37079,0.8293723670524832
131746,0.010583827733238382
30482,0.6513785161046007
133152,0.39167708470849993
133329,0.13737314590767197
134250,0.05022133800684361
30505,0.7088688797443202
35190,0.24187027772901962
35138,0.7825524771167326
36575,0.873066425432393
34909,0.7503791058693264
31829,0.9967341528325582
30877,0.9972062365216816
34955,0.461115886633173
33698,0.7715610930631254
31514,0.8606224550423272
136541,0.023618527928494275
33109,0.916506249416699
131969,0.13772267132611443
32471,0.4061968505165589
132939,0.1277230360632079
135919,0.03183936342616777
136144,0.20658267933276311
131353,0.10944608788004323
134981,0.05308621132344918
33320,0.4547297608038946
35923,0.7972767332163944
132923,0.2210830018635796
31441,0.806314119729983
134496,0.38443767191920236
134428,0.9628258633224414
33576,0.29815070933080295
132811,0.8733262271712227
137032,0.0629378013930882
32889,0.5595075306047987
131028,0.5406450205192066
30506,0.7324792853899151
33361,0.9729061597757648
35343,0.9952169568944019
33070,0.8110711540604526
32005,0.2808247261587236
131817,0.003963413337032006
35922,0.8436427701412798
36334,0.9160542019893888
37265,0.8940190227238406
133650,0.2416594921486555
31538,0.5822040047411807
30785,0.8503368006659724
30470,0.9087779385893956
137371,0.4204804704624769
35785,0.1792135517389437
132920,0.1407818616732599
134599,0.29859273395877267
134538,0.07562667560415709
131084,0.47649568327530245
130628,0.33387835808897404
32825,0.6934573388533537
133590,0.991848314298227
134084,0.42335382239443026
132719,0.0637574255665697
135032,0.4387977503952704
130054,0.0928027807439833
135506,0.5658611179512473
137280,0.6321353998013022
134231,0.27259682347799635
136373,0.021659534275767667
31365,0.6739487024969298
136099,0.4180575017364448
31086,0.8722363440672244
131039,0.3676775476031749
133579,0.3333614454066044
37030,0.9954119560018491
35206,0.5904310124911731
131121,0.310274974940192
35422,0.6885362200975531
37228,0.8643741546523839
135025,0.9993478681286367
136402,0.10613344529398329
131421,0.2711689304213524
137120,0.5080480296607132
134564,0.5444553586544089
35825,0.312653372490984
136367,0.23678085007961341
33169,0.6996121457052393
33161,0.8322174678909164
132571,0.8311662887034661
34850,0.2855595192250736
31369,0.7303061377178054
134312,0.21744883092624673
32691,0.6207508063557634
134942,0.40589669643031107
130702,0.15652130400602565
135985,0.020573532447313754
135573,0.2509019202252684
137197,0.1541241586233988
36610,0.8833482162748906
135170,0.18802143048941247
134768,0.4676650377364865
32954,0.9178425411748747
36666,0.900101233199891
133505,0.5082481700235256
34641,0.8843676145055648
130831,0.02091723853298268
134661,0.0304231169272547
137156,0.30112772198582616
33671,0.7761130534300519
35545,0.9030424466770786
33480,0.48041179980250487
132834,0.031251635972141235
36067,0.7368148271939426
36633,0.34353646153924905
33704,0.25645074939641493
132488,0.19366221936825878
133223,0.14076755371900257
135874,0.84511319044242
136503,0.27569297575011475
130246,0.5377177851853745
133445,0.23701223520673215
34754,0.7241719843081292
36018,0.529553013721052
132078,0.03730956207900946
132975,0.6811980469836053
31548,0.7203108937569569
133385,0.24026076046015116
133144,0.32705527340860724
136005,0.03236089519159479
36329,0.9309529109423579
134675,0.12284266570394835
136418,0.6956943939328171
134001,0.47615618548295985
31000,0.9390894584331805
33540,0.813526587541974
131772,0.13546924313868833
132904,0.597784261244476
36710,0.864574355989623
132941,0.3904941827804751
135779,0.04265333768758326
136348,0.11086503555648539
135235,0.18382283402536637
132035,0.6285194028573783
135148,0.3729824530355565
30641,0.09893191042164406
134947,0.23017997771756338
132007,0.04536426500096269
137182,0.9946936897588183
35505,0.7161156645003336
30948,0.9269537139994433
31506,0.9636717134317438
136586,0.4541566231666081
133766,0.11376994359537951
130134,0.09730858749068295
137428,0.5194110422007427
30567,0.7399989928224125
133602,0.29894548857595427
35817,0.9999867009829421
133355,0.3496173187561431
31837,0.8954143057116413
135472,0.0393706462442898
31166,0.331362988039182
133260,0.3461136733201739
33276,0.7611040087798475
31601,0.4390243083151808
32775,0.8142053823224423
34777,0.6308997479227807
135469,0.3010180822077909
132330,0.4928309046975003
132476,0.1451073887919968
136335,0.3781845042547889
131978,0.141141265459411
34689,0.8211384545130997
137206,0.12113987201269827
135223,0.7750475019594948
130433,0.04438524745621793
32692,0.8262729444379001
132219,0.5989500925516213
134577,0.14844321948292458
133166,0.07789631652160667
34116,0.7178432706544451
135182,0.05402778732685073
133046,0.49824153790120634
132483,0.08361453966592822
132401,0.15508578473782858
37163,0.964347475371021
136643,0.020567624286856736
33216,0.9222894004328582
132524,0.4805362560305844
34355,0.8361589076795773
35670,0.8784749508892459
134791,0.015399604182986472
131917,0.2215270424130977
36063,0.7591899795217417
132003,0.12258572136211048
135246,0.4240531082821341
36239,0.7511019528271294
33770,0.7803469687809975
132266,0.511199374759656
133026,0.05839319298680016
36749,0.4636478576254648
34375,0.8492213241243746
35226,0.7398794001684539
32334,0.9580315715234075
131830,0.04776398612959087
36122,0.7181936180722331
130032,0.2893330474461161
130663,0.09084694059773685
132884,0.6087807005511713
33714,0.9702330031334312
35724,0.49098707640384626
136838,0.046580361141640735
130412,0.0271951292936045
134436,0.0837729520790371
137409,0.6169442171223029
32338,0.6502469813117369
133729,0.2023809554365234
131040,0.11336148189279896
134618,0.6116761308632572
35044,0.8797141762703683
130727,0.32824009753625233
135656,0.1817525032653491
131544,0.18754351488903684
33490,0.8999462858073511
130068,0.7007631990475472
33778,0.5879617586019932
36160,0.8402640331727333
35572,0.8653473159648667
132727,0.28890286787256947
133496,0.21588232977859012
36916,0.753102439835639
134447,0.6160096574946661
131812,0.5793092782239171
31585,0.8552563536911783
133238,0.1489242491601401
31954,0.8136440230441576
135647,0.3898530412638096
36165,0.8273568942016033
134500,0.2997728804256932
133234,0.9999774892825473
136662,0.006522302034908968
33050,0.5493870948880635
35983,0.9701943624443846
32177,0.9515301209292958
36162,0.9007517327134803
135692,0.05823430797866501
132129,0.3395935560431072
34501,0.30169259753075633
131464,0.004983060094296299
135922,0.05667932545333146
131220,0.5545167379430754
31164,0.7886955642542494
135108,0.2828404707993619
133607,0.18490642608749538
135110,0.2775182593634334
131230,0.47133994956836195
134331,0.6788532679032386
30912,0.3449508720159243
133282,0.21966622227654012
34657,0.5680609986777628
36024,0.8051327008796896
131845,0.22905595389327874
132086,0.3517445941145127
33869,0.8061562774254089
131392,0.04529299406638894
30998,0.4547925845607556
130873,0.0005396055135298879
35450,0.7369972581897587
137169,0.734263143203099
135494,0.04795839587131521
31681,0.8169504877969767
33579,0.8587381366114919
132478,0.36830645179848753
33806,0.8644411588068334
135286,0.2807404075695942
37439,0.8895012328295764
33270,0.29363246203129945
136168,0.0591419122852374
32369,0.6739280119089437
30706,0.9464281619576053
32820,0.43366138913052654
134972,0.514140019676763
30206,0.44743336272393963
133862,0.06365619502101039
130845,0.08004469266616537
134203,0.6907349222357299
36990,0.3358839776768994
34283,0.21613913007445232
134396,0.33496325324718823
32049,0.6855279200980677
133824,0.6003235858746803
134327,0.15986932124594108
32059,0.8076624295294285
36599,0.39639656935954964
133025,0.3718316636397331
33097,0.9790479026759655
31640,0.3033369912842829
132321,0.6875091660577939
37488,0.722148787168042
34558,0.9018350815537526
32512,0.8894854407197125
36355,0.47899429583027736
35259,0.6062085197668439
131624,0.01066853377138632
31480,0.8248895663720365
37005,0.5035382281272794
31261,0.5084550624565329
31023,0.6087756022145755
135538,0.994055300123139
34289,0.8170741979418549
36830,0.6856555654053375
134956,0.02851365459565674
136051,0.06468340568256367
35235,0.7339685662317977
30985,0.8336532609745589
30249,0.6028921170139755
134521,0.7807000647539931
33234,0.5423089508576705
34843,0.36943912388194167
33823,0.5071320094994737
133770,0.5223283776556851
30109,0.9774502706025419
131798,0.008961754790528454
132999,0.39594561031644726
132617,0.36224721224109663
131699,0.06264323952290303
130252,0.6442546584071672
36790,0.40192640927862766
133995,0.20514125419508633
134814,0.10311645130467574
135016,0.18834749528048436
135726,0.11842701708406053
33482,0.7512345023078975
131189,0.07864133193844189
134540,0.38056143001683757
35152,0.9107368112930633
134940,0.041160151271901826
133235,0.011957440101925813
33132,0.6416904335122833
36225,0.7453888955995429
30359,0.264186654995175
34623,0.8255419239989716
34225,0.9479580726203071
137105,0.3599243266865286
134239,0.323763304059215
131398,0.13271722369766445
131787,0.1302386457236806
33622,0.9273670510348059
135164,0.3897595675968625
33256,0.8953401707210533
132309,0.1819510279741654
33561,0.6353461566072457
130485,0.637490160260218
33002,0.5526337636857119
33310,0.8809225963930213
135158,0.6250161810928434
34588,0.915400181624377
130866,0.3899367416719246
135707,0.566643833596934
130927,0.26806644989321154
135895,0.022140106246518337
130464,0.02306549766960095
135327,0.2946554966943148
33627,0.40317317173051626
30147,0.8631632077769472
132662,0.07572630233626168
135856,0.24051952944455535
136880,0.1896643272906244
34098,0.5029814283714
33782,0.8531757017095843
130336,0.005001062527025104
32344,0.9019196332742132
133567,0.26349936519250783
36518,0.9566163688710343
32712,0.6684545698567275
35144,0.8101652669462189
136225,0.00909723781577452
36205,0.7850423371081406
134262,0.013919974842675846
134431,0.5306682017938861
36955,0.9996027647239749
136899,0.7365883638679476
35156,0.8035791681023967
37193,0.2403201142590592
133725,0.44044311959920107
134767,0.4390738597298964
132251,0.8096146126460144
136600,0.014073118503163215
135155,0.07717649439900039
135610,0.2417239454038253
134548,0.07494029618534116
31113,0.9051414774912435
32897,0.9150203379617605
130265,0.22896293649619776
31916,0.35460487551927306
134944,0.014787276860009467
135232,0.5385932897607074
130435,0.31922798599343244
135936,0.28550524432744245
136273,0.48541960344600266
130402,0.08506176077893815
130118,0.07529325813760937
134315,0.06654908842125357
33183,0.5844916860886725
32849,0.9048523926433814
130934,0.16038762988515842
33590,0.7961137169880979
35763,0.8808165987306188
35427,0.8185044021860505
132715,0.13206636068455446
130186,0.07435559629714546
35285,0.33042463935478344
30687,0.8526374008884436
31408,0.22036582561228457
135215,0.11654408092802267
37290,0.945151912280833
133036,0.9982309379290252
37378,0.8156553122266077
34664,0.8211599189422905
130857,0.1229534127636007
30323,0.7903775375084191
31716,0.8907126121885831
131942,0.10900960122087755
133179,0.6035270238743737
130431,0.13548966866740644
134098,0.3436926596673336
134588,0.274695380251282
30284,0.7280903971031473
32027,0.9173947522000299
30891,0.7056580434763651
132164,0.42740459244139223
133313,0.03544570546563937
32811,0.7550697742088616
34228,0.9163760057790065
33386,0.9986356303440155
34284,0.46264825024492506
131269,0.5527562592372212
32736,0.9079740881589724
131164,0.6422938354528842
36736,0.7530179883906822
133424,0.5154196397127521
136330,0.6446377610219504
36814,0.28336019864202777
31378,0.8447302015708879
30441,0.7884794529659213
134687,0.2270971911280835
31498,0.4810222524268935
34362,0.8930355791138906
34934,0.41550731452667944
30199,0.8377036848875615
130309,0.37115440536364264
30886,0.3900934465559908
32513,0.6225958152193013
32892,0.5932484905077188
32719,0.9731398881349687
133287,0.22686135084103848
130695,0.4062733042727259
136374,0.22441776079942344
37468,0.8004465420501217
34662,0.7460377514852758
33230,0.5940498192702617
33115,0.671152356414215
131484,0.3657689695484185
33731,0.9145424829460647
30270,0.9195021767572508
131780,0.23254058115475368
31316,0.7802759573036168
32729,0.6685650532509902
135012,0.19271517239714017
34446,0.9916154738770099
36245,0.9295203088254005
36386,0.713747577012445
132563,0.14828998487444256
136309,0.4432037057842929
35094,0.6324740383443789
30408,0.8251205800465973
131886,0.7601919421906177
31251,0.8490414078193085
37074,0.6406428330588401
31769,0.17203366745796786
37017,0.6712767576500857
133670,0.05731744432394425
30333,0.940638341796754
35768,0.2703214741150748
131043,0.0018720720834747204
35788,0.8180363527124818
35193,0.4966293070172465
34789,0.82807103916991
132867,0.2621592550756652
137075,0.28663938964133
133899,0.1966355976457225
32137,0.5029066764971156
33079,0.8128427378640085
132910,0.4714132640034867
136851,0.05329934974469259
133018,0.060975763341599085
31174,0.7929752599578531
32998,0.8341979381703374
132889,0.2497848037261338
35180,0.9124671698120944
134964,0.6858276264528963
35384,0.9162230935626169
134934,0.06335973428187888
134505,0.33127126821626374
30879,0.46948953967359414
30772,0.7134404942948342
34959,0.8692878324607994
31429,0.843855653404982
132897,0.2744466525830211
136768,0.3323278594801312
34220,0.5826656161465772
131826,0.3052627024651157
35395,0.6921726126531274
32294,0.875473597641698
130418,0.02686186155867513
35743,0.5088162519496702
133794,0.03655796383376934
135765,0.9976668327594986
33875,0.526828962836386
31615,0.596244621954914
136199,0.6053651733792993
32960,0.8174909257352232
35403,0.44223279341646327
33528,0.770121929461336
133382,0.015199089796310383
33432,0.8319848571176579
135314,0.057842872189697886
33839,0.8929984772917665
31758,0.8209485428138704
30085,0.5848881168031949
131930,0.37670501243644294
136216,0.3791595215767528
134624,0.5387822707096845
131113,0.48398318841451043
136731,0.019549168303859193
36619,0.5089110400185672
137483,0.14255711935895737
133414,0.6119227225406969
135929,0.1738309773551792
131840,0.3020942046758871
132866,0.20218577221174336
30196,0.6269487534828938
30497,0.6581840194776529
132158,0.7523373202674797
31030,0.5970764245292285
134620,0.08678575106418392
32506,0.8557388039871208
137111,0.23490481203516345
130869,0.023653265397561844
36454,0.8423026932414857
36495,0.42479612344941203
32502,0.580164079519171
30649,0.8433275104359594
34704,0.999980964399688
31521,0.3352788512670859
32612,0.52847609358642
134237,0.004362566768948584
33366,0.8965826448301023
132928,0.27192664434932423
130500,0.6371001576221638
33683,0.8916615013865895
132667,0.16080294342777138
134590,0.10911798318931733
33551,0.8969630867178288
132077,0.08962542845450563
31915,0.6709431915382964
33062,0.8725102773200303
32087,0.3324481195471064
135875,0.6545472706246721
136087,0.4064219378122867
33510,0.8069355561044538
131257,0.194529528897399
34272,0.8221817087412332
135428,0.01580634371321954
30474,0.6756990291222426
37286,0.42251194480545995
137494,0.27113602854896596
32525,0.5342290404243396
36578,0.8872715140037445
30999,0.8997792617240066
35359,0.653726401909517
130217,0.31260838320938844
30446,0.8167174380628393
135677,0.20536919998910882
136527,0.06541470069554996
34261,0.8433155018209167
35329,0.9536886267927639
36487,0.5334432736911671
135260,0.16447389839994392
135403,0.36744048093754134
34325,0.8251418765641034
133601,0.030696380710217554
32441,0.6916646142918454
32671,0.9278367210542752
33137,0.4680729160198189
133335,0.8727834347938491
36851,0.4453424688054715
131697,0.13312418834045892
36695,0.6975624700224321
130940,0.20921308545095585
31761,0.7524442571077491
136679,0.23830913157533834
130301,0.0512623509566124
31157,0.6445246837812487
35455,0.5502223998308127
131920,0.09466224285539376
30454,0.6654520399724844
134796,0.4882829486391915
131603,0.3210220780130211
135272,0.47820362549761
134346,0.14614253919385475
134507,0.10153599037065042
131861,0.628618691201584
30919,0.4871487142447519
30878,0.25350546176140165
34034,0.49958151613163404
133202,0.5056128320990146
32446,0.9317312714023348
136906,0.5078508685313984
37250,0.1274422510693283
34267,0.7166962466854427
130060,0.16371850604331883
130335,0.15220841021970583
34860,0.36345229919601973
134372,0.2049543050299577
30714,0.37124952742147377
37306,0.7577544521749665
35700,0.8201275676364428
130253,0.09532951566067917
34108,0.5764439278490795
130963,0.20318661583794978
30554,0.8162984514066184
134722,0.6553086744306106
134343,0.06509860913060375
33777,0.9497566108891025
30239,0.8231089427763015
35784,0.404783769417679
137245,0.11259100080333592
36903,0.6620029993607871
136338,0.47053961596815913
137040,0.08532962005912552
30492,0.8516514136870069
137334,0.05220280619685684
32940,0.7977884077433666
136008,0.15272297104303575
132700,0.3631566668484551
34988,0.6952060857934363
37416,0.8817848761468235
132508,0.13966092295864138
31901,0.19219073478810428
136267,0.3204539023529817
33236,0.8901526855321841
35328,0.8727702656997498
32252,0.9710654080329074
135484,0.29326535800881587
31648,0.7916379851030309
37346,0.7229671644957854
130603,0.2545242578147782
133412,0.20431100457153992
32171,0.9488344393098767
33418,0.17035353568759215
31574,0.7494998529616467
135803,0.3777580297690073
33027,0.9285223739022493
37068,0.9576479266112559
131201,0.021503327767475672
33110,0.9581704846909858
33293,0.8770175530474692
35685,0.5936714428197406
36395,0.5039607763868836
134686,0.46379712798850253
30491,0.745595919714773
32885,0.964665809553285
137304,0.14714165608693652
33128,0.4818583042904419
31482,0.5965921430806205
36090,0.8764148802334734
33658,0.6014691887488937
135545,0.1340887252883839
130161,0.18846189063841406
30623,0.8929120014678892
134268,0.9869964346412978
135564,0.7899095891516934
30485,0.9625467628804097
131831,0.4231880144500651
131811,0.23026494502411182
137098,0.16608337106403362
32801,0.8299005566619965
132339,0.7108430876080659
32505,0.9103576608818296
36896,0.5732278989872798
131472,0.6891187209621191
31454,0.6405511895318541
31345,0.9196189055506171
134772,0.08966575397088108
36777,0.9402395287229497
33451,0.8577766665295545
35185,0.7656312529385424
30478,0.8740517364710675
135735,0.356943979628199
134585,0.30343344152790414
131403,0.3027405344836149
31380,0.845909536610562
136746,0.128450070512018
136024,0.20099012938155825
135681,0.6496764734872162
33856,0.8762845365828899
132407,0.2686442807624893
137295,0.03556766214793532
33305,0.850599696855675
31475,0.2247015656438248
134835,0.7337409826551913
131066,0.11389879772497957
133988,0.13422779581126645
132302,0.324887348930028
35004,0.9347768283962583
32788,0.8579509186880735
131330,0.4211518068914877
132043,0.11810211395566696
130045,0.0008215672257066984
35831,0.33824815746788556
31584,0.6571189590769055
33681,0.9304851644556228
32523,0.15103124583487296
31936,0.8698347107797771
136924,0.23509493798357037
136612,0.059966831315103115
36815,0.7414088364023264
130400,0.05634248945136057
130219,0.30672699251647384
36824,0.9291427197171642
35659,0.9023089546273809
36747,0.9623875835255958
135957,0.48369235706133895
32916,0.559270689697908
34935,0.7331864356571784
134352,0.10701838177444954
36109,0.8551232432525574
135480,0.43280697296765364
135412,0.07631440588378288
133092,0.05740331561402484
35793,0.4664141774941992
130537,0.2858858964271215
131144,0.09899241899235578
37089,0.7542473486356543
135227,0.07316495461442835
33085,0.7570500787533619
134800,0.9966952352471999
131459,0.12682047635126312
32072,0.779973234780493
32725,0.9831621298029053
131639,0.08888003487462155
34603,0.6948701709397004
30077,0.1865256336421347
135141,0.13875885420476702
36848,0.6573214297889667
133865,0.9669663443180679
134418,0.00952612921874982
131288,0.3442699649302041
135650,0.049702726438188335
34870,0.8977308874434485
34733,0.5487262219674082
36185,0.992063005334674
32638,0.6046542010099552
31142,0.511291138673391
34651,0.6655386390784322
33784,0.6544346340211703
130524,0.0948738455631546
31488,0.9001639102535405
30235,0.3670179205451395
131769,0.007179106531512265
34585,0.2757977745300892
135058,0.21936370586064632
133617,0.05420812549431241
135067,0.3183401425739685
134002,0.037365406663755395
131046,0.3088375063688585
136019,0.0788918348361029
134921,0.2512450868967602
131368,0.3048072126878273
35896,0.312810258223659
35434,0.8741868305661257
134732,0.19238714239471932
36881,0.0944512214923679
31227,0.6929528013071226
134310,0.621144146209434
34801,0.4423236225952161
36150,0.593175972079517
30645,0.8289252335376304
35322,0.7874462099707972
130046,0.31609990722471787
135399,0.19525682932262856
132652,0.79268222966892
132431,0.2946854082320991
34670,0.4403752385104022
136372,0.11741892689322363
133430,0.22765140990991917
35981,0.5634825271506424
36045,0.967086744182576
32693,0.9123697036825477
133835,0.8894390762355644
130601,0.31287932229539717
136171,0.46209317079164935
37051,0.6439607299199884
135536,0.5125295279937992
137148,0.9971352490505276
130776,0.050283020035774284
133967,0.19479874371172878
36591,0.8460749249295966
137333,0.08128450807843333
133578,0.27321125438925337
31405,0.9785750961037728
36767,0.7840570745990528
37007,0.8258280056667328
131966,0.1078786530946365
136415,0.5735461485595332
32415,0.8746763268043188
131128,0.05683604345719379
133309,0.3887272824841515
35739,0.7058827332733942
36181,0.9638750980536871
31751,0.8261556966943596
37212,0.9187049305912784
136333,0.30799985386136414
36449,0.8199430416821256
136702,0.1595391671968204
34758,0.9622323131602297
30821,0.7036977738928473
34504,0.8949020421575808
134552,0.4538866413180346
136062,0.3634042283541689
131859,0.47117229719603493
132605,0.3244397665972815
33915,0.6396552251694906
30760,0.3562355859396402
132790,0.19800926329212076
33291,0.8055311975151602
134674,0.04410743819731203
32012,0.7455694564830635
37279,0.93425601104763
134662,0.5782696485845514
134558,0.11262032309479661
132695,0.4096740530072682
133432,0.19860827274145273
37151,0.7525145784335365
133322,0.4392937229504148
31372,0.6346868234621081
33054,0.7793439073084588
131170,0.13944606692255054
34154,0.4114073904069281
135553,0.03635923152679986
134692,0.8383378529162131
36052,0.6518639157873589
35453,0.8887598017511443
36838,0.33162110153236807
134600,0.24353177759478192
134423,0.19919943307634036
130771,0.11239248661526777
136567,0.31982306210163153
33835,0.8171088507656831
34414,0.963903165959257
132496,0.8597561146917668
136791,0.16976143465354987
34532,0.7448903415436051
132677,0.14346096361453062
33332,0.4779816968850565
135475,0.14784881215965795
33160,0.9712145718318517
131973,0.3662154442287373
135244,0.4261514559317143
35593,0.8712765333540666
34951,0.620086337599774
130849,0.02841725699854713
132122,0.1174519580957936
36533,0.8729297227948979
31397,0.9013906584879525
31082,0.24829194917974465
35644,0.18452208757212318
136765,0.20872252793141832
35098,0.6067667041265614
31628,0.6476009507880844
31216,0.8261309041096803
130533,0.17290980534580158
133855,0.11955482031642156
33943,0.4804123258693429
34736,0.124663043238277
130587,0.24087263426507113
30013,0.37771692790911415
36801,0.7769060601765102
35926,0.6122068420773678
131294,0.26310370083638335
132047,0.6070004107762605
133085,0.49913389349413595
32844,0.9791709644493943
135664,0.06553401544403188
36726,0.6560886134957107
36226,0.637472591372983
137247,0.9332724794829633
31897,0.5669438785948612
33174,0.780098026742753
32482,0.8951420127734473
33953,0.4254287876953645
36579,0.44543287229651
133421,0.07086252639696199
131168,0.6856930023623427
32293,0.7152577197091585
36035,0.7570504758951897
34865,0.6208476876397181
132417,0.08545662800146156
31243,0.18500609878932803
36866,0.3412053547562341
37231,0.0991855770990129
34416,0.9737568645986481
134575,0.4696421851439337
33411,0.5257290518628941
33119,0.6760579722279457
36650,0.4149633903138289
130049,0.2117730174052574
131628,0.059669051577612146
133175,0.999999028522203
132815,0.2037006029561013
31363,0.7902776650237838
133126,0.3576644785156627
32637,0.7654627450572415
131412,0.24656130984255253
137344,0.00370845366482843
32384,0.9397123116804273
31209,0.5529570434968377
137131,0.16340570939067167
134697,0.5813218358278347
32868,0.8307454671488329
37300,0.974855307774275
135541,0.37876011081051686
130578,0.052196943337276126
36075,0.8689172615942364
137432,0.738225481505299
135471,0.3674443926233344
132978,0.06373890925738182
30364,0.6979727877414961
36369,0.9999969092747392
34422,0.8518338719821255
137122,0.13426686995432707
131600,0.4561995396491602
34307,0.8432964924265759
130978,0.7337445907664553
37484,0.7781628415918452
134616,0.007511164923528775
131206,0.31461612530209127
31344,0.5057749965306849
34849,0.38171063493985646
130714,0.0239002206738978
131406,0.18911260474800642
134682,0.10744600539174502
35377,0.6920437050079893
137172,0.052587300018395226
134353,0.15436015351854981
31143,0.7929642625852197
30112,0.8917245095189386
133594,0.032536560547738166
135665,0.15692739608297251
134789,0.6010263530200393
34125,0.3509914636571523
137095,0.3649667653169835
32017,0.9452923539556023
133599,0.07513397193500905
131216,0.8127660761760842
34157,0.7297456152285258
130151,0.6343033563776669
130166,0.3694283920697224
134801,0.005376799990945547
36629,0.9619492228366309
34111,0.7351606835430347
137345,0.2551458838906388
32445,0.5073485545731058
135323,0.28533956780253894
31643,0.9155650081916522
133839,0.13718476751560654
35137,0.9210544634184252
131427,0.34910146734127334
132120,0.012595647617037891
132568,0.21212590874462653
31255,0.2569036483329036
31332,0.5220192125142414
135248,0.13764138369409554
135359,0.15906954695759226
35495,0.6344249359334831
133439,0.9504468288330693
135813,0.41209857613127027
34624,0.7476633773801904
30946,0.7520746801336988
132211,0.6962075293745129
30715,0.7049667909621614
136674,0.008520800841023352
35060,0.9258064929441672
32886,0.774299636933462
136952,0.019012682440527905
31637,0.8541476350602397
34675,0.9390940619850036
134954,0.49284837616403476
30271,0.869345817685429
33203,0.7749876746759576
36078,0.7390022375435404
35694,0.7239505707461296
134197,0.1812270721916529
31221,0.8061004190410591
133467,0.16192580859604278
34183,0.8226429215290998
132273,0.05228172973919887
34746,0.7067504423435693
31987,0.8380274674778452
134928,0.6720109346751325
134181,0.7038996057043597
135616,0.10312418393022482
134077,0.053916979105559
136241,0.20186847942246539
36806,0.7457135666290828
136243,0.2066779493871748
37070,0.43708341898218195
134135,0.07802301121487988
36724,0.5798714535603925
135123,0.23444445915478423
34487,0.8723195008318974
136341,0.13866492303141376
34987,0.85503088681616
134185,0.04866173962490352
37077,0.5556630845466007
33072,0.9625614285251765
33665,0.8631048675308752
36437,0.9774986953304535
37209,0.9138809157710778
34872,0.49899915884449175
37482,0.8482760801520886
35946,0.9680807140902393
33836,0.27759820601273727
30568,0.26500979787352513
35899,0.9996491697222766
133829,0.1352554354621067
132631,0.5092058562601539
136693,0.17633493646813034
31611,0.9747151034578404
132087,0.2880917438245636
35718,0.7801785184664384
37241,0.6794722864778169
31686,0.9945267430939647
136981,0.5583951829884888
31220,0.8279080143338406
133710,0.38432717808983224
32378,0.8284084830401851
134747,0.9998872516931707
135674,0.053583154365332265
131872,0.18286542001672082
30668,0.8733617134819907
135113,0.2928767607907049
137348,0.42180031526706113
34703,0.8115854106405035
32102,0.8873046326931074
135757,0.9128454220979083
132585,0.2756370947881527
36206,0.7502753007572988
134025,0.18553684620818903
36070,0.6143884624889492
35103,0.7191369454501995
130143,0.3016544081260724
30726,0.8839523098000995
30310,0.9490481057156729
136155,0.44596762870920026
31976,0.6820433426082584
135831,0.11350231937885366
130099,0.004358975896505389
34479,0.6361860654754432
34065,0.7405337647220419
135371,0.24685359983549987
132136,0.21288764505043678
34965,0.18266655218764727
135390,0.05868319705009371
132927,0.3075444304725714
135968,0.11578682924423267
33950,0.7147389236034029
130761,0.138280254607656
33214,0.38268281297132617
131737,0.08840341125206351
131228,0.45019156850884523
30965,0.41764707212231944
35792,0.3467884121620878
132738,0.15929127518637282
130677,0.0009668931923236001
35333,0.927032023306568
36773,0.3757865577491976
34855,0.8593532986072859
137175,0.41387220011287035
33057,0.9142499368289014
30410,0.31330016608177697
131305,0.21128958280329654
34061,0.999888828521119
34259,0.6371696156054427
35340,0.4192571412654898
37344,0.7903181600202397
136867,0.13026308827172842
35405,0.7687633696128188
137352,0.09364626540206736
130125,0.8503732853215002
34845,0.05389577238115678
133252,0.1468757767157362
130367,0.950561420459643
137035,0.2712938951577694
131996,0.25500762483373063
31210,0.8517654381568612
34540,0.26652608751536105
137305,0.2047987572204339
35578,0.9273743726627812
134065,0.1534053405005132
132575,0.17080488232595614
30794,0.9090824427173247
33802,0.25523060273993925
135815,0.02825218578823826
131008,0.11878860021938407
31088,0.7693170333564325
31321,0.8985006480316453
34452,0.9297393240852727
135203,0.7393173382116426
130240,0.3094559233657592
36862,0.898901898882429
37195,0.21842845500390853
137497,0.35696602450250603
36983,0.6947312107229013
130664,0.24911139323060788
30865,0.733137786974358
132767,0.07107713373662097
35331,0.46383236678751844
34193,0.8984419027250322
134402,0.058226021471221856
32934,0.858820224407736
130127,0.17333269130536644
135104,0.07996374572692917
36439,0.20821364387277622
36440,0.9993302282717492
30933,0.7620950281647184
30735,0.8341447448892334
34431,0.76475873584082
31286,0.7317116191625056
37330,0.6600980305815252
31123,0.9668764523632833
35123,0.24198548423363128
35943,0.8743642452708923
32991,0.47617723725945366
130182,0.3513306142494983
30166,0.8233925121042532
30461,0.5747847953263834
36176,0.4726819028993142
132588,0.5968367828277684
134022,0.49238305899401447
133971,0.07371769589559451
131535,0.3085955783023259
135187,0.18263724269518192
132637,0.7882534387879173
31568,0.8788586569630649
34743,0.7443892295933103
133261,0.40326788619004666
131598,0.4306518152231762
35554,0.8669236028721182
132850,0.2125955132475063
136038,0.007888227021660671
130481,0.13974425606634625
133370,0.14763344073527862
136854,0.1910200519161075
35039,0.6020944853517961
130211,0.04910123429999683
34882,0.24025522316558795
131654,0.5683243327533359
136125,0.17620685111403142
31762,0.37805323317315753
135614,0.04281027963111266
135208,0.9993702603320407
32240,0.7273251665103224
137291,0.48153945940459847
132209,0.04223894117443813
132862,0.056695835147068815
32494,0.6068558288572732
36007,0.26912171048549455
31195,0.8608013864303911
32922,0.6942346731497652
137424,0.5528600215242145
32388,0.6107863052969226
136204,0.3172441745188987
34020,0.8767994202932342
132203,0.0885060701975801
137115,0.8175511735458524
136037,0.9979525196007075
137377,0.24956011491692331
35308,0.75009882655111
136083,0.2892744734204731
36283,0.5418237670119612
30790,0.8013576601500799
135043,0.39816846125901145
31780,0.8866443848507687
133831,0.10170315273678832
134141,0.07321416871967189
134603,0.24055906465414298
34101,0.8850777833409431
132308,0.1884080542259276
35652,0.5912781088451088
32501,0.6198656459114358
34387,0.5170422629683284
30766,0.649963943275403
36026,0.33737340042100955
34773,0.5931439334651513
36069,0.5448759937786194
33064,0.6873432898631947
132550,0.4191041167992247
32157,0.7696985175520161
130673,0.26416630277214764
130977,0.6288929484868491
31002,0.6890293498259356
136709,0.4592055067055417
132708,0.0974630196425638
30362,0.7089500154023983
32660,0.8352389118654728
133689,0.14972652785273446
34428,0.9430806533288625
135755,0.08586826288450738
30328,0.8322471891119501
134534,0.1384324319415859
133491,0.23750616467364807
30183,0.9454315898171485
131605,0.07761944779215782
137491,0.22902162152186503
36987,0.7644202262683224
135504,0.13969632418595318
33874,0.8335144442754611
130900,0.031770581303724746
33168,0.6693744295815464
131071,0.6004195369536066
36992,0.7218244995121357
130692,0.025245157669904903
130326,0.24440630885762823
30656,0.18744588888413163
132338,0.25014876422640825
34831,0.7682780016319777
37420,0.8355507589377597
131130,0.36866545080824503
134461,0.004476835278298724
34600,0.9467365560411993
36574,0.9708730726562179
135912,0.2864675319637587
34883,0.8244061491952239
30781,0.5323330632531887
136979,0.51995274553854
35348,0.33396689584019074
31450,0.9786347398683621
136232,0.08793011626854709
35095,0.9886460963284064
135107,0.02691530721005161
136948,0.02664098979085126
31367,0.5136493098268996
33840,0.6955517900309938
132543,0.45766149067851103
136026,0.15190490494367725
132860,0.4710730329993225
133575,0.029170465465447708
133502,0.17311274860615436
32101,0.44155228773402017
132355,0.1714137715982395
132474,0.3923816960020912
31269,0.46236664651578824
31917,0.8805123829476813
136565,0.2607786796622195
133757,0.42886645612886337
131435,0.06463269055498316
32013,0.6812525824783211
33706,0.9549904429026331
32127,0.9179474453546145
36473,0.7743921984832213
136610,0.781878636136968
131360,0.2963861555469706
135824,0.024832239712439454
33727,0.8641882613101052
136718,0.9948859341479486
30291,0.5277733886400381
130589,0.0048682626956981405
132222,0.19363923557450283
135097,0.10058896534290326
37257,0.42759792318376105
30546,0.4049206839570799
35284,0.8997343193778586
134223,0.20108932956932013
30141,0.6644411707159014
131518,0.5367160990632066
31759,0.548603999153339
130971,0.0742980429442542
33503,0.8199730123982252
131848,0.024104450408665816
37207,0.9305730123650409
31387,0.7294224974670901
131254,0.15935762311555474
35089,0.49646107788949534
35376,0.8036194863232128
34842,0.9998187515473967
132379,0.48699043880790865
36660,0.5513388750215413
31010,0.7960880722351692
131816,0.0309245733440237
131727,0.28917901192486495
136253,0.055820564035579105
135587,0.6147095507911634
136078,0.22090103796511398
33595,0.8214429198064568
135362,0.05160996286036799
134963,0.15043886582106625
30510,0.6589780501903568
32956,0.999333786320443
130440,0.07254285858337717
134224,0.0765508470758688
130747,0.33363637568432064
131160,0.08401331578280846
32236,0.6676558894219814
30225,0.7068187699246462
31179,0.811147130726379
36079,0.7728986027527354
36988,0.8172407761143238
132934,0.23743421956767416
131202,0.2960416776613897
35897,0.8589136379591815
135192,0.28721958047863455
33209,0.4830228638935409
33431,0.660340243338347
136669,0.012042103713438654
34699,0.9996147815149714
136432,0.30911801369217856
136072,0.9998808262917316
136962,0.5262984324009988
35716,0.8080337548163432
35920,0.794454296856819
30163,0.6082354910772927
32694,0.525836776614203
36102,0.9568671370271447
130421,0.24878174952084017
35728,0.6726913249240912
130790,0.06877171264102229
136606,0.07745288585097852
31867,0.9671845239582042
130607,0.7517623949484844
33179,0.8191604826092225
35546,0.623931186395788
130209,0.13942244389902506
30849,0.6072256136433407
132673,0.5879997891376861
137301,0.1375922279596039
133299,0.3649363655371427
33475,0.29161888765274935
33589,0.9052451830192968
30719,0.6171802337538332
132440,0.5311237981433583
33396,0.999840189567094
134809,0.20503097187267885
131259,0.1429175168800854
135440,0.21764364960559082
134551,0.6179811796702129
132948,0.1858293978571285
30664,0.22035787165272766
30167,0.18694496149706588
35383,0.6235742319203558
136222,0.03044945474031635
32538,0.9047666101712837
32573,0.8743312054541025
37297,0.9419357321083595
32992,0.9246995316326511
132716,0.35970157946973136
33635,0.9573733515470502
130132,0.7510387181282397
30466,0.5284367866272964
32135,0.34480881287955206
136153,0.41214384417356453
34605,0.3574232894685768
30433,0.9270005876266102
135645,0.7271609631448974
134642,0.20931050175493743
137135,0.03750980194786894
137009,0.1738511374334528
36686,0.5752195280163324
31559,0.6560803147573796
130565,0.39255919659501676
32082,0.7246893065175409
135640,0.342536034769495
131806,0.1555308768342158
37436,0.4491097948177201
34391,0.7387899064756435
32427,0.9059269410512929
133647,0.35817165476565244
32454,0.42269755735834574
30394,0.9128374156442565
130092,0.5505248958979718
136698,0.816125527195203
36953,0.8786528588469708
35654,0.9997061697066043
30952,0.554742486062987
130648,0.44938232081333285
36010,0.8146514300656034
37210,0.7384747688408518
130029,0.20181658853994916
130734,0.36919931106551473
35646,0.3810431867647643
130116,0.05330828703508776
133217,0.164537693372939
32110,0.9998807868682907
33512,0.574921186662406
136234,0.8591748988055614
33624,0.3981883606183342
34476,0.5604446585844923
33529,0.7665449786806806
32165,0.24697567338246826
136226,0.2542344292617061
136954,0.33907006105915816
132170,0.11445774700932408
35294,0.8629026526882313
133637,0.09616337906842139
32587,0.7753967472088967
31572,0.9682441558120481
34826,0.7029269028232308
32670,0.9569136131777584
36670,0.8238598751544348
131204,0.04617925334150288
33372,0.7759688379978165
132565,0.05217533136582142
135805,0.02000549877250627
135524,0.5941525800495346
136347,0.026174328878712513
130716,0.28094900678774193
35291,0.2803346200202595
34365,0.8450092928973021
134781,0.7562132091991127
30973,0.8066385719249887
134625,0.06303272959711148
137360,0.16108969648342586
30788,0.7082131296648091
131301,0.05122736500056442
36154,0.6539544253275567
35033,0.7990750783685252
36140,0.643252945775723
35456,0.8870630043777585
133472,0.9592080212723327
35824,0.7384926368516265
133423,0.1220544964869277
136220,0.26646058953489665
133340,0.10620425480170081
30226,0.9124052520470454
34457,0.4513279044255511
35997,0.9017253851482053
131205,0.7063586766019487
136179,0.581891839772791
132006,0.26067971546778596
136423,0.4339453715680413
32522,0.9286286579890944
31271,0.6837500570866447
32460,0.33035245475543185
134152,0.4581903323808285
32509,0.5146051664398312
133378,0.5941420055621158
132342,0.3244002733367613
134644,0.611653529863951
32727,0.7670561796889315
36571,0.7451948038829161
134930,0.13096719983389296
135036,0.015388615838188886
132551,0.12336447695014435
31147,0.9990346261108053
137394,0.8791812307894419
34147,0.7229674853518384
36275,0.7669265595506957
136149,0.2234221401764887
35159,0.7607939842027727
134038,0.43582191641917567
36430,0.6805236260143352
31528,0.9484040885535938
133399,0.21366476808247342
133498,0.3753374145154072
33228,0.21049224229784916
33424,0.7948051364154428
31589,0.7106892238031244
134761,0.07257106499643959
135791,0.26418750601797003
35305,0.6815474283645847
133739,0.2446822867561434
136976,0.15180423666729584
130386,0.04963219803412436
135960,0.12362364932221295
130915,0.4393987074530138
35386,0.7036975269824185
34458,0.45149673154450376
137380,0.15018871834259787
136375,0.051315040300388304
30347,0.6453514009470567
135583,0.32465948856073845
134808,0.25399720769860024
34692,0.8662829242691403
33463,0.8285619046292232
34816,0.48598042397847185
37338,0.3569075836026717
136519,0.8370692180046319
31588,0.4882269481207346
32461,0.7274995389967459
130758,0.0707216544359329
30748,0.7602007358058414
35511,0.5296367466900227
131951,0.07750430945206872
36151,0.5746127157183164
136306,0.26806597471113824
135163,0.2691494314098758
33620,0.7276189245551103
36463,0.5542080901117308
130618,0.02401082425529289
32348,0.547610719915575
135555,0.5475453968168057
135585,0.4525304479978991
36456,0.4564774253128984
35974,0.6163011855803652
31108,0.7171500847917234
30860,0.8435022829892056
131875,0.03203408094785916
35213,0.3014146582313502
35606,0.718289741001039
134052,0.5192979631948875
133084,0.6046567857936685
36127,0.9345566338881316
130001,0.25055752400561154
135901,0.8816267692565931
32312,0.7295841246627043
32786,0.14541598711637357
132942,0.326994809629632
137270,0.3689751579455813
130235,0.015575986935508707
136782,0.10732033075296427
34392,0.7644486292970293
131405,0.20371879901627685
136800,0.42238767666968796
31265,0.8474306256517348
133070,0.5614917373088322
133898,0.11532228322725621
32520,0.7648946723846939
130676,0.022106541553723193
31288,0.7523182122261487
133706,0.2471929356034549
34247,0.7363924022426118
136903,0.02498611712159312
131460,0.2713642925393659
30117,0.65370822880189
133434,0.47556030223154
136006,0.9995850253743241
35433,0.8726481340068628
34793,0.8271531054946972
133676,0.025145888266847917
135712,0.08085504628837334
37093,0.2948769249079218
133749,0.9825934419479387
136461,0.4484915500493966
130157,0.20200508538840897
136191,0.21462471419039178
132213,0.7014159392412709
36392,0.7666590029575593
32843,0.40877711428911995
30152,0.8453446827818822
136780,0.06132469302379175
132354,0.5458037210540287
33044,0.7425296257426178
132075,0.3420289711261153
135450,0.10039145403696968
32051,0.537740263058692
35640,0.9218027528181463
131759,0.15397575287579499
33068,0.8898632547148309
132777,0.11409634798657811
130492,0.15836673620392686
135820,0.2423141261625788
36598,0.6765288674909676
133265,0.14485632848204816
31909,0.30459303736221865
36374,0.7981180809443998
33147,0.8840407469489252
32331,0.971796484683432
134652,0.06424869697777667
131468,0.6242692959324883
130580,0.24441667329205488
33426,0.896554561146749
130459,0.016179791907905344
132371,0.2339813472362665
137145,0.5497347316052242
133097,0.9547454291171619
36119,0.9283752376243188
34480,0.9376524617449404
131597,0.9945263793284069
35062,0.9600966203602727
130884,0.40955821930729086
36190,0.7946325188401436
37048,0.6050869721073477
136043,0.13150887689703908
130983,0.0531804767821781
31699,0.9196840135621241
131584,0.04434123466670284
33358,0.6226512583625218
130712,0.011816075650734007
135890,0.3856275550548447
136823,0.08389296266882508
33744,0.39800790182783674
133449,0.0008486789591953611
131163,0.5022641346327631
31278,0.9252452118964146
133390,0.02293844815963512
134247,0.5563771517884504
30787,0.8271407163430431
130621,0.6493459972874626
134610,0.2709185092727389
136629,0.837304303221463
135055,0.029635437214571472
132504,0.4949065380900926
131659,0.09907208246437071
36314,0.8885058747151172
133939,0.7270832105697447
32578,0.6466730201629346
32613,0.8570488850906095
30789,0.6771067513356621
32900,0.8172800546542942
134313,0.051547985001678426
134913,0.19137249940819126
35038,0.5809045562304673
36095,0.7609817375221124
135678,0.5032987201877928
136128,0.432310868439648
132805,0.24331760672777994
31374,0.26295031647004147
35885,0.7732910424708623
133804,0.08952239085383182
134394,0.016621842334053016
36878,0.6520389364649635
132399,0.02223815642185511
32286,0.7723509769548936
33849,0.7294015542346428
134985,0.29307863035741016
132115,0.6819739911653712
33517,0.8165339705708058
33381,0.8237347804987312
36671,0.552731055174487
32973,0.9745221171217451
137430,0.1614930579110721
132686,0.22440787111026209
135722,0.08491446677949069
36831,0.4924023954077128
137458,0.3621674328202906
135801,0.1823871223726164
131656,0.11921261559363419
33215,0.9796798151504922
31290,0.7847375902005059
32032,0.35467359764550144
132632,0.7054059667852339
31650,0.8479099003622332
135633,0.2577743141587953
35125,0.6955079365556949
36889,0.8290463860067819
30940,0.41332952698808006
34759,0.7999153505945447
130539,0.10273422853192211
35746,0.6293506616571451
35863,0.7854651658077804
135280,0.0189434493897114
37027,0.36846076426090046
36027,0.6143225257497938
134011,0.16754729727538287
34097,0.7093590403998549
131720,0.446651219923579
136247,0.30705369726102494
133947,0.038717105813590384
31150,0.7581139834568144
33090,0.581997354210461
33640,0.7892688647236664
34638,0.7541815452626606
32333,0.9994193973369894
31586,0.5024199048996246
133345,0.4480921878368149
33855,0.28351592932997466
32658,0.6228397652956588
133204,0.3723550684384068
33330,0.3952334032431033
132267,0.0896811584738384
135202,0.1026931159902612
134950,0.28618714497962444
130208,0.2171071114226857
34037,0.7040176884939137
30721,0.7459459980733336
37466,0.6866728720928688
130257,0.4274856118716857
130922,0.33983856164003906
133802,0.217577849835023
36975,0.7441025042710333
130953,0.999631116980377
34349,0.5226649115241321
34303,0.8439825908395729
35008,0.3000505845842144
130480,0.9810252481387559
32738,0.6425607321099018
136181,0.3479785801762262
34087,0.8753167374299865
131098,0.755513206923901
133300,0.004774741437410066
32478,0.6719909412347846
131927,0.8044370315733568
135376,0.34638306347428166
36112,0.8079531046055163
130189,0.14490641775407873
132300,0.08789072975747207
31159,0.7259315357711041
132114,0.04128279722323585
31198,0.9014323391458551
137184,0.019501175333574997
132610,0.023535686528707273
34687,0.8557969226204095
32117,0.8082199405039568
37041,0.6960009893975615
31148,0.5489857579768836
36197,0.9433543261268611
130093,0.3010853496982779
135261,0.49549268125645374
33258,0.9344919109277621
31928,0.8708790039897135
35755,0.8137600699357881
130987,0.34809543975554913
137398,0.06172311263472967
34690,0.5060317420594255
130577,0.24485636672821334
130041,0.02175990637792088
132381,0.3143378964724052
136530,0.16772265184231214
135743,0.12075284586606401
34812,0.507534629116612
131321,0.14254710902427528
134559,0.16368338949101222
33718,0.7640507306778374
135711,0.530973505671622
134792,0.9999246135341545
33547,0.853721072511571
33709,0.6979581680855137
137007,0.9325763131695328
134111,0.39385797960753993
134166,0.047847046800907386
37424,0.9649699124770086
133375,0.1701118317349624
32555,0.6506905467587795
130449,0.2847448126028014
136551,0.6823558618467769
33829,0.9163807863738292
36658,0.7762316195694469
130937,0.058190506769938165
133471,0.7146369247222185
131555,0.06263254172273107
31132,0.4291159740704428
135760,0.4781790113089976
132953,0.7742638093323793
32332,0.5952052314347352
133606,0.015472237555605835
36316,0.8183648124040596
136770,0.12092208157653052
32283,0.5623121478451214
132936,0.2303664598579406
30930,0.45665654205202816
132098,0.0909891501280558
32932,0.9448988511819452
136672,0.7088348786564025
31230,0.9099651615824251
132630,0.14898957283819259
31031,0.9374432454025775
31518,0.613146947905527
130359,0.5913372178588726
36222,0.9808292074928341
133931,0.5267400884022888
130447,0.9999400945076693
34681,0.9638166992368361
31810,0.5807584495271347
35040,0.9442319101419091
35075,0.719024767891015
36419,0.39909430502070536
36941,0.8857405180753058
135186,0.13867480334597404
133132,0.04187677000164465
31043,0.8123308362937249
34853,0.8600979320053397
31616,0.5426159392813712
130242,0.21799197708187734
133045,0.16177055187018227
132455,0.15831806845596225
134685,0.05737085916735446
34144,0.8030157147667769
134641,0.08748580779407729
36469,0.449712659720582
34459,0.3419288594606375
32714,0.8009267280534114
36669,0.5146553753192447
34361,0.7811934320209413
131021,0.3214618331070745
134050,0.10734430925333027
137292,0.019047502948167375
135955,0.09936287204641431
34749,0.9014152875493499
31044,0.9808915736856069
135085,0.21779224042140952
32606,0.5207553488898472
32099,0.7346356741496007
36443,0.8936130709602984
133669,0.024920583213491942
135310,0.6320200016524717
34004,0.8147535188586862
132096,0.382788919685865
137347,0.13120678508931147
131803,0.8333027498616421
31770,0.8691986137074701
33626,0.3426707287497888
34791,0.3467607870372399
35466,0.474504194573047
135736,0.6097206043808093
33144,0.391813296751902
31844,0.8306871003606554
134398,0.3805918501588558
30233,0.819443557870865
34806,0.604937374737861
35711,0.7163832701880543
37159,0.5053821171897499
37469,0.736878894754311
136117,0.5367517853133513
132036,0.5821157455914903
137407,0.5186928015316917
33156,0.5885399635373393
34964,0.6216712533640327
134937,0.35172327951521215
133237,0.106289570048933
131310,0.8720443470948225
131707,0.09051819639360272
33205,0.5985660316300109
36315,0.30293907768409956
33425,0.7900926146202071
34824,0.8717873417133767
137439,0.15674480224585682
31677,0.8791309786474765
30959,0.9993755210333454
136611,0.5647196918075627
137155,0.09824369563770002
30507,0.6760646431467321
34410,0.90274832692786
132582,0.2130897504961405
33654,0.36240969956869645
131962,0.6949907769938886
37497,0.4942660231072463
133978,0.5107001709758745
133618,0.597810723344023
134911,0.7266874569143545
137249,0.008034628809839128
35894,0.3404761509306241
37237,0.7687986222186264
131044,0.7043876166772469
33645,0.7103823124365758
36672,0.6144675275784991
136047,0.14585450825526147
34095,0.7984169882438436
136973,0.2751600438762623
132698,0.09934815240588639
33634,0.6099909200840602
32227,0.9618004501672618
30885,0.3882137663409941
35843,0.39975395832222294
33586,0.7633745188110984
136009,0.09190873827974737
132638,0.23332314053081915
131190,0.5762971911678645
33049,0.7823920625684788
36834,0.6345627770330057
136667,0.16709801885490905
130214,0.000521118978030069
33352,0.9898102830282149
30598,0.848407256273173
134120,0.3353591362008473
134700,0.6899438277601785
33989,0.6952623761004436
35263,0.6482997925922209
131774,0.16221371219744804
137386,0.06868062960492272
34546,0.6555836381338696
33758,0.482397530002339
33961,0.5273898978252585
35135,0.9136569303278321
34278,0.8668120836708
133183,0.3642603352662614
31487,0.6550201120979056
33208,0.43812173913114505
36036,0.6041587114846058
134417,0.2863708628763747
36837,0.9088966254291194
37379,0.7270000719192485
136455,0.1557781419258396
32994,0.8639739877186232
137010,0.1785060917396127
35904,0.728774761425993
31776,0.5231327058961306
131462,0.2795954473260547
31501,0.9421155594403122
31070,0.7232357223245502
131868,0.06644755203792493
132331,0.006964150274062177
132138,0.07687187443709534
130086,0.45444013156681373
136269,0.2061998541145534
31847,0.5047102030593055
32068,0.9949214514633798
33329,0.7750197503591411
136379,0.009413983661675965
30732,0.9363374163649458
135188,0.23139141253434742
136209,0.225590371689527
131782,0.005570326663138133
131270,0.051453103897828145
37293,0.9280517553112486
134326,0.027595474145709557
36442,0.759776693393101
136349,0.22571506553531623
134864,0.4504395195044918
33819,0.9066392623970128
130231,0.2910453000498013
132944,0.07881734710407079
31990,0.89270329623991
130969,0.32151394508382825
33902,0.7032353293670216
133086,0.13725613048543406
36346,0.9108849348450938
31746,0.45700200634371535
37208,0.9618148655442802
37132,0.8090551054518406
132736,0.05753876993311812
130425,0.5316868202697679
31874,0.8898059482208348
32456,0.6669119304364015
36034,0.39111226471277255
134525,0.22657784191335664
131815,0.2246723729920533
31350,0.5963842326233876
133577,0.17076742959811236
35056,0.8784718445354098
36595,0.8741041251009709
133564,0.05456316335750112
36552,0.8203228275537183
131224,0.47670588336155995
36756,0.9407506093768814
34102,0.9779208434371943
130149,0.4414992823583035
31001,0.9217217731163867
137049,0.6818045140667749
33495,0.3480949505752166
32579,0.6416941870982823
136649,0.3376461100330209
36378,0.4870660485803886
132337,0.15589311738027398
136510,0.26949138759971186
136971,0.03646729235253878
133922,0.47864993661880234
136134,0.2519608858695464
136942,0.10803303311119371
133917,0.4785301037441152
136789,0.014763184969221152
134087,0.8474691383559051
132008,0.37218296839617954
130115,0.015509467866786248
31700,0.6242203689822157
133660,0.08142840091081052
131662,0.13776884144379392
135046,0.17294921583393078
133267,0.005303807082197264
132959,0.10909305281457776
132762,0.5551766569545854
33268,0.9374966949350376
135307,0.03607811760675246
135581,0.25337467411409487
34928,0.10030552333246447
136337,0.5085495576276456
37395,0.5242421237662067
30257,0.7087496974550559
131923,0.23707839266537484
131706,0.6047821497213466
135072,0.1516128533266775
130968,0.5070436303977437
33867,0.5112462231142292
36680,0.7515624317111442
32761,0.8712090346249236
34328,0.9504606261929128
132511,0.24648625346260697
37429,0.5973181366926145
131833,0.17595064553216902
34017,0.8060372575293818
35753,0.7465554862161825
137110,0.9997219950124511
31519,0.950589947226517
134798,0.017437190571116104
134397,0.12580232934023103
135117,0.008967448094008868
32979,0.9881316022648159
130939,0.16551796027718035
133373,0.15995062837568025
33892,0.5440397092632712
30087,0.40986048297140265
33357,0.6987943094489161
131582,0.15857111566947132
30670,0.695726440342625
34315,0.6919745816156047
134596,0.14276989835085083
134101,0.3543377185313237
30895,0.42131788879845405
34701,0.9968550456971256
33601,0.843768184884006
132398,0.4044009909330989
137470,0.23987240759435266
34602,0.5558791726601106
134039,0.07288528516374682
31057,0.7888332521362421
130794,0.22159845621033294
30634,0.47330770722783316
132452,0.018886189506973065
34094,0.5960995722299463
32122,0.8433937886745463
34437,0.850694719427945
131492,0.09279362853850667
37388,0.8300827737963692
30132,0.29274914051165185
136261,0.0121681188586015
132045,0.032348713395568066
136350,0.035543165852490025
35738,0.777169711263757
37125,0.4320495093432733
137376,0.008189438547520864
33951,0.8166325521277792
136362,0.037823070047250724
134967,0.346589871090476
36466,0.9142557690382013
35777,0.3232950617041035
37331,0.6197769924926111
136946,0.14912762908865326
32641,0.9991447224076621
31910,0.8665294095303457
135814,0.294743490931867
35072,0.8475514143110492
135739,0.15081345089438955
34893,0.6154729061176144
30371,0.6661208731988072
35607,0.39339533322006826
132911,0.17250124376926484
132454,0.15588979294267957
130250,0.10437332539392886
134727,0.16109520790921428
133526,0.3260053179599648
130952,0.1977375967942376
134350,0.04485806032917442
130592,0.5345478054900924
133872,0.3398503475335483
133558,0.015642446739550037
137057,0.33273111902082964
30252,0.6396450877717473
32184,0.4389706080086293
31556,0.8952728389306037
130506,0.6641311056039798
34666,0.9836169751336087
34991,0.1808330283204153
33556,0.7666105248077594
35735,0.8844828862929197
131899,0.13972848602816532
34398,0.5022896368589811
37020,0.853370549030424
130645,0.32123469464054144
33582,0.6204457160565896
133817,0.23263603106491343
131578,0.13134068008312036
30830,0.9194531534119316
32300,0.6218264765926643
33766,0.8788853610545492
135848,0.9990351453228604
33243,0.6068810076290635
136183,0.07554258245261224
33287,0.5016366292442077
131655,0.41249402317321254
31654,0.5367178664771974
33069,0.8616666417734047
35957,0.9225949091311763
33398,0.948196639894642
134591,0.01614238851831137
30088,0.5186489102270665
33324,0.7216543512010049
31181,0.4136124111094841
36161,0.7447474870851991
37234,0.8476058287386352
35342,0.7915944092018358
136881,0.010480465517966428
137185,0.3618592644882057
37327,0.593687518399032
37453,0.9982439733419186
133874,0.07086312863495704
30954,0.5277523662969793
135073,0.4675371833856141
33736,0.7806098774681904
36147,0.5710631050940715
136665,0.29857516974314396
36977,0.43404687705553713
33900,0.9136202265379614
132892,0.14143982846794848
31570,0.2759647718414825
35314,0.5884656663629652
135889,0.2897097067600039
130259,0.16084399848441758
134421,0.5013908524709207
131261,0.5198173684782802
36118,0.5439226004759238
132149,0.08841948670873122
30172,0.649697187466353
37154,0.7219334922570201
134562,0.30405363144129305
133286,0.23876464523448326
36453,0.8917844460733108
130406,0.37511723389607987
33131,0.7236652378203451
131976,0.2260808868491942
35228,0.7091298228762909
137302,0.3150679063533864
30178,0.8733550772176184
33842,0.8612572160971339
130770,0.4539318033400428
132264,0.9999924133820758
133209,0.30897486612506797
35815,0.5365364807474543
31238,0.533066559776781
135830,0.4372632120271212
34090,0.99003440464596
134729,0.5908087894151746
130408,0.30917811068108686
31876,0.7274369378620144
132711,0.12374540350234955
130851,0.1692068111812977
130529,0.1531965726461055
32645,0.8274106128730937
35320,0.6690644108051879
33282,0.886217033651195
132492,0.27944469969719254
132276,0.7068006010166488
136105,0.5184235084593839
31879,0.7860922601240082
31420,0.7247358159290251
36993,0.5915309998763176
34373,0.48270319365702785
137125,0.26638700489900297
33413,0.7041089541613209
135699,0.21503332176580767
135859,0.6642237572993857
135445,0.0572629015221059
36759,0.8131280724682864
135089,0.10168769526124309
136640,0.18688145179558743
36723,0.7183742385048084
34612,0.804031521065779
133522,0.03971794286414162
131674,0.26349119882305333
133731,0.2670438896812324
30431,0.5371865386321322
35346,0.47244092905440227
134248,0.2716621271442086
35756,0.8231901347313608
132134,0.2179043289711123
33689,0.7352738422704401
34887,0.8180314917688855
33121,0.5865504091493244
135543,0.2369859875654924
34706,0.8569019695660709
131836,0.3362884560393068
132477,0.6211295324543046
31207,0.7554555947231767
36237,0.4789522898645289
32325,0.7230309118846886
135615,0.05057107766232781
33504,0.8028120350220989
34199,0.9284500402130241
134008,0.22888911289218683
36128,0.8335250639675015
35493,0.8499384869017088
35436,0.8909104762218885
36879,0.8858289713868058
31566,0.47348946384243784
130207,0.32281211906483726
36873,0.48334376959844977
132151,0.5201520693132378
130424,0.007640881779100664
32298,0.8508241106058195
32652,0.5903384899488797
36268,0.3706680327933851
31925,0.7185096811494414
36390,0.8788508163525379
32626,0.8402350102558589
36380,0.8010995577692746
136581,0.5450812001013741
136630,0.07630386401255387
131200,0.06270413785435097
136236,0.013826416256094562
131450,0.051051146840357976
35879,0.9193667636361397
134580,0.11356313690893112
35183,0.7571775091071062
131979,0.07252402323125351
36411,0.6516455604617779
134844,0.39086307729203823
34523,0.16911798416434976
134696,0.10022892392327118
32657,0.9456161198894756
131473,0.554591434542456
135514,0.4980256140441268
30080,0.9443138188008573
135443,0.41139619993855187
133380,0.016167658323720285
131138,0.49748050811439676
33820,0.4859884645272935
132994,0.7177837513565771
133699,0.13879478873022727
35576,0.9557896085800565
136044,0.11832565336622917
133639,0.4856611451692438
132255,0.3581336676202397
132442,0.6234873641398596
33564,0.2106842267656611
130531,0.362914344563947
37016,0.17659812204354308
131491,0.4159720685522971
34626,0.8509432447710448
35364,0.9857086729751066
31206,0.6620647283806932
134847,0.2555449942790835
135907,0.13626605929917204
136871,0.05678460427862931
131907,0.16281310058764983
33575,0.8511888958057198
36562,0.7220435377909564
136636,0.3375234932200361
37372,0.760222828552524
136219,0.49812456230086266
30378,0.8826057965141104
35887,0.8926668482055423
32113,0.7311334621775439
31474,0.9990251758768082
133628,0.028797538663447152
35492,0.7021716520097995
35891,0.5411225913955363
134755,0.08424620806923408
30968,0.7815719629640917
33949,0.44237571025491373
130382,0.015320953831456957
33464,0.7435479411223057
130573,0.16495092316546034
36144,0.6083211087135961
131983,0.6316437117772644
130061,0.7900251868139444
137092,0.002533487572916361
136169,0.8285546970721244
134834,0.04576399248921954
34167,0.8890142491187679
30453,0.29490181183781183
31960,0.6970576948264491
132882,0.791125356584422
32109,0.6964983841044483
36399,0.7015336995905617
134587,0.19931221610518057
30620,0.7748060244405219
131314,0.6566183267898109
135179,0.1504617581800742
34203,0.7235762150478846
32357,0.976244182968497
137173,0.5569069363764239
37119,0.9506665122041309
31483,0.9854247823303547
32600,0.5917868985430421
32222,0.26552830016219264
135373,0.12609930034460423
34221,0.8526785556151005
133665,0.006657021139940894
34898,0.4058413344108636
136175,0.9629603381339742
30320,0.7286595039541962
135763,0.3095187782449724
30381,0.539356349471187
136416,0.2243562227050326
136733,0.016259109366052776
33996,0.8889764774573742
30751,0.6199914832653614
31325,0.72210801484807
134478,0.1189850750761011
30543,0.710306573121896
32762,0.9742844026612535
32839,0.8997825122835108
35220,0.9565485495922459
135308,0.22168000837548163
34885,0.5573917330077933
131380,0.077074422691741
31485,0.8751363872456029
35898,0.847684146094396
30717,0.7069837279238665
133059,0.2295437100288304
133180,0.08205288319160986
35770,0.7302222830985714
133316,0.0886283967731128
34411,0.7931902859518972
32717,0.9993761307356994
133792,0.06507871770606902
134456,0.30692936943934185
135354,0.56627893995612
31058,0.6262196748029535
36919,0.4525111582732075
136145,0.29029390032425184
132993,0.01632632135038461
33968,0.39220689009352083
36193,0.6042539880394794
136133,0.08640018077488705
33453,0.6059564383931982
132326,0.4762546168725196
132917,0.7127347392856764
133141,0.6180668362558198
132386,0.422403039357593
36929,0.6481716022717819
35410,0.9408771532198935
133531,0.12970226587695338
136190,0.09805455846006948
30276,0.6937001767538353
36590,0.9613042487348632
134294,0.2322285698920995
134896,0.4781537383095225
131961,0.11991382919076213
30325,0.8167118927748597
36782,0.6961114045254991
32064,0.7342669754368927
33822,0.5687264589310936
35927,0.45828849887193723
136592,0.5582896489075219
136639,0.2732287173368435
130605,0.03555419285091318
130671,0.02066262686654865
137106,0.04018092558959687
134903,0.3440897332757586
133306,0.05517726148349849
31289,0.45522550935467077
132262,0.10015772965450385
135400,0.3168446409695517
36200,0.9273659678982578
132097,0.7105917396885862
131448,0.1909730957234552
32659,0.7907515869346142
34385,0.4978869236943228
136877,0.08070333859522151
132916,0.05140157291003739
134783,0.1250953849227145
133330,0.7727429484847196
135740,0.22539287653996742
37044,0.8909795820237433
33222,0.7805670044344869
130042,0.3866555669116509
34409,0.9163495887004784
30075,0.9614544682594568
135021,0.4546737824188071
31790,0.4264929711072777
137163,0.9978858721998833
131563,0.22604616282170292
130596,0.3904181519795943
31430,0.45434172837749204
33223,0.7714792168915293
33176,0.570274494544852
30519,0.7208963619416088
135365,0.14848936932615597
132317,0.5598259379621487
131922,0.37746915474909337
32405,0.6538935555540132
135510,0.9998808262917316
34432,0.5179221675198427
35688,0.6062829625408891
32208,0.6739218177991598
130744,0.08084445157932188
36364,0.7353963617458926
33365,0.8805864517564922
134614,0.0031183257127888643
31262,0.7971042546741023
136578,0.13558662282420994
30265,0.4767126745803455
134094,0.5793433299509304
34463,0.49093565997434235
32235,0.814211997675753
37003,0.7645631552798892
132187,0.631800445375177
136111,0.9949250208870914
30887,0.7646517568888047
31726,0.5728735358725401
133098,0.5720405407120547
136995,0.06729216352278561
35448,0.6928875786835997
135216,0.4215757090725401
132027,0.6528016088935077
35507,0.981025183717384
30910,0.3961194677489981
132837,0.10602844993522977
133078,0.49657932615701267
32550,0.7971262709707868
35279,0.5611562915128613
36255,0.7683929212358578
135194,0.09818452319550096
133130,0.6911740289033179
137212,0.7057842359175065
130284,0.07276257312148812
34757,0.9106239936010077
36057,0.1743597094056193
30757,0.8607795428749578
32499,0.6447384237488258
33600,0.8946475794797937
136898,0.10268571437074801
37161,0.7697051237873599
132169,0.20265658016533583
131466,0.6100753373133397
132011,0.1538008456174765
30798,0.7080323687214296
36794,0.9056213893977775
31456,0.1931721855966161
32339,0.7352792563136452
33207,0.7254681332627632
131771,0.01675546351484486
136282,0.09555843474350202
30937,0.5306035435142724
34551,0.7331647354220051
32272,0.543007521777433
134821,0.43553987502980523
135978,0.7083299431601564
134455,0.22597048479129692
36246,0.24613161136700368
36781,0.9676454150517142
131092,0.02798074949031529
132513,0.9991293410219977
133272,0.18952855336974644
30746,0.9102346237459337
135479,0.06337725433627173
32443,0.7336469234512929
134557,0.04840154179867608
32228,0.564485221450213
132960,0.33124061746022787
134190,0.6580972444351624
133524,0.3507035900277904
130824,0.022366678735384605
30051,0.8248909486582684
33175,0.7133882788899355
130723,0.20934701319241886
31296,0.893843162116483
130415,0.03891526846722753
34642,0.557499395061641
136785,0.021214273806214882
33074,0.8610603512155218
34930,0.7563347314295001
31621,0.7332154501368203
30123,0.37729301339601967
131490,0.4858325888237947
131033,0.4517387148659839
136902,0.1787063147019343
137136,0.046783006636737866
31907,0.9679199792527209
136514,0.040946149040446606
133169,0.1753173178103583
34911,0.7510163971075787
132639,0.3186792270242479
33014,0.5054511592485467
35832,0.5400254915967779
133970,0.12559242598689166
132517,0.30381284190669844
33786,0.9561281681031628
31597,0.4643296011311642
35151,0.7049614482815462
135663,0.12546510769285368
134763,0.1094143264514964
131404,0.43528692926329954
134554,0.45200404279402606
133263,0.12042014389251862
135196,0.08058430843672282
30663,0.7476023472231673
135268,0.26415030308966664
130597,0.30837290323267186
37196,0.7676934785724403
136759,0.9998514188301241
135449,0.015833747353372053
37124,0.7255284608397272
33232,0.7932348245956418
32379,0.6525025183709003
133879,0.06260260360449352
130844,0.8729439144814942
133936,0.15559222364993106
35014,0.9229602288146777
134890,0.11464677023590066
34485,0.3198546713168699
133028,0.12571881960927045
34230,0.47346681542251945
36783,0.3535928907222981
134760,0.650053152823094
132589,0.30208255230570064
34306,0.5143290454589761
33832,0.8949493839258914
130720,0.06605138280888576
132998,0.010012611168169497
31838,0.6072804469079041
135905,0.08769105283734836
136817,0.008260029213096712
36184,0.7570636284550316
135878,0.08357150216085298
36273,0.7267796599237166
133127,0.15430605256578483
33745,0.8275076933264877
37143,0.6777769711939008
34730,0.16571744065360997
134220,0.1451931301231084
31404,0.6227718162238255
130294,0.04817242289990927
136959,0.285640359835308
130474,0.34114737857549593
133061,0.060585084480053404
135324,0.6236326773519372
30679,0.9422085435044797
130652,0.43212575497084627
33302,0.4523930872744597
35401,0.3432464217283704
36513,0.1439163177297886
32009,0.6099307499083237
34151,0.9970788472379095
30511,0.3988434838034624
34795,0.69016857928964
132298,0.02529089439483399
132820,0.04709423017357953
32898,0.7432150890232131
132328,0.01469084317860261
134218,0.1483186950146405
130108,0.6124107506252239
136654,0.2694214711653958
132675,0.599264828576075
130058,0.6210142029234912
33807,0.9033140759149569
37200,0.925105252746949
135369,0.8172783793603147
136887,0.35872820662115423
135167,0.01767139066211971
30164,0.932744810883117
133244,0.09787823126172143
131408,0.26402317054440033
36146,0.4927242324317734
33893,0.81815616919067
30678,0.9363013836521245
35557,0.7723447418103175
136598,0.13767119982676312
31526,0.7798314847577112
32915,0.8794827476442796
134435,0.9507230175932746
33773,0.8471036434941757
30559,0.33573181533226487
137478,0.5618763052780678
132634,0.05375927183954203
36922,0.7546781906361731
134121,0.42997809925453206
36372,0.7372374509953268
34868,0.8677933595787602
136411,0.0949141362174833
37472,0.8589095939060737
30427,0.6960715810824889
35629,0.8816698479164253
30590,0.7862347697748278
134829,0.7741155999807496
32957,0.0805647977732005
31632,0.6180438502995466
135388,0.21232096004671105
130809,0.21578447778046705
137144,0.18399890911005354
30400,0.8476452203690633
35536,0.7276639852823363
35464,0.8751830553588089
35722,0.29040310308059386
137103,0.09431912109525949
130741,0.3517712116827791
32632,0.9604230521813527
134154,0.012872172433538116
30102,0.4155532589963373
35347,0.5352253166014375
30783,0.8071216124335314
35023,0.809598282023387
34468,0.46797218173470095
33513,0.9781261437930808
134879,0.251668622003196
34222,0.6367360904803968
135917,0.9826420209669904
136961,0.12775013674991995
131765,0.272551682274559
37242,0.8285237788098531
35032,0.749922727544546
131281,0.11307226633049328
137493,0.538744840870684
135869,0.5994645512454835
30094,0.9209682850111284
134820,0.06480626415050655
133973,0.1495706249811762
132766,0.05198214744298828
132868,0.07395553279678582
132740,0.09518061535019144
30450,0.7182249413059095
37040,0.6303428435982202
30294,0.7847820208390938
130467,0.9995118924078572
30780,0.6620711022010158
32047,0.62721331153603
131161,0.09166610688589873
136825,0.3711936149114151
132566,0.09121901172833267
33597,0.9314625148893938
31545,0.49313097565558406
36326,0.63656759586348
133122,0.5935839110477328
32548,0.7968696011360302
137290,0.2684108723820517
30124,0.8779781835827508
34002,0.6671577788466121
34950,0.905938503657479
30880,0.7946590085363613
134726,0.19024930595891568
131378,0.39761992835138843
134459,0.19298359311223134
35306,0.9618742800829683
32866,0.5987520719026937
36982,0.35005801091614647
134811,0.97819028088868
134265,0.04221157960062785
131402,0.12116809980510042
130945,0.0462887160402014
130070,0.08863035635941727
134486,0.22697162667762802
36978,0.4705966501177489
135870,0.004937729980345849
130646,0.015119565693192281
32972,0.5356026667922875
36852,0.5673799390321498
134721,0.05631005034571789
33930,0.26204567696196307
32699,0.8796600016365876
30699,0.7231910112011394
130511,0.20787382901668724
30530,0.3738288936052863
30240,0.46836053615791456
30700,0.8618045029204836
131091,0.0975365029827709
134445,0.47435128037885343
33247,0.8141244486811116
34800,0.9998410523497805
31793,0.6910663215298631
33797,0.9204563267552923
130846,0.4773870251392556
131218,0.037349917171079425
30996,0.913496722712452
131316,0.19958440066752356
132896,0.3559266779173527
130919,0.5559111130942664
134771,0.2326925373503614
32516,0.8644616201861388
131273,0.03523242961171663
134990,0.14187730790449193
30148,0.7704178252095336
132940,0.1621298153879641
36765,0.5955004762866769
35001,0.6688587349767745
134490,0.5436442355407101
33360,0.8226153522419845
130668,0.0486770440223889
134329,0.7601159396258209
130363,0.3533281170520376
136127,0.03403745018417372
35709,0.7938995310056036
33269,0.7060976529118919
33407,0.8495807611829267
32169,0.7822291375750605
33487,0.484101591887503
36188,0.6310563695616807
134677,0.9815052656592896
30241,0.6225232006749124
134828,0.04093649159519419
32913,0.6078075731883594
35051,0.7546720254421025
134542,0.10551855832439617
34811,0.8124928117984805
37298,0.6460574334724362
130079,0.017953555681120118
132259,0.28472120750301555
130768,0.20627848368231386
136498,0.15170779867043185
131433,0.36765762946462277
30005,0.5876996256667723
133271,0.1903862313473363
30603,0.6741260663587659
35029,0.9244688631189628
34471,0.6891349733407733
36472,0.6961443229195344
36607,0.9517425950631587
30459,0.9706222960100087
130197,0.14623755112319206
132732,0.5812192513020922
134112,0.1577563605893682
133384,0.3300861321504026
33983,0.8078179273571824
30867,0.44471288818149257
30819,0.8758219930015293
36964,0.9187842831230751
135176,0.9163929131505825
30971,0.6761743502969412
33607,0.7137499322159341
136011,0.24648420378081495
35417,0.31237937262189325
135482,0.15016138408628452
137168,0.18633995758602342
134432,0.6595256520567475
135860,0.49161836074058785
132056,0.24214724334775706
35895,0.2751134356734679
134713,0.14423440191202888
30677,0.3425691316129723
130615,0.4885175835873778
34640,0.726382526854985
31471,0.9448799920621632
35684,0.939297629921349
36398,0.9321694005513468
32407,0.8659056250033842
35829,0.9590326547632404
134097,0.38138407727060497
136569,0.016046140349578755
33747,0.919750102389462
30863,0.7953336851834976
133921,0.4389244709556679
130558,0.045681422893655864
130536,0.3248073189582985
135298,0.2161006265999629
35083,0.8441695494663677
136491,0.08323999808055756
135516,0.23793738836594244
133029,0.991771394134011
37100,0.8217919581350204
34698,0.9893103640195389
131383,0.00939675948498637
134027,0.18100915295774617
133188,0.2327196217875201
35299,0.5810724713686061
34049,0.5800136253079373
131506,0.18114649735790145
34152,0.7886151874238464
130156,0.476766815927112
134980,0.3225253656167031
36341,0.9379943164900653
132557,0.3186131434049158
133713,0.3018417234869556
36138,0.7434639765653155
34696,0.34778627323457834
35174,0.8352189654805864
130823,0.22824073559892594
133192,0.01150723033733064
32618,0.6780671178993378
30876,0.6409581177387926
36502,0.8513266038392305
32480,0.7640172494034249
35059,0.7661348509211654
36363,0.8233775021160887
132560,0.014788218204008018
30636,0.8189602891893675
132127,0.3225456752354854
36171,0.3473366941694071
37199,0.9162203200943171
31197,0.8226037828287502
137237,0.476453920845375
33333,0.9687297287598087
135537,0.4581661097121134
131482,0.6241141898193878
133177,0.32243870957309717
133415,0.09691564441258552
32291,0.8490791138853799
130955,0.18568963263053703
33830,0.7011123986934379
33126,0.5523368209986075
135523,0.1551708542357078
36795,0.4306616525995116
131847,0.11879428779333273
130047,0.081134391839842
130288,0.15231837184692426
136621,0.9742613696271757
31678,0.9967435930065041
36172,0.9682806749743096
135322,0.4072669741848768
31060,0.7577546281694408
35701,0.6991619600085495
34140,0.8134115440415315
36809,0.6655363482810059
134701,0.6057920882238503
32933,0.8828015404057791
32172,0.5785147533981942
36003,0.8409785019179339
131082,0.03812394766597969
31932,0.8644957161324861
134910,0.31608419893808004
135253,0.05420048747878933
34587,0.2540168546506957
36667,0.8487512492915329
33737,0.5504309461959405
30724,0.9327501268173262
133823,0.43076433614562243
130348,0.2025961435483846
31900,0.7891668068933255
132380,0.10854536881451521
30765,0.6001501187355108
137088,0.3343522065684071
135162,0.08074694349987377
134472,0.4895798923621786
131134,0.48186036345022265
136784,0.38402924662599924
32007,0.41771167805329695
134368,0.24743790462532936
37267,0.6820097812046222
130811,0.10727046893948076
35537,0.6442321980167444
31509,0.9095552785208844
132022,0.04676346454884566
134363,0.16648819060686992
135427,0.09846913613066133
35698,0.7491924207890793
132366,0.22949331178131965
136382,0.2733449463570276
36870,0.6900069284636351
131410,0.28325044769422414
130239,0.39994094452599027
134495,0.03531437721674455
137359,0.09541591055147255
132628,0.6422722093620247
133705,0.6262964489768058
30496,0.8601074004687596
34767,0.8457777246078677
131790,0.326552498994518
33844,0.9296161941511663
37165,0.3685551493743747
130490,0.34909505560949133
30007,0.71198016024769
135558,0.3581568202534052
132178,0.08054231215491954
32728,0.6613323518540488
33165,0.7555749274689856
33061,0.221597735734458
130759,0.27807951835967254
132852,0.1418445074230305
30518,0.9535766533911375
132973,0.3319690954737519
132072,0.207621145912633
130164,0.07010712865955634
30405,0.4613301170566702
133484,0.4455447170166644
135850,0.06009891382524228
31241,0.7639711453855048
132190,0.5270989851094233
133587,0.15447856516334169
131575,0.916348607446756
132258,0.34133665542123753
135242,0.23564789171820028
34559,0.8750795471629592
37230,0.6220424308645593
32030,0.9117550003414479
133460,0.708377217369178
136634,0.7129458523026775
37308,0.2684798519844563
31366,0.8456963021820019
136631,0.3871714586523916
37158,0.7708240174237639
133215,0.015611656003329791
31092,0.4684618129129962
36426,0.7006669922006858
35107,0.30981852689362693
33196,0.943245860176187
133279,0.5067527171539498
131846,0.5289667682171292
133083,0.3357474149158488
136713,0.04573907291342946
131481,0.4473558304870119
136363,0.39350043104908156
133158,0.1005486167883963
32664,0.8115620115234102
33111,0.18435357451907652
130276,0.31990539241037347
31878,0.9995473506061505
136761,0.44127941086500255
134731,0.41046818321909023
30928,0.867326381953689
137181,0.14511179158639986
135592,0.0461012950455803
33479,0.8934861474691987
132981,0.47963658376358254
130078,0.11384172960434187
131334,0.015314356326221735
35162,0.8402822570681477
34542,0.417650930396726
130346,0.2162550611541507
131665,0.012197826462398887
32133,0.9653579736252633
135821,0.050527413297355495
133797,0.008243765345221503
31694,0.8199121866483385
33868,0.8607082923765615
34562,0.6568746502373668
30778,0.9631099385530881
35953,0.919163876606924
36324,0.8575080340490753
131758,0.2638092124972923
31553,0.6405020992937718
136263,0.22139901342079465
133625,0.025099794632171966
131863,0.17759026774153208
31499,0.7616851399480914
31569,0.5776670760130739
32279,0.905714136252402
137101,0.7836943339065583
136413,0.3720844188735336
30439,0.3172254849365856
33311,0.6628962744715889
32466,0.8123435320068857
137128,0.15296402357769295
33618,0.8537655363916311
31505,0.9443541143614423
132577,0.04575603201711433
35526,0.8721801897885798
30137,0.4961530924071494
130037,0.45530682420978563
37316,0.6200186799766706
30143,0.9946152279246397
31301,0.22537197605366033
132580,0.4040622642174411
134924,0.7807113248318992
133671,0.008847222894477485
132392,0.10109432960148867
36963,0.6178683570103137
35418,0.9016271503131668
31162,0.5226384513530474
35147,0.5921527200241193
132341,0.1534235018503768
30301,0.6606055817399206
130710,0.4935271445909986
137186,0.4645021596633119
130944,0.2099137543994707
34121,0.41387816742411904
133095,0.6240975693874371
130631,0.1707857270616044
30809,0.8966048875537724
130729,0.001158227887903657
33908,0.6263099413780645
32827,0.9142938074064405
135325,0.22239136613114582
30341,0.7300085254541893
32698,0.5497426500263045
130310,0.11173566742352677
33481,0.8236528082466615
37129,0.6638731663716383
34042,0.33828349202306174
135868,0.07048659308429031
137308,0.08844279433963143
132016,0.655054904264322
35783,0.6097275025648825
36711,0.9068971743893296
34216,0.41720188522205687
31922,0.6603364082090641
33684,0.8332044567716208
33801,0.76116114398788
133954,0.0982412600962681
32211,0.858669884349846
31041,0.716316891069238
33834,0.6302976497340274
131300,0.08577187681598833
131487,0.32341374796321026
34981,0.40509439456626556
137034,0.17161386794413908
132461,0.4762102449625774
34326,0.9693682038616026
30064,0.41446926746546847
134267,0.36635433955602625
33212,0.8412793006968275
35017,0.41017631908917573
130203,0.1821446364510113
131671,0.1424110956996571
33518,0.8296482628148437
135572,0.31689009898647597
33569,0.7732621658122868
36938,0.6636618851882493
36042,0.6818575886242375
133821,0.43734203348393447
134645,0.36117873507255543
32951,0.6546655060819832
35937,0.7634741130528835
135597,0.034397533683947865
36304,0.4865313751262666
32304,0.5305467124853547
131417,0.3295587318992159
135204,0.4714178499645945
32317,0.9127027316920963
30651,0.9242332768065266
32891,0.6240499000107684
131077,0.21045563860709351
35053,0.7489134022646673
132699,0.0515161215711949
35806,0.7108408073909588
31439,0.2118847797131737
135899,0.10810373882694904
36984,0.8021895158122822
130018,0.2400802022775176
31730,0.49299858055259765
32663,0.8228286509165318
134348,0.14026579715024623
133889,0.6962378217415787
30502,0.9703533755754603
36875,0.9358670518437856
36322,0.48325825355970947
135782,0.4448859771885768
130501,0.47932037165028596
136463,0.3377894055274727
31196,0.7711903897850572
136035,0.021455324690607812
131302,0.1948165227574427
33775,0.41882075295490495
31581,0.7760062761093234
36912,0.1909684041272537
132028,0.30827468201011177
131065,0.020631344260853033
31977,0.4006420588760706
135619,0.005310499058981104
36305,0.9242439776722987
32551,0.9609177081550448
33195,0.670072156520122
130422,0.11784828871154694
135379,0.04498351579204454
131145,0.40350223562546084
35484,0.9599816918042908
131879,0.5715185881746151
130297,0.1469854129400119
131854,0.32075387934790733
31059,0.6134301099542087
36876,0.5793353565238364
35105,0.6568195954102892
30212,0.5657304214411014
133674,0.2282978420174914
30175,0.7776815803002709
31947,0.7883921110657253
131348,0.4657277304510987
33031,0.9791786178525559
32530,0.610808222689189
135153,0.19641098769268966
37043,0.7449160459109093
35170,0.8562995563421355
133783,0.8693867332141756
32778,0.7834951451853266
133426,0.16153870592390357
34618,0.8126329992138918
130392,0.09431418759503747
132436,0.06062994463364822
35368,0.5852257134592853
136912,0.09359156246153488
36646,0.9981354051991111
135295,0.04490307684172786
134167,0.02660342171730193
130364,0.05287875057707433
137281,0.039988327468123475
135146,0.03599478307703487
136886,0.21497297814059066
131629,0.009190154864056294
30975,0.5798889564597526
33193,0.783003349033267
131153,0.6393570234692957
35778,0.8905232080507874
31784,0.6426766157214755
130841,0.22588144918850805
133350,0.30480104250117446
37477,0.7945963271469105
31323,0.752076302430393
35909,0.9716929402039391
133119,0.013127544509005612
136070,0.3217112545412634
33450,0.6557198673696011
34073,0.6665118006479591
33007,0.3673343175342324
36918,0.7027537779770381
136242,0.07093143169955042
135438,0.20112326997877664
131362,0.18071156758405865
30713,0.7686816581980531
36947,0.5416442686478055
135600,0.24230730398872882
137396,0.2714095560060324
133230,0.014721734053863343
130902,0.08716548524518414
135435,0.3740664575730742
35031,0.8562943734349944
32683,0.9864551637908634
135961,0.24382276450280876
32540,0.839633262689164
35473,0.5458283282678839
36149,0.8415329742822641
136584,0.006495992799059391
132559,0.09974353870697214
33702,0.34958463735831924
134319,0.4380614629050015
33690,0.5965834015905858
133274,0.020438680797216342
35955,0.4555843127033357
132918,0.009565363405315374
37101,0.6556269049142377
133805,0.3875137803041218
135762,0.7985627843982217
136614,0.07591320262759646
131001,0.4881600141836151
132549,0.1066476228002966
30749,0.8195759439647475
132459,0.0821147030076939
37105,0.820742804590162
35239,0.8127362945330735
134887,0.7466539510002659
131980,0.06914658524014265
130778,0.21966112632488047
35660,0.6339246486202572
132894,0.5692939530860702
133229,0.02350031954222955
131709,0.25048378067680777
33909,0.7213111729805518
135276,0.27490015972415016
131934,0.048802273852980776
137444,0.35645991151789524
133008,0.66254971751046
135598,0.357593860261354
132021,0.3605154639298505
133506,0.14389196640030352
131400,0.6818522164198836
35454,0.6744291937091906
34382,0.7685011246180037
36433,0.7386480751298039
130352,0.05592682333824038
131783,0.3800394153449125
31840,0.7368762390735848
136650,0.15360887862602848
133905,0.5859089558026218
134873,0.24285158175731503
36960,0.9503707299276493
34378,0.9333912465790197
131928,0.4881645254139602
35840,0.8598871926412356
35268,0.9183509086617723
36507,0.7030590032654598
133884,0.42392600273232256
37013,0.8023036040735462
31182,0.7970541785753763
32014,0.8203990824367222
30366,0.674547899924524
136932,0.5434059158173428
34331,0.36358392529443817
132561,0.7662026333147622
132489,0.1463840343507227
131995,0.663698524723805
35741,0.937861314725541
32679,0.7557408465679868
131469,0.9963106227544256
133746,0.1569045282362249
36820,0.8796217140110644
134629,0.11280537099785916
132690,0.015199644071843545
131198,0.17471201030927458
136027,0.03140403881670438
136691,0.8784580973992075
35381,0.716777315365589
34972,0.5789158987032323
135456,0.3125087282186359
132498,0.5451627685133975
33101,0.7949283423111216
136555,0.2405556084134217
137387,0.14982906987600073
131970,0.4665591279349686
130949,0.10508243310035212
130779,0.4058397178438395
34916,0.7768097205345446
136982,0.13527110262627473
130315,0.1548299998327127
134541,0.5714777418945042
32896,0.9387841383958466
135001,0.18179156995605825
135759,0.060826505154252884
131085,0.6607703736389691
136965,0.5738678846232309
134355,0.0439395840912187
132361,0.06507965282001844
134412,0.4588383192788058
135279,0.44293294143276524
136860,0.88268031724934
135346,0.21002948332731017
30383,0.5182760711913277
134470,0.07017543161863277
32751,0.8883371524856455
130192,0.14290157680153354
35441,0.36649566820256174
137471,0.4242820519421167
135930,0.5403663244390898
130444,0.0754772750086837
30988,0.47512900942569014
34939,0.43843959236744967
35517,0.5999286438301302
135688,0.1338936525812197
130590,0.034410981630192475
130639,0.29361736406803957
31356,0.4415475715024891
36302,0.8712561503774341
136656,0.06439081732456277
34014,0.8235544882036255
137452,0.1716930471063987
133810,0.31270039257497434
34070,0.6528064459925931
132270,0.11173619996793599
36991,0.6135565665095454
30881,0.22554621101912298
33186,0.8376295705851245
131467,0.8267485469171196
32470,0.9984000129033764
33862,0.480264984620695
33467,0.2720811962526109
130718,0.029917902426120392
133162,0.10846384318990263
134270,0.13112630931414745
36761,0.772765551227443
133258,0.3467300896970107
131691,0.3502246064986547
35599,0.5106329024088389
135173,0.5321519848576639
35265,0.7810566391473214
34541,0.8743461899757307
35065,0.8672931441867491
135038,0.8324770464035769
30242,0.3433152380848174
34854,0.9249188456857217
35115,0.7909149327858108
33506,0.773530917720786
31019,0.7269906782958668
30447,0.637259666477245
36542,0.998324723858433
32326,0.9254511856526878
130999,0.019242365721093193
134837,0.9626855231051731
135882,0.30301321689878313
31817,0.8805283462094446
32861,0.9994049474830715
137211,0.2125132196612363
135612,0.7090335051154852
135084,0.44486278540474145
33427,0.5678183604991337
35681,0.7129686296106791
136885,0.7007216414170494
133769,0.27700422250134205
33501,0.7058835379215359
34305,0.9131965139617612
133303,0.17152572598339166
132210,0.7587867854988612
31236,0.8170678094725738
130981,0.01730220538950599
133943,0.3083748837765405
30840,0.8443481552932711
31124,0.7702768594484459
133276,0.027476037097101155
30230,0.6834625039638886
30308,0.20326814818296093
31275,0.39496265456474927
134174,0.602283679621475
37225,0.9036216140779968
35283,0.7476612034577086
130609,0.5548394984710092
36675,0.6850646346783026
37131,0.34908334767548865
130504,0.8130066052955169
35136,0.9998745916175069
31872,0.6136605756377307
130110,0.0290214810314986
35423,0.32144011542875706
32802,0.6215535831143965
131884,0.3772119772607191
32321,0.6379171589579039
37118,0.5044622226729931
31695,0.8051532893363657
30922,0.6885867556298957
130786,0.21119847961021543
35697,0.5226711853475392
130626,0.20574812784996047
130856,0.05602510580697892
130711,0.08856748377425903
32977,0.6253816321617944
131633,0.12796548382403986
130438,0.33688649210316884
132597,0.06731568920003403
31864,0.49368356262140567
130202,0.2950367683673863
35069,0.9858431269066414
133979,0.06127415549539884
37251,0.9702833016007187
33248,0.3939730342278402
133966,0.5685353910564863
135312,0.10161058003422598
35858,0.8475435038058848
30900,0.7366206743139763
32833,0.9264564511809735
36949,0.5574674153825144
133452,0.30108989014048715
33617,0.6978637927522674
36674,0.544795100210599
132199,0.04502749454584363
134608,0.4903116889535615
136505,0.18940569327771745
34169,0.6186551615690269
33244,0.6075342688638423
30205,0.44378692656049706
36264,0.9343423859466206
37410,0.13773804248101712
135370,0.5087125593076979
132857,0.1325133695223119
32707,0.5584550141982229
35102,0.9164294134821558
130039,0.06072701589484454
34586,0.921724339682928
136408,0.4040725629670306
34496,0.919273496306586
130636,0.08612344498979313
132147,0.2721655227507245
136566,0.7112116203722041
33018,0.8292171602697433
135595,0.24880474563749627
131663,0.5349144398964403
133433,0.07601712230366554
133121,0.34851766107353366
33285,0.9212038787457673
32383,0.9136231417272394
133147,0.03388758178944501
136712,0.23267119844877002
130196,0.055707973982316826
33265,0.8528423953074563
34238,0.9379257044493907
34120,0.882387864891411
131666,0.15689677296693752
35349,0.9365679330715132
30107,0.5513952036599902
136864,0.2669387978875861
131748,0.03143576261153858
31717,0.8403237985185503
135061,0.36454749449803886
132471,0.5052659877114757
35068,0.6354875683256754
131850,0.32671599961620873
30068,0.9999626792542555
32337,0.34472696559698124
135772,0.07346208717454597
32260,0.8149257841326409
135439,0.0545412179760137
30573,0.7405824528936157
134714,0.03624853612606624
137008,0.22679433345533248
32777,0.9554217023720333
33341,0.9761889343632699
34645,0.6024448647650791
32987,0.9276880184897499
136781,0.032064534937077054
32150,0.999978797035669
32809,0.798969158541597
36572,0.22102836667188128
30544,0.7869731892341963
134984,0.4678502091495356
135392,0.13070903362226027
135017,0.08223529982100986
33096,0.6976101785091812
30125,0.7440369319400826
36333,0.6205236041773099
131363,0.2654543891739197
134468,0.21619597236858767
132295,0.6797073079494085
136478,0.24686121400669492
130858,0.32771383052204545
132519,0.05454821034916348
30487,0.4011381197929812
133030,0.22114937238861726
134640,0.19282169934711507
136297,0.14952457585682857
137420,0.5662466582905732
136328,0.06361836639579459
36698,0.7895578805876635
130591,0.07362409488421302
136685,0.4245081634482678
30991,0.8851217447855069
135245,0.04362553809018169
135363,0.14457117621868715
132601,0.5250795660953311
135671,0.16329826489254776
136016,0.08306544112781748
135715,0.06797047121284394
37384,0.48653830498099404
31283,0.8713977510125172
130600,0.5199872396471937
36952,0.7203530205309064
131495,0.1497834282167658
132623,0.026360081465013275
35267,0.9160749008868824
133161,0.025884389929028518
35425,0.9016012402057166
131356,0.42229710747675936
32899,0.9993777258796201
36663,0.5278439208021454
37398,0.9755337245166443
133450,0.2338910515797896
132829,0.5228716956242472
37115,0.5982640200227767
32793,0.6711258228463858
31735,0.8651538231942602
33015,0.6837819288004557
134824,0.18112102697391808
130453,0.44209085634592427
34953,0.3917051601656045
132423,0.2506547950761669
133207,0.04618216298218068
134279,0.25101957013992465
130089,0.10144868686692192
36780,0.9071105577387847
32154,0.8297500252842114
35406,0.3928224595988653
135981,0.06885039235265053
31011,0.8476231876622955
135774,0.04175416163067539
32195,0.07400761316754151
33672,0.5509616904701065
134139,0.685174892406741
31676,0.8645921501281906
33122,0.8106110361416579
36807,0.8307659216532755
33241,0.8970089829057548
31653,0.7776227261254135
135138,0.23832220062430554
33973,0.6430515445907055
133178,0.13923408491680728
130550,0.03268615593112761
33629,0.8970851451107641
131687,0.005703452199842738
136208,0.12674615440194553
30412,0.696679754567845
136913,0.11980203969302569
133846,0.02258785193771568
136706,0.19195787303913658
31801,0.8708849050542313
133065,0.03892948009356208
133777,0.5147584717206445
133463,0.1272248960282898
34821,0.9060904500232687
135143,0.006858081935211898
133990,0.2050311395505538
32936,0.16610009518182348
131543,0.4859745809460819
135544,0.5056119423807909
30444,0.9351623581338249
135030,0.12405729172852933
136053,0.028754246903218803
133596,0.9218513524380559
130800,0.15736795921808144
136508,0.033262813812825004
31258,0.30937885455473135
36740,0.9995156798183394
31721,0.740346658854494
35595,0.7691644995654429
133458,0.5453955306859772
37052,0.9743594121716681
132132,0.3403277173369452
31846,0.9999367581132024
135810,0.36006411934604254
135356,0.07493113126633587
135197,0.9840509725403703
137459,0.46090312132713673
135631,0.19698026633422347
130062,0.5854140062185536
132651,0.008713337633583078
137240,0.5878083215979814
130785,0.04763562675521063
135184,0.4355328911731293
131035,0.040849099122542414
130930,0.40581737264524953
130238,0.37982730159872596
130989,0.10913399710281185
130835,0.021990289077236304
33732,0.5028332548887272
30031,0.5723723305416055
134207,0.5201063602181282
130472,0.2097053981704648
36382,0.42300600106672087
33937,0.7088232370543801
35510,0.9439357771486684
32542,0.42901225797561027
134140,0.006711234640268212
137002,0.0808005502766436
31146,0.7527507737137744
137319,0.4406716740660199
35307,0.9578274623579253
35465,0.4914558834192692
132697,0.1877373145973829
32323,0.4871900794842059
33912,0.8983248755698824
130644,0.11150781123796029
34257,0.5484123698706596
36290,0.8332819915702201
35907,0.7118011783145614
34892,0.955058091067309
135865,0.14751381084743126
31675,0.754085166808205
31634,0.5922174301961096
33720,0.9972090824736941
136797,0.2555752169812264
134857,0.06154290691640053
30779,0.8964193714488458
134850,0.25961384348504957
130630,0.4141973728128368
35300,0.9388027671329564
34625,0.554155876235185
137023,0.05929220670900501
34948,0.6834626932995022
135151,0.15308049758593703
36011,0.2717229077562781
34833,0.8278516299558194
133054,0.11884998386247898
135419,0.21947021920659301
130153,0.00930653962571672
33948,0.4815609428461394
136161,0.10948410207447105
130791,0.29913894790484885
131801,0.27995282709766806
31905,0.5645916931690146
36209,0.8664985123589317
35980,0.9999744126478118
130737,0.05981639715134971
133358,0.0690791121923874
35512,0.8152148388529994
37078,0.6139809833768157
35366,0.6861097042916957
137239,0.143116581840182
136445,0.27006749843677663
34150,0.9412791562026266
35110,0.9045504134554865
32244,0.706236587638204
134183,0.20538396618249177
131131,0.035333238617457435
134241,0.1524996511543998
135122,0.28261815377817756
130305,0.42379933523646063
33816,0.8704121441113831
34088,0.7580738883292435
136644,0.1656731142572401
36080,0.5487872707014936
34768,0.9600763621601461
30044,0.6473314894118002
34921,0.5984334724335987
132179,0.03838036456125966
30672,0.7351983504673477
30953,0.7074235334127049
130700,0.03647735916196682
31705,0.7726505493535598
135653,0.01174863083810822
134325,0.05891790535317125
33437,0.7164826685060087
34544,0.8054121179821252
132835,0.08615825192080698
32709,0.6945811300364959
130071,0.20027327961999156
136891,0.08258922978682338
135822,0.03269733882886365
132915,0.24631346674923146
31771,0.8308817616094893
34797,0.23272681254455577
35625,0.5694696740181596
33905,0.6065901104724069
30464,0.8985116659409722
131217,0.9285561612863452
30120,0.5390099202057811
136580,0.06697182215901507
36944,0.8315256038392799
131645,0.22705359360681257
134306,0.2535137828295611
31786,0.7597761203739747
32770,0.6241071768114169
135954,0.14320489899175998
130932,0.25442604610607183
36648,0.36657969262998347
132706,0.012437993830717633
36867,0.24065434301508162
136010,0.1934954839174121
131557,0.0823247473393798
33100,0.9274289309160048
133319,0.08789016018419676
130674,0.3261056159332794
135436,0.05191098653356519
132836,0.25544742540501203
133629,0.46065804073750644
31649,0.5388480767463139
33284,0.8474885933188301
31825,0.9994824820541445
30073,0.25978480516897046
35529,0.8167374348438433
134989,0.3178038557886747
34161,0.9999519243426
31094,0.7771657040787066
134403,0.46430212610406435
31202,0.6999869578098317
131097,0.18955289857199376
33242,0.4620587790680778
135098,0.2868537882633373
32146,0.7137807353257526
30061,0.599732599726226
134238,0.2749655107329873
137058,0.017189259505689992
136720,0.5132717827001559
37082,0.4500609873901758
130232,0.0822571667841905
135918,0.04333969765861952
31816,0.49740129556013113
131331,0.42108647942323923
130376,0.3359993989394846
134018,0.08347046563199016
34616,0.8734709679427849
136090,0.16467771721974708
131512,0.3244546764324703
33545,0.9939752076808006
137112,0.03719623669407679
34960,0.2764566187024382
136089,0.4179937478018855
34606,0.6771183955713945
135967,0.5608569936715896
35165,0.6718641051814361
136448,0.09710043187396672
33063,0.3068469346388918
32557,0.6794227038324068
32263,0.8785854475651379
30181,0.7220693450692004
135086,0.002820341682287286
32057,0.9748872687413361
133941,0.8932135968997982
35214,0.5419757690605801
30254,0.7177566996989708
36235,0.9316853914951785
32149,0.728376474111327
136074,0.176951359513406
37149,0.9979086934067501
132039,0.5167978994233603
35559,0.5429266361225095
132041,0.19991590766590678
35902,0.7662594130672621
137020,0.6525799581206702
130349,0.17865868712845728
36948,0.8224305612850574
36401,0.9653440787526091
133573,0.14959845927806623
30360,0.17786215281757922
135608,0.1503589299955329
137337,0.43521555369523024
34963,0.24055407577903642
37376,0.311585531159083
131089,0.9633151983310754
30557,0.9498001791929879
35133,0.7640984248398045
130470,0.4950210979723789
35324,0.9058622351067249
133005,0.6650695143990132
131939,0.22419387066693883
132900,0.36379711378552015
36271,0.6564447025901432
135963,0.3007531732258017
131027,0.5095274187943233
33831,0.8088631478044199
30314,0.806561765411609
36612,0.4072843532787382
133840,0.026947374887256632
31256,0.6853465852169575
31503,0.8490623239242019
135378,0.13073349229995807
36499,0.9984389541970605
132573,0.2689845569259957
131107,0.20499229170489475
31795,0.38752576443003806
135088,0.3906809543278333
36732,0.3813037993753147
32533,0.5674220889097291
36494,0.6072993613095721
130121,0.14135813960049337
32098,0.9137580033867152
35721,0.7259282583002321
136922,0.17720343561649507
37289,0.7431399349784337
136250,0.1628690863285536
136889,0.020196250158010836
132763,0.2924467779306979
35518,0.717706848975349
131545,0.14772889489825936
134770,0.1070226085350128
136993,0.4600840859599349
132499,0.1923676435462919
134076,0.07108685136944204
30275,0.8892229112525672
130493,0.2608831508299817
137063,0.02213593060775081
36082,0.7127994391231381
132493,0.01805091235039266
35091,0.6933184165934173
134780,0.03276502404044641
30438,0.5655409382084453
132812,0.7197947136850493
131108,0.48553375695344164
131533,0.438003986699837
131150,0.020569963496113033
32462,0.9196084341056808
37353,0.9497907478712554
35207,0.9462681958530994
136777,0.2891291574553252
131789,0.43920069437584836
137479,0.15519280869676264
36713,0.3273130985870291
136936,0.023884919048869517
132088,0.3567667213111497
133363,0.4333814330047439
35337,0.9355800395539592
130966,0.0964090637606008
133859,0.03396315961275516
134389,0.25981633701309564
34643,0.40543186267643033
37364,0.7596186027151834
133001,0.037543057151325845
134621,0.266460433157984
33818,0.733861442815616
32901,0.7272546954655084
36204,0.6510349407411361
31130,0.8679850397836701
30591,0.3552859460043193
33261,0.6859005702781883
33866,0.29690089588681445
134019,0.269903374449131
135505,0.05343914074261668
131449,0.28518615199118175
135844,0.4911140274531384
133992,0.43964894218770717
35121,0.900025105667427
34074,0.8293927817253927
34135,0.7444976803932608
31077,0.5430552560404674
30658,0.6987221652879164
132636,0.2156842607960269
130466,0.22812541283517504
32701,0.7645748173395941
136124,0.7628438721491777
134093,0.8882818637829284
34175,0.714875133844947
33896,0.13041912335541675
133441,0.013377685768589711
36368,0.8258332317882406
30711,0.821369299324955
134286,0.009279277586485205
34976,0.6790655800494111
132799,0.237441811517488
32779,0.40889398203105165
136114,0.05004168225652153
136495,0.3358279551446849
33992,0.9854670581435475
136320,0.15801323562011466
133693,0.9999372144631267
37417,0.893561171372793
36592,0.8088071884800865
32118,0.7148397274846972
31805,0.7777191507738356
35289,0.856567345431237
135264,0.5895842175853777
30243,0.5836739701219902
136174,0.06610210028546361
32608,0.727340686837645
35054,0.5487432140453791
33249,0.9334819783532061
36218,0.4221924836457256
34685,0.9255211434132202
131478,0.13935574403665424
34258,0.7235134703438699
36028,0.40852914022844944
135789,0.14585423478085957
131188,0.4075927452710519
37292,0.7095580297544608
137406,0.20596601566853576
135326,0.0200347243900962
32402,0.8494703258246941
132165,0.5332329819477701
37107,0.9625625675572306
35216,0.9986781466618596
33469,0.8985793358852825
132529,0.4721403407450653
33804,0.9603984901886459
133728,0.44886679142940505
132530,0.37488610905419245
134149,0.25641863149498184
34659,0.8650158149717743
32053,0.8670245494552186
34852,0.9325642557561287
136985,0.16126536865725538
34630,0.8000311204252898
33817,0.8518133931063497
133186,0.013295530846039938
136331,0.10096237182482762
137434,0.3002965065333817
137085,0.18717746939114224
132340,0.2955715235671981
36768,0.7535278671976269
32365,0.23868036111060925
135024,0.012936716074154118
31952,0.9845015388720745
35645,0.9245607372235641
132285,0.025150455956915996
35114,0.788375693342201
33152,0.3990725560829597
131905,0.3389243038452282
31968,0.9697057961357195
34277,0.5819243836004679
35249,0.42308111225463685
134285,0.17504012036219915
33280,0.7785016718220348
36116,0.8667363468307913
136276,0.30284507452877224
137415,0.13658284652098782
132828,0.06409682874629376
35781,0.8423183272295772
33919,0.2845038638342334
135686,0.08729352363722781
137393,0.23304723960156748
137480,0.22988374024022173
136969,0.11574443696666556
30522,0.48215257389517185
135502,0.12384787462846354
134665,0.6878997125124205
132843,0.5115795288174328
34252,0.7721110017555783
136007,0.27893942130797456
133919,0.5455229696450539
131049,0.37651457583280135
136921,0.4644194708064477
30162,0.7930242284594744
136291,0.18173277917870212
33314,0.6088442758481502
34274,0.533345295268198
136399,0.15457263714862315
30892,0.5494869327385794
133818,0.2640727895697148
34115,0.6901221826323155
133037,0.3951882147483686
33536,0.9064915208555338
31330,0.8099082041782114
33927,0.88020970413461
134813,0.0020301606698723386
134544,0.4192585964204968
33632,0.7623015161422153
34528,0.8171455635924508
34424,0.8308754696271367
32292,0.7747420920137322
131256,0.1753637644115588
131176,0.3918743480744502
35067,0.9336727586454483
33502,0.5538169947787481
32607,0.5605864503694195
133974,0.1146195468004016
37415,0.5270785744599442
130817,0.278227700731369
131616,0.03715783501732034
131723,0.14839697284378178
134865,0.33575856610427
137117,0.2771380707552142
30201,0.7522873696046758
36718,0.6827321122228839
30057,0.662133414840924
31728,0.8767943400954885
32627,0.7543838801155687
130620,0.08388267674274091
130888,0.14423233490021772
35762,0.9117962934240128
135437,0.2285460332921142
130158,0.6627514484797105
134056,0.25204453137725336
130445,0.9689309801175056
36521,0.8411809077879827
133474,0.006658611067956829
32842,0.5277125737614559
31787,0.5125043349539182
133788,0.22226229994522426
30827,0.7402645024575812
134929,0.19751087899080833
130184,0.3041333348659065
133877,0.08537875023358173
132705,0.1993947601567647
130373,0.1309257809712719
34453,0.860582609996937
35372,0.9298810368166031
35867,0.44199017320561396
32724,0.34708962791356957
135529,0.08243730905095446
132247,0.16104188810472883
32950,0.9311688680337334
131430,0.484242064124269
32268,0.27108494801722494
132676,0.20313365730134192
34506,0.18381728809676984
30272,0.9534530406534732
36766,0.9963106227544256
37418,0.7778273551288464
34281,0.8826553945017772
131298,0.22309845149223023
136477,0.22024861155809367
131088,0.37443751076460685
37370,0.8479307709839362
131355,0.7716902857045808
137017,0.184509588182029
35822,0.8194768111973728
137284,0.09778097731135012
130991,0.9993975482565802
30192,0.9344917243765192
131527,0.3094607572182824
36577,0.9999611796954925
131283,0.3916776108663983
33906,0.8116196763273628
136310,0.026105131825792487
135991,0.16095473588132128
130187,0.7135379850653797
133256,0.38471581695958895
133503,0.09894623532073198
135871,0.06659440646302899
35727,0.7310125707011349
130891,0.22445582634679342
135398,0.09032732239148188
134096,0.2867665210154572
133514,0.0697210148897463
34866,0.6525212699164745
130389,0.18867548512370214
30776,0.511306609050918
34770,0.5600874289539082
34595,0.5566187186931869
132997,0.31023557434748156
135777,0.15112285916263504
32120,0.5922135390293558
133622,0.5077228509013697
36400,0.2555583360987336
33231,0.6568370976369413
32644,0.875058523397248
34408,0.8131652755548451
36509,0.6144917651785817
132048,0.07099800170720237
36455,0.25473458256977455
136756,0.2733542060268792
34187,0.8238100565079941
134977,0.16723420441171785
30920,0.9575698012572331
135526,0.17335982878967013
35382,0.912283799981907
34148,0.9248921021365797
136554,0.17666995934019503
136666,0.3098623036624103
33385,0.2988777518197351
30665,0.48535244898082847
33322,0.5871531649266838
31822,0.8335408057258017
31497,0.8975126340353389
135029,0.032371660271930745
31691,0.9008379889865752
37339,0.779456308661359
134936,0.9939760645599917
32255,0.6171921868093166
34538,0.42621834774892803
35678,0.2718766166689225
132105,0.2347356726846902
37434,0.9526079207327531
130984,0.2771890404524893
37015,0.8337039591183066
132689,0.14089563741855643
36106,0.6216131314647064
31577,0.9255760517080467
132502,0.17276289167577963
34607,0.5448990808042882
130255,0.1410270608397241
136661,0.5477485651274968
31598,0.7818814059138879
130916,0.755023190533444
136098,0.16192646718901874
137091,0.2737254436210323
32865,0.7088523821480983
134040,0.41190223110213625
33740,0.9992973210277318
35695,0.9559362015122667
135818,0.10595640075833113
137350,0.018893216697773607
36159,0.8302713078864282
134029,0.3658553559788696
134501,0.040452284010820544
133510,0.0058698131613535345
33599,0.8595936520954173
137323,0.06329476935740627
35146,0.8415629791897213
135942,0.3404307253062105
130992,0.040059359230363085
136901,0.016172604854928184
131823,0.3807587944735192
131191,0.16674286223655224
33977,0.8056675604570067
37057,0.8604503452948331
31875,0.6974706567555157
34986,0.669202064017451
36596,0.7913600650680805
32917,0.6466502940056936
36491,0.6770405856776327
36208,0.6223739050046572
132813,0.24527192953718283
133269,0.39857814142195747
136140,0.41431928071128477
133809,0.016100386714659565
135837,0.4775038904469211
137451,0.1610255068453529
136020,0.40559793507959024
37113,0.8730470271153025
30099,0.6202220907869956
131696,0.43702024899561664
30131,0.5338793670427976
136703,0.14446212099786204
132919,0.1354857179062228
36556,0.536190817118161
136763,0.5006506146211546
133912,0.4337800436792325
130245,0.20385998858497953
135375,0.12616501363615687
33779,0.570129870357819
37262,0.533557296114131
131015,0.9568666462691388
30957,0.9314932412433903
32907,0.7670030970234032
136716,0.3988977164487655
34079,0.860890790926052
32819,0.7060409996053958
130582,0.41894186794854527
132193,0.36488026298654574
35687,0.6297409359545151
31607,0.7139477027699579
32019,0.523451819648935
33591,0.9968420657088601
33446,0.626319579868447
36481,0.4332310555296995
136983,0.024882836281733153
134393,0.07320877807777909
30289,0.5280976765351653
30042,0.7219491281723995
132450,0.35496310928727903
30043,0.8312485931673009
132001,0.2755761837348222
136719,0.026742855324759
33814,0.30860181313318663
135078,0.32833422971919163
133623,0.02707145013808771
134130,0.4093034601955159
34039,0.47244153625557955
32593,0.8299767232968196
32532,0.9644618695947222
34589,0.7568203802695459
135658,0.16412351153494248
35655,0.9412404406714331
34005,0.9315877854902728
136257,0.004523721406447307
131820,0.7249424737856021
136077,0.1317137870806866
33491,0.9254013656035888
32396,0.27588547762719484
132746,0.033863750848139175
32768,0.6301695513191405
36566,0.41191573580618784
136905,0.38664301990277583
130323,0.05904266116692386
136762,0.07361565707115857
133268,0.08680125791777961
132460,0.06150357607783365
30548,0.8133642607344617
35933,0.5905672658882661
136210,0.31805837009613147
37252,0.9970801760522258
134242,0.7650996270257936
131880,0.30318620124558393
30523,0.3884668935011367
35131,0.6813235264792382
136270,0.13045330083942383
32181,0.892424059283048
36545,0.9999817455479235
136435,0.053810296933905245
130545,0.24109865317257642
131579,0.10942067189507804
136663,0.09711358029420211
133304,0.10375543256503865
131580,0.12644518916927416
130103,0.22727986239689255
30524,0.9680513096072615
33067,0.886014161667612
34764,0.4674021759246312
37248,0.8482778896913967
133114,0.07834505749212707
132679,0.7829901305878861
135463,0.4490363501586755
136992,0.029456292338781435
131743,0.0970333179232761
36853,0.6915193240856127
36659,0.8460459760369319
33350,0.46150794736441186
31739,0.6496749430503255
30177,0.7068868460483045
31114,0.7459731267726232
32220,0.9405917411807383
30708,0.7138682072054101
31935,0.3569692871545764
35734,0.3501199193453673
34249,0.7170410041332459
136450,0.5371541510284221
31833,0.6437722965202293
32757,0.7070575446628778
137268,0.2781495131124014
33153,0.9286145470069304
137448,0.04506163644532438
134222,0.2527759412482613
130804,0.37783270309470973
37098,0.8763251138808795
131781,0.5616209355428512
34802,0.9466140295321094
137405,0.4273296775224392
137338,0.705160571415545
131574,0.13910924792943744
131841,0.04908308263550277
130705,0.2307113969416767
36474,0.9127241585530838
32846,0.6691438920588638
131766,0.008763715526052566
36340,0.9280952339389342
130298,0.6755184770843736
131050,0.28932786722775106
36899,0.7964450558809817
136224,0.37391303406346144
31657,0.32340263367424305
134563,0.0840139227395713
137174,0.41660095208922304
32024,0.5651676570611627
133691,0.6645258389554375
32488,0.7498763477716024
32170,0.8929149544731338
131064,0.0012805110584015959
33827,0.9346774561639946
132671,0.863585221047045
35509,0.6386607079928792
134988,0.24666508749215224
130929,0.5591827750879834
130855,0.17189876932757367
132240,0.9994193973369894
31494,0.6230904126977466
136837,0.3085689807194547
134072,0.3343191984401931
130619,0.22531723196977774
130428,0.25129343220922673
135380,0.1440864065673619
32029,0.10595025062730822
35774,0.36075011129827045
134489,0.9817641003689989
32209,0.7678008791749005
30534,0.8964690475926622
132842,0.23714530288942365
32198,0.8853555952658884
31633,0.8493378012272716
36182,0.8181054138255918
37184,0.7532194413274356
33637,0.8805602864813793
132191,0.2822892553988365
132516,0.36677553768422966
130564,0.729984349237637
33006,0.6986698310185587
32342,0.8060036088008514
35313,0.7775558350245737
32948,0.5201445924432095
137487,0.1398663062409042
137488,0.044981805162699666
33136,0.5444019410592064
130256,0.16655011303148928
130216,0.13392775241693644
33246,0.2698537677618889
33004,0.7465693907506386
32258,0.22936771304959327
134529,0.6199269462353701
130669,0.2101196119291271
32350,0.999912424946111
36696,0.7088279391496057
34942,0.529736320726755
32514,0.9582081308550486
134565,0.13287600336448216
34912,0.8490215091539877
131805,0.4006316294476106
35855,0.7715194875872026
137419,0.06209839865556621
36129,0.918586762574219
135459,0.8036224166261745
134212,0.49219103415033194
31445,0.8787875673952912
34010,0.8309536283208468
30805,0.615227629868423
33404,0.7832683759969549
132877,0.16493518025855577
133560,0.3144017140133403
130634,0.36857661999250135
134535,0.22932673663130795
134092,0.029141091774113025
31702,0.7718780334933634
37491,0.5713160265744524
30589,0.9743826962833929
134882,0.08297978388886264
136617,0.6542597983621715
36362,0.8737093598630388
36009,0.8666080543887146
30811,0.8072122780161715
31231,0.2642494690093817
32190,0.30632757557861934
30494,0.6213982868290007
135843,0.5163901449019416
132128,0.5767827583482421
32675,0.8043586088208835
35706,0.8596380611774829
33107,0.7165929991111122
132569,0.1400003298609723
136170,0.07969303621025774
35195,0.9148431901536572
34083,0.9156668042347007
30866,0.7022747574064838
34502,0.8852406167921992
33993,0.5302312570493093
131279,0.22996689143364116
33328,0.9104087143085043
134443,0.548581527516727
35854,0.8188726823769255
34472,0.5918551752760794
136736,0.2071504829585047
135101,0.11622731236984149
30091,0.8508471741649336
34279,0.3973826383797762
137373,0.11440007036650601
135787,0.5477632083794491
134208,0.3644038577316244
34584,0.9826455707693126
130471,0.07475186254983457
133205,0.40251675856912306
130510,0.005502371605758091
30921,0.608175556296285
30574,0.6891555723157717
130117,0.1645112833977333
134916,0.28395183510045113
133789,0.17142803299750942
34846,0.9916408262562407
32605,0.8684791905685711
131212,0.08957009587204674
130044,0.06341163449464025
35845,0.7313426479160668
31682,0.9080472565878305
35996,0.5654704866109757
31855,0.9040368562750973
131099,0.3777939535357629
32202,0.5143008379002324
131068,0.12532268259191073
30032,0.6391107802812663
134825,0.5266935140019623
33511,0.7274518667574751
132378,0.37009965820423724
132155,0.3341996061254205
33486,0.6934815905771734
135093,0.018545555868053946
136831,0.21097947739897152
34656,0.48354714314668856
130236,0.2801336470992061
35732,0.649901662961233
132487,0.46649881505921403
36101,0.780366440765212
35085,0.5389747415264433
130429,0.2160144140318554
132986,0.6491762776347089
134293,0.07840016869059434
136390,0.09671024331447987
134349,0.05832758079037352
136988,0.12738510426039779
31379,0.8553613743771279
133447,0.17044934849501847
133977,0.39846258911226506
33566,0.8653820896735088
134215,0.23182947310800742
135060,0.24195311512266954
33317,0.9216752834451439
36699,0.7171995310538138
131011,0.2906194413193209
31963,0.15533451091477238
30224,0.8849944268664284
34181,0.7854453574562569
134992,0.08551404079368953
136434,0.07471223713354046
34381,0.7680853640488204
133585,0.1318355501081604
132547,0.10605960860952239
30955,0.9760954922953504
134371,0.10925585022835435
30540,0.4504119142188672
33974,0.8031532173722149
35255,0.9591262614012485
31612,0.9350755384103295
31563,0.9763177443774036
133656,0.008338748456428915
30508,0.7219845780340388
32270,0.8639219052737385
33370,0.8470282759738162
36183,0.4703623139340239
34264,0.5426636704080893
34891,0.6165736056651462
132956,0.060741284613845155
131968,0.6844897405296465
132914,0.04798504719407884
130755,0.03382231933435931
133438,0.10360462415574352
31606,0.46107811353630634
133703,0.2523691512847607
130221,0.19433664466523592
30210,0.3506975471540672
31871,0.530866941253075
137019,0.3791073264979619
30399,0.5778414224403956
33139,0.5382212569680207
32484,0.6159978044998342
34517,0.9187826219900925
34186,0.5079639893428549
30304,0.9348416786807151
36260,0.3728266648065266
33382,0.24150499556848723
135984,0.18685082543500323
134872,0.19573014818133166
130599,0.10276968355742458
130138,0.21072239099415682
34646,0.30438801116346165
32372,0.8022847212168411
130015,0.4834169117434152
130819,0.08721245425754538
30831,0.8107667653603341
134440,0.9425523126865373
32718,0.6319284272875297
36276,0.8382702668732724
36560,0.4835728309062377
134187,0.5682276901710448
130023,0.5679712615121159
135790,0.4095944057279971
135311,0.6782887260064735
35591,0.9175584730404077
135047,0.4377005284859053
130145,0.010471745194304747
133500,0.24691879302127612
136387,0.4865282171333913
134405,0.12539907363329744
32404,0.9131992088617426
134465,0.18910437188832813
36627,0.5722870209547976
133876,0.16724930827756593
136986,0.4469358911507012
134113,0.6272029450848025
134442,0.3379441199600195
136844,0.659605918957354
134595,0.06941981829847547
136894,0.39917780583801776
31737,0.7925260002182835
31462,0.6754946264692965
135535,0.1610995828365394
30638,0.7582373502431974
135752,0.014688962933194417
34317,0.9912944607672913
130414,0.0448002178596243
31036,0.922906580229121
136544,0.9999851274439571
34761,0.841643360469846
30924,0.667425502249535
37062,0.6325802052767283
130667,0.394346757291769
36829,0.9409102578345899
134210,0.14608034579818785
130112,0.4665591316592896
135872,0.1084105274420462
135983,0.6372759161934656
136501,0.13720646695352318
35680,0.6426902675243807
36511,0.6897690278194635
130131,0.9338137899379941
33219,0.977654102236611
30428,0.35315226128295013
133651,0.16408842708160082
32760,0.9996348918570664
132173,0.468717965144786
130834,0.39348696303513647
132816,0.1935335433085789
33029,0.7790817343506796
34863,0.28651571424427547
134095,0.5078828522541308
36485,0.48591514078718984
30386,0.9657440762050487
136737,0.7019161571153153
36706,0.6651633334736656
32026,0.5851742654040711
131210,0.03509791337403157
131249,0.10669584004260953
130756,0.3585129430125743
35020,0.8940263446066057
136383,0.2767314143963788
133548,0.07626240416517796
32958,0.8434092111659665
30572,0.3164053027714615
135037,0.9796571684388248
135111,0.2824678607383008
130167,0.10614433403673688
33969,0.5291692000774445
136014,0.14850024358631578
36156,0.9766240968516263
33134,0.6737206466851358
136428,0.1064325725689057
31549,0.40242810350719516
33454,0.9186265139119676
30418,0.4847796255766576
130295,0.11995999132696306
30981,0.9983580550077389
136760,0.022250190594215923
33184,0.8507876019239988
32002,0.7703480932555394
131181,0.2084415878639159
34779,0.8519437748115029
31863,0.7706404853213881
132004,0.27438087650590653
32939,0.8201632382408486
30022,0.5327887943036332
132201,0.31481124775862207
33534,0.9479678103152631
36097,0.8739930741584675
131165,0.20993560079362472
134300,0.34329112238922643
34069,0.9296513794623585
35658,0.9963620405105121
137286,0.24616605746429884
30683,0.6040272039699343
31757,0.5286954122852642
34499,0.227343157336691
136167,0.1292078333923726
34162,0.7951067409083225
30261,0.7902712717240303
130889,0.053565743518974494
31368,0.8661175146303836
36714,0.9434416624104939
32187,0.29016473141054855
132409,0.014176755255353262
36135,0.39131959573323405
34840,0.8631850923368912
35315,0.845942372217451
133073,0.9549582831365877
136268,0.09058994363563916
134960,0.5220277270862415
31025,0.775665662988915
35668,0.5794169491005289
135675,0.5883704128731954
33965,0.6920097189436389
31877,0.6483654817298242
30149,0.8070532592926445
135485,0.7157743847340777
134748,0.9068164055307244
136288,0.09559764146173805
137037,0.37066766472753016
33093,0.8587779774042997
131689,0.13622645575452585
137335,0.01721551084702991
137369,0.019269256716623395
133719,0.3300926017476089
131895,0.08638217005406834
135266,0.21516301066287127
135806,0.3852506446258145
135879,0.16384412157138936
132195,0.2182605015500814
30355,0.7978607925236949
132327,0.3726108764975698
30093,0.8314409547898333
132583,0.9207715627718994
131426,0.4641833011967334
135414,0.13343154760222944
134240,0.02417419955002703
34751,0.8673642671484739
33336,0.48450686106132235
135273,0.5934339223108811
137367,0.24819201850420763
32766,0.4118660637243971
31491,0.6603271956366789
32838,0.7127704167905328
136165,0.09846838531675593
33402,0.7575343889409571
136815,0.04149512882010277
131777,0.37007165574882944
134257,0.10774159109898584
33104,0.9999740924861793
132512,0.1262121197901584
133760,0.2314866270480792
136326,0.9254535828472085
131022,0.6443538651445364
34796,0.8529207507673032
33765,0.6334779011086543
37382,0.23490486059326862
34920,0.672445866953182
132771,0.32646769746943205
34929,0.7312527779438481
136840,0.023555114802825735
135467,0.2970061784403922
34383,0.625559318155608
35130,0.2695836623665087
35956,0.8349554603957654
34007,0.7596316866371354
36950,0.5135691241598203
30144,0.7020172309287328
31979,0.8851099488935465
137093,0.5975413143147867
136271,0.961297759340057
130948,0.07780384104695116
33141,0.8220710147002318
33588,0.9721430490521238
132996,0.2247718174168806
36758,0.9423850867928861
135382,0.29064218332069014
132642,0.5747553861924555
30479,0.04650898683197436
36741,0.9969133300954623
136741,0.08083255086480141
30958,0.6550856997921443
30115,0.9082711690729227
131864,0.1903255373427408
31857,0.7860850418641429
31500,0.9701082189547156
36914,0.7467133988321297
131186,0.8167316995365601
34771,0.7181154839436807
136355,0.12119793987742872
132254,0.14951436447919275
31760,0.3211035873047918
134776,0.6110205215049948
30282,0.7898804224293314
131272,0.1055513164983635
35967,0.3783659715634233
134885,0.14126451911832694
132932,0.02605064036866093
32225,0.886520803130366
131172,0.15367171060224338
133675,0.13431609298014827
131866,0.09310844813536923
136655,0.08057787566460411
130458,0.26230313193676486
36376,0.13383523510928627
36120,0.7088106617523361
30980,0.5137139735818327
131373,0.04581557741477779
131235,0.5378480234796829
34995,0.6939946356111328
37135,0.9532463115719396
32151,0.6842217767759041
136017,0.23592520990444585
33939,0.5250459839796133
30283,0.9201348866988975
132324,0.5556568822660057
31169,0.7363424930800451
30843,0.5825215798590603
135825,0.05976889801180155
31573,0.5804944482750835
135207,0.04593623597722213
131075,0.15118714531103866
30512,0.8919991805524394
36985,0.5769801302610021
33638,0.4909988102573838
131047,0.3870957946091676
35197,0.5305798402315165
35736,0.8740236639011542
135591,0.6861078897932881
130901,0.7102975746888706
130155,0.21683832485736718
31183,0.5889563454364443
35553,0.3697404927991364
134970,0.35098068964695794
133410,0.029591916614241234
131345,0.3583081493674019
34590,0.665368736453966
33656,0.5359401250113164
136836,0.15878863318215247
35827,0.823589959998568
31834,0.7964761612614636
132548,0.5007751840045256
30768,0.944222668450475
133060,0.5753237366426862
133576,0.024551082446243277
30993,0.5148705130945342
136218,0.17305021619759114
32085,0.8280837297016472
133736,0.18642154400727148
134901,0.0791910763003112
33181,0.7987949522279205
137271,0.24965039886903703
36823,0.458187517949543
33304,0.7949569015658614
31856,0.3736958509719448
134733,0.5270179030278269
134476,0.10332894111060632
31788,0.7061299522142258
136079,0.3982360084773192
136575,0.2777630746235259
30318,0.5560989650912856
133273,0.21747165672009938
31035,0.9882628514566125
134110,0.0918687947379372
37223,0.7291480379429812
36894,0.22086636300808585
30440,0.6478175676294071
31766,0.754279185822525
31110,0.8834338730601358
134061,0.5320208308826465
30377,0.9262231116089915
131853,0.1940891983232851
136345,0.40896769166427077
32639,0.993142382687153
30613,0.694436417078087
136734,0.861003332584922
132742,0.4959231107454431
32546,0.9386881589932863
33375,0.44258990916427493
131126,0.9849458885570352
34321,0.7949386137191544
133079,0.5750836728215492
132845,0.018292929916137943
36524,0.6671897938599551
30796,0.5463584583907983
134216,0.059910301850906796
31398,0.743057617082292
31085,0.9435589505079567
34080,0.8661523054065411
130050,0.36148623454487727
30587,0.8609524625513458
35674,0.9195549024403026
132789,0.40767406673816053
132570,0.6001371900752682
131267,0.7980656708156354
31481,0.6904085780005914
136744,0.28921612274219716
131073,0.03748109649634097
33348,0.9832374351073305
37295,0.7249202161073804
35744,0.6256127237945605
131274,0.32363067767608794
31620,0.8028777204426123
133111,0.4034192567402094
32887,0.4627810144563573
34109,0.8220320841347328
135004,0.20067735006943918
135423,0.02085149641522427
134797,0.5024341809260454
135519,0.18722616398483785
31337,0.8817981888977341
31403,0.18256000849210305
36685,0.252569725536034
131918,0.20361257664302373
133044,0.21427132077705535
31747,0.8740724587727647
30982,0.5653426020040284
37000,0.3965552981485622
34862,0.33760248030231
33630,0.4734865070269549
33476,0.755678772056172
131606,0.218283858456709
132731,0.08597099093729708
32166,0.8913424077502563
35429,0.7421522048761559
30817,0.9273042637679959
135632,0.14544177343898923
32746,0.9996339001273853
134856,0.25170514867170307
134932,0.41912699839986306
135217,0.4476045027942798
135395,0.03363752342420097
133529,0.2675378172222324
130072,0.263917989158592
137437,0.06832232171514026
34165,0.751351407569643
134388,0.34920517594839784
32792,0.6247439979594513
136195,0.5416776551663989
35355,0.3194251242130801
34702,0.9309362608396314
131000,0.25886837833689585
131333,0.028614454830569232
32526,0.9701738535862477
33309,0.7999508598228728
30369,0.5329699058915566
132320,0.3684007645648133
134978,0.2788363411863649
134650,0.4581859517092392
35564,0.8048719130005894
31658,0.7690845343693972
132458,0.4345401568085863
32926,0.16654983437283713
31490,0.7265131548493586
30340,0.8093570393890795
30833,0.9229787567721685
31666,0.8175864372046299
34705,0.9159164230070951
36169,0.8617729485089561
33135,0.6620214676857681
136835,0.24441902033665028
133732,0.4434275033392704
35589,0.6162263236431472
133157,0.2577273693044472
136687,0.07194302134652139
132026,0.21093515707193197
34905,0.9335209103525572
131825,0.021665698762265435
31056,0.6809636866432717
130381,0.1973257345730997
133172,0.1697869732280581
31672,0.5726260900483446
135347,0.4512442173782952
34429,0.8665683960231447
134655,0.04698297693377292
136239,0.330783910211734
137485,0.03281219328717708
32167,0.7830298553752988
132887,0.22181492967982558
136298,0.04634466262994487
134752,0.19068486832540382
33078,0.7612524232594274
33028,0.9574000291108372
36565,0.9549992113939426
36584,0.8602950812019562
34957,0.7666479181246234
136252,0.7106913965077598
31311,0.979094931887241
131954,0.7197482696722644
132650,0.08991210709795106
130579,0.7721002802457859
31517,0.5539520643623497
37467,0.6137745146751677
33767,0.7886272500337458
32789,0.8426002487956863
35555,0.9935949691213166
34445,0.925886664905324
132782,0.5972071033163608
37221,0.8989288807449659
133324,0.06230956819015666
135447,0.007741470152796689
31557,0.8248766395427444
33124,0.7472528172008678
137378,0.013755848909446809
35150,0.77117964809311
36177,0.6647528468761972
130281,0.05693543639201238
32649,0.8248912821618458
36570,0.2752262842950182
37178,0.7687741601020008
37198,0.8708659502610154
32803,0.9637408472629917
32141,0.7150077753298265
35789,0.6744348317935926
33812,0.6658476164342756
34271,0.6553580527683928
33025,0.8953443599516911
31111,0.9197832907980811
137228,0.18187382950833056
35751,0.3206787762739452
31958,0.9277835956830705
35803,0.5924201760933634
37073,0.9482346706628596
133735,0.08189716867354255
36888,0.8001319589909953
134314,0.10323981274392015
131982,0.8409846990246399
131892,0.02486826361732797
135372,0.028045774855531818
137223,0.15090461425847443
35421,0.6820709631451011
31651,0.7341756724099022
33151,0.9061199187575516
32428,0.5507967270793102
134859,0.11272166477598528
31281,0.724539036910424
132444,0.3160604146753283
131076,0.6488211555948763
130283,0.18048507835347077
37004,0.6114838176081017
35703,0.5604619411624925
37167,0.7839110632620951
35302,0.6013413649315602
35391,0.7303958314248095
35208,0.8474813861768542
36563,0.6114772907430208
34158,0.46328476210433417
36920,0.8474048431889796
132507,0.17697248293422108
32238,0.9007924209702547
133668,0.08006328100221571
35414,0.7467945509704802
135281,0.2250359147761797
135352,0.19801955608769647
31974,0.7388229273430725
32076,0.9523166215051769
131102,0.12348740906878686
34710,0.2127387192335231
135931,0.04260661897773898
136556,0.26275096904860695
32804,0.7276357860086518
36279,0.6331836217979316
135433,0.5824247827780216
30216,0.6674077602040724
37387,0.3005140239576981
33677,0.8511392914514236
135838,0.05897809190700514
32997,0.6899426740130749
35818,0.38430237685766255
31823,0.9888413419836511
131745,0.5976049487905878
135425,0.031056799583866437
32588,0.8394352077807907
136146,0.2489051279816878
135462,0.5642495722263806
136799,0.17128714514298937
35097,0.44351468087290863
32962,0.8012242590116562
130861,0.599029838033956
37236,0.6705223229692768
31984,0.3009813889089425
133170,0.6581941747548608
37155,0.336105702451625
35201,0.9065400256590214
133369,0.139344645175523
37229,0.6160587315887307
133405,0.29550587921843635
132933,0.10095756936274039
131375,0.5022069553450118
134290,0.5775494796212601
36892,0.9205475562986374
31385,0.5421243984211443
130333,0.087889842779134
33751,0.9349489236436089
133163,0.010238545895416494
137039,0.13123224027301783
130553,0.014768492924010912
130274,0.02057227521728633
130137,0.024334503503610806
135458,0.10187648744664585
35389,0.8403915036754743
130016,0.5644492146831565
133486,0.20081975766325824
132692,0.5413990053180553
34209,0.8864473451064518
130179,0.0526456425409229
131914,0.3385545567906033
130461,0.0835105458678083
35358,0.7300293503389222
36832,0.8392599145596188
135680,0.4242177203254476
131471,0.1263107960033508
37203,0.8220111792274042
131372,0.09525791733831387
36779,0.6433575837094553
136454,0.5757234943956887
36551,0.7922027021791526
30293,0.7064490891609038
34709,0.748683843101598
134416,0.4128813854746262
133461,0.9854190934840406
131610,0.1301617002502605
32515,0.8035422909029079
134063,0.7376503331599404
33972,0.8186343642218733
30460,0.3374709219083583
34663,0.9225406443290869
31228,0.8490527501250963
130926,0.09719561720305127
34470,0.9427103379522902
131946,0.12211173759734478
131678,0.9998205087193562
32930,0.9583434074803082
136316,0.2936754673852124
130567,0.5501659901159355
37408,0.2897136066006086
136524,0.4863171878771604
31486,0.8937370777215471
30752,0.6147919705763195
31542,0.7852904814383517
133588,0.033159194011602756
131760,0.1735323027541018
137341,0.1304014009946223
36406,0.5735977200119352
34998,0.7773696359024475
30286,0.7350436369649894
35799,0.841183501065217
35686,0.677262079213127
132895,0.30616482430125713
134291,0.18628721863208605
31006,0.6231533736777843
33237,0.6333841232985159
36907,0.6543022119180063
131724,0.8559820012014984
134156,0.38504768215196894
30425,0.7854887454460502
130028,0.21021039042991715
33053,0.7501339791890986
34096,0.17516056369937055
36348,0.9762378174196519
133112,0.1373723838285883
34190,0.8050783690149478
36307,0.857388973088491
30133,0.3146646709091131
35025,0.5482480615897851
33710,0.9140478718696408
33343,0.4889579745329589
34057,0.7687870965066941
136542,0.15928087494076934
36737,0.6992517200826486
134090,0.15148695205397275
136517,0.07101596452620082
34231,0.8544167279649153
132913,0.6214569487299044
32340,0.6744698803723042
134351,0.1042465276349757
132901,0.07261734379460172
133549,0.12428578182275091
32229,0.7109563837363764
132425,0.2651216194867297
37206,0.4126781656111031
130190,0.480499101119778
31836,0.8301449794987473
131025,0.16688168645426732
133593,0.13882374482547885
133563,0.021941814910566782
131129,0.3150586961076958
130532,0.07854154995494865
31868,0.9999872787553872
132522,0.26548041501225456
131311,0.331653691083801
35398,0.36089956794244826
30738,0.4130229702162399
136301,0.19755321661766242
37373,0.9995819135749276
37322,0.9785307970644739
134785,0.29973895088128544
31767,0.7901447575628634
131525,0.09316731704304816
33189,0.7059398730329268
30159,0.7814360261304703
34478,0.8229349244518451
131060,0.2525575570298151
32361,0.40281762751837563
130886,0.08882978422981361
35247,0.3211957964677942
136258,0.14410591670533793
35154,0.8226021711025707
136385,0.041027088765795604
133418,0.6308000519330039
135941,0.5722441558211872
37363,0.847663270710933
134889,0.4130472884275045
136359,0.24572299703807374
33091,0.9146006043123379
35471,0.834454340844652
137422,0.037010041495603475
133462,0.8789731904627746
131006,0.9408771532198935
30468,0.8310230530029169
131620,0.25595099852537084
36309,0.700698266201977
136525,0.2137098586290194
37109,0.4629975664202132
137464,0.5024517270269957
134841,0.7888436025343573
130961,0.9904580111745525
136810,0.11808917249625252
34508,0.6927294434718482
35733,0.8048993521185317
33676,0.5353701021819718
132033,0.5115665587382775
131325,0.0695085896444554
131530,0.16323973778495207
135448,0.04902237674281663
135823,0.18545843848545115
135096,0.6730176891569905
33185,0.6138836878612659
32537,0.7503830241426249
134386,0.3349641501633689
133139,0.24288918760735156
37186,0.6701346709464406
32640,0.6526245687343695
135966,0.9969133300954623
30984,0.9042299616691651
30764,0.6356268575496448
137210,0.42446899355121603
134504,0.28001028358864616
137447,0.13963057796392275
137243,0.3786701419002087
130033,0.04160929591296676
32175,0.8021994423044996
35189,0.5638734864366974
33441,0.66517203530033
132751,0.6454213585491063
34835,0.7209572277698701
133047,0.04373573493421645
36287,0.829732657414321
131219,0.25038243310627367
130475,0.22532671115675168
130959,0.5080625303251753
32033,0.7840841337079243
133473,0.05547645657281697
136690,0.2890413829398309
131003,0.36243909479977493
136194,0.33764531546735516
132451,0.48576474679155485
32581,0.8754512456582945
31582,0.7666678258788348
136637,0.1447295437408093
36754,0.7884829354468473
32253,0.6632978824076528
133334,0.057751197626240994
133857,0.09265045810055685
31613,0.7927608428950219
36130,0.7600938439647887
30096,0.8547385146577757
132592,0.5856666339912885
134415,0.4696884808832656
32112,0.34648241616394665
33318,0.09604513769174755
132015,0.053021559266662154
135928,0.518738500986721
134438,0.14589585433200133
137074,0.08382723722375533
137033,0.19137376344489213
31911,0.32764115129259674
33368,0.9035090389316125
135530,0.016361098862782492
135748,0.27638494559897414
137099,0.033889764990696805
34223,0.7116480543766133
132849,0.47504737661675567
133176,0.056946067047780595
132744,0.011060415531604542
133784,0.600213645766321
133950,0.456527546422191
36265,0.8736661347248263
31428,0.518034598966664
31531,0.6756580725892571
130129,0.08673851473434491
30462,0.5245063414277014
132556,0.16929114758913427
31452,0.6034358768715316
34549,0.6859829596734048
36559,0.9196904309872066
136131,0.3607132895489327
33048,0.954976972537533
131137,0.23563382639088262
36050,0.6317315087684369
37185,0.39761457850739
32835,0.8171396805057011
132082,0.01612627636048541
130698,0.3423685039076194
135974,0.5216195054642938
133662,0.0019801863721347268
36331,0.6414533237385164
136828,0.017157106629805345
136956,0.0866126202110324
30344,0.9716581482525752
136582,0.19058404269960588
137238,0.13169028567491484
130693,0.8506288121242281
130575,0.03792963429278498
35636,0.7239002340366806
30306,0.885786412620641
35582,0.9518715483787544
131637,0.009578880667072354
31756,0.5258465607582938
30868,0.3249677643899959
133837,0.1836944477292214
35847,0.6820149673082602
133246,0.16799004792348543
135068,0.08382822418535642
134357,0.07713339106336056
32702,0.6678727975667439
136052,0.188230006361385
33764,0.47283439956314144
30509,0.915741502536659
30063,0.42382916922211067
32706,0.6373505038675188
131849,0.07331298646014363
135517,0.2672317757376604
132821,0.9999560712624675
30090,0.33811318766010884
132090,0.03647587088616225
133741,0.07261495243763276
131767,0.025544879628691706
32586,0.9030780224217952
135236,0.3836678826043685
36874,0.6837906153743605
35826,0.8505290246684091
34380,0.5190803899629731
30406,0.8434456144320445
34510,0.6987445252626375
34344,0.19770736571028968
132117,0.23534100975307476
35549,0.802185289597085
131829,0.018827211507781456
130847,0.3076758993346343
36647,0.8427724756366229
33325,0.6172226591846499
131630,0.39212596339046174
32732,0.7454282716358879
33573,0.713599123339287
130904,0.2533238851287142
133216,0.11576711958783312
33406,0.16594755553760127
136850,0.44438597079279984
32287,0.99930025248734
31463,0.7916457225728429
31100,0.8888615394591142
33942,0.8511695271010205
135932,0.2553108389087897
131364,0.3525265961450101
134531,0.05470819863225894
136548,0.020356697238914413
31870,0.3137824637595695
35002,0.6714295372517428
36033,0.4289804547531475
37480,0.8041463412677379
33955,0.8284187226417584
32056,0.8273878597884953
36212,0.8694031163628514
32986,0.8481773508351628
37050,0.9050006515916752
133289,0.026091159627535485
133925,0.06931067481422616
135489,0.2412538711265984
137465,0.10533238007599363
136036,0.7161521464770418
36295,0.9467162522095052
133864,0.1668185149268367
135413,0.03390357569579597
36810,0.705527149147151
136764,0.6489770216023887
135051,0.02102607224604586
30130,0.7089195808351517
36191,0.6148278198096521
32876,0.8239186658586117
31798,0.6632233221905663
131882,0.0028260590527751607
32870,0.5850186731708796
136494,0.15933046833184336
131059,0.027910299872415147
136113,0.04272053329160497
36462,0.8796560253532144
134105,0.6401766043819495
34873,0.9620508152185326
34820,0.3668520386559182
133236,0.35511128276682574
135053,0.04919937996746375
133466,0.7765604787771078
132073,0.4381615680300357
135728,0.13767352172492298
35090,0.8258455293146508
37315,0.9632186567933595
135695,0.4182972174657467
33456,0.45940837577907123
133326,0.04362665483487379
32721,0.6667205485235161
33240,0.6890631623221029
130995,0.07538770149862241
132353,0.9885867413165138
137354,0.37414226617849927
136122,0.08174803989998858
32389,0.5327535730632532
34829,0.9480780399419986
35319,0.8413585028060225
31392,0.7454596738121829
30119,0.882160851536794
130434,0.1553453240763513
36850,0.5316369399680064
36410,0.9181886993773194
36966,0.4633153765855265
37392,0.6896428790607239
131819,0.1968029654919837
136283,0.11439350552194544
133442,0.736248541726257
30987,0.9583715324881616
134288,0.9998144149711706
130783,0.10636720378651601
36735,0.5061862834927309
32705,0.7463507412868399
136711,0.8256569909672877
32162,0.9060602822719109
30872,0.9906521078076649
31235,0.47102533670378516
34031,0.7551149066721374
132009,0.005438432980832235
132567,0.22962235611164242
31093,0.7660533940759612
36642,0.31944236996576925
137383,0.23315670019165088
32097,0.3577573094465178
36573,0.8706230318506011
34029,0.41777737396977327
136164,0.0347301397844209
37058,0.1219128205027982
130095,0.23963089167363347
37026,0.4924000139391336
137042,0.060930671466274164
32008,0.4433991532272283
134550,0.30148818327217275
36083,0.12863912085421111
30465,0.7428445594438591
131112,0.07867157365377961
31005,0.37408683649504054
34597,0.606977353541071
133199,0.4946471431566896
134926,0.20254875502894437
37240,0.6931333615411595
135355,0.1802081757060278
31244,0.7614035624434744
33604,0.8276683683442158
131041,0.21796419406784323
37366,0.5971148687957909
136486,0.16943422783817624
31888,0.5787463364992766
36032,0.9047869681664917
134782,0.11141280559846022
34869,0.9318713007323653
35253,0.28451887315846414
136380,0.18024099577270675
130880,0.8974223432918554
32188,0.5957005322967306
30526,0.9164533051051164
136392,0.07201590966460125
135897,0.2766665324429095
132552,0.2889332891474402
32061,0.17410611159181322
130584,0.29813585937025155
35155,0.6099070502653366
135156,0.6914373849268872
135091,0.4941180387802445
36285,0.8761895245803989
131461,0.016051002068743152
32832,0.8934668311867555
135520,0.10828152776346378
35437,0.817110374777281
35013,0.8680558078772836
134278,0.5460870760200099
31455,0.7874502641073051
132645,0.43642985361639186
130269,0.24752962401251316
134419,0.1276188091619978
36857,0.2564944446114335
130813,0.6487739514594308
131419,0.3751158672499305
30972,0.7272702434249202
133290,0.6046609029982152
36645,0.8080740505987645
131456,0.019979162453903385
30028,0.7893934129600118
34075,0.7662726486554216
136929,0.6050278383607014
35862,0.29052307360082724
36353,0.811634537347526
35000,0.4598586279476517
133476,0.07383551616159463
35061,0.8241707567611446
136865,0.3896687818504927
30597,0.5140064880126934
31192,0.732409271021008
33570,0.3072758350226591
132281,0.25266548955309104
36681,0.3980035622616481
36267,0.8603623174100481
36233,0.8194516572364242
30823,0.8599761071956975
132419,0.6221345475489016
30731,0.8708544486429025
33493,0.5847476570376118
133004,0.026247992430941093
34335,0.8901579277859825
32633,0.6018298732357835
32682,0.7509422440228973
30495,0.9042446233203137
35187,0.7018278269195244
36569,0.8825731474009925
136045,0.5569078829266556
35944,0.6132438517741642
137331,0.3534479950907836
135270,0.3384572626661404
130682,0.3825988461188262
131856,0.03691952853585609
30414,0.8641889229570524
136975,0.005305117807085933
36482,0.8771014030810775
30741,0.6967218455825366
34769,0.9259606975269515
133945,0.0808410091733923
30909,0.8906674629682729
130136,0.730822825220073
131794,0.9023210197420278
130816,0.1659948318775002
30536,0.8133194901648277
30121,0.9225816801900575
137192,0.1551952309639374
37476,0.9162059269823875
31980,0.7306539819477159
36477,0.9160269932975672
133751,0.6796127006058644
133942,0.3934466380465711
36805,0.8535480533422475
37081,0.7119688507622406
36359,0.9979962265798569
130912,0.42558321806766825
32952,0.7831074967412548
135397,0.14719295096447166
131493,0.9998603515351491
130316,0.3310936605832956
35168,0.6308645850228114
33478,0.8168499965509788
37361,0.7963216759222554
33047,0.3194901322722965
132405,0.3444187746151864
135624,0.00919893855047947
37358,0.6892233569132215
31406,0.9045220116012788
37337,0.7346442533349704
136370,0.003907223776969119
33112,0.5675649019596306
36510,0.5269616480007905
30025,0.6353459864373032
131660,0.8644873420994843
32266,0.8872490974592944
134654,0.17601399045210722
134831,0.21183652224992747
137171,0.05675939963565682
131432,0.1837485247523504
136141,0.009020252717705122
136895,0.7052461924096779
35298,0.8657987798741065
133933,0.22767820307191444
34644,0.8952278912347345
130091,0.00758435175088406
131837,0.014529648937479055
135734,0.2219830506246415
33397,0.8415809117760523
36769,0.8020275095667422
32353,0.4259707443275254
130878,0.7049934861800154
134482,0.09734575542283938
35078,0.8897800973157565
30322,0.5987478680893394
34454,0.5521461630310801
33170,0.5936152361920354
135337,0.1419395120741151
135894,0.05322356968392646
136433,0.3627155479201994
34329,0.19821139363523116
130670,0.5113613900202513
33414,0.9124808392954457
37345,0.8520477942429695
132792,0.07866706350266078
35621,0.9195344139025945
33227,0.7667009254887869
135416,0.06175727094738968
132654,0.23656344435947071
35905,0.9562101003909896
32938,0.6610455416971232
132968,0.2306703663211215
134318,0.616125503684754
31355,0.464459144221523
31891,0.7434021491163914
137385,0.6113956119553238
134498,0.6733927322629213
136391,0.009359870918139303
32591,0.894246457828476
35470,0.7433178780430775
137076,0.2823507062248493
131171,0.00765356213118048
33982,0.33345610995124814
30279,0.9379587416975735
33347,0.614549834257735
136547,0.03533382960941849
32223,0.8503960585132065
36381,0.6351090595579568
36858,0.918182056848888
36375,0.6338748130099101
34615,0.7687396334556699
36148,0.8297580541344426
33468,0.7055714270189188
133477,0.9738971590840635
33439,0.897701967733755
34235,0.9005308809028811
133720,0.18134991492868405
132718,0.03653483361936035
32367,0.9293378065084081
31051,0.960468906942144
134400,0.11030517821982243
133969,0.1916038406395449
37269,0.4873170340696616
35264,0.8674130869454961
136990,0.335401050725032
130585,0.4297505431125756
130570,0.0617980523348993
33326,0.6625200951621459
33148,0.9694688226017879
36384,0.6338830444209624
133366,0.0655681986066055
134991,0.3774439014112189
134251,0.9956952099291716
130263,0.42800485554059436
132348,0.11677669538664999
130947,0.5572186512975231
136061,0.3915884961100551
135050,0.0895337493082411
133550,0.007240005626366134
31324,0.9942518140758221
134246,0.024961224914135795
31451,0.9444163363086996
133562,0.6120417483161025
31314,0.39784117408803127
36901,0.5081824045511092
136188,0.39666215126941473
32324,0.7674869620930771
35045,0.7084784636288028
134147,0.39648837074950444
33897,0.8000963455529309
134119,0.2046891747297068
130507,0.25368455300984943
131289,0.2560141521030621
30150,0.8926250888462741
35246,0.8423387102430835
134631,0.12798597683031956
136086,0.396012610087284
136101,0.38704237612821046
136212,0.4153080907475332
131596,0.046912230294918804
30263,0.6950348246159898
132057,0.015754428255904125
130080,0.03913330790840333
31692,0.3132715282633737
136728,0.38546637290690705
134488,0.19395129853164428
130542,0.07623379732472034
34240,0.64279070969565
33841,0.7428193401751771
34571,0.9524854328191226
132329,0.9675012949347895
130084,0.23525761830422615
131263,0.008057903845989981
133584,0.04911389879018472
136847,0.22306977069646725
31476,0.9423416049982383
133081,0.5173477712614669
134927,0.859628516828291
33448,0.4379508945729636
35500,0.792986451270745
130976,0.1407306637283042
130679,0.3682682765090803
132347,0.12082315996718787
135464,0.13877330261211598
30046,0.6189583271659518
34313,0.2976331606983224
132066,0.022417483833977063
133930,0.7167424207618637
37333,0.9253838990306655
134129,0.2689327063421475
31293,0.8666251164677352
33679,0.6134858143503253
133501,0.3233636478586967
130391,0.4514154984749484
33339,0.723516137905315
131106,0.12240516625824005
131309,0.3716203306267279
31800,0.6755897012803099
32955,0.7345357217713326
132377,0.45946393217836534
34722,0.8678885123878474
133726,0.03634358449924069
32476,0.7079310351821492
35139,0.8295934143669279
132655,0.6175951034161452
34658,0.988988233721497
37116,0.602330079588962
133782,0.2085732871136798
134118,0.1055603097694286
137445,0.5440817390481499
33612,0.7455754662858209
130635,0.19014438617893198
36995,0.9266672973253782
131395,0.12379415631892307
37426,0.2764871616526633
32380,0.806406916440514
133225,0.046791435055703066
32320,0.8678470579513519
133566,0.30853553107645376
36296,0.8180755517029301
133310,0.08555020300086516
35221,0.5623736267539791
133530,0.12156992030685201
135028,0.13677340859299952
130180,0.02211490410340958
130554,0.5507407193979843
131241,0.5250529254860339
136658,0.3056905446480643
135522,0.35683617706634535
131194,0.11697463836826029
132619,0.2912508945553459
30490,0.5315656061745203
30415,0.5817002696921377
32464,0.9129997556323022
132013,0.49872856724432674
32391,0.5792497031960463
36734,0.5084328102542747
133667,0.48623438856552365
36023,0.640661600136867
134738,0.20756176114248542
133133,0.20073246082933163
136280,0.1557077871268428
35219,0.5901378379295042
34003,0.841849064775197
35671,0.9155473427239521
31679,0.6061047862542706
30693,0.5228559614352144
33769,0.8854076832121097
34338,0.6983548053520497
32234,0.8361020266920219
131442,0.7382541807679086
34089,0.5694866851125161
131738,0.12342863101493423
131339,0.07726144834007342
30292,0.23381904822292054
132119,0.4991852069405588
34126,0.7819060302476314
130430,0.058799726383118284
135568,0.9867959750372831
34245,0.3136342833170098
134037,0.9996688139579814
133999,0.9846520451133988
34076,0.7312696736496537
34012,0.9676965315948027
33058,0.5080896304802172
130920,0.4064267806014426
133632,0.19944395722782307
132788,0.07441690120876876
36844,0.3644912822973081
136112,0.48030252960577685
37412,0.7587489855060763
130689,0.052218218756513696
135221,0.08535476195092667
135561,0.5074124740545758
36352,0.6445330754595943
130355,0.32930091252465943
35073,0.7015574500449351
136013,0.03367291876166375
130247,0.023589467563141567
136108,0.5881141101327376
37391,0.3429867473450458
136978,0.2150460062154634
132587,0.21623342688551936
35050,0.32161418375742096
33798,0.8835043887773815
34913,0.7073947117668475
135804,0.08004544808060249
30942,0.980844389372647
132468,0.6773433192355817
31933,0.8856015521272953
134046,0.4292518922397239
131232,0.0965309270168276
35527,0.5899515648500973
131876,0.29356239427720143
30469,0.5528929000250361
30925,0.9897116763096188
32949,0.8291194673183497
131371,0.05743033090906692
136364,0.5124554521614517
35435,0.5071584081093992
32794,0.7527090011262065
135687,0.4828481579367351
134059,0.49695496489864527
36125,0.8252011370254687
132769,0.02540243317269755
132510,0.06546645566094099
35539,0.6981664718164724
37317,0.4684433598833611
31688,0.5489610258908098
34451,0.5404660190540715
31693,0.8132302256862086
34104,0.9067171518230831
31107,0.9217365008766117
135694,0.9764740116101541
31279,0.648067157639022
34421,0.8249926618827097
132424,0.15220614390599654
133249,0.37173047716275287
32598,0.919756546157817
136465,0.06536971713775491
135525,0.07421163202402642
37285,0.9758189901373758
135659,0.008156734666908373
36338,0.9573226906614215
30338,0.5859454467092727
34027,0.5863113874700648
132564,0.22563256381517904
33660,0.3605025675248917
36581,0.7996921139047776
32375,0.9393408200375998
34368,0.8606981021496051
31939,0.9968187172935554
134173,0.1339137942469932
37047,0.7344096504935538
134537,0.05901558052091652
136039,0.03785925178999962
130552,0.12999971590575873
133633,0.4807525197166693
130083,0.2605150743991431
135159,0.6426122110919203
136137,0.15778857827510054
132413,0.4297273512790868
134718,0.45914155767485304
135618,0.027220993787336546
33204,0.9860237182173495
133885,0.4898569549594491
30644,0.7626780529092654
33321,0.6626841775539621
30171,0.7182583421017147
36220,0.3114031264455762
32730,0.9257245499060643
30875,0.7726344246137841
132533,0.24649971460100176
34509,0.8301830347753912
130369,0.03500563384333657
132858,0.19255133131692295
135219,0.283449667795698
35243,0.44228080124953334
31809,0.9649948617850331
136676,0.19372455721255283
32189,0.6550933613526686
31004,0.9291905726161369
37111,0.9608146433350905
135126,0.9204923987936492
136311,0.43745532259179887
133853,0.2970660097829116
135065,0.16020815179919118
132403,0.4752145041308218
130643,0.359893142701532
130548,0.3340961516176972
134053,0.04386170810622559
30563,0.5037962927622098
131135,0.24395334776655486
32888,0.22694357950538296
35900,0.6576724243565575
136920,0.14401742852688437
31386,0.8785264710552075
131649,0.08219650153417318
32128,0.6026312013434552
131985,0.3988009343419027
30694,0.9001214206921299
133696,0.5136149750239252
30661,0.7489875357994514
136540,0.4386135002356759
130986,0.028673510435059172
132660,0.19052985045706541
36360,0.7316235774174827
33772,0.9662343145291424
32034,0.8474030094311443
134509,0.09031171767627892
130419,0.47808536833564036
135262,0.30089786387082934
36475,0.7751102429250174
33019,0.8705009305298869
135481,0.032652870417705246
132279,0.38746705359615613
30036,0.4778521741556649
32489,0.8547901113827897
30992,0.287943087567618
135100,0.17775911742225242
31250,0.6911288758859296
133420,0.13599794572179275
36537,0.8659131672762047
30003,0.4369687617172005
134545,0.002120684374888938
32810,0.8746800419205913
34609,0.9955410649136772
135168,0.20713917163519743
35982,0.7985127298990605
33824,0.7787395503146705
33201,0.9028036263680429
34311,0.7414739150128233
30575,0.2546477185310818
136180,0.03081855280070259
137109,0.2939055838635272
130181,0.4496321034943804
31470,0.8494777524682688
33537,0.3823825775699419
136255,0.10126592225254395
137269,0.41345938885827055
31465,0.6391970402680626
30380,0.7440922359135502
134451,0.3853607126268105
34772,0.9375924472798178
33477,0.9594255760866353
32243,0.696714850160689
135319,0.5517593912018385
35256,0.785475635316405
131262,0.7917663142986281
131255,0.6953244532634135
136872,0.5228069821569672
134876,0.2550404667153837
30076,0.8870200752022995
131276,0.04494435623297956
134993,0.6060480102771075
31306,0.9723466117941617
130405,0.5403413692144823
136949,0.714427903294801
35749,0.3401994494992662
32554,0.9899902617190656
33211,0.5392784250162364
33763,0.9436295945623958
34263,0.8766206380652308
31426,0.7437479263550516
132233,0.16775018384522805
36818,0.8633251178169004
32123,0.28616980778061407
135128,0.12380745244971744
132467,0.2626837177404828
133224,0.2979161946970398
133102,0.45138320784842556
137215,0.2329007483347199
30556,0.8548443872153126
33356,0.7886882094579227
136945,0.14132168925132446
132536,0.5417493398716983
32796,0.9085749693081944
134074,0.026664413462017183
31950,0.7457652699312363
133519,0.09633069375910572
35830,0.9188385620842483
135302,0.24129711847548255
130105,0.4319307747288454
31508,0.577218783725678
34926,0.8171866753831933
35178,0.9812409684674224
32153,0.8863274198176058
137132,0.2147446508378788
131381,0.2739662987696117
134281,0.23376572342264676
130706,0.4383366703225392
132375,0.20391001444779036
133690,0.14052524345619524
133068,0.09791734139045652
136587,0.2674503844171344
35917,0.5119725814325059
35318,0.5564007506255939
31841,0.5212900251345219
36906,0.25863787040076786
134316,0.051273956695283666
135394,0.06731605722234654
33155,0.9707098103404167
35428,0.890070199223627
131698,0.5289373725966574
35730,0.9914358266099964
134952,0.09121973371997415
135496,0.1542647073449408
135137,0.8555356026767782
132795,0.367937052835721
131550,0.030952313998594636
131522,0.30543531152316034
134764,0.9994029381603179
35992,0.8702693209191035
31665,0.3390165195820422
135769,0.06425251173063806
30429,0.568674264509963
32596,0.7145256605765551
32387,0.5947705239108169
132092,0.2909101046620999
130598,0.4491387951871925
35288,0.9980534413720547
132469,0.1092693922069348
132109,0.8051884982959251
31062,0.9333645409128081
130366,0.3630073983481421
132020,0.21568202639392522
136647,0.1943820215834153
137005,0.8405458913592259
31039,0.5107400615000941
35261,0.8633337525344374
136235,0.019441149874042524
136060,0.06643245928693012
131565,0.13458072119792552
133866,0.13804999729177417
34899,0.9408488104195027
33907,0.6818660842402995
132076,0.12321793968238981
137108,0.043525327587394594
132137,0.14516141335951196
36791,0.8128038025580139
33038,0.9007154439728209
131422,0.1476441003448947
35999,0.7456016598501837
31803,0.9095357592190898
36262,0.7298336101633629
31064,0.6154710513705222
135970,0.5404566473256771
136484,0.15705707128130456
35373,0.6469815895263118
33075,0.9167591045703642
137312,0.1544091824585784
35865,0.6609183463882774
131589,0.16253076575689118
35834,0.4138514235249552
137178,0.13542586795380718
134793,0.044307493384523715
130066,0.011277375078139654
134886,0.40954983892364544
31272,0.6020272203003977
32928,0.9349950574226659
34285,0.8131386880134072
30214,0.8222439695075504
130456,0.1471418212062689
35262,0.9445948303982544
133490,0.2845930043726456
34145,0.9501507459205084
134663,0.9626366277564284
32449,0.538564062836346
131295,0.14102799660329715
133763,0.29529712835747757
135417,0.253169838747221
34179,0.8898747540243948
31384,0.8804692727078356
36961,0.5210675223861978
131692,0.08272075342096638
133957,0.3352423847641265
135933,0.08046369708411404
135213,0.08045149598135327
134276,0.045206942176880344
36688,0.2775970886154187
132733,0.1799223179428781
132432,0.6191693699830335
135035,0.7807665642814365
130798,0.32978792883394864
136892,0.018620543505466436
131081,0.2652052376386413
34792,0.37231583564445303
134702,0.1635258555594982
133615,0.5334830922315977
137097,0.9993233217277933
130085,0.9984000129033764
130420,0.2953680287619609
32021,0.7751866287911499
133459,0.5250295344479349
137139,0.3571956241538095
35988,0.5745369458130024
135629,0.12342716410191745
135749,0.25216744781449846
31492,0.810115269843042
31541,0.2897933737595346
33885,0.6393349209658
30537,0.9294321353384702
30327,0.9288362697331456
136774,0.21557572923978627
35951,0.37391303406346144
31014,0.5796707502772928
36868,0.37896786471356136
132768,0.2637790637091715
35275,0.950824162271246
31225,0.8353658382837144
134605,0.012741149997827756
133408,0.704065365707363
35215,0.7460698119790309
132081,0.4474673876360972
35954,0.9105288008926765
31190,0.6597618254434162
133569,0.4850956189285214
136842,0.0271340920629574
135112,0.30538353412187325
30379,0.16966087562744625
135000,0.18059679808172902
37375,0.5850403547119071
136576,0.2583707629926493
130120,0.2045806281881736
31208,0.7782451970682451
136997,0.42200261432124814
37475,0.5922096645185335
135321,0.050418209752914195
36703,0.9941389385245222
35798,0.7474545797220336
137028,0.142516206066656
33805,0.6172283366522884
36065,0.30341415261254545
34023,0.8429945691932146
35087,0.4783358960192865
34807,0.6225267449816188
35903,0.8050933873444506
130388,0.9970156916983589
35521,0.9831653753994188
35673,0.5111371606894185
135546,0.01710449720739107
133619,0.03689314366420093
137241,0.8302114904622372
136041,0.017934795489237588
35522,0.6097099011633345
33843,0.343508995150889
36500,0.945568948778937
34009,0.766175226708399
30020,0.9918769389262152
30372,0.9769569329430361
36885,0.7530056905943818
134877,0.22037952188390147
34568,0.5468975767873864
130684,0.16492990250231646
35254,0.8778787133048925
136657,0.08450998890142937
132871,0.1672563600687655
136633,0.28331247370767615
131546,0.2296548776285921
37273,0.8079127201653875
130390,0.0688026744777623
32191,0.6599568138900506
135973,0.9351849395099863
135625,0.11152457622381855
30962,0.2524716701843405
130681,0.5797279007983253
30416,0.619469779257156
130417,0.33156526623262794
136632,0.16977784632496248
134194,0.08352030966249803
32791,0.8448074815074881
35925,0.9414039575869974
35908,0.7158410984251601
133241,0.3702179176251355
32065,0.8960731766320209
35634,0.7383234311347145
131913,0.7625575875603374
31444,0.7455294422596186
136653,0.818848457470424
134579,0.026861107036472827
34001,0.9693158919658269
35635,0.7911179944968832
131874,0.31928646031688457
35026,0.7996580997499637
34419,0.8843811246269234
130527,0.16663658236730153
130484,0.2856566273065725
31343,0.6928991953445327
137130,0.27317213237625404
34492,0.4605138147901976
130226,0.3904236281135519
34896,0.969461895374959
30927,0.8395411437444588
32795,0.5578595545717381
31239,0.741271761493472
30652,0.5773657786462607
134715,0.326349275938621
32507,0.8199813584690843
35009,0.9153558586681435
136285,0.20188435847987932
135410,0.04388611229884481
32106,0.18726491695325478
134691,0.2992929210882048
31826,0.9219912599672615
31600,0.9553608518722313
134549,0.054069600122749174
35810,0.5625288650283736
30582,0.6938942573958662
135628,0.1280179898454334
137355,0.16110024624295435
36891,0.5373193260396089
35930,0.982503185848537
132753,0.3969421239230047
33964,0.7221724856721307
32993,0.8949069499809995
134361,0.5174613957258148
136795,0.01694993762682609
130683,0.084780983197161
32828,0.9879540986212144
132659,0.7627782908811043
136619,0.15264376590981993
133292,0.13469480194300842
136659,0.05470598298080165
36931,0.6029595665474468
36048,0.1788166873133245
135174,0.5510300225176596
130632,0.20810656398679267
134453,0.13224569542857467
132261,0.13953602508756346
134684,0.18308209936222647
136897,0.3353939910716787
136930,0.16780927157652623
34351,0.7740385684397942
31731,0.4862703734443817
133527,0.5543539592188803
132991,0.20424317952266718
30140,0.6591041760628488
131891,0.1621862700230377
35361,0.6636067047563367
30771,0.9645402307948066
35202,0.19470926895422397
34176,0.6454562475367187
132531,0.5655446349490644
31191,0.5433947598370984
137209,0.20540155613607797
131231,0.14578476301548815
36244,0.718220156809548
32374,0.9255253020492815
134430,0.47240080080071484
133708,0.5512789448608891
34194,0.22261872768323543
36366,0.5436448343308746
132382,0.07227531771068922
135689,0.2181761952093046
137446,0.4210938282080144
34778,0.41799322827598734
36657,0.5355035460169133
32147,0.7676975334032194
37492,0.8278303246553851
35516,0.3127464991982133
35598,0.8459218903563145
35558,0.45691026614421226
135044,0.0067174606342717885
133429,0.030707117302529948
133233,0.8285234353007764
134374,0.0729402195807954
134395,0.314199368476027
131778,0.23050345176990553
31152,0.7466121905012864
32430,0.8337231550624955
137399,0.0679531546287515
133654,0.30379068882448457
31723,0.6761579678933316
34035,0.8812425431305322
33433,0.7441568618273366
130383,0.60669644593489
33462,0.5859325631857826
37059,0.616598334152685
135898,0.2963645876124451
34969,0.6094129679783137
132955,0.5747980912522106
132189,0.12369323580117834
133572,0.5678131150816919
131352,0.4026806391524832
135087,0.17219064752572516
37450,0.6332349083779839
30939,0.6968186414830186
133825,0.09197026439182258
36292,0.4589089065606043
134362,0.1478545087047941
135335,0.18660464598980464
30728,0.467520871833146
130943,0.0975624427813776
32142,0.6727996206352481
35731,0.7161093686632071
130106,0.08129410132617544
131423,0.047138142508142036
136604,0.32002410614090016
133657,0.0159634640788773
136189,0.42220838670903404
36044,0.5456678421503651
134004,0.15940461251070398
136421,0.2590181347082722
134342,0.11230857231815664
36693,0.7971829149805248
30374,0.9074024729951333
31042,0.6503219291956059
36811,0.7985317652122529
134637,0.5174835856524481
33392,0.5524371472469997
134192,0.8010038911927616
34149,0.20165474746627352
31765,0.22017686069764175
136869,0.13022194493145123
131669,0.33559455550661593
133368,0.42449795666825596
136520,0.15897103768811796
136564,0.09634794658918495
37172,0.5897134644709534
130171,0.05671377486978245
133206,0.03868852903395566
30545,0.9801420227312334
137250,0.5535496848982902
33129,0.39521891876290255
130829,0.07363508092296653
32356,0.8443652389689136
37486,0.6426177131770977
31090,0.5449347380865655
37217,0.7916090940400672
133247,0.46017363896001556
31930,0.9916181223898914
132590,0.08193826411540418
31163,0.5248080102169416
30182,0.7763882870834482
34054,0.8682209749271336
134774,0.006792454800554033
130486,0.6855785646443152
135257,0.10229054847522062
35449,0.6292740947342415
131264,0.4235496626046534
134024,0.14586105690076737
31109,0.7072578907556123
133509,0.6068167850487364
33664,0.8870417925325886
30961,0.9048566017911969
136143,0.06406984050812
136803,0.07331932148424589
36833,0.5787979044552211
135115,0.20631136661381103
31008,0.5010105603536213
137320,0.1626348590188927
36480,0.1769760555019776
132182,0.1881854762336026
33263,0.9949118091955064
35648,0.9296792091815519
136750,0.1053686806492446
31391,0.6243457192269439
30688,0.948526902631315
134221,0.188851531393678
34832,0.8141969143286677
135205,0.0062573474959693514
135350,0.08882218469341713
31399,0.9291145536588494
137123,0.4168757255313712
132945,0.4770086894523337
31667,0.913356354980656
30934,0.7920902570647735
130690,0.13320140703210556
33273,0.8691397367187353
135972,0.05440612452529289
134750,0.17804539135346223
131776,0.7406671641672254
32510,0.6089772408161557
36470,0.8407282783875859
133881,0.8212209275098391
32221,0.8397544867193835
134217,0.4505390631257718
136876,0.01802217848324558
135499,0.03860887790861806
130114,0.14326889722510902
130013,0.19036616054563693
136336,0.32488918154413465
136303,0.030552798775374666
31266,0.44482545188949435
136485,0.6238102691503926
133644,0.004788628468020796
34233,0.8249484157970434
30396,0.5821096655885963
135892,0.0773282751946329
136357,0.4863602615881476
30430,0.21232647454391362
130892,0.6806598671439993
36583,0.5907104234421048
133106,0.07559082245780475
136806,0.24550568962549968
35357,0.9665356124554918
36775,0.9308389906507641
135285,0.15183679008483997
136866,0.53609903683108
37390,0.5855250952986558
135269,0.3575344108628522
31017,0.7123945861737727
32568,0.7920803739640043
32001,0.5624942597251278
33848,0.8666316911671296
37201,0.8408153744119697
30747,0.710080355270378
30669,0.9483529846946519
137138,0.08290321937344901
30483,0.7529542212959619
35293,0.43360802959587696
30720,0.9204400787621082
130387,0.3792107113005738
32467,0.9328317982793959
134380,0.47715615706188885
131590,0.3663193988470973
137414,0.0009668931923236001
134264,0.40940943186799067
136313,0.04963246024748023
35814,0.819347792661799
35070,0.6723247862928466
131488,0.13634536000182274
136695,0.4508192131453483
137469,0.20913098900521995
31638,0.7348250394170317
33108,0.6877300378681147
135701,0.17624505332350143
136354,0.45519926288327683
32479,0.7389372593296191
136342,0.2434778620638346
135460,0.0467123680941872
131388,0.3263575887156751
135406,0.2322067991145604
31783,0.7359491119236995
135071,0.6970835902507171
31978,0.9196260557916517
133288,0.11188019050618388
132909,0.8376410146198978
34439,0.7998356952339479
137030,0.13270232778645666
131117,0.30932084942456956
33389,0.9621009629400704
32459,0.8978069649521456
33531,0.9999758460022432
35217,0.9241750497705253
34591,0.4794148450676343
133197,0.18310908124081707
32700,0.28160657365785985
35274,0.7448097163669217
130020,0.8000213738129065
135465,0.18559969857619357
137001,0.11909698262906687
134576,0.02190297952540642
131095,0.3520893789453771
130011,0.5195088259614006
31068,0.4297519160791108
133897,0.1314377206637241
137047,0.32038946909718674
135670,0.4854714348276754
30834,0.45890508999087115
36821,0.5462239620107691
137118,0.039797870642691274
132438,0.3509565968619378
31687,0.5329691920092101
136622,0.1942685843915421
130828,0.1618760233617391
132971,0.9322504552405952
132497,0.16976819628797762
32723,0.7998915778935466
130781,0.020992006960732862
136801,0.010065730703516027
33750,0.22200520327253992
130300,0.010623507989043383
137220,0.3862557954273561
34021,0.5587903890580433
30392,0.4482207221235063
132310,0.7233576816447724
33253,0.5548238923092593
37054,0.8276959980227921
34100,0.6983830353774868
34879,0.6972649072563758
34809,0.8989667069684227
136068,0.33510682682759496
133357,0.1347421198072791
131034,0.22473807668050597
36856,0.9247381003179411
33703,0.8772374550557638
32398,0.9932238008585906
130404,0.24639317343317105
136206,0.18824691028398327
37332,0.3723847438835283
135209,0.19094776924652848
136430,0.19064693995524337
31119,0.7156763729682832
36356,0.5502145670747397
36131,0.8389485311632365
135515,0.13903613056659955
33883,0.6124808744859819
32103,0.4354929871046873
131619,0.010713502829528728
132322,0.8078768926677042
131199,0.20025615836082458
137327,0.004875168181613693
136909,0.7672006807912229
133211,0.6823431367675836
135318,0.12477121466769535
133165,0.0013289435894298688
31792,0.9516133055975634
137339,0.6645031913732624
134719,0.9985286868293263
130921,0.408166831059814
34174,0.42098634910596056
135237,0.2690480749646665
133150,0.08483619319237949
36301,0.8053553649154893
35367,0.6791345259691326
34046,0.6763374715784999
35653,0.5136143416882762
133469,0.3111132889011021
136570,0.06929380613440844
137467,0.2809802081393012
132046,0.0783427052586972
36921,0.914227933892689
135725,0.4988677758190245
133743,0.006320052795684666
30179,0.9396540948788581
34288,0.39297917764908474
37264,0.7144010641435237
33717,0.9879702810067553
136381,0.006063241791955174
37219,0.7183542486411095
32571,0.830637220595966
130957,0.6969740990168777
136185,0.5643084174547074
131573,0.03559844049311354
36784,0.7700932657027313
33958,0.750403498641967
30514,0.8660882039467731
35443,0.935756397541216
135255,0.10126477853448136
33040,0.7842584685753086
30220,0.9964626557042613
34861,0.8878363397303337
134790,0.4742457282003799
31707,0.7849012216619776
36880,0.98018424928781
136230,0.44174511632587204
34323,0.898487730162443
132734,0.31473576034064804
132830,0.4516785247091827
134717,0.01854671445954934
130839,0.08555432853972346
130520,0.017570294852215763
32559,0.2537479503587155
33383,0.8004277976489527
131479,0.6810086513879947
36180,0.8239687285443014
32062,0.7276821613710581
30126,0.7168268369936072
136356,0.16541872672105676
31144,0.5757311850155559
137443,0.35499997473058686
131542,0.1988756561177113
33022,0.8035301819301082
136727,0.145410513889254
134786,0.49219324161763783
132979,0.09861352669269519
132176,0.152277618250198
136177,0.1215320411485536
32566,0.9531537228158699
35866,0.5829330696203621
130169,0.15016275013084251
32974,0.7007491736927026
133976,0.07999406613805633
32547,0.9096239763380625
34902,0.47798610571762923
133714,0.32487300116040885
136683,0.21108967070127013
132318,0.9975230931496015
132350,0.2639879752803671
31551,0.2667258595893221
131327,0.00036674813726975797
32368,0.9139509368960786
132668,0.5151344193596035
35108,0.4529218485878289
34672,0.9922032164132263
134332,0.06054149416947383
135723,0.013885691131719374
37218,0.7058905210254433
35371,0.8796992183694695
32942,0.8358203713237294
130555,0.009175531636048064
37037,0.8115480168652989
31015,0.5034782097263257
30033,0.8717073044838979
31919,0.7551262611397673
130107,0.5114574808520727
131959,0.5247200947798676
32299,0.6364170158850261
32419,0.5085034694639164
37069,0.611728083612334
132809,0.038217169724560573
30673,0.3105111584379136
33364,0.7761133931404361
135841,0.15173978001663518
33198,0.8224631019336442
34712,0.8052663609495114
135877,0.1136216486592906
33899,0.19792996778110591
134520,0.2779353623656156
131476,0.020652359227698446
131115,0.8405458913592259
32815,0.21862703727111688
33891,0.9441741052423595
32763,0.8444767412497205
34967,0.6734753414673635
32927,0.7906300083499979
37205,0.9157060453909327
36005,0.3709484888556292
130030,0.8141799893846049
33142,0.818021941264966
135732,0.06939977478640519
33725,0.9558195892651575
131558,0.3500928634421417
132312,0.01314208845487949
30256,0.3132579068223524
34914,0.5731660468842307
36884,0.9491864772092258
33521,0.9944997327406975
132876,0.056253353261928186
135019,0.10158762143326824
34467,0.9935015425592161
136660,0.6931380924999766
136076,0.496995750468561
31464,0.8107203960006648
132225,0.4651762227110156
134615,0.4397482373744053
133910,0.055533329060829355
136811,0.5106462915146287
33707,0.8223920175468539
31898,0.6560851685424135
134593,0.012593693057354813
32884,0.8907724645172942
36700,0.8434057471420157
134104,0.25330137270771874
135483,0.007952901953819369
132906,0.044024272681771094
34810,0.8912737372794873
36835,0.8367860102528378
37456,0.8334914619697936
35225,0.8029465257593669
31583,0.9005494529976171
131342,0.22398422831515644
36059,0.8550614321863917
37479,0.27208482881935053
132217,0.02805866090211875
32601,0.9528950768718818
32980,0.5753880279425416
131929,0.04203358244125069
134146,0.3448526247387061
136732,0.1891983058704132
135473,0.30729372244693054
133347,0.40929139442703505
132034,0.9996931431300036
32518,0.8487524264869097
32362,0.6670180959950556
31128,0.4463895378143276
34166,0.5721190041656243
133296,0.2134354455807171
131038,0.0373380792020501
132907,0.6861184137045292
136471,0.8639423605707629
135452,0.9235275628600136
34608,0.7397666790982398
137077,0.27187340022466033
134745,0.3278193120511941
130749,0.2918535663903489
31949,0.7127289524911572
33741,0.9524696153132484
136681,0.5218490286172545
131784,0.9675012949347895
135609,0.18004992410087872
136277,0.6746030158617063
31811,0.785440069459637
135139,0.7295638828464007
135490,0.3559013876574132
134511,0.07386296132566277
34996,0.8203434640962416
30926,0.18122958427892727
130562,0.022117488684367304
137214,0.20052235958960707
30515,0.9316140724591572
37474,0.8061602805251699
131100,0.39280771071105647
134784,0.03700215745793596
31989,0.8779811316598298
136294,0.11391065991428075
33409,0.9430946190481304
31287,0.8376706889763007
135057,0.329895579676357
137368,0.8636577976861741
36452,0.6907260353316533
36689,0.7879839954677055
36198,0.397069084158315
133123,0.013687006041183468
37413,0.9174994217518844
32485,0.7079498779293727
34567,0.9423522968736786
132125,0.2132901239702191
130463,0.07842756157293258
130843,0.29037529224261216
136447,0.04359664167867874
30105,0.8325117149380485
135696,0.45622769438926636
36839,0.7013191441088565
134736,0.01014383154163395
135635,0.4072869328546964
135092,0.326896148132451
136935,0.003617711189730134
33033,0.9226485770267289
137441,0.2409065811006639
34050,0.26351575919592546
136783,0.06323981946710129
35764,0.9718571650909992
137116,0.24873625724448648
34739,0.37937558977206787
36056,0.9357335714578869
35540,0.47902237436109507
33264,0.604360428188665
36227,0.6696214610362822
36071,0.6668219535766503
36187,0.6377187169425663
133389,0.6965450305421444
36391,0.7202094763567783
135212,0.06667911605629184
35931,0.35140019251239846
132070,0.005343621614751444
35561,0.9164113993824508
33799,0.9263857828502483
32873,0.41864724297106987
136403,0.03215624455267215
37354,0.90260220077837
137363,0.1347250386019156
133478,0.27878538235020306
36847,0.6427207730649748
33400,0.6436535447070806
32311,0.5790586083431516
135904,0.3512088156270734
33713,0.29873951468117166
34629,0.7915786867656216
32204,0.4402491675849281
131389,0.9963524483400794
37350,0.5820251787333034
131078,0.753250458161575
36022,0.7065041931534997
134106,0.4321449246820466
134200,0.2649933270092759
31186,0.5990440160911054
33596,0.7741328914526407
31908,0.758064135222399
31851,0.5817170947647264
37104,0.9590736725241913
33499,0.9267900167740913
132437,0.06989478231205333
134866,0.9987677403522011
134333,0.23205901297810658
33574,0.7017933571774919
136710,0.25540390559043075
136626,0.39332194045416224
34265,0.6790964009497149
34518,0.9549306151675583
137053,0.12919121297968844
132759,0.04965743587279229
34999,0.7028624570889661
37261,0.7484116646420191
135617,0.13804161728993639
30029,0.9136033679422937
131621,0.15372108570109919
30727,0.8612157960198972
134143,0.08350621599840176
37414,0.9706722786698043
135796,0.2823817825775427
31552,0.8064340141409486
30642,0.5687463519894522
31410,0.7220957701839861
131562,0.3554054553745994
136302,0.021854869324894083
132053,0.2607376151251957
132992,0.006889744876135459
134656,0.03700664723540264
35585,0.8336790165820415
33743,0.6397691724518871
37122,0.4970605027692475
31764,0.6408338084360757
130302,0.1576870745114074
36132,0.8673186731791024
133394,0.9899930766802001
130707,0.03197277214139505
34877,0.8050242916341017
133614,0.10049699711519683
136599,0.5189546153663404
31641,0.9797414830975947
36587,0.6740005065354725
135778,0.061646716919704005
35169,0.6509675120363821
31614,0.42492581586912176
135731,0.9248575866232828
133688,0.5318997641518355
35132,0.629680992814075
35415,0.8212572331560719
135385,0.17193379117890484
34473,0.4179176194414515
31696,0.42401194199947595
132112,0.1598539618379841
133348,0.15219805433708003
131677,0.38693384308118006
30451,0.9430676400558323
133203,0.6436983802880258
133842,0.16062520720380802
134594,0.007379508588862164
31763,0.8290422533352703
134902,0.7043182613182728
135992,0.05189571089967537
135059,0.00043369526422571596
30056,0.3850998711328962
134204,0.11102156593438252
132433,0.5937336413092169
131835,0.17202656412751777
130299,0.4036307951507488
30869,0.6935548251845537
34319,0.9470146790797435
31421,0.5208513540993782
130906,0.21143295557797293
130496,0.1903341091655659
36932,0.6270875721537809
131122,0.8628717388388069
133929,0.09986830555756707
132465,0.17283566306313392
34513,0.8497025916207944
134277,0.10344129845760525
35861,0.5318471343720139
131328,0.49512528949468254
131911,0.42831418703517676
134898,0.8375578061703176
130378,0.16868465550868017
133813,0.125933167232452
34195,0.5479545893727599
35515,0.37403812629116634
136964,0.2529361439877284
32200,0.385783390326153
136522,0.41534630742611717
132599,0.6100946895011023
37080,0.9618098859167303
137159,0.2812774666216564
136794,0.389060273468133
37396,0.30700033828529494
137298,0.013808943925192912
130003,0.5090818887831292
33877,0.8730127181154967
30457,0.7987492819130729
131253,0.055091656439588535
135006,0.4289813858938365
132781,0.46308905162434116
34714,0.14021457043220462
36277,0.5104494712449139
32797,0.5498058327193571
30049,0.5442954082313451
134345,0.23923759081611956
31048,0.9786178913691246
134854,0.1290433499313606
132678,0.6187162515263385
31567,0.9472023472172763
136139,0.023318963880093843
33095,0.7001128985837051
132591,0.31942593879175846
30744,0.5395950629503473
36019,0.872064033567421
137336,0.2766644789377359
133321,0.00651657500855854
31149,0.6668693002699201
30228,0.5627797300338
131324,0.5321218726880799
133698,0.23413014709468685
37437,0.9173376307000035
34353,0.30067208670730994
30358,0.8077198169874872
134188,0.1268500952998923
31865,0.7267823239259241
33756,0.7679413879626721
130455,0.3873532049009048
137162,0.5681232617227434
35568,0.9402610061899165
130469,0.25375725065915905
136118,0.6446377610219504
136568,0.040709656967934583
135753,0.06074963635433439
30929,0.780669278565126
36104,0.18073063776926634
136907,0.15496414169114647
34515,0.679300134390019
33924,0.8490235020919705
32297,0.5823850193438774
36540,0.6359920115530494
136827,0.07174216656343402
31022,0.6085711014350995
36068,0.24167139447760497
135453,0.7599256286338634
34484,0.9445859811430175
133799,0.2752587730584885
133758,0.04053457061351337
35432,0.7805639727928688
131118,0.21869358981279605
134066,0.06691722207143086
30018,0.9997961794469035
30630,0.22161895540931037
36827,0.6033446915522447
35921,0.4281587405384722
34198,0.8402148018664237
35128,0.811495650206149
135808,0.49541174622560386
130697,0.29313652728766104
131291,0.3606400994331662
35563,0.6156268606752807
34343,0.6776611789635064
130292,0.17131153077175948
132765,0.08892545362098468
136198,0.6423514467653627
134128,0.34276134957291726
132785,0.3501853485047861
135956,0.18542125522988662
32472,0.17654986542406875
37498,0.15018655843491008
130830,0.08737640153716186
34713,0.27217693672451737
130740,0.6170442825795037
32192,0.769028476894014
133344,0.13528032183306102
131079,0.13167180011287563
31617,0.7669387379971901
134116,0.5923605221209818
131728,0.10121184019822314
30129,0.8963918015342776
131614,0.9999806291651714
134115,0.09365678870702045
37342,0.8357197827242765
31237,0.5604532692920642
36040,0.7252474888144614
36913,0.4062054182848071
136246,0.3724097886544723
32447,0.5471286399195722
34182,0.9529631264855987
133305,0.003997666326943475
33088,0.7728540989391292
32218,0.9119954047607283
130898,0.9635761111877998
133219,0.0765325179316513
136389,0.733070308677154
130356,0.19231036705139362
30231,0.7108228560468417
136940,0.09971417596254965
136002,0.02627538902432875
133975,0.10708504595858084
130602,0.1126385263432729
35835,0.9274541909363345
35725,0.9626107309961174
32025,0.2579366687537988
37002,0.8176726112537486
135532,0.601130045796603
133849,0.11816103017691097
131881,0.5862014325677514
35958,0.9798786073059988
32360,0.5805270682659882
31982,0.9939681229000084
132963,0.24221312552504004
35876,0.6777272067898832
32359,0.9847290571625579
130547,0.31622412634342245
32582,0.5257322409528392
132010,0.42352183931815507
30086,0.21913739455427478
34443,0.8635740503089978
36796,0.7666620685815827
132303,0.7024507011323929
36383,0.6109363545737228
136664,0.27617092481375005
133834,0.08826901276486268
134392,0.16447864079154836
136417,0.017686286576375807
36731,0.31761144251496604
32830,0.996963907936793
32910,0.7206539055633886
130082,0.28642344312579715
135003,0.7975824615268315
136668,0.6204155479361487
30549,0.27108246057468627
130713,0.23413483224227927
133932,0.010306015612414449
134178,0.4795805448999394
136021,0.1331932546398564
33619,0.9953637181775477
35444,0.6264682948319066
130194,0.011604444931727537
34123,0.45080534135567946
133952,0.009353809575095648
31529,0.9422092269027592
133507,0.04707903184288681
36490,0.9091093783523275
132604,0.004975639485323039
134920,0.9158410328373219
135005,0.7536754021964642
134125,0.3230595282988724
36113,0.5649623384596231
34127,0.48990594501755136
134906,0.2870268439414935
130185,0.47585292350811964
34949,0.7330528223358718
136147,0.2077701395679243
37006,0.8613104956237148
136583,0.24900544242876044
31469,0.7350725718981839
133317,0.48985079103786044
30297,0.9125512237433383
33419,0.32565106210505324
34395,0.8509976947724415
133400,0.021905002105711436
35602,0.8908853370691834
31520,0.6751560063303594
130128,0.09900098777318135
131399,0.025587987330135696
135512,0.10261641024507012
35520,0.7079089558116909
30739,0.9997902052609291
33213,0.8756022004453853
136745,0.5058471973472013
36251,0.6741780072051661
34420,0.9107882473470273
136214,0.5909472545674405
34610,0.4828737985921148
30753,0.9445777704025446
132965,0.4740303862583068
31007,0.873994183403046
30936,0.9704864430253556
132482,0.45190119023555375
37481,0.7371414528707287
34103,0.5372905826133452
135913,0.6589987758818244
36425,0.414728669722518
32130,0.42814992711986566
137307,0.923646316768979
30186,0.6234249430557577
134779,0.05940797694267287
31779,0.45287326780119475
135015,0.028663471821049488
34817,0.8029396223696863
30189,0.29075840830230837
137435,0.9649480593842864
31248,0.4976935573166594
36558,0.8902534560105922
134959,0.022695555027749895
137203,0.15157917115674782
34356,0.6948183215372843
130503,0.08927158041380971
132954,0.06599695189728624
133852,0.6376869799949372
33319,0.7426676091537053
30964,0.5876520035058095
32168,0.49100414940762144
37310,0.7852131555499734
35809,0.6256259027928308
132980,0.05763405780842874
34449,0.7942856014330812
130569,0.07006334907465545
134900,0.14313797962977495
131705,0.4086891527186712
137226,0.06497474949810118
35007,0.5648868478831781
35717,0.764416461178593
34520,0.41266211473246694
133057,0.2583986236895596
131529,0.026597111512259217
137490,0.616617405474868
131749,0.5611468449082782
137012,0.2666887067847769
137489,0.6616452730598975
33613,0.9986005589339579
34924,0.6919351352724341
132052,0.24740926904528737
135063,0.4422564344888683
135195,0.1253802220680021
36084,0.2740763787176797
33016,0.6793062496066427
32643,0.7756702039808306
130757,0.8283016373891647
133678,0.24309966952553727
131072,0.34656565433146314
36665,0.9451780738810556
134383,0.39065678257141806
133231,0.48493825522938155
30990,0.9751200347076797
33719,0.7168983653124505
30472,0.6155645781922305
32455,0.9041378781425772
36299,0.9600570541536925
133997,0.6229707453345968
30350,0.5547941158220303
135621,0.09749312400163153
34286,0.588419539772838
34242,0.2568093255765926
32457,0.9592492048916736
137366,0.4731213218339326
137381,0.8704008194413371
34825,0.8106620095631251
36819,0.3593790596783739
135927,0.31149193012793824
133376,0.09489936096374169
133768,0.16606142234950333
32941,0.8600611697275242
133328,0.01624633146632908
30583,0.9042485626746536
32420,0.7879884033195215
30403,0.6506349136226995
130215,0.046773983078991346
33359,0.8254834644032412
33292,0.5155085754310745
31263,0.7601310585668479
31618,0.9403198967214775
136742,0.08265899197762891
34635,0.7436317623007045
132059,0.16118142519345605
131013,0.49385183051186415
135982,0.304252314133929
131653,0.19533234780991837
133077,0.9994158702714829
132883,0.3525504542944152
134518,0.32138919327302157
30854,0.8736388653242441
130268,0.18826477902697547
36974,0.748403990994738
133104,0.15421846932047584
33913,0.7836605263942331
135811,0.13186051101687335
134971,0.6741138916761119
130476,0.10173719304556605
137213,0.25677810145103314
33791,0.9324040626987059
132257,0.8494336766917928
132839,0.16054598940257447
134145,0.020407598134030702
131029,0.4125697637100679
136318,0.004167181022428193
36047,0.8526931980643743
132287,0.6849194445726716
135577,0.5007854640306237
134946,0.6610480387261264
36673,0.7208168671559448
135798,0.26432676450584447
36136,0.8324376363713286
35504,0.5680428101842786
35413,0.5694062128358163
36530,0.50916121027268
34318,0.7760129469149992
34727,0.6967684491229187
136618,0.39050507216704783
134581,0.13529541742748608
132717,0.45025734892364844
133545,0.2574497545390205
132074,0.24877195197422194
130936,0.47669371423430823
34460,0.6550307903881603
31820,0.625991691214827
132526,0.11322290555383492
30736,0.7988677142196069
135560,0.2632775342673993
136340,0.28562607817772306
32996,0.8235988766340541
34799,0.7193487898458477
132926,0.29929885814203827
133307,0.48138193291220766
131786,0.1031569517249652
30553,0.33530278573553224
133386,0.012805799964898943
133359,0.7656598826199084
134838,0.09792163938391027
33102,0.7961857456737576
35096,0.36772049719292066
131111,0.17979584595622466
132924,0.3365678274115267
37441,0.7265103473672927
37274,0.7351332925290801
31998,0.3614551321790801
130124,0.9263083263268707
35773,0.15601327551831481
32577,0.9629994396793655
31839,0.42465461249404
37145,0.833006706853218
133407,0.021344582000137457
37281,0.41487879743209544
131494,0.18453169837821778
132229,0.2277519554126243
137375,0.0029478632839679947
135315,0.23248521279813417
31547,0.6518176768809524
137134,0.8985574989138757
33262,0.9946808973321055
33390,0.7388778170067364
136366,0.3440347134616559
33693,0.9785307970644739
136594,0.47006414547236136
35519,0.8498850450153319
137364,0.26669476353194926
136159,0.42363512397167885
134805,0.33678173599664607
35995,0.39078085896912007
131601,0.3914130593590861
31116,0.36043098116245803
30608,0.8407805566060865
130767,0.28395941228035637
137102,0.71717745296588
130534,0.05340430674144873
35780,0.7993369443388987
36483,0.49781898639555255
33012,0.5238702937326197
136591,0.4728303102873255
135703,0.32761472926953294
35394,0.47602498556215056
136793,0.5225399084927179
130457,0.18528466160042245
30531,0.426632410179417
137225,0.24305269343547065
134707,0.11868768939478039
34018,0.2635586069395785
33167,0.5832206711871893
136095,0.020389333243980873
137160,0.028918123573776804
137296,0.6808864466028864
130025,0.20079335780418942
134341,0.04766998746254405
136596,0.18714768237794857
136057,0.5891096703407411
34818,0.8572570944282124
134909,0.20950566610659888
134961,0.024211064678226354
130374,0.43724971051042666
32040,0.8642590829710023
131890,0.5932024202441508
36103,0.8943312371520278
30315,0.6253553744763418
36498,0.43723965358740474
131873,0.12409434751828699
31099,0.34800317846369544
131615,0.23275797173094478
135377,0.5424074007453005
133153,0.012504139509699115
136684,0.143466942157608
36053,0.7614576589252011
30009,0.6816495237609326
36497,0.511665217954789
35211,0.7299395350343921
35882,0.24915960165214598
34204,0.8766607870527572
31418,0.8008066945967477
31118,0.9658362283129053
36676,0.9786851024886487
132635,0.07917694142488993
33298,0.9036077421241433
131057,0.07407413730432567
130183,0.015805001347711962
137233,0.26217619594330144
31671,0.8545766436202407
131237,0.4528233848554641
132396,0.013630519761801914
136849,0.3432827092676344
31845,0.38982024680302846
133694,0.2736656120852644
30023,0.9228074789418875
33218,0.47790545100120657
31789,0.8504647382319936
34526,0.9202129349110475
33925,0.8855690891197766
31906,0.61187807215452
31610,0.6112547140978256
131548,0.5535428183531395
134880,0.11624397553930052
31722,0.4858141425429844
133946,0.06462139471370335
32242,0.9891246353768398
36308,0.5137367009660571
133096,0.02517436393412219
33787,0.4258349412144692
135309,0.19181849783083663
37084,0.9479877360683698
32450,0.5351451395368176
36762,0.7539764032641316
31424,0.7540359753863033
130178,0.5217356459546546
135455,0.23780783304171804
35277,0.94327156849214
130583,0.04842972278466122
37226,0.7115231271802053
132958,0.7611555853188313
134229,0.5314152487596561
35489,0.10383682203402073
32879,0.8551783905157431
133908,0.14122783813761983
36332,0.6152081762700369
131018,0.9882697294330713
30445,0.7817085200995205
134570,0.10634722199402968
36855,0.3180829258188973
130272,0.7959035355494377
32193,0.8620147034611949
133860,0.28320675702724474
135116,0.12781367482332887
36041,0.4104500639583819
137183,0.1830225293392862
135613,0.4380350127916128
33991,0.7630923530649223
35476,0.6641792293924782
133677,0.5661699481719605
131458,0.05198606371772465
130347,0.10744828992535863
33986,0.8299467029933523
35886,0.7099003747704696
130468,0.08634945009134484
36842,0.7481608528013249
33962,0.8881217241266004
36272,0.9967783877629509
136353,0.019038190470276824
32131,0.8729157939774589
35729,0.44325702517043164
133845,0.16192762141054967
34884,0.9504050333277048
134013,0.04972741739876577
37009,0.7539439575194347
130538,0.32504180602986826
131156,0.010537092274366408
130864,0.10703454536330237
36428,0.5773697503681271
130818,0.0289796918850292
30489,0.9648756810537145
32611,0.9221476133748615
136792,0.04160820783363901
134261,0.17479044899704235
137477,0.1515453193494281
132439,0.07428724976716394
130793,0.972206667939418
32653,0.3362667173907787
130964,0.05842782179624912
34563,0.6086954651377322
35005,0.8511519636421616
31222,0.8864456337177424
36416,0.6654037135323029
34787,0.62522650778861
31442,0.5781909472158405
131016,0.6205494609309763
135200,0.594403824873124
31226,0.7487754985558961
33815,0.778412095911894
34251,0.7832862956604495
135797,0.7528721029163925
132827,0.26094585815201604
137025,0.12129950925658557
30021,0.3734907250912056
31458,0.9301639847108183
134532,0.050062871632719455
137073,0.3488584220058572
136289,0.7493007503441153
137384,0.07338312818156446
30407,0.868046978301182
36720,0.928042031663325
32908,0.9505557565420666
35594,0.7224842653277149
136552,0.1845022914480344
33461,0.797940330472611
136492,0.23915284065257214
130505,0.3693679176574207
131351,0.020140342096456064
32116,0.881916897700158
30888,0.8699272770428101
30755,0.5774275939958673
30316,0.4703664638481342
33429,0.643996954535235
131007,0.05898164142449113
31985,0.6943807598373333
136376,0.08609379340537973
30978,0.663193184558094
136030,0.7900341737360235
34841,0.7909019057919745
36954,0.9356200755058329
36787,0.4216054068316405
31575,0.5098003169740062
136607,0.017294369193444604
131183,0.2562104759995992
136395,0.33865859630387274
34907,0.43578653388216076
30217,0.31002525995632996
35420,0.9563915934535334
132447,0.25136040552111466
32343,0.5644198255962946
30266,0.6378248057535143
31395,0.9988708504056995
33335,0.6703692975714233
133956,0.22765665228771217
32055,0.8194919410715867
135964,0.31391228226212303
35242,0.5291933914427349
131293,0.20105896774842158
134344,0.08050228071435028
31029,0.928849431457536
33021,0.8225808875560016
30155,0.8534829171873661
130516,0.0545228312431653
130604,0.03498806224081725
130764,0.1487856239355316
32674,0.8468211505867402
32335,0.7756571966304764
30599,0.14472354960327785
130982,0.2871897658850227
135477,0.09277412892456083
33266,0.8515236191459279
31995,0.9981319763291128
132930,0.09181982409429723
137282,0.09162275715859027
134021,0.34593356514886003
36458,0.48452372810813643
36388,0.2808648670641453
132002,0.7145784189715908
135996,0.0746673965438842
136998,0.2821597771719879
135716,0.4143024241147273
136625,0.19935676805888355
130154,0.23449361360453552
34440,0.7771752468916661
36408,0.8073931580401104
130360,0.10849818061088015
35092,0.37861884401927004
132301,0.18438479522023488
132969,0.040107120766869196
131568,0.02066922838376318
35027,0.8424756227243437
133080,0.1333469634804737
137022,0.8449033864435572
135042,0.2027260363936494
33954,0.7683529223465057
34519,0.8049291825967276
30612,0.9965423511364953
31966,0.628409216666098
133189,0.026990212040637986
131607,0.6297826086778818
33465,0.5663184516082971
32662,0.8647735616677297
32052,0.5859103931921655
130518,0.6799824306915168
130751,0.17729574865549977
37356,0.8568724070805273
135938,0.10761813360668099
36123,0.30594259042303545
135331,0.9864430395847855
134078,0.1634886605304513
30034,0.9351396440075171
35480,0.3026721315286681
132870,0.039477739779365105
130814,0.4908500833375844
131844,0.9955466299636665
36418,0.8975010597047939
136446,0.47116111583455916
34941,0.29049152769810593
130931,0.5724503369098224
132370,0.11442671962454043
132984,0.3273063524576977
32531,0.6549709388753464
130896,0.11863363337399113
32301,0.8751407031370488
34983,0.721691767864379
34466,0.2790707609196669
30065,0.738877983211941
134744,0.1646198730885043
35227,0.9124762395104614
36098,0.7759711982703377
130810,0.05939512407287389
130696,0.09667707091330872
36361,0.7400031943905278
31080,0.20244621294206813
33460,0.4666388950459185
35588,0.5763936801982649
136405,0.05512665467025079
137006,0.08645933122376263
34456,0.613248326200078
36414,0.5673609859878566
33346,0.6549578203448716
135328,0.019444956784380803
134695,0.016405862932806492
131329,0.2626778276165105
130088,0.157204693364513
133640,0.06097814443685821
36580,0.9197961462815879
32143,0.35151782307117624
30165,0.6329336496964032
131045,0.6823096100103312
134347,0.20052682241704728
137340,0.48371236922569666
32946,0.721213265038786
36632,0.9672332466312932
33845,0.7544813451868428
130357,0.12711190671660405
133841,0.050940582820946004
30349,0.5470665067117256
36179,0.5239365818111317
131647,0.6699288670015605
133171,0.009508298734569678
34639,0.8758301843210983
135945,0.6422288560137456
135501,0.08762646712076316
36126,0.4806575822396912
37189,0.9448242359836995
130642,0.26197623181591073
132402,0.20279547563683997
131520,0.7411489313232039
36282,0.8848198432192477
135034,0.4374561442115876
130254,0.03721763011289788
31873,0.43642533093537444
130036,0.11120279860776168
133940,0.046362522310642765
134818,0.2552229816342528
132421,0.5559796472159617
131906,0.0896514058477866
37368,0.9903878333331864
135305,0.13552248222033314
30156,0.856032071496197
30917,0.9182586678588817
32752,0.51421693397958
133848,0.1271568245475064
33549,0.8367950962803345
35081,0.9862736799991546
34661,0.8575946196739328
34085,0.7140730895490601
136275,0.22062359106559082
135105,0.07480141708208482
136476,0.6158174279917648
36664,0.9066064648293476
35351,0.7237209070102641
136689,0.47496131408024167
33541,0.3032338496951866
32083,0.7304006550956201
32492,0.9577742086988825
31021,0.9480733614533731
30348,0.69435794334967
31299,0.777554790996153
30682,0.5984018933698728
30997,0.7443795810500058
132404,0.16403193443720301
131638,0.25159666086682103
35715,0.6621031869824221
31540,0.7809908657175932
30113,0.6249924614567111
133626,0.31449227170394717
33560,0.3571469704571496
31101,0.7351547683212762
30541,0.19406644229031997
32585,0.7736145065870543
32392,0.7346572856154516
135094,0.06491659095453013
136322,0.24685371008220425
30498,0.8306018745023978
134647,0.12406273815395413
137283,0.45279933620953106
137153,0.05694865798100992
34765,0.5105779899761577
134199,0.1270002169290733
33313,0.8344781881794883
137299,0.6503298174880265
32680,0.6717573944285609
33105,0.7260630473767774
31358,0.8641058770527476
35573,0.7144150630646042
135201,0.06148981796152972
33669,0.835952427263271
131096,0.19671337805669734
136200,0.03726262340704917
35499,0.7785682820011212
130064,0.2129736630843862
36396,0.7774183913057887
31631,0.7100275597695339
32037,0.797007547957703
33092,0.7695650863583436
36786,0.8054496285444745
130266,0.3273893633425769
34224,0.8636285281373548
136166,0.4839743584329785
130148,0.068130871541533
31941,0.8434192147634882
32776,0.7333514295863389
30145,0.8561061575910014
133012,0.053570387777352575
37465,0.8824271405362993
133873,0.31266796104003314
33944,0.9116426251507036
130773,0.25043316365714596
133066,0.08926289902264258
136467,0.023671282934524487
131926,0.2983800726388996
35439,0.8293520623774158
33935,0.35218268870024116
36000,0.23078730760767696
33837,0.7664500673100639
131570,0.1390632533346223
137140,0.5690069861306968
33976,0.8374429638768704
130150,0.006741182140007896
32078,0.7531286482503828
36261,0.8281906028341444
132316,0.3038022618410294
33438,0.8065452480082659
37153,0.8925420422655368
132080,0.02601402568656056
131299,0.08217064846233191
33229,0.658622718273172
135962,0.03662674045007326
34295,0.3977708089058353
136904,0.7289830089465461
136018,0.20929416073877283
32044,0.9332242566810004
130170,0.04005516207269815
36402,0.8981323036783336
132226,0.035979081390391104
35765,0.8124886491688097
134572,0.23566480293805922
133701,0.1475513620452123
33226,0.8927552933994657
136472,0.098885361272369
136329,0.4609773532979132
30442,0.7363026114378612
134219,0.07244574592606216
31334,0.2187521185511482
136308,0.048128699812859596
130719,0.9545319006775426
132967,0.28821959094665833
30060,0.9390599204524526
131735,0.24718671451022456
36553,0.8678171295234941
137400,0.1243435076381319
136717,0.07735289263053999
134381,0.17398843446792656
31945,0.5874622054787094
31307,0.6508901035336898
136378,0.6681871425991806
137455,0.5702009201288093
132363,0.5854930033586391
132023,0.45978632782602374
37499,0.9671163309362731
30812,0.9455716792711396
30826,0.5376963730571014
33221,0.9986948896788009
135287,0.2860584429485637
136088,0.18605359357402365
32823,0.387127524293409
130837,0.592638071590829
130728,0.24129797371016756
132778,0.2318469869852887
133883,0.21903822676569368
31535,0.8583394187010296
31133,0.8741202733054662
136939,0.19961607683402707
35311,0.9809108378601922
33998,0.7680252366931855
135282,0.0634465649926419
135332,0.967988728666002
34533,0.8054452298630085
136757,0.7160299447287942
33716,0.7607796753224632
134320,0.1544752772057024
130557,0.20391225193620133
136512,0.28248199492578757
132395,0.1632217322301401
33337,0.7945383839876977
35769,0.8330100226292219
131197,0.1735729150157761
136464,0.2554771036910049
37404,0.6061272146981564
33524,0.5806186345140583
30337,0.9709368519923698
35864,0.6412326289539714
133565,0.4589856027667215
137266,0.23611091713296095
131223,0.21597268098619576
36877,0.9999548914236024
135713,0.07292179353953879
33507,0.7185138823036895
135267,0.03681983939640959
31970,0.9904270724263947
136040,0.6778720782846908
33473,0.9189671007516863
137275,0.6429271953232585
34973,0.7974287917657337
133149,0.12894190952980417
131948,0.4122503924476485
131103,0.7269246683243543
35852,0.1902158579785377
133159,0.5382353196546606
134987,0.0030411378747976316
135993,0.09104899247129015
131268,0.03531698841601852
31821,0.9904553463962842
36997,0.6724906806248051
30547,0.7276170337460102
133962,0.43679496238418847
130368,0.791125356584422
130508,0.7735458390482512
35497,0.9006896125803425
31543,0.8020331996568413
134931,0.7222871777557406
133201,0.14376108179952093
32543,0.8656056932773993
36861,0.6565947950792806
34834,0.7200043883802624
34491,0.9034105202448091
33505,0.8925782549804955
33598,0.7223361362900206
131586,0.0663041003541509
33140,0.40303367235016735
132922,0.06884809120349228
35297,0.8695851239657161
32182,0.621356866948824
37146,0.8814979507682379
36409,0.3094645850067574
36799,0.3174512708767178
36100,0.5978277422754392
132595,0.2822441082577963
135432,0.19890528045613282
133134,0.9980076704499482
35548,0.8378746926476269
31351,0.9273684571743439
36951,0.7666973831312015
130350,0.07391174692315478
134069,0.20062635813547883
132819,0.7873157539466945
130623,0.5088017830675415
33580,0.7898838404328462
35779,0.940014190086781
131236,0.3557216361221592
35222,0.8862792995463951
130448,0.02923826945716754
30835,0.6972545107629163
135492,0.22683953665305298
132304,0.08061039117864663
30170,0.6210424796542954
35869,0.5344091256061512
33417,0.7519557530998946
33894,0.6720492860943985
133895,0.018205888291768484
32553,0.3049644669885252
132188,0.7611457443036767
136344,0.0052511336125657315
30329,0.6631372452260604
34345,0.9305199921065512
135064,0.11972567502447677
31964,0.5130087289616283
35682,0.4438649496092007
130654,0.5188748946503878
133353,0.028670059575185432
132140,0.08138418716762168
133043,0.27488933977726376
31338,0.6283123381645168
131058,0.4989562379469894
34857,0.5769736872774534
32790,0.9173495773232424
37246,0.8228372713147399
31804,0.46815216535614673
133009,0.31540209809730907
134969,0.6476231709534832
135228,0.09873998039221833
37400,0.4422443156151109
31120,0.24443901422995237
130730,0.09770710718625653
35099,0.7093526666627685
131785,0.22228626644988497
130780,0.005382624539583171
30745,0.892069415870356
131415,0.3842074955813264
31151,0.3489766054221628
133143,0.5763509691699589
135554,0.29361361384414303
130678,0.6568108927036532
133552,0.18259053311661522
134925,0.17761048795011497
132030,0.03396398924982347
36152,0.9124732427813602
32318,0.921194503891927
32929,0.6657248958989072
31069,0.6734634193737248
32328,0.9524492594955531
132523,0.44668370754903336
136231,0.16497398302604013
34093,0.6478776638557477
34160,0.8327541197287417
30040,0.7532204052479826
134517,0.3330810346620376
134142,0.4050837764874631
34753,0.6971100489837526
33125,0.8776118065313433
131051,0.08382953072713326
35849,0.15862001603324447
136054,0.07873513155093295
130661,0.31108370672075264
135041,0.08910775410601397
30857,0.5916339244751107
34053,0.7831521575623441
35402,0.9145761549195012
31061,0.3724522142233404
34180,0.9999974357763067
131477,0.4591741490856846
135165,0.18715429579681073
134089,0.04206973132145867
136543,0.032492809358330904
136533,0.032070414144089676
34592,0.9117333062150259
35566,0.8650759153532828
36107,0.8192532808723823
30733,0.7717878408087622
131445,0.05611584669435865
131896,0.6665910360292029
35767,0.46435696383787
32138,0.44242130478798564
34246,0.9016844219404266
133533,0.6228744096739752
132113,0.5062751443935279
136321,0.1426923793192689
132435,0.1532601779284587
30916,0.7291670240947774
30941,0.5625124676430184
34138,0.5055984808739435
135666,0.06805824621123645
36557,0.5948200652715736
137496,0.6391081151752994
132183,0.0827264741589165
34573,0.7211277008861225
135142,0.19676215169516076
131903,0.2466820568169752
131227,0.2999854734159614
135589,0.219000665329164
35380,0.9322328037155754
136500,0.9939760645599917
134303,0.2919732529929121
132779,0.03829585893649284
30800,0.8447357180025101
33790,0.8017733965991992
32558,0.6053858806662238
134108,0.9646038346811276
136787,0.6041088636853404
34211,0.901549605733411
134015,0.227728755218641
34448,0.5582111839192027
37403,0.9006176880306381
136033,0.4148181899166671
32159,0.8867093209228283
130222,0.6775696831174481
131104,0.15312822052558395
130104,0.2707309289946803
32970,0.9346018196481451
36730,0.8253628008595529
131795,0.008508372878166592
37202,0.6392080445160218
133774,0.41016173855838317
30610,0.8524669910051809
32224,0.629597570048254
137164,0.35659386600448284
134524,0.013053978514680552
34412,0.84091003828606
131739,0.7256967439315526
134664,0.12045404056163464
32535,0.8429740279608259
34985,0.6941578523340126
131133,0.39070975712764827
132937,0.302281431169024
134047,0.6393409285833987
35761,0.5951615881291125
136951,0.14254550362191443
135304,0.5015302874097306
131119,0.6313588708460495
32091,0.793517346699607
36640,0.770304503424012
132364,0.18083101804943913
33423,0.427838691799088
33742,0.592419133223743
135210,0.23005660608185105
36445,0.8711901860102115
131673,0.20995964835784595
35948,0.8216609458958204
131090,0.16034049452817847
135737,0.2125363897633554
34131,0.24518273023011025
130262,0.010920735315081219
31038,0.5501795476626455
36471,0.713211605911544
136910,0.1365541582992563
130606,0.18528335997331857
33614,0.7108833626736476
133610,0.5149910013222087
136272,0.9945552243337294
34290,0.38253839043441007
132110,0.3417904343402462
134205,0.08487691524150096
36828,0.8283141218904683
130100,0.023967129435972994
133076,0.3326513755816665
135317,0.021942671382421727
136427,0.37957769137981395
132995,0.32795341183017335
134633,0.179344465211216
36860,0.8505133328421409
36195,0.8742362663684925
32931,0.8721840574559199
37088,0.9110898551366384
36883,0.9661766573664768
33811,0.41976532083830587
30725,0.9152329294089752
130530,0.01081208449028328
31738,0.4228141661119438
136786,0.1898830920055248
34665,0.7946945538304656
36772,0.8678635747871927
131497,0.29372027636227144
131297,0.5453447158412147
31655,0.6705541573858841
130665,0.07084157389408151
33527,0.7623038109519734
132865,0.32058859477664775
132135,0.3874192316921933
132822,0.03032759861877737
136022,0.9833313227316274
37496,0.993000759831321
130519,0.04845037207928939
136237,0.018678329872902716
135056,0.21433443667754512
37318,0.42819468740808203
132977,0.02319286361815631
133101,0.1957965239606604
35196,0.4238312043322707
130848,0.7051962474625136
31937,0.9231685396560347
135300,0.2791408877534867
133354,0.2975110266291223
30723,0.9246766831556953
134523,0.6631972449590329
33653,0.7981883545175221
136429,0.1634164864479842
34784,0.7869624307964579
131087,0.04175159121962576
133093,0.6041398355889959
130502,0.23954633661573765
33443,0.5201189764684885
36249,0.7240853064508229
35400,0.9468673357583146
134699,0.2118614300953377
30579,0.8371618570866829
137179,0.15101902815772383
135290,0.5562633238913559
35535,0.4568303451405248
34270,0.41001097716838675
37278,0.9081368927301401
34579,0.8822182496358488
130806,0.346732320749267
31280,0.9800850014989273
135474,0.24237877735679372
35791,0.8683300034726618
30290,0.7242986403474838
136351,0.16920715288301913
134672,0.10650356048097542
135125,0.19427611273056072
37360,0.7277911677757533
136360,0.7525955433424991
30697,0.8584300590981867
136822,0.15288436398573893
35171,0.8084387068601111
132606,0.07419602523771236
30637,0.9561923237995735
133456,0.5613028622188629
136790,0.64800110764307
35556,0.9996493195936438
135293,0.40361153021477153
136202,0.20494409219485316
35961,0.8554803344742107
30215,0.4980850073986382
132153,0.5674473033606808
134367,0.6133873351551551
33130,0.8319779858454981
37227,0.5455506938119595
132622,0.2345173425324269
133627,0.037026009563272275
136832,0.28439538084713323
131842,0.0938789501953556
131858,0.6413775462199611
132943,0.2683983148593495
132761,0.19239348975216045
130655,0.07313304776037922
135334,0.14415321939024311
35530,0.6161073401842151
131889,0.013146381817194384
30246,0.6222201909882386
137087,0.9898397040947913
34474,0.7560016650807645
131956,0.46229598653160775
30750,0.5168991059865904
32290,0.6975504617472318
33009,0.8469569021802932
31213,0.7751503806978428
34388,0.9511516556030737
134597,0.11645537459581914
133528,0.30379901485212596
136535,0.1345390239384403
130067,0.7934976904701714
137218,0.16097669855688226
132694,0.5829720356809903
35469,0.6253792545622412
130637,0.45689889766148506
136438,0.9980772330684875
32989,0.8968420002407619
132063,0.7846887549422656
30730,0.7916022865273826
136531,0.010844362919509814
134062,0.06294638622606187
135746,0.1583982251779643
30139,0.6082764628840143
31028,0.9196666080235937
136883,0.05601489672689158
133717,0.4654566982792005
132624,0.3175986819918957
135691,0.20071447427556838
31460,0.5368230234152841
131002,0.4743010864229548
133218,0.8238182131207852
136081,0.25072277452259584
134284,0.15989870133739473
130396,0.31748258049587663
37347,0.7807289414603018
32385,0.8779157819767892
37249,0.5216561536635181
135271,0.04636981034287245
31268,0.8409956782435509
135719,0.30986126485038057
137495,0.2857728521341829
136944,0.12246576267649732
131949,0.7085552457839689
135102,0.3277588865891371
30594,0.7363989202864323
134582,0.5297592635083316
35665,0.8423270154596852
130168,0.3484933535673532
133049,0.2475437291587254
30566,0.7383472632478895
32850,0.6778438699212094
30434,0.8861271271500778
133580,0.40901377588131677
31546,0.5076169603658137
131496,0.12489282391815702
30786,0.5548642693767973
30950,0.5779314915186269
134260,0.1999423274740048
134081,0.13838762920808895
130627,0.21567682023514392
130223,0.723902458481331
32282,0.6029813472825751
35590,0.541843006842146
30501,0.9494932566816352
31431,0.6465723892138682
134955,0.25744644759745683
135027,0.3633677565062278
131440,0.1543126018640161
31794,0.7437768857571558
130815,0.2660276710539567
137198,0.2977318115184939
30002,0.7336876385396819
33988,0.9438261358212198
131361,0.05921004479712406
136641,0.1984312745717217
31869,0.7878879446162957
32136,0.8298902012521184
30281,0.8975352466279007
134099,0.2049749398107207
34316,0.6467545920893564
137146,0.6538194995470551
33296,0.33327047851769454
32968,0.9916770039132796
134297,0.029233351245021008
132234,0.2030574476214695
34296,0.5783298991330285
35868,0.8264680682354333
134853,0.2694918388422936
32567,0.8885048284295264
130559,0.11180667986014095
31596,0.7977597102257441
130593,0.12995754648820035
36196,0.8057379928251711
36755,0.9517890401133765
31920,0.7097676463832651
32173,0.772189596858875
31625,0.482871524538245
133886,0.10312272606499115
36484,0.7151990380096032
35077,0.7021670541331972
31341,0.8430169066413066
131192,0.0672829322337939
33187,0.37238159181309133
130282,0.12249896128065389
136914,0.3393804781180898
134162,0.006704682632237418
130261,0.2984593727346579
135109,0.6124396927654124
132389,0.1495056017738473
135233,0.13802393684557593
32453,0.3951014187423897
132131,0.020980275283189024
30244,0.6235489252524499
132804,0.4099032901498425
134777,0.09897028601998775
35699,0.7317835822052192
137326,0.18634421395546824
34543,0.8175061537573733
134206,0.42008032032240283
34633,0.49813462545797066
37110,0.9605694949697403
135401,0.22465488277434909
31895,0.4034004517744939
136067,0.27908559772794594
36479,0.7907785310945802
34556,0.48676852624857475
35143,0.99049599243745
32382,0.4691978423302518
132682,0.17909183537835577
30696,0.9054315036385024
135069,0.12986101899357405
133017,0.06640004001554263
134905,0.41750693918912496
32590,0.6589196187318683
33581,0.8005339254908475
135531,0.39885664143264654
34636,0.8719632117672769
33275,0.9146472031235918
130176,0.2969724973845963
137029,0.7538097671732287
35683,0.6527162464053362
32754,0.9071435118164877
130638,0.08336660834642946
31493,0.9989069081136841
136100,0.1126920877852881
35838,0.8421696190602336
31172,0.2132039085282023
131719,0.02440796137078682
31317,0.647409026432509
33583,0.5599279851997891
134862,0.16864942835858915
36404,0.3304497453314408
37386,0.9992173438375239
134871,0.5840030274496152
134725,0.4188667389809906
31103,0.9189354709122052
134487,0.4316701729292617
134035,0.24935481447294572
32703,0.6595502024402531
130624,0.621202755827816
35986,0.3731493475341786
132961,0.1641547096224476
133487,0.4772017144621754
134441,0.1018143379870587
131209,0.6416975378847274
137442,0.07772095653367546
35808,0.9976599309013965
32969,0.3477898731093457
133775,0.15067115962229516
135717,0.25490789917458884
131409,0.7167364761573931
36234,0.9404326758864954
134102,0.19262589009216957
32176,0.9853552347435592
133014,0.4532512925457398
37021,0.8248498663259546
130210,0.10855698360816139
34718,0.8364607141268537
137382,0.0602134528348414
31807,0.4036885948991286
137234,0.9949406547543193
36250,0.7259867502793459
37096,0.87279230247596
31893,0.5730609624555442
35802,0.9098601491703834
136319,0.37447763769276043
136001,0.16043338281310157
136670,0.09182375579472862
32042,0.8820062935472903
130342,0.526220492830093
31534,0.16521096778402478
35338,0.8961526854651194
30190,0.7761527927101288
130657,0.1921564286223918
132712,0.24674465053617736
31349,0.999478396531483
35212,0.6563569512430889
130852,0.22559616959538437
31027,0.6669817369758213
131502,0.05560698036165485
33257,0.5589126467347203
134858,0.1866432941736277
131626,0.19050939909348724
133715,0.11997336771960623
136274,0.02530391762877577
35963,0.49936729846140854
35626,0.4828187204878801
132186,0.6529496425179776
131536,0.10063000091332693
130917,0.8552380193769028
136908,0.13014943109100735
135342,0.49155212881213417
35740,0.9229751554062403
37349,0.9684621080643296
34503,0.9287805593998458
131174,0.12325213222838798
137342,0.14117941253812435
30074,0.8029814709348906
35960,0.6535790011000858
134307,0.22006616250050795
130742,0.45203675497670975
131702,0.10056486713664388
134693,0.40435607747302343
31683,0.5523757346736492
132723,0.32815002756228684
131971,0.4375955818134508
35627,0.77488851770847
33625,0.7281231428653193
31095,0.8784229500031933
35583,0.9351878820076192
33272,0.4192127697197968
130877,0.6882861233618894
36259,0.6007317531399782
131180,0.43132310388636436
135224,0.451361321399439
34686,0.7673676049061923
130152,0.34692889641972124
32241,0.5641205499065645
134678,0.012294122948192664
30816,0.9269677217294925
133388,0.342840634112378
135336,0.4128785160290774
36387,0.39950984236768194
31912,0.898535226321364
135855,0.5853346513129538
134822,0.6807597145701647
137389,0.11732230205304842
130165,0.43918913300346923
137026,0.2918606521982328
33312,0.7910380250883579
130130,0.45192370661019093
34067,0.6521775304923433
35586,0.5015440844943385
34405,0.9335068220535292
137248,0.0666453881935059
32812,0.8891886031543758
137187,0.29657468564347167
136808,0.052949612033633166
130616,0.015192644635836567
131799,0.10051266167616926
35006,0.9405660429997709
32780,0.3276912019361009
134611,0.12651401039510612
35506,0.714120190256159
135914,0.012084442505186687
34309,0.990762581292624
133991,0.6170119319851973
37263,0.7962278062089897
35565,0.6225116647099245
36602,0.5849836721352998
36816,0.6564624645102523
33888,0.7840898734200553
134698,0.08614196170850583
34708,0.41185841357612535
36980,0.7665939780005737
135299,0.22068165562672584
33416,0.9976631045653774
31407,0.9085046736237655
137208,0.15154496552971058
136526,0.035455577736627136
133482,0.0871503376349232
31727,0.8271193857269397
32852,0.8103490366232574
36354,0.9117352002079909
31371,0.973810344973301
131158,0.6145127618520388
133907,0.6013753523378531
134338,0.08010256411244558
35796,0.5413961460266902
37019,0.8880927197198427
31433,0.724232772560844
130313,0.26135598968631457
37136,0.6188044443658368
33981,0.6881855816013451
131571,0.16448300747325242
35365,0.80462830303321
34314,0.9221941314226276
33941,0.644309343232711
132232,0.16064863723746203
133924,0.2707013603452985
135239,0.28063145388847477
136227,0.6141502437106026
34619,0.48666174367593495
134449,0.32261738491906516
32686,0.2781676229166036
34937,0.8762937220215332
134919,0.02635832357060241
37402,0.7699837176538267
33210,0.9831141454258896
34013,0.1907901291143438
132840,0.8563811322050378
131367,0.5431680321793821
37365,0.5946144332666152
36760,0.2841140650997907
30767,0.5544671160452631
132430,0.13981614431536896
34838,0.7435748215285923
136513,0.06816865765807253
30268,0.8347472637443549
36649,0.7104252983027376
136162,0.2593912310037722
132775,0.16267020447609476
135854,0.32419266581289025
31135,0.4445165322055442
133981,0.13246057475233608
135833,0.3474994363861605
137089,0.2640336410374264
135470,0.9996400796525368
132747,0.5287960631361402
130572,0.6269470213530747
130672,0.5080646269225174
32429,0.7391768406040575
34788,0.7462574422449808
133570,0.1655376109691653
135468,0.09944724459646319
31918,0.5331542702788917
133828,0.017603671772916284
132666,0.4507039609824893
37270,0.9559272057707588
133254,0.2758400001536411
30904,0.8846557463009704
33674,0.9237313524280625
33401,0.8857365973514576
132486,0.8194192772123131
32500,0.8360288904029425
32999,0.7333752682420863
132898,0.4406692812493492
130200,0.002422475548937667
37024,0.5435269956940143
136772,0.5953902185872402
33466,0.6280478579027163
135846,0.23526935096271606
35617,0.14150464482954217
36503,0.7520504963104304
135900,0.9997392645133554
35052,0.6296868655306502
130427,0.010364027470762337
130380,0.1772642501778635
32036,0.8168912445706895
36266,0.8485690223758626
134823,0.036622326666027896
132212,0.20122729521857727
130280,0.6513350609028163
31170,0.8485522899871634
35016,0.9309914431637911
135386,0.9923664525935326
132710,0.008828314894903542
131757,0.13872854748337105
131428,0.3395501255714753
131710,0.3473692583031293
135274,0.08386846105088114
33548,0.7875073391791765
132670,0.31544169510773407
34280,0.7650149066856845
34677,0.8325688660368941
33918,0.856828557143028
34903,0.7830476984195777
133332,0.40951486062577364
135817,0.07575236498324563
35100,0.824208513886262
133752,0.734263143203099
33233,0.703696352630052
134668,0.1717818173637171
132107,0.089559286757583
135230,0.3519191865219382
134168,0.17864699125615788
30716,0.6696092379519817
132908,0.009263497648244745
35782,0.7372373868613477
35388,0.5956535812247856
35708,0.7448408489174757
133716,0.3248505269916378
33553,0.8252451359649087
37190,0.621651183937464
132872,0.312284613010836
134815,0.7446654776292281
31083,0.9158378963563096
135943,0.1162420941042788
135106,0.022850285559655858
132888,0.46338672735078373
30111,0.4038985186887709
132885,0.29882040881245936
133679,0.1486559812878383
33562,0.7952042498903485
130109,0.3418100033723737
131238,0.17129039522179373
36927,0.5568730190447805
33081,0.7810283536680394
134751,0.01921234150423433
134607,0.026497591554544574
134983,0.2132823210533819
33052,0.5524873187269456
36841,0.8747420510290899
136534,0.2864327836265177
133833,0.06755274024191749
36886,0.795588198332115
34450,0.9452788874328768
35759,0.8951009769175202
130009,0.20608654818183547
136705,0.6063713175537168
134467,0.2250287806838891
136487,0.0012562911389287432
133630,0.4593802029714009
33378,0.7556008697613824
132525,0.05965932253506411
31537,0.5701200465635519
132657,0.1634159958677951
132649,0.20125914356542732
36582,0.7857304064029613
137313,0.00939035061961604
132515,0.639951863332057
36297,0.7228088214938813
132856,0.12202779287588943
36543,0.577723222286265
34650,0.8555622844133819
34043,0.5778353509816518
32966,0.4331850688701702
131382,0.18151368124997413
32978,0.6187975632754608
30346,0.8088036091011334
37405,0.39580718101131956
31361,0.7745396776790132
34554,0.8354639871930124
133002,0.011281713212340614
137015,0.70849088007341
134244,0.03702366531153077
34366,0.3564513807543249
33500,0.9788391719686499
131531,0.22223559199208892
130353,0.10454282740757705
130379,0.07759109825578442
36825,0.7680674030014277
133546,0.4764442998986031
35628,0.6184681979164645
132755,0.2594302718128558
30229,0.839737804134489
134124,0.4549485999759604
131463,0.03438982511718574
35551,0.4862230026955994
131718,0.016951458667973887
135880,0.26837091363128607
133042,0.41259519161748187
132838,0.47382129099729536
133494,0.7357912827915652
131524,0.2485028079811748
136424,0.4865124334902362
132983,0.2984515796375872
32031,0.6114602694091894
134304,0.05758243580752854
136080,0.22559513608290996
31427,0.922851938539955
137251,0.071027197485708
36088,0.7569854933361071
132520,0.28785046519692387
34848,0.6939127516563102
132982,0.11840810589179213
32750,0.9542978525962467
36072,0.6839784298574723
37494,0.9747657142163495
37258,0.7208454759078006
31750,0.5656047675582881
136546,0.5554434767007606
136573,0.30291791878154695
31827,0.7979203455649162
134091,0.07671570964369656
32575,0.6108234186410132
134379,0.3201188970221566
131005,0.4661298579898211
31145,0.6339953697425815
130658,0.17431194046839885
136585,0.08315025317075926
37235,0.4336653820691829
33371,0.6940281074817123
134494,0.0967444531164274
136400,0.11989851296446256
137071,0.15507977908538234
131313,0.12379176700805962
31718,0.9997807569533504
131634,0.5729622029915546
134870,0.9321694005513468
34922,0.8076595553746118
32035,0.40561638140017287
37433,0.9596700834637021
135303,0.4492781455452106
32765,0.8810706455220888
135431,0.14549538731193082
136601,0.21969175961843795
134109,0.24229033348273396
36058,0.7010372278979436
36594,0.6553671978727122
134070,0.19764399427719628
130008,0.012190814966005388
31993,0.4924948454543194
133958,0.3951658182720045
131222,0.05890812037213606
131026,0.05844203256259402
33106,0.5561195786604544
130384,0.11464189468165001
135646,0.6036036235234893
135358,0.03920187273085811
35823,0.661599029794166
130703,0.18360932332107183
136875,0.2520497409551137
136726,0.03782237171188592
131750,0.22948628584518121
132205,0.21212834908165468
35232,0.9362368969190604
136560,0.1896775220498187
131947,0.022882350080018512
130551,0.07318919841874408
30313,0.8587111993136217
34962,0.37030178133727776
31329,0.7092845669247524
34396,0.891731652028331
131646,0.2731674185504249
37025,0.6969601027281269
131977,0.15872873753795844
32354,0.7726652090238847
33157,0.7703964099951089
32093,0.9079390537769648
131994,0.23774081201510427
135708,0.349872296466663
30101,0.7142893862962535
30008,0.8316676817042234
33344,0.5100696244504119
35332,0.8686874656290492
132485,0.028612158531906035
131981,0.2872317218881913
35407,0.91371232076002
133771,0.1837531063612773
135263,0.6687519223171702
132613,0.4187685488252652
32903,0.8847293099640452
36115,0.21258974331821667
136538,0.11714380637544725
30389,0.9167268278698938
32247,0.6643537963956074
32226,0.7728854404763457
35350,0.6790134017235919
34823,0.5953706589237815
130836,0.0043699118586462355
135611,0.18017976916454845
34894,0.5140214858982675
31136,0.9551846439222026
131731,0.0218783346624775
33484,0.9434735189443443
133737,0.3589205759740736
37064,0.39027862329840707
37134,0.6759178730363338
32231,0.9960273467800383
133208,0.05490815610251277
130788,0.259920353158428
35188,0.8259030268765285
133387,0.6223088043395275
134404,0.5874123866403637
36349,0.8769853808222229
132987,0.09483268793915005
34637,0.9359716434819901
132841,0.07025410196007313
37055,0.33817746855031433
133475,0.03411123830910231
131761,0.16935269804025543
136420,0.1696157479810331
34059,0.95971228311964
136776,0.09858862748693663
133815,0.2640220287291658
132581,0.5212087990235195
130159,0.031632854937107484
135741,0.1283324416193798
34462,0.8375806289418297
30298,0.7072137018886945
136888,0.42932706644408364
131793,0.1524324576660828
131556,0.28594034648245775
36743,0.595102984089422
131990,0.0476355373313727
133753,0.03894525845286429
37335,0.4988607108293152
133734,0.9939760645599917
31154,0.8567072650078027
31457,0.8592640485075825
130354,0.2673582712819136
135781,0.23265795303086736
35569,0.8444970391598953
133336,0.2813900216891708
37471,0.7704232631033177
135979,0.07637598871831149
34055,0.6076296792516035
32621,0.9649842227987454
136393,0.15793478194294247
35990,0.7563857815091958
32413,0.4310781733444894
36412,0.82941349184591
137462,0.15123020718183872
34217,0.9710001999716673
34537,0.3418093239077764
132150,0.24169203043904422
37256,0.8738956401363692
30801,0.6066064132466068
31890,0.4549513302157092
37288,0.9318897635458695
36124,0.275757973277498
133136,0.32654724076136354
33094,0.49182565729160543
133953,0.1290676672570815
34302,0.6855773546700801
135768,0.21926544875967013
34413,0.5110544200628563
30398,0.8913736354290647
33975,0.4307513053266669
31894,0.640835263756903
133397,0.3545634266718552
35579,0.610723780822544
134522,0.03849834100374594
37430,0.823863071680772
134728,0.9474246461170516
37326,0.638961415972348
132123,0.24288168584439535
136671,0.16685006584387665
32496,0.7799924673993929
132521,0.1691432946287213
37063,0.9173422204984782
36413,0.6557913563018836
133733,0.274945764103893
133781,0.034521709533559736
32654,0.6063710305653303
133986,0.011989020870507483
131950,0.12020532738608142
136624,0.22030379409687503
131635,0.2788565515336466
134949,0.11895825668729186
36342,0.35754922607225026
136187,0.41141521864405417
134689,0.05847475740270138
35571,0.9665639317752733
130517,0.649932232173675
136627,0.5643619810870407
134464,0.5934218227574405
31131,0.6480611024689026
36137,0.7292564743655837
133039,0.03704100982396582
133935,0.11761884549860402
131252,0.9925481958787877
33838,0.9809092183588631
133787,0.6730065148615881
30488,0.7075474125631568
135157,0.05586653120684467
134875,0.8582617438066399
32371,0.9137555762646733
36923,0.999026956546585
131617,0.21493015524603531
33303,0.8442498919275202
130909,0.38872752653260173
37487,0.460168842360706
32816,0.37631608626663404
134411,0.05323570225470657
35821,0.4668763276224685
34720,0.8914061684820643
37072,0.5919645225950102
34604,0.77972548073559
135754,0.18608811291610988
35048,0.3112522700412049
37307,0.9410243566345312
130722,0.3267271535941227
32393,0.876409419649314
134424,0.5548973307958485
131470,0.325340837532283
32631,0.40363426273684555
132869,0.29765707682804915
33605,0.25702364125618793
135851,0.07587115443148053
133425,0.5145783177882443
132938,0.25663952262185175
135758,0.5118067842962272
35677,0.478148388445437
30227,0.4557774814965854
31097,0.7429132419909144
35637,0.9179551693191894
136873,0.16202296601178692
134922,0.12121941565340319
31168,0.9998209234295505
36600,0.9379533272093201
30458,0.5040060881854704
36589,0.4173057733124637
132929,0.03967743064934133
35363,0.881017800848352
132145,0.9928161388371041
32349,0.8561010203573323
32358,0.9355246802998173
35034,0.5714689540699258
34033,0.3268664684851724
30390,0.20792824624699874
137166,0.25936624885312815
131828,0.3034857103054196
37291,0.8136131852995881
136559,0.00748134133345259
133151,0.15579128486803434
134826,0.33022110598167
135127,0.21848601108433277
131740,0.11029787601465274
31489,0.9223897608644255
36970,0.8323323169835409
31260,0.4783191085480251
33323,0.3515184918014603
31996,0.9327035656998343
33374,0.5934399236208169
32704,0.8872237719263769
136025,0.018531059875132847
33963,0.8065828503078142
134694,0.03153796872533079
131513,0.02296758562399405
31304,0.9962128414815549
133298,0.9555193481764972
132814,0.12349741777799404
133808,0.6487652679969487
132130,0.08329731059307402
134765,0.2971874696503428
34740,0.857806646921028
136561,0.2602890583721208
130853,0.8106539404020023
130997,0.03873538901489543
36405,0.8860317381002208
36501,0.6548852852910745
34435,0.8717347070547338
32630,0.723363570165022
134086,0.21717006544326706
135829,0.6545391376298216
36721,0.6174259154415608
132000,0.008595303588268354
36789,0.732914347179
135351,0.09098356753332351
32434,0.7741020024168531
131243,0.998625835517515
32519,0.9393656071820172
134082,0.09413706565721498
36840,0.6862777458565418
130766,0.3178251049671996
36054,0.8765802372095681
137325,0.011114216768331563
31791,0.7538503666793847
135571,0.6561000202662582
134155,0.49987862431887736
130675,0.5154063461188277
136292,0.5646053450426951
131552,0.07682946817538092
132441,0.7470505365267847
134979,0.09932681107372161
133315,0.016594054743459537
134473,0.44926503428171327
30923,0.9301037966249901
135867,0.42474713591509583
136970,0.3618355584590119
34494,0.11586237910875821
32132,0.6828241150295256
131742,0.22347092738513538
136927,0.3593539901222134
30010,0.4405464402597547
132290,0.06956510057606796
134817,0.3329155627596386
36467,0.9720190331785731
133160,0.37575263800154185
34488,0.8182472043139231
135997,0.046098333310179714
33001,0.6610398205999637
37383,0.8125880258954461
34393,0.9491457542814951
134356,0.7702776164686507
130394,0.2596201883717047
37066,0.5384849330077696
31045,0.934085934419979
130717,0.5440335229066926
137064,0.923646316768979
35620,0.5145629333473561
134375,0.15692060537951363
131061,0.21990763202412136
130875,0.035310581351720306
130365,0.17256238220393272
130101,0.4190594704835908
30734,0.9969394067686767
132196,0.013835590704170874
133222,0.1520941006132586
33178,0.8787681589527508
30601,0.7251340718087582
33666,0.8104345717829028
36286,0.9035239639988286
134134,0.16971477587100992
134163,0.22239060925645374
33967,0.8855395535491897
135527,0.0735180501271507
33010,0.4807213211327924
132146,0.21443977994684602
34910,0.6871067477181931
131703,0.1403909454653771
134917,0.02930359334510502
35330,0.7099310232501392
31276,0.8245248465767092
34134,0.7809296511516549
131734,0.24240313174245148
136708,0.7644505874182125
131010,0.9960920030309542
133088,0.24668523464942327
30659,0.8302769905787989
33307,0.8434483881270326
136715,0.37125302793951187
35106,0.6384670260673647
36705,0.8918254268612966
32748,0.7166157714220796
30353,0.8227047347345458
35965,0.729808685877784
33739,0.7975998865729254
34766,0.8285396611455051
132250,0.6148283270874612
34738,0.7240614541817695
30014,0.24815840106303713
36615,0.6035390343136766
35179,0.3017166265665096
133308,0.1204920909727027
132376,0.9113757297254433
33520,0.6490255568946527
34051,0.35094663706078033
135684,0.1639876959645057
134479,0.03623272528475049
35906,0.867378050329362
31802,0.6703595424187372
32669,0.9870510782439738
134703,0.012543413370310827
30657,0.5778330240622878
30692,0.9200988203964918
37224,0.9126728391956738
130514,0.7738665584099105
136332,0.019631512423809963
35352,0.8525668162478628
135911,0.3245691108555431
134584,0.19414330934894877
34557,0.8375483329979136
136203,0.10272019410538115
36624,0.9191891521669985
131566,0.05669161823222955
137055,0.2255027242141117
30686,0.875728239680917
31626,0.9399122276143373
32904,0.8160444664812615
134012,0.5385824558111092
131893,0.025314601574957688
136023,0.22665443277025152
35871,0.5798583742175256
30361,0.9460031720208386
132538,0.554604916156591
133776,0.05815216099078331
133645,0.39560779022809023
35251,0.9243979134693109
36257,0.7569461224464272
135145,0.9967646718281492
133652,0.2250136917686982
35148,0.580732981472049
130341,0.09694173563386467
31340,0.9356880931303524
133680,0.04011657328869459
33250,0.1015793643466944
134122,0.9744958896070716
34438,0.4507309998689602
34647,0.4281895319719171
131414,0.07734629121787012
133226,0.3406544749802099
30238,0.7207353449330494
133900,0.7301158457660774
131919,0.11348345503917706
135673,0.27033163415229106
31419,0.3047142150031023
134839,0.43019663311075224
132669,0.23102696960365138
130893,0.21656786988900031
35157,0.9713201322644542
34324,0.8607099922905174
30185,0.758820832089553
133557,0.32118972409415153
137079,0.0502091319201152
136412,0.35068507005003646
37460,0.6609479610548802
135706,0.08821518705201405
133934,0.09225352088137445
36678,0.9687127851360201
32377,0.36682020311505165
37220,0.8292552776920576
132198,0.10481206707133149
137356,0.39272610719640805
131539,0.32742426448352224
32840,0.7123001587428226
36365,0.7552344051837521
37493,0.5746082643914269
133312,0.04118768404822978
36094,0.6662690776483667
32038,0.9659377293110253
34359,0.9011728614735073
131341,0.4921578693946219
133333,0.09264502111169468
135576,0.1232688829308128
131215,0.0010071398558582734
31742,0.9047199047557903
32564,0.7381348509891373
137379,0.6529873959933521
34994,0.8013766663315803
33045,0.8419080924187244
134283,0.6027539930194976
132620,0.5589690748711481
134193,0.12361797864466763
33388,0.39588891564321377
32911,0.8856177982690377
37490,0.4913825786342274
30471,0.8375274769409569
34649,0.8845187430163302
33646,0.25389112420561716
33933,0.6434651846843253
131012,0.6180621677348106
132903,0.08644116064999688
133320,0.2085858246724527
134377,0.4805687610280486
132794,0.7336907177037381
34369,0.8112792585931715
133517,0.22679270328149861
134546,0.6453661623091139
131067,0.29980216650121755
32508,0.8330503655904777
130437,0.4788803781671732
134311,0.36353373484426516
35488,0.6684932160393384
31673,0.7899473719768509
31605,0.731152385125407
133401,0.1225433241580307
37483,0.5179352799573066
130318,0.3646385781574816
132172,0.6252613428432016
33960,0.9080379158115809
30847,0.9768459806496699
132100,0.4726043021341169
30963,0.9181149535028562
130407,0.02031959592209111
136740,0.3118598347074602
137392,0.676122937634425
130478,0.9777210917128436
131839,0.9984328865994719
136163,0.0688057341052832
34566,0.9959803812167827
30083,0.7621901090690706
31096,0.9026367201314408
132611,0.33720030138849133
36202,0.3519576253394553
33363,0.7144882084544054
137438,0.2068700116841574
135070,0.5755166960224922
31523,0.6085796761073139
134491,0.2800637580833352
137476,0.28139421389388997
133128,0.354409215316883
132988,0.10636870293897553
36347,0.15681892187074173
34632,0.7749921424223088
134908,0.26440319925312195
135364,0.1030579358207371
33757,0.5852164062822227
31831,0.83500334065692
133965,0.6358902588208637
31346,0.2032029778726382
135775,0.2405730165080733
35153,0.6823867368226877
35271,0.8527239169694855
130725,0.022563451810969956
130743,0.9262098562976899
35959,0.6020993421964205
131303,0.49781587709471664
31139,0.6529736850028233
37130,0.9927191730443607
135657,0.15927200781372575
34895,0.8544349690118744
33810,0.791046854021079
135129,0.04934215261006424
137361,0.15107897958630112
131581,0.6717786064848049
130308,0.006316627410193123
132346,0.22246356182345053
33584,0.7461159438981165
132104,0.17658368776455322
35408,0.9112096991756883
30671,0.625171448585878
34530,0.7703074005063499
33532,0.8704133227617796
30365,0.5489143732471805
30795,0.5155637008164612
30203,0.7733856919563323
30858,0.41053629988901186
132050,0.027598442542901752
35836,0.7031713818664579
132449,0.17037025396405836
134409,0.39183167487721293
31957,0.4273638547867734
134330,0.030797491399581715
135557,0.14666652888147402
35513,0.8012092132074835
134211,0.41753094291001697
31012,0.8719114867645337
34904,0.6723665584641466
35303,0.9013934163526444
33940,0.3572192564235239
131814,0.10836580547793365
133406,0.07106188025738296
30600,0.25404762878947645
36247,0.8465837925736863
137332,0.6480153710317822
32648,0.9406121949992107
133611,0.7063071916485808
130867,0.4570943817109891
131921,0.009689216698803986
37095,0.8594646872583853
31105,0.6472894339554266
130141,0.11394047359646765
35296,0.7271943912454185
136977,0.5587899089103107
32206,0.9479888177434874
131020,0.5130752976099936
132085,0.21548225853000497
135348,0.1608761623961097
135969,0.31084406933817355
133022,0.9935949691213166
131612,0.1509921185940218
130224,0.52059455428299
35252,0.9339271093885305
134107,0.18864453118868757
134555,0.05607550435560028
35750,0.9701559131257972
35012,0.5038527026742853
131242,0.0018920210645949325
130699,0.44413710234779524
32677,0.8865942171970495
33498,0.4679223957680163
134258,0.020217269996727672
31892,0.7578973348566886
134117,0.14003803689204294
130111,0.5681770635552519
34489,0.8302931624918715
30054,0.5001828854700132
34250,0.7372058565358631
35145,0.6563247163691912
132359,0.007823219194139265
132154,0.8478016062733285
30539,0.9986356303440155
34423,0.7602573078598905
36224,0.7485743588283869
132555,0.6047639741438279
34688,0.8266992017239919
131515,0.504273668610554
35269,0.7093718935732549
131177,0.37098507655467167
37287,0.21630151696234723
132332,0.9663978254631617
134006,0.17171501515363247
30411,0.2316205193311222
130521,0.14835769885102731
32124,0.9985071530830488
137152,0.4589591269941257
31745,0.8183328731000973
130372,0.1928429581254332
135934,0.06525723822868174
36604,0.5401393761159616
131681,0.12641669801231523
36738,0.9203273372240252
33721,0.4009902902404436
135434,0.11434207654964121
132282,0.07138476421843833
133709,0.12071174639596144
136868,0.3855403397776828
133682,0.329260282427716
131304,0.33548366152817066
136862,0.2972335107979574
34830,0.2456742886345608
36717,0.5913979608327012
131397,0.01227565797528866
30615,0.822834942222225
32984,0.6580935169320034
135924,0.5185200510681366
34560,0.49524262393105617
33696,0.7625288456685417
35325,0.9278400986649212
135891,0.1643553608254452
135218,0.43270205124719047
35416,0.9969386021191016
34292,0.7118397607862063
130775,0.09611331840706747
136571,0.7672632858373378
132306,0.49060456149029674
31689,0.2700987924582031
31866,0.8308675866077039
34241,0.6117864808786523
132245,0.8662345757821758
133636,0.28955230329263293
36893,0.9677399723266805
35160,0.7470513789225995
134444,0.7986990294890856
132446,0.06136102548175305
136173,0.16798141154138233
130147,0.41794406114717597
35467,0.3278067422663159
134515,0.36441037587052094
34425,0.3806726767282344
135507,0.2090351578258491
33042,0.5760062558402324
36864,0.8037148801861155
135989,0.3374111864834555
31037,0.325686610432743
135975,0.009197229650591623
136352,0.45000552944660005
30650,0.9998205087193562
34737,0.7924619947085135
36751,0.8931300034040458
131152,0.41578321475058805
30513,0.7448808640968805
133536,0.021403253825078374
137072,0.13465978865558256
34901,0.8492261934122283
36300,0.7912263454064858
131290,0.2408927039750619
34880,0.7586034123443591
133485,0.010868146653727264
136071,0.003004752086461235
35642,0.6449631584781049
34372,0.935157700310387
32306,0.7364809639758465
33255,0.4844529378366883
30966,0.48931433247332023
31923,0.43293316394036097
32410,0.934674186072274
134753,0.07818557033604835
130979,0.2052148022343315
136916,0.033527034009135204
134536,0.9986427577413337
30828,0.6955434755546841
132518,0.954867672712652
134475,0.9996567281745552
35833,0.9998992441082544
131315,0.4683082098634451
34654,0.7775570822150563
135826,0.017674702817529246
33526,0.4989032542545565
30456,0.7558054384206434
31297,0.8028101595885068
133944,0.05506616045758853
133372,0.16266078827265776
136142,0.06523467392901036
136207,0.10690910312138026
132615,0.0595181080701846
36077,0.020826489097683663
36924,0.5747569455556841
31884,0.7488899961354768
31217,0.9925923351769194
132641,0.5208264164264931
32108,0.8556451814254217
34694,0.8199371315315762
31319,0.6239641535599124
135623,0.020268013531103673
134566,0.08503274492375702
132428,0.5198027226843528
135622,0.4637051894258198
134754,0.5260421763349666
35987,0.26261661107337175
37323,0.7170849660900466
137151,0.22951018488945668
132410,0.339955884321365
131808,0.14761458347225745
134045,0.002712013476215086
32432,0.5822302808928949
134334,0.16983747030559518
30586,0.5445486430024383
34465,0.5619262934828276
135381,0.46130629131381873
30484,0.20333045268465355
35461,0.5234855547398799
36186,0.7019173802228202
34715,0.7326580258627329
130439,0.005251508713393805
31903,0.12195081598842183
36504,0.62991750017194
130960,0.3554623144283716
30611,0.9410411884645686
133856,0.07187111330382687
131827,0.004355290310347048
134683,0.08082349478676924
36532,0.9158693691341379
136574,0.17663718396437053
34227,0.4708347696595736
33395,0.96718026641897
36289,0.38900518800841427
136509,0.07259760983498825
31273,0.6731679436890217
36051,0.9043720016584152
130967,0.18425977903590915
135886,0.5556999687357909
131541,0.07727925592491355
34477,0.7533374171450289
30944,0.6505732999276296
35181,0.6421804810280016
131640,0.39676503692627146
34693,0.2736580987353678
31664,0.5994972579510589
133495,0.33865874409606667
34958,0.6917248098932014
133803,0.145659139983666
137395,0.1754543761556187
35079,0.4157928576078377
132272,0.30881286694288596
33055,0.9272161855347312
33715,0.5549308330476171
37053,0.7840899563628411
135476,0.12947123228364824
37008,0.42467109748876813
135539,0.7150016945054852
31991,0.5126837248664269
137257,0.8930688032219491
31016,0.36990350554664686
31320,0.7850411757789202
37023,0.719202936283525
30303,0.7219266735482796
135430,0.7104549545573832
131127,0.34352732914480594
133556,0.7754582249995094
133364,0.3004019867367087
132600,0.29718391793022875
34124,0.7304003969357714
134161,0.1453619428108852
33749,0.8443614132874017
131124,0.06128806004984221
34655,0.8464974580912177
133901,0.06340631242425379
130525,0.17293983495280046
31348,0.9100182512714078
130763,0.053423302140191864
137426,0.0225839551938901
133875,0.1023473896566208
136470,0.3584678931360086
30838,0.9967260258569035
32310,0.46473840327575056
135705,0.17758264806866497
132608,0.4002507219905452
34631,0.6946535050587666
32749,0.7063264775841562
35177,0.5938745365714397
31075,0.8455650196040997
133255,0.18552457769273945
131869,0.049850196948182546
135175,0.5896938349189613
31200,0.48135344051766393
34599,0.7329515861616288
30097,0.8511688928604707
133067,0.20648343370716316
132800,0.5080123726029541
131446,0.49484667188634707
136855,0.4338004233682867
30424,0.888734156330945
33251,0.52874086579398
35451,0.4795182103442204
132713,0.5316681983983587
34716,0.7751062218903046
36593,0.6417724080984383
36189,0.5972445027266622
34889,0.8194459484154861
135243,0.4539379119392789
136106,0.4094787671620785
35844,0.9191428520641238
36792,0.9381468094973063
37352,0.7872935379706381
134855,0.11224392405491561
132653,0.7643364050566894
30204,0.9017126297640685
132688,0.1312658776965102
37341,0.6839884059186507
35374,0.8692172393344467
137196,0.18807234220537453
133003,0.04694799016098048
30915,0.6545233770302552
30000,0.9997045005103687
135149,0.10243187159580788
33194,0.45223772682989305
132231,0.0720057783391199
136422,0.7073505612536642
132055,0.0009697888611763487
136688,0.012084442505186687
133798,0.013837892671905076
36163,0.4544941072072308
36488,0.5868646311357619
36900,0.7925604677987009
35149,0.8802508908297086
136386,0.03194947609930259
130135,0.07677277724251373
37389,0.9076568710591428
32549,0.84324065148924
34944,0.6833453378727697
32527,0.7779508278769242
34669,0.863356438449104
132062,0.09816441951997587
32426,0.7242002790750551
132148,0.15882778424844438
131802,0.2838554630539159
136084,0.2338517959250587
30072,0.8129549360095135
32156,0.9985071530830488
135864,0.16530091798029514
32273,0.7542078282928601
133464,0.11701871114546758
130890,0.12845562082367193
32305,0.4865391016174761
135720,0.2347525356713159
130905,0.15359700553774097
31670,0.2173795437141007
32054,0.8217402629059178
32251,0.7731823360485036
137021,0.1011478990869002
130322,0.33990024409438874
132252,0.21714346054917247
134998,0.49454161314564155
32676,0.5115625106938845
30850,0.44549319797196113
36253,0.835736471844682
131139,0.07568224098931385
37380,0.8268535583016448
131683,0.3399025839446054
135683,0.4574037285491689
132625,0.17848708845797204
133173,0.0499106523186248
33355,0.7972103815187245
32486,0.8724313609094146
137499,0.3140578411839357
35479,0.754182945795226
30570,0.6747357774198781
131887,0.4074560648328268
132490,0.22116638984156864
30027,0.288141868641629
34886,0.2838580085948983
136863,0.09820113957988175
133200,0.10389916976026214
35737,0.4179843395561045
37160,0.8105219042263353
30533,0.8468296386786283
131987,0.12159872982073255
130581,0.9780740713841097
37092,0.3868338851482833
134803,0.28111839867491467
32390,0.5185364003851586
131503,0.33985545861957495
134233,0.09481591089497407
137068,0.4689112661452691
31245,0.575847427497253
32477,0.9768737744155112
135547,0.19795429101458428
135668,0.3479213917403796
133863,0.03508174795997665
133393,0.11848818471864296
35176,0.7012711328285167
131451,0.005168920974145673
37034,0.22369871180258757
132025,0.2043322957744263
36656,0.2786260150212738
33555,0.4189942850293095
134202,0.39479195527573224
35622,0.8718222308876972
131143,0.9865864361765193
134136,0.0218484026882679
134508,0.5575588046550861
32689,0.8021664114775906
131070,0.0790317570244328
36655,0.9243272935370562
131510,0.8736911169886618
131898,0.18822006869809882
133142,0.044003260465458105
136893,0.6914706325359719
130975,0.0824955234736672
30943,0.9199794922601239
34441,0.9314432358874792
132912,0.3373874364774579
132544,0.20360944800842948
133847,0.6268517888891676
134003,0.6650673538674008
134446,0.06284463205803754
135965,0.05639135234031244
34433,0.5582409381976523
37056,0.7320704586803304
132293,0.1722203744173965
35991,0.9286391459607974
34555,0.7851149537175249
37302,0.4566463456150499
33035,0.6142688945419256
134904,0.5865046946917037
30813,0.6473066418262095
130651,0.42516598724591975
36243,0.13584584974857786
134506,0.3803935599941266
30397,0.8197949871356001
132949,0.22947800073991687
132412,0.028245586640644017
34700,0.42827685027231954
35575,0.9889618180675381
135320,0.4077442296906892
37340,0.9300334420942331
137070,0.24545160526158058
32624,0.8868778964252481
131214,0.11363376819751113
137330,0.05614320015763879
33723,0.9042083074151004
137127,0.35233397946564937
32483,0.8420921172827481
33154,0.7432704424249083
131672,0.2449410507924879
135292,0.7789975289347313
35574,0.7502343752284678
131357,0.525300620406512
35631,0.3320630917276844
131561,0.22212607136879775
37272,0.7261865814880625
134457,0.3836222793388804
32784,0.45075700801560026
31854,0.8598385800678396
30324,0.9408673642229233
36211,0.7345747517953579
32140,0.8546648893604586
130271,0.04326005266271217
30841,0.9945842185244603
137027,0.09162025214932533
135594,0.023248979957379824
34072,0.8637277128294659
31959,0.7743040561175782
130051,0.3963795045364403
134778,0.3822709707796604
33603,0.6878819067088319
134191,0.030808956859120728
30698,0.9532078539963278
134317,0.10298222239368468
131354,0.3443664045384366
131807,0.021968098001827297
30100,0.9339378908875494
30640,0.9401386772397857
133658,0.009954160754083445
131912,0.26484195155735624
35662,0.6284282535344525
136753,0.005460637009631374
135745,0.9992048876872349
132445,0.7030886335823805
133791,0.6368553798634943
32105,0.8496528237317802
135031,0.40575293346734603
33729,0.7126107136761426
134272,0.12473018036925901
130522,0.13561162819233605
36014,0.9761983069003018
32345,0.6678517042945329
135827,0.22611359691438615
31054,0.8522557041009614
37399,0.7142680221749788
136926,0.011394890892305895
33345,0.3978517655326835
33278,0.7762098605975525
134830,0.2373829712963051
34918,0.784281681789599
33808,0.7645762519899749
130512,0.5517095784998675
132352,0.7614933943748156
33554,0.7477124165121002
132721,0.027760780383431483
137263,0.4017659148707836
134041,0.9978296431139073
36447,0.6103078175586447
130195,0.03807631726298699
133448,0.21695026811542914
135454,0.5356855086867718
132854,0.0888559179606603
31302,0.5744155872483043
135845,0.07141340554368421
33558,0.3584870019479337
133906,0.14034873234511422
32214,0.6648384804512462
33670,0.4245936628931772
37268,0.5464510800362987
34525,0.6856720698972968
131017,0.3308280963670176
33559,0.7701290741398809
34952,0.5623235979432964
32210,0.8521375199948028
30015,0.7479025439125119
32269,0.9445070196067907
32216,0.7554513551586634
136859,0.31583277852698466
32858,0.6166798699192451
131184,0.35915954317831766
130990,0.6164887253467786
35630,0.8961995082008384
32095,0.7729645824638545
136686,0.6462114592856809
36908,0.9674172854214637
135343,0.07284238853835828
136279,0.20138024662312862
36370,0.48227121912694104
132192,0.12235822107788856
133844,0.05106027434829103
35042,0.4397552886569235
134688,0.12984720014432508
31205,0.5944971750649525
31178,0.7229541126902373
132846,0.1823211042854237
130296,0.4958875209841481
34874,0.4729535531406031
35771,0.8916283078547027
130413,0.09387446225629673
133113,0.037373805770868414
134953,0.7697770661168208
34804,0.9983240505263085
34858,0.9999983027311056
135832,0.06477257926003444
135842,0.06712608049062309
135333,0.10355466389565339
34968,0.6160249873073506
34400,0.5117234830302019
34614,0.9810684717035023
36722,0.8416194076307343
136511,0.13124618802306154
133277,0.19723142329488783
133748,0.40920230483032344
133010,0.5887276222735365
133325,0.4853267399345178
34550,0.9270483650476999
135946,0.33713915963685226
30901,0.4724517376314944
35720,0.7094785035225182
36164,0.7791982733970539
37284,0.24857708730013411
31708,0.9209733800739942
36653,0.9714262161736239
134390,0.6699677965336452
30367,0.644523406895878
131693,0.04967159456865585
132126,0.9425523126865373
133537,0.3869443970519981
33870,0.6916317176832483
31161,0.7521064040780819
33422,0.9998679181584736
34724,0.7420880702658668
33752,0.7964989312757172
135750,0.16962749443900504
36800,0.8270929276376061
36318,0.7679938569259299
136730,0.03837286174372309
131074,0.39119060710409304
37214,0.6440163239111345
30681,0.5259858171019336
137126,0.3531969778476619
130691,0.3514151582947397
130228,0.3856741827918779
133240,0.019282460750241766
130465,0.2972376174921548
131822,0.008024143529220611
134289,0.19047182043478722
30759,0.7831227412111825
130218,0.9226485770267289
30026,0.8815094538087277
34583,0.6256173996317392
31940,0.8855571993568683
134601,0.39767366300603946
35112,0.7642344682152032
31434,0.5770067053245784
32274,0.8583880288329618
32863,0.9489281273503217
30718,0.48400560997345565
33164,0.9993934604395959
136917,0.00355802390988916
36143,0.47767192821161797
133518,0.0695193647420761
132058,0.0683227921897617
130574,0.5406397880995661
136994,0.23068592462794282
135651,0.07878418837583648
30069,0.9088418442952017
136769,0.3509738912301412
32363,0.5729917867945838
130260,0.13997814282470133
131935,0.09704253651978759
33192,0.4637383874034114
37127,0.8450026374589865
130688,0.2554784592131006
134945,0.46862731812610575
34574,0.9705308365867922
32799,0.7369268983033103
134263,0.05752689683653777
34577,0.9997471092040543
34330,0.87989087107343
137404,0.06687367641325045
130479,0.32472792511723786
134914,0.13669810088260662
137180,0.8110310812770596
32963,0.7342288189130688
133148,0.8048615741580817
33865,0.9923133452709885
133937,0.5971888034819278
133762,0.22956943330836135
33685,0.563937354822505
36403,0.763605615656101
137194,0.846484671233941
130736,0.024786317171142627
130887,0.057937749975165834
134339,0.9997227062508102
135627,0.05200699622494059
135500,0.04238745206397558
135121,0.20356211871998225
134477,0.28543573801141275
34379,0.13965293831719242
132292,0.4248475685230365
133621,0.08724060000586276
35370,0.16543538917019784
135007,0.0713361240589027
135884,0.43556014170013124
134033,0.1739839034212198
134962,0.27926796938983456
135959,0.2724590816377411
31353,0.8233415393192604
37369,0.9128939568294526
130377,0.06958901602168553
131234,0.4702943483753666
31806,0.43766288399721026
131211,0.3341688296172594
134249,0.5420481404922267
30529,0.8864566658895838
133435,0.25014698912226385
133124,0.48537396637698565
135026,0.39790992655957114
37367,0.9169554894846805
33297,0.8401837668100328
35240,0.9247808913139124
34576,0.785516607380991
33338,0.7641374798143503
136682,0.12131797766703648
36016,0.6855092288104002
36320,0.909525490295866
32826,0.6482779089731705
136059,0.4929914756555887
36031,0.5532889617127834
33379,0.9748747270163842
131280,0.033626068840099894
32289,0.5463033640856323
34184,0.9794227954725304
134788,0.4831408359116833
33367,0.8780815512728454
33098,0.5897077684423696
132228,0.04578355259961388
132661,0.3094403653499446
137454,0.06912144649150315
132810,0.6919655461182082
133413,0.4864802491253638
132752,0.11884905764919751
32073,0.7192812488748072
33173,0.4193601207663145
31160,0.48748684722364777
35278,0.6051812123995987
136953,0.045324269707437526
31040,0.3988935246518736
35538,0.8828220530455415
31050,0.8440769503473348
133903,0.7938845941262458
132280,0.5528763368910127
36634,0.9830982173215796
137050,0.4878896322808944
132737,0.47712196174756416
36029,0.1760487807559585
32114,0.987187778977765
34954,0.9999974293521108
136186,0.19772234698311117
32341,0.9162022306027209
131335,0.00011927752324945158
131434,0.1789353495988312
36935,0.4278332790682944
130409,0.1408416865384146
131602,0.14280078949723626
33008,0.8985075783217762
32431,0.6882939388001643
132743,0.08348565868166499
35533,0.9996556473950402
36956,0.8266470711114997
131147,0.015056574552752415
33138,0.9220682017051104
32684,0.645758227560679
30393,0.2791988172972175
37304,0.9272865772150206
31624,0.3271548681313049
33587,0.6746791222981721
34189,0.5503232340663246
32264,0.8652726477932808
33911,0.8462862033853499
30174,0.9531885365648233
134425,0.522611868378885
134274,0.5674511190072603
35661,0.5460474362858283
32081,0.7380809659780369
31775,0.9941150670030041
30110,0.7659682769796381
31134,0.5219732248397937
32475,0.3444284777657536
36679,0.7271805620336549
32126,0.3658631264573284
30247,0.5548395310562871
32688,0.9437569207251482
136507,0.17556656580260116
31902,0.9150686652518211
36013,0.9321293755006199
133182,0.2346730469254557
133419,0.06267512205802378
132618,0.059484440844218084
133968,0.1427609191266417
132484,0.2394660204138884
130306,0.28289845682943227
35928,0.985428884710357
137431,0.39673146906369094
30504,0.7976394647679195
136442,0.1342535345558179
33726,0.7743207720599073
133331,0.15252484223926133
131773,0.2959042224423775
36002,0.6270611228547944
133955,0.4385072901779169
36871,0.15246542168850707
130264,0.41823214461278685
136156,0.08555381662511133
34634,0.5335920357572891
32186,0.43971137951513206
133174,0.03248331304945387
30627,0.882225404898621
30269,0.9140515431856217
34107,0.756331537562266
133367,0.18162065316338089
136474,0.40601965554956243
30775,0.4627391826042563
34581,0.665333448041404
30873,0.7530606569135633
31706,0.9047737867053001
136312,0.08233113922384101
137193,0.15391736628642314
132696,0.12801800802772806
34748,0.7201094854147778
35452,0.4727776466694708
132268,0.05449819945944702
32697,0.9398319646585004
35055,0.5619774454365964
130096,0.37393879019852844
35182,0.5694520671829697
131266,0.22213950304242105
36904,0.7891010196104553
30845,0.9513466894969071
36519,0.571270839165591
137324,0.06620984854739853
30030,0.8798455525133736
135903,0.04604463584484628
33762,0.7931259634952693
36725,0.787350271365486
35971,0.6768542114812917
34146,0.3536692407112726
31400,0.5225004937274079
35037,0.690982541341665
30969,0.33512207263002736
33785,0.578323053343427
132031,0.16268705367497985
132064,0.0073198591013034515
36887,0.9404981915010613
31219,0.5921567039905592
36882,0.921037051835368
131609,0.01755916788056351
137300,0.557715419285587
33509,0.9073985015865628
136579,0.12895996032911725
131901,0.22318109378062204
33858,0.6038455731769171
133416,0.061586475212609244
130462,0.17445889999690603
131588,0.05615932804916696
137309,0.28210181865468864
133878,0.5380885187456033
137402,0.07246376328733896
135940,0.39106235842974296
35924,0.7742066878440418
36843,0.6918225487580436
135562,0.09618533474597966
130119,0.010381016263711733
135008,0.16407442693171262
35745,0.6897344433247743
34402,0.48173365349277963
30194,0.40820450359066507
31951,0.7136634709194793
130290,0.2254061671954552
36242,0.6738467281658445
134497,0.2908295227251189
36061,0.9524700363133073
30467,0.7849776468610631
36194,0.7969674576326045
135361,0.6240249552520903
30710,0.759762124332998
137466,0.10856524081683222
36017,0.926700458501969
35656,0.3490320916280483
37473,0.2808936621215616
137293,0.5415152049351067
132554,0.12906145076985903
132891,0.13230367037004864
36928,0.36899781973532186
136324,0.11583056335031397
34856,0.8122662140750786
32010,0.998383885515014
34112,0.7919945326958907
35390,0.7650846090106768
132314,0.17456356481706758
132373,0.554371857723213
135020,0.009874504179647704
30193,0.8965099170438148
130393,0.5939010599948816
135718,0.23703150929216416
137031,0.04893496816652764
31522,0.9746129331025455
36547,0.7620080241017814
130010,0.02247706416827681
130074,0.4453861638370531
130935,0.1063373091152655
36745,0.9109872215082172
134574,0.21745588113111702
133605,0.00442288110687709
31507,0.5963975716679266
135881,0.582935661754162
135599,0.021001149184717648
33351,0.610205617073011
132185,0.21780213452179117
30784,0.38709331717475803
131306,0.18763179921926204
37470,0.39841529784899
34794,0.3380829761855452
35875,0.8058876206296725
134179,0.2629456756144751
135767,0.28802932166205186
133351,0.4442302097785236
34711,0.9876412148698965
135644,0.6731411585673944
33030,0.9962662537086122
36417,0.5755382804507537
132831,0.045510720711706816
134214,0.02106965884227256
31796,0.8819191066794856
30262,0.6678193408518032
131862,0.11387504881394317
33781,0.7598935854139164
132791,0.031434237561347014
136409,0.15453271282817335
32346,0.8308932949819523
34744,0.5313692477779516
132357,0.2539917112544117
32696,0.7459214596165311
32755,0.8398148441908272
35290,0.8285034673573568
136426,0.5078892393662121
133951,0.09018533018863152
30503,0.7134712856795454
31078,0.5445519609817726
33043,0.8242473813462879
31076,0.7015174390136122
131516,0.6439013736485084
36096,0.9665403557638317
32753,0.3432874179639938
31848,0.5116920872827163
132414,0.376831361415537
137165,0.018237422807180523
30402,0.912687838365473
35542,0.656984377275061
30871,0.6038884135992593
130160,0.20883799223988178
35194,0.7486367555858296
133184,0.022394390240415125
136987,0.9989912446595394
30395,0.6417963060408762
136884,0.4796275580448857
135582,0.08506121430351063
130546,0.07937220882810203
134938,0.06638906368639587
37461,0.26822260878153315
131878,0.32960149568264613
32316,0.9309697850827869
31352,0.7151622409073612
134712,0.4564199515548273
32923,0.7798988294174269
34346,0.8196948636490311
134044,0.6043485469032176
132750,0.10211270413785017
31098,0.49234561678374666
135729,0.5075342540870034
136938,0.09300452192971935
35945,0.6845621526268879
35804,0.9537673448709999
32869,0.4480007291340535
35603,0.9112527664066564
131031,0.10006777897162877
132658,0.125855508192557
132133,0.9958883163735763
31305,0.8220174587599621
36668,0.968625436686211
130371,0.10185105859992946
31193,0.26494049156860366
35807,0.9973997259258698
136152,0.0031039394445838476
31347,0.9993461542565083
33036,0.6269036341099709
34977,0.9004787862484126
32084,0.5760604939037008
130139,0.06860356845463308
33327,0.30790707473043055
132235,0.6034184627306776
136499,0.10117461686244206
30837,0.6541865528690778
35889,0.7397321385549149
34798,0.9823191526585469
130327,0.21303510189041713
133436,0.6870263016310671
136923,0.34954389071929864
136295,0.19792368805201735
31416,0.9576960252718955
32016,0.7692723345973264
35362,0.7622690530556073
135773,0.24958942221931957
133634,0.0363488363892509
135574,0.12444705866324318
133493,0.23605325572428515
133826,0.08088518214812439
30609,0.8579301564878457
36544,0.4217790339160465
134627,0.11749806370141919
135800,0.17360123862144716
35949,0.19521039677032367
134391,0.041632325698289153
131940,0.1639595463951439
35483,0.9256251263585299
36043,0.8652407656406035
136550,0.4489760059172021
36536,0.6729569780386001
32203,0.6097655198574127
131695,0.012001086408990136
37348,0.8549575117257023
137054,0.38935655327027757
131711,0.3078230174547944
30219,0.7137695486926992
136201,0.1641824873884755
132042,0.09856339350422562
34063,0.5343698021106815
30908,0.2640226502198175
134709,0.1435370331354341
33853,0.8141883960824691
30709,0.9507600533385173
30558,0.8033129114284681
34136,0.750316014277036
135478,0.03354808817089992
30342,0.4861298559986841
137391,0.033018524692428185
31326,0.6292886246344248
131229,0.17596931077495645
32205,0.9028806333238804
131285,0.9263052588897123
133892,0.061938520486377394
137045,0.2366432551543659
36465,0.3087057352613355
130985,0.3106980540735743
36972,0.8190681604995061
33813,0.7338157034369192
132274,0.13221171507798443
34500,0.7921346530131234
137024,0.16051215755353054
32544,0.9072109772637694
31294,0.8720532512164244
31799,0.7726627053512584
30906,0.39022258318741665
34041,0.6719893274073114
135275,0.6281441767840118
36797,0.5050643602097498
137255,0.3158432131449472
34045,0.6243382129636236
136947,0.5392943034847397
34653,0.8490904328926887
136609,0.44474638222263674
131453,0.29262150406625814
136449,0.3448788670559111
132609,0.14847575072783092
30311,0.6692800162399226
33633,0.5967734671789954
30277,0.7654306143787558
132773,0.9635761111877998
134324,0.018898305345471707
135330,0.041433087948987785
135090,0.2679954391197877
31459,0.8701308634062038
136950,0.13883043649954424
133021,0.3392489464833522
134483,0.4875601638096952
33649,0.9080488977545103
132349,0.33983197411887517
131754,0.07996537112557237
132970,0.018663296743115253
133031,0.11377250242592846
31724,0.8123423335012817
136130,0.47979185153665116
133013,0.10476334597673148
33667,0.5276997598002722
36350,0.9124820989260598
36199,0.6037671080315877
34163,0.7046905685430329
130928,0.020584429416207875
136249,0.1332289911235759
34226,0.9997624309624837
135289,0.11027903248899892
136490,0.1761561446697484
36937,0.744482046318028
33768,0.961297759340057
32376,0.9205158463677611
32015,0.6303857496892922
135849,0.3096991155543899
130075,0.4433801482776568
135951,0.2563247253279777
32416,0.4969063661187112
37014,0.6861378992879645
132174,0.19891500354340402
32194,0.9997807569533504
36089,0.9445379645692622
137388,0.03107791060530719
31973,0.9183263697689215
132159,0.13705076849032657
35883,0.9314185727577216
35624,0.910047542623538
33288,0.8244483560111369
134769,0.131720906553031
35224,0.8907248987506758
32276,0.7836316089769924
134474,0.2833019449635355
134232,0.17106139513115665
136967,0.06683226786684733
133479,0.09210638205302853
30737,0.9086764898234747
134526,0.14115877524820325
133773,0.009199638693427256
131385,0.23224636012699276
37458,0.5990631263743437
134366,0.19257564823118845
32678,0.8825329072022838
136807,0.1425509066627285
32829,0.811279888363563
33712,0.9610527663945317
136123,0.14492017964640622
32444,0.17846112245025297
136184,0.37887043123744113
132802,0.9912530240820483
34253,0.7966668922136539
33496,0.8534634448419374
33274,0.9935696865993374
31578,0.37018160295787444
32075,0.9766872675508218
33000,0.7792735694577323
31748,0.7776881369298726
36968,0.5104851024988303
32914,0.5831584992262857
33032,0.5966935329071855
33803,0.9345905173000721
37133,0.42056471659385203
36274,0.8712345332467427
137277,0.2721618346468018
34915,0.7920912723565589
30157,0.41088835264085327
135461,0.5595969212818417
137278,0.22831942430393884
35276,0.9991966847592516
33294,0.16615379509328268
134401,0.33927306535941176
130499,0.6351479283092738
31171,0.827015669883251
134762,0.05247639902860087
33533,0.7071647302305339
133259,0.19598695571623048
135698,0.07658936989298812
36957,0.3248971768421384
32463,0.8303688993424323
134860,0.5541320996041622
36939,0.7399542934331164
132168,0.40764578850148675
133811,0.011031888984184375
134376,0.28014604758953465
136652,0.04482924848034037
31753,0.8362148751917151
134617,0.06015606112840631
37012,0.7892340856200734
35936,0.40276413762058066
34775,0.6549710572531773
32437,0.6794922371139003
130441,0.6829118017686915
132578,0.40570527880630763
32080,0.8347677313247803
131244,0.16265949024257478
135809,0.4490400653040669
33898,0.6592745318658519
130863,0.033789959046496
37299,0.5951922006243645
33711,0.830673334682305
131526,0.06118081167429051
32436,0.08509971173368105
136228,0.16940550135855617
136259,0.0676145574765514
130842,0.05541957578864858
133820,0.08446546454094439
36389,0.9998285685331806
32254,0.49385742147222156
31126,0.9112217091719125
37445,0.6913598420643973
31155,0.9163236926917903
37394,0.9991601152497801
135316,0.08422616923868914
137069,0.1957939421405586
32716,0.672059036892237
130787,0.3341308832718107
135793,0.5280685185336306
135171,0.7246451107936689
37303,0.7319862050213833
133684,0.051339431906206635
31402,0.9998413821267634
34741,0.36604329851261647
130777,0.5755560570558581
32439,0.7259719711948274
34334,0.658131730745352
36608,0.6986214336230422
130345,0.4966018277299391
31772,0.9178418378859279
32945,0.6960834345578792
31009,0.6002747319526295
35257,0.5188265249431017
32902,0.9033662176341967
36654,0.31469211624469856
31830,0.7191471855469984
30401,0.8212785702800603
131179,0.07505278578664666
30452,0.7561518962523616
30979,0.9102455917307862
134690,0.5071901253385918
134539,0.020318297569447693
33026,0.8983380703535346
32043,0.6094471970622363
31327,0.4174501587757579
137000,0.0843600820796253
131350,0.11238841351041515
132094,0.18641363327692495
31308,0.8474477626982274
35113,0.9623479091222397
33990,0.932447810566539
31645,0.4445547445863544
32163,0.6890898593598239
130065,0.15366282998832223
30285,0.9275883526838121
136696,0.16980653267177184
33789,0.8593088192858083
135251,0.040199178035175
130941,0.1518291117596041
35462,0.965772726091655
37075,0.6939627990022017
35632,0.7425783748503397
134773,0.3556446349610886
135178,0.16555348111385948
36294,0.384847317315805
134757,0.21963354230519586
132038,0.35416865377113493
131110,0.23457917191938513
35618,0.9523217074316195
36522,0.8870541454889422
134710,0.00083435984501501
35043,0.6839762592235565
130375,0.2718075342352515
130874,0.4484102261697474
31642,0.9018775486540489
133050,0.35447876208993456
137230,0.019708286364710646
130102,0.4750125198415087
130285,0.35468487160478784
34683,0.9905619723358239
133181,0.17382657294202405
34024,0.27262089305999876
33087,0.3916869731876972
130244,0.42057917370190095
36925,0.7551399736306618
134471,0.9402265233059187
32315,0.8841056685753085
131642,0.015378326994069703
31609,0.8743059853954
31565,0.42214416510722086
31774,0.9393405592945815
131650,0.16676656588614572
130146,0.21283384604647262
131379,0.14664391088397077
134724,0.26582219469813795
130954,0.2630368484524439
32152,0.8720581640256413
33538,0.4953995813640578
35615,0.850150641951157
137038,0.42052667163475704
37188,0.5745875282839635
133020,0.3700936228147824
33623,0.9999295362592413
137421,0.3161459501691206
135920,0.16085091732285026
31975,0.8757036653770413
136743,0.02601262535619673
30274,0.8071232201271749
136245,0.4141790106955004
36727,0.5917036456213286
33651,0.4363609338519698
133053,0.5999791106125454
30255,0.9310626510944192
35111,0.6853645329812353
134153,0.02733515082239582
34906,0.9239968261430794
34038,0.7506262319380977
136121,0.34126634787591054
31495,0.9957656685078624
132957,0.0711560021652673
32086,0.7917326382265587
32517,0.3729536184274094
30173,0.862267523668868
36168,0.9808055346539227
133882,0.12203752371767924
37301,0.6798965463670814
136798,0.9870510782439738
35396,0.7007366880964244
131030,0.4444322749351442
134103,0.1635527547902448
131623,0.25650748912906857
37462,0.25779476114344857
136192,0.17265494331713707
135189,0.5096086381502446
130885,0.030348896436228925
35076,0.6982406674241033
134373,0.1862002126502238
133816,0.2554563060283039
32744,0.8398155431018619
130398,0.19386126990085806
36802,0.9326174769457797
134806,0.06229807550043043
133920,0.06264883146191944
30373,0.7065326827546764
31468,0.871060950041543
133024,0.27321025670446125
134891,0.13491938982894067
33530,0.8674472675759861
32139,0.6858221417250461
133681,0.6162044772364673
31461,0.9909469597942194
36039,0.7916306992884146
32988,0.48054204231219877
132269,0.11239112146511315
33440,0.366355447326884
31473,0.9332358894465954
131668,0.027157602616531162
34266,0.43293403492077404
33552,0.7435691736334907
33200,0.39569220063203
30970,0.8875741660291344
34212,0.6975487438162641
134485,0.6157735414674077
35118,0.8109092446353434
135702,0.5687759637853657
31886,0.9993991180128485
133745,0.4513655871818152
133913,0.28668248749443626
31362,0.49863931197196826
30905,0.6484623231545192
136900,0.06011465694579499
36702,0.9047110348068472
31564,0.7679753623529223
36917,0.3645650644228627
131136,0.40767374639860565
134849,0.6460478326072214
133311,0.2769079462478545
134028,0.15736926856735364
136441,0.9595199979706152
132801,0.024949606000891248
132602,0.15592611669902168
36269,0.7717959558705015
130750,0.13541410776203636
35200,0.7192238636719235
31627,0.9514149471978559
132664,0.177350926590773
31885,0.6875176992465789
131454,0.005841190612488712
35234,0.5342568552353348
134632,0.10324476276578286
31477,0.8967103018460235
31536,0.549597428743646
34548,0.9082786061253981
135384,0.24504685763379266
136260,0.2579490990867181
36549,0.8443963964731804
31819,0.8321781620500399
34695,0.8769037402231656
30207,0.5505987269067847
30116,0.9109162572106426
32498,0.7129536616776604
133015,0.3838877877626981
136425,0.46974673672804607
135220,0.06027219271954375
132265,0.6930733445180955
31550,0.9253048706962251
133697,0.5570582515399791
131517,0.6664338909807916
36523,0.7024237128222902
34364,0.9243896633635003
32667,0.9999416858823347
33572,0.9377428789059727
35723,0.306511181264221
136419,0.03436920540668054
32616,0.7103307541425223
133806,0.07117702681514752
36012,0.8816930430057859
132388,0.7717518113218462
131185,0.34558104664802286
137202,0.14093436350001293
137253,0.7396830247829439
31381,0.9998704675856653
133850,0.0647936460889751
34022,0.6995819526743343
36898,0.8350873186335755
33005,0.7029465720576633
36431,0.6981174244646612
37097,0.9123105446910165
30628,0.9999077289762061
131207,0.40824477780208446
131083,0.03716529270171619
34580,0.5723013533815483
131116,0.25797133115325294
32845,0.3681721096865569
135191,0.34519372086087075
32856,0.6911346232273621
33394,0.7068566392409479
34068,0.5886639434043499
35704,0.7411031116642668
133916,0.8554922441427201
130401,0.30232611982605484
34697,0.7018364387046074
32563,0.9361257530176982
136758,0.05908732507209268
137416,0.9983861262277273
137219,0.5119231704920815
136645,0.11878748840303667
137481,0.02395546364846779
134995,0.3818776915034945
130385,0.6666001517051736
137457,0.20951928157511912
131486,0.02959957534554582
135366,0.7288362197555857
137285,0.1338084366987963
135306,0.10100400715299594
130460,0.32068946167818213
136066,0.04427190676263438
34360,0.44015261992161836
34128,0.880320634531199
35124,0.9542923546744757
35966,0.5751711974388404
136251,0.32758277530540286
36317,0.7309649987739217
32733,0.788794221457901
133754,0.12341565658398007
133795,0.3296978988515426
36568,0.7071496252617834
132772,0.4970312884274915
136003,0.06584091611533578
32232,0.5379021448344824
33616,0.9864430395847855
135340,0.06585426751720562
130859,0.5651572875746291
31447,0.8177370265751075
30995,0.6673321493722795
35117,0.8597000220867723
136456,0.13095509605655833
131048,0.20655790921430817
134743,0.39695779244832197
31218,0.5135864170303152
37371,0.7827452030676564
32853,0.6037026914298572
30974,0.6699367462152349
134669,0.5230349980513168
134730,0.22387009154846846
36715,0.6782079329048124
33202,0.6280872955757365
136346,0.20864564650657902
133341,0.03321283812423367
32164,0.5994977639789024
35309,0.6430980603730091
36555,0.8771724594381222
36303,0.5810119085016056
135654,0.19373332795155562
135949,0.06235427085510235
133909,0.43041283781705286
136475,0.3052866584256228
130571,0.6603993219737133
33557,0.6014773384184835
34621,0.7223716394358762
132040,0.24115079420886576
132505,0.15664127229283506
34808,0.7167611477948072
133893,0.3221113087551138
135727,0.010337041082317337
31393,0.8646941044184606
131251,0.5073043233470439
36813,0.11196041477119081
135022,0.40834962853921764
32511,0.9639637856715332
35459,0.8052296033350324
133257,0.5472801712665994
37141,0.7874236361965311
137154,0.11342443518132447
31359,0.750010063022275
130487,0.40959815154763857
136553,0.11062220261659056
130715,0.026850275885902095
136046,0.2900897409378139
136093,0.03909760869390888
35063,0.9309146234960898
130612,0.41682656258523904
31449,0.8327362081347646
135045,0.6823175717948475
130473,0.03582252753654635
34516,0.9998843985829713
37035,0.7239937681930539
36108,0.19646949208841707
130870,0.15045352527374348
33146,0.23465690931885747
136129,0.10032239734183794
132051,0.25074959444896694
131560,0.3700840494705992
132808,0.08142408046992335
31102,0.3276778318828421
35086,0.7091282954423493
130731,0.08648958029661925
34732,0.9451866994333776
35850,0.7726643477923513
33783,0.3623319760196745
34871,0.4008456541108184
36546,0.8464449047211979
131755,0.0020483970669234403
34931,0.7687766490865245
133094,0.37548453888904776
32604,0.37940039580227847
134897,0.7956198568017657
133704,0.4318989869625553
33080,0.7531949112923235
30108,0.6411773489131567
132422,0.1568182126033112
34407,0.9832568419642871
31961,0.505400409092049
33089,0.45753612648124203
131505,0.04384790017225328
136407,0.5037009824818532
34229,0.6187288562407233
136462,0.3173120607328705
31089,0.8542867855826223
132180,0.16578686432689171
36256,0.6811961234541849
33929,0.6861113173656677
33430,0.7059014678941858
31743,0.8813127499656077
30932,0.9360828881030787
135876,0.999791791332992
132674,0.036554262821124714
34745,0.8859155954894313
37276,0.7443924951987635
33428,0.3535499285388831
36605,0.8254582221463255
34030,0.9441153918694666
130821,0.5138941875620737
32545,0.9252093587930051
36254,0.8317776302365247
137318,0.6747259013180051
34511,0.8106237400434158
133100,0.09850216773639696
34545,0.7428083232108751
35119,0.7166815143653257
30631,0.9892237010193783
37409,0.9147308502822047
30330,0.9095633299525653
133902,0.14822456657371003
30079,0.8503324605773118
132139,0.05004870266566554
34945,0.6739309561235755
36158,0.37677191362188006
132749,0.2527638351923877
33514,0.6105023309293358
130998,0.3100771350477657
133583,0.13391584960029249
35501,0.609552724975427
132803,0.2293988768957507
35675,0.609854369185341
134758,0.8318205168821682
31889,0.8141365604639069
35623,0.8037261898105107
30655,0.939002553337567
135495,0.1133906463877335
137460,0.23965967175120945
30016,0.4578453726898108
37183,0.7015678242792227
35475,0.925924957845507
31828,0.8124577872432563
35532,0.9857594655752882
135252,0.07557112914195865
131700,0.1804449688894952
34122,0.734220643297092
37162,0.6079160071306084
133600,0.683164928874164
135786,0.6853838249751145
37168,0.8082238514787632
32481,0.7619053729452113
136572,0.07884437626878672
35669,0.9998440370646701
34118,0.7422156099591282
34185,0.9765850386329723
136549,0.03743752496419765
35947,0.7758592494044656
133661,0.0016329483003102788
135634,0.1218808017623028
133108,0.01772848181204547
134638,0.4288832240561624
34082,0.6819777880198122
37215,0.8531437610905553
31636,0.8097002364689128
137191,0.5832246261776017
36321,0.9366685048996247
34119,0.6723636102605255
31733,0.522278138924016
136369,0.13606209244440998
134759,0.12526360591281827
131444,0.29058243520232757
30404,0.32107446359534203
135426,0.010059389933863891
36971,0.7574717600559676
131670,0.1240936264397912
130004,0.2815869521432813
33331,0.6620037090174713
130278,0.10640365595643671
37314,0.30409079769450365
31194,0.4599077524653688
137314,0.35598466260981326
35345,0.8353458066712377
31204,0.4152658614405314
131037,0.11825045368604
130123,0.9633193676239069
32070,0.9688129479091522
131870,0.04554996130974075
132307,0.39847589299013564
32303,0.9017968311821646
33376,0.7721737044279838
33959,0.787665040188582
34878,0.5998315924340228
130784,0.40241286223250894
31423,0.6821423764854295
37164,0.830963430538498
35514,0.4681117922351026
33373,0.9052034228373892
133190,0.0279863900974322
32874,0.8446245115306297
131485,0.3171633342854657
37393,0.9082727024469117
35914,0.5004989746531926
36420,0.9011938777225498
135593,0.19022497091761523
137094,0.19841498297984203
33890,0.8956486809054592
32584,0.7386758542572754
133551,0.4615714186389975
137133,0.16248941365063643
136290,0.34196394194262814
35841,0.6241593079450407
35286,0.9429310302360407
135291,0.2519132591420493
135513,0.9999591178553446
30862,0.5551683324976854
33697,0.6372229292968408
133612,0.499817511697039
30248,0.5104911956988524
33761,0.616285908824542
33224,0.783241413769646
30822,0.6358104141724021
33483,0.4324437967676832
130822,0.4209101279099039
133198,0.33312229714480285
37128,0.4556717753149262
32781,0.404223127350379
137498,0.07862254788165901
33492,0.7886591359199258
132833,0.03522859953545546
35021,0.9137917015167624
133812,0.4257893396562048
135835,0.15498694980798208
30806,0.6859426620274275
35702,0.5291508562138283
32278,0.35107357576675485
30899,0.7529417353318747
137408,0.43895859441015533
30740,0.8346111150418353
35692,0.8350492321922899
35766,0.41488178862451824
31153,0.7481186084108479
34851,0.6488836185356924
130451,0.0028709465295438177
132758,0.35578033288689787
35109,0.8417817310712306
135738,0.12457143116363543
130076,0.2398714648900505
36677,0.5418746164732801
36588,0.906831559141669
131988,0.1906281867485002
134051,0.3283719794376242
36393,0.6097628399919476
131883,0.70644716558564
33362,0.3204263310591522
36601,0.6035711610374367
132704,0.11892594863586453
134646,0.6002200416334976
135893,0.1298830190367342
136841,0.7464942132553312
34897,0.7596740559136886
135976,0.3266656379732766
136848,0.14995538760440721
33994,0.5914441460439332
30419,0.8925790176059046
33882,0.21050767696834616
131431,0.393928287208207
30525,0.25546654820607284
130608,0.3966583664009559
34218,0.2697070074550483
36133,0.7640100865449844
35820,0.41074631648175414
134454,0.04787290765824279
35790,0.6269599925090512
32576,0.6766575325399881
131441,0.04859342488462414
134649,0.23318874803571976
133294,0.1425864900584067
31318,0.8615849183332116
136697,0.23757188961304224
33615,0.8078689771073323
136307,0.13137588164811248
34674,0.9191304011458242
32237,0.8849184099331211
135771,0.12945073745481314
32011,0.923039960514516
135939,0.6277567670619993
35616,0.3245937926885236
32069,0.9508997160231631
34377,0.653211264486407
30836,0.6599371713278601
133786,0.7829253695469583
137236,0.2812343382187699
32937,0.7584429726348595
136603,0.07537518950933272
36999,0.12977601891094587
37022,0.7368814583542227
30542,0.7417244489039679
131583,0.2069094613957203
36643,0.6165513968011967
30626,0.900349408037846
30104,0.9372347725824732
135915,0.22768280993238232
37166,0.7700619580397622
34565,0.7792098305956986
34553,0.4692269101174638
131675,0.2684546079046582
35919,0.6921536047252512
132194,0.9864430395847855
35638,0.7172997420202556
36621,0.9356374128783346
133116,0.053877779484372244
33316,0.8237721795356643
35856,0.39060978598004803
37170,0.7732484181657338
35468,0.835250421468568
34790,0.9706406890574839
130063,0.4395950791910831
33145,0.25646012199109625
34287,0.9243137941639995
34864,0.9011517334298715
36625,0.5762077253460482
31472,0.9768698587890097
33023,0.8085307390850787
36422,0.9409380206310755
36854,0.9991537130416248
131233,0.5167112219066039
136388,0.020255539090451264
134256,0.2857687219474802
30632,0.9228750880601736
134243,0.1490293291932257
135567,0.22206991269587784
136857,0.8044403936068448
35392,0.4003563370663957
37463,0.32863279905793796
130304,0.172510618261713
135451,0.021727386259292547
35938,0.5372010449454562
32720,0.6226961959782519
32687,0.6286385752080285
135391,0.28242855634306396
36435,0.9695545273524262
134598,0.5906699862745001
30160,0.5072911018935409
136488,0.15782288517227508
32245,0.7957189693808195
131851,0.05571168669257378
30134,0.8649993660274116
137004,0.32701083444744833
132089,0.06240010231773786
134716,0.11827710592781636
33190,0.37492015209821533
35010,0.8124649136106462
132387,0.08267844070230836
136096,0.059981569626919855
134296,0.7265180230003141
33846,0.6724810521544752
30532,0.9962981099186347
130774,0.05667435109992562
131109,0.06637315653780888
131595,0.26637421507881204
131730,0.06533769298883202
137221,0.5738795085855357
136846,0.10963942662863191
135099,0.3308832162940461
36506,0.6624759385525208
30202,0.8383916886460966
136537,0.7538984537897992
136616,0.30988227643060684
136968,0.009973051786676564
133383,0.5217279430695473
130659,0.48865625945272834
36207,0.8937161106934686
135383,0.279225401172583
133581,0.5527743089999233
31814,0.7013970243013822
37140,0.7833641659006396
135883,0.963903165959257
34552,0.6799200025660443
131317,0.5613481160204256
36111,0.34047997524237417
33060,0.7238113704894702
32747,0.525882356894824
32711,0.6527004884848239
30622,0.5973164706339074
130662,0.15021399179356631
30643,0.9732453429086843
30280,0.8823416329926609
135641,0.1434459909531368
133251,0.34256801446841145
132586,0.1508939883816402
36371,0.2626055701475855
137362,0.16643377640122325
134628,0.9981534420237013
37029,0.6427830771465368
134387,0.012373646466304606
132384,0.43818489961214196
30197,0.8716583292827187
135150,0.1926674567785181
36514,0.9719677784423632
137231,0.28340607644147947
34522,0.9109224076878557
30898,0.28244819910418983
137403,0.47828236882834124
136673,0.3255200099522915
37049,0.6058165416684562
37282,0.3953830910556524
30417,0.7340690326892361
135556,0.3559644151945938
137195,0.0418109605769713
36038,0.8151004960709478
35609,0.9658132375167502
36461,0.8220088518846883
34956,0.7614968106291985
131585,0.10958005696711554
34975,0.9968975384628137
36812,0.39313573067993013
137149,0.27396312319808064
31969,0.7710588840688202
33191,0.36150956934131484
30825,0.9529595045943501
131101,0.17904635954399847
35028,0.9125660262654393
135626,0.10384424052698203
31199,0.694164591322778
137349,0.9854350783391909
131818,0.24495071072778465
32074,0.7983356448593617
136150,0.23299807312778395
130923,0.10704264857575918
30552,0.358115793802861
30449,0.7145636806044037
33011,0.32733383981568587
31777,0.6575719261406573
136334,0.307682607093322
132647,0.9982305734064618
32089,0.885080054524554
33459,0.9998648829520147
36639,0.34859854569756066
34529,0.8323709731763109
35531,0.9320947945576167
136943,0.35799737187597247
133724,0.8408766532453856
137474,0.5499176289936129
35608,0.6410492063517187
37211,0.6864014047880944
35848,0.18655776000201207
133109,0.35490522374432315
35525,0.9860258941099965
136238,0.695961116546086
31972,0.7294091279667706
133904,0.13662338037551627
35046,0.6646859610137159
130988,0.4594195650661817
137014,0.17710691825242755
130014,0.00979056143801513
37156,0.23848445070151664
32959,0.8148461921912559
37320,0.955469277635127
36709,0.6580191396503546
133422,0.45747012604113885
36641,0.5193211685903639
136213,0.8221751958134944
36626,0.8732246001668769
35633,0.7509696593749084
32322,0.9683091894820178
134795,0.21960901390684662
130769,0.0486358611011063
133740,0.040254747102150414
33776,0.7579759023793473
31904,0.6587270403257447
36746,0.7465057210815804
135023,0.05698528600780966
135081,0.695630249170616
32423,0.63046624927475
132018,0.759182759670561
35258,0.44940541908446724
37086,0.6736613954629082
32160,0.4926182988277836
35994,0.9177910738845159
131945,0.06708371534497992
31478,0.6199611626420637
132024,0.6182089363239273
133499,0.37281116254526236
130488,0.2688610890920677
33113,0.4795173901711683
130765,0.642608265548216
32759,0.6122294051824958
34276,0.9312783306941312
31270,0.7950346277237624
34676,0.9998808262917316
132593,0.25850159199316214
131457,0.1932617737977982
131618,0.580739865430018
34925,0.6508907390632569
134623,0.2507826173165676
36142,0.44074879989614907
135836,0.9996390004124412
30782,0.9173769422452015
31680,0.9764045504750924
34997,0.5603375289659506
135958,0.1432486344969799
134164,0.034817416336932944
36394,0.9039501675200593
30903,0.5171313750215897
131594,0.20700704998070404
32063,0.7024172394563437
134986,0.1302997843167047
31685,0.2823208681826444
131716,0.5331255849152856
35019,0.5885701869637221
36415,0.6912273650148776
35460,0.38729799131339326
33494,0.9267377408349129
35651,0.8778425971867001
131523,0.0090869648751592
32319,0.7944875419973855
31881,0.852833399778081
32562,0.4445142506494864
134832,0.2667069598414568
136453,0.15505689725575564
31842,0.9669513825404591
35726,0.7493743607065746
35581,0.6206619771621724
33543,0.6335670112622679
33086,0.34275884722839534
135231,0.5260558007876935
131796,0.41016173855838317
133984,0.1843843122486102
31710,0.7132192236144986
130956,0.4135143930913252
130494,0.031857840178782584
30356,0.4865179508378998
36110,0.9654273311427026
30691,0.8933116055968514
36238,0.9324048430294472
132720,0.12272286794119464
31422,0.4768226274876312
132067,0.26132831548534413
136896,0.18766080295181956
134009,0.992263889024434
132248,0.2520438504114383
35317,0.7117028402350629
131123,0.02229074320095318
137222,0.07029116059380597
30154,0.6997404656874362
34570,0.8857966620518934
32018,0.7206561915513537
36528,0.7807759998192708
35205,0.4730968180431475
31852,0.8183375259376326
35120,0.710252038120027
37448,0.7863219694279941
137216,0.33642578345545476
131447,0.16881678476298662
35816,0.825521457659007
135247,0.20055580009640855
35446,0.625829901460048
30704,0.7473246000920394
130617,0.9854350783391909
136597,0.4629601625288122
135998,0.22726843675200542
30024,0.9995924077693861
34170,0.9147283576837941
36636,0.518270603522659
131365,0.6055930181464313
34239,0.5086432425846843
35250,0.26713133002976724
35801,0.10768485795325816
132691,0.08158608106752058
34168,0.9899590022878805
130594,0.4960996583005332
132707,0.4409393534898784
134842,0.2674434530063089
30675,0.6880376006742464
33682,0.7537444935112438
36996,0.4941150537412517
131376,0.08420774840209613
35667,0.3084509115484812
137189,0.6511002098467874
133513,0.32445046531563737
136714,0.3664531039263325
131791,0.06921020815530554
130808,0.4191282130290113
34210,0.5813207419850721
30808,0.6985838458134412
130942,0.23661963036330383
32570,0.6391442636935208
132702,0.8310107504379105
134741,0.136470977207658
137044,0.03753506728238096
134354,0.2666126169464243
34337,0.40512058086140984
30607,0.7558596457182096
132976,0.15840058540064475
134088,0.028148160814491383
136595,0.03711860742598748
137082,0.1363059354550969
33235,0.7889677425163185
33886,0.8646402401363764
37449,0.9184917936739131
32438,0.7774856831665907
134252,0.19303884085058093
135387,0.01219707407228133
36377,0.39981854495598323
132207,0.31574248106746644
35874,0.7323179376561934
30818,0.8891443539855496
35354,0.7974948417302377
33701,0.9249251472808777
137224,0.052858930412060946
130563,0.9794907721441647
132506,0.29757692963885884
32178,0.9099003030305386
34129,0.8077664859829338
134171,0.010283896833948728
36060,0.42417619408206075
32807,0.75846677321837
133914,0.3370186052386232
34947,0.36368952199778654
132574,0.01399439059004965
31832,0.8393826421647492
133702,0.6230608895612453
34512,0.7332246641221971
34060,0.5668384968083545
136788,0.03976216939984477
30633,0.6394998107049122
35805,0.08395005375505811
33083,0.5745329330662523
133994,0.05494969905051155
131120,0.30976381621243193
135783,0.12809519789815016
35989,0.8713912666616144
35295,0.4522163805844594
35142,0.6988589696390274
34269,0.5778987676705749
133155,0.2991367050105762
134407,0.16990083070730963
37319,0.8659827930675867
133707,0.2710238058286796
30251,0.6028704145155133
35691,0.8290397493703047
34601,0.7969839056783243
130753,0.4118711777768092
34507,0.9999086150161541
36945,0.995204749976485
137264,0.18431695946382665
33871,0.8148905749859318
135493,0.21818765146892957
31298,0.505907430000922
133195,0.13132235556017416
136638,0.4776416265325535
34993,0.8203502302385874
133032,0.3555563243737775
135132,0.2740229054704846
33921,0.4703157118132594
32831,0.9246969695024485
34747,0.8850863643538477
34298,0.8173185794940838
130611,0.08512990651534176
31376,0.4805157896892014
131809,0.0064515294658652675
134358,0.5147855265796405
34725,0.6065942677017705
132879,0.019438596288892208
135952,0.13118085164736895
136015,0.04559531309967659
36134,0.8938803944248308
137167,0.3291540949508104
132534,0.4142693281969741
33046,0.5938924536315163
134723,0.1761679188640747
135511,0.6271936404692363
136796,0.1747708194302683
130324,0.2980668657955508
135405,0.007569065409427424
136004,0.3451697420793454
134923,0.6642521892359996
36989,0.9100604012873532
31446,0.6344002314557646
35893,0.8167109918152552
35541,0.731622292538336
34215,0.4320618800745938
134894,0.08360674083753353
133125,0.2795551717050629
136651,0.04077990869219599
35970,0.506240967273307
135669,0.19849170341110733
32836,0.6840126826150837
132793,0.1443435398277944
134369,0.49337955032690933
134213,0.10931561584259808
131337,0.16834055421010746
134951,0.5486389777790013
130403,0.183855768011641
135498,0.4705762943257888
36895,0.6071140021002523
136049,0.2512376756400937
34159,0.6086415675336412
131024,0.02349325206585012
131443,0.42314775114151804
133245,0.1122560502919649
36586,0.8026679269631957
130423,0.7300510753043136
130622,0.48544240418507867
30345,0.6390952635661951
32100,0.4454593180539846
137081,0.3532594502367266
31496,0.9093561556587935
36910,0.8918034227479703
34436,0.6009895819633392
31591,0.8571606702908271
36201,0.9502335618725863
32280,0.8040814383623462
35231,0.8164347634106188
134749,0.004186597432440309
36092,0.7404586989743456
133455,0.30005171351687787
130882,0.07148373771930881
35911,0.7833339212789705
31988,0.5536002653984649
135114,0.33514729300325985
130972,0.4354837441241769
134427,0.38489474343014557
34371,0.7045369285078724
34016,0.9293951711942875
34418,0.9665589470143235
36538,0.7984203437309197
134160,0.1767168904111283
31967,0.6504582400014854
32646,0.4700826345110298
33851,0.4535303460651571
134016,0.22005086935623755
134138,0.011116072943754215
34719,0.8162225177134026
133983,0.21083047041512776
137440,0.22927436112399896
35424,0.7938513418255516
32666,0.9750532217850094
136482,0.1691049185827784
30038,0.8188074815282664
136516,0.011029054919127899
31335,0.796531925948324
135353,0.11974527412732187
130526,0.19962482031459775
131366,0.6613699008643193
130812,0.059012543293333344
133730,0.09758794174112125
130946,0.7884743180322793
132390,0.4994405045276031
130660,0.4951705758503826
131411,0.9988302762841826
131788,0.010587200676069736
34406,0.9803022351395414
35842,0.9642989464358821
32851,0.8416409848696086
132687,0.14115241441827883
30382,0.3923501431988509
134426,0.31276428156739927
34254,0.15843041635288924
37343,0.9228986216847719
134667,0.032964365625251235
30527,0.7877054565681197
131622,0.0557025335405091
136314,0.3355296396393326
131838,0.1233821469366903
34105,0.7508350024515066
134259,0.009605101830013292
31544,0.7848573459268992
31850,0.7471850526907774
32249,0.3466510668464361
130399,0.1789734540818007
133270,0.2863739464871236
133007,0.061622531065361245
33290,0.6074026846067878
134060,0.08592029444485991
34534,0.27285189165086543
31593,0.8857128258501702
133444,0.28408691522268353
133034,0.04514022800159762
37147,0.601714989652444
31242,0.5738415845623291
35430,0.5343570770505439
32452,0.744451333610312
130881,0.444576562262928
136371,0.11084828709183099
36803,0.8369333845350049
34495,0.9998340107336698
36691,0.7527916450615919
134895,0.5621084007718765
132584,0.02858670842928317
131154,0.21565214201490598
35486,0.65947982588905
130754,0.05418661033422998
30565,0.9068667154427456
35870,0.7874167952451044
134705,0.0797463292378235
137306,0.16382585031616143
132774,0.9810252481387559
37377,0.5211429739031325
36764,0.5750736193136402
133266,0.020598607321927986
30158,0.6570953520969546
34300,0.6374049954115648
34961,0.8046561089588536
136941,0.6387461033741503
136539,0.1296171695507939
130894,0.7313229226600434
31639,0.7618638943170679
35457,0.7129507130499305
131592,0.02786281039063043
32058,0.7989248980500964
35851,0.691564082052928
34783,0.28887661045855384
32503,0.939566210855514
37046,0.6745205663016033
135990,0.2725660651792418
133481,0.35793694622291494
133711,0.20980374900240326
130163,0.0957912558653829
132256,0.5497437604765641
133827,0.28754951980754206
132656,0.2917750408482185
37180,0.5550888167217681
134245,0.3806590521570695
37485,0.8644451463368038
131747,0.21797476256318252
31882,0.8933045616200439
33405,0.9680009376752226
33084,0.5890911190592215
36157,0.9372285970846771
36358,0.4250240749615824
32961,0.7460150815390002
132541,0.07906119337828046
32314,0.8023960403569652
33567,0.48028325641970254
133793,0.01624487914485832
30852,0.9059764862291207
132466,0.07940348381141954
131175,0.07749449799541833
133428,0.19977478395220793
34908,0.9227164212132846
131319,0.013019184761036756
130113,0.09420489499749622
33377,0.7855727829541141
130175,0.4544932401324339
34481,0.8722928433743071
130544,0.4279991984009236
32782,0.7965747362349723
136404,0.4302538869206603
135095,0.33224967794822663
36946,0.974967401737096
30856,0.7279288298465304
135756,0.17282761177308564
131343,0.502897883738919
33809,0.8867730473181875
133574,0.07105241167848218
131763,0.650482987264039
137262,0.025653288786556375
135172,0.15087599322082984
134807,0.10594579877832473
37428,0.929001414528048
33471,0.8580157608544304
133832,0.2759563861053446
133961,0.07555315920774627
134881,0.1737288798521715
134592,0.6052886575260077
137267,0.13525634187670885
31860,0.8004113821420102
137119,0.9968809345759049
135588,0.5131401789575722
36336,0.9365024502145654
32250,0.5743937574733793
135549,0.3868297509633733
36909,0.9328457176808707
36576,0.7813724161785707
135953,0.09182060697788413
133446,0.1745222292058673
131132,0.08011449989149379
132562,0.3459754190273997
30562,0.6089169297646995
137401,0.40988201861505663
133712,0.029668628975235707
35528,0.9940205064779517
134364,0.2213635688242306
132847,0.0933668256995438
30889,0.6988766837316971
36611,0.24629721391383622
132464,0.07552893815366542
137161,0.15427180543333296
133887,0.012736899696074467
36093,0.5839166867177639
132760,0.3927510480844569
135185,0.05777462064130459
132084,0.3225502530326766
36508,0.9557134965265375
131989,0.7089488369508432
35611,0.9810394631775405
32296,0.2742413506228128
35890,0.5759784698720363
133227,0.6729489553057978
34197,0.8324688221321684
130249,0.2105716370623744
137080,0.4471915800016626
137468,0.011197457175667181
36785,0.6145753550911657
135124,0.29197477187298704
34536,0.9302383038722557
30769,0.5567697532183186
30486,0.8618601037881345
133356,0.24487523119433344
136820,0.960468906942144
137205,0.7169510189921741
135339,0.2503674836579297
134132,0.10007967914896179
34078,0.7389180983426076
34342,0.7067327209493586
136444,0.14860404285046075
33254,0.9678769960936421
132764,0.12065497593244486
136602,0.33248663405830653
33873,0.9102808218556787
137011,0.07113306706309004
130133,0.14853331136975728
130126,0.03678449440352395
131032,0.04285784602791276
36517,0.9000439172412585
34620,0.8141899135738047
135873,0.1574456962637231
132701,0.04867245241686911
32965,0.90101052653091
130446,0.5868813023285145
131800,0.6076148308238679
135402,0.08523842503951125
134137,0.7575343889409571
35650,0.6911748230907027
136031,0.9044797967795563
132224,0.27145610163318296
133858,0.666395520423481
132156,0.14093003380759656
36229,0.8481857021246875
32655,0.7396542327786972
130098,0.16301446596362693
135816,0.6405376782804789
135010,0.05914227600181311
33655,0.990723001649088
135637,0.025945581612654037
33923,0.8387031248731553
35210,0.29128319030213123
131452,0.19837134804521903
34678,0.5778796786931222
34357,0.9005194716748964
30352,0.5356937830600255
35438,0.1275674159961451
131056,0.6530601708827721
136293,0.47617792767106126
35066,0.7214266967109908
131953,0.18559364284799837
35964,0.3536536561954052
136436,0.4706645014663499
36930,0.865598416949624
32115,0.944330229532433
33485,0.6927063816340226
33673,0.8955826223657334
35550,0.2842247856824852
133980,0.010867305560474353
136172,0.3678132214908093
30138,0.7905134465591134
37334,0.7503190016313281
132757,0.23280774205228105
131537,0.34444562076282
130122,0.15104526316771089
136937,0.08905565563806049
134020,0.7882832888419943
132434,0.0825387503465749
134017,0.14500164258886838
131708,0.2632745913652816
133297,0.045521169076229946
33116,0.736111847783379
34723,0.5675680961498651
31055,0.6713544001560071
136158,0.14823742975678764
31438,0.4242279397563135
135784,0.18304441942140548
132481,0.30028616458600754
132874,0.9974210312766761
133511,0.05012643537901865
36496,0.9602769003619681
132607,0.3995616184366034
131567,0.7251410823620528
136773,0.8463922281220958
135548,0.09741258594454248
135730,0.03903847240011976
136458,0.210057051559238
34426,0.955990921775113
131877,0.1808571492133223
131401,0.4039003893984762
37336,0.695904732068687
131762,0.11543351657092506
34332,0.9823359661739094
37042,0.8941384611616268
35472,0.46198017313977746
37232,0.8063752520199762
35772,0.5288010432633827
32668,0.8425306777752849
131804,0.4467299369228797
131498,0.33710846579049275
36845,0.9319916367209713
130633,0.26412560616151665
33369,0.3889608988140502
31630,0.9929799678491071
136819,0.1466274093665275
131717,0.7359256402336689
33516,0.7703649293687311
34106,0.9923675959709591
137067,0.8555356026767782
32893,0.7875416194630117
133035,0.39663655710905776
136502,0.14228464530320942
34514,0.3394890481676631
135509,0.49386271163983775
34403,0.2704789760170021
37427,0.8974569613618927
32288,0.7990182594805423
135908,0.5709233997958013
137322,0.08603732683463028
31214,0.3059787646756378
31246,0.9279873920895211
136775,0.07957206358856651
35813,0.9506483091943063
136700,0.3863990972900173
32004,0.5307035771084092
135776,0.1684089746224943
31201,0.42895746037425253
35562,0.8546735430045539
130397,0.6446538088645827
32619,0.7912957426514394
35167,0.9259215081674795
130687,0.03301693896095953
31141,0.7207764830436244
33301,0.5495559308657474
31285,0.6824642089385308
134169,0.11408955769255977
133926,0.18206501135272884
36055,0.8395584686509017
137273,0.12816004904999098
37036,0.39984509916026156
136481,0.0010280702474341236
133232,0.1502821010478779
134573,0.34113603147341603
33076,0.7746516546514216
30581,0.5618888850255467
36652,0.6932754966150471
135863,0.074028986463886
130411,0.2031712652245459
132116,0.11575403078399073
135579,0.47154766586593305
130031,0.245799866453874
31212,0.9955738532521776
30161,0.781848191243497
33051,0.5928041385974161
132167,0.37109961601874214
130782,0.44010875621673734
136256,0.3932722805869812
34201,0.6488325961743988
130543,0.013828217115310808
133666,0.19270788083982843
132323,0.5949089953493863
37085,0.5427580494272009
130535,0.6338474604391607
135360,0.10544689361411057
32867,0.39315860485926524
132952,0.6673033721105142
134073,0.1688995697429854
132253,0.08689735796296191
33571,0.8657551280584395
133780,0.11883457361671589
131632,0.055088191437331006
130970,0.9999785310942259
35811,0.9996787451127749
134861,0.17254492717941186
32854,0.7681462568772042
32045,0.916348607446756
135584,0.9631464755530038
132065,0.11945702354002219
135487,0.3063659459504664
35237,0.5619070741947736
33281,0.9546012800355681
30309,0.5474970595212728
34025,0.6301455376127992
134869,0.26054614636151746
133337,0.2015482743626439
35036,0.9150781910413537
35998,0.9105158466515836
130334,0.40963970394628335
35657,0.6514931329870232
33034,0.4168395991182176
135288,0.153200310432307
134235,0.7628811024432657
35524,0.873771906275187
36064,0.6320519601288802
34836,0.5559037586022004
134399,0.04508547326066173
136092,0.07246260806499555
136343,0.1605447262086552
34535,0.4176612046633189
37247,0.24232304406149352
130233,0.3597040173477761
131591,0.3392416609780063
137294,0.17287341383397803
30535,0.935513977302443
31703,0.7854643491454925
136974,0.9891964746225558
137346,0.40076791652978094
135497,0.1108201836663275
31188,0.7319371924974023
137066,0.2675194947603927
130432,0.013812528980125601
32199,0.9446257449359053
134739,0.21302108822380145
134271,0.13998130945161996
130436,0.10616716342319159
32435,0.3341959629550027
133664,0.05433917140983315
132735,0.2139614001706407
137124,0.4529797284386887
35241,0.7662693367512425
136064,0.07613229288017598
35003,0.6405159721790166
133638,0.20982928977235446
132420,0.052941476941340736
35229,0.9986894441712211
32924,0.7108743234936092
30947,0.7431320409048409
135601,0.15289207921495723
30839,0.75953961532628
130002,0.02318850037510858
135076,0.10460017534921195
137177,0.6589346187198096
131308,0.19022557966312356
36915,0.8908765214141001
33003,0.8252499667885882
32758,0.9690217676335297
32871,0.7892685739657896
32424,0.8277179179195309
35287,0.90819604561636
134269,0.1780955379452652
132572,0.31974378036621215
130017,0.13524945446889317
134827,0.09307003251537267
133453,0.18968405587131482
132972,0.6825392269323275
136563,0.03472869109755708
130701,0.4241551267580995
131867,0.8407758655576834
137137,0.3782315472899201
130704,0.1474991952455341
130528,0.36865213464764346
132271,0.06209630425811246
32921,0.9913872894523535
133262,0.029829315802080033
135655,0.22376049672710846
134292,0.2558937915646271
137343,0.3606261733560196
132333,0.030698673128072545
134965,0.8022486570586603
34066,0.9027005618572778
34293,0.9444592381458804
135935,0.4307785251611768
131587,0.3125127395047955
131843,0.33935201750273514
134648,0.23066098477914665
36174,0.3138273514330382
36630,0.6139715237798871
35689,0.9728704412881937
35853,0.9257579259186324
136468,0.3606905784746603
33245,0.9401744519447067
134005,0.013458627849322544
132311,0.07357909405397223
37213,0.8108705273206199
33650,0.862263799489426
33952,0.9262213178455276
36934,0.5783539533087589
136805,0.056870736041419366
134042,0.14165440529558546
136358,0.12140081737422716
33687,0.8805349900484555
33602,0.7492003663797897
33289,0.7691577079054956
34819,0.8348340567680138
31561,0.9022008181900677
134812,0.1651385962928119
136771,0.07312822902601321
133918,0.23811238482975514
131999,0.97500366185059
35442,0.9763089867241888
30799,0.9843777645750915
131770,0.05870661327651151
31412,0.594156540015206
133807,0.2363477940693999
31587,0.6898441200341487
132880,0.10727122923770538
131684,0.23514554997694118
34814,0.8375648512698437
33171,0.7052283682041189
133541,0.1295055113697734
30802,0.6199994834192346
32597,0.9367484132075831
33103,0.724647526968378
134804,0.2370868334572294
35612,0.8754365841859751
135540,0.08013289022646519
132171,0.07320531907318166
131534,0.23414566035836504
33889,0.6903179831322144
36704,0.7345550079185842
30305,0.9502593010990686
32881,0.896792924226636
130951,0.36526289250946503
131932,0.06408056243100661
31322,0.8095608078782941
133075,0.8429988205827126
134711,0.39477158125354384
135603,0.3765131710780411
136176,0.4915996729106016
133210,0.05001003548969626
136557,0.566842489298758
135066,0.05198411112081901
133239,0.9997621781022427
36214,0.8383653049359672
30071,0.3542418870403975
31516,0.6923068556619648
33904,0.7357239049093675
32552,0.9924575469709698
36613,0.8692475890762807
35639,0.4576436289499876
32880,0.84240670090898
134657,0.3941315159812401
136443,0.09326697642950067
134974,0.8184135902958907
131764,0.05406829767976821
134452,0.8445438394232133
31740,0.9009298585531285
35610,0.7597668403779752
35163,0.8866145903702304
30815,0.7715872757887937
33436,0.47181167295205867
37121,0.4194262481757724
135222,0.0938896979961053
132648,0.6705680116121255
131547,0.24730412501419083
31122,0.8019116273969378
131407,0.41203652124067763
30848,0.7203890471720278
30902,0.7684515688118061
131055,0.8526057901452202
135839,0.2879058906911057
133911,0.21060568928600765
135802,0.588698701072468
34164,0.15699078520658313
35676,0.9923519926191826
132797,0.10927472426047015
135442,0.16347967307880037
31592,0.7553134681705138
35310,0.8413186349363557
32257,0.30452377172581213
31931,0.9341252406196978
35218,0.87954154999479
31331,0.8472026188040042
132680,0.723419093916066
33753,0.6545361160973309
34173,0.5936569601523269
134100,0.14184557647194926
34980,0.36559367582202146
135329,0.3492503530564694
36373,0.5265995979299293
34048,0.8612318032857029
136082,0.36976803919502393
132202,0.03383426634682144
31527,0.8534283555842098
132527,0.3952696112659152
136048,0.4412055058034215
33408,0.9026449517243311
37452,0.6018538092604547
136469,0.24589871157843884
32347,0.771050886011965
31264,0.21125350301468548
133761,0.2687772983865495
35244,0.7261333813385851
133785,0.1626635800718307
33700,0.98551963105427
134201,0.3622487288971584
133489,0.24741793128141412
134170,0.2514850196630937
134519,0.5704652763265923
34291,0.14368083735742604
32330,0.6658949169788342
37280,0.9838056597772818
31300,0.9438173872033372
130026,0.28121564939101595
135420,0.08230355875531015
30385,0.5921929798716774
36739,0.620019079696911
136957,0.052515009862955576
132532,0.046382696207951796
134195,0.41260479742336464
136919,0.5451831103418897
34062,0.6805789172263663
133275,0.2958379856858937
130321,0.027120029281166805
135160,0.3517744512388793
137217,0.47540035475629183
30475,0.6629672446844695
31835,0.7493067068293724
33796,0.8891825373397411
130825,0.31368667708048675
30684,0.752038595366693
134958,0.22253377958315979
34237,0.5647075518635657
35385,0.9210182356099785
30690,0.8029069403111473
31659,0.9381494868829645
34940,0.8893970472315125
130442,0.16084489897384102
136834,0.44119158767245376
32469,0.5268833777404209
135014,0.4520725588205088
134966,0.13352722916466725
30078,0.9100452623633417
32111,0.32913232104633017
37438,0.8846637473618725
30300,0.8300927023159076
133568,0.5294695368863692
134528,0.2245859552592569
133523,0.2789330557420658
135080,0.2449139342805772
133090,0.932588210648001
135049,0.002935561551631148
132289,0.24525054663762158
132495,0.36168969289221037
133755,0.5038222064667659
136532,0.16098817135341337
30635,0.5006368179789398
132787,0.14765695682136853
36231,0.8745148312129181
34137,0.6533239567476223
37444,0.9050754575380012
35942,0.6260576415804193
36529,0.585485152752057
33847,0.9202527357478987
30253,0.8122391236402705
36712,0.6775639045335828
134639,0.22249992247774883
134653,0.3654598677023531
32824,0.8967481216549151
131688,0.024175602409670652
133723,0.09255153138469381
134196,0.6861253916214122
131564,0.9997219950124511
35064,0.777943764487998
33997,0.782378857865347
31999,0.5606031553398944
131004,0.37991714116051833
30793,0.7665350477271536
131347,0.9970256381322156
131627,0.06162447040541117
32230,0.8891474118706986
135013,0.2841952140979561
36325,0.733631731223057
31853,0.9313359907988346
30317,0.5992814125569964
35584,0.6937315667783446
134384,0.4330092794658834
134385,0.19686979069582186
35463,0.9658095520685841
135349,0.0862988723946369
130229,0.26693657874209337
134943,0.48839867813964705
37294,0.8997773773335487
34206,0.9136085549757217
136620,0.10906743199014976
30045,0.9250305501887927
133591,0.1939330190676864
35819,0.57755691476426
131991,0.1461547673885356
134123,0.12793958202647399
133006,0.4863456605693238
130748,0.1591468313675007
31360,0.5862662904496388
134182,0.21200818045640948
32121,0.7042954728763001
36617,0.6190821791167896
136396,0.09098449542724285
35619,0.8860452936153481
130549,0.7542563544820444
134083,0.8668488193397915
132855,0.1834289525408279
133480,0.5296376654036844
32003,0.5350022479192704
36424,0.8588477519146906
131377,0.5269732323549852
133056,0.03220143429176074
134337,0.1718577604747076
130048,0.6377346963291487
36763,0.9974708911579956
133542,0.3256749745639192
134676,0.3847848200345334
133048,0.016735577902589362
30184,0.6621774939043119
34598,0.8520953656980503
34256,0.47851944135407376
36967,0.38320589148285267
135888,0.16073343708879492
132503,0.5842241707725153
134282,0.008646762342248824
137297,0.24466716692121096
133145,0.11030696550648234
31339,0.7411110421654229
133374,0.5422317074619686
132206,0.764948540213666
30500,0.8986712310168536
34729,0.5983633296253423
133915,0.33270896360520535
134799,0.1759231328863135
130227,0.005507838050195496
30122,0.8177656180842549
136918,0.2223591483146722
130938,0.18103601934050426
32628,0.6620379278093936
131975,0.28107939301622487
130789,0.2525819683635475
35292,0.4460348512670071
37406,0.8641120710873507
137390,0.059137537212553076
135296,0.4154489404430286
34196,0.9038825188322506
33795,0.19159697432384087
133110,0.27881487522180104
34172,0.9321170776921807
34763,0.5301147849209815
135344,0.1844039337146849
30893,0.5451992640456798
30773,0.7107600008639599
131336,0.5951999421577862
132603,0.07628087716967476
31024,0.7401108244587755
134502,0.5499786761167074
35011,0.578789322346464
134975,0.014755075429888926
37255,0.6739255595141281
134460,0.08661513321784997
134049,0.28039391244463835
137311,0.16558919826125687
33059,0.6424364445850829
31965,0.521272196393463
35301,0.43132488402843394
132277,0.4156657464710356
37432,0.2484496174597153
133613,0.19022759401735043
131374,0.041212921139422855
135444,0.6321002809185908
135596,0.023407543573838004
33884,0.28335317870607074
36865,0.5549070732863588
131418,0.5174377141899158
33593,0.6548074529139895
33387,0.8764124238347369
33792,0.5977871391720124
31253,0.43026023205618347
134737,0.4035234711623103
133649,0.094560234205309
130140,0.22122889779018504
133948,0.09939241361526863
35122,0.6371216009050877
36006,0.8822907894224459
35161,0.8861904327441615
136262,0.021543905501293144
131768,0.9797286235364093
131514,0.049006483278954065
132099,0.45455915587094414
133167,0.022458256039773125
130752,0.23429295085953994
137252,0.2711453169352941
133592,0.08080353452505719
132032,0.033479319976695336
136915,0.15170630166739282
32473,0.9787017984379558
134253,0.30626064061965047
34469,0.9732358353762938
36258,0.6122155927043306
37238,0.8726875084934619
135083,0.13041623160467533
131680,0.11182455524652471
134036,0.5651923125792824
133695,0.6325298127287458
36278,0.45641697268399284
34188,0.9212251051842517
133154,0.31295264290227603
35977,0.843292016451408
32490,0.9654826488741893
134422,0.9928350849478337
34341,0.2284713429265947
36526,0.643468755959459
135638,0.35519952680336825
132494,0.4628513974445922
132238,0.1346749894183949
36753,0.6674119903909189
36460,0.5101088077319452
34299,0.716014819704267
133890,0.594900832607935
136148,0.373357489720741
35260,0.9848047340126317
130339,0.2740152150886577
36339,0.8271114183639906
130666,0.2580973883494687
32808,0.7088536571394416
130802,0.30431281568930957
33928,0.8769718012702439
33550,0.8759994461495181
132215,0.03890008769726368
31277,0.662912932236271
33563,0.4137317284291916
33197,0.9346889033445127
33259,0.8173936866178185
135604,0.18663337646522746
131965,0.2818900898421277
30517,0.8905047643448856
34781,0.6852335849808807
30053,0.5009482890206068
31669,0.6726103644697397
132079,0.0034600695940876836
135277,0.2925821314231004
133454,0.0869924201783497
31741,0.4780235990486389
30949,0.8484881202722394
133089,0.06568179049898733
134994,0.4415738122064209
131885,0.6607655161842297
135852,0.6515240002043449
131925,0.07266313707577739
31986,0.876375395236285
30118,0.5359924659045605
33217,0.28956846910222106
131195,0.6887971233567979
35776,0.9121928811472341
133242,0.5749493356650885
31768,0.8448541398833758
134305,0.7261107954975329
32756,0.8831196427227627
135607,0.49287585527080374
35323,0.9733857232622907
30198,0.40404000787078476
136536,0.20523840600994547
136437,0.016649614147576635
133492,0.01551899703486799
30614,0.2551275978141307
36167,0.9180077156103555
33800,0.8877982464607429
133281,0.0794082633204274
134775,0.01539241624121717
135040,0.1673920977993216
130201,0.7567873588476896
136778,0.44899148101865743
35950,0.7608068973741932
132921,0.12918740386241723
133074,0.26904729374387965
37032,0.31738518470257016
133525,0.30044206399314893
136738,0.3625197167467328
31674,0.7891012828152948
36004,0.5796296416286134
134787,0.5750526356799767
37102,0.9325755294574055
133972,0.12718384543520728
30754,0.7470459078712743
135250,0.5721102066494338
137410,0.03963874777346833
32308,0.9350548997499643
131936,0.6672168450465743
131625,0.24791827967551558
130649,0.3072134350525821
130686,0.4895625134150921
131258,0.08281375364336922
132288,0.10111653101208565
133214,0.285385790488778
36933,0.39684288849689614
32327,0.4513653142718582
136110,0.1485831459491444
37152,0.4731023981150962
31663,0.8337664378900318
36541,0.6044551688462504
134492,0.30866695297703683
135980,0.2735204650716677
133801,0.4040395876325216
137412,0.057556406327525796
30935,0.6128396618184875
135909,0.2428000671128849
35605,0.6539592573879248
132152,0.25942754733992085
131643,0.024491055000648753
137235,0.43407368413513997
135862,0.3773870783700117
132621,0.05086156153704901
31532,0.2687602175650674
133443,0.64893100325804
136327,0.14575490208153993
35404,0.8794646648632595
135177,0.06551329081469795
30455,0.6272080401010137
136300,0.44838681048043755
134000,0.25357182033393205
135404,0.31273148132491074
32837,0.842481077955016
134843,0.06620730872107483
31229,0.5916491190650661
31185,0.6346046088123688
130566,0.11662579480205376
136707,0.07076431940287697
30055,0.9290929323300132
36105,0.7215576329339867
136361,0.5028813757293215
132539,0.011622001356809415
36515,0.6934213695157648
134567,0.0538102353102595
33979,0.8193258559878573
136029,0.07178250159852995
136384,0.008670348841340053
131715,0.14675892515732686
133589,0.7632916180536345
35713,0.5778346409453196
133747,0.36606110590321067
135652,0.06958971679871395
34668,0.5123297324999732
33699,0.6684720892536952
132239,0.08099475518213102
135389,0.030264582672680465
132817,0.997768773589131
130820,0.0732241854924585
37309,0.5172714888042206
133377,0.28696989714022747
131246,0.4223615914955506
33759,0.9120869986485358
135714,0.12021197030886646
36911,0.638498726022296
32352,0.868036847816218
35431,0.6623121337196068
136151,0.09890997423018562
136677,0.3183015460698341
33631,0.8452280718685333
135411,0.0601731712881817
137083,0.11997391647821955
132443,0.005155575870823531
32403,0.8272350103809538
35341,0.9760215498160276
133411,0.030239607156334166
36661,0.9062580479517568
32442,0.8404825199208656
33340,0.4792042536281272
35714,0.5781879620788813
137016,0.22451843039218647
33472,0.4560534876102596
36962,0.5899413113450724
130325,0.3069884909039996
131213,0.3328720115402369
36367,0.16977675028561437
135697,0.995395923097366
35478,0.7016363751044846
31232,0.9998807868682907
32731,0.7042766273089764
30258,0.8296439595730016
135916,0.2632050008966885
137046,0.22311140433488286
135807,0.4774246407554074
130000,0.47441046559512423
35975,0.6992078004170035
30797,0.8909823626665682
133220,0.12593598769668338
133796,0.03609870583807474
131358,0.4570055802169853
30004,0.8342106348921179
34780,0.8275640022103343
33295,0.5466879820734389
32201,0.6817505387831497
34917,0.6136222666887408
35580,0.6802887152898599
133403,0.23943878935978385
132644,0.73007177592299
135283,0.07658961688466195
35978,0.5937263385847149
30070,0.6477135538311342
34401,0.7947942430648762
32771,0.5343529635636906
131577,0.32738041074771707
135858,0.2896582075436026
36173,0.9990351453228604
36708,0.813246658851489
130273,0.4128369315381843
33793,0.9760946653816247
137353,0.6541566738309575
131149,0.09573369134934805
132336,0.6879911240347956
36683,0.2898266870344815
36692,0.354576165582972
33946,0.9982876927108753
31647,0.43356809073974134
133923,0.4382501275585337
130509,0.09724019681485613
36344,0.8619107480535614
133063,0.27538257287074075
135566,0.09415047740241321
30191,0.1271770781264543
132242,0.33417125025798927
132693,0.34897483409061936
34092,0.9759443023854996
136755,0.28030484438075615
130918,0.037838518868239454
131416,0.13624894179105895
133339,0.22940561242091614
134513,0.8265895507732848
135338,0.238727804707315
32785,0.3870913190664658
136766,0.2000871612735034
135206,0.2386112896137135
132730,0.009952866758479353
135240,0.17053029285760044
130826,0.3667932422808503
130650,0.9375496380430524
34390,0.9505120726293868
130993,0.4732739268516486
31436,0.7797860231223769
33082,0.8955787749777809
130515,0.059412568514844805
31466,0.29563443354532887
131964,0.21744740997293902
31282,0.856580662547728
30081,0.7988537240803039
131894,0.4963339264921508
35604,0.9376163346222494
30756,0.7884544294633186
31066,0.8816824392801953
31138,0.7983407498969508
36153,0.8043005648943939
131658,0.2513763544982338
31562,0.8207223981323297
133927,0.5703013482849622
31052,0.9999785310942259
136410,0.5427128708287452
30288,0.7497058597071548
32947,0.9999660197656594
33872,0.5659373950164038
35881,0.5709219745969439
134323,0.4531173470205149
133253,0.5190677659170461
135896,0.014715224874818075
31623,0.9084262169242138
34572,0.8158286184045185
135834,0.287728007202662
135761,0.2694895589678251
133129,0.8805374112857872
30585,0.8170747457840077
132218,0.13382827382439358
34447,0.9809839755413952
135660,0.27403789760520614
31158,0.530923993885059
135180,0.4641249881389567
130191,0.2782133760211011
37033,0.8567821913729686
32872,0.3889084826465393
35481,0.7090498490824759
35192,0.5004510257126014
30245,0.8659266427456895
133764,0.6970808886929469
34036,0.5257665558126838
30742,0.9302664522932722
33452,0.8664931759962586
33863,0.8904746288222523
137450,0.25617426861174625
137453,0.11052976248690222
31224,0.9484450006332928
33738,0.7667978698150111
31554,0.7444232580089134
32583,0.7507035377337145
30319,0.6736300034526391
35705,0.7990874613910933
135744,0.08964789677552819
137048,0.33526505435335513
136521,0.03030053651113134
30037,0.4765635965232603
136264,0.6803667039828846
136635,0.10261172525317751
35080,0.6708848531716255
137150,0.34869961479823436
135642,0.039523496717820066
32855,0.39315435098784945
133949,0.4339744517248513
32267,0.8794300168843856
32665,0.7182108010558539
131162,0.08717719890213847
132806,0.6192196927953171
132985,0.7259768006737193
36493,0.4672328439088309
31375,0.8320583119265662
133040,0.020974499765204484
132197,0.13253414573979524
130081,0.3596103160122281
32710,0.8588438775718938
133497,0.40447269889924686
135079,0.28552843074832734
31003,0.8557230719113301
133554,0.19366003007951663
131167,0.221239506506216
132545,0.1485080944667328
30564,0.9462689125325506
37142,0.7945048734261718
31315,0.9615182799305341
33661,0.8043475458259738
134680,0.37333896490430346
36836,0.9174262272050404
33722,0.7762285134499348
30259,0.9277322452195362
133869,0.36454919984410766
35935,0.8958447479237174
130807,0.2764471423158122
134867,0.6466457641895381
136996,0.018483185326835256
133960,0.21505789361122427
32077,0.8256900451940382
131286,0.9957507706358186
31524,0.6966677853530918
36210,0.8643857476639011
131042,0.3519206182147834
135457,0.01865424255126916
31719,0.9254375237336511
134085,0.8712356798035232
134064,0.45941107789936064
32370,0.8100345207507549
31414,0.8926475601443656
132964,0.02415210957985056
34966,0.8437833993677658
36516,0.8350388963470634
32574,0.8424037593617737
134704,0.34555871146388883
32180,0.5171357639851856
36750,0.31309713758029317
134673,0.31330981258379403
132260,0.15618503276003345
135183,0.2657638661150312
132990,0.4574149221619199
130568,0.18899149953331543
135704,0.005096736813335382
36534,0.2923273541892324
132509,0.13323767507462025
35209,0.9301249874444827
34171,0.5205977331758316
34946,0.45524833470325604
135259,0.22253538040200932
36328,0.7722999684019314
136858,0.5243760792185209
34417,0.5217018022474145
31785,0.713439714088254
33609,0.6392503929701825
30321,0.27760774761091417
133685,0.19445736366453822
132633,0.07417392135062431
32309,0.8196122857862435
134158,0.2599261840681358
35419,0.7339819224625053
134230,0.19246951044145438
131924,0.14234987955099093
34374,0.6766615608707408
130198,0.9869950161944792
31690,0.7459393341017357
32912,0.9919917614119006
132626,0.655063955958984
135885,0.5529885711369916
36020,0.8509347710923649
34340,0.7847917089392359
32418,0.3653595119892821
30619,0.8815746358203479
34933,0.9406095986846719
136315,0.1154830550329152
31115,0.7085095503330854
31087,0.6021627329278509
134899,0.27319624119714103
133597,0.5656915351317582
137232,0.04953092425455372
133765,0.07079524938134266
134301,0.0008748266178393479
134543,0.027120166599582135
31067,0.6595829790621446
33850,0.6191544927094996
131657,0.4632636943519152
34243,0.6095759868993335
33985,0.6141892708402555
31956,0.8706296509999121
31560,0.795299742143459
134670,0.16887487062998977
34275,0.5792958122085592
136281,0.07789967146606397
136751,0.9897705928092577
30758,0.9530042414164676
30409,0.7513434727611502
133836,0.021535024725859324
35929,0.7313026556355158
135643,0.5382610968785267
135166,0.08500995842964511
136680,0.004274794510232349
132875,0.7504979788999293
136058,0.5313295599854054
32875,0.9470146790797435
32610,0.6208848564974012
136197,0.26346378583530666
134007,0.11942501769956358
34389,0.9515768107151845
136724,0.3313688720541169
134840,0.021137534438594136
32817,0.29458389787679806
36728,0.5285311085366257
135062,0.45319123400203254
134503,0.0616027812965371
132725,0.1635740570083132
31502,0.699720644014782
33180,0.8927767169866024
30296,0.7477598587967167
131193,0.582005383292006
32497,0.8193926047977836
135766,0.12432558991398901
136729,0.09060728508462344
137176,0.08405788316039432
32313,0.44511396611255205
130656,0.21605215806219485
136853,0.9968282160098537
130760,0.04328464728909114
32196,0.7009971469983921
35647,0.8148939807748343
133888,0.27040248533644295
135011,0.025265033269004686
132853,0.1305222774903423
132873,0.014069456760368573
36427,0.3105015629915757
132416,0.3380943703669362
131287,0.34841054656311765
34262,0.5757043135334982
131775,0.12874518009262131
30617,0.9404683947872026
136723,0.026434243824715667
33860,0.4960148633767793
136605,0.07308430504500865
132356,0.5641968359372241
135357,0.08946358375683242
131247,0.1710087762647383
30807,0.8575897493281123
36330,0.7444345763098588
131865,0.13471946200701915
130173,0.14570929484676765
35649,0.8542648439153926
30299,0.5635727952977921
35712,0.9925384826027106
36798,0.7063605559008428
35353,0.7802900842425234
136136,0.6310901605761432
130206,0.35371421799170816
130275,0.5855638456061033
130797,0.2111214300065107
130069,0.17939000899504262
134636,0.4291972189186313
32565,0.7181371153639792
32094,0.6789055964690256
37171,0.7998561753350308
35273,0.8331970452079414
34232,0.799356725950587
135193,0.9894199640435111
30019,0.6538566541978894
136955,0.2192936411169604
34782,0.984091972515204
132824,0.0419147889406145
130497,0.10357751688690069
34803,0.6860235553279227
135906,0.2954289720358983
137289,0.011501018757325688
131613,0.8974223432918554
30824,0.9769287834298028
31357,0.40233338136500846
36527,0.9918721535541816
33957,0.46908784253473473
32148,0.838584412514087
33585,0.7416815096306086
35184,0.3710868780659772
132101,0.4711769312988715
137096,0.39370964412945664
131958,0.13541687423037105
136406,0.2930992256801871
130732,0.9998851708110758
137279,0.021418525866447102
36407,0.47214917286725316
136577,0.4571883688281862
32134,0.9312179173285834
32050,0.8929472362461751
132208,0.35087519756282076
133819,0.965828699920367
35088,0.45113476956438664
132594,0.993000759831321
35786,0.6630597035596433
132722,0.5764954851516255
131752,0.666054792261483
132643,0.159817395014825
36170,0.8498336748122559
136818,0.1951602898216553
37087,0.7622915324768735
33647,0.9277456522018134
37148,0.7275804964371231
134299,0.2602586276331072
130924,0.3869110409664856
131714,0.6114508141277596
30058,0.7733971621264553
37011,0.5454648705031796
130320,0.3295558110781169
34628,0.8748697031972458
130879,0.18726217142185383
135780,0.08125667767486784
37091,0.3738796094254428
135819,0.18267527174026613
131519,0.5709562090622868
30153,0.7611711049384353
131721,0.13295999036658807
132343,0.23313172928535766
131105,0.10647728384867503
134484,0.051466482882159284
35399,0.6809262276579743
133646,0.263363952843639
134746,0.10864955850190429
33308,0.4991386680627759
30135,0.5000638434217184
36638,0.8828937728809619
33984,0.18556386968938818
136843,0.6086928278374695
32275,0.6851425698534835
136506,0.03341927354034716
32534,0.8278254682618557
131369,0.3093766816382274
136861,0.07208851723428687
30209,0.9021196364386816
36444,0.8820334668358355
134874,0.5746241214933414
32918,0.9043146820355211
130230,0.08102036593997647
35496,0.7463716164930214
134635,0.04546463427384347
133360,0.26616581109160203
131679,0.4271797755195657
34205,0.9998782246210453
32529,0.5596864253546929
30844,0.959373898003761
32364,0.7490537382834982
136833,0.988988233721497
135039,0.6185018508304199
131549,0.6655316065010899
34322,0.8492111782310249
137456,0.039260836165809165
134148,0.2008425150571555
132325,0.03659081230903552
30363,0.6431952450471959
130090,0.3134500153899401
131652,0.2843962878838087
32521,0.854467002441869
132369,0.03835234605839173
134918,0.20493513598176202
132479,0.015220436296361406
132200,0.14930699666663544
133062,0.6331602096330593
133555,0.7647555923334423
30989,0.5475212713727936
36345,0.389065318799905
130762,0.9950568853936338
131908,0.15058985246272577
130237,0.15423796103214488
34989,0.7531446760509224
30761,0.5716899230957454
33916,0.27501717464723197
34979,0.8782402956930149
35248,0.8091317007254194
134165,0.03140245765057332
32895,0.2432784295108237
132111,0.5959129344672456
31073,0.8389941802266546
32386,0.63039507338438
31602,0.8843075397888379
36446,0.4069960372922311
135887,0.5973867116608077
132093,0.691853764606472
130541,0.05104515355062505
30169,0.8170620644347807
31354,0.997191532044067
36662,0.7134192045461207
32541,0.803381505167169
37359,0.5735856585495375
34339,0.6590835917743458
30476,0.2063798656123071
130914,0.34031836492618817
134010,0.28053175778486333
134067,0.8480073558196344
34047,0.5582659918167058
33668,0.8495450748113581
130307,0.12065978732630571
33947,0.8613184293772421
134295,0.07452063432462304
133851,0.4104351161333042
130726,0.5075688035981645
135770,0.25538195257389534
31156,0.9152616250674785
134189,0.4594957777996428
32248,0.6610576334016872
132012,0.18178100568008543
34660,0.810178809868492
137433,0.38984701655833476
132640,0.4374382994000036
133402,0.058171852432581266
136934,0.9738720146679818
136063,0.10070987767033532
131282,0.3166409459253578
132500,0.289604474018478
130868,0.9704076475021431
33342,0.7172703051826749
136254,0.28862377401956735
131501,0.10889564411218844
131852,0.14890629675455577
30729,0.9242015538205381
132475,0.2778471474484529
31013,0.43399913955539293
132275,0.608999312070203
36351,0.8664379452169833
132535,0.0023187373864691652
132826,0.05192970973376606
131425,0.3991557904450809
30580,0.3797448433994241
133457,0.08426301683896299
34255,0.535073622354529
34133,0.9293670773560482
30520,0.651749408432398
132362,0.4076427074255851
130270,0.10615888921007918
131023,0.15783411375781706
31328,0.965403588817897
134556,0.06944565182723249
130057,0.5039208176803781
35447,0.8829254317514577
33114,0.7334157877244927
131704,0.1565353862714592
31443,0.808550304508222
33641,0.7608433891198053
130827,0.3092265453268555
35071,0.7494523672372396
132899,0.018704642884881433
30791,0.9057240540404726
136286,0.3407160342551074
136102,0.024667178745029914
136473,0.5034166794890693
31435,0.8330253069770701
33628,0.6261427925022317
135077,0.47253569400375744
131944,0.6651748287161732
135676,0.36660281180434795
33447,0.888707870058013
30376,0.7822155780486922
34627,0.6789251810658311
135297,0.031001661350632887
30052,0.30551695623300457
35445,0.9131848320353262
134414,0.9991771105215052
37174,0.9000799349656489
32634,0.971148086388113
134043,0.4030698747601782
137158,0.32712637135333267
36637,0.9473730807396831
30480,0.9853258750217795
32412,0.5719921763402261
34320,0.6051035863148913
35837,0.3296861731734117
32048,0.7900363351527326
136752,0.9999358950536429
35878,0.9103641519326365
133871,0.37489888209385347
130913,0.38989874653626977
132905,0.18729479171256286
35093,0.2222313197529935
31712,0.8169235584976609
32096,0.7944222806173316
35412,0.8716022616687786
132411,0.6830630107497552
30136,0.5873599142199342
135590,0.24158169867691068
33592,0.9765276980833862
137321,0.07893934992830766
35233,0.6491962561406467
137328,0.6710114584040565
32800,0.9997902052609291
31448,0.7652716473055367
131686,0.05982958555365142
36778,0.715697858395423
37329,0.7053638400669163
133759,0.08067793657350493
32877,0.3311335586229368
136104,0.2397086568296627
30103,0.6640564693067197
36554,0.7320683253911318
33644,0.4361983412752694
132931,0.2747116572224352
134883,0.024968625537605416
32373,0.46952466156808975
32737,0.7124311076896443
132044,0.4019706414329881
31252,0.6974503102062087
35672,0.9409353149490065
32620,0.33745406752300533
135441,0.15163194210711206
130994,0.24810158700188145
131888,0.21912762320595872
31364,0.743418182315782
137374,0.10591255024873295
30647,0.8605494430993659
131500,0.2556785912609537
37090,0.8496172388866664
134756,0.13257346124701913
35369,0.8505733619943824
136115,0.2680902348328436
132175,0.017978457817194197
34622,0.8991790137363745
136050,0.6806236014742344
35508,0.8168322512232595
136874,0.4543494812105179
133283,0.28353925315770506
137429,0.4034769165552717
134948,0.05493105321177676
35979,0.6063802521105748
33525,0.5725546825311447
36716,0.15041233028846557
133318,0.5137474141158153
30931,0.5408785390710371
136529,0.09703443343520317
34735,0.6738214322059476
34236,0.9460963835989645
30602,0.890941028088359
137418,0.24977809674553314
135528,0.28487967866948316
137157,0.2446494672857261
35707,0.92741429576956
34354,0.6792475712988915
137052,0.058005524241938736
30624,0.07069862908529953
31370,0.6358346024573527
34052,0.6140360611412642
136299,0.5354463104636925
32971,0.9707556557070363
131225,0.003021504877750339
33182,0.8785140682098628
35024,0.43843208648202175
32090,0.5127379805007928
134997,0.37848165144362517
136608,0.6656289084417112
35600,0.6404415525221568
37169,0.80869785465059
34684,0.9325744253616651
36192,0.6006597350586559
136479,0.6873810925656626
30695,0.288154574190508
134622,0.14428125285064777
31432,0.803153649708612
131245,0.4343442292019873
132091,0.04087340201239987
36905,0.8934569489175854
36288,0.9418144574364797
32474,0.4164124227122311
133120,0.03485217513336367
30883,0.5503427296453317
32862,0.3687217041525508
31755,0.9181617542198103
134080,0.9969645236913605
33444,0.985235953910481
136999,0.09171508731019358
134941,0.2156741738983088
30375,0.8842896488598102
132118,0.2327718703901179
131141,0.03965127988864176
34756,0.9304112372016589
134626,0.4571667403079251
33643,0.7895703134686709
137413,0.39672926052547136
30213,0.6502721428510009
33127,0.8013019385517766
32822,0.8834451054856642
131221,0.14450552091302002
32295,0.8136376585922689
131413,0.8614603640403414
31413,0.5893700349919403
32713,0.93698563388034
136804,0.22018961452591482
37106,0.5963754680348543
131504,0.7945957910229193
31579,0.41012851252558874
130177,0.17990179727048766
33391,0.8895299476669066
130560,0.12310849117034084
32589,0.861129813485552
134275,0.0032556393556747035
34483,0.904312406552697
34327,0.7966537551159324
131390,0.07314425257981659
131322,0.37982235177585116
37478,0.9374354564937063
33675,0.7941959637453264
33987,0.35166072440206014
35812,0.659805860721867
31215,0.7920957249393921
31187,0.8592535340210131
133814,0.2584605008648123
33073,0.5798129833124296
131729,0.11317061140525239
132553,0.1721557767075739
137372,0.436684147336177
35794,0.9383242334426662
132629,0.05605103205310012
33639,0.5476077701602943
31074,0.5439154781632004
36694,0.8556515847141013
37192,0.5067289027922958
134410,0.003390346352376956
37094,0.34410874207966696
133107,0.17842288700321388
35175,0.7908682042279945
131499,0.6781236547713351
37244,0.8071607382575996
135977,0.10804701360297683
137078,0.6278043767804155
36478,0.8172751393535318
30195,0.9696574020037576
131644,0.3529292468245926
136870,0.11118049409677333
34178,0.4928538763774419
35426,0.978779660356439
34347,0.12833855761336918
133349,0.37256647439324375
36476,0.5652675624061113
130370,0.2648734270782289
36564,0.7586528043505302
134048,0.535117140149511
135630,0.832875348339876
133790,0.4761368259393597
130799,0.2956562075714406
34728,0.6564179902453865
130172,0.06103395297517156
30571,0.3542820203225204
131974,0.3801641163623075
36248,0.5076529507151681
34992,0.7221830408001002
135866,0.4493572423090674
132083,0.09939696269010394
30842,0.5015891054893374
36606,0.39396723429291286
36770,0.9363144981041363
137056,0.4836640306658048
133830,0.2601671272187937
33771,0.7394882519061547
136562,0.09535073936860629
34244,0.5587218032874178
137417,0.5642239180352697
37038,0.8099937876636583
31619,0.6729435370030513
131685,0.2993223643892305
35282,0.26430393498491445
134658,0.36885288575564995
133532,0.1981827222603281
134679,0.13282223079501096
35335,0.9157583228061944
132049,0.9996097884697243
34297,0.8168972422390458
36926,0.8748740488366944
131036,0.13684577172985288
34888,0.4618532851103775
131931,0.10498463954570306
132966,0.42250931021410093
31167,0.5688496513848086
30050,0.2158130722450295
137486,0.033804843350370144
32764,0.2875569449025574
136440,0.24424566433403277
134742,0.09853694320448166
130489,0.47558407932149266
136489,0.319711544903222
33636,0.6657824680214639
132886,0.3473474440634114
132612,0.24484590188956118
136518,0.43709352349568825
135721,0.0506161303905424
30435,0.7344760909199217
34497,0.20155861338779313
130248,0.01722407608071936
36719,0.8467113972829858
132163,0.28050370171191014
33910,0.9472870865641508
132278,0.05076072039415038
133105,0.18090122879845266
132394,0.2636143742679313
132029,0.10104567176107447
132463,0.06801223325493824
137425,0.12485387298401213
34578,0.6354976807153202
34762,0.37890844118856015
30334,0.9601661548248009
34064,0.950253616539494
132244,0.047227642785745066
34399,0.6511072918868709
130338,0.08351374543790223
133099,0.03309743879437698
36313,0.734263143203099
136304,0.3346478662818052
35393,0.9969710299030569
133987,0.46838950311542976
135857,0.2505932529007545
34721,0.8177088544336119
30707,0.8455382917482406
135853,0.4014728239262327
131312,0.17736935316985944
36213,0.6287104764755946
35049,0.5966459189445602
132214,0.48321269339002937
31291,0.6105026586568286
31165,0.22327948121519317
134287,0.7171616074138665
135733,0.9964641682325623
34040,0.5852357612855719
33880,0.8637331275809629
34875,0.975500137077367
135812,0.1266912198424537
136094,0.2171165184943041
36280,0.4912744906357247
135988,0.8119247782260522
30011,0.9405513063365135
35748,0.9688180046046071
37422,0.8288585724002684
30168,0.8675979073145846
134708,0.47576947735545755
36635,0.6256201622896564
131916,0.1679822292984016
30592,0.8430382103646434
136839,0.03642687333328445
35127,0.7556668623843326
31981,0.7740405008861874
32491,0.7058389101255811
31858,0.8872005844679356
132017,0.1953982777184809
131569,0.17113302330211433
30176,0.9322758302320888
32039,0.456711339943239
130055,0.4488396083742736
34493,0.6429511433791076
37260,0.8704285897016607
31084,0.8398383944190536
33393,0.7692230418589932
30712,0.45622700127064153
35134,0.7336489912423907
32569,0.9195206100244517
33133,0.7118536555004776
134516,0.1359673198866493
31934,0.8902378212124961
31033,0.9053080248423485
32661,0.9435985506336871
34707,0.8457741620085786
30770,0.8956657648760356
132071,0.7454433829619881
36981,0.9260892690741156
36539,0.9060748127271951
36081,0.892357930083743
35693,0.8974221683003718
136497,0.10837805570648745
130876,0.1841876572185837
131832,0.05216339058390274
36959,0.9110934319446745
32409,0.7462273533083129
133603,0.4403963479408088
35666,0.6439903102865766
37305,0.9063983805018725
134298,0.7254576331017057
36337,0.44117494761707543
30114,0.8944627429011329
36902,0.7137700544390108
32174,0.8718486022462921
30864,0.8711752364006985
35710,0.7868803553426637
134973,0.13798114334773398
36175,0.48652993456225774
131396,0.08730241133339872
131779,0.12276098252186737
34155,0.8730267629086378
30295,0.8603588679059372
131437,0.07127641067141631
131226,0.3051231652629132
30516,0.43288133521690486
35972,0.49149816639445054
33864,0.36404670070211737
133193,0.5244313304773407
131391,0.19177349849370556
135534,0.271916923879105
36486,0.6158458353040742
30550,0.9752844255881573
131480,0.2928266581594961
30368,0.6779613391573716
135140,0.2868171429061765
30870,0.9799920661541462
133635,0.98601820251456
31948,0.5684882192612344
130087,0.18859244629183905
132935,0.4194343768213447
136178,0.0764885111658365
36804,0.833150832693932
34077,0.7377151585556938
136856,0.13394964647090424
31942,0.5925263910319816
34444,0.5921905825723724
131532,0.41500297097952227
32022,0.467292965638139
133352,0.7506911403803053
36628,0.7818297778130222
33488,0.4038874228077329
133470,0.08142941571839016
130035,0.04666204053653851
133451,0.04712625408999222
33901,0.8651490243229119
133338,0.12326927470671153
37181,0.7110144643506089
131608,0.8430780211621829
35236,0.8359328270850365
137244,0.07485651419733011
34081,0.5584411700198625
135620,0.2799073521600664
132456,0.07289074073926
37385,0.8942830887274776
31127,0.5286058808143562
37455,0.5258715370090425
130287,0.5868656995722472
130361,0.2140351256805464
34815,0.32331128633759443
130443,0.1233983516731776
131984,0.11719493066074467
30336,0.34747637304334655
32615,0.5011708624121691
36701,0.43947632125844005
133767,0.027446979205725055
135241,0.11349003778266246
33857,0.48941776581945
37312,0.9097633969757195
137142,0.032161128306370926
133655,0.050096004504986594
30986,0.9061186172803583
133543,0.15899825236682621
134976,0.07928381848608552
130872,0.3176070460833379
133361,0.23530382827233898
35872,0.6970289046475237
133516,0.14019201170705817
132823,0.13177685401756745
135788,0.2525241751347041
130495,0.09965283286135498
136325,0.4322947677480684
132780,0.10503379593728707
135278,0.046901483745917426
134609,0.020428737389669816
133346,0.3783447288551529
32976,0.6242177018987137
34143,0.8328202290242261
132537,0.31297698259811446
31797,0.9119894869117474
137423,0.060342584624799515
133598,0.2160349198041141
35993,0.8028424565521323
133396,0.4131353117395291
30743,0.8658013587034651
33680,0.5101356951062951
31234,0.6168881122572195
30763,0.9076403896046149
31440,0.42562276309794134
132427,0.39140214374006865
31896,0.8459041064035862
36379,0.8599441474832936
35474,0.6675805752483105
130329,0.11176659071808896
136483,0.07676719115931276
134735,0.0003035120137762663
134228,0.3656981989066276
31714,0.8553607040845407
131871,0.0682874321896287
32841,0.7071087759665258
31635,0.99997067949717
30588,0.6467455284120844
35312,0.6532854115059978
132462,0.49034803833505836
35664,0.8876546869083676
32735,0.6943419650473747
131572,0.040726664674106
30884,0.743179573479955
32890,0.6877181581887684
35502,0.6297453049737474
134370,0.014402393894621366
32642,0.47905899908070754
35797,0.7263710941047646
131521,0.2672666390248886
31660,0.803836989581765
32859,0.7382780954024558
131824,0.9975091466088438
37031,0.954166209881117
132881,0.8128941165139619
34308,0.6521238529290196
132230,0.8790653119846205
34990,0.6940467750163147
134630,0.022762753297137273
36216,0.7328148637641319
130314,0.8801897674189887
31953,0.7973707236117213
136215,0.5236815882701704
34363,0.6960375648230247
31781,0.9372484148491733
30976,0.9053036225073104
32125,0.9134880335586103
32975,0.779407948923297
32878,0.9016067332775776
36774,0.8772798946360142
36958,0.9289871225852654
37194,0.5315588302779594
135284,0.1383624392958314
33286,0.7882907840967881
32715,0.7105528153981684
130205,0.27814632882786117
34394,0.8616068479679935
132241,0.2863954560971295
136028,0.4094248929194077
135313,0.4678270270599613
131554,0.2179161589898099
133692,0.09836602264382494
35030,0.7385453682632653
130974,0.6258361752220108
32395,0.9713335472178547
36872,0.623610803338372
36943,0.8718455528170291
136305,0.09843275052587322
134014,0.7002011244352712
35976,0.767725864272441
137100,0.04122199929350975
33932,0.7721184306032374
33594,0.999978797035669
33657,0.19952784447971197
36531,0.9569101967547438
34156,0.8514880684747208
33662,0.26172758893084586
133091,0.1065244168546617
31104,0.7525153860550926
36788,0.7285812335341378
36631,0.7634911797320998
30012,0.7583421706809007
136452,0.9646038346811276
132286,0.15968597111617455
134480,0.06842082218754533
31608,0.8218113020772754
134057,0.3908929818793962
130053,0.17045293278699694
135130,0.19358445581331368
36793,0.8148463701098673
132974,0.7282734964434174
37187,0.4636649389706917
37173,0.7100252191549409
34099,0.8769913236605139
36217,0.7940227560887879
130792,0.18442369675549303
34056,0.6371931915760365
136966,0.3218115648194236
133395,0.1738511374334528
37071,0.8388932401509616
136890,0.10165243968896887
134309,0.3566771946905408
134458,0.5148241669211105
30555,0.9227764852352264
133280,0.18676988303674177
30067,0.8668011379015507
131148,0.37785310524960924
131394,0.002162324047541041
32536,0.7810609513898569
33166,0.7540044701656852
130614,0.3147394313023115
31887,0.8595433855270773
132019,0.1743012243201776
30967,0.8120866614588794
31997,0.9510582589055993
37381,0.8870387760450501
136394,0.14354296944843167
131972,0.28336336809107376
131722,0.24030242829657436
130142,0.6767573091643998
134114,0.10651986030248616
36525,0.6194557615863966
33887,0.8979092764852626
134413,0.07081641553132746
35952,0.3588253012944895
135742,0.07834519577258958
36733,0.581996209680274
30041,0.840361001887573
136813,0.11526722525237164
30911,0.773603152903786
34837,0.9264852822807349
31292,0.641061824435868
31752,0.9882319162345963
135639,0.08414019760983547
130477,0.28326495600457446
32651,0.23723817928153124
133392,0.33394854972648796
132709,0.3131238188780446
32673,0.42891852906152056
34114,0.5218711752123024
30914,0.9919681307421457
132181,0.2706387381511549
134606,0.5161389036432674
31453,0.7897297295621262
131651,0.03231528292886623
36897,0.6422665860087684
136989,0.1783173764216764
133582,0.02257278734341016
31725,0.9999387490107339
30357,0.6510136853869195
33354,0.881781565766216
30098,0.9449178669992038
30561,0.7265271653359947
33123,0.29094327720558877
30702,0.8545881032819085
31513,0.3316718067437687
36385,0.9797176319187249
132514,0.17391220202770205
30426,0.7852974214026445
136699,0.42446382182020376
31590,0.7388935365942421
130641,0.11626657706817087
30604,0.9886460963284064
136816,0.040136971374713296
34191,0.6668983678623479
131009,0.517603724870169
30047,0.7622491026348273
33334,0.9087989246171594
130738,0.2374144205761243
33159,0.5047553920193023
34015,0.9031526159871547
132480,0.04959457029160192
31646,0.3521138340869431
31479,0.7922139212172007
36757,0.6988405384371414
130925,0.010116423947547477
30653,0.8304142679539821
31129,0.37542622028092926
134032,0.23241160313248832
132297,0.21957634050253447
35172,0.8817479439102157
36492,0.9155580111852529
30667,0.6086111819260654
130450,0.153563606650578
33774,0.3212386046281471
134144,0.037934034940809845
137003,0.700438864598014
133291,0.14592894111310975
130903,0.6506250087444251
130416,0.22944079116587968
135667,0.19103640753642825
32129,0.8168060027606163
32857,0.5476353774655668
37233,0.5919462822625786
130640,0.03492159137734713
30084,0.1866668202661438
31233,0.6604109043211404
135550,0.08389289716968898
132739,0.18973253724896935
31927,0.6265968525095126
33412,0.8471926037089846
37112,0.6697420154341424
131393,0.4185214456062988
132893,0.46678592496152205
135082,0.37372842355855407
33039,0.319694903966236
35719,0.6997786405974428
32572,0.7336105099954602
33754,0.44817731856376125
37239,0.8269783926100152
30890,0.8799108678278927
33938,0.6007670115245767
134851,0.2622973674378726
36561,0.9987020373618408
30846,0.6386969057036704
135575,0.5933323674232767
36228,0.25677510412588256
136613,0.12158612713765067
33733,0.8849270494643228
131641,0.42634085778480046
34415,0.328095980889229
131933,0.18090262552228853
133213,0.33928192778427824
130024,0.1867532361829381
33117,0.7565220499459809
37222,0.3458940185526108
32329,0.8643099673717085
36085,0.84282100164994
36776,0.9460748325525661
34648,0.9218069499865619
133027,0.3397131402886443
137265,0.16980189351348055
36684,0.8292192750985126
135580,0.2711836730437247
33568,0.7408739531810753
137449,0.2649801470180043
133838,0.5391065795195187
133822,0.05712152071049346
35223,0.7313305792799386
135486,0.013045629148736403
131993,0.36603669919837156
37442,0.6116769322661192
35757,0.5439084424606375
132951,0.12663339908241097
33999,0.734111862401087
34153,0.8956125745703777
137370,0.2428862414555301
32028,0.9511581903802742
134527,0.09458896704331937
132351,0.305108061840822
37175,0.22997404393223522
134227,0.07777067975383369
36049,0.7821604825197905
31018,0.8422310236585346
30127,0.6768583090239908
136558,0.6171994322737949
130933,0.073675378955086
131370,0.35619665567924763
32155,0.6666164675884769
31121,0.9141961613009854
137288,0.007893723901523129
36450,0.993553560610358
130980,0.5084101154431742
134030,0.18192868900232456
34984,0.8720348400473538
30237,0.6251192485542394
135238,0.47675082041249867
30666,0.9995458131491669
31333,0.5167508806548748
30983,0.8832435138664052
37182,0.9484390306290031
35880,0.8613080862745893
131857,0.5546841004759893
135009,0.552049710153938
35164,0.7913107583314599
35440,0.615047857990331
36232,0.4418275719340439
136431,0.5718702156498315
30062,0.7332358214897478
33971,0.999733848342118
130795,0.25411737754174396
134734,0.3978657775253629
34214,0.8233130636023129
35523,0.6036683017810713
135672,0.3542714124718429
134075,0.07934886083015474
33519,0.9988680783683996
34130,0.833013232484758
30578,0.9183551050023548
132358,0.21264885932147765
132683,0.49375392985974675
131146,0.11750288128858496
34044,0.5327498965506249
33611,0.9108741306184086
136182,0.08910622653399022
136980,0.4617308898369061
31603,0.6637880507055689
135999,0.12359727471959472
33434,0.7998059142043351
30448,0.1913468542580295
131992,0.008387672467124921
133653,0.11380279037499291
30861,0.9999785310942259
35074,0.7886328681720299
137041,0.5489645513696065
32399,0.9327955308395278
131900,0.26826962997583903
33410,0.8405458913592259
132237,0.09584514121284632
134766,0.24699552929314614
33542,0.972837606211098
134382,0.23857765076118664
134023,0.2754302809223253
34569,0.6778509211591485
133800,0.17198221047528822
36086,0.9156052259568007
132360,0.14691153741106763
134198,0.2410888879905836
131915,0.29104647206626644
136678,0.5456456333858768
33020,0.21043472490793608
31734,0.6970787807209211
135033,0.20316833409622118
32635,0.8709652541976811
135429,0.20966798242430176
33149,0.4922241578572355
32302,0.39240705850036367
31652,0.1793421092582778
130040,0.1691279560896528
31713,0.5947283396764977
132745,0.3139685203461343
35913,0.7769172116113607
35339,0.43503958399519455
36468,0.48123299352958954
32722,0.9988680783683996
33384,0.7439921485200793
136085,0.21851819204775766
132989,0.999236013382063
134939,0.12938273287183
30343,0.5420866906508397
34867,0.9459502474176076
32060,0.9831656562372169
130199,0.17279945030512325
31063,0.7925748564142888
31382,0.32885980390441577
132284,0.055775203806253164
132060,0.4224353886598945
134836,0.26307751542615826
30146,0.4626521736438682
32504,0.7880559214864215
30625,0.4222168846382638
32336,0.5376276452303492
134510,0.03486834880762733
31177,0.6425667638484196
134892,0.6564252385870553
133642,0.19004238249470934
30413,0.8983182866904336
137475,0.09900869353948952
35018,0.6375287399837148
31815,0.9954927269593568
34376,0.8509850719696186
134561,0.10837180432117151
32144,0.5141548242671362
130293,0.199057783378698
32805,0.6287896106529745
135075,0.262065636911455
30302,0.9256195797790865
134586,0.16227734665475826
37126,0.5385545855436096
30804,0.7099390838195149
133504,0.24306532596623728
30774,0.8956796834272536
135301,0.0419726469707411
35344,0.7349285543032357
133722,0.32306674620679543
34805,0.9259024718958097
135944,0.15928939335248468
130653,0.41139817032984216
133000,0.3005973323327727
30059,0.5494703552805983
134254,0.03770003520436562
36822,0.09867374423370594
32397,0.9289489571703838
132296,0.44528288694475743
33037,0.858972055077734
33854,0.3067004578612124
133515,0.18735263718784134
32943,0.634529234240486
31913,0.7018142363130851
130277,0.046816361708620774
130213,0.7661234627087377
32213,0.8890255614025434
30082,0.7534541399729056
35334,0.6464627738833404
133314,0.7349156476435527
35941,0.7951514766822717
34202,0.7629617497650143
33544,0.678781424499121
33239,0.6988457490745503
133641,0.5646246997033709
37266,0.5588583752854958
36505,0.9650476056153381
37459,0.7644722907551607
133963,0.1226014843083112
134589,0.10870082977154348
33692,0.8577225082193148
35596,0.8473970774335954
32580,0.9144641977025687
136767,0.2730661608775051
31732,0.48984537070606454
31203,0.7372397498742898
132319,0.7821943724494538
136266,0.36107917269918394
32233,0.9283292596293412
135226,0.7437458822967321
30307,0.9933158067866872
130576,0.13466112230606195
134448,0.3151332431904067
134863,0.5833361701486358
137062,0.018603560506054984
30273,0.8765627053404208
136323,0.20050390839613735
131631,0.25421860918221667
136217,0.5452502538552073
34561,0.8363664141105779
32834,0.6421710093081703
36890,0.740014413788381
133750,0.12936211245197535
134434,0.683934957321787
135709,0.7588761905535903
132616,0.06680491659911102
132160,0.46949767132302656
133327,0.2895623456665034
136879,0.05339448679030733
30287,0.8300227352893179
134499,0.014718610740833681
130056,0.03599065089898969
133146,0.6868782466991505
133191,0.9527115172315054
31274,0.6387027962970688
34938,0.8418736193324126
34352,0.8967546319987685
36936,0.6292259977071407
32774,0.9200721895421193
133982,0.564150699135977
134336,0.5933781702274695
132470,0.3311520905918311
36335,0.7757778494366678
32935,0.286723805387372
135971,0.5977364613249618
134666,0.34700350565318583
32023,0.8039686405032757
135995,0.4300459560939419
36644,0.8558047648373482
30855,0.9288827231479689
135254,0.1528316863483926
130588,0.16484000691294187
32990,0.24840614193957078
31883,0.9976117297388045
31955,0.9204903686354372
135700,0.5065519289681597
134150,0.44837796708843425
136852,0.2391733878931385
30956,0.2918290948974739
133742,0.0429021771074588
35742,0.8489580373750721
130059,0.2569192840754228
34839,0.9182900615652025
34774,0.6635696908693843
32217,0.5474916444153771
135503,0.010236741991667355
34384,0.925625600130617
31437,0.688686894226448
136065,0.6199124731583939
33279,0.7560936252347169
36436,0.6208257861187183
33508,0.5122184095577469
134893,0.07792774972123291
37401,0.635893932858265
32622,0.8377383171144768
37191,0.7570848164739782
137427,0.32741108615705905
33066,0.9187531179070118
31754,0.5537517438811876
131910,0.23321355752561299
37419,0.8516892645412804
136747,0.07882536797265406
130043,0.21064380436056857
131019,0.19675854138107962
136466,0.09504691676521723
30676,0.8124463542723368
33474,0.8364643572362085
30859,0.9166098498275519
36682,0.7781004898359618
30221,0.8001046770188125
36979,0.5075986510531365
133540,0.1448738562037375
31701,0.9996733905774957
33621,0.7591063197239385
136515,0.05698108083682452
33565,0.6325011585306172
36311,0.9720749351005377
132283,0.6605225537927832
134450,0.024389930714845673
33353,0.9999077289762061
135169,0.5395008401746447
36651,0.6615946324768373
36618,0.7789355014704947
136460,0.5612186439450598
33225,0.8899508522456118
132204,0.09105035847191975
34970,0.607734828923394
31091,0.4821478394990083
132962,0.1894441522520082
136233,0.7483811408730008
34734,0.3956498517164671
130513,0.02571261348509863
136845,0.5416397533673993
36986,0.4615485539423174
34310,0.7608080561587849
35116,0.9066381883205038
134848,0.5286030222636395
37254,0.7543394343543056
33017,0.4329579742474057
31749,0.7910560713686151
135636,0.43169676401647505
130337,0.5389545210044311
135950,0.26277817281046434
35534,0.5233993746205903
136809,0.059511566336820323
32894,0.738982341326422
30621,0.7428208951114503
30569,0.8180454391920713
133648,0.1171975262490083
130796,0.016727745621271772
136928,0.09736204059654606
31312,0.8229623867418024
30391,0.5212263526935969
132124,0.04537817523215046
36548,0.6800331278907523
37423,0.5118898310810068
35141,0.8550624903243066
130586,0.23246489821677402
136248,0.2751977912891292
36969,0.9817569667131225
37446,0.9889401992431669
30200,0.9471374198613942
33071,0.576765049655165
31512,0.9993457836777658
133284,0.6470280559282405
131701,0.09067469267949063
33735,0.5672484042638447
36690,0.8362746326521887
34547,0.8730350162801699
34486,0.6690988660773648
32468,0.8418923899266647
130724,0.3958655277430306
132166,0.511860770552724
130840,0.34839137703800505
136829,0.2988794023176824
131611,0.1478927091921871
132776,0.09586479398080987
35047,0.7076280722362877
137060,0.3554423571809096
137482,0.028729353749640522
35969,0.870996320353205
32066,0.5043879579210068
31223,0.4645770562598764
31849,0.859136372865615
136451,0.7666604241926933
34828,0.9290274591538359
135409,0.3868655960783891
36520,0.9377150051596107
134126,0.007943893315314665
35859,0.7463846388400188
131436,0.0397744562787599
37144,0.755827913574543
137357,0.10016884171885909
30421,0.788482886198768
34813,0.4918165950374533
131323,0.4807088187871072
31698,0.9084062163806996
132472,0.4861123769047235
33349,0.6379178424741443
133604,0.014734092321698648
135661,0.02217510101879687
136278,0.4247863640624353
137473,0.729880923450811
137200,0.25677932072618564
133595,0.5012796118250434
32813,0.5904844425248278
32528,0.9028106977315641
130012,0.19295682610358547
130204,0.07859603925857855
132243,0.09868346950944763
35336,0.903023042588553
130234,0.04673604820816929
131260,0.38148329926909263
33652,0.7746608530610962
134706,0.20315370213881906
30388,0.6332839314468407
137201,0.3445928889590416
132220,0.22587630968638714
136830,0.02904859747285545
136628,0.17620854105113565
34019,0.8772081455508457
32212,0.999791791332992
33821,0.1941093316449364
33577,0.20025451713189082
135861,0.3130386008070423
137258,0.10464561879121612
131475,0.19454961496215864
132627,0.6396229547759336
134481,0.02616444880034521
30832,0.8285373377746795
31284,0.6810194921100959
130680,0.3207653851201116
30463,0.7679184553553289
33663,0.47622607642521225
134176,0.0671683381880946
131957,0.4770211540360223
134184,0.13829107117574388
30222,0.3386307283236307
131182,0.06065774546738518
135249,0.01691464666663077
31812,0.5906739269150574
137121,0.18090447235013482
133117,0.2049873953888026
130895,0.34249494813939285
35126,0.4575523375614409
135199,0.34801146941981215
131271,0.5462456020206988
136931,0.16772443533543377
37431,0.9999518671113512
32953,0.7858540315545224
31053,0.7973207692055208
33920,0.7127701084305412
136878,0.02055429917525536
130709,0.21005760383631888
36421,0.6953090337264333
34582,0.9995397629362922
31558,0.8365539961767569
30685,0.44839264509658094
134133,0.06070638080615433
130523,0.33883641310753126
134034,0.09398064499748522
31899,0.9259093006186184
34213,0.5024804397945641
35860,0.7942875785038834
32985,0.43581219286241263
32421,0.3288955188268396
131338,0.15718079337588245
34731,0.711213879801565
130772,0.09351265177106163
133996,0.1333430775958521
33878,0.5057997074096935
133362,0.09041088512330309
134308,0.06673043238690865
135799,0.2145701995690495
30443,0.5159551003159203
136132,0.2405315620484658
137143,0.15629379424920192
32433,0.6042708556123932
31467,0.8960600841885389
134569,0.1751663950730047
136960,0.3258797491125291
36869,0.6393652147357253
37421,0.5886652018802098
37028,0.6139868526072155
33403,0.9212087039573212
36145,0.31056015112475166
133843,0.019270768260545103
36973,0.5543804127680528
37313,0.8203004104505793
32006,0.916158276080764
132770,0.016068946156094704
136193,0.03492758661391243
30066,0.8067500754374354
135225,0.055970540621137176
32623,0.9833046520096015
132249,0.15154201247552518
34786,0.9426159993916386
135214,0.6972403380378106
136196,0.9358241348122375
130319,0.4035734121688187
31525,0.47016610833858025
131751,0.14591399096400853
34936,0.8657044154663677
32355,0.8376743925633707
134340,0.6772735504396246
36614,0.6405256012670004
135103,0.15978952458813556
32864,0.7456878701697836
32219,0.4415201424340868
135521,0.2294372455134119
34294,0.8066538411021564
131332,0.22445714491244734
30142,0.46560343004445137
132453,0.25268562102402375
133547,0.9953842915056663
131732,0.26572574711702157
133571,0.0027133105832070014
135133,0.10538001957078381
31843,0.9304106687990618
31571,0.5972977528237441
130340,0.9993975482565802
131080,0.39210655689432117
32271,0.8172192530565549
35158,0.9778901685371544
35912,0.34289492192165594
35663,0.6085877238063474
30481,0.5675965303051671
32020,0.8756932516394283
136160,0.08823043356453457
31736,0.7844133392899534
134996,0.17721408400179692
35321,0.7838478227766492
132528,0.00962883476985293
32767,0.9362457535752272
33903,0.9127799599817666
34890,0.7791703734844322
134225,0.1930972277581284
30629,0.8842626021731513
134547,0.16660486964306753
132184,0.3393866642989219
32967,0.7272816267162899
132106,0.33934502567612124
37039,0.8843696808433009
34776,0.9608904976040393
35940,0.41778129276764053
33120,0.7769472964190952
131196,0.38741464412893506
32741,0.9319770213390649
30616,0.49449390863337733
133417,0.21327413003025764
132227,0.35868800052783534
35884,0.9439407271302257
130733,0.06400945072040372
31411,0.8521253350298266
30689,0.798840651197117
32161,0.8582392131686718
130267,0.39178492740575926
30593,0.6410357027129678
130803,0.23265664607099834
133082,0.20634175813571834
135649,0.09406600019198151
132372,0.011056979047595701
35915,0.7135259042091198
34350,0.5825134042998087
32408,0.7355045943054757
135565,0.6057635843027965
32614,0.7499935303058275
35327,0.9997151350043375
130498,0.01407353500224476
36343,0.16402636459169384
130454,0.673157821673684
130251,0.4327422054585273
133718,0.658343241753897
30897,0.7476554060599221
30951,0.6956920847429043
30432,0.7335672236550952
36965,0.8156275688709965
133398,0.028286375892587333
134571,0.15060079519135022
32561,0.6827318400015263
34594,0.8549005271938134
37177,0.26489751633666675
132786,0.22825164097381423
33826,0.270220630156679
33206,0.8541200349704846
31189,0.9513951018300552
31081,0.9227725694029929
136528,0.13032054338214566
32818,0.9477409893987987
133342,0.24125357633086367
34927,0.5406069456105579
135552,0.5517794372660586
137274,0.07019034039659339
136925,0.041170989530927266
35082,0.4734438296290757
32883,0.6443298882662415
131054,0.0646978405017874
135648,0.4072741122983789
31595,0.22438410609716952
33945,0.4738483514198278
136480,0.04660874647786449
36742,0.8439638426756332
132859,0.12754102999058267
136103,0.5316081032748075
34900,0.7608852384228197
36846,0.7915845562779951
32602,0.7278349188281862
30810,0.6188180717529931
34000,0.8216523663607981
134433,0.9896671378847111
32920,0.9697877674505248
132177,0.1702098531121382
30521,0.24114066214365226
31377,0.5436683609357252
134643,0.8475089400673796
33238,0.46242786922647416
31394,0.6451773798817813
134671,0.2777935730263486
137436,0.44709742954456433
135118,0.11222399561980397
34742,0.866434376569024
133854,0.1969525505323757
36270,0.6452072009433419
32743,0.717462245362148
133561,0.009987431327616146
130331,0.5531986960656079
131349,0.18221714731732302
133055,0.022875409215484904
130950,0.16946674462263006
31938,0.8174746732683769
133643,0.010798153246165705
32524,0.5160814113699208
35490,0.7388737027304363
30264,0.9031717124297297
34084,0.7771460448863518
133011,0.008073607250232772
136397,0.09526690308713852
132925,0.15039199838054654
37065,0.8032738924533225
31824,0.9992382903216802
132448,0.005306491058124723
33914,0.9722055071348326
131813,0.03425923720214109
31180,0.6366011426266863
35375,0.7945171246123289
37374,0.36218100834129846
34717,0.7776789944723884
31247,0.10028620066911093
132429,0.2667889509995214
131438,0.32218260028399015
130286,0.024846306788515276
35397,0.5611098225598262
33978,0.9178650586262758
37325,0.7247428840759986
36597,0.9728624883621179
133248,0.32118904694346606
133989,0.2489056290660406
131474,0.19292181845525402
130871,0.9709814605915393
33150,0.713032198504319
36451,0.2935260584796781
135367,0.3096063666570976
132703,0.07813197729823783
137229,0.4263772438846962
136523,0.011947746431178758
133959,0.2688882714923751
30351,0.198877086732179
35198,0.6589346700618429
30234,0.9998285685331806
31929,0.7254214966848577
133381,0.5304497663946799
32366,0.6387863093598819
34208,0.9544205151848074
37311,0.7555241034066024
134982,0.4571887242369306
32185,0.9443624133455492
135052,0.002250294929810244
131239,0.07435465150432749
134437,0.10642133178304321
133756,0.10385284423204391
35280,0.9018282205319172
33861,0.37693734135349816
136963,0.060982162065482085
33267,0.6512773909285893
32307,0.7085005441421327
33515,0.8528648899486401
30128,0.9040010360894586
34673,0.9116738240496454
35758,0.630207896493213
30701,0.9035680493811928
131387,0.19087455727289449
31744,0.5012763265028766
35901,0.8337802100646519
35754,0.773098541264507
131014,0.049916501010845875
135422,0.027296174168761646
130291,0.035116356573106466
33648,0.47598849488892053
34008,0.5280121350373717
31373,0.9577987028405403
134740,0.05786056782751244
33056,0.738560329550838
31117,0.9183698610094495
33172,0.46557057757013837
30232,0.7546125849201806
33271,0.49198733311293846
136368,0.05821327661576542
133285,0.2416608055506673
36940,0.7156776407872059
133135,0.1292361119358774
30829,0.8838317427662745
132345,0.1260576771054393
35487,0.6468954820230937
130077,0.3639657475141526
135987,0.16692103974794556
133624,0.4676796212187464
134172,0.12480838332001788
133343,0.7541890977515778
132223,0.33601577399889904
131986,0.0032376208549331027
35281,0.8526656153056837
35485,0.7848038094383832
136991,0.05336124162982408
134514,0.32369747187079534
132216,0.5923349115839923
32285,0.9467804919402729
32284,0.8204037692218515
30218,0.9975230931496015
32814,0.7598706483677378
130610,0.5646053450426951
136754,0.4670309667121727
131559,0.005294353450771276
131797,0.5136167504301751
35477,0.9290126172242026
133391,0.03690239398947785
134907,0.1588699445212278
134651,0.4462224013400227
135181,0.9972090824736941
135198,0.053279839703684474
36808,0.43308956940198
37457,0.9808468692373631
135685,0.23807830945102962
133164,0.1484407353408347
135131,0.09426835361818857
130362,0.012522781481118577
137065,0.31311287994955805
135751,0.12517108845279404
130735,0.10072604297795731
130832,0.11164133144118811
35641,0.8992087381471525
35411,0.7816133517524598
135446,0.025428675744977303
31401,0.6354957941693926
133620,0.32534094216504955
136377,0.27993355499673317
135265,0.21723129795202498
34028,0.6420489228415123
34248,0.5793236648157221
33539,0.20674143424580965
134999,0.15573784986297046
131712,0.1720161231888179
136109,0.3117470320312891
133072,0.19257792296923973
131093,0.34637227667116355
131489,0.008055424316919945
132103,0.7018508294530925
134186,0.019416229652592116
33755,0.7165504504135642
130426,0.9991447224076621
36998,0.6074181010845002
135154,0.09409229837237738
131997,0.3842735807982645
34531,0.5827384105318169
130860,0.1975599968983225
132685,0.2886193968615001
33895,0.5962315914203565
33220,0.7920248352841399
35613,0.7752656022776044
31656,0.6336717064078623
34219,0.43222581609178035
37103,0.9102805263323427
132902,0.1848631012766422
130193,0.16198760826893904
37137,0.7558502616867127
34113,0.9113964603923024
30477,0.5858049325394674
136126,0.1931616082411646
36752,0.9996617585894961
136958,0.0050994489120775146
37296,0.7597719008126272
32394,0.1492088692186411
31533,0.9999942709759094
135910,0.4016104968057619
31818,0.9415818288312666
33934,0.6189555408732725
32944,0.8569539079593759
30017,0.8726540947022148
133659,0.42093389396549646
33760,0.8768321895402449
36221,0.6662634982000685
131604,0.5251932652025079
33306,0.6884018292098768
130911,0.120166800985104
32256,0.7983116534560808
134127,0.36523321735243774
36001,0.9060677990163319
36438,0.9751314524039065
135847,0.8216194822277466
133293,0.024187043785109302
131208,0.182978458195348
137141,0.05271818991720591
136055,0.16939528610590843
134619,0.19234099518211223
34859,0.2805304896916789
37328,0.7362982364485815
133019,0.12513495058543467
31594,0.6622525321833928
30278,0.741049424832146
133087,0.05392712903686825
133069,0.2879835674834767
130647,0.05203364947831523
135986,0.37645001691606134
131340,0.2498024976689793
131142,0.4761775468391468
31992,0.5693495632305275
130746,0.5365776183667504
37489,0.7424480207420094
34397,0.25310700993779744
131593,0.2450158141545476
130225,0.018929903783958292
135937,0.041903405490945365
36219,0.9998520261658806
34268,0.8383083554159911
132374,0.4200635029067833
35747,0.9483680511678815
136821,0.2013993788245206
32995,0.9001859239574462
135710,0.4053189679625683
136722,0.27774200909249586
35601,0.9227917376609764
37447,0.6796959613788471
35587,0.8033090395910919
32259,0.9944997327406975
35266,0.5517626304809178
131278,0.18784028321440865
131240,0.30824361554851626
130745,0.07710558381252465
135518,0.5034871203914926
37216,0.8913470236770641
36616,0.8262201003822397
135134,0.05659580959570928
36087,0.8464635286283438
35696,0.9343420486254719
31259,0.5953635567722728
135764,0.0636475239023203
134612,0.14654716705882115
36155,0.7791879344871389
31257,0.7156686142665624
132501,0.08282051820533894
36464,0.872039430738364
33420,0.3977168336597339
134273,0.25968479611729156
136675,0.8566931796590406
134359,0.47960863569521395
30538,0.45893334534076147
32919,0.9202242377711397
33489,0.3476816573833214
133465,0.7183793680720312
135074,0.07063030018066509
32773,0.8356198035048478
136694,0.07594473337443211
37440,0.6012383324519938
137018,0.5661795399240057
137256,0.11119223197512977
35498,0.38329203609792506
133609,0.4502883608876357
130625,0.7061080389107798
30236,0.9707195682316688
135211,0.4549636550825169
35378,0.9975640674444127
34234,0.449558261657802
137061,0.13426887752477876
133512,0.05820936230202625
32417,0.9996119255263038
136317,0.1358891847965258
133544,0.3300655712198158
136882,0.2999940767317407
131155,0.3529214423894433
35356,0.8033471006944023
132863,0.21528689973943674
130561,0.03826303213414441
36849,0.7040224287626042
133064,0.5174814464466254
135002,0.2466637272008302
31176,0.8599369973966564
33522,0.8530979905075021
130328,0.34461031950358134
37060,0.7958065860549792
36215,0.7566590440794164
31049,0.7919978889146053
137317,0.18442629067961822
136725,0.6965477944048196
135190,0.0013555102210712092
33995,0.8118421958201969
36942,0.8956229598745569
137315,0.2785640647165565
137084,0.04264824402837723
36223,0.8384017103984004
33695,0.7382086889153028
37324,0.9647735846341464
134915,0.2526731702289466
35567,0.8911297469222869
136589,0.6164350211377828
131694,0.2018113501240436
137107,0.03249588302040367
132558,0.3391198191547764
137260,0.9311001742461815
30584,0.8598429580835601
31510,0.8586996341774352
36603,0.7931426172563253
35129,0.6036508155501227
134071,0.21805525890426747
37435,0.4910687670845491
136120,0.40646257223021526
30473,0.9383544029087159
35173,0.32868560200587543
37117,0.8699177345855735
136642,0.457773542613266
131455,0.6959298282743308
37243,0.8061914090663118
37411,0.5980998443347867
133616,0.07472238610724295
32982,0.7226580370100935
131744,0.19030244507207342
31914,0.5200198160813556
32539,0.968593113651527
33399,0.7945705102879249
35877,0.6603453183266453
31072,0.9813251260344729
130833,0.2282256564615635
134512,0.048036009081127214
36357,0.9945196031770754
132365,0.26682954263294106
135690,0.4436087088752703
36976,0.8607468110599257
31994,0.9845404634865521
33497,0.8260867289452118
32239,0.9137089433235974
34132,0.8271494847584978
32708,0.19456911767730398
132054,0.09035584023000312
31555,0.9907647973691724
37001,0.6512314530723604
35968,0.6311742908767402
33980,0.5885474741963115
31859,0.6189686670713109
130452,0.008805303220413983
32262,0.9357716583040223
133194,0.1425738238016131
134878,0.6991883320003933
32183,0.7919159156843434
32629,0.9696931296859872
135586,0.25831904488614627
130212,0.45013438675511674
136284,0.22511576816727016
136073,0.18374435731250488
37108,0.561526063404543
37495,0.9998393120403368
135925,0.43645018399410357
130162,0.1046049557474692
133431,0.028665869237651527
30331,0.6178982471498552
30260,0.22061808189517268
135948,0.028389119937513137
31576,0.2319480819923587
36114,0.943634037691864
130613,0.0626291406918458
33199,0.9572226763190579
131792,0.3342134618626534
135488,0.021627385920783105
134054,0.010355403629532108
133508,0.5756307634863865
31240,0.7442010485326521
132729,0.07660647047953179
136135,0.41924324876106955
31943,0.6787671127083321
133891,0.35613023581736164
35199,0.8561532140802524
35544,0.44280416209973106
136414,0.7811650950393608
131203,0.1598440506310109
135341,0.25805582238718994
34367,0.6196387361917126
130289,0.13882011326883859
135424,0.2838667671355139
33610,0.45254590720371546
136779,0.30713045102589287
131540,0.012668936077608361
137351,0.5783824362480815
34282,0.7269049675237781
137242,0.16601695685201823
35846,0.9491775898858144
33608,0.5578170882850778
37321,0.6607193171455854
137397,0.4116894839348138
30035,0.6018623652480055
32925,0.8083666016462012
133721,0.10921730127443206
31862,0.49499047433289106
134157,0.12036676242236505
30437,0.9090363908573528
131511,0.20430056515643863
31709,0.8509105661308773
133138,0.04446677814733869
132748,0.5167232244340654
31417,0.8387549942188711
134226,0.1089188215805732
136296,0.187606432273102
130258,0.6281380986056296
30596,0.917981049684106
136069,0.5051426131729364
137259,0.32489925317615237
130188,0.027100063318898606
33881,0.599163814734563
32909,0.8731090983620109
131508,0.1789111566370721
32906,0.7744573457387988
33879,0.9339624621241874
36817,0.9998843985829713
35379,0.5326637784896083
137188,0.33880975346007774
34192,0.7604927838095412
30551,0.825772725502
35326,0.9818637511400585
131753,0.04447303966393601
30006,0.7179699181786175
131326,0.32376294049180854
30705,0.8481889050935447
137114,0.07786897712053485
32609,0.5170932548651535
131125,0.08812881005420176
36312,0.7920466283227895
132663,0.14709841296901052
134236,0.23636053154746098
132818,0.6577278010986659
35643,0.9265892715322516
33678,0.6880855087118217
132890,0.31119273456149105
132596,0.33591914051141963
131909,0.10057064573098157
134420,0.03017327071744408
31309,0.7124110798124422
33970,0.898881891951866
135602,0.26875204250238294
36994,0.9273384780964037
31047,0.9713416896226139
33828,0.9198139926950386
33546,0.8924317212047576
130540,0.2963313414324418
35552,0.9901075157630596
137461,0.7466140139523064
133553,0.7030874877695018
37123,0.9676170374042855
30576,0.8277642292450074
137090,0.023033338833618574
130556,0.4333179172092476
32197,0.8022640310429842
132037,0.02291532692687855
32092,0.7714718792735052
130312,0.1298442047714903
137261,0.045318797554183984
35888,0.9530590468247492
36535,0.9009062951216327
131576,0.3743493742111387
136075,0.636182694286464
131676,0.33758545063032075
37083,0.37205204589611524
136056,0.025923224083153607
36434,0.430351480705124
131052,0.3429864689537767
134810,0.024626268036919023
136223,0.024175625483007734
34847,0.7929118627233676
32119,0.660786692659777
132851,0.5897467061157545
135605,0.3966195779326112
135119,0.9274541909363345
132294,0.30463790605401114
131897,0.09934765337811703
37407,0.9593443640318055
130343,0.8669322585769507
33118,0.9605477087093744
136984,0.1544560560815878
33177,0.787625223294999
33455,0.685339358562329
136911,0.31672822780813914
134321,0.05410440819884657
134031,0.8725768750451529
136704,0.07016642093535312
137113,0.5169977635293868
135693,0.16690855330952084
31926,0.9361408068401473
36327,0.7662475564414429
33143,0.7615403833597365
136265,0.012632552650274898
130962,0.0446299744075403
33724,0.6695621927860868
132756,0.2590927757355745
134266,0.5729536847230986
131661,0.10760487448372323
31530,0.8988405807363422
134408,0.2920371323615455
34521,0.8382958191066686
132162,0.12471466336353881
137227,0.11600032856294704
133379,0.13086350512170997
30662,0.8641965724420985
134602,0.3616277306039739
36622,0.6964500119764608
136692,0.777762996617563
34273,0.510214991042452
33956,0.3219692515099235
131292,0.10436544916862087
132728,0.1655269176902079
35918,0.8158694540886469
136091,0.322080175394143
31409,0.8907527620425499
133038,0.37521300788043077
132844,0.06555673453588418
137287,0.6852712147159539
32787,0.8067394260668072
131250,0.43879274933511125
32495,0.7875877261885473
31071,0.8110235229865571
134439,0.7301206295393051
135152,0.17035201315521165
136012,0.05974077082024099
36306,0.6304954534222367
33013,0.9898178114943144
134462,0.11505134170128148
131275,0.16711970325460399
30092,0.9989818516579912
33260,0.6450805343390554
131069,0.42061995114188605
31697,0.9455111472013834
136739,0.36990459265913334
32847,0.8585095440476039
32556,0.7051302329467658
130850,0.14648232107435125
30994,0.7289869820138637
35932,0.32594917453074257
36687,0.6878289113897347
34404,0.706569159535522
33922,0.975156759281997
134868,0.11778834858903411
135923,0.38860472652017464
33686,0.8355677664255835
132672,0.967988728666002
31032,0.6019265315328939
34427,0.038788033420988924
36448,0.895528636368882
31580,0.7560934199485165
134583,0.05700675827014442
134131,0.32944457925916115
33876,0.7552150056644392
133468,0.7978560112184974
36697,0.9306641714758582
30977,0.6902815420154611
30354,0.8525567383367288
133365,0.28971173353840085
32046,0.7813464720328724
32882,0.7236916308191399
132832,0.2857289366143711
33606,0.7472092732992129
134912,0.17855491893916883
36397,0.8432072914592434
132102,0.15286656127283413
34750,0.9523522328766357
131938,0.024519550353126262
33457,0.7775900801662871
131053,0.14395014491738287
32681,0.988759715449275
134833,0.23519906211577632
131086,0.28476979221529575
34682,0.7259807862180244
30606,0.6762956635464178
135578,0.21124744094515643
30639,0.9965400297840505
133672,0.5171945960650074
131538,0.16346810343983384
133118,0.014683572188491582
33966,0.7419557537022794
32905,0.7063599596346146
30648,0.7316009611710672
136496,0.11162117976415821
32595,0.6693771894308023
35238,0.3351138212608999
132108,0.16413342865285793
32690,0.9475252088941772
133483,0.8211150436883748
30180,0.8271305530934547
132095,0.2603671044222141
136802,0.5398554944944141
35934,0.413919741638904
35458,0.7526348865318209
36298,0.9036822601112643
32451,0.9913109427540509
133278,0.37556604308326885
131690,0.06143501380837344
37120,0.4606667147964629
31539,0.9022037768230378
135421,0.27435541016840626
33936,0.910493061025089
34876,0.729408885019561
136545,0.05322770699727946
32448,0.6146367833039524
30913,0.9378545335646137
135921,0.15244370725627288
133440,0.5157719883966553
130685,0.09475958653174145
30814,0.7108867007220944
135147,0.37202580064130025
37283,0.7551563679591798
35270,0.880732107310833
131955,0.09215188704060262
137329,0.34766303329143394
31946,0.7311618993712349
133250,0.4922502913291277
