id,is_member
cauldron_ln_8044,0.46652478
cauldron_ln_7863,0.73595154
mix_SI_UT_5400_19,0.104288064
mix_SI_UT_5400_896,0.44906077
cauldron_ln_17842,0.09157326
mix_UI_ST_5400_1010,0.20407698
mix_SI_UT_5400_1158,0.45813993
cauldron_ln_5492,0.67366076
cauldron_ln_28055,0.7413229
cauldron_ln_15782,0.7126062
cauldron_ln_10896,0.7193873
mix_UI_ST_5400_198,0.053236317
cauldron_ln_14683,0.72785664
mix_UI_ST_5400_1434,0.46499744
cauldron_ln_15146,0.626102
cauldron_ln_11421,0.6479628
cauldron_ln_9412,0.5467968
cauldron_ln_23873,0.2554703
cauldron_ln_21744,0.57859653
mix_UI_ST_5400_591,0.058838766
mix_UI_ST_5400_1048,0.18028338
cauldron_ln_1835,0.7363677
mix_UI_ST_5400_1353,0.15847042
cauldron_ln_14310,0.78353685
mix_UI_ST_5400_432,0.059386592
mix_UI_ST_5400_481,0.12415861
cauldron_ln_12651,0.6476398
cauldron_ln_9528,0.6039654
cauldron_ln_28369,0.080398954
mix_UI_ST_5400_381,0.10848652
mix_SI_UT_5400_413,0.63880193
cauldron_ln_11962,0.46872017
cauldron_ln_14987,0.7277867
cauldron_ln_10926,0.5889717
mix_UI_ST_5400_491,0.35534534
cauldron_ln_7384,0.7289258
mix_UI_ST_5400_1466,0.09550864
mix_UI_ST_5400_1426,0.14694534
cauldron_ln_29607,0.6397727
cauldron_ln_12404,0.7287597
cauldron_ln_4937,0.66382974
cauldron_ln_10260,0.77587384
mix_SI_UT_5400_526,0.12800276
cauldron_ln_16527,0.68226343
mix_UI_ST_5400_662,0.2214858
mix_SI_UT_5400_437,0.3196896
mix_SI_UT_5400_106,0.19232173
cauldron_ln_7890,0.75096637
mix_SI_UT_5400_1078,0.3538948
cauldron_ln_11429,0.6754889
mix_SI_UT_5400_30,0.30814064
mix_UI_ST_5400_1483,0.5527639
cauldron_ln_7449,0.68328255
mix_UI_ST_5400_1140,0.18272063
cauldron_ln_24003,0.60349035
cauldron_ln_9540,0.59950703
cauldron_ln_22660,0.44903126
cauldron_ln_1774,0.51651365
mix_UI_ST_5400_629,0.23271647
cauldron_ln_16259,0.63836455
cauldron_ln_17752,0.78101665
mix_UI_ST_5400_1073,0.3171799
mix_UI_ST_5400_735,0.3559834
mix_UI_ST_5400_1045,0.15608716
mix_SI_UT_5400_397,0.10266423
cauldron_ln_14219,0.700063
cauldron_ln_2781,0.70492655
cauldron_ln_22647,0.6181753
cauldron_ln_27463,0.29873493
mix_UI_ST_5400_278,0.2516143
mix_SI_UT_5400_67,0.057297338
cauldron_ln_19954,0.6210155
cauldron_ln_14482,0.7499604
mix_UI_ST_5400_1035,0.32833773
cauldron_ln_27388,0.41189834
mix_UI_ST_5400_95,0.11883831
mix_UI_ST_5400_1026,0.064501934
mix_SI_UT_5400_300,0.057879783
cauldron_ln_6757,0.7454228
mix_UI_ST_5400_1169,0.7201818
mix_SI_UT_5400_635,0.44163412
mix_SI_UT_5400_478,0.48505545
cauldron_ln_21010,0.7665022
cauldron_ln_17103,0.4879468
cauldron_ln_10561,0.70845836
mix_UI_ST_5400_726,0.18013707
mix_UI_ST_5400_676,0.2492225
cauldron_ln_15332,0.73816746
cauldron_ln_23958,0.6184372
cauldron_ln_24104,0.75046813
cauldron_ln_10117,0.3643714
cauldron_ln_23357,0.6965861
mix_SI_UT_5400_208,0.491502
cauldron_ln_4968,0.5636195
cauldron_ln_18453,0.78795904
cauldron_ln_28882,0.71945935
mix_UI_ST_5400_46,0.050654564
cauldron_ln_22611,0.34778115
mix_SI_UT_5400_1336,0.13935271
cauldron_ln_6047,0.66680974
cauldron_ln_338,0.5458577
cauldron_ln_11367,0.75144684
mix_SI_UT_5400_832,0.6604366
cauldron_ln_5754,0.5917219
cauldron_ln_23839,0.6375701
cauldron_ln_27506,0.65784925
mix_UI_ST_5400_1243,0.42096972
mix_UI_ST_5400_76,0.0740891
mix_SI_UT_5400_269,0.048630677
cauldron_ln_8533,0.6602604
mix_SI_UT_5400_1040,0.060285177
mix_UI_ST_5400_1211,0.08748689
cauldron_ln_2986,0.6997013
cauldron_ln_907,0.67911893
cauldron_ln_19397,0.70886827
cauldron_ln_27571,0.59991837
cauldron_ln_14244,0.40062836
mix_SI_UT_5400_486,0.2347974
cauldron_ln_1145,0.6410756
cauldron_ln_18444,0.65117013
cauldron_ln_1887,0.76930994
mix_SI_UT_5400_400,0.11838594
mix_UI_ST_5400_347,0.09899138
mix_UI_ST_5400_807,0.46058324
cauldron_ln_29526,0.67736924
mix_UI_ST_5400_1264,0.13374688
mix_SI_UT_5400_515,0.077781096
cauldron_ln_16634,0.6687387
mix_SI_UT_5400_588,0.6791048
cauldron_ln_11925,0.63964564
cauldron_ln_28010,0.74128085
mix_UI_ST_5400_317,0.16419291
mix_UI_ST_5400_299,0.18500675
mix_UI_ST_5400_1017,0.11912424
cauldron_ln_15024,0.5372995
cauldron_ln_10384,0.5285099
cauldron_ln_20378,0.7755281
cauldron_ln_2969,0.7606227
cauldron_ln_27454,0.6799199
mix_SI_UT_5400_533,0.6528544
cauldron_ln_2106,0.6804526
mix_SI_UT_5400_1140,0.1198355
mix_SI_UT_5400_58,0.70603704
mix_SI_UT_5400_880,0.3874597
mix_SI_UT_5400_166,0.24466398
cauldron_ln_29932,0.695678
mix_SI_UT_5400_315,0.35723615
cauldron_ln_12775,0.7541188
mix_SI_UT_5400_1397,0.2553129
mix_SI_UT_5400_528,0.55970633
cauldron_ln_23190,0.76606023
mix_SI_UT_5400_146,0.122686915
cauldron_ln_27258,0.70980215
mix_UI_ST_5400_966,0.52235174
mix_SI_UT_5400_403,0.40331763
mix_UI_ST_5400_844,0.56834894
cauldron_ln_5051,0.75166214
mix_SI_UT_5400_955,0.04648479
cauldron_ln_10741,0.63244736
cauldron_ln_15949,0.742929
cauldron_ln_19319,0.53830886
cauldron_ln_18427,0.4031865
mix_UI_ST_5400_487,0.19661807
cauldron_ln_19269,0.72840846
cauldron_ln_11550,0.6499639
cauldron_ln_3692,0.5352964
cauldron_ln_14785,0.18656252
mix_UI_ST_5400_822,0.15753451
cauldron_ln_10913,0.20484917
cauldron_ln_607,0.78343606
cauldron_ln_1630,0.2414223
cauldron_ln_2488,0.6753212
cauldron_ln_15622,0.7611513
cauldron_ln_22881,0.48795408
mix_SI_UT_5400_1154,0.7510427
cauldron_ln_29166,0.7365948
cauldron_ln_19244,0.5858492
mix_SI_UT_5400_1352,0.22260894
cauldron_ln_9689,0.7413553
cauldron_ln_15068,0.7663429
cauldron_ln_11868,0.7563392
mix_SI_UT_5400_61,0.22298822
cauldron_ln_24541,0.7698059
mix_SI_UT_5400_362,0.09580206
cauldron_ln_1728,0.4761304
mix_SI_UT_5400_1003,0.6015386
cauldron_ln_21799,0.67426926
cauldron_ln_8077,0.7769398
mix_SI_UT_5400_1039,0.036623154
mix_SI_UT_5400_1073,0.09233652
cauldron_ln_15986,0.6285992
cauldron_ln_6543,0.63375735
cauldron_ln_19956,0.36225453
cauldron_ln_7175,0.7569046
cauldron_ln_23407,0.45628995
cauldron_ln_15369,0.6422007
cauldron_ln_16554,0.41933566
cauldron_ln_448,0.75667965
mix_UI_ST_5400_417,0.33166498
cauldron_ln_22233,0.6776204
cauldron_ln_26043,0.23169707
cauldron_ln_16304,0.7004511
cauldron_ln_14141,0.60851455
cauldron_ln_23630,0.7211782
mix_UI_ST_5400_710,0.11065903
cauldron_ln_8007,0.80584764
mix_UI_ST_5400_590,0.51714444
mix_SI_UT_5400_410,0.36591065
cauldron_ln_24925,0.40852246
cauldron_ln_27190,0.37515524
mix_UI_ST_5400_1268,0.38434726
mix_UI_ST_5400_685,0.53573626
cauldron_ln_1069,0.488691
mix_UI_ST_5400_827,0.2087566
mix_SI_UT_5400_5,0.49775267
cauldron_ln_27839,0.67493933
mix_SI_UT_5400_633,0.085429035
cauldron_ln_14133,0.7558086
mix_UI_ST_5400_728,0.6719974
mix_UI_ST_5400_437,0.46691182
mix_SI_UT_5400_885,0.5882604
cauldron_ln_4311,0.63940006
mix_SI_UT_5400_301,0.18259127
cauldron_ln_12842,0.362477
mix_UI_ST_5400_83,0.33874503
cauldron_ln_11288,0.4072566
cauldron_ln_27828,0.6716826
mix_SI_UT_5400_101,0.104155384
cauldron_ln_16476,0.5953506
mix_UI_ST_5400_709,0.39312285
mix_SI_UT_5400_570,0.1702513
cauldron_ln_19540,0.70951986
cauldron_ln_17829,0.6608703
mix_UI_ST_5400_985,0.13323279
cauldron_ln_2288,0.6498289
cauldron_ln_18551,0.3766764
mix_SI_UT_5400_240,0.29759645
mix_SI_UT_5400_554,0.26343912
cauldron_ln_26336,0.685211
cauldron_ln_8102,0.66096133
cauldron_ln_8498,0.7529407
cauldron_ln_16991,0.3744689
mix_UI_ST_5400_149,0.20862177
cauldron_ln_22346,0.71837837
mix_UI_ST_5400_256,0.080013946
mix_SI_UT_5400_337,0.09301469
mix_UI_ST_5400_456,0.058984675
cauldron_ln_26480,0.74252295
cauldron_ln_29867,0.55261695
mix_SI_UT_5400_1256,0.06227284
cauldron_ln_917,0.6991549
mix_SI_UT_5400_1001,0.2042189
mix_SI_UT_5400_1141,0.4293998
cauldron_ln_28787,0.39600205
cauldron_ln_28349,0.74321723
mix_UI_ST_5400_753,0.09504446
mix_SI_UT_5400_1093,0.08778099
cauldron_ln_21991,0.2516333
cauldron_ln_22152,0.7673448
mix_SI_UT_5400_1370,0.6024878
mix_UI_ST_5400_1039,0.19755399
mix_UI_ST_5400_240,0.4812272
mix_SI_UT_5400_767,0.5402203
mix_UI_ST_5400_1093,0.40271345
cauldron_ln_9330,0.3133177
mix_SI_UT_5400_1447,0.20361376
mix_SI_UT_5400_553,0.14690107
cauldron_ln_8874,0.7165673
cauldron_ln_21032,0.73487127
mix_SI_UT_5400_1072,0.04996408
cauldron_ln_10366,0.49476045
mix_SI_UT_5400_497,0.18074718
mix_SI_UT_5400_59,0.10790294
cauldron_ln_26771,0.7614446
mix_SI_UT_5400_738,0.10088141
cauldron_ln_29306,0.7199056
cauldron_ln_4556,0.5362473
cauldron_ln_26578,0.6849295
mix_SI_UT_5400_485,0.30542347
cauldron_ln_23109,0.69836247
mix_SI_UT_5400_1198,0.45504978
cauldron_ln_7975,0.6978854
mix_UI_ST_5400_972,0.19792712
mix_UI_ST_5400_1359,0.0920709
cauldron_ln_27987,0.74910265
mix_UI_ST_5400_542,0.16825451
mix_SI_UT_5400_154,0.45716578
cauldron_ln_22834,0.4738557
cauldron_ln_24422,0.6473185
cauldron_ln_13554,0.5380245
mix_UI_ST_5400_1396,0.10979441
mix_SI_UT_5400_1412,0.10040006
mix_SI_UT_5400_123,0.055308245
cauldron_ln_21902,0.14223434
mix_SI_UT_5400_1438,0.3750239
mix_SI_UT_5400_253,0.19782011
cauldron_ln_4461,0.449473
cauldron_ln_8537,0.6548926
mix_SI_UT_5400_1480,0.33336028
mix_UI_ST_5400_1403,0.09258419
cauldron_ln_4837,0.71833134
mix_UI_ST_5400_1378,0.19951233
mix_SI_UT_5400_131,0.6607766
mix_SI_UT_5400_634,0.25349125
cauldron_ln_18548,0.7060443
mix_UI_ST_5400_206,0.10378727
mix_SI_UT_5400_1248,0.078521386
mix_UI_ST_5400_1242,0.5405599
mix_SI_UT_5400_113,0.36539537
cauldron_ln_11500,0.6393886
cauldron_ln_27731,0.65595716
cauldron_ln_25656,0.2998556
mix_SI_UT_5400_495,0.17193961
mix_UI_ST_5400_1076,0.08528608
mix_SI_UT_5400_1151,0.16527624
cauldron_ln_2570,0.75462675
cauldron_ln_21811,0.7679933
mix_UI_ST_5400_599,0.063961655
mix_SI_UT_5400_898,0.096151374
cauldron_ln_11448,0.7220846
cauldron_ln_23188,0.76175565
mix_SI_UT_5400_794,0.07473121
mix_SI_UT_5400_76,0.10705749
cauldron_ln_7577,0.5448169
mix_UI_ST_5400_51,0.36582693
mix_UI_ST_5400_501,0.21789733
cauldron_ln_4827,0.7378178
mix_UI_ST_5400_698,0.4146175
cauldron_ln_5162,0.5209435
cauldron_ln_23791,0.61315393
cauldron_ln_15676,0.75966454
cauldron_ln_22291,0.76531225
mix_UI_ST_5400_968,0.33679277
mix_UI_ST_5400_243,0.47329095
cauldron_ln_19024,0.44898742
mix_UI_ST_5400_558,0.21207829
mix_UI_ST_5400_637,0.059964895
mix_UI_ST_5400_1104,0.09630823
mix_SI_UT_5400_136,0.60699844
mix_UI_ST_5400_734,0.45328993
cauldron_ln_9269,0.5221135
cauldron_ln_29302,0.6645255
mix_SI_UT_5400_317,0.17063934
mix_UI_ST_5400_527,0.51391053
cauldron_ln_13202,0.74114406
mix_UI_ST_5400_786,0.10585219
cauldron_ln_24382,0.72323394
cauldron_ln_624,0.71236384
cauldron_ln_17587,0.6116744
mix_UI_ST_5400_15,0.337578
cauldron_ln_11604,0.5463406
mix_UI_ST_5400_399,0.14891395
mix_SI_UT_5400_389,0.25451082
mix_SI_UT_5400_812,0.5993679
mix_UI_ST_5400_697,0.5332123
cauldron_ln_9526,0.56664914
cauldron_ln_18362,0.7512541
mix_SI_UT_5400_130,0.49226344
cauldron_ln_2881,0.7458052
mix_SI_UT_5400_751,0.06956631
cauldron_ln_10966,0.54011905
cauldron_ln_16840,0.74186677
cauldron_ln_799,0.77822626
mix_SI_UT_5400_1136,0.6610789
cauldron_ln_22111,0.6528259
mix_SI_UT_5400_1066,0.13802972
cauldron_ln_10806,0.26870483
cauldron_ln_12532,0.748536
mix_UI_ST_5400_41,0.10044505
cauldron_ln_13616,0.79235554
mix_UI_ST_5400_897,0.27984422
mix_UI_ST_5400_1240,0.09852767
cauldron_ln_19787,0.24240386
cauldron_ln_23476,0.32501498
cauldron_ln_22959,0.20718393
cauldron_ln_14947,0.5561055
mix_UI_ST_5400_720,0.19296002
cauldron_ln_25188,0.25181657
mix_SI_UT_5400_442,0.29877225
mix_UI_ST_5400_876,0.053757276
cauldron_ln_11281,0.7162612
cauldron_ln_5037,0.6830032
cauldron_ln_28724,0.699918
mix_UI_ST_5400_1160,0.10515743
mix_SI_UT_5400_202,0.6659121
mix_UI_ST_5400_828,0.08572196
cauldron_ln_11913,0.6306075
mix_SI_UT_5400_263,0.08154152
mix_UI_ST_5400_983,0.45599723
mix_SI_UT_5400_1368,0.2951842
mix_UI_ST_5400_1489,0.32305333
cauldron_ln_12257,0.7501582
mix_UI_ST_5400_511,0.22776723
cauldron_ln_21796,0.5834872
cauldron_ln_25860,0.6713033
mix_UI_ST_5400_260,0.113320366
mix_SI_UT_5400_958,0.07947784
mix_SI_UT_5400_55,0.11049437
cauldron_ln_23097,0.6988917
mix_UI_ST_5400_257,0.051512614
mix_UI_ST_5400_24,0.6107608
mix_UI_ST_5400_583,0.6162147
mix_SI_UT_5400_844,0.30487964
cauldron_ln_27256,0.5946217
mix_SI_UT_5400_1290,0.101686694
mix_SI_UT_5400_777,0.507988
cauldron_ln_11645,0.6998489
mix_SI_UT_5400_1160,0.17558964
cauldron_ln_22026,0.56902367
cauldron_ln_12080,0.7543947
mix_UI_ST_5400_1204,0.15479499
cauldron_ln_25532,0.77648026
mix_SI_UT_5400_728,0.16341141
cauldron_ln_11946,0.18064633
cauldron_ln_144,0.669974
mix_UI_ST_5400_598,0.11005432
mix_UI_ST_5400_1059,0.1421104
mix_SI_UT_5400_1096,0.33229968
cauldron_ln_12129,0.5151779
mix_UI_ST_5400_1219,0.061488416
cauldron_ln_13278,0.68321204
mix_SI_UT_5400_1134,0.31578636
cauldron_ln_23317,0.46086472
cauldron_ln_1570,0.68647027
cauldron_ln_25425,0.64474607
mix_UI_ST_5400_245,0.078550614
cauldron_ln_2561,0.63463503
cauldron_ln_13287,0.7476075
mix_SI_UT_5400_339,0.36774957
mix_SI_UT_5400_1187,0.63607556
mix_UI_ST_5400_1151,0.18968709
mix_UI_ST_5400_403,0.35517374
mix_UI_ST_5400_1118,0.11013238
cauldron_ln_23250,0.32535535
cauldron_ln_7535,0.5910986
cauldron_ln_29018,0.75048596
cauldron_ln_11047,0.64004254
mix_UI_ST_5400_696,0.0562707
mix_SI_UT_5400_489,0.080645025
mix_UI_ST_5400_1095,0.055900536
cauldron_ln_5366,0.6808663
cauldron_ln_22210,0.6667209
cauldron_ln_9069,0.7694533
cauldron_ln_14098,0.6348372
cauldron_ln_22891,0.72307545
mix_UI_ST_5400_772,0.16231634
mix_SI_UT_5400_782,0.15569906
cauldron_ln_18035,0.7144277
mix_UI_ST_5400_1244,0.6292879
mix_SI_UT_5400_788,0.5774299
cauldron_ln_14972,0.7220609
cauldron_ln_27687,0.49310452
cauldron_ln_13102,0.52281183
cauldron_ln_26066,0.66839856
mix_UI_ST_5400_885,0.49316868
cauldron_ln_27591,0.54832286
cauldron_ln_29575,0.505105
mix_SI_UT_5400_580,0.47756517
cauldron_ln_679,0.43000525
mix_SI_UT_5400_643,0.27144185
mix_SI_UT_5400_168,0.67375517
cauldron_ln_23468,0.28655034
cauldron_ln_3944,0.66678464
cauldron_ln_813,0.6803306
mix_SI_UT_5400_730,0.6598072
mix_UI_ST_5400_749,0.43578878
mix_UI_ST_5400_156,0.4021792
cauldron_ln_21960,0.6796905
cauldron_ln_577,0.5251406
cauldron_ln_1416,0.6520208
cauldron_ln_5242,0.75903684
mix_UI_ST_5400_167,0.48927048
cauldron_ln_4181,0.5456423
mix_SI_UT_5400_1305,0.4868796
mix_UI_ST_5400_854,0.45904487
cauldron_ln_2751,0.6669669
cauldron_ln_23293,0.21198869
mix_SI_UT_5400_1366,0.14315952
cauldron_ln_3838,0.63468885
cauldron_ln_16178,0.49808866
cauldron_ln_100,0.7005461
cauldron_ln_13803,0.3445845
mix_SI_UT_5400_278,0.12412744
cauldron_ln_10579,0.66380596
mix_UI_ST_5400_66,0.7205472
cauldron_ln_17426,0.77419335
mix_UI_ST_5400_1090,0.11355994
cauldron_ln_13716,0.64558065
cauldron_ln_15463,0.6581731
mix_SI_UT_5400_304,0.5312405
mix_UI_ST_5400_217,0.08538352
mix_SI_UT_5400_524,0.1979706
cauldron_ln_21604,0.5835518
mix_SI_UT_5400_1404,0.17790611
cauldron_ln_1517,0.6454072
mix_SI_UT_5400_1359,0.34048855
mix_SI_UT_5400_804,0.40087503
cauldron_ln_6262,0.684407
cauldron_ln_27879,0.22258124
mix_SI_UT_5400_865,0.33698538
mix_SI_UT_5400_868,0.73283815
mix_SI_UT_5400_606,0.21259591
mix_UI_ST_5400_1273,0.11865373
mix_UI_ST_5400_825,0.12802769
mix_SI_UT_5400_370,0.3136776
mix_SI_UT_5400_1280,0.16877663
mix_SI_UT_5400_713,0.24440788
mix_UI_ST_5400_911,0.061767183
cauldron_ln_9162,0.47436714
cauldron_ln_7894,0.38171178
mix_UI_ST_5400_1196,0.34255138
cauldron_ln_13609,0.72534037
mix_SI_UT_5400_770,0.14602262
cauldron_ln_17824,0.67456996
cauldron_ln_4,0.28819674
cauldron_ln_7184,0.6972462
cauldron_ln_12131,0.68061984
cauldron_ln_22906,0.7620717
cauldron_ln_14765,0.7050892
cauldron_ln_10161,0.6794488
cauldron_ln_10400,0.7250312
cauldron_ln_5688,0.7843067
cauldron_ln_24335,0.6781426
mix_UI_ST_5400_1279,0.2448794
cauldron_ln_10067,0.62985784
mix_SI_UT_5400_358,0.14018972
mix_UI_ST_5400_1290,0.24125163
cauldron_ln_22606,0.48616755
cauldron_ln_8034,0.7551086
mix_SI_UT_5400_246,0.26677716
cauldron_ln_11716,0.46930656
cauldron_ln_26040,0.26442727
cauldron_ln_26,0.53310347
mix_SI_UT_5400_670,0.39317223
mix_UI_ST_5400_473,0.19545172
mix_UI_ST_5400_255,0.3432128
mix_UI_ST_5400_326,0.040129647
cauldron_ln_27750,0.5555924
cauldron_ln_5561,0.7168074
cauldron_ln_8660,0.12853467
mix_SI_UT_5400_859,0.47582877
cauldron_ln_23350,0.7455947
cauldron_ln_3842,0.60139906
cauldron_ln_6538,0.4156434
mix_SI_UT_5400_1217,0.13411145
mix_UI_ST_5400_465,0.63768476
mix_SI_UT_5400_907,0.12569444
cauldron_ln_24976,0.26618728
cauldron_ln_1858,0.43846762
cauldron_ln_23568,0.64776355
cauldron_ln_17953,0.72733057
mix_SI_UT_5400_8,0.63127744
cauldron_ln_28947,0.61960196
mix_SI_UT_5400_1421,0.15357098
mix_SI_UT_5400_35,0.46447602
cauldron_ln_2613,0.53229314
mix_UI_ST_5400_88,0.6000959
mix_UI_ST_5400_73,0.18741725
mix_UI_ST_5400_1370,0.19639322
mix_UI_ST_5400_196,0.28127468
mix_UI_ST_5400_408,0.36496168
mix_UI_ST_5400_651,0.21461785
cauldron_ln_20260,0.67804897
cauldron_ln_111,0.73911446
cauldron_ln_20513,0.64778805
cauldron_ln_3969,0.7665816
cauldron_ln_11963,0.66609555
cauldron_ln_12732,0.31381106
mix_SI_UT_5400_1281,0.38469455
cauldron_ln_22788,0.35949016
cauldron_ln_11793,0.63360447
cauldron_ln_27061,0.78311026
cauldron_ln_3418,0.7292933
cauldron_ln_4130,0.6040181
mix_SI_UT_5400_700,0.18368334
mix_SI_UT_5400_184,0.034476478
mix_SI_UT_5400_1257,0.062069245
cauldron_ln_14787,0.7287762
mix_UI_ST_5400_528,0.13104051
mix_UI_ST_5400_905,0.55135614
mix_SI_UT_5400_925,0.65775126
cauldron_ln_707,0.6203121
mix_SI_UT_5400_473,0.16281721
mix_SI_UT_5400_72,0.28468013
cauldron_ln_28407,0.47918847
mix_UI_ST_5400_634,0.611617
cauldron_ln_26101,0.72058326
mix_SI_UT_5400_1348,0.093304954
mix_SI_UT_5400_592,0.3124138
cauldron_ln_22926,0.43498042
cauldron_ln_1577,0.74708235
cauldron_ln_3840,0.34100765
cauldron_ln_10875,0.5513655
mix_UI_ST_5400_1493,0.26708597
cauldron_ln_9804,0.7821407
cauldron_ln_18037,0.5578305
cauldron_ln_8844,0.67709625
cauldron_ln_9144,0.66431177
mix_UI_ST_5400_234,0.24343131
mix_SI_UT_5400_531,0.08063744
mix_SI_UT_5400_416,0.26856858
mix_SI_UT_5400_1185,0.08998527
mix_UI_ST_5400_304,0.62400216
mix_UI_ST_5400_1020,0.5596397
cauldron_ln_21999,0.6955065
mix_UI_ST_5400_272,0.06882221
mix_UI_ST_5400_139,0.5861813
cauldron_ln_16553,0.74234515
mix_SI_UT_5400_764,0.43162483
mix_SI_UT_5400_547,0.17058481
mix_UI_ST_5400_1184,0.27332023
mix_UI_ST_5400_1381,0.5725068
mix_UI_ST_5400_1322,0.05327038
mix_SI_UT_5400_1041,0.57851744
mix_SI_UT_5400_200,0.084788956
cauldron_ln_17601,0.7645515
cauldron_ln_28140,0.2853463
cauldron_ln_11792,0.7322056
cauldron_ln_24762,0.60147876
cauldron_ln_6564,0.725617
mix_UI_ST_5400_1349,0.30235103
mix_SI_UT_5400_831,0.5635148
cauldron_ln_24831,0.6748411
cauldron_ln_11818,0.6944469
mix_UI_ST_5400_1136,0.095724024
mix_UI_ST_5400_1087,0.061978336
cauldron_ln_23301,0.74764836
cauldron_ln_4432,0.75436974
mix_SI_UT_5400_1022,0.2807922
mix_UI_ST_5400_209,0.5060927
cauldron_ln_14925,0.37880877
cauldron_ln_14670,0.60119915
cauldron_ln_29994,0.5640646
mix_UI_ST_5400_1137,0.46956652
cauldron_ln_22708,0.7027531
cauldron_ln_17068,0.25754088
mix_SI_UT_5400_376,0.2254774
mix_UI_ST_5400_1161,0.57546175
cauldron_ln_21019,0.36333957
mix_SI_UT_5400_818,0.047408868
cauldron_ln_10761,0.7592313
cauldron_ln_21311,0.5260406
mix_UI_ST_5400_261,0.23022455
cauldron_ln_19211,0.35700634
cauldron_ln_18887,0.58031243
mix_UI_ST_5400_115,0.22965533
mix_UI_ST_5400_1144,0.123244524
cauldron_ln_28447,0.65244275
cauldron_ln_10020,0.7387776
mix_SI_UT_5400_1382,0.33229628
cauldron_ln_4115,0.053713344
cauldron_ln_22528,0.745137
mix_UI_ST_5400_259,0.44932565
mix_UI_ST_5400_1475,0.072006844
mix_UI_ST_5400_686,0.25681692
mix_UI_ST_5400_1267,0.09101797
mix_UI_ST_5400_1337,0.08692323
cauldron_ln_18384,0.5820542
mix_SI_UT_5400_395,0.5987133
cauldron_ln_12872,0.7317155
cauldron_ln_12801,0.37206417
mix_UI_ST_5400_495,0.21835694
mix_SI_UT_5400_1063,0.06940078
mix_UI_ST_5400_1441,0.3727565
cauldron_ln_9897,0.7173529
cauldron_ln_6637,0.52548045
cauldron_ln_17975,0.7401132
mix_SI_UT_5400_1000,0.4091386
mix_SI_UT_5400_314,0.33278286
cauldron_ln_28730,0.55153126
mix_SI_UT_5400_1418,0.24212264
cauldron_ln_14328,0.76679444
cauldron_ln_9377,0.7438715
mix_SI_UT_5400_177,0.18890041
mix_SI_UT_5400_775,0.32443854
mix_UI_ST_5400_931,0.076425016
cauldron_ln_24695,0.61553246
cauldron_ln_27146,0.3933143
mix_SI_UT_5400_229,0.20343953
cauldron_ln_3454,0.6861622
mix_UI_ST_5400_117,0.32684723
mix_UI_ST_5400_264,0.09554847
mix_UI_ST_5400_699,0.03198689
cauldron_ln_7279,0.76177233
cauldron_ln_3634,0.47657335
mix_SI_UT_5400_355,0.15205023
mix_SI_UT_5400_1456,0.1806782
cauldron_ln_1775,0.69254017
mix_UI_ST_5400_574,0.4661886
mix_SI_UT_5400_1375,0.07593694
cauldron_ln_15192,0.6817444
mix_SI_UT_5400_957,0.12986372
mix_UI_ST_5400_1097,0.08553253
cauldron_ln_19944,0.605553
mix_SI_UT_5400_642,0.06910207
cauldron_ln_24871,0.7353218
cauldron_ln_17845,0.66547936
mix_UI_ST_5400_1200,0.17681915
mix_UI_ST_5400_1042,0.33867913
cauldron_ln_14225,0.629842
mix_SI_UT_5400_46,0.5950058
mix_SI_UT_5400_816,0.33258304
cauldron_ln_7242,0.6028764
mix_UI_ST_5400_576,0.48219043
cauldron_ln_23682,0.5696109
cauldron_ln_282,0.6782697
mix_UI_ST_5400_1298,0.06699382
mix_UI_ST_5400_951,0.09952441
cauldron_ln_27680,0.58290607
cauldron_ln_9697,0.63147837
cauldron_ln_4974,0.532712
cauldron_ln_10928,0.4213725
mix_UI_ST_5400_852,0.0695864
cauldron_ln_19496,0.76082563
cauldron_ln_21270,0.78880084
mix_SI_UT_5400_881,0.28230387
cauldron_ln_11513,0.7442189
cauldron_ln_4536,0.48016372
cauldron_ln_267,0.2635271
cauldron_ln_15229,0.75329256
mix_UI_ST_5400_1088,0.50474733
cauldron_ln_20409,0.7385481
cauldron_ln_24241,0.70967996
mix_UI_ST_5400_173,0.0696773
cauldron_ln_2865,0.63850325
cauldron_ln_21754,0.5690063
mix_SI_UT_5400_1094,0.04284199
cauldron_ln_29473,0.5466199
cauldron_ln_12952,0.7854456
mix_SI_UT_5400_1057,0.34748536
mix_SI_UT_5400_842,0.14172715
mix_SI_UT_5400_199,0.3417469
mix_SI_UT_5400_947,0.07918981
cauldron_ln_10261,0.42853743
cauldron_ln_21853,0.6128904
mix_UI_ST_5400_479,0.6935104
mix_SI_UT_5400_1484,0.06627075
cauldron_ln_24500,0.36523545
cauldron_ln_22470,0.24024825
mix_SI_UT_5400_494,0.24338588
cauldron_ln_8989,0.65494156
mix_SI_UT_5400_285,0.095797144
cauldron_ln_22366,0.6026782
cauldron_ln_23547,0.7604336
cauldron_ln_12077,0.6121553
cauldron_ln_18287,0.7374399
mix_SI_UT_5400_79,0.3490508
mix_SI_UT_5400_1274,0.301243
mix_UI_ST_5400_135,0.4903401
mix_SI_UT_5400_4,0.11592419
mix_UI_ST_5400_313,0.51024026
cauldron_ln_28239,0.66362554
cauldron_ln_22435,0.75905704
cauldron_ln_23955,0.706918
mix_UI_ST_5400_358,0.28195536
cauldron_ln_15158,0.6261358
cauldron_ln_28153,0.31275806
mix_UI_ST_5400_1306,0.117752805
cauldron_ln_27377,0.7860457
mix_UI_ST_5400_1127,0.10980748
cauldron_ln_22043,0.6884952
cauldron_ln_8148,0.75558233
cauldron_ln_28423,0.69390965
cauldron_ln_24261,0.7275154
cauldron_ln_16295,0.66618377
mix_SI_UT_5400_518,0.6379961
mix_UI_ST_5400_169,0.13943553
cauldron_ln_28681,0.74513733
cauldron_ln_29551,0.7489894
cauldron_ln_9613,0.64510417
cauldron_ln_28425,0.7106253
cauldron_ln_27791,0.6834513
mix_UI_ST_5400_664,0.10138977
mix_SI_UT_5400_237,0.2407232
cauldron_ln_1061,0.7161282
mix_SI_UT_5400_922,0.15750945
mix_SI_UT_5400_599,0.058770016
cauldron_ln_16365,0.6470058
cauldron_ln_12138,0.65306365
mix_SI_UT_5400_211,0.12410435
cauldron_ln_15360,0.7441211
mix_SI_UT_5400_961,0.11518548
cauldron_ln_26558,0.6861639
mix_SI_UT_5400_1319,0.102200836
mix_UI_ST_5400_166,0.083400615
mix_UI_ST_5400_1055,0.573184
mix_UI_ST_5400_759,0.16153939
cauldron_ln_15915,0.7242257
mix_SI_UT_5400_1182,0.058852974
cauldron_ln_19229,0.7235439
cauldron_ln_13509,0.6791046
cauldron_ln_14078,0.7129919
cauldron_ln_21191,0.68410397
cauldron_ln_16830,0.34570798
cauldron_ln_2993,0.67033374
mix_UI_ST_5400_1296,0.18230012
cauldron_ln_18156,0.640348
cauldron_ln_9290,0.64791125
cauldron_ln_13313,0.40827996
cauldron_ln_16479,0.710678
cauldron_ln_24995,0.6481409
cauldron_ln_16468,0.7642418
mix_UI_ST_5400_952,0.09123161
mix_SI_UT_5400_974,0.6416414
mix_UI_ST_5400_323,0.05272188
mix_SI_UT_5400_386,0.14472273
cauldron_ln_27476,0.74546945
cauldron_ln_25385,0.6729179
cauldron_ln_29764,0.7442628
cauldron_ln_19917,0.66305745
cauldron_ln_27383,0.6737549
cauldron_ln_8051,0.7263737
cauldron_ln_26037,0.6361485
mix_UI_ST_5400_1081,0.25008443
cauldron_ln_13295,0.72977996
cauldron_ln_19275,0.16797782
cauldron_ln_19672,0.6684821
cauldron_ln_15785,0.55431396
cauldron_ln_25528,0.7201857
cauldron_ln_12592,0.5901034
cauldron_ln_1072,0.705736
cauldron_ln_18180,0.71031266
mix_UI_ST_5400_422,0.49341932
cauldron_ln_16366,0.5891661
mix_SI_UT_5400_704,0.09939321
cauldron_ln_26356,0.70108217
mix_SI_UT_5400_1258,0.44093165
cauldron_ln_5220,0.43154094
mix_SI_UT_5400_32,0.27193514
mix_SI_UT_5400_1278,0.05449947
cauldron_ln_12273,0.7261616
mix_UI_ST_5400_1109,0.3437749
mix_SI_UT_5400_341,0.07396919
cauldron_ln_19988,0.629016
cauldron_ln_22714,0.71200603
cauldron_ln_5466,0.70893925
mix_UI_ST_5400_997,0.06260674
cauldron_ln_7087,0.6722964
cauldron_ln_27022,0.76766425
cauldron_ln_22263,0.77379465
mix_UI_ST_5400_174,0.108030975
mix_SI_UT_5400_1459,0.16047968
cauldron_ln_17682,0.6397055
mix_UI_ST_5400_523,0.56983125
cauldron_ln_23193,0.6123237
mix_SI_UT_5400_356,0.6274775
cauldron_ln_17012,0.4334991
mix_UI_ST_5400_151,0.099249735
cauldron_ln_23472,0.7233301
mix_UI_ST_5400_906,0.18100813
mix_SI_UT_5400_589,0.10633104
cauldron_ln_14928,0.7305965
mix_UI_ST_5400_559,0.0903443
mix_UI_ST_5400_1178,0.45708925
mix_SI_UT_5400_381,0.08728291
mix_SI_UT_5400_15,0.10267756
mix_UI_ST_5400_1336,0.060543116
cauldron_ln_18212,0.7108333
cauldron_ln_9393,0.6195953
mix_UI_ST_5400_1366,0.4514875
cauldron_ln_24724,0.6376023
mix_UI_ST_5400_153,0.54219973
mix_SI_UT_5400_244,0.3554881
mix_UI_ST_5400_1182,0.06627376
cauldron_ln_29642,0.47571105
mix_SI_UT_5400_1236,0.096435964
cauldron_ln_17094,0.6202389
mix_UI_ST_5400_769,0.50135094
mix_SI_UT_5400_759,0.10168129
mix_UI_ST_5400_963,0.3238355
mix_UI_ST_5400_486,0.07729238
mix_SI_UT_5400_1498,0.10477601
mix_UI_ST_5400_941,0.11225543
mix_UI_ST_5400_273,0.1145569
cauldron_ln_1134,0.46588033
cauldron_ln_17818,0.734551
cauldron_ln_8160,0.32158783
mix_UI_ST_5400_379,0.114021
mix_SI_UT_5400_971,0.23591939
cauldron_ln_19128,0.7319877
cauldron_ln_28319,0.5076423
cauldron_ln_25271,0.7249795
mix_SI_UT_5400_912,0.4534307
mix_SI_UT_5400_663,0.18159422
cauldron_ln_14414,0.72759646
mix_SI_UT_5400_946,0.16623875
cauldron_ln_8837,0.7019789
cauldron_ln_15060,0.68988174
mix_UI_ST_5400_1451,0.31975594
cauldron_ln_7024,0.7570398
cauldron_ln_12838,0.59148395
cauldron_ln_27913,0.69463265
cauldron_ln_6826,0.7312741
cauldron_ln_1377,0.70023334
mix_UI_ST_5400_1320,0.20838417
cauldron_ln_17505,0.73019123
mix_UI_ST_5400_242,0.07097329
cauldron_ln_10498,0.52043575
mix_UI_ST_5400_917,0.22856027
mix_UI_ST_5400_8,0.53827715
cauldron_ln_12260,0.61034334
cauldron_ln_29081,0.7626689
cauldron_ln_18880,0.5764935
cauldron_ln_24910,0.11250534
mix_SI_UT_5400_819,0.11524323
mix_SI_UT_5400_197,0.22540836
mix_SI_UT_5400_441,0.5741782
mix_SI_UT_5400_365,0.24034996
mix_SI_UT_5400_1460,0.12849213
cauldron_ln_21085,0.17191838
cauldron_ln_18882,0.6587623
mix_SI_UT_5400_883,0.12568815
cauldron_ln_26626,0.6378607
mix_UI_ST_5400_1354,0.48087785
mix_UI_ST_5400_639,0.27890202
cauldron_ln_19329,0.35497382
mix_SI_UT_5400_272,0.10837195
mix_UI_ST_5400_1301,0.6566737
mix_SI_UT_5400_345,0.07294658
cauldron_ln_27328,0.28559735
cauldron_ln_760,0.6581589
cauldron_ln_18194,0.74661607
cauldron_ln_4923,0.7646426
cauldron_ln_19815,0.64373475
mix_UI_ST_5400_6,0.13958411
mix_UI_ST_5400_1107,0.083915256
mix_UI_ST_5400_767,0.2149105
mix_UI_ST_5400_707,0.66567725
mix_SI_UT_5400_1440,0.06617994
cauldron_ln_22592,0.4604494
mix_SI_UT_5400_1153,0.10315727
mix_UI_ST_5400_1467,0.14845908
cauldron_ln_6244,0.2188352
cauldron_ln_952,0.5530329
mix_UI_ST_5400_853,0.5600112
cauldron_ln_3367,0.7301086
cauldron_ln_7909,0.67710876
mix_UI_ST_5400_418,0.57181674
cauldron_ln_104,0.63020945
mix_SI_UT_5400_690,0.4026137
mix_SI_UT_5400_1411,0.5117371
cauldron_ln_21039,0.6531909
cauldron_ln_19441,0.76252615
mix_UI_ST_5400_126,0.098179296
mix_UI_ST_5400_630,0.063581616
cauldron_ln_12871,0.4632381
mix_SI_UT_5400_996,0.33211562
cauldron_ln_24918,0.6981987
mix_UI_ST_5400_237,0.1303573
mix_UI_ST_5400_25,0.17377536
mix_SI_UT_5400_766,0.6529538
cauldron_ln_2236,0.1981621
mix_UI_ST_5400_469,0.103106596
cauldron_ln_4330,0.5647854
mix_SI_UT_5400_1062,0.12407824
cauldron_ln_15047,0.65031475
mix_SI_UT_5400_913,0.327726
mix_SI_UT_5400_1365,0.4963989
cauldron_ln_7687,0.6109903
mix_UI_ST_5400_1116,0.08614954
cauldron_ln_28037,0.70813125
cauldron_ln_24513,0.43090966
cauldron_ln_17520,0.7237296
mix_SI_UT_5400_1355,0.21600835
cauldron_ln_20164,0.7307196
cauldron_ln_18029,0.59258693
mix_SI_UT_5400_302,0.5697132
cauldron_ln_15831,0.24610029
mix_SI_UT_5400_293,0.05906198
cauldron_ln_22601,0.701972
cauldron_ln_11875,0.7395017
mix_SI_UT_5400_306,0.0707454
mix_UI_ST_5400_1492,0.20961873
mix_UI_ST_5400_904,0.15780227
cauldron_ln_17733,0.7276055
cauldron_ln_5667,0.7783667
cauldron_ln_11601,0.6464417
cauldron_ln_2360,0.7447647
mix_SI_UT_5400_1403,0.19671741
mix_UI_ST_5400_600,0.7088192
cauldron_ln_9932,0.350082
mix_UI_ST_5400_104,0.60046846
cauldron_ln_713,0.66221195
cauldron_ln_18329,0.3575352
mix_UI_ST_5400_565,0.12731424
cauldron_ln_2667,0.660006
cauldron_ln_17716,0.39658663
mix_UI_ST_5400_878,0.10749618
cauldron_ln_9780,0.78169745
mix_SI_UT_5400_1074,0.036690146
cauldron_ln_17007,0.74292535
mix_SI_UT_5400_521,0.08721191
mix_SI_UT_5400_322,0.10411552
mix_SI_UT_5400_988,0.061487846
mix_SI_UT_5400_864,0.29859138
cauldron_ln_21908,0.78993523
cauldron_ln_17746,0.69658536
mix_UI_ST_5400_497,0.3629669
mix_UI_ST_5400_287,0.17793837
mix_SI_UT_5400_1080,0.16123532
cauldron_ln_1913,0.6371367
cauldron_ln_4288,0.72270066
mix_SI_UT_5400_192,0.26529628
cauldron_ln_19235,0.25362206
cauldron_ln_1322,0.3387938
mix_SI_UT_5400_959,0.098011285
mix_SI_UT_5400_507,0.08849157
cauldron_ln_532,0.6942253
cauldron_ln_10236,0.54485065
mix_SI_UT_5400_461,0.36212137
cauldron_ln_16031,0.7244141
cauldron_ln_27268,0.7690949
cauldron_ln_5530,0.7150812
cauldron_ln_13757,0.71357
mix_UI_ST_5400_354,0.177303
mix_UI_ST_5400_1348,0.4620502
mix_UI_ST_5400_510,0.05812187
mix_UI_ST_5400_178,0.04431026
mix_UI_ST_5400_492,0.67407244
mix_UI_ST_5400_89,0.22697508
cauldron_ln_28265,0.6732684
cauldron_ln_29227,0.20015572
cauldron_ln_21442,0.58034575
cauldron_ln_5510,0.718172
cauldron_ln_2423,0.30500373
mix_UI_ST_5400_27,0.06937723
cauldron_ln_17678,0.6974711
mix_UI_ST_5400_1486,0.12075658
mix_UI_ST_5400_1164,0.08980306
mix_SI_UT_5400_14,0.50874853
cauldron_ln_12076,0.7729904
cauldron_ln_24508,0.28404728
mix_UI_ST_5400_895,0.075279914
cauldron_ln_28687,0.6979273
cauldron_ln_18429,0.5674194
mix_SI_UT_5400_548,0.33010864
cauldron_ln_7694,0.735267
mix_UI_ST_5400_546,0.058130197
cauldron_ln_1443,0.7376456
mix_SI_UT_5400_85,0.04038267
mix_UI_ST_5400_328,0.53262603
mix_UI_ST_5400_396,0.55856013
cauldron_ln_25899,0.38461497
mix_SI_UT_5400_243,0.65584165
cauldron_ln_6814,0.6102457
mix_UI_ST_5400_1371,0.113433965
cauldron_ln_22561,0.27799922
mix_UI_ST_5400_526,0.17416841
mix_UI_ST_5400_953,0.19028057
cauldron_ln_9047,0.39130366
cauldron_ln_1851,0.7428763
cauldron_ln_10148,0.7320852
mix_SI_UT_5400_1163,0.08667103
mix_SI_UT_5400_1222,0.45003185
mix_SI_UT_5400_791,0.24900636
mix_UI_ST_5400_1068,0.27799222
mix_SI_UT_5400_1117,0.10650479
mix_SI_UT_5400_797,0.3850452
mix_UI_ST_5400_1284,0.19195005
cauldron_ln_7231,0.74864614
mix_SI_UT_5400_686,0.5135526
mix_UI_ST_5400_131,0.14178136
mix_UI_ST_5400_1304,0.5445824
mix_UI_ST_5400_205,0.13366233
cauldron_ln_20637,0.4150278
mix_SI_UT_5400_1331,0.20289023
cauldron_ln_7840,0.20750822
cauldron_ln_15445,0.70000666
cauldron_ln_23019,0.48366117
mix_UI_ST_5400_1415,0.289764
mix_UI_ST_5400_218,0.07001889
cauldron_ln_12201,0.7764607
mix_SI_UT_5400_221,0.21152104
cauldron_ln_22418,0.7773666
mix_UI_ST_5400_607,0.08361271
mix_UI_ST_5400_228,0.5410442
mix_SI_UT_5400_405,0.47959337
mix_UI_ST_5400_882,0.03642002
cauldron_ln_12261,0.7676605
mix_SI_UT_5400_181,0.4087508
mix_UI_ST_5400_222,0.167485
cauldron_ln_20062,0.40976888
cauldron_ln_6613,0.53198373
mix_SI_UT_5400_1216,0.08241497
cauldron_ln_25459,0.334755
mix_UI_ST_5400_96,0.1791466
mix_SI_UT_5400_424,0.5088866
mix_UI_ST_5400_703,0.43842506
cauldron_ln_17686,0.7819729
cauldron_ln_14762,0.6602577
mix_UI_ST_5400_1207,0.24612953
mix_UI_ST_5400_444,0.47827795
cauldron_ln_22081,0.6669491
mix_UI_ST_5400_937,0.09940917
cauldron_ln_6114,0.4543514
cauldron_ln_20165,0.6453574
mix_SI_UT_5400_87,0.09939508
cauldron_ln_12084,0.7115619
cauldron_ln_29534,0.45936778
cauldron_ln_12057,0.39839295
mix_SI_UT_5400_1175,0.13580675
mix_SI_UT_5400_1318,0.5023602
mix_SI_UT_5400_330,0.19179265
cauldron_ln_28234,0.3379613
mix_SI_UT_5400_664,0.44489428
mix_SI_UT_5400_893,0.51862854
mix_UI_ST_5400_808,0.086825825
cauldron_ln_18590,0.68256736
mix_UI_ST_5400_37,0.7160307
cauldron_ln_14287,0.7547222
mix_SI_UT_5400_1497,0.6437923
cauldron_ln_14646,0.42636284
mix_UI_ST_5400_312,0.11192495
mix_UI_ST_5400_58,0.55244184
cauldron_ln_15106,0.6593333
cauldron_ln_28937,0.6705604
cauldron_ln_9068,0.7324031
mix_SI_UT_5400_1311,0.088621095
cauldron_ln_11543,0.45084238
cauldron_ln_10436,0.7160221
mix_UI_ST_5400_154,0.3913162
mix_UI_ST_5400_996,0.32938153
cauldron_ln_5399,0.7668922
mix_SI_UT_5400_714,0.09173015
cauldron_ln_17677,0.7569145
mix_UI_ST_5400_1206,0.13729906
cauldron_ln_17744,0.677459
mix_UI_ST_5400_361,0.7327477
mix_UI_ST_5400_1232,0.50131035
cauldron_ln_4159,0.7301122
mix_SI_UT_5400_1379,0.39824006
mix_SI_UT_5400_122,0.058558602
mix_UI_ST_5400_1094,0.08528768
mix_UI_ST_5400_1157,0.18264352
mix_SI_UT_5400_618,0.685114
cauldron_ln_8745,0.66217846
cauldron_ln_17018,0.5222987
cauldron_ln_12142,0.13914186
mix_UI_ST_5400_936,0.09932522
mix_UI_ST_5400_971,0.09835634
mix_UI_ST_5400_223,0.4071969
cauldron_ln_22955,0.7615646
mix_UI_ST_5400_567,0.20920596
mix_UI_ST_5400_85,0.10624465
cauldron_ln_3120,0.67443854
mix_SI_UT_5400_1214,0.093374185
cauldron_ln_4493,0.56678927
cauldron_ln_2793,0.62217873
cauldron_ln_22121,0.67454606
mix_UI_ST_5400_348,0.6050032
cauldron_ln_17747,0.3135585
cauldron_ln_730,0.58203375
mix_UI_ST_5400_1487,0.10496146
cauldron_ln_29277,0.75341356
mix_SI_UT_5400_876,0.14119296
mix_UI_ST_5400_488,0.17094435
cauldron_ln_18272,0.54555887
cauldron_ln_9694,0.72338986
cauldron_ln_13224,0.5680647
cauldron_ln_23804,0.21922185
cauldron_ln_10404,0.5885937
cauldron_ln_21419,0.51974887
mix_SI_UT_5400_1377,0.1447308
mix_UI_ST_5400_838,0.12062593
mix_UI_ST_5400_818,0.111150496
cauldron_ln_23068,0.7483717
cauldron_ln_26121,0.72208977
mix_SI_UT_5400_261,0.18987305
cauldron_ln_22032,0.74524486
cauldron_ln_13097,0.6574372
cauldron_ln_9075,0.4095595
mix_UI_ST_5400_122,0.12231628
mix_SI_UT_5400_660,0.5151716
cauldron_ln_4488,0.19233054
cauldron_ln_15005,0.076656155
cauldron_ln_13020,0.20406973
cauldron_ln_23208,0.42159173
cauldron_ln_19173,0.55633986
mix_SI_UT_5400_1277,0.5072101
cauldron_ln_20865,0.083240144
mix_SI_UT_5400_707,0.07545566
mix_SI_UT_5400_722,0.07189712
mix_SI_UT_5400_595,0.14590274
mix_SI_UT_5400_1283,0.25265276
cauldron_ln_15404,0.60225177
mix_UI_ST_5400_1346,0.227421
cauldron_ln_24589,0.71661043
cauldron_ln_3273,0.6529363
cauldron_ln_21894,0.36747184
mix_SI_UT_5400_698,0.16089733
cauldron_ln_1926,0.20126544
mix_SI_UT_5400_1137,0.045749348
mix_SI_UT_5400_562,0.07924723
cauldron_ln_8737,0.6593271
cauldron_ln_23765,0.46296084
cauldron_ln_15423,0.2774973
mix_UI_ST_5400_463,0.3174989
cauldron_ln_9152,0.6604318
cauldron_ln_25713,0.5342615
mix_UI_ST_5400_1340,0.03697966
mix_SI_UT_5400_1046,0.094578736
cauldron_ln_29737,0.78137004
cauldron_ln_19616,0.75802106
mix_UI_ST_5400_401,0.04406696
cauldron_ln_29855,0.73117036
mix_UI_ST_5400_293,0.4746862
mix_UI_ST_5400_152,0.13144514
cauldron_ln_4566,0.42337298
cauldron_ln_26149,0.7220797
cauldron_ln_3121,0.43390754
mix_UI_ST_5400_467,0.34926274
cauldron_ln_783,0.21346632
mix_SI_UT_5400_908,0.21768624
mix_UI_ST_5400_1122,0.113485664
mix_SI_UT_5400_1303,0.66574824
cauldron_ln_8140,0.51095635
mix_SI_UT_5400_1239,0.18029371
cauldron_ln_16842,0.71517617
cauldron_ln_8211,0.7151041
cauldron_ln_10395,0.726749
cauldron_ln_27965,0.6112464
mix_SI_UT_5400_260,0.15000668
mix_UI_ST_5400_754,0.21143456
mix_UI_ST_5400_553,0.06712642
cauldron_ln_18735,0.6672387
mix_SI_UT_5400_1407,0.17857863
mix_SI_UT_5400_1384,0.65136296
cauldron_ln_11923,0.63234884
mix_UI_ST_5400_964,0.089855306
cauldron_ln_17263,0.6256811
cauldron_ln_26409,0.6973784
cauldron_ln_19755,0.07440351
cauldron_ln_29941,0.7168241
cauldron_ln_18758,0.68050575
mix_UI_ST_5400_303,0.14932336
mix_UI_ST_5400_549,0.24107923
mix_SI_UT_5400_1344,0.051511467
mix_UI_ST_5400_1221,0.22912572
cauldron_ln_11219,0.7239777
cauldron_ln_804,0.63948256
mix_SI_UT_5400_924,0.2264451
mix_UI_ST_5400_266,0.12490453
mix_SI_UT_5400_897,0.10296308
cauldron_ln_14526,0.46919647
mix_SI_UT_5400_431,0.087153204
cauldron_ln_24533,0.4476538
mix_SI_UT_5400_298,0.19040887
mix_SI_UT_5400_1304,0.4652701
cauldron_ln_12514,0.27609184
mix_SI_UT_5400_1250,0.24091421
mix_SI_UT_5400_560,0.059531435
cauldron_ln_6322,0.77619267
cauldron_ln_7000,0.6964645
cauldron_ln_26584,0.76100343
cauldron_ln_9776,0.5302432
mix_UI_ST_5400_805,0.038188193
mix_UI_ST_5400_594,0.28557834
cauldron_ln_10902,0.70698863
cauldron_ln_7101,0.7769107
mix_SI_UT_5400_942,0.2431466
cauldron_ln_16806,0.20058025
cauldron_ln_8162,0.76310855
cauldron_ln_2732,0.76010674
cauldron_ln_15859,0.183996
mix_UI_ST_5400_1124,0.19149566
cauldron_ln_20975,0.6419621
mix_UI_ST_5400_1397,0.1913548
mix_SI_UT_5400_434,0.097616605
mix_SI_UT_5400_1166,0.047480587
cauldron_ln_17249,0.77350295
mix_SI_UT_5400_126,0.2513275
cauldron_ln_20032,0.45605102
mix_UI_ST_5400_220,0.36656952
mix_SI_UT_5400_326,0.25528246
mix_SI_UT_5400_836,0.21150449
cauldron_ln_20845,0.7422396
cauldron_ln_19643,0.62892675
mix_UI_ST_5400_679,0.60540885
cauldron_ln_13175,0.6936887
mix_SI_UT_5400_565,0.70745414
cauldron_ln_28208,0.5955189
cauldron_ln_20628,0.76412404
mix_SI_UT_5400_295,0.16464318
mix_UI_ST_5400_208,0.1549339
mix_SI_UT_5400_758,0.07048477
mix_UI_ST_5400_1213,0.15830424
mix_SI_UT_5400_739,0.22094679
mix_SI_UT_5400_1360,0.087426305
cauldron_ln_12098,0.6932025
mix_UI_ST_5400_279,0.16337655
mix_SI_UT_5400_733,0.53652394
cauldron_ln_23299,0.25725934
cauldron_ln_12530,0.7361561
mix_SI_UT_5400_614,0.7278967
cauldron_ln_7503,0.64691246
cauldron_ln_17327,0.63295746
mix_UI_ST_5400_1460,0.22936098
cauldron_ln_278,0.63786185
cauldron_ln_23239,0.21277414
mix_UI_ST_5400_582,0.514573
mix_SI_UT_5400_665,0.11165202
mix_SI_UT_5400_33,0.07300192
cauldron_ln_9233,0.4910096
mix_UI_ST_5400_1398,0.031677008
cauldron_ln_15255,0.767441
cauldron_ln_26580,0.690184
mix_UI_ST_5400_93,0.3557395
mix_UI_ST_5400_902,0.5693054
mix_SI_UT_5400_26,0.31296793
mix_UI_ST_5400_294,0.17004499
mix_SI_UT_5400_736,0.64754885
cauldron_ln_8388,0.635653
mix_SI_UT_5400_620,0.08609018
mix_UI_ST_5400_252,0.24872963
cauldron_ln_19102,0.24929994
cauldron_ln_2280,0.641569
cauldron_ln_18189,0.48293132
mix_UI_ST_5400_55,0.23731975
cauldron_ln_4853,0.6808834
cauldron_ln_15866,0.74510485
mix_SI_UT_5400_667,0.060002346
cauldron_ln_27719,0.6210339
mix_UI_ST_5400_612,0.22103877
mix_SI_UT_5400_1298,0.44298768
cauldron_ln_2287,0.22465281
cauldron_ln_17282,0.73610646
mix_SI_UT_5400_685,0.12853391
mix_UI_ST_5400_541,0.22042026
cauldron_ln_8711,0.6713278
mix_UI_ST_5400_1432,0.2832038
mix_UI_ST_5400_1382,0.04359693
mix_SI_UT_5400_1115,0.19717185
cauldron_ln_13196,0.66062
mix_UI_ST_5400_185,0.095958784
cauldron_ln_7583,0.06491445
cauldron_ln_10496,0.35848173
cauldron_ln_617,0.59072214
mix_UI_ST_5400_161,0.25750443
mix_UI_ST_5400_761,0.09079908
cauldron_ln_14842,0.2996121
mix_UI_ST_5400_1250,0.33316064
cauldron_ln_7212,0.74476
cauldron_ln_14656,0.76105857
cauldron_ln_7924,0.54531354
mix_SI_UT_5400_699,0.43474865
mix_SI_UT_5400_436,0.041707546
cauldron_ln_19825,0.6266976
mix_UI_ST_5400_504,0.6034665
cauldron_ln_19005,0.4335346
cauldron_ln_7454,0.7651664
mix_UI_ST_5400_535,0.109492905
cauldron_ln_10326,0.70533746
cauldron_ln_12254,0.6934417
mix_SI_UT_5400_935,0.5365547
mix_UI_ST_5400_1199,0.045446463
cauldron_ln_14377,0.68749
mix_SI_UT_5400_342,0.13694996
mix_UI_ST_5400_683,0.09140008
mix_SI_UT_5400_430,0.19857381
cauldron_ln_28229,0.71874994
mix_UI_ST_5400_1231,0.07521226
mix_UI_ST_5400_1299,0.10423494
mix_SI_UT_5400_857,0.35401997
mix_UI_ST_5400_441,0.54779476
mix_SI_UT_5400_543,0.22854832
mix_SI_UT_5400_1069,0.3598364
mix_SI_UT_5400_1052,0.0633658
mix_UI_ST_5400_649,0.07881585
mix_SI_UT_5400_608,0.38792062
cauldron_ln_14130,0.6203725
mix_SI_UT_5400_940,0.2290601
mix_UI_ST_5400_212,0.15634784
mix_UI_ST_5400_1141,0.18543564
mix_UI_ST_5400_741,0.3552873
mix_SI_UT_5400_828,0.49991524
cauldron_ln_4509,0.6317937
mix_SI_UT_5400_134,0.4818043
cauldron_ln_18419,0.75920624
mix_SI_UT_5400_204,0.18928772
cauldron_ln_27468,0.72133493
cauldron_ln_226,0.71142346
mix_UI_ST_5400_1025,0.12964691
mix_SI_UT_5400_716,0.14707735
cauldron_ln_15743,0.346964
mix_UI_ST_5400_1056,0.17723548
mix_SI_UT_5400_793,0.4884364
cauldron_ln_3064,0.6307562
mix_SI_UT_5400_1015,0.63333976
mix_UI_ST_5400_748,0.21528819
cauldron_ln_5547,0.641648
mix_SI_UT_5400_862,0.11999036
cauldron_ln_11313,0.4223282
mix_UI_ST_5400_1327,0.08634363
mix_UI_ST_5400_1021,0.09412083
mix_UI_ST_5400_367,0.59192574
cauldron_ln_17980,0.7293254
mix_UI_ST_5400_378,0.16772386
mix_SI_UT_5400_238,0.60825205
cauldron_ln_8671,0.5942459
cauldron_ln_11814,0.5209731
cauldron_ln_19722,0.67574626
cauldron_ln_24194,0.729934
cauldron_ln_10608,0.6296011
cauldron_ln_2292,0.29814294
cauldron_ln_579,0.72105175
mix_SI_UT_5400_292,0.14349213
mix_SI_UT_5400_1376,0.17211369
cauldron_ln_6332,0.7075406
cauldron_ln_23111,0.41284975
mix_UI_ST_5400_329,0.15955736
cauldron_ln_11130,0.76727027
cauldron_ln_12886,0.70310163
cauldron_ln_25394,0.74307567
cauldron_ln_23734,0.65010035
cauldron_ln_549,0.69312006
mix_SI_UT_5400_504,0.113161586
mix_UI_ST_5400_48,0.33782056
mix_UI_ST_5400_180,0.30660695
mix_SI_UT_5400_867,0.26021594
cauldron_ln_7519,0.51931614
mix_UI_ST_5400_658,0.30320904
cauldron_ln_28961,0.7438171
mix_SI_UT_5400_257,0.16377522
cauldron_ln_4877,0.13278031
mix_SI_UT_5400_70,0.1012795
mix_UI_ST_5400_1067,0.38293016
cauldron_ln_5180,0.4895947
cauldron_ln_14553,0.42626393
mix_UI_ST_5400_229,0.3731524
cauldron_ln_3857,0.6291638
cauldron_ln_22582,0.76715124
mix_SI_UT_5400_455,0.107621185
cauldron_ln_23335,0.6342846
cauldron_ln_21873,0.7087911
mix_SI_UT_5400_681,0.47251755
mix_UI_ST_5400_1246,0.084139235
cauldron_ln_18153,0.77823824
cauldron_ln_13185,0.71457547
cauldron_ln_22572,0.66168845
cauldron_ln_11930,0.7324088
mix_UI_ST_5400_724,0.13918875
cauldron_ln_6146,0.39584965
mix_UI_ST_5400_1484,0.116964355
cauldron_ln_7131,0.7318243
cauldron_ln_17082,0.75254345
mix_UI_ST_5400_857,0.07416499
cauldron_ln_10088,0.75954163
cauldron_ln_20,0.6503506
cauldron_ln_17378,0.49939704
mix_UI_ST_5400_1108,0.68424296
mix_SI_UT_5400_849,0.25147855
mix_UI_ST_5400_276,0.4614409
mix_UI_ST_5400_733,0.26728973
mix_SI_UT_5400_1471,0.44996074
mix_UI_ST_5400_160,0.3934955
mix_UI_ST_5400_248,0.49167323
mix_UI_ST_5400_1077,0.17266671
cauldron_ln_8419,0.75726175
cauldron_ln_10618,0.5837799
mix_UI_ST_5400_653,0.19105135
cauldron_ln_11161,0.5614873
mix_SI_UT_5400_854,0.16010034
cauldron_ln_7483,0.697687
cauldron_ln_1950,0.3782881
mix_UI_ST_5400_1145,0.5937092
cauldron_ln_3949,0.7285178
mix_SI_UT_5400_1101,0.1295557
cauldron_ln_19357,0.28389552
mix_UI_ST_5400_349,0.21354376
cauldron_ln_8293,0.6319541
mix_SI_UT_5400_385,0.2569969
mix_UI_ST_5400_793,0.16963528
cauldron_ln_26692,0.6118491
mix_UI_ST_5400_1208,0.10632129
cauldron_ln_12082,0.4299187
mix_UI_ST_5400_999,0.10572697
cauldron_ln_26698,0.76699805
cauldron_ln_2232,0.6183948
mix_SI_UT_5400_874,0.59112984
mix_UI_ST_5400_524,0.12874109
cauldron_ln_4997,0.64777595
mix_SI_UT_5400_726,0.11942379
mix_SI_UT_5400_34,0.1705055
mix_UI_ST_5400_1225,0.6320331
cauldron_ln_19681,0.68355125
mix_SI_UT_5400_558,0.0619652
mix_SI_UT_5400_1402,0.22143453
mix_SI_UT_5400_439,0.27108353
mix_SI_UT_5400_1174,0.2569093
cauldron_ln_12748,0.6495688
cauldron_ln_21006,0.74761
cauldron_ln_23999,0.71642125
mix_SI_UT_5400_182,0.73254716
cauldron_ln_8117,0.68253446
mix_UI_ST_5400_1401,0.18084203
mix_UI_ST_5400_1192,0.1259723
cauldron_ln_1175,0.6539075
cauldron_ln_15358,0.34121755
cauldron_ln_16952,0.22491997
mix_SI_UT_5400_1409,0.21148244
mix_UI_ST_5400_239,0.10477536
mix_UI_ST_5400_531,0.30546013
cauldron_ln_1204,0.6790813
mix_SI_UT_5400_1255,0.3118758
cauldron_ln_14922,0.7552474
mix_SI_UT_5400_1381,0.16275574
mix_UI_ST_5400_1498,0.17534128
mix_SI_UT_5400_1008,0.35229746
mix_UI_ST_5400_512,0.110528685
mix_UI_ST_5400_1234,0.6020676
mix_SI_UT_5400_1441,0.20482016
mix_UI_ST_5400_1408,0.20496394
mix_SI_UT_5400_1240,0.06206622
cauldron_ln_16567,0.5739544
mix_UI_ST_5400_1265,0.4444145
mix_UI_ST_5400_12,0.32412842
cauldron_ln_25437,0.5069326
cauldron_ln_14719,0.63186955
mix_SI_UT_5400_340,0.052079637
mix_UI_ST_5400_988,0.13487953
mix_SI_UT_5400_21,0.58725005
cauldron_ln_3141,0.76250213
cauldron_ln_2644,0.5294273
mix_SI_UT_5400_693,0.09280643
mix_SI_UT_5400_419,0.12530544
mix_SI_UT_5400_1086,0.072942756
mix_UI_ST_5400_820,0.12878275
mix_SI_UT_5400_445,0.43396097
mix_UI_ST_5400_1255,0.06439206
mix_SI_UT_5400_872,0.10235267
cauldron_ln_2233,0.6818623
cauldron_ln_21324,0.76807487
cauldron_ln_25774,0.6819422
mix_UI_ST_5400_737,0.08678358
cauldron_ln_7380,0.66513556
cauldron_ln_17772,0.70932245
mix_UI_ST_5400_1031,0.46462914
cauldron_ln_15824,0.6362888
cauldron_ln_25877,0.7449376
mix_UI_ST_5400_1189,0.59005785
cauldron_ln_503,0.7064952
mix_UI_ST_5400_30,0.40967909
mix_SI_UT_5400_1090,0.08093181
mix_UI_ST_5400_233,0.21539481
mix_UI_ST_5400_1099,0.38400543
cauldron_ln_19104,0.76764905
mix_SI_UT_5400_144,0.46322468
mix_UI_ST_5400_739,0.060087327
mix_SI_UT_5400_1061,0.2218923
mix_SI_UT_5400_336,0.4565261
mix_UI_ST_5400_150,0.3769585
mix_SI_UT_5400_813,0.13076574
cauldron_ln_12105,0.43451846
cauldron_ln_15639,0.6141604
cauldron_ln_26995,0.10343657
mix_UI_ST_5400_1442,0.21046783
cauldron_ln_15908,0.36518556
mix_UI_ST_5400_752,0.13212024
cauldron_ln_2879,0.23130707
cauldron_ln_3463,0.6640823
mix_SI_UT_5400_406,0.13460897
mix_UI_ST_5400_251,0.060752776
mix_UI_ST_5400_626,0.21631745
cauldron_ln_25187,0.55637926
mix_SI_UT_5400_1138,0.36637446
cauldron_ln_9383,0.7279333
cauldron_ln_26538,0.5508833
cauldron_ln_5401,0.7350466
cauldron_ln_19525,0.6766703
cauldron_ln_15253,0.35695732
mix_SI_UT_5400_469,0.15541455
mix_SI_UT_5400_1466,0.1441004
mix_UI_ST_5400_305,0.061903283
cauldron_ln_19569,0.7298884
cauldron_ln_1288,0.66096777
mix_SI_UT_5400_1478,0.10909912
mix_UI_ST_5400_1194,0.21420932
cauldron_ln_27393,0.77495843
cauldron_ln_20284,0.705764
cauldron_ln_18826,0.7291635
mix_UI_ST_5400_540,0.09539968
cauldron_ln_1929,0.6725621
mix_UI_ST_5400_944,0.22164933
cauldron_ln_11632,0.7342478
cauldron_ln_8504,0.7508191
mix_UI_ST_5400_500,0.46263766
cauldron_ln_4126,0.45203066
cauldron_ln_14120,0.7399971
mix_SI_UT_5400_391,0.11320031
mix_UI_ST_5400_435,0.46975702
cauldron_ln_24721,0.26168725
mix_UI_ST_5400_1065,0.09486486
mix_SI_UT_5400_335,0.0823485
mix_UI_ST_5400_766,0.19536006
mix_SI_UT_5400_525,0.41236982
cauldron_ln_18260,0.65319824
mix_SI_UT_5400_1477,0.40916783
cauldron_ln_14036,0.77829087
cauldron_ln_20104,0.6871966
mix_SI_UT_5400_226,0.5038792
cauldron_ln_5414,0.69312835
cauldron_ln_27037,0.75126994
cauldron_ln_24239,0.6680524
mix_UI_ST_5400_427,0.2775756
cauldron_ln_19371,0.6265202
mix_SI_UT_5400_1204,0.14931783
cauldron_ln_17052,0.60478795
mix_UI_ST_5400_112,0.3100764
cauldron_ln_4146,0.76895976
mix_SI_UT_5400_1065,0.44558576
cauldron_ln_22957,0.56679595
cauldron_ln_696,0.29583648
cauldron_ln_5478,0.76947725
cauldron_ln_21933,0.704885
cauldron_ln_24256,0.5907032
mix_UI_ST_5400_447,0.08971674
cauldron_ln_20151,0.39174756
mix_UI_ST_5400_335,0.15546343
cauldron_ln_6632,0.5918906
mix_SI_UT_5400_1103,0.18763782
cauldron_ln_118,0.4224946
mix_SI_UT_5400_1180,0.40075007
cauldron_ln_27674,0.6235133
mix_SI_UT_5400_673,0.48105544
cauldron_ln_10939,0.67766577
mix_SI_UT_5400_36,0.5508869
mix_SI_UT_5400_156,0.50300103
mix_SI_UT_5400_969,0.38994184
mix_UI_ST_5400_4,0.06589857
cauldron_ln_28684,0.7590133
cauldron_ln_9023,0.6126843
cauldron_ln_17055,0.7093898
mix_SI_UT_5400_978,0.3506331
cauldron_ln_10816,0.5999939
cauldron_ln_28291,0.5079167
mix_UI_ST_5400_560,0.22078106
cauldron_ln_23455,0.68503594
mix_UI_ST_5400_779,0.11957725
cauldron_ln_15755,0.067145
mix_SI_UT_5400_218,0.09261538
cauldron_ln_5683,0.10176682
cauldron_ln_2669,0.7634573
cauldron_ln_22045,0.683422
cauldron_ln_26360,0.722785
mix_UI_ST_5400_1019,0.380237
mix_UI_ST_5400_554,0.11487495
cauldron_ln_28107,0.5605462
mix_UI_ST_5400_1223,0.09613546
cauldron_ln_20051,0.5775049
cauldron_ln_11953,0.30666953
cauldron_ln_18517,0.7547505
cauldron_ln_53,0.6058927
mix_UI_ST_5400_1319,0.5520887
mix_UI_ST_5400_692,0.25189635
cauldron_ln_20319,0.48312974
mix_UI_ST_5400_660,0.24638665
mix_UI_ST_5400_129,0.1711258
mix_SI_UT_5400_537,0.04827526
cauldron_ln_4878,0.7908054
mix_UI_ST_5400_94,0.34237486
mix_SI_UT_5400_641,0.26555613
cauldron_ln_16133,0.69478047
cauldron_ln_19962,0.6608097
cauldron_ln_20502,0.6667683
mix_UI_ST_5400_482,0.17758682
cauldron_ln_10387,0.7481026
cauldron_ln_19445,0.31509688
mix_UI_ST_5400_581,0.54050076
cauldron_ln_28455,0.3630751
cauldron_ln_14128,0.10833559
mix_SI_UT_5400_585,0.18411063
cauldron_ln_12,0.73362213
mix_UI_ST_5400_499,0.08474042
mix_UI_ST_5400_52,0.15228607
cauldron_ln_11576,0.7652623
mix_UI_ST_5400_1239,0.62002784
cauldron_ln_25886,0.73843753
cauldron_ln_17351,0.76811945
cauldron_ln_23113,0.6505488
cauldron_ln_17624,0.68867505
mix_SI_UT_5400_748,0.09144954
cauldron_ln_29672,0.62703246
mix_SI_UT_5400_923,0.051082794
cauldron_ln_24844,0.47271374
mix_SI_UT_5400_1452,0.61508703
mix_UI_ST_5400_45,0.108776435
cauldron_ln_29878,0.77618295
cauldron_ln_8161,0.75708914
mix_UI_ST_5400_360,0.1841186
cauldron_ln_17838,0.46639103
cauldron_ln_7617,0.5190308
mix_SI_UT_5400_1289,0.3121325
mix_SI_UT_5400_790,0.26002038
mix_SI_UT_5400_919,0.30915353
mix_UI_ST_5400_1237,0.37941012
mix_SI_UT_5400_651,0.6244052
mix_UI_ST_5400_655,0.3252492
mix_SI_UT_5400_1168,0.23306397
cauldron_ln_15858,0.5483321
cauldron_ln_23974,0.6277438
mix_UI_ST_5400_918,0.25076354
cauldron_ln_9670,0.73993236
mix_SI_UT_5400_948,0.29236832
cauldron_ln_18940,0.7441321
cauldron_ln_15010,0.68586725
cauldron_ln_4564,0.7195235
cauldron_ln_14404,0.57189924
cauldron_ln_22353,0.73509157
cauldron_ln_5155,0.7223986
mix_UI_ST_5400_1331,0.3141518
mix_SI_UT_5400_671,0.29994336
cauldron_ln_9455,0.5432461
cauldron_ln_11427,0.47381207
cauldron_ln_19713,0.55778867
mix_SI_UT_5400_408,0.27526703
mix_SI_UT_5400_792,0.2516891
mix_SI_UT_5400_1238,0.27014688
mix_UI_ST_5400_714,0.18813428
cauldron_ln_8834,0.437183
cauldron_ln_21944,0.67903215
mix_SI_UT_5400_1450,0.15861817
mix_UI_ST_5400_1143,0.32104418
cauldron_ln_10045,0.62678427
mix_UI_ST_5400_387,0.096879065
cauldron_ln_11657,0.5559195
cauldron_ln_9358,0.40474328
mix_SI_UT_5400_92,0.1802221
cauldron_ln_26416,0.31912705
mix_SI_UT_5400_1410,0.5499861
cauldron_ln_14413,0.67173827
mix_SI_UT_5400_107,0.1538692
cauldron_ln_13566,0.17666808
cauldron_ln_28071,0.40222412
mix_SI_UT_5400_579,0.29608142
mix_UI_ST_5400_31,0.30267003
cauldron_ln_2470,0.7436083
mix_SI_UT_5400_574,0.049989186
cauldron_ln_11177,0.73010176
cauldron_ln_12571,0.5066534
cauldron_ln_18766,0.16804616
mix_UI_ST_5400_899,0.50225097
mix_UI_ST_5400_792,0.18885766
mix_UI_ST_5400_785,0.09814428
cauldron_ln_24175,0.34358397
mix_UI_ST_5400_1226,0.22223322
mix_UI_ST_5400_578,0.3143881
cauldron_ln_26611,0.77239066
cauldron_ln_2126,0.619982
cauldron_ln_749,0.6638863
mix_SI_UT_5400_119,0.20577498
cauldron_ln_19477,0.69696623
cauldron_ln_24211,0.73919654
mix_SI_UT_5400_17,0.055679064
cauldron_ln_25331,0.6137233
cauldron_ln_25151,0.33755785
mix_UI_ST_5400_545,0.14118832
mix_UI_ST_5400_784,0.368623
mix_UI_ST_5400_840,0.31025913
cauldron_ln_18368,0.41318202
mix_SI_UT_5400_1485,0.06711348
cauldron_ln_334,0.69098604
cauldron_ln_22940,0.5578264
cauldron_ln_27311,0.6658641
cauldron_ln_29375,0.5608417
mix_SI_UT_5400_1071,0.32729393
cauldron_ln_21790,0.6962994
mix_UI_ST_5400_67,0.34249935
mix_UI_ST_5400_1198,0.069264635
cauldron_ln_25505,0.6729425
cauldron_ln_28981,0.39033937
mix_UI_ST_5400_302,0.1563802
mix_UI_ST_5400_790,0.16530578
mix_SI_UT_5400_1369,0.07424513
cauldron_ln_13110,0.7137031
mix_SI_UT_5400_1490,0.090721264
cauldron_ln_26330,0.6586585
cauldron_ln_18480,0.5888107
cauldron_ln_1097,0.42838398
cauldron_ln_13875,0.5516825
cauldron_ln_19327,0.68954456
mix_UI_ST_5400_843,0.041071713
mix_UI_ST_5400_1044,0.34325796
mix_UI_ST_5400_44,0.08208787
mix_SI_UT_5400_172,0.10310902
mix_UI_ST_5400_847,0.52159137
mix_UI_ST_5400_2,0.21227257
mix_SI_UT_5400_468,0.50252295
mix_SI_UT_5400_873,0.20062447
mix_SI_UT_5400_840,0.5190604
mix_UI_ST_5400_1474,0.5481097
mix_UI_ST_5400_21,0.06734616
mix_UI_ST_5400_431,0.64439124
cauldron_ln_20097,0.7561864
cauldron_ln_4376,0.3670498
mix_SI_UT_5400_1427,0.11436088
mix_UI_ST_5400_687,0.103971556
mix_SI_UT_5400_1284,0.34739295
mix_UI_ST_5400_981,0.103072405
cauldron_ln_11983,0.5929951
mix_SI_UT_5400_331,0.19967611
cauldron_ln_22164,0.5879719
cauldron_ln_20479,0.65894383
mix_SI_UT_5400_57,0.6641986
cauldron_ln_13765,0.72462165
cauldron_ln_2757,0.717199
mix_SI_UT_5400_1169,0.42025802
cauldron_ln_21667,0.68454796
cauldron_ln_10895,0.76371735
mix_UI_ST_5400_285,0.09108599
mix_SI_UT_5400_467,0.3393401
cauldron_ln_11370,0.66064227
cauldron_ln_21980,0.57378364
cauldron_ln_29634,0.62569606
mix_UI_ST_5400_1083,0.07232993
mix_SI_UT_5400_1243,0.098741986
mix_UI_ST_5400_1102,0.10720924
mix_UI_ST_5400_1469,0.5769077
cauldron_ln_19184,0.6833425
cauldron_ln_11820,0.72350436
cauldron_ln_2144,0.21195368
cauldron_ln_5882,0.49683106
mix_SI_UT_5400_1329,0.06743135
mix_SI_UT_5400_856,0.18277387
mix_SI_UT_5400_587,0.23844793
mix_SI_UT_5400_1105,0.10545427
mix_UI_ST_5400_61,0.5399935
cauldron_ln_27899,0.73881483
mix_UI_ST_5400_5,0.053468682
mix_UI_ST_5400_1060,0.19569424
cauldron_ln_27053,0.74597406
mix_SI_UT_5400_1327,0.07793355
mix_UI_ST_5400_1054,0.34157085
mix_UI_ST_5400_1276,0.09758829
cauldron_ln_7919,0.6291559
cauldron_ln_9133,0.708998
mix_SI_UT_5400_884,0.34653834
mix_UI_ST_5400_10,0.4129893
mix_UI_ST_5400_534,0.20403953
mix_UI_ST_5400_837,0.20844464
cauldron_ln_6416,0.20896734
cauldron_ln_20460,0.6869723
cauldron_ln_10373,0.7524798
mix_UI_ST_5400_774,0.06871075
mix_SI_UT_5400_638,0.056558236
mix_UI_ST_5400_1334,0.31780118
cauldron_ln_27783,0.5721535
cauldron_ln_8996,0.51699865
cauldron_ln_27574,0.5239177
mix_SI_UT_5400_1332,0.5831946
cauldron_ln_2167,0.70901394
mix_SI_UT_5400_1425,0.22405633
mix_UI_ST_5400_359,0.7325686
mix_UI_ST_5400_806,0.08439322
mix_UI_ST_5400_263,0.30915248
cauldron_ln_11924,0.6042592
cauldron_ln_24266,0.7790085
cauldron_ln_6729,0.6753893
mix_SI_UT_5400_604,0.043834884
mix_SI_UT_5400_916,0.23986037
cauldron_ln_25080,0.72873634
mix_SI_UT_5400_847,0.08729323
mix_SI_UT_5400_1036,0.15003033
cauldron_ln_2975,0.76936793
mix_SI_UT_5400_1206,0.08500869
mix_SI_UT_5400_509,0.13496317
cauldron_ln_15790,0.7230459
cauldron_ln_93,0.08935741
mix_SI_UT_5400_1009,0.27327
cauldron_ln_20364,0.65715784
mix_UI_ST_5400_1491,0.4308172
mix_UI_ST_5400_1248,0.2578422
mix_SI_UT_5400_201,0.1417772
cauldron_ln_17571,0.7387973
cauldron_ln_5774,0.6438889
mix_UI_ST_5400_691,0.61164045
cauldron_ln_21600,0.65990984
cauldron_ln_20619,0.51775855
mix_SI_UT_5400_825,0.43581024
mix_UI_ST_5400_274,0.0630744
mix_UI_ST_5400_846,0.0866016
mix_UI_ST_5400_380,0.44264603
cauldron_ln_3346,0.76732564
cauldron_ln_2430,0.6646626
cauldron_ln_10798,0.6576026
mix_UI_ST_5400_1166,0.56692547
cauldron_ln_7841,0.77231574
cauldron_ln_21563,0.7434509
cauldron_ln_25912,0.7343945
mix_SI_UT_5400_1476,0.2764818
cauldron_ln_3228,0.47719017
cauldron_ln_29946,0.75217354
mix_SI_UT_5400_752,0.46642172
cauldron_ln_25368,0.69298923
cauldron_ln_4212,0.43394265
cauldron_ln_14910,0.5022881
mix_SI_UT_5400_1350,0.22575328
cauldron_ln_15566,0.7287484
mix_UI_ST_5400_782,0.5741412
cauldron_ln_1149,0.6308915
cauldron_ln_17316,0.06724548
cauldron_ln_26560,0.7477648
cauldron_ln_5855,0.7721234
cauldron_ln_18472,0.72406584
mix_UI_ST_5400_627,0.41400355
cauldron_ln_16670,0.72138155
cauldron_ln_24126,0.6389214
cauldron_ln_4341,0.7176107
cauldron_ln_3617,0.7284692
cauldron_ln_18545,0.7637219
cauldron_ln_6170,0.2666759
mix_UI_ST_5400_919,0.058429167
mix_SI_UT_5400_823,0.06318139
cauldron_ln_24150,0.76061326
mix_UI_ST_5400_241,0.5207733
cauldron_ln_18121,0.5196116
cauldron_ln_7456,0.39208564
mix_SI_UT_5400_1458,0.5228617
mix_SI_UT_5400_438,0.38805994
mix_SI_UT_5400_352,0.18403673
mix_SI_UT_5400_827,0.44055015
mix_UI_ST_5400_633,0.2825807
mix_SI_UT_5400_598,0.66209215
mix_SI_UT_5400_377,0.056301698
mix_UI_ST_5400_1373,0.19282633
mix_UI_ST_5400_1314,0.09687584
mix_SI_UT_5400_966,0.10321722
mix_SI_UT_5400_571,0.27155203
mix_UI_ST_5400_1294,0.39460427
cauldron_ln_12913,0.11883381
cauldron_ln_14545,0.53123844
cauldron_ln_17890,0.12786385
cauldron_ln_14721,0.6018038
cauldron_ln_164,0.71253747
mix_SI_UT_5400_193,0.40793464
cauldron_ln_9916,0.7736654
mix_UI_ST_5400_650,0.48510498
mix_SI_UT_5400_1011,0.16683474
mix_SI_UT_5400_37,0.12442166
cauldron_ln_6366,0.64036953
cauldron_ln_18237,0.63730836
cauldron_ln_12292,0.66094446
mix_UI_ST_5400_986,0.5381945
cauldron_ln_2996,0.6672305
cauldron_ln_1142,0.7608094
mix_UI_ST_5400_675,0.22683036
mix_UI_ST_5400_1374,0.7068748
cauldron_ln_22103,0.6455956
cauldron_ln_3258,0.6577581
cauldron_ln_23557,0.74894696
cauldron_ln_20257,0.21680681
cauldron_ln_1302,0.4223456
cauldron_ln_17854,0.7508725
mix_UI_ST_5400_927,0.07231293
mix_SI_UT_5400_133,0.09349121
cauldron_ln_15997,0.6996117
mix_SI_UT_5400_609,0.13329242
mix_SI_UT_5400_1227,0.16776279
cauldron_ln_11918,0.6927338
mix_SI_UT_5400_1496,0.57690275
cauldron_ln_870,0.6921541
mix_SI_UT_5400_607,0.07595161
cauldron_ln_29821,0.6275917
mix_UI_ST_5400_729,0.101870194
cauldron_ln_2874,0.19351564
cauldron_ln_685,0.42530414
cauldron_ln_26917,0.12167797
cauldron_ln_7778,0.20951444
mix_UI_ST_5400_668,0.09988138
mix_UI_ST_5400_308,0.16659163
cauldron_ln_23034,0.5876458
cauldron_ln_12857,0.71743786
cauldron_ln_622,0.65150946
cauldron_ln_11708,0.5957193
cauldron_ln_3552,0.70774335
mix_SI_UT_5400_1081,0.124320306
mix_SI_UT_5400_624,0.12913771
cauldron_ln_5252,0.34706762
mix_SI_UT_5400_288,0.69415957
mix_UI_ST_5400_967,0.089244455
mix_UI_ST_5400_421,0.13508295
cauldron_ln_21135,0.7709183
mix_UI_ST_5400_867,0.12619925
cauldron_ln_29229,0.7154136
mix_SI_UT_5400_1271,0.343797
cauldron_ln_1129,0.10456188
cauldron_ln_5319,0.74201196
cauldron_ln_28637,0.61902773
cauldron_ln_19265,0.36833787
cauldron_ln_6621,0.72025186
cauldron_ln_11729,0.63943577
mix_SI_UT_5400_371,0.17058437
cauldron_ln_20200,0.6358656
mix_SI_UT_5400_1302,0.12895086
cauldron_ln_16630,0.8200999
mix_UI_ST_5400_1113,0.07583124
cauldron_ln_24313,0.7333945
cauldron_ln_13749,0.47256336
mix_UI_ST_5400_834,0.12152234
cauldron_ln_4879,0.7035196
mix_SI_UT_5400_594,0.25188044
mix_SI_UT_5400_1455,0.33037695
cauldron_ln_18849,0.67175686
mix_SI_UT_5400_1116,0.5126279
mix_UI_ST_5400_148,0.38622957
cauldron_ln_23344,0.6507057
mix_SI_UT_5400_1315,0.15863538
mix_SI_UT_5400_817,0.20305337
cauldron_ln_29394,0.6892894
cauldron_ln_23993,0.6496615
cauldron_ln_26880,0.29398534
cauldron_ln_28815,0.72685933
mix_UI_ST_5400_1293,0.27629825
cauldron_ln_20561,0.6303488
mix_SI_UT_5400_1261,0.33054978
cauldron_ln_4592,0.6983981
cauldron_ln_25709,0.6005098
cauldron_ln_21217,0.77611184
cauldron_ln_20132,0.68788654
mix_SI_UT_5400_1401,0.124588005
cauldron_ln_9892,0.6914291
mix_UI_ST_5400_13,0.08556717
cauldron_ln_906,0.7327166
cauldron_ln_20825,0.7459108
cauldron_ln_3820,0.7115524
cauldron_ln_22533,0.6918232
cauldron_ln_21863,0.5657661
mix_SI_UT_5400_448,0.6561178
mix_UI_ST_5400_715,0.068642944
cauldron_ln_20603,0.75630695
cauldron_ln_29800,0.5657738
mix_UI_ST_5400_875,0.12075641
mix_UI_ST_5400_1478,0.31352347
mix_SI_UT_5400_45,0.28796706
cauldron_ln_15835,0.76688635
cauldron_ln_12873,0.47179323
mix_SI_UT_5400_353,0.09043063
mix_SI_UT_5400_234,0.10575684
cauldron_ln_12675,0.6535852
mix_UI_ST_5400_334,0.042769678
mix_UI_ST_5400_454,0.10320294
cauldron_ln_12695,0.23873839
mix_SI_UT_5400_1223,0.14481881
cauldron_ln_2206,0.12268897
mix_SI_UT_5400_432,0.2797223
cauldron_ln_16596,0.5364349
mix_SI_UT_5400_380,0.4892356
mix_UI_ST_5400_318,0.12545905
cauldron_ln_25718,0.6566401
cauldron_ln_2593,0.68933046
mix_UI_ST_5400_471,0.12051442
cauldron_ln_14247,0.6166489
mix_UI_ST_5400_1165,0.2424283
mix_UI_ST_5400_168,0.47012123
mix_SI_UT_5400_187,0.4350953
mix_UI_ST_5400_954,0.4756392
mix_SI_UT_5400_762,0.14257216
cauldron_ln_12356,0.737946
cauldron_ln_24665,0.67108315
cauldron_ln_3001,0.39301854
cauldron_ln_1983,0.7525381
mix_UI_ST_5400_1251,0.28821468
mix_SI_UT_5400_1099,0.10516495
mix_SI_UT_5400_275,0.24731785
cauldron_ln_18330,0.72611576
cauldron_ln_15323,0.69714457
cauldron_ln_7858,0.67999667
mix_UI_ST_5400_1310,0.23350891
cauldron_ln_6728,0.5482816
cauldron_ln_4796,0.74477714
cauldron_ln_27944,0.47910807
cauldron_ln_27262,0.6611917
cauldron_ln_13546,0.09679459
cauldron_ln_9751,0.71233743
mix_SI_UT_5400_460,0.21850774
cauldron_ln_28906,0.7802821
cauldron_ln_4842,0.3323353
cauldron_ln_10128,0.2121426
mix_SI_UT_5400_615,0.6465378
mix_UI_ST_5400_1061,0.08964183
mix_SI_UT_5400_265,0.13602763
mix_UI_ST_5400_933,0.6332656
cauldron_ln_28198,0.5158102
mix_SI_UT_5400_329,0.11818861
mix_SI_UT_5400_1390,0.1792525
mix_SI_UT_5400_452,0.46146476
mix_UI_ST_5400_877,0.07759393
mix_UI_ST_5400_883,0.13857433
mix_SI_UT_5400_972,0.08446152
cauldron_ln_29968,0.6618575
mix_UI_ST_5400_731,0.046212766
mix_SI_UT_5400_158,0.2481503
mix_UI_ST_5400_238,0.14972635
mix_SI_UT_5400_516,0.20437443
cauldron_ln_8631,0.71271116
mix_UI_ST_5400_1482,0.12396353
mix_UI_ST_5400_552,0.34895962
mix_UI_ST_5400_568,0.12028734
cauldron_ln_26694,0.63139
cauldron_ln_4333,0.25759706
cauldron_ln_16799,0.71213037
cauldron_ln_26897,0.6695556
cauldron_ln_21336,0.7497226
mix_UI_ST_5400_159,0.61159825
cauldron_ln_15937,0.76514816
mix_SI_UT_5400_520,0.21683867
cauldron_ln_23161,0.73814595
mix_SI_UT_5400_669,0.3127769
mix_UI_ST_5400_1005,0.10550176
mix_SI_UT_5400_1399,0.4147975
mix_SI_UT_5400_861,0.055769008
mix_SI_UT_5400_284,0.27778453
cauldron_ln_21041,0.60036737
mix_SI_UT_5400_1170,0.15041947
cauldron_ln_10438,0.72085315
cauldron_ln_15156,0.2559436
mix_SI_UT_5400_964,0.17276455
cauldron_ln_20471,0.7292829
cauldron_ln_17506,0.5011371
mix_UI_ST_5400_1236,0.12399129
mix_SI_UT_5400_900,0.18317056
cauldron_ln_29125,0.7858588
cauldron_ln_5521,0.77345407
cauldron_ln_27172,0.74321747
mix_UI_ST_5400_1287,0.098099254
mix_UI_ST_5400_298,0.059139527
mix_SI_UT_5400_1266,0.4682884
mix_UI_ST_5400_132,0.1635919
cauldron_ln_24034,0.6475158
mix_SI_UT_5400_1026,0.067489006
cauldron_ln_27234,0.6390084
cauldron_ln_2239,0.76134825
mix_UI_ST_5400_1210,0.58662415
mix_SI_UT_5400_1251,0.40907148
cauldron_ln_2195,0.6752376
mix_UI_ST_5400_476,0.1949498
mix_UI_ST_5400_995,0.38561866
cauldron_ln_25330,0.68891424
mix_SI_UT_5400_1432,0.3112862
mix_UI_ST_5400_776,0.22256915
cauldron_ln_7995,0.77331734
cauldron_ln_17756,0.7583941
cauldron_ln_14908,0.7276875
cauldron_ln_4872,0.10681218
mix_UI_ST_5400_628,0.44987527
cauldron_ln_16831,0.7681581
cauldron_ln_1319,0.7538427
cauldron_ln_6252,0.4193506
cauldron_ln_12959,0.71063364
mix_UI_ST_5400_1119,0.15371926
cauldron_ln_863,0.66803604
mix_SI_UT_5400_757,0.20153049
mix_SI_UT_5400_512,0.084673375
cauldron_ln_26887,0.3341965
cauldron_ln_13041,0.72736347
cauldron_ln_26745,0.7595828
mix_SI_UT_5400_853,0.34262788
mix_SI_UT_5400_746,0.1706867
mix_UI_ST_5400_383,0.31230736
cauldron_ln_15868,0.65004456
cauldron_ln_10025,0.09687262
mix_UI_ST_5400_344,0.10194436
cauldron_ln_5099,0.76703995
cauldron_ln_24035,0.73985815
mix_SI_UT_5400_1150,0.16094537
mix_SI_UT_5400_1247,0.2912529
mix_SI_UT_5400_1392,0.069070145
cauldron_ln_3801,0.5152605
cauldron_ln_12910,0.67697436
cauldron_ln_10886,0.5612345
mix_SI_UT_5400_249,0.052140795
mix_UI_ST_5400_397,0.586447
mix_SI_UT_5400_1340,0.6347292
mix_UI_ST_5400_1168,0.40862575
cauldron_ln_1375,0.67580277
mix_UI_ST_5400_493,0.15527852
mix_UI_ST_5400_1027,0.42953822
mix_UI_ST_5400_1125,0.08685032
cauldron_ln_29914,0.6058593
cauldron_ln_1988,0.54591805
cauldron_ln_23157,0.57613665
cauldron_ln_7036,0.701247
cauldron_ln_1914,0.49658906
mix_SI_UT_5400_392,0.31962943
mix_UI_ST_5400_1335,0.1266065
mix_UI_ST_5400_1462,0.13168538
mix_UI_ST_5400_50,0.18913028
mix_SI_UT_5400_779,0.4818694
cauldron_ln_19609,0.5273108
cauldron_ln_26889,0.7710973
cauldron_ln_14138,0.6049085
cauldron_ln_29738,0.78203595
mix_SI_UT_5400_1059,0.047994364
cauldron_ln_5333,0.7453096
cauldron_ln_15679,0.5301411
cauldron_ln_940,0.6229778
mix_SI_UT_5400_1263,0.043964054
mix_SI_UT_5400_711,0.0636714
mix_UI_ST_5400_990,0.59055805
cauldron_ln_4866,0.63176394
mix_UI_ST_5400_1015,0.121118106
cauldron_ln_18516,0.11262136
cauldron_ln_16575,0.5537842
mix_UI_ST_5400_949,0.55073833
cauldron_ln_9583,0.622658
mix_SI_UT_5400_1424,0.2708682
cauldron_ln_1090,0.52585745
cauldron_ln_149,0.7503869
mix_SI_UT_5400_29,0.1267438
mix_SI_UT_5400_951,0.45429027
mix_SI_UT_5400_894,0.3591343
cauldron_ln_29175,0.49232537
mix_SI_UT_5400_105,0.21028414
cauldron_ln_19793,0.5996027
mix_SI_UT_5400_1386,0.05915857
mix_UI_ST_5400_865,0.04390725
mix_SI_UT_5400_23,0.36163753
mix_SI_UT_5400_1097,0.5462745
mix_SI_UT_5400_77,0.5175597
mix_SI_UT_5400_1087,0.63635236
mix_UI_ST_5400_1437,0.30359668
mix_SI_UT_5400_344,0.28386095
mix_SI_UT_5400_487,0.052724835
mix_UI_ST_5400_957,0.24121282
cauldron_ln_7198,0.6521526
mix_SI_UT_5400_1343,0.16037546
mix_SI_UT_5400_44,0.3919352
cauldron_ln_23376,0.7294954
cauldron_ln_19997,0.5379138
cauldron_ln_14861,0.642844
cauldron_ln_22566,0.7496189
mix_UI_ST_5400_7,0.11687635
mix_SI_UT_5400_499,0.062406033
cauldron_ln_20643,0.7244129
mix_UI_ST_5400_763,0.10944866
cauldron_ln_3666,0.6710839
mix_SI_UT_5400_1408,0.67868936
mix_UI_ST_5400_477,0.07215805
mix_SI_UT_5400_995,0.044656165
mix_UI_ST_5400_230,0.12238422
mix_SI_UT_5400_824,0.06002442
mix_UI_ST_5400_907,0.28784522
mix_SI_UT_5400_247,0.27156386
cauldron_ln_21403,0.7776426
cauldron_ln_8480,0.36895967
mix_UI_ST_5400_1413,0.36576474
mix_UI_ST_5400_1430,0.14461975
cauldron_ln_13144,0.71543777
mix_SI_UT_5400_118,0.07480273
mix_SI_UT_5400_1378,0.2682101
mix_UI_ST_5400_725,0.18125787
cauldron_ln_14601,0.22751838
cauldron_ln_25527,0.4340861
cauldron_ln_542,0.7059841
mix_SI_UT_5400_282,0.46631128
cauldron_ln_6065,0.76225257
mix_SI_UT_5400_212,0.10644835
cauldron_ln_27316,0.76901144
cauldron_ln_29747,0.5837185
mix_SI_UT_5400_1436,0.42304638
mix_UI_ST_5400_836,0.63355035
mix_SI_UT_5400_1279,0.1465628
cauldron_ln_20663,0.6921003
cauldron_ln_25201,0.31084743
mix_UI_ST_5400_1072,0.11932725
mix_UI_ST_5400_84,0.105148494
cauldron_ln_16818,0.07974162
mix_SI_UT_5400_483,0.45807317
mix_SI_UT_5400_1406,0.2618303
mix_SI_UT_5400_848,0.43091077
mix_UI_ST_5400_787,0.09198826
mix_UI_ST_5400_1138,0.57552177
mix_UI_ST_5400_356,0.31187424
cauldron_ln_23893,0.67771107
mix_UI_ST_5400_1148,0.06778279
mix_SI_UT_5400_672,0.43459255
mix_SI_UT_5400_967,0.10167643
mix_SI_UT_5400_338,0.36448586
cauldron_ln_4711,0.7274248
mix_UI_ST_5400_1385,0.20465472
cauldron_ln_14187,0.3213979
cauldron_ln_16565,0.2078657
cauldron_ln_27773,0.4443951
mix_SI_UT_5400_773,0.15481529
cauldron_ln_3633,0.758068
mix_SI_UT_5400_914,0.11656968
cauldron_ln_24583,0.62052804
cauldron_ln_25486,0.44529927
cauldron_ln_310,0.75270116
cauldron_ln_20369,0.76984215
mix_SI_UT_5400_953,0.3817889
cauldron_ln_27853,0.6145512
mix_SI_UT_5400_694,0.17987613
mix_UI_ST_5400_1289,0.11957898
mix_UI_ST_5400_332,0.3913102
mix_UI_ST_5400_1450,0.046771728
mix_SI_UT_5400_491,0.12874937
mix_UI_ST_5400_575,0.4790221
mix_UI_ST_5400_1078,0.60731345
mix_SI_UT_5400_1202,0.16496485
cauldron_ln_5274,0.4359497
mix_SI_UT_5400_749,0.50833464
cauldron_ln_12210,0.38603994
mix_UI_ST_5400_144,0.09609799
cauldron_ln_10920,0.41664812
cauldron_ln_18423,0.7989467
mix_SI_UT_5400_110,0.11291681
cauldron_ln_1527,0.6834428
cauldron_ln_18494,0.673659
cauldron_ln_5584,0.4327936
mix_UI_ST_5400_778,0.19768006
mix_SI_UT_5400_649,0.34481367
cauldron_ln_11166,0.15139784
mix_SI_UT_5400_372,0.20355853
mix_SI_UT_5400_78,0.16441987
mix_UI_ST_5400_322,0.26733616
mix_SI_UT_5400_414,0.25864536
cauldron_ln_692,0.69703645
cauldron_ln_12711,0.7294849
mix_UI_ST_5400_929,0.556361
cauldron_ln_7496,0.66963917
mix_UI_ST_5400_350,0.3440101
mix_SI_UT_5400_378,0.34720683
cauldron_ln_20025,0.64280534
cauldron_ln_26249,0.68350637
cauldron_ln_20293,0.5948813
cauldron_ln_28354,0.36798158
cauldron_ln_28608,0.6445086
mix_UI_ST_5400_1317,0.3057926
mix_UI_ST_5400_337,0.07897152
cauldron_ln_24775,0.7446733
cauldron_ln_10275,0.7007251
cauldron_ln_977,0.7231944
mix_UI_ST_5400_99,0.7158337
mix_SI_UT_5400_732,0.2362958
mix_SI_UT_5400_262,0.39828077
cauldron_ln_21014,0.6608654
mix_SI_UT_5400_287,0.36333254
mix_SI_UT_5400_801,0.17440562
cauldron_ln_15487,0.7235868
cauldron_ln_6743,0.39241654
cauldron_ln_22571,0.35119885
cauldron_ln_17898,0.7107207
mix_SI_UT_5400_399,0.27229378
mix_SI_UT_5400_934,0.29611108
mix_SI_UT_5400_929,0.12999937
mix_SI_UT_5400_1276,0.096941434
cauldron_ln_1079,0.1146308
mix_SI_UT_5400_1184,0.04332701
cauldron_ln_17352,0.6749119
cauldron_ln_19507,0.621717
cauldron_ln_21120,0.73510474
cauldron_ln_1797,0.72952765
mix_UI_ST_5400_909,0.26455647
cauldron_ln_10802,0.42141557
cauldron_ln_29356,0.7226012
mix_SI_UT_5400_1231,0.35589817
mix_UI_ST_5400_858,0.21329696
cauldron_ln_24406,0.5525932
cauldron_ln_27636,0.49658313
cauldron_ln_16618,0.75470066
mix_UI_ST_5400_1420,0.49405503
mix_UI_ST_5400_1419,0.4540374
mix_UI_ST_5400_705,0.28327358
mix_UI_ST_5400_28,0.6620672
cauldron_ln_15339,0.6869196
mix_UI_ST_5400_625,0.28204933
mix_SI_UT_5400_366,0.5536504
mix_UI_ST_5400_1187,0.6450336
cauldron_ln_18101,0.75841224
mix_SI_UT_5400_535,0.171743
mix_UI_ST_5400_1315,0.38694584
mix_SI_UT_5400_1259,0.6782917
cauldron_ln_29651,0.32441735
cauldron_ln_18990,0.7151025
cauldron_ln_19186,0.74282706
mix_SI_UT_5400_980,0.5930505
cauldron_ln_27548,0.73309153
cauldron_ln_5494,0.18798605
cauldron_ln_1369,0.7447116
mix_SI_UT_5400_93,0.5326942
mix_UI_ST_5400_1282,0.18183674
mix_UI_ST_5400_1471,0.32925618
mix_UI_ST_5400_91,0.5413433
mix_SI_UT_5400_1388,0.27617177
mix_UI_ST_5400_1368,0.094910905
mix_UI_ST_5400_717,0.7238933
mix_UI_ST_5400_796,0.4213879
mix_UI_ST_5400_962,0.29738197
mix_SI_UT_5400_112,0.116464175
mix_UI_ST_5400_1075,0.36458546
cauldron_ln_22324,0.45244086
cauldron_ln_26808,0.7419313
cauldron_ln_25079,0.10943985
mix_UI_ST_5400_539,0.50381327
cauldron_ln_4806,0.64841527
cauldron_ln_21746,0.54711103
cauldron_ln_23661,0.6930692
cauldron_ln_8070,0.4532986
mix_UI_ST_5400_1495,0.75929505
mix_UI_ST_5400_353,0.21051157
mix_SI_UT_5400_418,0.32225573
cauldron_ln_19799,0.48418304
mix_SI_UT_5400_155,0.45535776
mix_UI_ST_5400_1326,0.06617888
mix_UI_ST_5400_1150,0.58858055
mix_UI_ST_5400_556,0.5547368
mix_SI_UT_5400_396,0.19057234
cauldron_ln_16482,0.7401528
cauldron_ln_3400,0.62459934
mix_SI_UT_5400_1342,0.12837942
mix_UI_ST_5400_459,0.06441091
cauldron_ln_13717,0.3797792
mix_UI_ST_5400_777,0.38371462
mix_UI_ST_5400_1479,0.20951183
cauldron_ln_29216,0.78835326
cauldron_ln_5498,0.7531786
mix_UI_ST_5400_1170,0.4675553
cauldron_ln_13897,0.7583969
cauldron_ln_5820,0.74429286
mix_SI_UT_5400_887,0.03972838
mix_UI_ST_5400_246,0.059030484
mix_SI_UT_5400_1312,0.42546415
cauldron_ln_8647,0.7448064
cauldron_ln_8401,0.5348998
cauldron_ln_18002,0.5256438
cauldron_ln_26865,0.75175184
cauldron_ln_5181,0.74372023
cauldron_ln_4013,0.7211211
cauldron_ln_6270,0.17138654
mix_SI_UT_5400_795,0.21707383
cauldron_ln_27875,0.7180529
cauldron_ln_3849,0.69880795
mix_SI_UT_5400_931,0.6474643
cauldron_ln_12360,0.5896772
mix_SI_UT_5400_1111,0.43163505
cauldron_ln_24349,0.73585075
cauldron_ln_7009,0.057654683
mix_UI_ST_5400_170,0.08177665
mix_SI_UT_5400_16,0.10710005
mix_SI_UT_5400_351,0.04109133
cauldron_ln_25343,0.68910027
mix_UI_ST_5400_172,0.06973967
mix_UI_ST_5400_1197,0.22504044
cauldron_ln_21605,0.35799825
mix_SI_UT_5400_1209,0.34220254
cauldron_ln_6458,0.69493544
cauldron_ln_28692,0.6365163
mix_SI_UT_5400_952,0.57009006
cauldron_ln_11781,0.7622333
mix_SI_UT_5400_744,0.20803288
mix_UI_ST_5400_281,0.11385746
mix_SI_UT_5400_987,0.4264758
cauldron_ln_6449,0.53502584
mix_SI_UT_5400_1446,0.07053483
cauldron_ln_4134,0.75614554
cauldron_ln_2203,0.74566567
cauldron_ln_22034,0.43005818
mix_SI_UT_5400_276,0.23811412
mix_SI_UT_5400_741,0.39948797
mix_SI_UT_5400_279,0.4252047
cauldron_ln_3449,0.5937191
cauldron_ln_9885,0.6026562
mix_UI_ST_5400_617,0.045950674
cauldron_ln_2002,0.71173656
mix_SI_UT_5400_815,0.2453359
mix_UI_ST_5400_460,0.26044407
mix_UI_ST_5400_189,0.08245859
mix_UI_ST_5400_984,0.50493354
mix_SI_UT_5400_1356,0.65061605
cauldron_ln_12288,0.5484652
mix_SI_UT_5400_1139,0.45562488
mix_SI_UT_5400_656,0.20041282
cauldron_ln_14956,0.3803347
mix_UI_ST_5400_920,0.23025273
cauldron_ln_13370,0.7740669
mix_UI_ST_5400_1245,0.12013552
mix_SI_UT_5400_84,0.47120124
mix_UI_ST_5400_386,0.21792088
cauldron_ln_2323,0.6598723
cauldron_ln_10948,0.7630345
cauldron_ln_12538,0.7286378
mix_UI_ST_5400_813,0.55437857
cauldron_ln_10207,0.7214055
mix_SI_UT_5400_654,0.0997421
cauldron_ln_8451,0.72567207
mix_SI_UT_5400_216,0.06083355
mix_UI_ST_5400_1233,0.08270769
cauldron_ln_150,0.6682963
mix_UI_ST_5400_616,0.10486299
cauldron_ln_1364,0.7078273
cauldron_ln_23121,0.5987137
cauldron_ln_22401,0.73269016
cauldron_ln_502,0.5583711
mix_SI_UT_5400_270,0.3302246
mix_UI_ST_5400_409,0.5812555
cauldron_ln_16609,0.7612127
mix_SI_UT_5400_684,0.20765452
cauldron_ln_17353,0.62831175
cauldron_ln_7453,0.69520944
cauldron_ln_11055,0.7323744
cauldron_ln_343,0.5820111
mix_SI_UT_5400_903,0.70357347
cauldron_ln_467,0.7728321
mix_UI_ST_5400_689,0.3804084
mix_UI_ST_5400_1367,0.3289172
mix_SI_UT_5400_1299,0.062075965
cauldron_ln_22910,0.5249104
mix_SI_UT_5400_701,0.14983523
cauldron_ln_23748,0.75083
cauldron_ln_17549,0.63434076
mix_SI_UT_5400_268,0.09241557
mix_SI_UT_5400_242,0.12943827
cauldron_ln_4812,0.5360179
cauldron_ln_1500,0.5541836
mix_SI_UT_5400_121,0.25812578
cauldron_ln_14570,0.46297956
mix_SI_UT_5400_806,0.060688492
mix_UI_ST_5400_405,0.14678057
cauldron_ln_18503,0.40202388
cauldron_ln_12414,0.71408063
mix_SI_UT_5400_1004,0.08232139
cauldron_ln_8491,0.73257136
mix_SI_UT_5400_180,0.12373028
mix_SI_UT_5400_1265,0.40028876
cauldron_ln_1792,0.4283592
mix_SI_UT_5400_676,0.43582365
mix_SI_UT_5400_943,0.19621433
cauldron_ln_26109,0.66621745
mix_UI_ST_5400_176,0.13833918
cauldron_ln_17335,0.7531738
cauldron_ln_21500,0.4050026
cauldron_ln_6716,0.49101475
cauldron_ln_8570,0.26141983
cauldron_ln_27679,0.59787625
mix_SI_UT_5400_756,0.24760062
mix_SI_UT_5400_549,0.14400883
mix_SI_UT_5400_195,0.19161342
mix_SI_UT_5400_834,0.17035805
mix_UI_ST_5400_270,0.23079936
mix_UI_ST_5400_593,0.15937892
mix_SI_UT_5400_653,0.0814069
cauldron_ln_14273,0.7064484
cauldron_ln_23579,0.6164553
cauldron_ln_19820,0.7484233
mix_UI_ST_5400_268,0.23238547
mix_SI_UT_5400_1389,0.2781369
mix_SI_UT_5400_40,0.30504236
cauldron_ln_2401,0.3971147
cauldron_ln_23793,0.6729191
mix_SI_UT_5400_1226,0.10877396
mix_UI_ST_5400_916,0.10406723
cauldron_ln_6741,0.68811053
mix_SI_UT_5400_310,0.09677184
mix_UI_ST_5400_632,0.08641171
mix_SI_UT_5400_1387,0.2910683
mix_SI_UT_5400_459,0.65126413
cauldron_ln_20666,0.7335444
cauldron_ln_9843,0.6744387
mix_UI_ST_5400_343,0.08956065
cauldron_ln_23338,0.75743634
cauldron_ln_28999,0.7034683
mix_SI_UT_5400_1142,0.45488697
cauldron_ln_9612,0.62725556
mix_UI_ST_5400_271,0.30112743
mix_SI_UT_5400_901,0.1350426
cauldron_ln_16289,0.58693266
cauldron_ln_2351,0.6504008
cauldron_ln_24157,0.64895654
cauldron_ln_26790,0.7462948
mix_SI_UT_5400_232,0.46996036
mix_UI_ST_5400_1181,0.2765543
cauldron_ln_21779,0.5735149
mix_UI_ST_5400_804,0.4939517
cauldron_ln_20486,0.70057356
mix_SI_UT_5400_956,0.5418779
mix_SI_UT_5400_412,0.5039232
mix_SI_UT_5400_616,0.077954344
mix_UI_ST_5400_1024,0.2206612
cauldron_ln_11372,0.6571686
cauldron_ln_25415,0.3820679
cauldron_ln_29622,0.5675432
mix_SI_UT_5400_811,0.07909058
cauldron_ln_28316,0.5039902
mix_SI_UT_5400_359,0.18461479
cauldron_ln_4601,0.7804018
mix_SI_UT_5400_1173,0.6393044
mix_UI_ST_5400_391,0.18933728
mix_SI_UT_5400_1076,0.33384407
cauldron_ln_28875,0.74933183
cauldron_ln_1347,0.3156533
cauldron_ln_5432,0.7738058
mix_UI_ST_5400_1202,0.37606248
cauldron_ln_19328,0.5469402
cauldron_ln_5824,0.51019216
mix_SI_UT_5400_890,0.54364896
mix_UI_ST_5400_1049,0.72073364
mix_SI_UT_5400_552,0.054415483
cauldron_ln_3669,0.38903466
cauldron_ln_10422,0.74342906
cauldron_ln_27207,0.72282505
cauldron_ln_14344,0.7405455
cauldron_ln_15718,0.70711315
mix_UI_ST_5400_16,0.053947065
cauldron_ln_16775,0.7665776
mix_SI_UT_5400_780,0.6049053
mix_SI_UT_5400_796,0.5418405
cauldron_ln_1525,0.7369879
mix_UI_ST_5400_855,0.058215827
cauldron_ln_14748,0.7773061
cauldron_ln_4300,0.4922774
cauldron_ln_29761,0.6313696
mix_UI_ST_5400_1412,0.43570995
mix_UI_ST_5400_573,0.3968084
mix_SI_UT_5400_462,0.71087444
cauldron_ln_25295,0.4606664
cauldron_ln_7238,0.6394146
cauldron_ln_28503,0.25593314
cauldron_ln_24761,0.66605556
cauldron_ln_16001,0.5511715
cauldron_ln_19262,0.6888861
cauldron_ln_20349,0.5786508
cauldron_ln_5376,0.64806473
mix_UI_ST_5400_1249,0.057635963
cauldron_ln_8022,0.63464
cauldron_ln_29615,0.62484705
mix_UI_ST_5400_1203,0.5804189
cauldron_ln_28377,0.7323443
mix_SI_UT_5400_147,0.49509707
mix_UI_ST_5400_23,0.22909333
cauldron_ln_11262,0.65104884
cauldron_ln_6588,0.77658385
mix_SI_UT_5400_6,0.09400923
cauldron_ln_2724,0.54137194
cauldron_ln_3229,0.66394645
cauldron_ln_5163,0.74683577
mix_UI_ST_5400_39,0.060370155
mix_SI_UT_5400_763,0.2554262
cauldron_ln_20248,0.3446484
mix_SI_UT_5400_937,0.29261827
cauldron_ln_1321,0.7240086
mix_SI_UT_5400_569,0.046766926
mix_SI_UT_5400_717,0.17972538
cauldron_ln_23410,0.54555225
mix_SI_UT_5400_877,0.09853451
cauldron_ln_16176,0.6469161
cauldron_ln_24111,0.085141785
cauldron_ln_556,0.653711
mix_SI_UT_5400_1495,0.090881936
cauldron_ln_6787,0.74011666
cauldron_ln_24473,0.77353954
mix_UI_ST_5400_812,0.53738475
mix_SI_UT_5400_657,0.59989065
cauldron_ln_15448,0.64215714
mix_SI_UT_5400_551,0.50591946
cauldron_ln_14578,0.5406906
cauldron_ln_26015,0.28378588
cauldron_ln_21087,0.77039516
cauldron_ln_11659,0.66252327
cauldron_ln_8291,0.8036775
mix_UI_ST_5400_345,0.054138336
cauldron_ln_21328,0.68392366
cauldron_ln_24870,0.74982345
mix_UI_ST_5400_133,0.05765956
cauldron_ln_17563,0.68087983
mix_SI_UT_5400_245,0.65137774
cauldron_ln_28317,0.6513072
mix_UI_ST_5400_521,0.086420335
cauldron_ln_4967,0.7698783
mix_UI_ST_5400_142,0.5777854
mix_UI_ST_5400_1355,0.45103776
mix_UI_ST_5400_816,0.70509475
cauldron_ln_15062,0.21814764
mix_UI_ST_5400_943,0.2546484
cauldron_ln_8221,0.64674085
mix_UI_ST_5400_100,0.58565986
cauldron_ln_29283,0.7501632
mix_SI_UT_5400_561,0.08023709
mix_UI_ST_5400_762,0.14899024
mix_UI_ST_5400_1008,0.35594398
cauldron_ln_3750,0.6993939
cauldron_ln_20592,0.73074424
mix_SI_UT_5400_332,0.065682225
cauldron_ln_15756,0.7392319
cauldron_ln_11736,0.6449937
mix_UI_ST_5400_654,0.4359816
cauldron_ln_10475,0.77345425
mix_SI_UT_5400_75,0.20510136
cauldron_ln_23924,0.5602708
mix_SI_UT_5400_1448,0.07711225
mix_SI_UT_5400_18,0.102740206
mix_UI_ST_5400_693,0.63922954
cauldron_ln_4903,0.7532117
mix_SI_UT_5400_1358,0.22933716
cauldron_ln_10095,0.17445004
cauldron_ln_9570,0.5937871
mix_SI_UT_5400_799,0.5154966
cauldron_ln_497,0.14604834
cauldron_ln_6786,0.7555819
cauldron_ln_27321,0.7425995
cauldron_ln_8876,0.78288585
cauldron_ln_11379,0.74904215
cauldron_ln_2483,0.50963384
cauldron_ln_5447,0.6207536
cauldron_ln_17031,0.62989247
mix_UI_ST_5400_1285,0.30819702
mix_UI_ST_5400_366,0.070458315
cauldron_ln_17538,0.77061045
mix_UI_ST_5400_186,0.46114382
cauldron_ln_3038,0.7642944
mix_SI_UT_5400_451,0.07683068
mix_SI_UT_5400_420,0.60697514
cauldron_ln_9299,0.28335777
cauldron_ln_12303,0.67729384
cauldron_ln_24784,0.5948992
cauldron_ln_10797,0.65603703
mix_SI_UT_5400_1245,0.32818788
cauldron_ln_13724,0.76696295
mix_SI_UT_5400_387,0.1398202
mix_UI_ST_5400_1384,0.07214712
cauldron_ln_14649,0.7781655
mix_UI_ST_5400_193,0.15200599
mix_SI_UT_5400_1048,0.094384
cauldron_ln_1764,0.7111868
mix_SI_UT_5400_125,0.17474316
cauldron_ln_11048,0.76092887
cauldron_ln_19348,0.73962724
mix_SI_UT_5400_936,0.47134987
cauldron_ln_17918,0.6990121
mix_SI_UT_5400_715,0.111914836
mix_UI_ST_5400_309,0.24116167
cauldron_ln_4397,0.7359597
mix_SI_UT_5400_1122,0.61271167
mix_SI_UT_5400_1129,0.060401622
cauldron_ln_26647,0.7054723
cauldron_ln_11006,0.634518
cauldron_ln_3529,0.6218739
mix_UI_ST_5400_1291,0.113657415
mix_UI_ST_5400_1179,0.29705366
mix_SI_UT_5400_1224,0.17208314
cauldron_ln_25808,0.66710615
cauldron_ln_740,0.4197269
mix_SI_UT_5400_394,0.67451537
mix_SI_UT_5400_519,0.14382325
mix_SI_UT_5400_148,0.27469727
cauldron_ln_25565,0.59519416
cauldron_ln_28494,0.7829915
mix_SI_UT_5400_390,0.3801128
cauldron_ln_11506,0.41822794
cauldron_ln_16003,0.7154944
mix_SI_UT_5400_252,0.2553354
cauldron_ln_13721,0.68820053
mix_SI_UT_5400_1225,0.06375157
cauldron_ln_5291,0.6554324
mix_UI_ST_5400_1308,0.3757294
mix_SI_UT_5400_1468,0.06500734
cauldron_ln_1406,0.6756297
cauldron_ln_15481,0.5962725
cauldron_ln_9301,0.5621674
mix_UI_ST_5400_351,0.052832294
mix_UI_ST_5400_1084,0.23471965
mix_SI_UT_5400_493,0.26133886
mix_SI_UT_5400_712,0.062037274
mix_SI_UT_5400_254,0.2712621
mix_UI_ST_5400_214,0.13339195
mix_UI_ST_5400_1312,0.47186965
cauldron_ln_22230,0.7666693
cauldron_ln_16143,0.7284704
mix_SI_UT_5400_1070,0.3669992
mix_SI_UT_5400_695,0.26679087
cauldron_ln_11668,0.47736114
mix_SI_UT_5400_149,0.2415776
mix_UI_ST_5400_640,0.5258776
cauldron_ln_23296,0.6808841
mix_SI_UT_5400_776,0.06460601
mix_SI_UT_5400_1242,0.318293
cauldron_ln_17734,0.76328385
cauldron_ln_26539,0.47281426
cauldron_ln_5756,0.7473073
mix_SI_UT_5400_613,0.17292146
cauldron_ln_2252,0.26550224
mix_UI_ST_5400_179,0.33942086
mix_SI_UT_5400_719,0.3141488
mix_UI_ST_5400_1444,0.2472797
cauldron_ln_12070,0.75517964
mix_SI_UT_5400_505,0.19160675
mix_UI_ST_5400_1043,0.1433006
mix_UI_ST_5400_860,0.36110148
mix_UI_ST_5400_194,0.40129122
mix_UI_ST_5400_1133,0.4595348
cauldron_ln_22821,0.35973474
mix_SI_UT_5400_415,0.14484821
cauldron_ln_7580,0.59898347
mix_SI_UT_5400_1107,0.035348233
mix_UI_ST_5400_480,0.19315577
cauldron_ln_23885,0.65134805
cauldron_ln_23570,0.72530764
mix_SI_UT_5400_1385,0.18462573
mix_SI_UT_5400_625,0.08322614
cauldron_ln_21899,0.7850287
mix_UI_ST_5400_1069,0.17207137
mix_SI_UT_5400_1492,0.20758998
cauldron_ln_17077,0.7546484
cauldron_ln_6257,0.4939357
mix_SI_UT_5400_213,0.6184353
cauldron_ln_17715,0.64224076
cauldron_ln_19637,0.59555787
mix_SI_UT_5400_1188,0.2928687
cauldron_ln_7098,0.76024604
cauldron_ln_7178,0.62068397
mix_UI_ST_5400_669,0.08639239
cauldron_ln_21883,0.5789097
cauldron_ln_17536,0.30648175
cauldron_ln_22977,0.085621454
cauldron_ln_11369,0.7284776
mix_SI_UT_5400_830,0.58892024
cauldron_ln_21337,0.7033584
cauldron_ln_5520,0.7066718
mix_UI_ST_5400_529,0.61612105
mix_SI_UT_5400_109,0.1220093
cauldron_ln_25740,0.5269495
mix_SI_UT_5400_636,0.33575442
cauldron_ln_25308,0.62564874
mix_SI_UT_5400_1010,0.36137694
cauldron_ln_18008,0.7585925
mix_SI_UT_5400_1326,0.64617544
mix_SI_UT_5400_915,0.054664776
cauldron_ln_17195,0.6052705
cauldron_ln_13341,0.74454105
mix_SI_UT_5400_1124,0.64813274
cauldron_ln_3245,0.6245848
cauldron_ln_8172,0.7190218
mix_UI_ST_5400_926,0.2031778
cauldron_ln_4876,0.5339069
mix_UI_ST_5400_751,0.08086949
mix_SI_UT_5400_1374,0.6045396
mix_UI_ST_5400_975,0.55823845
mix_SI_UT_5400_1405,0.106039025
cauldron_ln_24849,0.77334964
cauldron_ln_16941,0.6340492
mix_SI_UT_5400_591,0.18920007
cauldron_ln_15085,0.7693759
mix_SI_UT_5400_596,0.3398192
mix_UI_ST_5400_622,0.18060805
cauldron_ln_11887,0.6756722
cauldron_ln_106,0.039117184
cauldron_ln_13192,0.34119678
cauldron_ln_22696,0.6055674
cauldron_ln_29285,0.71225756
mix_SI_UT_5400_470,0.07779222
cauldron_ln_6912,0.7813201
cauldron_ln_9522,0.7261316
mix_UI_ST_5400_1132,0.46829942
cauldron_ln_28412,0.72109574
mix_UI_ST_5400_221,0.1745359
mix_SI_UT_5400_1045,0.04834897
cauldron_ln_16172,0.119195685
cauldron_ln_14103,0.6024544
mix_UI_ST_5400_1071,0.65766853
mix_SI_UT_5400_1233,0.5699162
mix_SI_UT_5400_111,0.043227036
mix_SI_UT_5400_324,0.07112675
mix_SI_UT_5400_116,0.60353726
cauldron_ln_1235,0.6348587
cauldron_ln_24255,0.72955775
cauldron_ln_15710,0.5013022
mix_SI_UT_5400_51,0.06899548
cauldron_ln_20644,0.67308897
cauldron_ln_21833,0.7489433
cauldron_ln_23944,0.70880383
mix_SI_UT_5400_308,0.20357193
cauldron_ln_25956,0.28833464
cauldron_ln_15934,0.28268296
mix_UI_ST_5400_1159,0.10674167
cauldron_ln_24050,0.15077288
mix_SI_UT_5400_190,0.06217575
cauldron_ln_6763,0.5346086
mix_SI_UT_5400_2,0.19402839
mix_UI_ST_5400_457,0.1240896
mix_UI_ST_5400_1224,0.14066078
cauldron_ln_16339,0.59987175
cauldron_ln_5773,0.53249
mix_UI_ST_5400_1447,0.4433504
mix_UI_ST_5400_956,0.06437252
cauldron_ln_2312,0.4223866
mix_UI_ST_5400_1003,0.3153154
mix_UI_ST_5400_1425,0.35236847
cauldron_ln_24204,0.62156445
cauldron_ln_1617,0.61355376
mix_SI_UT_5400_1050,0.35421723
cauldron_ln_20936,0.6552637
cauldron_ln_22017,0.6184298
cauldron_ln_23477,0.65620905
mix_SI_UT_5400_1038,0.40213227
cauldron_ln_26664,0.653681
cauldron_ln_10615,0.65819085
cauldron_ln_1497,0.7546131
mix_SI_UT_5400_892,0.06315444
mix_UI_ST_5400_1230,0.13642545
mix_UI_ST_5400_1286,0.228293
cauldron_ln_19657,0.70344275
cauldron_ln_6233,0.72888064
cauldron_ln_1337,0.31339642
cauldron_ln_28617,0.636177
cauldron_ln_808,0.68130827
cauldron_ln_29971,0.6633403
mix_UI_ST_5400_1456,0.5712519
mix_UI_ST_5400_1155,0.05386415
cauldron_ln_22663,0.7832154
cauldron_ln_19031,0.6940821
mix_SI_UT_5400_688,0.4915994
cauldron_ln_12081,0.45850623
mix_UI_ST_5400_1440,0.49348387
mix_UI_ST_5400_311,0.19711953
mix_SI_UT_5400_1337,0.10496625
cauldron_ln_8006,0.6750835
cauldron_ln_10427,0.717114
cauldron_ln_4976,0.21536374
mix_SI_UT_5400_878,0.09029623
mix_UI_ST_5400_688,0.3574443
cauldron_ln_397,0.65149814
cauldron_ln_520,0.66443706
mix_UI_ST_5400_1063,0.53549135
cauldron_ln_17300,0.68482447
cauldron_ln_13607,0.21857515
cauldron_ln_27780,0.7583862
mix_UI_ST_5400_636,0.5202478
mix_SI_UT_5400_1106,0.49447557
mix_SI_UT_5400_343,0.18491468
mix_UI_ST_5400_1146,0.038557097
mix_SI_UT_5400_1025,0.116161995
mix_UI_ST_5400_514,0.07886878
cauldron_ln_10504,0.74853575
mix_SI_UT_5400_1473,0.13346745
cauldron_ln_6725,0.6803713
mix_UI_ST_5400_470,0.27823648
mix_SI_UT_5400_140,0.18524906
mix_UI_ST_5400_977,0.1735261
mix_SI_UT_5400_1017,0.39159453
mix_SI_UT_5400_1489,0.06787277
mix_UI_ST_5400_106,0.2722627
mix_UI_ST_5400_423,0.05650784
cauldron_ln_6123,0.70276725
mix_SI_UT_5400_977,0.079502955
mix_SI_UT_5400_10,0.37730342
mix_SI_UT_5400_1451,0.118477486
cauldron_ln_10640,0.7081247
mix_UI_ST_5400_969,0.08364745
mix_SI_UT_5400_1235,0.10764678
mix_UI_ST_5400_265,0.16573943
cauldron_ln_16356,0.7309434
mix_UI_ST_5400_288,0.058610797
mix_SI_UT_5400_899,0.18956612
cauldron_ln_12458,0.71447706
mix_UI_ST_5400_898,0.46666792
cauldron_ln_13902,0.5462812
mix_SI_UT_5400_141,0.03281281
mix_UI_ST_5400_1006,0.073989674
cauldron_ln_174,0.659396
mix_UI_ST_5400_1329,0.5833064
mix_UI_ST_5400_1269,0.03847359
mix_SI_UT_5400_289,0.35408974
cauldron_ln_2976,0.7170128
cauldron_ln_2421,0.7492702
cauldron_ln_17143,0.5448066
mix_UI_ST_5400_1190,0.12493434
cauldron_ln_375,0.49189374
cauldron_ln_17658,0.5284848
cauldron_ln_4526,0.69065493
mix_SI_UT_5400_176,0.090175
mix_SI_UT_5400_1372,0.086048216
cauldron_ln_15776,0.7346666
mix_UI_ST_5400_624,0.09888556
mix_SI_UT_5400_648,0.32549092
cauldron_ln_3352,0.78450716
mix_UI_ST_5400_532,0.26137996
mix_SI_UT_5400_822,0.48426664
cauldron_ln_7366,0.75290966
cauldron_ln_21184,0.5859128
mix_UI_ST_5400_1092,0.6426052
cauldron_ln_15774,0.3417301
mix_UI_ST_5400_1496,0.32331654
cauldron_ln_15467,0.76333237
mix_UI_ST_5400_1452,0.232266
mix_UI_ST_5400_1338,0.0945223
cauldron_ln_8632,0.6734163
mix_SI_UT_5400_307,0.06844756
cauldron_ln_7974,0.68842995
mix_UI_ST_5400_284,0.21547276
mix_UI_ST_5400_1341,0.59309787
mix_SI_UT_5400_760,0.2782675
mix_SI_UT_5400_778,0.2394312
mix_SI_UT_5400_1264,0.23747176
mix_SI_UT_5400_1100,0.18323669
cauldron_ln_11907,0.69270456
cauldron_ln_9012,0.59909266
mix_UI_ST_5400_1309,0.12550135
mix_SI_UT_5400_277,0.33447447
mix_UI_ST_5400_197,0.5907146
mix_UI_ST_5400_125,0.43228856
cauldron_ln_12958,0.4737728
mix_UI_ST_5400_1262,0.065929174
cauldron_ln_29307,0.75910497
mix_UI_ST_5400_1449,0.11652217
cauldron_ln_7312,0.43492737
mix_SI_UT_5400_1146,0.230122
cauldron_ln_20680,0.6869044
mix_UI_ST_5400_596,0.106672235
mix_UI_ST_5400_942,0.60049397
mix_SI_UT_5400_564,0.09955537
cauldron_ln_18293,0.43802106
cauldron_ln_2234,0.42682704
mix_SI_UT_5400_354,0.14404818
mix_SI_UT_5400_1330,0.19831534
mix_UI_ST_5400_1066,0.21580282
cauldron_ln_25988,0.7214911
cauldron_ln_28634,0.3775291
cauldron_ln_26039,0.6802324
mix_UI_ST_5400_992,0.32409534
mix_SI_UT_5400_401,0.1540905
mix_SI_UT_5400_217,0.21793306
cauldron_ln_2942,0.7633706
mix_UI_ST_5400_496,0.31248748
cauldron_ln_12358,0.68035
cauldron_ln_13661,0.60126424
mix_UI_ST_5400_211,0.5127239
mix_SI_UT_5400_465,0.11000615
mix_UI_ST_5400_1106,0.28557128
cauldron_ln_20658,0.60079855
cauldron_ln_6279,0.5364743
cauldron_ln_22994,0.23472795
cauldron_ln_13194,0.5843105
cauldron_ln_5658,0.6772435
cauldron_ln_2476,0.5006058
mix_UI_ST_5400_68,0.5197633
cauldron_ln_1459,0.48310477
mix_UI_ST_5400_247,0.43845293
mix_SI_UT_5400_503,0.105456986
mix_UI_ST_5400_736,0.19805267
cauldron_ln_21708,0.7566391
cauldron_ln_28901,0.45378903
cauldron_ln_1447,0.75856346
mix_UI_ST_5400_53,0.18404897
mix_SI_UT_5400_325,0.28232858
mix_UI_ST_5400_1480,0.6242672
mix_SI_UT_5400_38,0.091375865
mix_SI_UT_5400_128,0.0668475
mix_UI_ST_5400_1302,0.28786495
mix_SI_UT_5400_1,0.2769294
mix_SI_UT_5400_629,0.12023633
mix_UI_ST_5400_40,0.2162944
cauldron_ln_13116,0.45280454
cauldron_ln_8125,0.7197628
mix_SI_UT_5400_222,0.06093195
cauldron_ln_12749,0.58167076
mix_SI_UT_5400_590,0.27306077
cauldron_ln_6846,0.4644008
cauldron_ln_11275,0.71951634
mix_SI_UT_5400_807,0.045033842
mix_UI_ST_5400_19,0.05470285
mix_SI_UT_5400_511,0.083598174
cauldron_ln_17348,0.6387525
cauldron_ln_17202,0.6397017
mix_SI_UT_5400_1285,0.15232834
mix_SI_UT_5400_622,0.20371334
cauldron_ln_8394,0.7560634
mix_UI_ST_5400_695,0.22762625
mix_SI_UT_5400_1119,0.12861256
mix_UI_ST_5400_832,0.0954193
mix_UI_ST_5400_1096,0.61170954
cauldron_ln_25019,0.3298455
mix_SI_UT_5400_464,0.12767951
mix_UI_ST_5400_134,0.38833624
cauldron_ln_21512,0.6827722
cauldron_ln_2457,0.66933614
mix_UI_ST_5400_1131,0.29379663
mix_UI_ST_5400_466,0.38975674
cauldron_ln_7199,0.4322337
cauldron_ln_9750,0.5055542
mix_UI_ST_5400_59,0.06666242
cauldron_ln_13692,0.6799289
cauldron_ln_3244,0.52882487
mix_UI_ST_5400_1220,0.18536879
cauldron_ln_8784,0.75904226
cauldron_ln_1227,0.76767856
cauldron_ln_23463,0.70400536
mix_SI_UT_5400_47,0.28591675
cauldron_ln_4776,0.28448123
mix_SI_UT_5400_839,0.21461554
cauldron_ln_21360,0.6367209
mix_SI_UT_5400_1143,0.13997462
mix_SI_UT_5400_25,0.22314258
mix_SI_UT_5400_1395,0.09703803
mix_SI_UT_5400_205,0.33309686
mix_SI_UT_5400_346,0.37859336
cauldron_ln_6760,0.7780368
cauldron_ln_15478,0.6645494
mix_UI_ST_5400_509,0.3219063
mix_UI_ST_5400_868,0.09114858
mix_UI_ST_5400_78,0.051607788
cauldron_ln_9173,0.7798252
mix_UI_ST_5400_938,0.2824725
mix_SI_UT_5400_1253,0.29964206
cauldron_ln_2553,0.43453646
cauldron_ln_11528,0.7122507
cauldron_ln_24903,0.6045053
mix_UI_ST_5400_928,0.12933703
cauldron_ln_27318,0.29772
cauldron_ln_6181,0.6768995
mix_SI_UT_5400_1021,0.08783339
mix_UI_ST_5400_801,0.05828123
cauldron_ln_29752,0.7147791
mix_UI_ST_5400_192,0.11004547
cauldron_ln_18012,0.7841348
cauldron_ln_28399,0.58527374
cauldron_ln_7291,0.7461881
mix_SI_UT_5400_679,0.12853514
cauldron_ln_2145,0.7775224
cauldron_ln_8364,0.6319442
mix_SI_UT_5400_258,0.16872175
mix_UI_ST_5400_1135,0.15649183
mix_SI_UT_5400_810,0.20774715
cauldron_ln_18633,0.5228894
mix_UI_ST_5400_204,0.06347857
cauldron_ln_12724,0.504977
cauldron_ln_11569,0.7386177
mix_SI_UT_5400_74,0.057336897
cauldron_ln_13789,0.7276549
mix_UI_ST_5400_1407,0.5740857
cauldron_ln_22656,0.7625308
cauldron_ln_18909,0.7385026
cauldron_ln_7647,0.6171345
cauldron_ln_9398,0.6506975
cauldron_ln_17570,0.7064643
cauldron_ln_25814,0.76924574
mix_UI_ST_5400_602,0.19087444
cauldron_ln_15559,0.6411552
mix_UI_ST_5400_611,0.29282168
mix_SI_UT_5400_433,0.12858956
cauldron_ln_26233,0.6110012
mix_SI_UT_5400_393,0.34929398
mix_SI_UT_5400_214,0.09937714
cauldron_ln_22682,0.69286007
mix_SI_UT_5400_477,0.060959525
cauldron_ln_18544,0.7722133
cauldron_ln_23923,0.6665338
cauldron_ln_14189,0.3999507
cauldron_ln_10908,0.7585245
cauldron_ln_13971,0.74229515
cauldron_ln_19625,0.74533504
mix_UI_ST_5400_537,0.08262293
mix_UI_ST_5400_1195,0.48940277
cauldron_ln_26739,0.7358526
cauldron_ln_24131,0.3907347
mix_SI_UT_5400_920,0.111396305
mix_SI_UT_5400_1383,0.2008325
mix_SI_UT_5400_1293,0.5718038
mix_UI_ST_5400_610,0.16360475
cauldron_ln_14300,0.6022576
cauldron_ln_5972,0.6901883
cauldron_ln_22355,0.5914687
mix_UI_ST_5400_485,0.059119437
mix_SI_UT_5400_281,0.09288207
cauldron_ln_15100,0.7425629
mix_UI_ST_5400_1241,0.07097672
mix_UI_ST_5400_1428,0.11835518
cauldron_ln_13948,0.32905596
mix_UI_ST_5400_60,0.13696225
cauldron_ln_2574,0.4650884
cauldron_ln_19196,0.42054483
cauldron_ln_2618,0.7545916
cauldron_ln_5056,0.7766738
cauldron_ln_15189,0.52949625
mix_UI_ST_5400_817,0.09277202
mix_SI_UT_5400_572,0.2848925
mix_UI_ST_5400_732,0.45181125
cauldron_ln_9703,0.680412
mix_UI_ST_5400_1423,0.25308588
mix_UI_ST_5400_158,0.71568334
mix_UI_ST_5400_183,0.14770004
mix_UI_ST_5400_891,0.10970037
cauldron_ln_9045,0.6239071
mix_SI_UT_5400_1044,0.099578135
mix_UI_ST_5400_1325,0.0858714
mix_SI_UT_5400_708,0.30305186
cauldron_ln_28990,0.72635925
cauldron_ln_28089,0.19519871
mix_UI_ST_5400_572,0.47188622
cauldron_ln_15138,0.07257477
cauldron_ln_22698,0.67545015
cauldron_ln_2226,0.71512306
mix_SI_UT_5400_1249,0.51986384
mix_UI_ST_5400_1235,0.58170515
mix_UI_ST_5400_879,0.29100078
cauldron_ln_7248,0.731722
cauldron_ln_6328,0.6931778
cauldron_ln_24676,0.67735845
mix_UI_ST_5400_656,0.50000435
mix_SI_UT_5400_256,0.11941435
cauldron_ln_25223,0.69513017
mix_UI_ST_5400_92,0.30228814
mix_UI_ST_5400_903,0.25639257
mix_UI_ST_5400_589,0.1767755
mix_UI_ST_5400_538,0.24137515
cauldron_ln_16542,0.74407756
cauldron_ln_3853,0.64792603
cauldron_ln_28794,0.77693146
mix_UI_ST_5400_1439,0.2915676
cauldron_ln_4530,0.746656
mix_UI_ST_5400_861,0.064754054
mix_UI_ST_5400_713,0.09879568
cauldron_ln_14176,0.5568039
cauldron_ln_17782,0.7535984
cauldron_ln_1393,0.61411095
cauldron_ln_23286,0.75655997
cauldron_ln_7997,0.68849987
mix_SI_UT_5400_1005,0.61316884
cauldron_ln_4803,0.6951652
cauldron_ln_14593,0.30172145
mix_UI_ST_5400_802,0.37784645
mix_SI_UT_5400_427,0.10914024
mix_UI_ST_5400_331,0.18103686
mix_SI_UT_5400_1272,0.19805491
mix_UI_ST_5400_1121,0.15206213
cauldron_ln_27118,0.74984795
mix_SI_UT_5400_772,0.4303019
cauldron_ln_9756,0.46622908
cauldron_ln_1185,0.40608633
cauldron_ln_26533,0.73756003
mix_SI_UT_5400_1178,0.22651495
mix_SI_UT_5400_223,0.13460359
mix_SI_UT_5400_68,0.34444198
cauldron_ln_29323,0.70455855
mix_UI_ST_5400_1128,0.16933134
cauldron_ln_12498,0.47490415
cauldron_ln_17248,0.7092848
mix_SI_UT_5400_626,0.14006537
mix_SI_UT_5400_492,0.14189899
mix_UI_ST_5400_874,0.35403365
mix_UI_ST_5400_47,0.4838874
cauldron_ln_17175,0.77712506
cauldron_ln_27901,0.7409297
mix_UI_ST_5400_54,0.2699065
mix_SI_UT_5400_1130,0.14713399
cauldron_ln_10232,0.77051556
cauldron_ln_11586,0.70830244
mix_SI_UT_5400_12,0.46373037
cauldron_ln_4885,0.28215954
cauldron_ln_25377,0.38723326
mix_UI_ST_5400_498,0.61208606
cauldron_ln_9821,0.68406045
cauldron_ln_2475,0.7747475
cauldron_ln_10469,0.18614514
cauldron_ln_26085,0.7342381
mix_UI_ST_5400_402,0.25416574
mix_UI_ST_5400_105,0.1060613
mix_SI_UT_5400_82,0.1516128
cauldron_ln_18661,0.7210539
mix_UI_ST_5400_798,0.5977211
mix_UI_ST_5400_1339,0.4712162
mix_UI_ST_5400_145,0.3918748
cauldron_ln_29522,0.7480998
mix_UI_ST_5400_1156,0.24837473
mix_SI_UT_5400_534,0.12797837
mix_SI_UT_5400_720,0.09961553
mix_SI_UT_5400_835,0.22248577
cauldron_ln_24137,0.7685328
cauldron_ln_18578,0.7196028
mix_SI_UT_5400_479,0.040453903
mix_UI_ST_5400_82,0.2780137
mix_UI_ST_5400_232,0.1970747
mix_SI_UT_5400_185,0.41462395
cauldron_ln_22354,0.7366559
cauldron_ln_27299,0.51718044
mix_SI_UT_5400_517,0.17836496
cauldron_ln_16637,0.40330297
mix_UI_ST_5400_165,0.626473
mix_SI_UT_5400_379,0.6808623
mix_UI_ST_5400_887,0.14709161
mix_SI_UT_5400_1207,0.41841808
cauldron_ln_4243,0.5142805
mix_UI_ST_5400_280,0.15666924
mix_SI_UT_5400_62,0.084279574
mix_SI_UT_5400_803,0.065756194
cauldron_ln_11317,0.38411042
cauldron_ln_882,0.16294108
cauldron_ln_18528,0.52237695
cauldron_ln_14134,0.663433
mix_UI_ST_5400_249,0.08730879
cauldron_ln_501,0.75571096
cauldron_ln_16919,0.6280488
mix_UI_ST_5400_275,0.105789565
mix_SI_UT_5400_259,0.62555474
cauldron_ln_10414,0.7234079
mix_SI_UT_5400_135,0.43425572
cauldron_ln_23891,0.69268066
cauldron_ln_12781,0.72440386
cauldron_ln_27869,0.6150284
cauldron_ln_24381,0.7850442
cauldron_ln_12780,0.5374008
cauldron_ln_18038,0.72212905
mix_UI_ST_5400_262,0.34070572
cauldron_ln_11847,0.53471565
cauldron_ln_11836,0.79730505
cauldron_ln_11169,0.7376913
cauldron_ln_21971,0.6951455
cauldron_ln_19829,0.26184815
mix_UI_ST_5400_244,0.22060598
mix_SI_UT_5400_1200,0.08810227
cauldron_ln_24272,0.5415842
mix_UI_ST_5400_426,0.45044565
mix_UI_ST_5400_570,0.122597165
mix_SI_UT_5400_368,0.07880066
cauldron_ln_24774,0.79741436
cauldron_ln_12521,0.6897968
cauldron_ln_858,0.6910713
cauldron_ln_11780,0.74652547
cauldron_ln_12304,0.6738547
cauldron_ln_5062,0.759212
mix_UI_ST_5400_1217,0.2551638
mix_UI_ST_5400_803,0.6442133
cauldron_ln_7069,0.642175
mix_SI_UT_5400_941,0.13817155
mix_SI_UT_5400_1013,0.27103373
cauldron_ln_25063,0.5358042
cauldron_ln_23458,0.19865416
cauldron_ln_12346,0.76354176
mix_SI_UT_5400_1428,0.25675905
mix_UI_ST_5400_991,0.22129774
cauldron_ln_23973,0.73557645
mix_SI_UT_5400_814,0.14437592
cauldron_ln_9442,0.48989597
cauldron_ln_29044,0.19878812
mix_SI_UT_5400_668,0.09400212
cauldron_ln_28573,0.77582514
cauldron_ln_10839,0.7890098
cauldron_ln_234,0.4411654
cauldron_ln_14738,0.5438319
mix_UI_ST_5400_1033,0.49635383
cauldron_ln_15645,0.74850464
cauldron_ln_9430,0.78009546
mix_UI_ST_5400_433,0.10885539
cauldron_ln_13414,0.6042839
mix_UI_ST_5400_1453,0.36400822
cauldron_ln_1336,0.7321398
mix_SI_UT_5400_115,0.22716123
mix_SI_UT_5400_754,0.118219554
mix_SI_UT_5400_1172,0.6094649
cauldron_ln_381,0.7238353
cauldron_ln_4175,0.7099081
mix_UI_ST_5400_424,0.09897854
cauldron_ln_27310,0.47797164
mix_UI_ST_5400_701,0.15859427
cauldron_ln_29200,0.69113487
cauldron_ln_13571,0.6494564
mix_UI_ST_5400_1111,0.30546093
mix_UI_ST_5400_425,0.34017605
cauldron_ln_11832,0.7853299
cauldron_ln_253,0.7584556
cauldron_ln_2261,0.59804434
mix_UI_ST_5400_1324,0.5488634
cauldron_ln_24226,0.67186224
mix_SI_UT_5400_1144,0.10996187
mix_UI_ST_5400_592,0.6457207
cauldron_ln_15446,0.6007049
cauldron_ln_13905,0.57743335
mix_SI_UT_5400_383,0.18850285
cauldron_ln_1188,0.33827665
mix_SI_UT_5400_879,0.11058973
cauldron_ln_15180,0.66095173
cauldron_ln_7912,0.6596282
cauldron_ln_6005,0.7416633
mix_SI_UT_5400_617,0.53236556
cauldron_ln_17731,0.62744
cauldron_ln_14600,0.657028
cauldron_ln_18804,0.5811658
mix_SI_UT_5400_1481,0.12038818
cauldron_ln_2384,0.65342146
mix_UI_ST_5400_1275,0.061858367
mix_UI_ST_5400_1280,0.11835646
cauldron_ln_2864,0.6021465
mix_UI_ST_5400_458,0.06191773
cauldron_ln_23437,0.5075659
mix_SI_UT_5400_675,0.06576734
cauldron_ln_8005,0.34803328
cauldron_ln_14689,0.72676677
cauldron_ln_1264,0.6963225
cauldron_ln_5624,0.4785667
mix_SI_UT_5400_1098,0.52148944
cauldron_ln_10737,0.58429086
mix_SI_UT_5400_602,0.07745642
mix_SI_UT_5400_1118,0.13856554
mix_UI_ST_5400_571,0.2212948
cauldron_ln_782,0.77302235
mix_SI_UT_5400_683,0.5504432
mix_UI_ST_5400_845,0.20928565
cauldron_ln_9467,0.7005201
mix_SI_UT_5400_586,0.07561025
cauldron_ln_18317,0.7102992
mix_UI_ST_5400_603,0.602503
cauldron_ln_10364,0.70770013
cauldron_ln_21951,0.5935866
cauldron_ln_6832,0.65317696
cauldron_ln_22126,0.6157173
mix_UI_ST_5400_859,0.098968394
mix_SI_UT_5400_65,0.46640554
cauldron_ln_28308,0.6799717
cauldron_ln_16945,0.279723
cauldron_ln_22718,0.784984
cauldron_ln_9608,0.6532811
cauldron_ln_23386,0.76238996
mix_UI_ST_5400_184,0.5820386
cauldron_ln_25880,0.7614942
mix_UI_ST_5400_1297,0.10284851
cauldron_ln_7957,0.66712797
mix_UI_ST_5400_18,0.5294571
mix_SI_UT_5400_1324,0.19494411
cauldron_ln_26789,0.58407325
cauldron_ln_12315,0.3416097
cauldron_ln_3659,0.7552327
mix_UI_ST_5400_958,0.113241576
mix_SI_UT_5400_975,0.047161482
cauldron_ln_11223,0.5095717
cauldron_ln_19762,0.71458465
mix_UI_ST_5400_118,0.3043442
mix_UI_ST_5400_1012,0.031687383
cauldron_ln_14800,0.7326588
mix_UI_ST_5400_1209,0.40106884
mix_SI_UT_5400_550,0.34855935
cauldron_ln_20840,0.42788604
cauldron_ln_23550,0.53289795
mix_SI_UT_5400_692,0.16566686
cauldron_ln_23578,0.5816135
mix_SI_UT_5400_98,0.10343371
mix_UI_ST_5400_282,0.41486636
mix_SI_UT_5400_999,0.13567586
mix_UI_ST_5400_1386,0.39443994
cauldron_ln_19738,0.64987695
cauldron_ln_10862,0.5242006
mix_UI_ST_5400_127,0.54512054
cauldron_ln_18648,0.73081326
cauldron_ln_21046,0.7293004
mix_SI_UT_5400_363,0.4813232
cauldron_ln_24064,0.78211844
mix_UI_ST_5400_1001,0.101006106
mix_SI_UT_5400_160,0.16638635
cauldron_ln_10663,0.2949509
cauldron_ln_24796,0.4085714
mix_UI_ST_5400_187,0.32033283
mix_SI_UT_5400_496,0.24672498
mix_SI_UT_5400_407,0.40822148
mix_UI_ST_5400_404,0.53458047
cauldron_ln_15959,0.14653546
cauldron_ln_6649,0.6479536
cauldron_ln_3549,0.7496798
cauldron_ln_1293,0.7340801
mix_UI_ST_5400_831,0.50384724
cauldron_ln_7631,0.40300488
cauldron_ln_19177,0.41928902
mix_SI_UT_5400_994,0.5389384
mix_UI_ST_5400_939,0.22280854
mix_SI_UT_5400_689,0.5557768
cauldron_ln_9724,0.41769242
cauldron_ln_23057,0.75887597
cauldron_ln_10321,0.17502053
mix_SI_UT_5400_696,0.60634017
cauldron_ln_29500,0.5927468
cauldron_ln_19512,0.67321557
mix_SI_UT_5400_350,0.5138049
cauldron_ln_1469,0.60805523
mix_UI_ST_5400_200,0.12516296
mix_SI_UT_5400_95,0.41105345
cauldron_ln_19981,0.49922723
mix_UI_ST_5400_1411,0.2445564
cauldron_ln_408,0.1721576
cauldron_ln_28898,0.64583373
mix_SI_UT_5400_724,0.1719861
mix_SI_UT_5400_639,0.17307088
mix_UI_ST_5400_631,0.10261412
mix_UI_ST_5400_377,0.4619575
cauldron_ln_27294,0.7110014
mix_SI_UT_5400_143,0.1454837
cauldron_ln_24813,0.5506972
mix_UI_ST_5400_641,0.50513726
mix_UI_ST_5400_9,0.69244844
cauldron_ln_11173,0.7341553
cauldron_ln_17417,0.6655488
mix_UI_ST_5400_225,0.076680176
mix_SI_UT_5400_523,0.2495217
cauldron_ln_28689,0.5435812
mix_UI_ST_5400_289,0.19811958
cauldron_ln_13302,0.6811731
cauldron_ln_24045,0.3332841
cauldron_ln_15030,0.69669664
mix_SI_UT_5400_932,0.100708045
mix_UI_ST_5400_1036,0.2176732
cauldron_ln_25474,0.6099938
cauldron_ln_19242,0.7775802
mix_UI_ST_5400_1356,0.2102774
cauldron_ln_18842,0.6840492
mix_UI_ST_5400_810,0.33726996
mix_SI_UT_5400_1192,0.0848981
cauldron_ln_15190,0.21091399
mix_UI_ST_5400_190,0.3727292
cauldron_ln_7913,0.7445347
mix_SI_UT_5400_1423,0.37361103
cauldron_ln_5862,0.5523411
cauldron_ln_11295,0.62177485
mix_SI_UT_5400_11,0.11817852
cauldron_ln_8670,0.7799636
cauldron_ln_2090,0.7043836
cauldron_ln_6659,0.5811103
mix_UI_ST_5400_57,0.64816374
cauldron_ln_25926,0.7311611
cauldron_ln_15974,0.5245612
mix_SI_UT_5400_22,0.06630384
cauldron_ln_21956,0.65367717
cauldron_ln_22029,0.7671993
cauldron_ln_1276,0.720425
mix_UI_ST_5400_1171,0.20355012
cauldron_ln_27456,0.751036
mix_SI_UT_5400_891,0.166741
cauldron_ln_22474,0.6235289
cauldron_ln_23939,0.5958679
mix_UI_ST_5400_795,0.2671805
cauldron_ln_24077,0.50254965
cauldron_ln_11910,0.2586288
cauldron_ln_22225,0.67900664
cauldron_ln_6936,0.57526076
mix_UI_ST_5400_604,0.14959748
cauldron_ln_20698,0.78505176
mix_UI_ST_5400_1263,0.15847395
cauldron_ln_26056,0.53533185
cauldron_ln_18112,0.36063597
cauldron_ln_998,0.6703465
cauldron_ln_14833,0.75058347
cauldron_ln_17237,0.41894752
mix_UI_ST_5400_231,0.20405874
mix_SI_UT_5400_601,0.5099189
cauldron_ln_6138,0.7837478
mix_SI_UT_5400_291,0.05375577
mix_SI_UT_5400_514,0.11395054
cauldron_ln_10250,0.6447116
mix_UI_ST_5400_1212,0.14987746
cauldron_ln_17851,0.66527456
mix_SI_UT_5400_305,0.33453038
mix_UI_ST_5400_1227,0.12057161
cauldron_ln_14348,0.3207992
mix_SI_UT_5400_846,0.2982841
mix_UI_ST_5400_672,0.50386584
mix_SI_UT_5400_1113,0.33704835
mix_SI_UT_5400_539,0.3014935
mix_UI_ST_5400_543,0.20139582
mix_SI_UT_5400_875,0.14856891
cauldron_ln_29643,0.36069572
mix_SI_UT_5400_765,0.20377058
mix_SI_UT_5400_584,0.1346751
cauldron_ln_8539,0.5007276
mix_SI_UT_5400_456,0.46527854
mix_UI_ST_5400_666,0.0850607
mix_UI_ST_5400_286,0.44698808
mix_UI_ST_5400_663,0.07093949
cauldron_ln_14523,0.45489833
cauldron_ln_16505,0.77033466
mix_UI_ST_5400_182,0.30855754
cauldron_ln_29683,0.6668965
cauldron_ln_23143,0.7606007
cauldron_ln_16564,0.7675877
cauldron_ln_16142,0.61256593
cauldron_ln_20435,0.64210814
mix_UI_ST_5400_438,0.2107193
mix_UI_ST_5400_1465,0.2367834
mix_SI_UT_5400_53,0.34573665
mix_SI_UT_5400_476,0.094915494
cauldron_ln_21716,0.35216966
mix_UI_ST_5400_330,0.07517574
cauldron_ln_15851,0.62201774
cauldron_ln_17600,0.7262829
cauldron_ln_10167,0.7203072
cauldron_ln_10237,0.7523136
cauldron_ln_29619,0.6127198
mix_UI_ST_5400_1139,0.22201952
mix_SI_UT_5400_1380,0.31947824
mix_SI_UT_5400_1177,0.28385985
cauldron_ln_5002,0.7216843
cauldron_ln_22262,0.43598238
cauldron_ln_26489,0.7189324
mix_SI_UT_5400_1426,0.20192096
mix_UI_ST_5400_1288,0.18796046
cauldron_ln_2508,0.6887742
mix_UI_ST_5400_448,0.24040747
cauldron_ln_14426,0.6487089
cauldron_ln_16971,0.72827107
cauldron_ln_5519,0.74589515
cauldron_ln_9418,0.7808067
cauldron_ln_13091,0.23745018
cauldron_ln_14406,0.71909136
mix_UI_ST_5400_750,0.1254826
cauldron_ln_240,0.6171901
cauldron_ln_1610,0.5853315
mix_UI_ST_5400_670,0.6044393
mix_UI_ST_5400_315,0.14184695
cauldron_ln_29830,0.76614356
mix_SI_UT_5400_1120,0.06905443
mix_SI_UT_5400_718,0.21848203
mix_SI_UT_5400_435,0.31883496
mix_SI_UT_5400_171,0.47317433
cauldron_ln_16878,0.7615473
mix_SI_UT_5400_1288,0.18587393
cauldron_ln_24518,0.75358176
mix_SI_UT_5400_151,0.12553295
cauldron_ln_12839,0.24753007
cauldron_ln_12600,0.7401322
cauldron_ln_16593,0.33169898
mix_UI_ST_5400_412,0.11664872
cauldron_ln_14539,0.6119822
cauldron_ln_12908,0.62518805
cauldron_ln_16152,0.6597459
cauldron_ln_19101,0.7699743
cauldron_ln_6309,0.409079
cauldron_ln_7531,0.5859915
cauldron_ln_15199,0.7489022
mix_SI_UT_5400_1088,0.06769012
mix_UI_ST_5400_124,0.66819835
mix_SI_UT_5400_637,0.18487918
mix_UI_ST_5400_530,0.33109218
mix_SI_UT_5400_1230,0.49523616
mix_UI_ST_5400_1361,0.30311954
mix_UI_ST_5400_1228,0.16101599
mix_UI_ST_5400_544,0.34522742
cauldron_ln_12631,0.53420836
mix_UI_ST_5400_1174,0.144595
mix_UI_ST_5400_1433,0.259296
mix_UI_ST_5400_390,0.210735
mix_UI_ST_5400_848,0.5809759
cauldron_ln_6134,0.66316
mix_UI_ST_5400_850,0.55108535
mix_SI_UT_5400_783,0.55824524
mix_SI_UT_5400_209,0.082305886
cauldron_ln_24332,0.44815442
mix_UI_ST_5400_1438,0.2833746
mix_UI_ST_5400_1041,0.14656956
mix_SI_UT_5400_290,0.2024103
cauldron_ln_25639,0.7026175
mix_UI_ST_5400_1468,0.3338523
mix_UI_ST_5400_665,0.47775525
mix_UI_ST_5400_566,0.178567
mix_UI_ST_5400_1281,0.31045344
mix_SI_UT_5400_159,0.18411238
cauldron_ln_1423,0.76537377
cauldron_ln_18969,0.3275359
mix_SI_UT_5400_1218,0.090041645
cauldron_ln_12297,0.6802057
cauldron_ln_3945,0.51869047
cauldron_ln_8030,0.74350655
mix_UI_ST_5400_580,0.12436538
mix_UI_ST_5400_235,0.21092072
cauldron_ln_14083,0.72143185
mix_UI_ST_5400_42,0.66992056
cauldron_ln_14162,0.61017764
mix_UI_ST_5400_1062,0.05744609
mix_UI_ST_5400_645,0.58868104
cauldron_ln_16338,0.669371
mix_UI_ST_5400_738,0.14477143
mix_SI_UT_5400_1493,0.28002077
cauldron_ln_2951,0.6460712
mix_UI_ST_5400_519,0.14750217
cauldron_ln_20137,0.67043245
mix_SI_UT_5400_910,0.15467921
cauldron_ln_24018,0.7444908
cauldron_ln_14716,0.5004853
mix_UI_ST_5400_120,0.06697582
cauldron_ln_996,0.64893675
cauldron_ln_17297,0.4382675
cauldron_ln_7501,0.54738796
mix_SI_UT_5400_805,0.100578584
mix_SI_UT_5400_108,0.06472198
mix_SI_UT_5400_367,0.30342382
mix_SI_UT_5400_939,0.052612048
cauldron_ln_8124,0.17706518
cauldron_ln_4558,0.69631165
mix_UI_ST_5400_789,0.1389007
cauldron_ln_7869,0.5791596
cauldron_ln_25700,0.15289286
cauldron_ln_19547,0.17282295
mix_SI_UT_5400_43,0.09844242
cauldron_ln_24786,0.7826143
cauldron_ln_23928,0.7059745
mix_SI_UT_5400_687,0.23490445
cauldron_ln_22802,0.6707564
mix_SI_UT_5400_740,0.34488258
mix_SI_UT_5400_162,0.37528175
mix_UI_ST_5400_213,0.36869067
cauldron_ln_1853,0.63534975
mix_SI_UT_5400_446,0.107376404
cauldron_ln_14026,0.7490476
mix_UI_ST_5400_1260,0.058117434
cauldron_ln_21653,0.59560966
mix_SI_UT_5400_508,0.100276046
mix_SI_UT_5400_532,0.08742423
cauldron_ln_16789,0.658767
mix_UI_ST_5400_856,0.123996876
mix_UI_ST_5400_1034,0.69793934
cauldron_ln_11205,0.71536845
mix_UI_ST_5400_562,0.16354267
mix_UI_ST_5400_1261,0.5818992
mix_SI_UT_5400_962,0.524654
mix_UI_ST_5400_478,0.10555982
mix_SI_UT_5400_99,0.6821487
cauldron_ln_12588,0.21079636
mix_UI_ST_5400_143,0.07814337
mix_UI_ST_5400_108,0.21645428
mix_UI_ST_5400_201,0.55761003
mix_UI_ST_5400_934,0.07713513
cauldron_ln_24658,0.76501626
cauldron_ln_4606,0.79604495
cauldron_ln_4370,0.55756503
cauldron_ln_15212,0.66183174
mix_SI_UT_5400_273,0.39296934
mix_SI_UT_5400_1282,0.10187872
mix_SI_UT_5400_1461,0.19764535
cauldron_ln_4611,0.7752305
cauldron_ln_148,0.72554
mix_UI_ST_5400_171,0.12641412
cauldron_ln_29330,0.73454624
mix_SI_UT_5400_1444,0.3940753
cauldron_ln_15849,0.75964445
mix_SI_UT_5400_1079,0.12605202
cauldron_ln_27996,0.5756567
mix_UI_ST_5400_1328,0.207061
cauldron_ln_308,0.67880565
cauldron_ln_1385,0.7763604
cauldron_ln_13559,0.7025164
cauldron_ln_24016,0.5994291
mix_SI_UT_5400_1437,0.11744661
mix_SI_UT_5400_1417,0.11410919
mix_UI_ST_5400_608,0.13657515
cauldron_ln_26962,0.5459274
mix_UI_ST_5400_1431,0.34732893
cauldron_ln_4251,0.6268173
cauldron_ln_7620,0.66023034
mix_UI_ST_5400_866,0.26637697
cauldron_ln_28642,0.70886874
cauldron_ln_4319,0.598794
mix_SI_UT_5400_747,0.14671631
mix_UI_ST_5400_976,0.049606085
cauldron_ln_20184,0.70022243
mix_SI_UT_5400_769,0.22094318
mix_SI_UT_5400_1338,0.29394582
cauldron_ln_1588,0.12378351
mix_UI_ST_5400_1416,0.23894267
cauldron_ln_9076,0.7375908
cauldron_ln_21341,0.52010614
mix_UI_ST_5400_1172,0.64632154
mix_SI_UT_5400_443,0.6859687
cauldron_ln_17500,0.6654449
cauldron_ln_7511,0.63553953
cauldron_ln_10086,0.72688705
mix_UI_ST_5400_671,0.06522484
mix_SI_UT_5400_1413,0.11322901
mix_SI_UT_5400_440,0.03865736
cauldron_ln_23100,0.4502502
cauldron_ln_16900,0.18988971
mix_SI_UT_5400_1267,0.5315793
mix_SI_UT_5400_555,0.07060057
cauldron_ln_26119,0.19643669
mix_SI_UT_5400_196,0.16501646
mix_SI_UT_5400_0,0.06562089
cauldron_ln_18068,0.60791016
mix_SI_UT_5400_1443,0.67555356
mix_UI_ST_5400_910,0.31660438
mix_SI_UT_5400_930,0.30428746
cauldron_ln_5488,0.71026576
cauldron_ln_4996,0.67594
mix_SI_UT_5400_1064,0.27198818
mix_UI_ST_5400_1446,0.08157281
mix_UI_ST_5400_1421,0.41296938
mix_SI_UT_5400_965,0.102909766
mix_UI_ST_5400_306,0.15933433
cauldron_ln_26059,0.5777704
cauldron_ln_21753,0.75946957
cauldron_ln_29556,0.72636795
cauldron_ln_23054,0.666205
cauldron_ln_3408,0.7294862
cauldron_ln_23291,0.63874114
cauldron_ln_8958,0.7355185
mix_SI_UT_5400_1345,0.5211179
cauldron_ln_3256,0.75269336
mix_UI_ST_5400_595,0.058016047
cauldron_ln_25118,0.76707065
cauldron_ln_15965,0.68175036
mix_SI_UT_5400_321,0.17947635
cauldron_ln_12660,0.6624106
cauldron_ln_27846,0.5908382
cauldron_ln_25807,0.75055945
mix_SI_UT_5400_1309,0.10679923
cauldron_ln_17901,0.76744443
cauldron_ln_29501,0.67027426
mix_SI_UT_5400_911,0.03606806
cauldron_ln_595,0.7566679
cauldron_ln_3863,0.6689206
mix_UI_ST_5400_914,0.2615737
cauldron_ln_12357,0.63852483
cauldron_ln_17390,0.77704537
mix_SI_UT_5400_1195,0.7191537
mix_UI_ST_5400_461,0.124651246
mix_SI_UT_5400_103,0.16111925
mix_UI_ST_5400_1222,0.14139919
mix_UI_ST_5400_17,0.22277953
cauldron_ln_3480,0.12594596
mix_UI_ST_5400_842,0.5638804
cauldron_ln_4383,0.6463966
cauldron_ln_20799,0.77516574
mix_UI_ST_5400_1387,0.49805573
mix_UI_ST_5400_483,0.13070048
mix_UI_ST_5400_1424,0.36019117
mix_UI_ST_5400_392,0.11161343
mix_UI_ST_5400_1256,0.67537093
mix_SI_UT_5400_501,0.42331704
mix_UI_ST_5400_1477,0.14833984
mix_SI_UT_5400_31,0.04711328
mix_UI_ST_5400_36,0.50124943
mix_SI_UT_5400_1273,0.06655786
mix_SI_UT_5400_1482,0.21522045
cauldron_ln_21286,0.71474284
mix_SI_UT_5400_998,0.32532907
cauldron_ln_18816,0.7516537
cauldron_ln_1133,0.6091234
cauldron_ln_15388,0.44344738
mix_SI_UT_5400_233,0.23064971
cauldron_ln_14165,0.23984647
mix_SI_UT_5400_360,0.07999689
cauldron_ln_18780,0.7551954
cauldron_ln_25942,0.67896664
cauldron_ln_23565,0.7581146
mix_UI_ST_5400_1388,0.28380954
mix_UI_ST_5400_368,0.05240711
cauldron_ln_14906,0.72324115
mix_UI_ST_5400_474,0.6773405
mix_SI_UT_5400_1270,0.16301274
mix_UI_ST_5400_925,0.24157308
mix_SI_UT_5400_120,0.17878549
mix_UI_ST_5400_253,0.20676024
mix_SI_UT_5400_798,0.3561735
mix_UI_ST_5400_188,0.34353673
cauldron_ln_20716,0.69282967
mix_UI_ST_5400_755,0.08415061
mix_SI_UT_5400_1006,0.39421982
mix_SI_UT_5400_1215,0.64358324
cauldron_ln_26624,0.6696404
cauldron_ln_209,0.6691715
cauldron_ln_21636,0.7126687
cauldron_ln_27646,0.38364387
mix_UI_ST_5400_1058,0.28114602
cauldron_ln_7404,0.5218943
mix_SI_UT_5400_725,0.15757874
cauldron_ln_29835,0.7696422
mix_SI_UT_5400_89,0.54612947
mix_UI_ST_5400_49,0.4602719
cauldron_ln_22002,0.7560245
cauldron_ln_15013,0.70594424
cauldron_ln_23439,0.719022
mix_UI_ST_5400_873,0.39555717
mix_UI_ST_5400_516,0.16559877
cauldron_ln_8154,0.65117216
mix_UI_ST_5400_81,0.114230886
mix_SI_UT_5400_1203,0.09374223
cauldron_ln_27451,0.67126703
mix_UI_ST_5400_1040,0.283346
cauldron_ln_1404,0.3514353
mix_UI_ST_5400_760,0.51215017
mix_SI_UT_5400_96,0.07778399
cauldron_ln_13365,0.76260436
mix_SI_UT_5400_224,0.42045856
cauldron_ln_22626,0.7640451
cauldron_ln_2408,0.48521957
mix_SI_UT_5400_655,0.25621983
mix_SI_UT_5400_425,0.4789039
mix_SI_UT_5400_1321,0.41743377
mix_UI_ST_5400_955,0.15454097
cauldron_ln_5592,0.6304678
mix_UI_ST_5400_128,0.06209893
mix_SI_UT_5400_428,0.3785715
cauldron_ln_11037,0.7610761
cauldron_ln_6711,0.62613523
mix_SI_UT_5400_80,0.6374712
mix_UI_ST_5400_783,0.42665774
mix_UI_ST_5400_1120,0.3253841
mix_SI_UT_5400_680,0.10031492
mix_UI_ST_5400_62,0.07032238
cauldron_ln_18773,0.4178645
cauldron_ln_12062,0.5436312
cauldron_ln_2587,0.6857483
cauldron_ln_8513,0.7302536
cauldron_ln_23014,0.6066779
cauldron_ln_3366,0.6946117
mix_SI_UT_5400_71,0.1280784
mix_SI_UT_5400_1018,0.33297238
mix_UI_ST_5400_297,0.13874903
cauldron_ln_10125,0.7609189
cauldron_ln_13072,0.6659765
cauldron_ln_6713,0.69386137
cauldron_ln_17171,0.69855237
mix_SI_UT_5400_1252,0.570574
mix_SI_UT_5400_266,0.40032536
mix_UI_ST_5400_1051,0.33318022
cauldron_ln_15015,0.70055544
cauldron_ln_28632,0.68805194
mix_SI_UT_5400_917,0.11835908
mix_SI_UT_5400_348,0.5435818
cauldron_ln_18641,0.51470864
cauldron_ln_1759,0.78463346
mix_UI_ST_5400_684,0.22766255
cauldron_ln_17447,0.1913771
cauldron_ln_8751,0.63702726
mix_UI_ST_5400_394,0.05316157
mix_UI_ST_5400_301,0.71099174
mix_SI_UT_5400_73,0.22437198
cauldron_ln_9351,0.56057703
cauldron_ln_16813,0.7333474
mix_SI_UT_5400_682,0.3349062
cauldron_ln_28248,0.67290246
cauldron_ln_27142,0.72070783
mix_SI_UT_5400_1429,0.6568046
mix_SI_UT_5400_374,0.33759168
cauldron_ln_16067,0.65564626
cauldron_ln_13320,0.7258062
mix_SI_UT_5400_280,0.3882052
cauldron_ln_7749,0.7303505
mix_SI_UT_5400_13,0.058658194
mix_SI_UT_5400_173,0.4986443
cauldron_ln_8325,0.3843653
cauldron_ln_6180,0.59509367
mix_UI_ST_5400_764,0.5305281
cauldron_ln_22690,0.44766012
cauldron_ln_18143,0.7623561
mix_UI_ST_5400_291,0.22871731
cauldron_ln_26253,0.13045877
cauldron_ln_16210,0.45167416
cauldron_ln_17795,0.39868188
mix_UI_ST_5400_443,0.044525426
mix_UI_ST_5400_1089,0.22656196
cauldron_ln_28264,0.63753664
mix_UI_ST_5400_908,0.359843
mix_SI_UT_5400_945,0.56498015
mix_UI_ST_5400_227,0.11455958
mix_SI_UT_5400_1148,0.09889214
mix_UI_ST_5400_1185,0.17420903
mix_UI_ST_5400_1247,0.649336
cauldron_ln_3906,0.7085677
mix_SI_UT_5400_1313,0.41078857
cauldron_ln_9806,0.53012526
mix_UI_ST_5400_1454,0.15338793
mix_SI_UT_5400_1415,0.07208709
mix_UI_ST_5400_993,0.20045754
mix_UI_ST_5400_369,0.06948211
mix_SI_UT_5400_742,0.3499291
mix_UI_ST_5400_965,0.4428745
mix_SI_UT_5400_1159,0.67282337
cauldron_ln_29559,0.3358054
mix_SI_UT_5400_888,0.42127067
mix_SI_UT_5400_855,0.10226981
cauldron_ln_13165,0.7817743
cauldron_ln_24218,0.64029956
mix_SI_UT_5400_1414,0.050525308
cauldron_ln_8928,0.2604628
mix_SI_UT_5400_650,0.17680798
mix_UI_ST_5400_1271,0.17180179
mix_SI_UT_5400_1316,0.19166435
mix_UI_ST_5400_661,0.48265913
mix_UI_ST_5400_978,0.25354317
mix_SI_UT_5400_417,0.2616078
cauldron_ln_23135,0.68646276
mix_UI_ST_5400_398,0.49229193
cauldron_ln_8244,0.66043544
mix_SI_UT_5400_1347,0.26534286
cauldron_ln_23130,0.223129
mix_UI_ST_5400_1358,0.12623607
mix_SI_UT_5400_871,0.3433381
mix_SI_UT_5400_1164,0.32991406
cauldron_ln_29887,0.1750022
cauldron_ln_3388,0.3531809
cauldron_ln_12944,0.7380785
mix_UI_ST_5400_505,0.10125767
cauldron_ln_4161,0.7106392
cauldron_ln_7445,0.65193903
mix_UI_ST_5400_1391,0.44620532
mix_SI_UT_5400_1354,0.109440096
mix_UI_ST_5400_155,0.24679595
cauldron_ln_17399,0.72322357
cauldron_ln_6777,0.49962348
cauldron_ln_3869,0.7148982
mix_SI_UT_5400_632,0.578076
mix_SI_UT_5400_944,0.1177859
mix_SI_UT_5400_1109,0.05541564
mix_UI_ST_5400_960,0.13390805
mix_SI_UT_5400_710,0.11217031
cauldron_ln_18378,0.66639084
cauldron_ln_13816,0.7405833
cauldron_ln_21654,0.6734936
cauldron_ln_14213,0.34360942
cauldron_ln_16706,0.119550526
cauldron_ln_18622,0.5918761
cauldron_ln_22995,0.7328536
cauldron_ln_6518,0.66759545
mix_UI_ST_5400_1352,0.25530666
mix_UI_ST_5400_586,0.09739606
mix_UI_ST_5400_700,0.3069357
cauldron_ln_17240,0.42305395
cauldron_ln_27730,0.7861647
mix_UI_ST_5400_508,0.13438207
cauldron_ln_11336,0.59790283
mix_UI_ST_5400_1380,0.056772653
cauldron_ln_26964,0.33387783
cauldron_ln_15771,0.65102553
mix_UI_ST_5400_635,0.39162317
cauldron_ln_15546,0.7670301
cauldron_ln_14366,0.4271482
cauldron_ln_25571,0.6827083
cauldron_ln_9580,0.16523583
cauldron_ln_1147,0.6513664
cauldron_ln_11375,0.7187125
cauldron_ln_20179,0.700713
mix_SI_UT_5400_540,0.29930556
mix_UI_ST_5400_98,0.11304584
mix_SI_UT_5400_826,0.05977844
mix_UI_ST_5400_1126,0.062013876
cauldron_ln_22598,0.63465613
mix_SI_UT_5400_1442,0.40829846
mix_SI_UT_5400_1033,0.53577876
mix_UI_ST_5400_1333,0.6860304
mix_UI_ST_5400_77,0.20345703
mix_UI_ST_5400_43,0.07484476
mix_UI_ST_5400_1004,0.23938134
mix_UI_ST_5400_563,0.21284777
cauldron_ln_3996,0.71525204
cauldron_ln_24640,0.4704112
cauldron_ln_19145,0.67572606
mix_UI_ST_5400_11,0.4614664
cauldron_ln_26738,0.73676544
mix_SI_UT_5400_373,0.18046099
mix_SI_UT_5400_1320,0.11916585
mix_UI_ST_5400_56,0.7069031
mix_UI_ST_5400_1323,0.081545286
cauldron_ln_4946,0.4146754
mix_SI_UT_5400_230,0.057352386
cauldron_ln_13563,0.33199075
cauldron_ln_23479,0.7474784
mix_UI_ST_5400_1283,0.116491
cauldron_ln_28267,0.47279176
cauldron_ln_24420,0.6690859
mix_SI_UT_5400_981,0.46386382
mix_SI_UT_5400_1396,0.14002484
cauldron_ln_27807,0.40815258
cauldron_ln_22265,0.6537953
cauldron_ln_21549,0.49859774
cauldron_ln_24567,0.76843596
cauldron_ln_25451,0.71945655
mix_SI_UT_5400_567,0.26694748
mix_SI_UT_5400_311,0.12470409
mix_UI_ST_5400_376,0.5251769
mix_UI_ST_5400_1147,0.25842032
mix_SI_UT_5400_1167,0.33293802
mix_UI_ST_5400_436,0.6525754
cauldron_ln_19527,0.7245679
cauldron_ln_16475,0.7342886
cauldron_ln_2730,0.08447
cauldron_ln_28871,0.70249057
mix_UI_ST_5400_886,0.10894676
cauldron_ln_6014,0.54394156
cauldron_ln_7530,0.70396775
cauldron_ln_11799,0.57857126
cauldron_ln_12531,0.6719008
cauldron_ln_23062,0.7484087
mix_SI_UT_5400_1054,0.5519157
cauldron_ln_6417,0.58953536
mix_UI_ST_5400_1115,0.11652349
cauldron_ln_17894,0.093843386
mix_SI_UT_5400_1104,0.12473213
mix_UI_ST_5400_1418,0.046994336
mix_UI_ST_5400_945,0.27406418
cauldron_ln_15376,0.7321801
mix_SI_UT_5400_851,0.44871724
cauldron_ln_4105,0.5676656
mix_UI_ST_5400_138,0.4693897
cauldron_ln_14698,0.65149105
cauldron_ln_6529,0.65939003
cauldron_ln_7990,0.7321427
mix_SI_UT_5400_60,0.4286775
cauldron_ln_1645,0.76256895
mix_UI_ST_5400_395,0.7161938
cauldron_ln_2487,0.63696146
mix_SI_UT_5400_20,0.48259616
cauldron_ln_12867,0.68119234
mix_UI_ST_5400_711,0.06883092
cauldron_ln_12122,0.09775261
cauldron_ln_16734,0.7643274
mix_SI_UT_5400_207,0.04665634
cauldron_ln_5697,0.6776201
cauldron_ln_3185,0.4765986
mix_SI_UT_5400_388,0.29278582
mix_UI_ST_5400_1002,0.23748146
mix_SI_UT_5400_927,0.10910608
mix_SI_UT_5400_1221,0.09075624
cauldron_ln_3613,0.46261546
cauldron_ln_5046,0.71387523
cauldron_ln_22967,0.43355852
cauldron_ln_3533,0.26317522
cauldron_ln_15775,0.5502915
cauldron_ln_6282,0.5417259
mix_UI_ST_5400_1011,0.43500108
mix_SI_UT_5400_909,0.32534495
cauldron_ln_10239,0.6519052
mix_UI_ST_5400_896,0.09367078
mix_SI_UT_5400_529,0.088512495
mix_SI_UT_5400_454,0.21552259
cauldron_ln_1868,0.45296827
mix_SI_UT_5400_545,0.27961048
cauldron_ln_17475,0.63114417
mix_UI_ST_5400_1383,0.6920788
mix_SI_UT_5400_991,0.57461846
mix_SI_UT_5400_274,0.17595513
cauldron_ln_14761,0.6775414
mix_UI_ST_5400_449,0.19129159
cauldron_ln_28224,0.7172417
mix_SI_UT_5400_1152,0.42662397
cauldron_ln_1267,0.7689414
mix_UI_ST_5400_451,0.5874312
mix_SI_UT_5400_1260,0.18263538
cauldron_ln_26791,0.7110231
cauldron_ln_21868,0.7718479
mix_UI_ST_5400_385,0.069300234
mix_UI_ST_5400_1332,0.049029265
mix_UI_ST_5400_1080,0.063517764
cauldron_ln_9876,0.77936304
cauldron_ln_3389,0.2016294
cauldron_ln_3419,0.49508095
cauldron_ln_7377,0.71295047
mix_SI_UT_5400_727,0.6157808
cauldron_ln_15394,0.5768859
cauldron_ln_6749,0.7419875
mix_SI_UT_5400_1197,0.04570249
cauldron_ln_20334,0.13501143
cauldron_ln_23163,0.39304703
mix_UI_ST_5400_947,0.2905554
cauldron_ln_6764,0.74891174
mix_UI_ST_5400_601,0.07339676
cauldron_ln_13822,0.45479736
mix_SI_UT_5400_271,0.06358329
cauldron_ln_445,0.7644912
cauldron_ln_27272,0.45134068
cauldron_ln_14965,0.43734702
mix_UI_ST_5400_136,0.049765542
mix_UI_ST_5400_123,0.5023358
cauldron_ln_21529,0.5994661
mix_UI_ST_5400_614,0.32801592
cauldron_ln_14892,0.65766966
mix_UI_ST_5400_34,0.12772046
cauldron_ln_12009,0.7605092
mix_UI_ST_5400_1472,0.5663778
mix_SI_UT_5400_364,0.2585022
cauldron_ln_15396,0.7162972
cauldron_ln_4362,0.7710211
mix_UI_ST_5400_71,0.08990479
mix_UI_ST_5400_365,0.0535688
mix_SI_UT_5400_789,0.43209934
mix_UI_ST_5400_346,0.40701333
mix_SI_UT_5400_809,0.11278127
mix_UI_ST_5400_644,0.1323173
cauldron_ln_25862,0.23210749
cauldron_ln_11830,0.65721655
cauldron_ln_21208,0.6376382
mix_SI_UT_5400_1300,0.09454957
cauldron_ln_3110,0.13682564
mix_SI_UT_5400_1058,0.095110536
mix_SI_UT_5400_556,0.12902568
mix_UI_ST_5400_22,0.36961487
mix_SI_UT_5400_691,0.73415256
cauldron_ln_8414,0.63597804
cauldron_ln_12572,0.7182804
mix_SI_UT_5400_1032,0.17149587
mix_SI_UT_5400_444,0.38459268
mix_SI_UT_5400_1186,0.08999409
cauldron_ln_13048,0.57549393
cauldron_ln_15964,0.78533363
cauldron_ln_153,0.69914216
mix_SI_UT_5400_1262,0.19453786
cauldron_ln_15623,0.5727286
cauldron_ln_24285,0.5676604
mix_UI_ST_5400_325,0.10199685
cauldron_ln_28917,0.6710646
cauldron_ln_29924,0.53073823
mix_SI_UT_5400_474,0.091955885
cauldron_ln_925,0.5468516
mix_SI_UT_5400_490,0.6939489
cauldron_ln_20811,0.3771308
cauldron_ln_15907,0.60240483
cauldron_ln_5986,0.75162685
mix_SI_UT_5400_1361,0.18322155
mix_SI_UT_5400_1029,0.40650424
mix_SI_UT_5400_1147,0.07264331
mix_SI_UT_5400_729,0.42250198
mix_SI_UT_5400_267,0.43240684
mix_SI_UT_5400_1398,0.41402972
cauldron_ln_20681,0.63172567
mix_SI_UT_5400_979,0.033842906
mix_SI_UT_5400_753,0.2627656
cauldron_ln_15815,0.082845226
cauldron_ln_17140,0.75910044
mix_SI_UT_5400_303,0.50031537
mix_SI_UT_5400_928,0.38042954
mix_UI_ST_5400_1153,0.27203187
cauldron_ln_27753,0.21585031
cauldron_ln_21153,0.6206982
mix_UI_ST_5400_393,0.22490685
mix_SI_UT_5400_1190,0.31884602
cauldron_ln_18592,0.5618084
cauldron_ln_19629,0.72234935
mix_UI_ST_5400_712,0.09587727
cauldron_ln_5853,0.3743622
mix_UI_ST_5400_503,0.13660145
mix_UI_ST_5400_1188,0.24878658
cauldron_ln_27931,0.37263542
cauldron_ln_9883,0.5368612
mix_UI_ST_5400_718,0.18096586
mix_UI_ST_5400_1112,0.6112489
cauldron_ln_21807,0.72388786
mix_SI_UT_5400_1400,0.067481026
cauldron_ln_18891,0.7150735
cauldron_ln_26788,0.7416125
mix_SI_UT_5400_578,0.5757193
mix_UI_ST_5400_1372,0.05076324
mix_SI_UT_5400_631,0.3410007
cauldron_ln_9334,0.7765371
mix_SI_UT_5400_1371,0.09084385
cauldron_ln_3453,0.74698585
cauldron_ln_4110,0.72932935
cauldron_ln_19238,0.08171635
cauldron_ln_20095,0.6276021
cauldron_ln_9407,0.5535474
cauldron_ln_23229,0.7284675
cauldron_ln_14042,0.7154446
mix_UI_ST_5400_1123,0.35675114
mix_SI_UT_5400_721,0.4610567
mix_SI_UT_5400_1189,0.3544327
cauldron_ln_5979,0.39718977
cauldron_ln_18314,0.72039473
cauldron_ln_29373,0.7673805
mix_SI_UT_5400_1322,0.16951448
mix_UI_ST_5400_826,0.7263366
mix_UI_ST_5400_506,0.10121344
mix_SI_UT_5400_1465,0.26021326
mix_UI_ST_5400_799,0.20408386
cauldron_ln_1033,0.7708288
mix_SI_UT_5400_1454,0.52152926
cauldron_ln_16680,0.65295786
mix_UI_ST_5400_1158,0.09524706
mix_UI_ST_5400_111,0.12976901
cauldron_ln_24909,0.7225383
cauldron_ln_24503,0.6483278
mix_SI_UT_5400_666,0.232317
mix_UI_ST_5400_869,0.08377312
mix_UI_ST_5400_1186,0.12873422
cauldron_ln_23459,0.72311205
cauldron_ln_10632,0.75479573
mix_SI_UT_5400_250,0.55938596
cauldron_ln_7509,0.60447836
mix_UI_ST_5400_371,0.35640302
mix_SI_UT_5400_1092,0.27769005
mix_SI_UT_5400_1286,0.24969651
cauldron_ln_4117,0.6402811
mix_SI_UT_5400_24,0.23576096
mix_SI_UT_5400_102,0.11777806
cauldron_ln_17,0.75967777
cauldron_ln_26430,0.64840156
mix_SI_UT_5400_575,0.54411393
cauldron_ln_13979,0.6605309
mix_SI_UT_5400_774,0.38292605
cauldron_ln_22954,0.5258567
cauldron_ln_2880,0.6331557
cauldron_ln_10776,0.6596652
cauldron_ln_16517,0.70542294
mix_SI_UT_5400_174,0.32258233
cauldron_ln_6622,0.5813212
mix_UI_ST_5400_389,0.20895812
mix_SI_UT_5400_926,0.046946783
cauldron_ln_2001,0.64272374
mix_UI_ST_5400_452,0.12207413
cauldron_ln_2026,0.4318802
mix_SI_UT_5400_950,0.38592228
mix_UI_ST_5400_269,0.3409307
cauldron_ln_14830,0.7004568
mix_SI_UT_5400_1367,0.70414424
mix_SI_UT_5400_239,0.5284541
cauldron_ln_23040,0.74982274
mix_UI_ST_5400_773,0.43180373
mix_UI_ST_5400_333,0.2527137
mix_UI_ST_5400_342,0.23333304
mix_UI_ST_5400_745,0.059841853
mix_UI_ST_5400_439,0.07311079
cauldron_ln_8752,0.7150769
mix_UI_ST_5400_75,0.23632957
mix_SI_UT_5400_566,0.065167435
mix_UI_ST_5400_522,0.05072933
cauldron_ln_25813,0.3004426
mix_SI_UT_5400_334,0.23462743
cauldron_ln_16716,0.7462372
mix_UI_ST_5400_411,0.30482718
mix_UI_ST_5400_314,0.22021635
cauldron_ln_16863,0.7540871
cauldron_ln_11245,0.23950528
cauldron_ln_24618,0.74871874
cauldron_ln_13684,0.6854107
mix_SI_UT_5400_976,0.07069705
cauldron_ln_11231,0.74322
mix_UI_ST_5400_946,0.23699434
cauldron_ln_8563,0.7563567
mix_UI_ST_5400_86,0.085157625
mix_SI_UT_5400_264,0.39620176
cauldron_ln_13845,0.6399798
mix_SI_UT_5400_583,0.1535718
mix_UI_ST_5400_1064,0.13472922
cauldron_ln_16452,0.27941313
mix_SI_UT_5400_838,0.06697814
mix_SI_UT_5400_183,0.336155
mix_UI_ST_5400_157,0.23402956
mix_SI_UT_5400_1296,0.58741945
mix_UI_ST_5400_1163,0.09213958
mix_SI_UT_5400_1108,0.36734962
cauldron_ln_14314,0.7020952
mix_SI_UT_5400_527,0.092086785
mix_UI_ST_5400_1362,0.05250968
mix_UI_ST_5400_998,0.43585527
cauldron_ln_16903,0.5732926
cauldron_ln_29432,0.49338067
cauldron_ln_29917,0.44434595
cauldron_ln_13460,0.75259507
mix_SI_UT_5400_904,0.42613998
cauldron_ln_17684,0.68777853
cauldron_ln_27781,0.5453533
mix_SI_UT_5400_203,0.03451757
cauldron_ln_9678,0.7202389
mix_UI_ST_5400_446,0.094780706
mix_UI_ST_5400_33,0.10703532
cauldron_ln_766,0.75852275
cauldron_ln_25560,0.5495126
mix_SI_UT_5400_661,0.26074362
cauldron_ln_15846,0.6576335
cauldron_ln_11095,0.5637577
mix_UI_ST_5400_1191,0.1308441
mix_SI_UT_5400_1314,0.37239856
mix_UI_ST_5400_615,0.1061664
mix_SI_UT_5400_1470,0.36873108
mix_UI_ST_5400_1180,0.08527009
cauldron_ln_5041,0.7823606
mix_SI_UT_5400_1237,0.1658489
cauldron_ln_3813,0.5688279
cauldron_ln_29269,0.6622859
mix_UI_ST_5400_321,0.4587777
mix_UI_ST_5400_1463,0.34539098
cauldron_ln_6549,0.67009366
cauldron_ln_378,0.7627935
mix_UI_ST_5400_682,0.33643413
mix_SI_UT_5400_1194,0.5888887
mix_SI_UT_5400_1012,0.16986376
mix_SI_UT_5400_1232,0.23154764
cauldron_ln_2584,0.6173649
cauldron_ln_25772,0.7780968
cauldron_ln_10435,0.39500022
mix_UI_ST_5400_982,0.2544285
cauldron_ln_1798,0.60697025
mix_SI_UT_5400_1043,0.7026055
cauldron_ln_28090,0.75969243
cauldron_ln_3973,0.7456801
cauldron_ln_16538,0.63796276
cauldron_ln_14237,0.7512099
cauldron_ln_15038,0.6400882
cauldron_ln_13169,0.70738477
mix_SI_UT_5400_542,0.2810652
mix_SI_UT_5400_734,0.21674363
cauldron_ln_29759,0.4989864
cauldron_ln_6033,0.69495463
cauldron_ln_9891,0.61267865
cauldron_ln_26583,0.74592704
cauldron_ln_23047,0.6084523
mix_UI_ST_5400_1318,0.35618895
cauldron_ln_19519,0.4625169
cauldron_ln_20677,0.7753243
mix_SI_UT_5400_1125,0.55774313
mix_SI_UT_5400_369,0.11120547
cauldron_ln_29278,0.7871737
cauldron_ln_13801,0.68452346
mix_SI_UT_5400_706,0.30095485
mix_UI_ST_5400_1000,0.1375641
mix_UI_ST_5400_721,0.05045375
cauldron_ln_20615,0.7407076
mix_SI_UT_5400_458,0.6126335
mix_UI_ST_5400_794,0.42871
mix_SI_UT_5400_1419,0.20347902
cauldron_ln_1740,0.60763836
cauldron_ln_9096,0.5293333
cauldron_ln_24457,0.4714997
cauldron_ln_15048,0.6747886
mix_UI_ST_5400_1345,0.2466348
mix_UI_ST_5400_413,0.5257273
mix_SI_UT_5400_1479,0.1563941
cauldron_ln_1567,0.4997343
mix_UI_ST_5400_694,0.097006075
mix_SI_UT_5400_1254,0.27304682
cauldron_ln_5806,0.6053788
cauldron_ln_3373,0.7552213
cauldron_ln_11356,0.5318174
cauldron_ln_4588,0.6799358
mix_UI_ST_5400_1436,0.07502193
cauldron_ln_17179,0.54474556
mix_UI_ST_5400_1238,0.5665335
mix_UI_ST_5400_1457,0.21787293
mix_SI_UT_5400_1014,0.18092203
cauldron_ln_878,0.14147769
cauldron_ln_7376,0.62272966
cauldron_ln_19850,0.7199165
mix_SI_UT_5400_619,0.12667842
cauldron_ln_27085,0.66046965
cauldron_ln_18818,0.7367293
cauldron_ln_21664,0.5846383
mix_SI_UT_5400_139,0.081666686
mix_UI_ST_5400_462,0.11366534
cauldron_ln_12636,0.47721547
mix_SI_UT_5400_837,0.66448885
cauldron_ln_6348,0.78411484
mix_UI_ST_5400_202,0.4656235
mix_UI_ST_5400_1086,0.149876
cauldron_ln_25152,0.72863495
mix_SI_UT_5400_993,0.24050575
mix_UI_ST_5400_1130,0.23899002
cauldron_ln_3984,0.65496296
cauldron_ln_21400,0.45876148
cauldron_ln_7605,0.753258
cauldron_ln_23746,0.75089496
cauldron_ln_11274,0.66912675
mix_UI_ST_5400_561,0.0630969
cauldron_ln_3589,0.57649684
mix_SI_UT_5400_869,0.07479299
cauldron_ln_4405,0.5769174
mix_UI_ST_5400_609,0.079566
cauldron_ln_7489,0.619707
cauldron_ln_4448,0.15496771
mix_SI_UT_5400_153,0.45726535
mix_SI_UT_5400_1155,0.098769635
cauldron_ln_4788,0.63415754
mix_UI_ST_5400_362,0.43776202
cauldron_ln_4210,0.74729466
mix_SI_UT_5400_858,0.16555542
cauldron_ln_21458,0.6674956
cauldron_ln_14494,0.6932795
mix_SI_UT_5400_808,0.26943535
cauldron_ln_7597,0.71079564
cauldron_ln_24788,0.47420153
mix_UI_ST_5400_1292,0.05603975
mix_UI_ST_5400_1395,0.09860797
mix_UI_ST_5400_647,0.03874498
cauldron_ln_11680,0.69449216
mix_SI_UT_5400_104,0.24099185
mix_SI_UT_5400_423,0.6148943
cauldron_ln_10967,0.62800026
cauldron_ln_370,0.6727055
mix_SI_UT_5400_1430,0.057795066
mix_UI_ST_5400_930,0.096221246
mix_SI_UT_5400_138,0.57207245
mix_UI_ST_5400_1470,0.30074337
mix_UI_ST_5400_339,0.21393153
mix_UI_ST_5400_1343,0.41110164
cauldron_ln_27968,0.7407843
mix_UI_ST_5400_690,0.08889816
mix_SI_UT_5400_1341,0.1965851
mix_UI_ST_5400_1023,0.21297322
mix_UI_ST_5400_445,0.6233674
cauldron_ln_18874,0.7139403
cauldron_ln_12653,0.74632275
mix_UI_ST_5400_932,0.100310706
mix_SI_UT_5400_1475,0.32911947
cauldron_ln_9264,0.77297676
cauldron_ln_18917,0.6855663
mix_SI_UT_5400_296,0.3797439
mix_UI_ST_5400_894,0.06513983
cauldron_ln_17043,0.68696487
cauldron_ln_4316,0.536017
mix_SI_UT_5400_1292,0.4342175
mix_UI_ST_5400_1461,0.2827211
cauldron_ln_12090,0.5075934
mix_SI_UT_5400_970,0.51587015
cauldron_ln_11756,0.7583671
cauldron_ln_24931,0.7230817
mix_SI_UT_5400_86,0.07586593
cauldron_ln_1229,0.68979055
cauldron_ln_2777,0.5613827
cauldron_ln_23643,0.4379202
cauldron_ln_5672,0.6315026
mix_UI_ST_5400_414,0.2763373
mix_SI_UT_5400_559,0.17709006
mix_UI_ST_5400_901,0.09069266
cauldron_ln_15411,0.7638763
cauldron_ln_7164,0.57275736
cauldron_ln_14722,0.6343654
mix_SI_UT_5400_1234,0.081794105
cauldron_ln_19405,0.75934356
cauldron_ln_18743,0.7500096
cauldron_ln_15670,0.20914945
cauldron_ln_9942,0.48936805
cauldron_ln_16362,0.75051016
cauldron_ln_29872,0.7486978
cauldron_ln_8437,0.35898015
mix_SI_UT_5400_382,0.055874318
cauldron_ln_25854,0.21546315
mix_UI_ST_5400_374,0.21916892
mix_UI_ST_5400_921,0.6398922
cauldron_ln_22652,0.7678212
cauldron_ln_18215,0.62455535
mix_SI_UT_5400_1362,0.14631735
mix_UI_ST_5400_219,0.073260605
mix_SI_UT_5400_1433,0.07393312
mix_UI_ST_5400_319,0.22144623
mix_SI_UT_5400_97,0.06474789
mix_SI_UT_5400_802,0.12197123
cauldron_ln_17334,0.76902133
mix_UI_ST_5400_1007,0.078311786
cauldron_ln_9911,0.75328237
mix_SI_UT_5400_52,0.53700423
cauldron_ln_9157,0.646741
cauldron_ln_7487,0.6797007
cauldron_ln_7852,0.571553
mix_SI_UT_5400_1357,0.5493874
mix_SI_UT_5400_189,0.09374989
mix_SI_UT_5400_316,0.11415463
mix_SI_UT_5400_702,0.20068565
cauldron_ln_3676,0.5641115
cauldron_ln_14951,0.5115898
cauldron_ln_3211,0.62410325
mix_SI_UT_5400_513,0.5191935
cauldron_ln_3063,0.2946172
mix_SI_UT_5400_248,0.23416874
cauldron_ln_15505,0.7423749
cauldron_ln_11182,0.7077313
cauldron_ln_3677,0.61828846
mix_SI_UT_5400_1346,0.38131228
cauldron_ln_17074,0.61134183
cauldron_ln_19091,0.60252756
mix_UI_ST_5400_1254,0.074807905
mix_SI_UT_5400_678,0.4523072
cauldron_ln_26099,0.7739898
mix_UI_ST_5400_1393,0.0976957
mix_SI_UT_5400_164,0.31930688
mix_SI_UT_5400_581,0.262098
cauldron_ln_20676,0.6402636
mix_SI_UT_5400_1042,0.44952834
mix_SI_UT_5400_475,0.4714993
mix_SI_UT_5400_357,0.17337057
cauldron_ln_2246,0.72190505
mix_UI_ST_5400_1016,0.2294685
cauldron_ln_16589,0.60013866
cauldron_ln_17379,0.6928069
mix_SI_UT_5400_129,0.26601335
mix_UI_ST_5400_923,0.44186136
cauldron_ln_17710,0.72462165
mix_UI_ST_5400_648,0.6227533
mix_UI_ST_5400_555,0.36662394
cauldron_ln_26682,0.5453207
cauldron_ln_16763,0.46333802
cauldron_ln_28034,0.6895682
cauldron_ln_23349,0.7130677
cauldron_ln_14415,0.5340818
mix_SI_UT_5400_1472,0.57723224
mix_UI_ST_5400_300,0.6509739
mix_SI_UT_5400_124,0.0743597
mix_UI_ST_5400_1409,0.12073894
mix_UI_ST_5400_1013,0.16709599
cauldron_ln_18111,0.6651748
mix_SI_UT_5400_1306,0.24773727
cauldron_ln_4359,0.6580473
mix_SI_UT_5400_50,0.08300941
mix_SI_UT_5400_323,0.31784812
cauldron_ln_18951,0.6902712
cauldron_ln_860,0.5807909
mix_SI_UT_5400_1085,0.10683498
mix_UI_ST_5400_1363,0.25352108
mix_SI_UT_5400_502,0.25537542
mix_UI_ST_5400_770,0.08564542
cauldron_ln_13636,0.72574997
mix_UI_ST_5400_994,0.6283865
cauldron_ln_14504,0.57564086
mix_SI_UT_5400_573,0.22690733
mix_SI_UT_5400_845,0.5457418
cauldron_ln_23336,0.6975428
cauldron_ln_10507,0.68383455
mix_SI_UT_5400_349,0.0798478
mix_SI_UT_5400_1056,0.10455202
cauldron_ln_7437,0.5737466
cauldron_ln_13007,0.7774466
cauldron_ln_11676,0.51680994
mix_UI_ST_5400_1427,0.048400037
cauldron_ln_15198,0.5729972
cauldron_ln_6053,0.5370514
mix_SI_UT_5400_568,0.31115577
cauldron_ln_14774,0.32752934
cauldron_ln_421,0.40344137
cauldron_ln_6210,0.77238244
cauldron_ln_13819,0.55935127
mix_SI_UT_5400_210,0.2144457
cauldron_ln_9651,0.6071935
cauldron_ln_16083,0.6844863
cauldron_ln_15536,0.49454227
mix_UI_ST_5400_747,0.09933019
cauldron_ln_21235,0.7074508
mix_SI_UT_5400_194,0.053013064
cauldron_ln_15802,0.72469133
mix_UI_ST_5400_1429,0.12414222
mix_SI_UT_5400_886,0.09597914
mix_SI_UT_5400_127,0.5798619
cauldron_ln_19596,0.6667739
mix_SI_UT_5400_402,0.12252628
cauldron_ln_18022,0.3926159
mix_SI_UT_5400_1457,0.24251541
mix_SI_UT_5400_1199,0.5627187
cauldron_ln_11442,0.59168
mix_SI_UT_5400_178,0.12524004
mix_UI_ST_5400_864,0.26085815
mix_SI_UT_5400_241,0.55249196
mix_UI_ST_5400_277,0.45359033
mix_SI_UT_5400_860,0.112848334
mix_UI_ST_5400_973,0.19291097
cauldron_ln_6867,0.76974404
mix_UI_ST_5400_758,0.1535208
cauldron_ln_17831,0.602317
mix_SI_UT_5400_1269,0.37069803
cauldron_ln_14522,0.75799793
cauldron_ln_6223,0.74621075
cauldron_ln_24821,0.46768466
cauldron_ln_17435,0.62942874
mix_SI_UT_5400_1110,0.06546273
mix_UI_ST_5400_1142,0.090455346
cauldron_ln_5819,0.3024987
cauldron_ln_4761,0.6758951
cauldron_ln_27023,0.49683255
mix_UI_ST_5400_623,0.22722308
cauldron_ln_9369,0.71816266
mix_UI_ST_5400_551,0.3376587
cauldron_ln_24753,0.2852446
cauldron_ln_21612,0.72698736
cauldron_ln_8713,0.3685355
mix_SI_UT_5400_186,0.09496714
cauldron_ln_2877,0.7055264
mix_UI_ST_5400_788,0.42605773
mix_UI_ST_5400_1214,0.30778915
cauldron_ln_29736,0.7260079
cauldron_ln_26010,0.6481547
mix_UI_ST_5400_1162,0.67554545
mix_SI_UT_5400_905,0.052269004
cauldron_ln_177,0.73843145
mix_UI_ST_5400_147,0.08255683
mix_UI_ST_5400_146,0.050453722
mix_UI_ST_5400_384,0.22809505
mix_UI_ST_5400_862,0.15587027
cauldron_ln_19632,0.67738885
mix_UI_ST_5400_1488,0.22899126
mix_UI_ST_5400_584,0.16980773
cauldron_ln_3883,0.5586665
mix_UI_ST_5400_295,0.1233602
mix_SI_UT_5400_1434,0.16520877
cauldron_ln_6698,0.77115
cauldron_ln_16987,0.6293488
cauldron_ln_4539,0.64605767
mix_UI_ST_5400_835,0.30688554
cauldron_ln_12698,0.75235826
cauldron_ln_23389,0.6935088
mix_UI_ST_5400_450,0.32656005
cauldron_ln_12902,0.5498833
cauldron_ln_13564,0.6895258
mix_UI_ST_5400_880,0.14631034
mix_SI_UT_5400_1191,0.30194506
mix_SI_UT_5400_522,0.2509436
mix_UI_ST_5400_468,0.15055923
cauldron_ln_4153,0.7846081
mix_SI_UT_5400_142,0.13259523
mix_UI_ST_5400_1079,0.6209073
mix_SI_UT_5400_918,0.09190137
mix_SI_UT_5400_294,0.07796042
mix_UI_ST_5400_889,0.3375741
cauldron_ln_20366,0.7510132
cauldron_ln_26793,0.7253236
cauldron_ln_19239,0.74992245
mix_UI_ST_5400_434,0.23161533
mix_SI_UT_5400_997,0.14168744
mix_SI_UT_5400_206,0.16601855
mix_UI_ST_5400_163,0.14567938
cauldron_ln_6069,0.74747884
mix_UI_ST_5400_1154,0.20196842
cauldron_ln_16888,0.6997172
cauldron_ln_17608,0.6716091
cauldron_ln_11615,0.7001485
cauldron_ln_8564,0.70337003
mix_UI_ST_5400_743,0.56440705
cauldron_ln_16933,0.68008417
cauldron_ln_16783,0.74006116
mix_UI_ST_5400_620,0.32993585
mix_SI_UT_5400_906,0.36197615
mix_SI_UT_5400_600,0.10847098
cauldron_ln_18123,0.7187368
mix_SI_UT_5400_963,0.45071054
mix_UI_ST_5400_681,0.22625098
cauldron_ln_16186,0.66295516
mix_SI_UT_5400_9,0.4805759
mix_UI_ST_5400_1218,0.16447026
mix_UI_ST_5400_740,0.23025243
mix_UI_ST_5400_428,0.42017108
cauldron_ln_20311,0.5439444
mix_SI_UT_5400_610,0.35512942
cauldron_ln_13634,0.617337
mix_UI_ST_5400_406,0.08106185
mix_SI_UT_5400_829,0.48652977
cauldron_ln_16070,0.60516316
mix_UI_ST_5400_870,0.21801932
mix_SI_UT_5400_1328,0.6486805
mix_UI_ST_5400_216,0.17691132
cauldron_ln_8369,0.38676295
mix_SI_UT_5400_612,0.37585694
mix_UI_ST_5400_1047,0.3974753
mix_SI_UT_5400_1469,0.062854216
cauldron_ln_27013,0.6135796
mix_SI_UT_5400_833,0.34821478
cauldron_ln_21736,0.67645425
mix_UI_ST_5400_667,0.2455779
mix_UI_ST_5400_410,0.31190863
cauldron_ln_20031,0.7627826
cauldron_ln_7481,0.6753988
mix_UI_ST_5400_320,0.72199094
mix_UI_ST_5400_814,0.12474304
mix_UI_ST_5400_513,0.091466606
mix_UI_ST_5400_1029,0.16831356
mix_SI_UT_5400_1089,0.21024708
mix_SI_UT_5400_1464,0.38409433
cauldron_ln_15914,0.70831007
cauldron_ln_22809,0.29019
cauldron_ln_8604,0.15743294
mix_UI_ST_5400_375,0.11285075
cauldron_ln_9296,0.702611
mix_SI_UT_5400_1035,0.31660387
cauldron_ln_9555,0.49988803
mix_UI_ST_5400_1497,0.053189106
cauldron_ln_14040,0.7525289
cauldron_ln_16431,0.5874515
mix_SI_UT_5400_500,0.13287927
cauldron_ln_26292,0.7234414
mix_SI_UT_5400_283,0.13828044
mix_SI_UT_5400_1431,0.039149277
mix_UI_ST_5400_1,0.17122315
mix_SI_UT_5400_1353,0.22354013
cauldron_ln_1981,0.74774057
mix_UI_ST_5400_210,0.28800243
cauldron_ln_13884,0.78330076
mix_UI_ST_5400_292,0.11446699
mix_SI_UT_5400_644,0.047008242
cauldron_ln_29798,0.7026119
mix_UI_ST_5400_1114,0.25455543
mix_SI_UT_5400_328,0.11258
mix_UI_ST_5400_97,0.07912246
mix_SI_UT_5400_1307,0.27763423
cauldron_ln_18108,0.2974763
mix_SI_UT_5400_117,0.15104966
cauldron_ln_17470,0.7435935
cauldron_ln_28348,0.5242313
cauldron_ln_18947,0.65760714
mix_UI_ST_5400_657,0.14085248
mix_SI_UT_5400_530,0.24750395
cauldron_ln_3785,0.73600507
mix_UI_ST_5400_708,0.060405575
mix_SI_UT_5400_781,0.2290181
cauldron_ln_13700,0.6877372
cauldron_ln_25001,0.56656307
cauldron_ln_19817,0.6504312
cauldron_ln_14818,0.5348597
cauldron_ln_21228,0.62174296
mix_UI_ST_5400_1414,0.56036365
cauldron_ln_19274,0.543572
cauldron_ln_6825,0.28551608
cauldron_ln_7736,0.644389
mix_UI_ST_5400_1257,0.33156306
mix_UI_ST_5400_415,0.31971428
mix_SI_UT_5400_1193,0.0886831
mix_UI_ST_5400_14,0.64912546
cauldron_ln_1790,0.7565507
cauldron_ln_12661,0.4297904
cauldron_ln_13082,0.7612953
cauldron_ln_9158,0.3683354
mix_UI_ST_5400_1300,0.17771976
mix_SI_UT_5400_984,0.21463557
mix_SI_UT_5400_3,0.5203532
cauldron_ln_2197,0.10903521
mix_UI_ST_5400_979,0.15236321
mix_UI_ST_5400_72,0.07103291
mix_SI_UT_5400_488,0.27812597
mix_UI_ST_5400_324,0.04255675
mix_UI_ST_5400_1205,0.058245253
cauldron_ln_13474,0.6913
mix_SI_UT_5400_54,0.554778
mix_UI_ST_5400_716,0.070461564
cauldron_ln_15320,0.66480154
cauldron_ln_15549,0.36820388
mix_UI_ST_5400_1103,0.16878203
cauldron_ln_19448,0.27949208
cauldron_ln_26571,0.5203022
cauldron_ln_29873,0.6577421
cauldron_ln_16916,0.5098265
cauldron_ln_12019,0.78110266
cauldron_ln_22928,0.77079606
cauldron_ln_7249,0.6236344
mix_UI_ST_5400_719,0.13905339
cauldron_ln_2077,0.7701281
cauldron_ln_19851,0.7423115
mix_SI_UT_5400_27,0.2021223
mix_SI_UT_5400_921,0.13604987
mix_SI_UT_5400_1445,0.12830134
cauldron_ln_9940,0.15102604
cauldron_ln_29999,0.5656119
cauldron_ln_15196,0.76391965
cauldron_ln_5789,0.32390258
cauldron_ln_26432,0.6424521
cauldron_ln_7644,0.5448721
mix_SI_UT_5400_1310,0.0557428
mix_SI_UT_5400_41,0.2155158
cauldron_ln_5555,0.712826
cauldron_ln_21874,0.09173405
mix_SI_UT_5400_313,0.2513189
cauldron_ln_20892,0.78506804
mix_SI_UT_5400_409,0.39304954
mix_UI_ST_5400_1278,0.2691547
mix_UI_ST_5400_1394,0.095810674
cauldron_ln_12561,0.59086627
mix_SI_UT_5400_949,0.36594006
mix_SI_UT_5400_1132,0.19149114
cauldron_ln_26644,0.5590854
cauldron_ln_8565,0.5967338
cauldron_ln_14144,0.76635313
mix_SI_UT_5400_481,0.09584137
cauldron_ln_6571,0.5081557
cauldron_ln_13804,0.72652763
mix_SI_UT_5400_1128,0.23497665
mix_SI_UT_5400_179,0.1844795
cauldron_ln_15164,0.4970115
cauldron_ln_27863,0.737501
cauldron_ln_404,0.7004082
mix_SI_UT_5400_546,0.5210736
mix_UI_ST_5400_224,0.11558637
cauldron_ln_28033,0.4428454
cauldron_ln_16488,0.5646676
cauldron_ln_28640,0.4485808
cauldron_ln_25499,0.37425077
mix_UI_ST_5400_680,0.090585165
cauldron_ln_2780,0.75344163
mix_UI_ST_5400_307,0.32695818
cauldron_ln_28054,0.13132773
cauldron_ln_23972,0.6368937
cauldron_ln_23194,0.6062739
mix_SI_UT_5400_1084,0.18944867
mix_SI_UT_5400_705,0.46686548
mix_UI_ST_5400_1321,0.3218052
cauldron_ln_10760,0.46656966
cauldron_ln_10917,0.62194556
cauldron_ln_14306,0.3195987
cauldron_ln_1329,0.37622634
cauldron_ln_17719,0.2043166
cauldron_ln_4393,0.5895423
mix_SI_UT_5400_1244,0.29532188
cauldron_ln_29431,0.58623433
mix_SI_UT_5400_662,0.2849396
mix_UI_ST_5400_678,0.5854664
mix_UI_ST_5400_1473,0.121809036
cauldron_ln_11681,0.5062138
mix_UI_ST_5400_420,0.12712984
mix_UI_ST_5400_373,0.24625568
cauldron_ln_16984,0.45957693
cauldron_ln_24697,0.75173193
cauldron_ln_19256,0.78200835
cauldron_ln_9960,0.6698581
mix_SI_UT_5400_1220,0.06285314
mix_UI_ST_5400_533,0.1017376
cauldron_ln_13809,0.13147047
cauldron_ln_19660,0.70311344
mix_UI_ST_5400_1216,0.0877161
mix_UI_ST_5400_872,0.07368444
mix_UI_ST_5400_1082,0.64377165
mix_UI_ST_5400_1046,0.7155091
mix_SI_UT_5400_1114,0.2588291
cauldron_ln_2829,0.46620026
mix_UI_ST_5400_1176,0.061733
cauldron_ln_2053,0.7280296
mix_SI_UT_5400_1499,0.14381187
cauldron_ln_24293,0.7279859
cauldron_ln_17144,0.6335426
cauldron_ln_8179,0.66868925
mix_SI_UT_5400_157,0.03431371
mix_UI_ST_5400_489,0.08545528
cauldron_ln_23246,0.7710679
mix_UI_ST_5400_1173,0.22072415
mix_SI_UT_5400_299,0.30559427
cauldron_ln_8985,0.7612228
cauldron_ln_6677,0.77920514
cauldron_ln_5292,0.6756954
mix_UI_ST_5400_236,0.2621419
mix_UI_ST_5400_267,0.050177842
mix_UI_ST_5400_821,0.2120804
cauldron_ln_17652,0.79029334
mix_SI_UT_5400_225,0.48538235
cauldron_ln_18855,0.60552377
mix_SI_UT_5400_1268,0.18150179
mix_SI_UT_5400_821,0.45759657
cauldron_ln_8107,0.31071344
mix_UI_ST_5400_1134,0.17243771
cauldron_ln_27277,0.58678716
cauldron_ln_26657,0.7061754
cauldron_ln_29048,0.39390504
cauldron_ln_29641,0.28548393
mix_UI_ST_5400_110,0.10662332
cauldron_ln_23096,0.3573002
mix_SI_UT_5400_132,0.08757514
mix_UI_ST_5400_1105,0.33499888
cauldron_ln_27854,0.6867879
cauldron_ln_3099,0.758867
cauldron_ln_8470,0.67576075
cauldron_ln_29646,0.68836874
mix_UI_ST_5400_989,0.43265182
cauldron_ln_10382,0.5778317
mix_UI_ST_5400_364,0.28437436
cauldron_ln_17765,0.7698472
cauldron_ln_19154,0.65984964
cauldron_ln_11852,0.7927129
mix_UI_ST_5400_79,0.4937311
cauldron_ln_11481,0.6866982
cauldron_ln_12863,0.6449847
mix_UI_ST_5400_1253,0.21938613
cauldron_ln_26204,0.7784566
cauldron_ln_6788,0.73813677
mix_SI_UT_5400_627,0.24130985
cauldron_ln_10924,0.646481
cauldron_ln_13648,0.7547968
cauldron_ln_24598,0.20159137
cauldron_ln_20014,0.75811476
mix_SI_UT_5400_737,0.29312846
mix_UI_ST_5400_839,0.21859914
mix_SI_UT_5400_482,0.47831133
cauldron_ln_18323,0.44651437
cauldron_ln_9762,0.73164076
mix_SI_UT_5400_236,0.058432683
cauldron_ln_22583,0.75931484
mix_SI_UT_5400_1391,0.08411663
mix_UI_ST_5400_1070,0.5604406
cauldron_ln_1782,0.24533135
mix_UI_ST_5400_1344,0.09124256
cauldron_ln_17611,0.48789084
cauldron_ln_16644,0.4171498
mix_UI_ST_5400_203,0.10249477
mix_SI_UT_5400_784,0.14168902
mix_UI_ST_5400_26,0.20876125
mix_UI_ST_5400_130,0.37977418
mix_SI_UT_5400_1121,0.06657909
mix_SI_UT_5400_152,0.43241134
cauldron_ln_26466,0.7738724
mix_SI_UT_5400_81,0.16016294
cauldron_ln_26596,0.7654935
cauldron_ln_11921,0.44241706
mix_UI_ST_5400_370,0.11621115
mix_UI_ST_5400_892,0.1329215
cauldron_ln_26434,0.6873867
mix_UI_ST_5400_702,0.0819037
mix_SI_UT_5400_1453,0.43258977
cauldron_ln_28653,0.6259136
cauldron_ln_17423,0.43627882
cauldron_ln_8782,0.72260356
mix_UI_ST_5400_199,0.08967933
cauldron_ln_13080,0.5793525
cauldron_ln_8145,0.5379862
mix_UI_ST_5400_1443,0.07398013
mix_SI_UT_5400_49,0.06725917
cauldron_ln_6012,0.1983402
cauldron_ln_19709,0.78065014
cauldron_ln_21574,0.7933765
mix_SI_UT_5400_1334,0.58121026
cauldron_ln_23446,0.6610208
cauldron_ln_2872,0.7492973
mix_UI_ST_5400_674,0.102389984
cauldron_ln_6406,0.7838759
cauldron_ln_4547,0.7468618
mix_SI_UT_5400_645,0.10493315
cauldron_ln_11633,0.16602303
mix_UI_ST_5400_1402,0.16863742
cauldron_ln_19308,0.6631643
mix_SI_UT_5400_404,0.33152723
mix_UI_ST_5400_207,0.31584692
cauldron_ln_20103,0.6650057
mix_UI_ST_5400_419,0.14891444
cauldron_ln_3654,0.7179528
mix_UI_ST_5400_781,0.16363358
mix_SI_UT_5400_563,0.20263505
cauldron_ln_2740,0.5581844
mix_SI_UT_5400_1091,0.36731982
cauldron_ln_6341,0.2360317
mix_UI_ST_5400_372,0.048644435
cauldron_ln_2979,0.769602
mix_SI_UT_5400_1210,0.24404205
cauldron_ln_28560,0.6490452
mix_UI_ST_5400_619,0.5366879
cauldron_ln_27840,0.7269678
cauldron_ln_23782,0.74986964
cauldron_ln_2910,0.7216906
cauldron_ln_11028,0.45585752
mix_UI_ST_5400_1389,0.06565029
cauldron_ln_18802,0.6518537
cauldron_ln_23051,0.72590625
cauldron_ln_7951,0.56210375
cauldron_ln_28881,0.7585158
cauldron_ln_10666,0.2395293
mix_UI_ST_5400_137,0.5814856
mix_SI_UT_5400_852,0.35758847
cauldron_ln_16855,0.5218608
cauldron_ln_10076,0.39343897
cauldron_ln_3816,0.6734077
cauldron_ln_2040,0.7607617
mix_UI_ST_5400_1464,0.36867744
cauldron_ln_28430,0.38854447
mix_SI_UT_5400_902,0.068174474
cauldron_ln_1260,0.78844243
mix_SI_UT_5400_603,0.6959665
cauldron_ln_5279,0.6350515
mix_UI_ST_5400_851,0.18710998
cauldron_ln_7591,0.7542633
mix_UI_ST_5400_621,0.60260934
cauldron_ln_27983,0.7449473
mix_UI_ST_5400_1400,0.33669317
cauldron_ln_5637,0.6742747
mix_SI_UT_5400_453,0.124550596
cauldron_ln_14175,0.5208446
mix_SI_UT_5400_169,0.2858224
cauldron_ln_21850,0.2838609
mix_UI_ST_5400_1476,0.4318361
mix_UI_ST_5400_1050,0.09754728
cauldron_ln_1979,0.7781904
mix_UI_ST_5400_507,0.57704365
mix_UI_ST_5400_800,0.3149569
cauldron_ln_11318,0.7311998
cauldron_ln_22285,0.71843785
cauldron_ln_11152,0.75217444
mix_UI_ST_5400_547,0.14025621
cauldron_ln_2496,0.5724759
cauldron_ln_5623,0.54434276
mix_UI_ST_5400_517,0.20428562
cauldron_ln_27486,0.21060133
mix_SI_UT_5400_1416,0.2474668
cauldron_ln_11789,0.5624841
cauldron_ln_23326,0.7611555
cauldron_ln_11838,0.5499367
cauldron_ln_29771,0.71371186
cauldron_ln_13953,0.50819397
cauldron_ln_20633,0.18501349
mix_UI_ST_5400_1295,0.2290488
cauldron_ln_10213,0.72131974
cauldron_ln_1689,0.3937852
cauldron_ln_11123,0.21237624
cauldron_ln_29523,0.6300746
mix_UI_ST_5400_704,0.3218846
cauldron_ln_13903,0.22411877
cauldron_ln_3041,0.7305771
cauldron_ln_10998,0.6310498
cauldron_ln_1872,0.19749671
cauldron_ln_21548,0.74566925
mix_SI_UT_5400_735,0.061647203
cauldron_ln_6732,0.67888963
cauldron_ln_11141,0.7518524
cauldron_ln_9267,0.7456706
mix_SI_UT_5400_1019,0.09949194
cauldron_ln_13584,0.7334664
cauldron_ln_22692,0.2463312
mix_SI_UT_5400_1053,0.28605273
cauldron_ln_13337,0.7046276
mix_SI_UT_5400_1420,0.068122424
cauldron_ln_484,0.7631896
cauldron_ln_5365,0.67993283
cauldron_ln_1491,0.78780764
mix_UI_ST_5400_520,0.04780475
mix_SI_UT_5400_743,0.46192816
cauldron_ln_9258,0.7227748
mix_SI_UT_5400_1007,0.1350545
cauldron_ln_5068,0.6881612
mix_UI_ST_5400_455,0.12953475
cauldron_ln_12465,0.68969643
mix_UI_ST_5400_107,0.18315792
mix_SI_UT_5400_882,0.14679965
cauldron_ln_16967,0.74146354
mix_UI_ST_5400_87,0.54117376
mix_UI_ST_5400_548,0.20090087
mix_SI_UT_5400_198,0.14752148
mix_UI_ST_5400_564,0.100239076
mix_SI_UT_5400_28,0.41535085
mix_SI_UT_5400_1102,0.3537944
mix_UI_ST_5400_970,0.4925132
mix_UI_ST_5400_585,0.5634525
mix_UI_ST_5400_913,0.056377295
mix_UI_ST_5400_175,0.14029294
cauldron_ln_26401,0.6111846
cauldron_ln_28161,0.6788275
mix_UI_ST_5400_1377,0.36974803
mix_UI_ST_5400_341,0.5450237
mix_UI_ST_5400_1392,0.31550333
cauldron_ln_9207,0.57565975
mix_SI_UT_5400_611,0.2723143
mix_SI_UT_5400_731,0.14845398
mix_UI_ST_5400_824,0.23343827
cauldron_ln_25254,0.6846265
cauldron_ln_13600,0.57413757
cauldron_ln_26891,0.3364682
cauldron_ln_10523,0.57393414
cauldron_ln_12106,0.6950149
mix_UI_ST_5400_0,0.059713025
mix_UI_ST_5400_950,0.26419055
cauldron_ln_14467,0.5081094
cauldron_ln_6405,0.4919252
mix_SI_UT_5400_593,0.09966738
cauldron_ln_6650,0.7448031
cauldron_ln_22637,0.17660044
mix_SI_UT_5400_1047,0.20862012
cauldron_ln_6415,0.63162357
cauldron_ln_7318,0.7147829
cauldron_ln_22781,0.7719208
mix_SI_UT_5400_1024,0.44846883
mix_UI_ST_5400_1091,0.5883201
mix_UI_ST_5400_502,0.06308708
mix_UI_ST_5400_90,0.076455735
cauldron_ln_20857,0.7464065
mix_SI_UT_5400_597,0.34685487
cauldron_ln_8259,0.59318674
cauldron_ln_9356,0.28682342
cauldron_ln_19336,0.57264847
cauldron_ln_20463,0.65851074
cauldron_ln_16227,0.6606598
mix_SI_UT_5400_384,0.5659711
cauldron_ln_20135,0.74876547
cauldron_ln_26495,0.7484684
cauldron_ln_5325,0.28651848
mix_UI_ST_5400_1149,0.25815633
cauldron_ln_22270,0.7635061
cauldron_ln_17453,0.71449435
cauldron_ln_1281,0.50044405
cauldron_ln_2774,0.6468678
mix_SI_UT_5400_771,0.5208712
mix_UI_ST_5400_162,0.099406436
cauldron_ln_10441,0.6927609
cauldron_ln_15689,0.6640819
cauldron_ln_19565,0.77242184
cauldron_ln_20329,0.6914656
cauldron_ln_17860,0.6495763
cauldron_ln_3512,0.28521097
mix_UI_ST_5400_1085,0.54253185
mix_SI_UT_5400_1339,0.26767427
mix_SI_UT_5400_1135,0.5934306
cauldron_ln_11032,0.29731262
mix_UI_ST_5400_494,0.3098449
cauldron_ln_26370,0.21586126
mix_SI_UT_5400_327,0.08382694
mix_SI_UT_5400_1208,0.38718688
cauldron_ln_9468,0.6994504
mix_UI_ST_5400_296,0.2985903
mix_UI_ST_5400_706,0.03500913
mix_SI_UT_5400_785,0.29667628
cauldron_ln_3780,0.7436438
mix_UI_ST_5400_1390,0.21004757
mix_SI_UT_5400_1229,0.21811543
mix_SI_UT_5400_1483,0.25883508
mix_UI_ST_5400_948,0.18148887
cauldron_ln_1666,0.5335975
mix_SI_UT_5400_457,0.629932
cauldron_ln_16721,0.70798194
mix_UI_ST_5400_70,0.11302355
mix_UI_ST_5400_912,0.40045315
mix_UI_ST_5400_841,0.21581943
mix_SI_UT_5400_449,0.27051777
mix_SI_UT_5400_421,0.08757666
cauldron_ln_15389,0.596865
cauldron_ln_7316,0.6746813
mix_UI_ST_5400_1028,0.10906481
mix_SI_UT_5400_309,0.5205753
mix_SI_UT_5400_231,0.26810807
cauldron_ln_27417,0.7762359
mix_UI_ST_5400_336,0.047616657
mix_SI_UT_5400_219,0.57317
mix_UI_ST_5400_1258,0.5151061
cauldron_ln_4723,0.7102159
mix_SI_UT_5400_895,0.47532842
mix_SI_UT_5400_1055,0.3496835
cauldron_ln_26520,0.6616471
mix_UI_ST_5400_775,0.1291916
mix_UI_ST_5400_121,0.48724735
mix_SI_UT_5400_866,0.27821663
mix_SI_UT_5400_1211,0.28640327
cauldron_ln_17134,0.6349185
mix_SI_UT_5400_1127,0.13460782
mix_UI_ST_5400_1350,0.090032876
cauldron_ln_24520,0.7375315
cauldron_ln_8373,0.1312063
cauldron_ln_15240,0.70404273
mix_SI_UT_5400_623,0.4919498
cauldron_ln_14417,0.78106886
cauldron_ln_7665,0.4609445
mix_UI_ST_5400_1445,0.44472286
cauldron_ln_17054,0.70604867
mix_UI_ST_5400_746,0.06324637
mix_UI_ST_5400_557,0.08937258
cauldron_ln_2381,0.6182918
cauldron_ln_7346,0.79223675
mix_SI_UT_5400_411,0.38721746
mix_SI_UT_5400_1051,0.20195574
cauldron_ln_20476,0.70059705
cauldron_ln_8736,0.558747
mix_UI_ST_5400_550,0.06607555
mix_SI_UT_5400_1181,0.19591752
mix_SI_UT_5400_320,0.33330327
cauldron_ln_8669,0.4241992
cauldron_ln_21852,0.66124475
mix_SI_UT_5400_422,0.5280188
cauldron_ln_22000,0.7034398
mix_UI_ST_5400_771,0.2258023
mix_UI_ST_5400_1272,0.14072818
cauldron_ln_9793,0.6365038
mix_SI_UT_5400_674,0.5155248
cauldron_ln_9271,0.6358465
cauldron_ln_818,0.6517679
mix_UI_ST_5400_577,0.5174015
mix_SI_UT_5400_472,0.056010712
cauldron_ln_1675,0.5984256
mix_UI_ST_5400_1494,0.08679076
mix_UI_ST_5400_113,0.58266604
mix_UI_ST_5400_1129,0.20028885
mix_SI_UT_5400_1002,0.30717754
cauldron_ln_16676,0.72958356
cauldron_ln_15061,0.6369907
cauldron_ln_16651,0.5394899
cauldron_ln_21197,0.73446035
mix_UI_ST_5400_791,0.089214265
cauldron_ln_21171,0.7658464
mix_SI_UT_5400_463,0.38327956
mix_SI_UT_5400_1126,0.11735548
cauldron_ln_7165,0.6176535
mix_SI_UT_5400_361,0.20327511
cauldron_ln_21692,0.5837427
mix_UI_ST_5400_63,0.07274797
cauldron_ln_10304,0.7215732
mix_SI_UT_5400_1325,0.42799225
mix_SI_UT_5400_968,0.23365773
cauldron_ln_21834,0.7706609
mix_UI_ST_5400_1052,0.24278994
cauldron_ln_18910,0.3132561
cauldron_ln_22299,0.7098087
mix_SI_UT_5400_480,0.1901787
mix_UI_ST_5400_1422,0.062379356
mix_SI_UT_5400_429,0.2233394
mix_UI_ST_5400_1404,0.1015003
cauldron_ln_25262,0.73428565
mix_UI_ST_5400_250,0.44513664
mix_UI_ST_5400_849,0.2637778
cauldron_ln_11,0.5211822
mix_UI_ST_5400_1490,0.2081434
cauldron_ln_14832,0.44203743
mix_SI_UT_5400_768,0.61125785
mix_UI_ST_5400_819,0.1243363
cauldron_ln_11845,0.7511744
mix_UI_ST_5400_1351,0.5761857
cauldron_ln_19653,0.22835529
mix_SI_UT_5400_576,0.3604061
cauldron_ln_26756,0.7497865
mix_SI_UT_5400_1112,0.71814495
mix_UI_ST_5400_357,0.4462191
mix_SI_UT_5400_251,0.07847254
cauldron_ln_13141,0.786998
cauldron_ln_26033,0.6375586
cauldron_ln_14831,0.22054274
cauldron_ln_16939,0.66222686
cauldron_ln_15206,0.7598342
cauldron_ln_25650,0.68614566
mix_UI_ST_5400_1307,0.14905414
cauldron_ln_19733,0.8000063
mix_SI_UT_5400_621,0.37296957
mix_SI_UT_5400_1335,0.37348452
cauldron_ln_3539,0.6369768
mix_SI_UT_5400_1027,0.25984615
mix_UI_ST_5400_1342,0.05458935
cauldron_ln_10196,0.54319197
cauldron_ln_2044,0.43427262
cauldron_ln_13161,0.638532
cauldron_ln_9533,0.5678153
cauldron_ln_28475,0.7597959
cauldron_ln_1471,0.661006
mix_SI_UT_5400_215,0.2792362
cauldron_ln_18903,0.698773
mix_UI_ST_5400_569,0.6595956
mix_UI_ST_5400_1481,0.24325015
cauldron_ln_3985,0.37195152
mix_SI_UT_5400_1349,0.21471444
mix_UI_ST_5400_525,0.16172773
cauldron_ln_15160,0.67872113
mix_SI_UT_5400_167,0.22346376
cauldron_ln_918,0.5699563
mix_SI_UT_5400_697,0.5422401
mix_SI_UT_5400_1487,0.09194774
mix_UI_ST_5400_588,0.2434784
cauldron_ln_9625,0.77361
cauldron_ln_3905,0.7553545
cauldron_ln_15538,0.6100569
mix_UI_ST_5400_114,0.6317617
mix_UI_ST_5400_475,0.052181285
mix_SI_UT_5400_1449,0.050987825
cauldron_ln_13108,0.7844439
cauldron_ln_29882,0.34698543
mix_UI_ST_5400_888,0.43403524
mix_UI_ST_5400_922,0.09469502
cauldron_ln_29688,0.6807756
mix_SI_UT_5400_1363,0.35240436
cauldron_ln_8510,0.7265105
mix_SI_UT_5400_800,0.06419773
cauldron_ln_14074,0.71741223
cauldron_ln_19316,0.36518523
cauldron_ln_12289,0.53046554
cauldron_ln_7807,0.7199423
mix_SI_UT_5400_557,0.10050612
mix_UI_ST_5400_352,0.049769185
cauldron_ln_8328,0.6473024
mix_SI_UT_5400_1028,0.19393823
mix_UI_ST_5400_141,0.33175635
mix_UI_ST_5400_652,0.711314
mix_SI_UT_5400_1301,0.102625735
cauldron_ln_19666,0.6163746
mix_SI_UT_5400_1075,0.18540643
mix_SI_UT_5400_1364,0.23802829
mix_UI_ST_5400_1152,0.06276703
cauldron_ln_2837,0.48147932
mix_UI_ST_5400_382,0.24030083
mix_UI_ST_5400_1009,0.033684704
cauldron_ln_7360,0.5514182
mix_SI_UT_5400_1179,0.08151048
cauldron_ln_9591,0.7010663
cauldron_ln_16368,0.7136414
cauldron_ln_4940,0.7532025
mix_UI_ST_5400_442,0.3818861
cauldron_ln_4480,0.7217729
cauldron_ln_15455,0.7621397
mix_UI_ST_5400_744,0.089749694
mix_UI_ST_5400_642,0.389668
mix_UI_ST_5400_1399,0.3388426
cauldron_ln_3823,0.72316855
mix_SI_UT_5400_1037,0.09242786
cauldron_ln_29573,0.68552405
mix_UI_ST_5400_959,0.09429858
mix_UI_ST_5400_388,0.6681292
mix_SI_UT_5400_1123,0.24127662
mix_UI_ST_5400_980,0.32319784
mix_UI_ST_5400_1030,0.193894
cauldron_ln_8644,0.72979116
cauldron_ln_20564,0.79224384
cauldron_ln_8233,0.4514601
mix_SI_UT_5400_1023,0.08337899
cauldron_ln_5573,0.65866697
cauldron_ln_8296,0.68690825
mix_UI_ST_5400_1347,0.47604737
cauldron_ln_13228,0.35971454
mix_UI_ST_5400_1303,0.05888375
mix_SI_UT_5400_286,0.19964668
cauldron_ln_21227,0.09185073
cauldron_ln_15532,0.48552647
mix_UI_ST_5400_823,0.15936467
mix_SI_UT_5400_1488,0.22539096
mix_UI_ST_5400_1417,0.08478464
cauldron_ln_19723,0.7160406
cauldron_ln_22974,0.60437125
cauldron_ln_15569,0.30145836
cauldron_ln_26382,0.72449344
cauldron_ln_2211,0.70306057
mix_UI_ST_5400_606,0.43412113
mix_UI_ST_5400_1435,0.29093552
cauldron_ln_27016,0.66223496
mix_UI_ST_5400_181,0.6794424
cauldron_ln_9014,0.6538261
cauldron_ln_25492,0.6019277
cauldron_ln_22049,0.70622766
mix_SI_UT_5400_658,0.67723984
mix_SI_UT_5400_983,0.5357743
mix_SI_UT_5400_933,0.26835445
cauldron_ln_29687,0.7722685
cauldron_ln_25374,0.6896452
mix_SI_UT_5400_333,0.31898212
cauldron_ln_29681,0.060087256
cauldron_ln_27090,0.4146758
mix_SI_UT_5400_1205,0.06596626
mix_UI_ST_5400_1458,0.2385718
mix_UI_ST_5400_515,0.48248467
cauldron_ln_14329,0.26946297
cauldron_ln_20222,0.65802175
cauldron_ln_19058,0.71501607
mix_UI_ST_5400_1311,0.57354057
cauldron_ln_26787,0.1076908
cauldron_ln_5975,0.63849807
mix_UI_ST_5400_815,0.13403918
cauldron_ln_20769,0.68507373
cauldron_ln_5934,0.736161
cauldron_ln_7235,0.7454673
cauldron_ln_10535,0.7136026
cauldron_ln_15308,0.45690143
mix_UI_ST_5400_140,0.66277885
cauldron_ln_14610,0.61412144
cauldron_ln_17525,0.6865902
mix_UI_ST_5400_1183,0.39836565
mix_UI_ST_5400_340,0.044765648
mix_SI_UT_5400_1297,0.101553135
mix_SI_UT_5400_723,0.07900017
cauldron_ln_16649,0.77395034
cauldron_ln_25084,0.5220597
mix_SI_UT_5400_39,0.13414684
mix_SI_UT_5400_175,0.21388245
cauldron_ln_29494,0.7341808
cauldron_ln_5166,0.66834533
cauldron_ln_8286,0.5979043
cauldron_ln_10043,0.72395307
cauldron_ln_12975,0.7434967
mix_UI_ST_5400_677,0.09111363
cauldron_ln_19424,0.6823565
cauldron_ln_9227,0.3945162
cauldron_ln_18688,0.55771595
cauldron_ln_14727,0.6639741
cauldron_ln_4613,0.18794103
mix_UI_ST_5400_961,0.40458247
cauldron_ln_29632,0.56297344
cauldron_ln_20245,0.6761886
mix_UI_ST_5400_490,0.18616267
cauldron_ln_19982,0.76163703
cauldron_ln_19860,0.74178076
cauldron_ln_12567,0.32603157
cauldron_ln_10960,0.73788667
cauldron_ln_292,0.670541
cauldron_ln_8476,0.7235485
mix_UI_ST_5400_290,0.43215165
cauldron_ln_7469,0.65128297
mix_SI_UT_5400_1463,0.18585062
cauldron_ln_3301,0.6987275
mix_SI_UT_5400_1156,0.40183967
mix_UI_ST_5400_1037,0.13298422
mix_UI_ST_5400_884,0.16147806
cauldron_ln_14272,0.73961353
cauldron_ln_9797,0.7146658
cauldron_ln_10093,0.6810704
cauldron_ln_22978,0.729595
mix_UI_ST_5400_1057,0.2519927
mix_UI_ST_5400_1038,0.080018565
cauldron_ln_28643,0.6690338
cauldron_ln_29837,0.5533025
cauldron_ln_5467,0.6820002
mix_UI_ST_5400_1406,0.22006878
mix_SI_UT_5400_703,0.082511626
cauldron_ln_6245,0.5470207
cauldron_ln_9488,0.46506706
mix_UI_ST_5400_1074,0.74960095
mix_SI_UT_5400_990,0.53842276
cauldron_ln_19042,0.74348253
cauldron_ln_1905,0.4831249
cauldron_ln_17257,0.08417669
mix_SI_UT_5400_163,0.0608493
mix_SI_UT_5400_56,0.054825164
mix_SI_UT_5400_1275,0.13235502
mix_UI_ST_5400_756,0.34203655
mix_UI_ST_5400_871,0.17912282
cauldron_ln_11812,0.45730877
cauldron_ln_21560,0.74916506
mix_UI_ST_5400_940,0.25978833
mix_UI_ST_5400_1053,0.5201436
cauldron_ln_4696,0.77910346
cauldron_ln_6195,0.72923696
cauldron_ln_3023,0.45277834
mix_SI_UT_5400_992,0.052424543
cauldron_ln_27398,0.703947
mix_SI_UT_5400_63,0.2738128
mix_SI_UT_5400_94,0.077504255
mix_SI_UT_5400_318,0.11513806
mix_SI_UT_5400_1323,0.18707305
mix_UI_ST_5400_1032,0.6718029
mix_UI_ST_5400_103,0.37589094
cauldron_ln_26420,0.75663096
cauldron_ln_2552,0.58063525
cauldron_ln_5154,0.7274294
cauldron_ln_11406,0.26222146
mix_SI_UT_5400_750,0.07651532
cauldron_ln_2617,0.7291068
cauldron_ln_11091,0.6957171
mix_UI_ST_5400_1316,0.57139784
cauldron_ln_17313,0.60497534
cauldron_ln_19227,0.6112666
mix_UI_ST_5400_797,0.06376817
cauldron_ln_3934,0.6285073
mix_UI_ST_5400_890,0.030018453
cauldron_ln_13483,0.6922091
mix_SI_UT_5400_347,0.17738797
mix_UI_ST_5400_1376,0.23631874
cauldron_ln_27786,0.6850028
mix_SI_UT_5400_1176,0.44513604
mix_SI_UT_5400_709,0.07480462
mix_UI_ST_5400_1305,0.08812291
mix_SI_UT_5400_1196,0.09999508
mix_SI_UT_5400_66,0.10103547
cauldron_ln_2952,0.51454246
mix_SI_UT_5400_820,0.2518597
mix_UI_ST_5400_1215,0.07306422
mix_UI_ST_5400_587,0.27464938
mix_UI_ST_5400_119,0.20678882
cauldron_ln_8595,0.655445
cauldron_ln_21572,0.7384424
mix_SI_UT_5400_506,0.44460756
cauldron_ln_9129,0.7793983
mix_UI_ST_5400_1448,0.06631952
mix_SI_UT_5400_1287,0.37540305
mix_SI_UT_5400_1171,0.5511162
cauldron_ln_10294,0.7687574
cauldron_ln_2792,0.6852685
mix_UI_ST_5400_1117,0.37126014
mix_SI_UT_5400_1162,0.24016051
mix_SI_UT_5400_647,0.28135538
cauldron_ln_1737,0.67577845
cauldron_ln_26629,0.27873793
mix_UI_ST_5400_536,0.1237841
cauldron_ln_8951,0.31141883
cauldron_ln_18333,0.7582623
mix_SI_UT_5400_90,0.046486534
mix_SI_UT_5400_398,0.085336186
mix_UI_ST_5400_20,0.57727355
mix_SI_UT_5400_510,0.120058745
cauldron_ln_11316,0.68239224
mix_SI_UT_5400_1034,0.6197956
cauldron_ln_15570,0.2734332
mix_SI_UT_5400_605,0.17183441
mix_UI_ST_5400_400,0.17976469
mix_UI_ST_5400_1313,0.6803859
cauldron_ln_12526,0.74769104
mix_UI_ST_5400_65,0.39570594
cauldron_ln_12524,0.6776716
mix_UI_ST_5400_618,0.0628007
mix_UI_ST_5400_1022,0.1586753
cauldron_ln_11197,0.7283634
mix_UI_ST_5400_935,0.18372972
mix_SI_UT_5400_1060,0.22734964
mix_UI_ST_5400_1499,0.47134352
cauldron_ln_16151,0.6884
cauldron_ln_28695,0.3823153
mix_SI_UT_5400_1201,0.065106526
mix_SI_UT_5400_677,0.15955508
cauldron_ln_21122,0.40881014
cauldron_ln_17941,0.6661252
mix_UI_ST_5400_109,0.15652853
mix_UI_ST_5400_1369,0.52675426
cauldron_ln_11206,0.63535345
mix_UI_ST_5400_363,0.202017
cauldron_ln_18889,0.7726349
cauldron_ln_16627,0.3178134
mix_UI_ST_5400_215,0.28688598
mix_SI_UT_5400_787,0.26037428
cauldron_ln_19188,0.70630306
mix_UI_ST_5400_727,0.3353301
mix_SI_UT_5400_1291,0.5687019
cauldron_ln_16876,0.654491
mix_SI_UT_5400_628,0.12066843
mix_SI_UT_5400_1491,0.32930169
mix_UI_ST_5400_116,0.123759605
mix_SI_UT_5400_165,0.14382368
mix_UI_ST_5400_310,0.32694373
mix_SI_UT_5400_42,0.12078521
cauldron_ln_10702,0.74738705
cauldron_ln_551,0.40157792
mix_SI_UT_5400_1095,0.108714744
mix_UI_ST_5400_1375,0.096004404
mix_SI_UT_5400_227,0.09334498
cauldron_ln_12856,0.5919786
cauldron_ln_16814,0.33228308
mix_SI_UT_5400_1067,0.4848889
mix_SI_UT_5400_761,0.4523898
mix_UI_ST_5400_638,0.34318787
cauldron_ln_8354,0.24470183
mix_SI_UT_5400_870,0.09474904
cauldron_ln_20532,0.6282947
mix_SI_UT_5400_1131,0.44892538
cauldron_ln_16990,0.7571561
mix_UI_ST_5400_453,0.68365496
cauldron_ln_27341,0.7232869
mix_UI_ST_5400_742,0.46175647
cauldron_ln_10102,0.73301023
cauldron_ln_19268,0.7664328
mix_SI_UT_5400_1020,0.17998949
mix_SI_UT_5400_640,0.23587558
cauldron_ln_24030,0.32706413
cauldron_ln_22734,0.6811057
mix_SI_UT_5400_297,0.05389568
cauldron_ln_28191,0.43348163
mix_UI_ST_5400_987,0.19513443
mix_UI_ST_5400_1330,0.17840238
mix_UI_ST_5400_1365,0.34130597
mix_UI_ST_5400_646,0.09605693
mix_UI_ST_5400_1177,0.22688794
mix_SI_UT_5400_466,0.7457903
mix_SI_UT_5400_1030,0.6208074
cauldron_ln_22793,0.670367
mix_SI_UT_5400_191,0.17492448
cauldron_ln_16120,0.73242515
cauldron_ln_14405,0.4775288
mix_SI_UT_5400_1016,0.093399614
cauldron_ln_2353,0.49119025
cauldron_ln_12156,0.7148061
mix_SI_UT_5400_1165,0.18044168
cauldron_ln_2849,0.7169783
cauldron_ln_21994,0.6194546
mix_UI_ST_5400_518,0.08607127
mix_UI_ST_5400_102,0.08338025
cauldron_ln_6351,0.74893516
mix_UI_ST_5400_1455,0.12942733
cauldron_ln_23178,0.7168194
cauldron_ln_27407,0.7536643
mix_UI_ST_5400_191,0.09571166
mix_SI_UT_5400_1077,0.057303593
mix_SI_UT_5400_1133,0.17305514
cauldron_ln_4938,0.6116459
cauldron_ln_21921,0.74640834
cauldron_ln_13541,0.5938602
mix_SI_UT_5400_1083,0.055858422
mix_SI_UT_5400_982,0.65157473
mix_UI_ST_5400_1274,0.32738924
mix_SI_UT_5400_319,0.43900236
cauldron_ln_14617,0.42049816
cauldron_ln_8799,0.6827312
cauldron_ln_28059,0.6919872
cauldron_ln_4886,0.5280773
cauldron_ln_28020,0.72864157
cauldron_ln_16757,0.40171832
mix_SI_UT_5400_447,0.17863813
cauldron_ln_18251,0.747391
cauldron_ln_388,0.7024997
mix_UI_ST_5400_765,0.49173433
mix_UI_ST_5400_1459,0.06154494
cauldron_ln_4616,0.69098127
mix_UI_ST_5400_80,0.092911
cauldron_ln_14057,0.6107779
cauldron_ln_27635,0.6482394
cauldron_ln_5993,0.6650438
mix_UI_ST_5400_1485,0.041150585
cauldron_ln_1085,0.6922601
mix_SI_UT_5400_145,0.06612377
mix_UI_ST_5400_338,0.07806816
mix_SI_UT_5400_1474,0.67189074
cauldron_ln_29757,0.75435555
mix_UI_ST_5400_177,0.47065192
mix_UI_ST_5400_1360,0.2053946
cauldron_ln_6321,0.7201668
mix_SI_UT_5400_170,0.0983914
mix_UI_ST_5400_101,0.10382306
cauldron_ln_13567,0.6446147
mix_UI_ST_5400_64,0.23066863
mix_SI_UT_5400_1031,0.4775144
mix_SI_UT_5400_1394,0.33364028
mix_UI_ST_5400_915,0.5248284
cauldron_ln_22282,0.65747327
mix_SI_UT_5400_985,0.2263083
mix_SI_UT_5400_843,0.09189785
mix_UI_ST_5400_164,0.332787
cauldron_ln_5061,0.689951
mix_SI_UT_5400_1161,0.5178722
mix_SI_UT_5400_1295,0.12482462
cauldron_ln_17267,0.54611903
mix_UI_ST_5400_1201,0.46934962
mix_UI_ST_5400_1100,0.6157239
cauldron_ln_12219,0.5190899
mix_UI_ST_5400_924,0.16421787
cauldron_ln_22117,0.7444457
mix_SI_UT_5400_1294,0.07513171
cauldron_ln_26785,0.621987
mix_UI_ST_5400_881,0.059093487
cauldron_ln_13187,0.71881497
mix_UI_ST_5400_258,0.34206003
mix_SI_UT_5400_1149,0.4515618
cauldron_ln_9727,0.6278935
cauldron_ln_13883,0.470842
cauldron_ln_19802,0.75420415
mix_SI_UT_5400_484,0.35064143
cauldron_ln_9822,0.77449584
mix_UI_ST_5400_613,0.18951355
cauldron_ln_12663,0.7350228
cauldron_ln_21390,0.7599951
cauldron_ln_23171,0.68814635
cauldron_ln_8811,0.56792426
cauldron_ln_22196,0.7536932
mix_UI_ST_5400_416,0.29915863
mix_SI_UT_5400_841,0.20102647
cauldron_ln_1700,0.5626924
cauldron_ln_13873,0.72492445
mix_UI_ST_5400_74,0.36328083
cauldron_ln_14550,0.70887166
mix_UI_ST_5400_32,0.16999763
cauldron_ln_3115,0.50160736
cauldron_ln_24374,0.67536396
mix_UI_ST_5400_833,0.17196266
cauldron_ln_13932,0.28556955
cauldron_ln_6254,0.7062043
mix_UI_ST_5400_605,0.10055639
mix_SI_UT_5400_1373,0.23264492
cauldron_ln_10763,0.72898066
mix_SI_UT_5400_850,0.17887162
mix_SI_UT_5400_1228,0.4946675
cauldron_ln_46,0.420436
cauldron_ln_11565,0.66380596
cauldron_ln_13222,0.6238458
cauldron_ln_6110,0.75307125
cauldron_ln_10651,0.40207753
mix_SI_UT_5400_235,0.39747033
mix_UI_ST_5400_1018,0.5544584
cauldron_ln_17703,0.3068735
mix_SI_UT_5400_312,0.3353385
mix_UI_ST_5400_327,0.06496475
cauldron_ln_29565,0.6666072
mix_SI_UT_5400_954,0.42519167
cauldron_ln_26361,0.73504573
mix_UI_ST_5400_430,0.13402545
cauldron_ln_9214,0.75188905
cauldron_ln_23483,0.71251714
mix_UI_ST_5400_893,0.45989153
cauldron_ln_3213,0.77536154
mix_SI_UT_5400_188,0.28325415
mix_UI_ST_5400_900,0.3118805
cauldron_ln_2426,0.7073444
cauldron_ln_4730,0.7533832
cauldron_ln_26556,0.51149845
mix_SI_UT_5400_498,0.09955488
cauldron_ln_13210,0.45742598
cauldron_ln_8709,0.7244461
cauldron_ln_16171,0.5827702
cauldron_ln_19077,0.59628606
mix_UI_ST_5400_809,0.27453694
cauldron_ln_11755,0.3329288
cauldron_ln_1604,0.74580395
mix_SI_UT_5400_986,0.42513892
cauldron_ln_10112,0.4958894
cauldron_ln_5193,0.48654908
cauldron_ln_4279,0.7906939
mix_UI_ST_5400_1259,0.1847747
mix_SI_UT_5400_1486,0.23120907
cauldron_ln_16846,0.6438171
mix_UI_ST_5400_1098,0.5071772
cauldron_ln_24733,0.6695995
cauldron_ln_201,0.7258964
cauldron_ln_18456,0.73869354
cauldron_ln_17192,0.34736356
cauldron_ln_3742,0.7464171
cauldron_ln_17663,0.7074451
cauldron_ln_29513,0.6284978
cauldron_ln_903,0.7727063
cauldron_ln_5296,0.52783847
mix_SI_UT_5400_582,0.13027379
mix_SI_UT_5400_114,0.21081328
mix_SI_UT_5400_450,0.21996972
cauldron_ln_24575,0.61559415
cauldron_ln_22199,0.75729746
cauldron_ln_2750,0.74623543
cauldron_ln_15721,0.10896556
cauldron_ln_17286,0.688309
mix_SI_UT_5400_1308,0.052257385
cauldron_ln_4939,0.30170795
cauldron_ln_8584,0.5109739
cauldron_ln_20168,0.7314942
mix_SI_UT_5400_88,0.19774948
mix_UI_ST_5400_673,0.44689897
mix_SI_UT_5400_536,0.19811639
mix_UI_ST_5400_811,0.49736553
mix_SI_UT_5400_989,0.21290861
mix_SI_UT_5400_1213,0.03020837
mix_SI_UT_5400_1439,0.14254661
cauldron_ln_25128,0.5747371
mix_UI_ST_5400_3,0.43658742
mix_SI_UT_5400_1494,0.07240717
mix_SI_UT_5400_471,0.55281943
cauldron_ln_270,0.6364701
mix_UI_ST_5400_429,0.2854553
mix_UI_ST_5400_1379,0.53670686
cauldron_ln_26893,0.23412032
cauldron_ln_26286,0.5022567
cauldron_ln_25156,0.7113244
mix_UI_ST_5400_226,0.6893629
cauldron_ln_5691,0.5835138
mix_SI_UT_5400_7,0.06951299
cauldron_ln_4943,0.7697847
cauldron_ln_22661,0.6600234
cauldron_ln_11972,0.6918612
cauldron_ln_13201,0.4126689
cauldron_ln_10874,0.3650846
cauldron_ln_20523,0.7466694
mix_SI_UT_5400_1183,0.08120835
cauldron_ln_26443,0.440524
cauldron_ln_29537,0.71377087
cauldron_ln_24190,0.76620686
cauldron_ln_7865,0.680277
mix_UI_ST_5400_722,0.100054726
cauldron_ln_21891,0.76727664
mix_SI_UT_5400_375,0.2235416
mix_SI_UT_5400_1467,0.13734081
cauldron_ln_9287,0.5442341
cauldron_ln_25674,0.6432606
cauldron_ln_529,0.56168485
cauldron_ln_26169,0.2192171
cauldron_ln_27183,0.6149802
mix_UI_ST_5400_1110,0.1304661
cauldron_ln_9816,0.388425
cauldron_ln_8424,0.7699316
cauldron_ln_10420,0.628321
cauldron_ln_13707,0.6911918
mix_UI_ST_5400_195,0.55424845
mix_UI_ST_5400_1270,0.28949916
mix_SI_UT_5400_1462,0.34330487
mix_SI_UT_5400_863,0.1458668
cauldron_ln_24863,0.635582
cauldron_ln_20568,0.495943
cauldron_ln_21554,0.7505866
mix_UI_ST_5400_407,0.16150056
cauldron_ln_6392,0.6657767
cauldron_ln_2802,0.64330405
mix_SI_UT_5400_630,0.06246818
mix_SI_UT_5400_659,0.60579884
cauldron_ln_28231,0.7230239
cauldron_ln_26508,0.6768649
cauldron_ln_6278,0.13361181
mix_SI_UT_5400_1317,0.12693629
mix_SI_UT_5400_1145,0.32511556
cauldron_ln_6555,0.61959684
mix_SI_UT_5400_100,0.46156195
cauldron_ln_5877,0.44435325
cauldron_ln_17291,0.6268038
cauldron_ln_22147,0.6262092
mix_SI_UT_5400_64,0.102593355
mix_SI_UT_5400_1157,0.10982055
mix_SI_UT_5400_786,0.45714626
cauldron_ln_23534,0.36125344
mix_UI_ST_5400_1167,0.39237842
mix_UI_ST_5400_38,0.27583465
mix_UI_ST_5400_768,0.23360416
cauldron_ln_2478,0.7712884
cauldron_ln_29659,0.26825908
cauldron_ln_7994,0.52532244
cauldron_ln_26442,0.51199734
cauldron_ln_22144,0.6722761
cauldron_ln_16059,0.7117649
cauldron_ln_25931,0.20091893
mix_UI_ST_5400_597,0.053083643
mix_UI_ST_5400_440,0.16811942
mix_UI_ST_5400_464,0.44270304
cauldron_ln_9243,0.40968987
cauldron_ln_237,0.6933239
cauldron_ln_29412,0.57095957
mix_UI_ST_5400_974,0.6589278
mix_UI_ST_5400_1014,0.12349994
cauldron_ln_24161,0.49213856
cauldron_ln_10127,0.74564385
mix_UI_ST_5400_1229,0.10163147
cauldron_ln_1812,0.626813
mix_SI_UT_5400_544,0.038541667
cauldron_ln_17581,0.7250644
cauldron_ln_5294,0.56107116
cauldron_ln_1885,0.7073849
cauldron_ln_1118,0.23879819
mix_UI_ST_5400_1364,0.074867845
mix_SI_UT_5400_889,0.12329923
mix_UI_ST_5400_863,0.12559794
mix_UI_ST_5400_29,0.16434053
cauldron_ln_27981,0.1683592
cauldron_ln_8018,0.48413143
mix_SI_UT_5400_938,0.38235986
cauldron_ln_29407,0.78762573
mix_UI_ST_5400_1405,0.09380024
mix_UI_ST_5400_1175,0.22176357
mix_SI_UT_5400_960,0.70129395
mix_UI_ST_5400_579,0.095397726
cauldron_ln_11900,0.66104394
cauldron_ln_2799,0.6735824
cauldron_ln_10230,0.4545329
cauldron_ln_13334,0.4568925
mix_UI_ST_5400_355,0.46340555
cauldron_ln_15714,0.55540395
cauldron_ln_14457,0.37993413
mix_UI_ST_5400_1410,0.1307942
cauldron_ln_11447,0.7207879
mix_UI_ST_5400_757,0.48496184
cauldron_ln_304,0.7560015
cauldron_ln_11256,0.71929187
mix_UI_ST_5400_1101,0.1653828
cauldron_ln_15585,0.7244864
cauldron_ln_29751,0.6710395
cauldron_ln_3304,0.56426233
cauldron_ln_24073,0.43830833
cauldron_ln_3622,0.763018
cauldron_ln_14132,0.5929575
cauldron_ln_20207,0.38276497
cauldron_ln_10890,0.7390083
mix_SI_UT_5400_137,0.7206614
cauldron_ln_28924,0.32666558
mix_UI_ST_5400_829,0.17597273
cauldron_ln_20124,0.5975836
cauldron_ln_14766,0.18791789
cauldron_ln_25892,0.15662493
cauldron_ln_10053,0.38847047
cauldron_ln_13970,0.64853275
mix_UI_ST_5400_1277,0.11547405
mix_UI_ST_5400_643,0.54581654
cauldron_ln_853,0.6732621
mix_SI_UT_5400_1246,0.39258665
mix_SI_UT_5400_745,0.14133768
cauldron_ln_23133,0.67553145
mix_UI_ST_5400_35,0.5620101
cauldron_ln_2988,0.5876635
cauldron_ln_22539,0.59186566
cauldron_ln_4695,0.7001084
mix_UI_ST_5400_316,0.07889862
mix_SI_UT_5400_1082,0.090332784
mix_SI_UT_5400_1393,0.4622005
cauldron_ln_6003,0.4823056
cauldron_ln_19998,0.51003283
cauldron_ln_14071,0.40738484
cauldron_ln_27368,0.2823932
cauldron_ln_23341,0.63439816
cauldron_ln_28823,0.6382571
mix_SI_UT_5400_1351,0.45435494
cauldron_ln_184,0.6696424
cauldron_ln_23698,0.707111
mix_SI_UT_5400_1049,0.32670167
mix_SI_UT_5400_150,0.052698854
mix_SI_UT_5400_228,0.39458305
cauldron_ln_7985,0.7442674
cauldron_ln_5276,0.19477406
cauldron_ln_9809,0.6870401
mix_UI_ST_5400_830,0.4156878
cauldron_ln_18554,0.4749305
mix_SI_UT_5400_1219,0.03748201
cauldron_ln_13949,0.59022427
cauldron_ln_12345,0.7660539
cauldron_ln_258,0.6377004
mix_SI_UT_5400_1212,0.11416258
cauldron_ln_85,0.7709817
mix_SI_UT_5400_577,0.07816797
mix_SI_UT_5400_652,0.09003922
cauldron_ln_28833,0.7807838
cauldron_ln_27481,0.58456683
mix_SI_UT_5400_973,0.07352988
mix_SI_UT_5400_1241,0.27904162
cauldron_ln_15933,0.7149292
mix_UI_ST_5400_69,0.12873724
cauldron_ln_18595,0.7471191
mix_UI_ST_5400_1193,0.13345104
cauldron_ln_673,0.5125782
mix_UI_ST_5400_472,0.08636115
cauldron_ln_1036,0.19662197
cauldron_ln_20242,0.7034343
mix_SI_UT_5400_755,0.6007796
mix_UI_ST_5400_1252,0.4667211
cauldron_ln_21271,0.6931375
mix_UI_ST_5400_780,0.11703828
cauldron_ln_8577,0.7354282
cauldron_ln_5176,0.49296594
mix_UI_ST_5400_484,0.0792313
cauldron_ln_3251,0.6816615
cauldron_ln_11850,0.5136397
cauldron_ln_11722,0.2730835
cauldron_ln_17841,0.74541587
cauldron_ln_10141,0.65162426
mix_SI_UT_5400_255,0.53881973
mix_SI_UT_5400_48,0.16336095
mix_UI_ST_5400_723,0.16624221
mix_SI_UT_5400_1333,0.23444046
mix_UI_ST_5400_254,0.3474544
cauldron_ln_8812,0.77946556
mix_SI_UT_5400_1422,0.4703805
mix_SI_UT_5400_83,0.061743565
cauldron_ln_10775,0.6639799
mix_SI_UT_5400_541,0.67115885
mix_UI_ST_5400_730,0.26489428
mix_SI_UT_5400_91,0.13822496
mix_UI_ST_5400_1357,0.6128298
mix_SI_UT_5400_220,0.13518316
mix_UI_ST_5400_1266,0.40042245
cauldron_ln_19902,0.71346974
mix_SI_UT_5400_426,0.2786313
mix_SI_UT_5400_1435,0.38137242
mix_SI_UT_5400_69,0.58360064
mix_UI_ST_5400_659,0.50472
mix_SI_UT_5400_161,0.07866947
mix_SI_UT_5400_1068,0.2661025
mix_SI_UT_5400_646,0.41513857
mix_UI_ST_5400_283,0.15218511
mix_SI_UT_5400_538,0.051800024
cauldron_ln_17393,0.7518536
