id,is_member
cauldron_ln_8044,0.0015271921
cauldron_ln_7863,0.001594811
mix_SI_UT_5400_19,0.000431735
mix_SI_UT_5400_896,0.00043026434
cauldron_ln_17842,0.0015238139
mix_UI_ST_5400_1010,0.00043026434
mix_SI_UT_5400_1158,0.00046460194
cauldron_ln_5492,0.0015851967
cauldron_ln_28055,0.0016486525
cauldron_ln_15782,0.0016154874
cauldron_ln_10896,0.0015691597
mix_UI_ST_5400_198,0.000431735
cauldron_ln_14683,0.0016152983
mix_UI_ST_5400_1434,0.000431735
cauldron_ln_15146,0.0016193482
cauldron_ln_11421,0.0013512966
cauldron_ln_9412,0.001525644
cauldron_ln_23873,0.0015575005
cauldron_ln_21744,0.0016416007
mix_UI_ST_5400_591,0.00043026434
mix_UI_ST_5400_1048,0.000431735
cauldron_ln_1835,0.001562255
mix_UI_ST_5400_1353,0.00043026434
cauldron_ln_14310,0.001587207
mix_UI_ST_5400_432,0.00043026434
mix_UI_ST_5400_481,0.00043026434
cauldron_ln_12651,0.0016476512
cauldron_ln_9528,0.0015875583
cauldron_ln_28369,0.0013993963
mix_UI_ST_5400_381,0.00043026434
mix_SI_UT_5400_413,0.00045684143
cauldron_ln_11962,0.0015508094
cauldron_ln_14987,0.0016367137
cauldron_ln_10926,0.001596638
mix_UI_ST_5400_491,0.00043026434
cauldron_ln_7384,0.0015136278
mix_UI_ST_5400_1466,0.000431735
mix_UI_ST_5400_1426,0.000431735
cauldron_ln_29607,0.0016367137
cauldron_ln_12404,0.0015207857
cauldron_ln_4937,0.0015853083
cauldron_ln_10260,0.0015506461
mix_SI_UT_5400_526,0.00044675675
cauldron_ln_16527,0.0016378158
mix_UI_ST_5400_662,0.000431735
mix_SI_UT_5400_437,0.00043755127
mix_SI_UT_5400_106,0.000431735
cauldron_ln_7890,0.0016141844
mix_SI_UT_5400_1078,0.00042901866
cauldron_ln_11429,0.0015344563
mix_SI_UT_5400_30,0.00044828374
mix_UI_ST_5400_1483,0.00043510552
cauldron_ln_7449,0.0015161841
mix_UI_ST_5400_1140,0.000431735
cauldron_ln_24003,0.0015356629
cauldron_ln_9540,0.0015490715
cauldron_ln_22660,0.0016206423
cauldron_ln_1774,0.0015116394
mix_UI_ST_5400_629,0.000431735
cauldron_ln_16259,0.001645119
cauldron_ln_17752,0.0016147324
mix_UI_ST_5400_1073,0.000431735
mix_UI_ST_5400_735,0.00043026434
mix_UI_ST_5400_1045,0.000431735
mix_SI_UT_5400_397,0.00043026434
cauldron_ln_14219,0.0016244296
cauldron_ln_2781,0.0014328198
cauldron_ln_22647,0.0016348734
cauldron_ln_27463,0.0014823504
mix_UI_ST_5400_278,0.000431735
mix_SI_UT_5400_67,0.000431735
cauldron_ln_19954,0.0014832838
cauldron_ln_14482,0.0016326142
mix_UI_ST_5400_1035,0.00043363086
cauldron_ln_27388,0.0014179467
mix_UI_ST_5400_95,0.000431735
mix_UI_ST_5400_1026,0.00043026434
mix_SI_UT_5400_300,0.00043026434
cauldron_ln_6757,0.0015091255
mix_UI_ST_5400_1169,0.00047534087
mix_SI_UT_5400_635,0.000431735
mix_SI_UT_5400_478,0.00043784434
cauldron_ln_21010,0.0015086427
cauldron_ln_17103,0.0016011854
cauldron_ln_10561,0.0016339443
mix_UI_ST_5400_726,0.000431735
mix_UI_ST_5400_676,0.00043026434
cauldron_ln_15332,0.0015249983
cauldron_ln_23958,0.0016293112
cauldron_ln_24104,0.0015600594
cauldron_ln_10117,0.0014710068
cauldron_ln_23357,0.0014401438
mix_SI_UT_5400_208,0.000431735
cauldron_ln_4968,0.0014579577
cauldron_ln_18453,0.0016297346
cauldron_ln_28882,0.0015023585
mix_UI_ST_5400_46,0.00042901866
cauldron_ln_22611,0.0015794429
mix_SI_UT_5400_1336,0.00043026434
cauldron_ln_6047,0.0014778022
cauldron_ln_338,0.0012170352
cauldron_ln_11367,0.0015944033
mix_SI_UT_5400_832,0.000431735
cauldron_ln_5754,0.0014799915
cauldron_ln_23839,0.0015392482
cauldron_ln_27506,0.001535894
mix_UI_ST_5400_1243,0.000431735
mix_UI_ST_5400_76,0.00042755724
mix_SI_UT_5400_269,0.00043026434
cauldron_ln_8533,0.0016161213
mix_SI_UT_5400_1040,0.00043026434
mix_UI_ST_5400_1211,0.00043026434
cauldron_ln_2986,0.0015232206
cauldron_ln_907,0.0011407031
cauldron_ln_19397,0.0016418556
cauldron_ln_27571,0.0013556166
cauldron_ln_14244,0.001611128
mix_SI_UT_5400_486,0.000431735
cauldron_ln_1145,0.0012665023
cauldron_ln_18444,0.0015607568
cauldron_ln_1887,0.0015052718
mix_SI_UT_5400_400,0.00043026434
mix_UI_ST_5400_347,0.00043026434
mix_UI_ST_5400_807,0.000431735
cauldron_ln_29526,0.0015611657
mix_UI_ST_5400_1264,0.000431735
mix_SI_UT_5400_515,0.00043026434
cauldron_ln_16634,0.0016474607
mix_SI_UT_5400_588,0.00043793677
cauldron_ln_11925,0.001519771
cauldron_ln_28010,0.0016065395
mix_UI_ST_5400_317,0.000431735
mix_UI_ST_5400_299,0.00045892538
mix_UI_ST_5400_1017,0.000431735
cauldron_ln_15024,0.0015813382
cauldron_ln_10384,0.0016020607
cauldron_ln_20378,0.0016269432
cauldron_ln_2969,0.0015519231
cauldron_ln_27454,0.001599168
mix_SI_UT_5400_533,0.00043510552
cauldron_ln_2106,0.0013935554
mix_SI_UT_5400_1140,0.00043026434
mix_SI_UT_5400_58,0.00045339958
mix_SI_UT_5400_880,0.00045759237
mix_SI_UT_5400_166,0.00044783019
cauldron_ln_29932,0.0016352985
mix_SI_UT_5400_315,0.000431735
cauldron_ln_12775,0.0015828273
mix_SI_UT_5400_1397,0.000431735
mix_SI_UT_5400_528,0.00047913482
cauldron_ln_23190,0.001631145
mix_SI_UT_5400_146,0.000431735
cauldron_ln_27258,0.0014596824
mix_UI_ST_5400_966,0.0004746153
mix_SI_UT_5400_403,0.00042899
mix_UI_ST_5400_844,0.00043362344
cauldron_ln_5051,0.0015119101
mix_SI_UT_5400_955,0.00042901866
cauldron_ln_10741,0.001593269
cauldron_ln_15949,0.0016418556
cauldron_ln_19319,0.0015550243
cauldron_ln_18427,0.0016352985
mix_UI_ST_5400_487,0.00042901866
cauldron_ln_19269,0.0015825131
cauldron_ln_11550,0.0013046731
cauldron_ln_3692,0.0015726973
cauldron_ln_14785,0.0015758092
mix_UI_ST_5400_822,0.00042901866
cauldron_ln_10913,0.001592036
cauldron_ln_607,0.0013926631
cauldron_ln_1630,0.0014671324
cauldron_ln_2488,0.0015171892
cauldron_ln_15622,0.0015871827
cauldron_ln_22881,0.0015827564
mix_SI_UT_5400_1154,0.00043606077
cauldron_ln_29166,0.0012224942
cauldron_ln_19244,0.0016095664
mix_SI_UT_5400_1352,0.000431735
cauldron_ln_9689,0.0014485043
cauldron_ln_15068,0.0016132725
cauldron_ln_11868,0.0016303859
mix_SI_UT_5400_61,0.00043026434
cauldron_ln_24541,0.0016278512
mix_SI_UT_5400_362,0.000431735
cauldron_ln_1728,0.0015079862
mix_SI_UT_5400_1003,0.00043755127
cauldron_ln_21799,0.0016398005
cauldron_ln_8077,0.0015245083
mix_SI_UT_5400_1039,0.000431735
mix_SI_UT_5400_1073,0.000431735
cauldron_ln_15986,0.0016133523
cauldron_ln_6543,0.0015462451
cauldron_ln_19956,0.001627711
cauldron_ln_7175,0.0016118562
cauldron_ln_23407,0.001616152
cauldron_ln_15369,0.0016476512
cauldron_ln_16554,0.0016306753
cauldron_ln_448,0.0012309556
mix_UI_ST_5400_417,0.00043755127
cauldron_ln_22233,0.001645119
cauldron_ln_26043,0.0015654722
cauldron_ln_16304,0.0015130523
cauldron_ln_14141,0.0015850473
cauldron_ln_23630,0.0016369676
mix_UI_ST_5400_710,0.00043026434
cauldron_ln_8007,0.0015302977
mix_UI_ST_5400_590,0.00043759338
mix_SI_UT_5400_410,0.000431735
cauldron_ln_24925,0.0016367137
cauldron_ln_27190,0.0016476512
mix_UI_ST_5400_1268,0.000431735
mix_UI_ST_5400_685,0.000431735
cauldron_ln_1069,0.0011687997
mix_UI_ST_5400_827,0.000431735
mix_SI_UT_5400_5,0.00041659674
cauldron_ln_27839,0.0016416007
mix_SI_UT_5400_633,0.000431735
cauldron_ln_14133,0.0016416007
mix_UI_ST_5400_728,0.00043755127
mix_UI_ST_5400_437,0.00043026434
mix_SI_UT_5400_885,0.000431735
cauldron_ln_4311,0.0015777143
mix_SI_UT_5400_301,0.000431735
cauldron_ln_12842,0.001538399
mix_UI_ST_5400_83,0.00043026434
cauldron_ln_11288,0.0016479071
cauldron_ln_27828,0.0014111727
mix_SI_UT_5400_101,0.00043026434
cauldron_ln_16476,0.0016229987
mix_UI_ST_5400_709,0.00042901866
mix_SI_UT_5400_570,0.000431735
cauldron_ln_19540,0.001376254
cauldron_ln_17829,0.001597326
mix_UI_ST_5400_985,0.00043026434
cauldron_ln_2288,0.0015524619
cauldron_ln_18551,0.001645119
mix_SI_UT_5400_240,0.000431735
mix_SI_UT_5400_554,0.00043362344
cauldron_ln_26336,0.001631145
cauldron_ln_8102,0.0015565042
cauldron_ln_8498,0.0015284576
cauldron_ln_16991,0.0016464642
mix_UI_ST_5400_149,0.00043026434
cauldron_ln_22346,0.0016486525
mix_UI_ST_5400_256,0.000431735
mix_SI_UT_5400_337,0.000431735
mix_UI_ST_5400_456,0.000431735
cauldron_ln_26480,0.0016224642
cauldron_ln_29867,0.0016416007
mix_SI_UT_5400_1256,0.00044675675
cauldron_ln_917,0.0013135499
mix_SI_UT_5400_1001,0.000431735
mix_SI_UT_5400_1141,0.000431735
cauldron_ln_28787,0.0016223437
cauldron_ln_28349,0.0015986582
mix_UI_ST_5400_753,0.00043026434
mix_SI_UT_5400_1093,0.00044675675
cauldron_ln_21991,0.0014899075
cauldron_ln_22152,0.0015805555
mix_SI_UT_5400_1370,0.00044543363
mix_UI_ST_5400_1039,0.000431735
mix_UI_ST_5400_240,0.00042901866
mix_SI_UT_5400_767,0.00043755127
mix_UI_ST_5400_1093,0.00043026434
cauldron_ln_9330,0.0015773028
mix_SI_UT_5400_1447,0.000431735
mix_SI_UT_5400_553,0.000431735
cauldron_ln_8874,0.0014091012
cauldron_ln_21032,0.0016372653
mix_SI_UT_5400_1072,0.000431735
cauldron_ln_10366,0.001543162
mix_SI_UT_5400_497,0.00044675675
mix_SI_UT_5400_59,0.00043026434
cauldron_ln_26771,0.0015628404
mix_SI_UT_5400_738,0.00043026434
cauldron_ln_29306,0.0015451184
cauldron_ln_4556,0.0015770814
cauldron_ln_26578,0.0014434754
mix_SI_UT_5400_485,0.000431735
cauldron_ln_23109,0.001631145
mix_SI_UT_5400_1198,0.00043026434
cauldron_ln_7975,0.0016013401
mix_UI_ST_5400_972,0.00043026434
mix_UI_ST_5400_1359,0.00043644503
cauldron_ln_27987,0.0015341575
mix_UI_ST_5400_542,0.000431735
mix_SI_UT_5400_154,0.000431735
cauldron_ln_22834,0.0016476512
cauldron_ln_24422,0.0016278451
cauldron_ln_13554,0.0014523468
mix_UI_ST_5400_1396,0.00043026434
mix_SI_UT_5400_1412,0.000431735
mix_SI_UT_5400_123,0.00043026434
cauldron_ln_21902,0.001599245
mix_SI_UT_5400_1438,0.000431735
mix_SI_UT_5400_253,0.00043026434
cauldron_ln_4461,0.0014952951
cauldron_ln_8537,0.001602426
mix_SI_UT_5400_1480,0.000431735
mix_UI_ST_5400_1403,0.00043026434
cauldron_ln_4837,0.0015846654
mix_UI_ST_5400_1378,0.00043026434
mix_SI_UT_5400_131,0.00043026434
mix_SI_UT_5400_634,0.00047588922
cauldron_ln_18548,0.0015804049
mix_UI_ST_5400_206,0.00043026434
mix_SI_UT_5400_1248,0.00043026434
mix_UI_ST_5400_1242,0.000431735
mix_SI_UT_5400_113,0.00044675675
cauldron_ln_11500,0.0016416007
cauldron_ln_27731,0.0016476512
cauldron_ln_25656,0.0015827564
mix_SI_UT_5400_495,0.000431735
mix_UI_ST_5400_1076,0.00043026434
mix_SI_UT_5400_1151,0.00042901866
cauldron_ln_2570,0.001564216
cauldron_ln_21811,0.0015613047
mix_UI_ST_5400_599,0.00043026434
mix_SI_UT_5400_898,0.00043026434
cauldron_ln_11448,0.0013386493
cauldron_ln_23188,0.001645119
mix_SI_UT_5400_794,0.00043026434
mix_SI_UT_5400_76,0.000431735
cauldron_ln_7577,0.0013828732
mix_UI_ST_5400_51,0.00044783019
mix_UI_ST_5400_501,0.000431735
cauldron_ln_4827,0.0015968728
mix_UI_ST_5400_698,0.000431735
cauldron_ln_5162,0.0015559715
cauldron_ln_23791,0.0015763983
cauldron_ln_15676,0.0016367137
cauldron_ln_22291,0.0015832523
mix_UI_ST_5400_968,0.00043026434
mix_UI_ST_5400_243,0.000431735
cauldron_ln_19024,0.0015778976
mix_UI_ST_5400_558,0.00042901866
mix_UI_ST_5400_637,0.000431735
mix_UI_ST_5400_1104,0.00043026434
mix_SI_UT_5400_136,0.00043755127
mix_UI_ST_5400_734,0.00045505448
cauldron_ln_9269,0.0015630502
cauldron_ln_29302,0.0016500321
mix_SI_UT_5400_317,0.000431735
mix_UI_ST_5400_527,0.00043755127
cauldron_ln_13202,0.0016418556
mix_UI_ST_5400_786,0.00043026434
cauldron_ln_24382,0.0014555597
cauldron_ln_624,0.0011548244
cauldron_ln_17587,0.0015591313
mix_UI_ST_5400_15,0.00043026434
cauldron_ln_11604,0.0016416007
mix_UI_ST_5400_399,0.000431735
mix_SI_UT_5400_389,0.000431735
mix_SI_UT_5400_812,0.000431735
mix_UI_ST_5400_697,0.0004542631
cauldron_ln_9526,0.0014921771
cauldron_ln_18362,0.0016081884
mix_SI_UT_5400_130,0.00043233918
cauldron_ln_2881,0.0015073825
mix_SI_UT_5400_751,0.00043026434
cauldron_ln_10966,0.0014971957
cauldron_ln_16840,0.0015877216
cauldron_ln_799,0.0013424865
mix_SI_UT_5400_1136,0.000431735
cauldron_ln_22111,0.0016416007
mix_SI_UT_5400_1066,0.00043026434
cauldron_ln_10806,0.0015969716
cauldron_ln_12532,0.0016323903
mix_UI_ST_5400_41,0.00043026434
cauldron_ln_13616,0.0016418556
mix_UI_ST_5400_897,0.00044675675
mix_UI_ST_5400_1240,0.000431735
cauldron_ln_19787,0.0016043618
cauldron_ln_23476,0.001557841
cauldron_ln_22959,0.0016076824
cauldron_ln_14947,0.0016223437
mix_UI_ST_5400_720,0.00043026434
cauldron_ln_25188,0.0016044147
mix_SI_UT_5400_442,0.000431735
mix_UI_ST_5400_876,0.000431735
cauldron_ln_11281,0.0016367137
cauldron_ln_5037,0.0015623799
cauldron_ln_28724,0.001553764
mix_UI_ST_5400_1160,0.00043026434
mix_SI_UT_5400_202,0.000431735
mix_UI_ST_5400_828,0.000431735
cauldron_ln_11913,0.0015878305
mix_SI_UT_5400_263,0.00043026434
mix_UI_ST_5400_983,0.00043755127
mix_SI_UT_5400_1368,0.000431735
mix_UI_ST_5400_1489,0.00044034488
cauldron_ln_12257,0.0015628404
mix_UI_ST_5400_511,0.00042901866
cauldron_ln_21796,0.001552683
cauldron_ln_25860,0.0015964214
mix_UI_ST_5400_260,0.000431735
mix_SI_UT_5400_958,0.00043026434
mix_SI_UT_5400_55,0.000431735
cauldron_ln_23097,0.0016486525
mix_UI_ST_5400_257,0.00043026434
mix_UI_ST_5400_24,0.00043510552
mix_UI_ST_5400_583,0.000431735
mix_SI_UT_5400_844,0.000431735
cauldron_ln_27256,0.0016035769
mix_SI_UT_5400_1290,0.000431735
mix_SI_UT_5400_777,0.00043755127
cauldron_ln_11645,0.0015770136
mix_SI_UT_5400_1160,0.000431735
cauldron_ln_22026,0.0015983173
cauldron_ln_12080,0.0016349178
mix_UI_ST_5400_1204,0.00043026434
cauldron_ln_25532,0.0015521685
mix_SI_UT_5400_728,0.000431735
cauldron_ln_11946,0.0013804177
cauldron_ln_144,0.0011458653
mix_UI_ST_5400_598,0.00042901866
mix_UI_ST_5400_1059,0.00043026434
mix_SI_UT_5400_1096,0.000431735
cauldron_ln_12129,0.0016547289
mix_UI_ST_5400_1219,0.000431735
cauldron_ln_13278,0.0016147324
mix_SI_UT_5400_1134,0.00043026434
cauldron_ln_23317,0.001479661
cauldron_ln_1570,0.0014503
cauldron_ln_25425,0.0016105084
mix_UI_ST_5400_245,0.00042901866
cauldron_ln_2561,0.0015684628
cauldron_ln_13287,0.0016489084
mix_SI_UT_5400_339,0.00042901866
mix_SI_UT_5400_1187,0.00047156305
mix_UI_ST_5400_1151,0.00043026434
mix_UI_ST_5400_403,0.000431735
mix_UI_ST_5400_1118,0.00043026434
cauldron_ln_23250,0.0015281113
cauldron_ln_7535,0.0016013401
cauldron_ln_29018,0.0016367137
cauldron_ln_11047,0.0016397771
mix_UI_ST_5400_696,0.000431735
mix_SI_UT_5400_489,0.000431735
mix_UI_ST_5400_1095,0.00043026434
cauldron_ln_5366,0.0015729115
cauldron_ln_22210,0.001569298
cauldron_ln_9069,0.0016232507
cauldron_ln_14098,0.0015058517
cauldron_ln_22891,0.0014337929
mix_UI_ST_5400_772,0.000431735
mix_SI_UT_5400_782,0.00044828374
cauldron_ln_18035,0.0013168117
mix_UI_ST_5400_1244,0.00049942936
mix_SI_UT_5400_788,0.000431735
cauldron_ln_14972,0.0014388587
cauldron_ln_27687,0.0016246237
cauldron_ln_13102,0.0015519985
cauldron_ln_26066,0.0016372653
mix_UI_ST_5400_885,0.000431735
cauldron_ln_27591,0.0015604382
cauldron_ln_29575,0.0014389203
mix_SI_UT_5400_580,0.00043026434
cauldron_ln_679,0.0011115385
mix_SI_UT_5400_643,0.00043026434
mix_SI_UT_5400_168,0.000431735
cauldron_ln_23468,0.001623362
cauldron_ln_3944,0.001593451
cauldron_ln_813,0.0011517534
mix_SI_UT_5400_730,0.000456165
mix_UI_ST_5400_749,0.00045178368
mix_UI_ST_5400_156,0.00042901866
cauldron_ln_21960,0.0013045432
cauldron_ln_577,0.0011500907
cauldron_ln_1416,0.0012015783
cauldron_ln_5242,0.0015345571
mix_UI_ST_5400_167,0.00043026434
cauldron_ln_4181,0.0015781997
mix_SI_UT_5400_1305,0.00045505448
mix_UI_ST_5400_854,0.000431735
cauldron_ln_2751,0.0015750958
cauldron_ln_23293,0.0015134924
mix_SI_UT_5400_1366,0.00043026434
cauldron_ln_3838,0.0015580665
cauldron_ln_16178,0.0014687238
cauldron_ln_100,0.0012350037
cauldron_ln_13803,0.001590645
mix_SI_UT_5400_278,0.000431735
cauldron_ln_10579,0.001492934
mix_UI_ST_5400_66,0.000431735
cauldron_ln_17426,0.0015932999
mix_UI_ST_5400_1090,0.00043511303
cauldron_ln_13716,0.0016142597
cauldron_ln_15463,0.0015143487
mix_SI_UT_5400_304,0.0004640969
mix_UI_ST_5400_217,0.00043026434
mix_SI_UT_5400_524,0.000431735
cauldron_ln_21604,0.0016444182
mix_SI_UT_5400_1404,0.000431735
cauldron_ln_1517,0.0015509415
mix_SI_UT_5400_1359,0.000431735
mix_SI_UT_5400_804,0.00043026434
cauldron_ln_6262,0.0015925121
cauldron_ln_27879,0.0016342307
mix_SI_UT_5400_865,0.00043026434
mix_SI_UT_5400_868,0.0004993667
mix_SI_UT_5400_606,0.00043026434
mix_UI_ST_5400_1273,0.00043026434
mix_UI_ST_5400_825,0.000431735
mix_SI_UT_5400_370,0.00043755127
mix_SI_UT_5400_1280,0.00043026434
mix_SI_UT_5400_713,0.00043026434
mix_UI_ST_5400_911,0.000431735
cauldron_ln_9162,0.0014988269
cauldron_ln_7894,0.0015544832
mix_UI_ST_5400_1196,0.000431735
cauldron_ln_13609,0.0015104422
mix_SI_UT_5400_770,0.00043026434
cauldron_ln_17824,0.001360483
cauldron_ln_4,0.0010298922
cauldron_ln_7184,0.0014687881
cauldron_ln_12131,0.001255182
cauldron_ln_22906,0.0016500321
cauldron_ln_14765,0.0014837598
cauldron_ln_10161,0.0014660207
cauldron_ln_10400,0.0015910033
cauldron_ln_5688,0.0014808112
cauldron_ln_24335,0.0015711489
mix_UI_ST_5400_1279,0.00042901866
cauldron_ln_10067,0.0015322245
mix_SI_UT_5400_358,0.000431735
mix_UI_ST_5400_1290,0.000431735
cauldron_ln_22606,0.0016398005
cauldron_ln_8034,0.0014910671
mix_SI_UT_5400_246,0.000431735
cauldron_ln_11716,0.001597831
cauldron_ln_26040,0.0016227817
cauldron_ln_26,0.0011238904
mix_SI_UT_5400_670,0.00044783019
mix_UI_ST_5400_473,0.000431735
mix_UI_ST_5400_255,0.0004363529
mix_UI_ST_5400_326,0.00043026434
cauldron_ln_27750,0.0015285297
cauldron_ln_5561,0.0015414945
cauldron_ln_8660,0.0011884256
mix_SI_UT_5400_859,0.000431735
cauldron_ln_23350,0.0016219221
cauldron_ln_3842,0.0015668581
cauldron_ln_6538,0.001496954
mix_SI_UT_5400_1217,0.000431735
mix_UI_ST_5400_465,0.00043026434
mix_SI_UT_5400_907,0.000431735
cauldron_ln_24976,0.0015401022
cauldron_ln_1858,0.001527589
cauldron_ln_23568,0.0016214874
cauldron_ln_17953,0.0016277148
mix_SI_UT_5400_8,0.00043737213
cauldron_ln_28947,0.0016481243
mix_SI_UT_5400_1421,0.00044675675
mix_SI_UT_5400_35,0.00043644503
cauldron_ln_2613,0.0015156427
mix_UI_ST_5400_88,0.00045133408
mix_UI_ST_5400_73,0.00043026434
mix_UI_ST_5400_1370,0.000431735
mix_UI_ST_5400_196,0.00044783019
mix_UI_ST_5400_408,0.00043755127
mix_UI_ST_5400_651,0.000431735
cauldron_ln_20260,0.0016545375
cauldron_ln_111,0.0012643985
cauldron_ln_20513,0.0016367137
cauldron_ln_3969,0.0015088416
cauldron_ln_11963,0.0014971016
cauldron_ln_12732,0.0014481575
mix_SI_UT_5400_1281,0.00046421104
cauldron_ln_22788,0.0016028954
cauldron_ln_11793,0.0016223437
cauldron_ln_27061,0.0016431098
cauldron_ln_3418,0.0015288049
cauldron_ln_4130,0.0015595062
mix_SI_UT_5400_700,0.000431735
mix_SI_UT_5400_184,0.000431735
mix_SI_UT_5400_1257,0.00043026434
cauldron_ln_14787,0.0014770938
mix_UI_ST_5400_528,0.000431735
mix_UI_ST_5400_905,0.000431735
mix_SI_UT_5400_925,0.00044431852
cauldron_ln_707,0.00109481
mix_SI_UT_5400_473,0.00043026434
mix_SI_UT_5400_72,0.00045832185
cauldron_ln_28407,0.0016175129
mix_UI_ST_5400_634,0.000431735
cauldron_ln_26101,0.0016492851
mix_SI_UT_5400_1348,0.000431735
mix_SI_UT_5400_592,0.000431735
cauldron_ln_22926,0.0016175129
cauldron_ln_1577,0.001576414
cauldron_ln_3840,0.001537382
cauldron_ln_10875,0.0016395226
mix_UI_ST_5400_1493,0.00043026434
cauldron_ln_9804,0.0013999055
cauldron_ln_18037,0.0015473578
cauldron_ln_8844,0.0015841632
cauldron_ln_9144,0.0016037723
mix_UI_ST_5400_234,0.000431735
mix_SI_UT_5400_531,0.00043026434
mix_SI_UT_5400_416,0.00042901866
mix_SI_UT_5400_1185,0.00043026434
mix_UI_ST_5400_304,0.00043755127
mix_UI_ST_5400_1020,0.000431735
cauldron_ln_21999,0.0014382277
mix_UI_ST_5400_272,0.000431735
mix_UI_ST_5400_139,0.000431735
cauldron_ln_16553,0.0016476512
mix_SI_UT_5400_764,0.00045192
mix_SI_UT_5400_547,0.00043026434
mix_UI_ST_5400_1184,0.00043644503
mix_UI_ST_5400_1381,0.00042901866
mix_UI_ST_5400_1322,0.00042901866
mix_SI_UT_5400_1041,0.000431735
mix_SI_UT_5400_200,0.000431735
cauldron_ln_17601,0.0016571198
cauldron_ln_28140,0.0014913504
cauldron_ln_11792,0.001492855
cauldron_ln_24762,0.0016348734
cauldron_ln_6564,0.001594228
mix_UI_ST_5400_1349,0.00045436682
mix_SI_UT_5400_831,0.000431735
cauldron_ln_24831,0.0016571198
cauldron_ln_11818,0.0016044611
mix_UI_ST_5400_1136,0.00043026434
mix_UI_ST_5400_1087,0.00043026434
cauldron_ln_23301,0.0016411359
cauldron_ln_4432,0.0015925302
mix_SI_UT_5400_1022,0.0004347983
mix_UI_ST_5400_209,0.00045024458
cauldron_ln_14925,0.0015145433
cauldron_ln_14670,0.0015275935
cauldron_ln_29994,0.0016369676
mix_UI_ST_5400_1137,0.000431735
cauldron_ln_22708,0.0014981804
cauldron_ln_17068,0.0016545375
mix_SI_UT_5400_376,0.000431735
mix_UI_ST_5400_1161,0.00046142022
cauldron_ln_21019,0.0016218957
mix_SI_UT_5400_818,0.00042629096
cauldron_ln_10761,0.0015265058
cauldron_ln_21311,0.0016108351
mix_UI_ST_5400_261,0.000431735
cauldron_ln_19211,0.0014744034
cauldron_ln_18887,0.0016369676
mix_UI_ST_5400_115,0.000431735
mix_UI_ST_5400_1144,0.00043026434
cauldron_ln_28447,0.0016367137
cauldron_ln_10020,0.0016009635
mix_SI_UT_5400_1382,0.000431735
cauldron_ln_4115,0.0013923217
cauldron_ln_22528,0.0014785568
mix_UI_ST_5400_259,0.00045011815
mix_UI_ST_5400_1475,0.00043026434
mix_UI_ST_5400_686,0.00043026434
mix_UI_ST_5400_1267,0.000431735
mix_UI_ST_5400_1337,0.00043026434
cauldron_ln_18384,0.0016229455
mix_SI_UT_5400_395,0.000431735
cauldron_ln_12872,0.0016034823
cauldron_ln_12801,0.0015934122
mix_UI_ST_5400_495,0.00043026434
mix_SI_UT_5400_1063,0.00043026434
mix_UI_ST_5400_1441,0.000431735
cauldron_ln_9897,0.0015999107
cauldron_ln_6637,0.0014723466
cauldron_ln_17975,0.0016500321
mix_SI_UT_5400_1000,0.00043644503
mix_SI_UT_5400_314,0.00047588922
cauldron_ln_28730,0.001631145
mix_SI_UT_5400_1418,0.00043026434
cauldron_ln_14328,0.0014965173
cauldron_ln_9377,0.0015976545
mix_SI_UT_5400_177,0.000431735
mix_SI_UT_5400_775,0.000431735
mix_UI_ST_5400_931,0.00043026434
cauldron_ln_24695,0.0015232074
cauldron_ln_27146,0.0016486525
mix_SI_UT_5400_229,0.00043363086
cauldron_ln_3454,0.0015702165
mix_UI_ST_5400_117,0.00043026434
mix_UI_ST_5400_264,0.000431735
mix_UI_ST_5400_699,0.000431735
cauldron_ln_7279,0.0016093787
cauldron_ln_3634,0.001488515
mix_SI_UT_5400_355,0.00043026434
mix_SI_UT_5400_1456,0.00043026434
cauldron_ln_1775,0.0015030032
mix_UI_ST_5400_574,0.00043026434
mix_SI_UT_5400_1375,0.000431735
cauldron_ln_15192,0.0015392848
mix_SI_UT_5400_957,0.000431735
mix_UI_ST_5400_1097,0.000431735
cauldron_ln_19944,0.0016509915
mix_SI_UT_5400_642,0.00043026434
cauldron_ln_24871,0.0014932163
cauldron_ln_17845,0.0015197912
mix_UI_ST_5400_1200,0.00043026434
mix_UI_ST_5400_1042,0.00043026434
cauldron_ln_14225,0.0015063917
mix_SI_UT_5400_46,0.000431735
mix_SI_UT_5400_816,0.000431735
cauldron_ln_7242,0.0015224708
mix_UI_ST_5400_576,0.00043510552
cauldron_ln_23682,0.0016416007
cauldron_ln_282,0.0012919595
mix_UI_ST_5400_1298,0.00043026434
mix_UI_ST_5400_951,0.00043026434
cauldron_ln_27680,0.0015723177
cauldron_ln_9697,0.0015997256
cauldron_ln_4974,0.0014833495
cauldron_ln_10928,0.0015876135
mix_UI_ST_5400_852,0.000431735
cauldron_ln_19496,0.0014914029
cauldron_ln_21270,0.0016367137
mix_SI_UT_5400_881,0.00043755127
cauldron_ln_11513,0.0016547289
cauldron_ln_4536,0.0015268459
cauldron_ln_267,0.0011282224
cauldron_ln_15229,0.0015243741
mix_UI_ST_5400_1088,0.000431735
cauldron_ln_20409,0.0014768891
cauldron_ln_24241,0.0016367137
mix_UI_ST_5400_173,0.000431735
cauldron_ln_2865,0.0013508949
cauldron_ln_21754,0.0016353724
mix_SI_UT_5400_1094,0.00042901866
cauldron_ln_29473,0.0015270087
cauldron_ln_12952,0.0016259801
mix_SI_UT_5400_1057,0.00044675675
mix_SI_UT_5400_842,0.000431735
mix_SI_UT_5400_199,0.00044783019
mix_SI_UT_5400_947,0.00043026434
cauldron_ln_10261,0.0015866155
cauldron_ln_21853,0.0016167439
mix_UI_ST_5400_479,0.0004804488
mix_SI_UT_5400_1484,0.000431735
cauldron_ln_24500,0.0016010946
cauldron_ln_22470,0.0016269432
mix_SI_UT_5400_494,0.00043026434
cauldron_ln_8989,0.0014726312
mix_SI_UT_5400_285,0.000431735
cauldron_ln_22366,0.0014377807
cauldron_ln_23547,0.0015250948
cauldron_ln_12077,0.0013306589
cauldron_ln_18287,0.0016083401
mix_SI_UT_5400_79,0.00043026434
mix_SI_UT_5400_1274,0.00045132634
mix_UI_ST_5400_135,0.00042629096
mix_SI_UT_5400_4,0.00040659442
mix_UI_ST_5400_313,0.000431735
cauldron_ln_28239,0.0016509915
cauldron_ln_22435,0.0015970629
cauldron_ln_23955,0.0015543072
mix_UI_ST_5400_358,0.000431735
cauldron_ln_15158,0.0015971701
cauldron_ln_28153,0.0016367137
mix_UI_ST_5400_1306,0.000431735
cauldron_ln_27377,0.0015128001
mix_UI_ST_5400_1127,0.00043026434
cauldron_ln_22043,0.0016367137
cauldron_ln_8148,0.0016211184
cauldron_ln_28423,0.0013082274
cauldron_ln_24261,0.0015786836
cauldron_ln_16295,0.0014855582
mix_SI_UT_5400_518,0.00043755127
mix_UI_ST_5400_169,0.00043026434
cauldron_ln_28681,0.001524274
cauldron_ln_29551,0.0016561134
cauldron_ln_9613,0.0011898527
cauldron_ln_28425,0.0015536635
cauldron_ln_27791,0.0015419576
mix_UI_ST_5400_664,0.000431735
mix_SI_UT_5400_237,0.000431735
cauldron_ln_1061,0.001197967
mix_SI_UT_5400_922,0.00043026434
mix_SI_UT_5400_599,0.000431735
cauldron_ln_16365,0.0014607481
cauldron_ln_12138,0.0013615828
mix_SI_UT_5400_211,0.000431735
cauldron_ln_15360,0.0016039488
mix_SI_UT_5400_961,0.00043026434
cauldron_ln_26558,0.0016111948
mix_SI_UT_5400_1319,0.000431735
mix_UI_ST_5400_166,0.00043026434
mix_UI_ST_5400_1055,0.00043026434
mix_UI_ST_5400_759,0.00043026434
cauldron_ln_15915,0.0016416007
mix_SI_UT_5400_1182,0.00044675675
cauldron_ln_19229,0.0016474607
cauldron_ln_13509,0.001645119
cauldron_ln_14078,0.0016500312
cauldron_ln_21191,0.001648843
cauldron_ln_16830,0.0014842793
cauldron_ln_2993,0.0015074393
mix_UI_ST_5400_1296,0.00043026434
cauldron_ln_18156,0.0016293112
cauldron_ln_9290,0.0015521043
cauldron_ln_13313,0.0015081838
cauldron_ln_16479,0.0016425562
cauldron_ln_24995,0.0013923733
cauldron_ln_16468,0.0015607568
mix_UI_ST_5400_952,0.00043026434
mix_SI_UT_5400_974,0.00043755127
mix_UI_ST_5400_323,0.000431735
mix_SI_UT_5400_386,0.000431735
cauldron_ln_27476,0.0015751378
cauldron_ln_25385,0.0016064829
cauldron_ln_29764,0.001549655
cauldron_ln_19917,0.0015544987
cauldron_ln_27383,0.0016571198
cauldron_ln_8051,0.0015949438
cauldron_ln_26037,0.0016228651
mix_UI_ST_5400_1081,0.00045683296
cauldron_ln_13295,0.0016278451
cauldron_ln_19275,0.0015497024
cauldron_ln_19672,0.0016118615
cauldron_ln_15785,0.0016476512
cauldron_ln_25528,0.0016244296
cauldron_ln_12592,0.0016416007
cauldron_ln_1072,0.0012387306
cauldron_ln_18180,0.0016500321
mix_UI_ST_5400_422,0.00043511303
cauldron_ln_16366,0.0015362969
mix_SI_UT_5400_704,0.00043026434
cauldron_ln_26356,0.0015115753
mix_SI_UT_5400_1258,0.00043026434
cauldron_ln_5220,0.0015853008
mix_SI_UT_5400_32,0.000431735
mix_SI_UT_5400_1278,0.000431735
cauldron_ln_12273,0.0015861281
mix_UI_ST_5400_1109,0.000431735
mix_SI_UT_5400_341,0.00043026434
cauldron_ln_19988,0.0013728869
cauldron_ln_22714,0.0014741768
cauldron_ln_5466,0.0015910397
mix_UI_ST_5400_997,0.00043026434
cauldron_ln_7087,0.0014837605
cauldron_ln_27022,0.0015836632
cauldron_ln_22263,0.0014917942
mix_UI_ST_5400_174,0.00043026434
mix_SI_UT_5400_1459,0.000431735
cauldron_ln_17682,0.0015567836
mix_UI_ST_5400_523,0.00043026434
cauldron_ln_23193,0.0015322217
mix_SI_UT_5400_356,0.00043755127
cauldron_ln_17012,0.001529645
mix_UI_ST_5400_151,0.00043026434
cauldron_ln_23472,0.0016547289
mix_UI_ST_5400_906,0.00043026434
mix_SI_UT_5400_589,0.00043026434
cauldron_ln_14928,0.0016372653
mix_UI_ST_5400_559,0.000431735
mix_UI_ST_5400_1178,0.000431735
mix_SI_UT_5400_381,0.00043026434
mix_SI_UT_5400_15,0.000431735
mix_UI_ST_5400_1336,0.000431735
cauldron_ln_18212,0.0016372653
cauldron_ln_9393,0.0015901823
mix_UI_ST_5400_1366,0.000431735
cauldron_ln_24724,0.0016416007
mix_UI_ST_5400_153,0.00044635579
mix_SI_UT_5400_244,0.0004363529
mix_UI_ST_5400_1182,0.000431735
cauldron_ln_29642,0.0015148959
mix_SI_UT_5400_1236,0.00043026434
cauldron_ln_17094,0.0014967474
mix_UI_ST_5400_769,0.000431735
mix_SI_UT_5400_759,0.00043026434
mix_UI_ST_5400_963,0.00045024458
mix_UI_ST_5400_486,0.00043026434
mix_SI_UT_5400_1498,0.00053148763
mix_UI_ST_5400_941,0.000431735
mix_UI_ST_5400_273,0.00043026434
cauldron_ln_1134,0.0011831005
cauldron_ln_17818,0.0016561134
cauldron_ln_8160,0.0015262564
mix_UI_ST_5400_379,0.00042901866
mix_SI_UT_5400_971,0.000431735
cauldron_ln_19128,0.0016285387
cauldron_ln_28319,0.0015408987
cauldron_ln_25271,0.0016410749
mix_SI_UT_5400_912,0.00043755127
mix_SI_UT_5400_663,0.00043026434
cauldron_ln_14414,0.0015064391
mix_SI_UT_5400_946,0.000431735
cauldron_ln_8837,0.0013515237
cauldron_ln_15060,0.0015161725
mix_UI_ST_5400_1451,0.000431735
cauldron_ln_7024,0.0015270814
cauldron_ln_12838,0.0013070387
cauldron_ln_27913,0.0015963712
cauldron_ln_6826,0.0015881025
cauldron_ln_1377,0.0011541354
mix_UI_ST_5400_1320,0.00044675675
cauldron_ln_17505,0.0016453742
mix_UI_ST_5400_242,0.00043026434
cauldron_ln_10498,0.0016429361
mix_UI_ST_5400_917,0.00043026434
mix_UI_ST_5400_8,0.0004255613
cauldron_ln_12260,0.0015364586
cauldron_ln_29081,0.0016420454
cauldron_ln_18880,0.0015260204
cauldron_ln_24910,0.0014592814
mix_SI_UT_5400_819,0.00044675675
mix_SI_UT_5400_197,0.00043026434
mix_SI_UT_5400_441,0.00047517105
mix_SI_UT_5400_365,0.000431735
mix_SI_UT_5400_1460,0.00044783019
cauldron_ln_21085,0.0015386833
cauldron_ln_18882,0.0016476512
mix_SI_UT_5400_883,0.000431735
cauldron_ln_26626,0.0016632273
mix_UI_ST_5400_1354,0.000431735
mix_UI_ST_5400_639,0.0004542631
cauldron_ln_19329,0.0016136082
mix_SI_UT_5400_272,0.00043026434
mix_UI_ST_5400_1301,0.000431735
mix_SI_UT_5400_345,0.00043026434
cauldron_ln_27328,0.0016416007
cauldron_ln_760,0.0011961773
cauldron_ln_18194,0.0015175525
cauldron_ln_4923,0.0014759754
cauldron_ln_19815,0.001645119
mix_UI_ST_5400_6,0.00040659442
mix_UI_ST_5400_1107,0.00043026434
mix_UI_ST_5400_767,0.00042901866
mix_UI_ST_5400_707,0.0004347983
mix_SI_UT_5400_1440,0.000431735
cauldron_ln_22592,0.0015752263
mix_SI_UT_5400_1153,0.000431735
mix_UI_ST_5400_1467,0.00044675675
cauldron_ln_6244,0.0014716653
cauldron_ln_952,0.001145897
mix_UI_ST_5400_853,0.000431735
cauldron_ln_3367,0.0015726337
cauldron_ln_7909,0.0016059368
mix_UI_ST_5400_418,0.00049115764
cauldron_ln_104,0.0011341824
mix_SI_UT_5400_690,0.000431735
mix_SI_UT_5400_1411,0.0004443761
cauldron_ln_21039,0.0014747776
cauldron_ln_19441,0.0016179504
mix_UI_ST_5400_126,0.00043026434
mix_UI_ST_5400_630,0.000431735
cauldron_ln_12871,0.0015746811
mix_SI_UT_5400_996,0.000431735
cauldron_ln_24918,0.0016416007
mix_UI_ST_5400_237,0.000431735
mix_UI_ST_5400_25,0.000431735
mix_SI_UT_5400_766,0.00045505448
cauldron_ln_2236,0.0014941584
mix_UI_ST_5400_469,0.000431735
cauldron_ln_4330,0.0014272674
mix_SI_UT_5400_1062,0.00043793677
cauldron_ln_15047,0.0014664144
mix_SI_UT_5400_913,0.00043026434
mix_SI_UT_5400_1365,0.000431735
cauldron_ln_7687,0.0014974765
mix_UI_ST_5400_1116,0.000431735
cauldron_ln_28037,0.0014573975
cauldron_ln_24513,0.0015810387
cauldron_ln_17520,0.0015232074
mix_SI_UT_5400_1355,0.000431735
cauldron_ln_20164,0.0014947064
cauldron_ln_18029,0.0016103865
mix_SI_UT_5400_302,0.000431735
cauldron_ln_15831,0.001610217
mix_SI_UT_5400_293,0.000431735
cauldron_ln_22601,0.0016418556
cauldron_ln_11875,0.0016416007
mix_SI_UT_5400_306,0.000431735
mix_UI_ST_5400_1492,0.00042901866
mix_UI_ST_5400_904,0.00043026434
cauldron_ln_17733,0.0015723177
cauldron_ln_5667,0.0015942644
cauldron_ln_11601,0.0016476512
cauldron_ln_2360,0.001558401
mix_SI_UT_5400_1403,0.00043026434
mix_UI_ST_5400_600,0.00043203388
cauldron_ln_9932,0.001592989
mix_UI_ST_5400_104,0.000431735
cauldron_ln_713,0.0012160278
cauldron_ln_18329,0.0016476512
mix_UI_ST_5400_565,0.000431735
cauldron_ln_2667,0.0015483402
cauldron_ln_17716,0.0015968243
mix_UI_ST_5400_878,0.00043026434
cauldron_ln_9780,0.0015566873
mix_SI_UT_5400_1074,0.000431735
cauldron_ln_17007,0.0016348369
mix_SI_UT_5400_521,0.00043026434
mix_SI_UT_5400_322,0.000431735
mix_SI_UT_5400_988,0.00043026434
mix_SI_UT_5400_864,0.00043026434
cauldron_ln_21908,0.0015628724
cauldron_ln_17746,0.0016417914
mix_UI_ST_5400_497,0.000431735
mix_UI_ST_5400_287,0.000431735
mix_SI_UT_5400_1080,0.000431735
cauldron_ln_1913,0.0015378206
cauldron_ln_4288,0.0015821017
mix_SI_UT_5400_192,0.00043026434
cauldron_ln_19235,0.0016545375
cauldron_ln_1322,0.0012506477
mix_SI_UT_5400_959,0.00043026434
mix_SI_UT_5400_507,0.000431735
cauldron_ln_532,0.0011765453
cauldron_ln_10236,0.0016272182
mix_SI_UT_5400_461,0.000431735
cauldron_ln_16031,0.0016547289
cauldron_ln_27268,0.0016416007
cauldron_ln_5530,0.0016046376
cauldron_ln_13757,0.0014976898
mix_UI_ST_5400_354,0.000431735
mix_UI_ST_5400_1348,0.00043026434
mix_UI_ST_5400_510,0.00043026434
mix_UI_ST_5400_178,0.00043026434
mix_UI_ST_5400_492,0.00043784434
mix_UI_ST_5400_89,0.000431735
cauldron_ln_28265,0.0015755977
cauldron_ln_29227,0.0012744883
cauldron_ln_21442,0.0016030907
cauldron_ln_5510,0.001605612
cauldron_ln_2423,0.0015295402
mix_UI_ST_5400_27,0.000431735
cauldron_ln_17678,0.0014986185
mix_UI_ST_5400_1486,0.00043026434
mix_UI_ST_5400_1164,0.00043026434
mix_SI_UT_5400_14,0.000431735
cauldron_ln_12076,0.0016500321
cauldron_ln_24508,0.0014576981
mix_UI_ST_5400_895,0.000431735
cauldron_ln_28687,0.0016118615
cauldron_ln_18429,0.0015933258
mix_SI_UT_5400_548,0.000431735
cauldron_ln_7694,0.0015485561
mix_UI_ST_5400_546,0.00043026434
cauldron_ln_1443,0.0012761549
mix_SI_UT_5400_85,0.000431735
mix_UI_ST_5400_328,0.00043026434
mix_UI_ST_5400_396,0.00043026434
cauldron_ln_25899,0.0016092393
mix_SI_UT_5400_243,0.00049030955
cauldron_ln_6814,0.0015605638
mix_UI_ST_5400_1371,0.00043026434
cauldron_ln_22561,0.0014007157
mix_UI_ST_5400_526,0.000431735
mix_UI_ST_5400_953,0.00043026434
cauldron_ln_9047,0.00138455
cauldron_ln_1851,0.001558401
cauldron_ln_10148,0.0015927873
mix_SI_UT_5400_1163,0.00043026434
mix_SI_UT_5400_1222,0.00043784434
mix_SI_UT_5400_791,0.000431735
mix_UI_ST_5400_1068,0.000431735
mix_SI_UT_5400_1117,0.000431735
mix_SI_UT_5400_797,0.00043644503
mix_UI_ST_5400_1284,0.000431735
cauldron_ln_7231,0.0015741782
mix_SI_UT_5400_686,0.0004449191
mix_UI_ST_5400_131,0.00042899
mix_UI_ST_5400_1304,0.000431735
mix_UI_ST_5400_205,0.000431735
cauldron_ln_20637,0.0015577779
mix_SI_UT_5400_1331,0.00044675675
cauldron_ln_7840,0.0014710586
cauldron_ln_15445,0.0014932163
cauldron_ln_23019,0.0016352861
mix_UI_ST_5400_1415,0.000431735
mix_UI_ST_5400_218,0.000431735
cauldron_ln_12201,0.0015949475
mix_SI_UT_5400_221,0.00043363086
cauldron_ln_22418,0.001645119
mix_UI_ST_5400_607,0.000431735
mix_UI_ST_5400_228,0.00043026434
mix_SI_UT_5400_405,0.000431735
mix_UI_ST_5400_882,0.000431735
cauldron_ln_12261,0.0016372653
mix_SI_UT_5400_181,0.00043026434
mix_UI_ST_5400_222,0.00043026434
cauldron_ln_20062,0.0015662229
cauldron_ln_6613,0.0015169365
mix_SI_UT_5400_1216,0.000431735
cauldron_ln_25459,0.0015848972
mix_UI_ST_5400_96,0.00043793677
mix_SI_UT_5400_424,0.00043755127
mix_UI_ST_5400_703,0.00044097478
cauldron_ln_17686,0.0016500321
cauldron_ln_14762,0.001502611
mix_UI_ST_5400_1207,0.000431735
mix_UI_ST_5400_444,0.000431735
cauldron_ln_22081,0.0016152983
mix_UI_ST_5400_937,0.000431735
cauldron_ln_6114,0.0014296004
cauldron_ln_20165,0.0015680493
mix_SI_UT_5400_87,0.000431735
cauldron_ln_12084,0.0015257101
cauldron_ln_29534,0.0016547289
cauldron_ln_12057,0.0016093135
mix_SI_UT_5400_1175,0.00043026434
mix_SI_UT_5400_1318,0.000431735
mix_SI_UT_5400_330,0.000431735
cauldron_ln_28234,0.0015711489
mix_SI_UT_5400_664,0.000431735
mix_SI_UT_5400_893,0.000431735
mix_UI_ST_5400_808,0.00043644503
cauldron_ln_18590,0.0014055657
mix_UI_ST_5400_37,0.00043755127
cauldron_ln_14287,0.0016347023
mix_SI_UT_5400_1497,0.0005453668
cauldron_ln_14646,0.0015588269
mix_UI_ST_5400_312,0.000431735
mix_UI_ST_5400_58,0.00044438674
cauldron_ln_15106,0.0016242216
cauldron_ln_28937,0.001502199
cauldron_ln_9068,0.0016057633
mix_SI_UT_5400_1311,0.000431735
cauldron_ln_11543,0.0016116389
cauldron_ln_10436,0.001531302
mix_UI_ST_5400_154,0.000431735
mix_UI_ST_5400_996,0.00043026434
cauldron_ln_5399,0.0015945217
mix_SI_UT_5400_714,0.00043026434
cauldron_ln_17677,0.001645119
mix_UI_ST_5400_1206,0.00043026434
cauldron_ln_17744,0.0015001348
mix_UI_ST_5400_361,0.0004644381
mix_UI_ST_5400_1232,0.00043644503
cauldron_ln_4159,0.0015853083
mix_SI_UT_5400_1379,0.00045011815
mix_SI_UT_5400_122,0.000431735
mix_UI_ST_5400_1094,0.000431735
mix_UI_ST_5400_1157,0.000431735
mix_SI_UT_5400_618,0.00047001746
cauldron_ln_8745,0.001589723
cauldron_ln_17018,0.0015107932
cauldron_ln_12142,0.001348589
mix_UI_ST_5400_936,0.000431735
mix_UI_ST_5400_971,0.00043026434
mix_UI_ST_5400_223,0.00042899
cauldron_ln_22955,0.0013379909
mix_UI_ST_5400_567,0.00043026434
mix_UI_ST_5400_85,0.00043026434
cauldron_ln_3120,0.0015164317
mix_SI_UT_5400_1214,0.000431735
cauldron_ln_4493,0.0015708826
cauldron_ln_2793,0.0015256527
cauldron_ln_22121,0.0015159126
mix_UI_ST_5400_348,0.000431735
cauldron_ln_17747,0.0016298464
cauldron_ln_730,0.0011447448
mix_UI_ST_5400_1487,0.00043026434
cauldron_ln_29277,0.0015065316
mix_SI_UT_5400_876,0.00043026434
mix_UI_ST_5400_488,0.00043026434
cauldron_ln_18272,0.0015732612
cauldron_ln_9694,0.0015875455
cauldron_ln_13224,0.0016404181
cauldron_ln_23804,0.0015372084
cauldron_ln_10404,0.0016235227
cauldron_ln_21419,0.0016223437
mix_SI_UT_5400_1377,0.000431735
mix_UI_ST_5400_838,0.00043026434
mix_UI_ST_5400_818,0.000431735
cauldron_ln_23068,0.0015626305
cauldron_ln_26121,0.0015946811
mix_SI_UT_5400_261,0.000431735
cauldron_ln_22032,0.0016367137
cauldron_ln_13097,0.0016367137
cauldron_ln_9075,0.0015562464
mix_UI_ST_5400_122,0.00043026434
mix_SI_UT_5400_660,0.000431735
cauldron_ln_4488,0.0014817655
cauldron_ln_15005,0.0014774139
cauldron_ln_13020,0.0014826335
cauldron_ln_23208,0.0016076824
cauldron_ln_19173,0.0016418556
mix_SI_UT_5400_1277,0.000431735
cauldron_ln_20865,0.0014828234
mix_SI_UT_5400_707,0.00043026434
mix_SI_UT_5400_722,0.000431735
mix_SI_UT_5400_595,0.000431735
mix_SI_UT_5400_1283,0.000431735
cauldron_ln_15404,0.0016486525
mix_UI_ST_5400_1346,0.000431735
cauldron_ln_24589,0.0016547289
cauldron_ln_3273,0.0015189218
cauldron_ln_21894,0.001645119
mix_SI_UT_5400_698,0.000431735
cauldron_ln_1926,0.0013483982
mix_SI_UT_5400_1137,0.00043026434
mix_SI_UT_5400_562,0.000431735
cauldron_ln_8737,0.0016108421
cauldron_ln_23765,0.0015603795
cauldron_ln_15423,0.0015989961
mix_UI_ST_5400_463,0.00045350444
cauldron_ln_9152,0.0014077827
cauldron_ln_25713,0.0016367137
mix_UI_ST_5400_1340,0.000431735
mix_SI_UT_5400_1046,0.000431735
cauldron_ln_29737,0.0016500321
cauldron_ln_19616,0.00151558
mix_UI_ST_5400_401,0.000431735
cauldron_ln_29855,0.0015392321
mix_UI_ST_5400_293,0.00043026434
mix_UI_ST_5400_152,0.00043026434
cauldron_ln_4566,0.0013148754
cauldron_ln_26149,0.0014654002
cauldron_ln_3121,0.0014717409
mix_UI_ST_5400_467,0.00043026434
cauldron_ln_783,0.0010492416
mix_SI_UT_5400_908,0.000431735
mix_UI_ST_5400_1122,0.000431735
mix_SI_UT_5400_1303,0.000431735
cauldron_ln_8140,0.0015865852
mix_SI_UT_5400_1239,0.000431735
cauldron_ln_16842,0.001535894
cauldron_ln_8211,0.001619585
cauldron_ln_10395,0.0016348952
cauldron_ln_27965,0.0014457743
mix_SI_UT_5400_260,0.000431735
mix_UI_ST_5400_754,0.00043026434
mix_UI_ST_5400_553,0.000431735
cauldron_ln_18735,0.001520326
mix_SI_UT_5400_1407,0.000431735
mix_SI_UT_5400_1384,0.00046375682
cauldron_ln_11923,0.001467866
mix_UI_ST_5400_964,0.00043026434
cauldron_ln_17263,0.0016432998
cauldron_ln_26409,0.0013484721
cauldron_ln_19755,0.0013380266
cauldron_ln_29941,0.0015354771
cauldron_ln_18758,0.0016442976
mix_UI_ST_5400_303,0.00043026434
mix_UI_ST_5400_549,0.000431735
mix_SI_UT_5400_1344,0.00043026434
mix_UI_ST_5400_1221,0.000431735
cauldron_ln_11219,0.0016372653
cauldron_ln_804,0.0011252359
mix_SI_UT_5400_924,0.00043026434
mix_UI_ST_5400_266,0.000431735
mix_SI_UT_5400_897,0.000431735
cauldron_ln_14526,0.001520478
mix_SI_UT_5400_431,0.00043026434
cauldron_ln_24533,0.0015778976
mix_SI_UT_5400_298,0.00043026434
mix_SI_UT_5400_1304,0.000431735
cauldron_ln_12514,0.0014858277
mix_SI_UT_5400_1250,0.00043026434
mix_SI_UT_5400_560,0.000431735
cauldron_ln_6322,0.0016128347
cauldron_ln_7000,0.0014910202
cauldron_ln_26584,0.0016476512
cauldron_ln_9776,0.0015200409
mix_UI_ST_5400_805,0.000431735
mix_UI_ST_5400_594,0.0004746153
cauldron_ln_10902,0.0016395226
cauldron_ln_7101,0.0016064048
mix_SI_UT_5400_942,0.00044675675
cauldron_ln_16806,0.0016394204
cauldron_ln_8162,0.0015957406
cauldron_ln_2732,0.0014714446
cauldron_ln_15859,0.0012696208
mix_UI_ST_5400_1124,0.000431735
cauldron_ln_20975,0.001524912
mix_UI_ST_5400_1397,0.000431735
mix_SI_UT_5400_434,0.00043026434
mix_SI_UT_5400_1166,0.00042901866
cauldron_ln_17249,0.001607534
mix_SI_UT_5400_126,0.00043026434
cauldron_ln_20032,0.0016416007
mix_UI_ST_5400_220,0.00043026434
mix_SI_UT_5400_326,0.00044675675
mix_SI_UT_5400_836,0.00044675675
cauldron_ln_20845,0.0015148614
cauldron_ln_19643,0.0016416007
mix_UI_ST_5400_679,0.0004347983
cauldron_ln_13175,0.0016369676
mix_SI_UT_5400_565,0.00046648044
cauldron_ln_28208,0.0014949064
cauldron_ln_20628,0.0016227198
mix_SI_UT_5400_295,0.000431735
mix_UI_ST_5400_208,0.00043026434
mix_SI_UT_5400_758,0.00043026434
mix_UI_ST_5400_1213,0.00043026434
mix_SI_UT_5400_739,0.000431735
mix_SI_UT_5400_1360,0.00043026434
cauldron_ln_12098,0.0016278451
mix_UI_ST_5400_279,0.00043026434
mix_SI_UT_5400_733,0.00044590564
cauldron_ln_23299,0.0015757371
cauldron_ln_12530,0.0015972949
mix_SI_UT_5400_614,0.00046925692
cauldron_ln_7503,0.0014100844
cauldron_ln_17327,0.0016278451
mix_UI_ST_5400_1460,0.000431735
cauldron_ln_278,0.0011518867
cauldron_ln_23239,0.0014366338
mix_UI_ST_5400_582,0.00048656118
mix_SI_UT_5400_665,0.000431735
mix_SI_UT_5400_33,0.00043026434
cauldron_ln_9233,0.0013950407
mix_UI_ST_5400_1398,0.00043026434
cauldron_ln_15255,0.001645119
cauldron_ln_26580,0.0015946878
mix_UI_ST_5400_93,0.000431735
mix_UI_ST_5400_902,0.00043511303
mix_SI_UT_5400_26,0.000431735
mix_UI_ST_5400_294,0.000431735
mix_SI_UT_5400_736,0.00049190375
cauldron_ln_8388,0.0014247715
mix_SI_UT_5400_620,0.00044675675
mix_UI_ST_5400_252,0.00043026434
cauldron_ln_19102,0.0015013688
cauldron_ln_2280,0.0014447847
cauldron_ln_18189,0.0013873832
mix_UI_ST_5400_55,0.00043026434
cauldron_ln_4853,0.0015765686
cauldron_ln_15866,0.0016561134
mix_SI_UT_5400_667,0.00043026434
cauldron_ln_27719,0.0015058173
mix_UI_ST_5400_612,0.000431735
mix_SI_UT_5400_1298,0.00043755127
cauldron_ln_2287,0.0013660736
cauldron_ln_17282,0.0016389241
mix_SI_UT_5400_685,0.00043026434
mix_UI_ST_5400_541,0.000431735
cauldron_ln_8711,0.0016163083
mix_UI_ST_5400_1432,0.00042901866
mix_UI_ST_5400_1382,0.000431735
mix_SI_UT_5400_1115,0.00043026434
cauldron_ln_13196,0.0016076135
mix_UI_ST_5400_185,0.000431735
cauldron_ln_7583,0.0014503365
cauldron_ln_10496,0.0016141059
cauldron_ln_617,0.0011240778
mix_UI_ST_5400_161,0.000431735
mix_UI_ST_5400_761,0.000431735
cauldron_ln_14842,0.0016418556
mix_UI_ST_5400_1250,0.000431735
cauldron_ln_7212,0.0016141844
cauldron_ln_14656,0.0016161298
cauldron_ln_7924,0.0016073801
mix_SI_UT_5400_699,0.000431735
mix_SI_UT_5400_436,0.000431735
cauldron_ln_19825,0.0016073734
mix_UI_ST_5400_504,0.000431735
cauldron_ln_19005,0.0015577978
cauldron_ln_7454,0.0014777299
mix_UI_ST_5400_535,0.00043026434
cauldron_ln_10326,0.0016397131
cauldron_ln_12254,0.0015341575
mix_SI_UT_5400_935,0.00046854105
mix_UI_ST_5400_1199,0.000431735
cauldron_ln_14377,0.0016352985
mix_SI_UT_5400_342,0.00042901866
mix_UI_ST_5400_683,0.00043026434
mix_SI_UT_5400_430,0.00043026434
cauldron_ln_28229,0.0016147324
mix_UI_ST_5400_1231,0.000431735
mix_UI_ST_5400_1299,0.00043026434
mix_SI_UT_5400_857,0.000431735
mix_UI_ST_5400_441,0.00042899
mix_SI_UT_5400_543,0.000431735
mix_SI_UT_5400_1069,0.00043026434
mix_SI_UT_5400_1052,0.000431735
mix_UI_ST_5400_649,0.000431735
mix_SI_UT_5400_608,0.000431735
cauldron_ln_14130,0.0016430432
mix_SI_UT_5400_940,0.000431735
mix_UI_ST_5400_212,0.00043026434
mix_UI_ST_5400_1141,0.00043026434
mix_UI_ST_5400_741,0.00043026434
mix_SI_UT_5400_828,0.00042613494
cauldron_ln_4509,0.001525976
mix_SI_UT_5400_134,0.000431735
cauldron_ln_18419,0.0015213
mix_SI_UT_5400_204,0.000431735
cauldron_ln_27468,0.0016367137
cauldron_ln_226,0.001269948
mix_UI_ST_5400_1025,0.00044675675
mix_SI_UT_5400_716,0.00043996872
cauldron_ln_15743,0.00157904
mix_UI_ST_5400_1056,0.000431735
mix_SI_UT_5400_793,0.000431735
cauldron_ln_3064,0.0015039659
mix_SI_UT_5400_1015,0.00048366113
mix_UI_ST_5400_748,0.000431735
cauldron_ln_5547,0.0012102298
mix_SI_UT_5400_862,0.000431735
cauldron_ln_11313,0.0014659878
mix_UI_ST_5400_1327,0.00043026434
mix_UI_ST_5400_1021,0.000431735
mix_UI_ST_5400_367,0.000431735
cauldron_ln_17980,0.0015973398
mix_UI_ST_5400_378,0.00042901866
mix_SI_UT_5400_238,0.00048576805
cauldron_ln_8671,0.0015709223
cauldron_ln_11814,0.0014564679
cauldron_ln_19722,0.0016323903
cauldron_ln_24194,0.0016242069
cauldron_ln_10608,0.0014379333
cauldron_ln_2292,0.0012773211
cauldron_ln_579,0.001265355
mix_SI_UT_5400_292,0.000431735
mix_SI_UT_5400_1376,0.00043026434
cauldron_ln_6332,0.0015352367
cauldron_ln_23111,0.0015472568
mix_UI_ST_5400_329,0.00043511303
cauldron_ln_11130,0.0014651247
cauldron_ln_12886,0.0016367137
cauldron_ln_25394,0.0015365873
cauldron_ln_23734,0.0014099798
cauldron_ln_549,0.0011240778
mix_SI_UT_5400_504,0.00043026434
mix_UI_ST_5400_48,0.000431735
mix_UI_ST_5400_180,0.00043026434
mix_SI_UT_5400_867,0.000431735
cauldron_ln_7519,0.0015847062
mix_UI_ST_5400_658,0.00043026434
cauldron_ln_28961,0.0013492845
mix_SI_UT_5400_257,0.00043644503
cauldron_ln_4877,0.0012726585
mix_SI_UT_5400_70,0.00043026434
mix_UI_ST_5400_1067,0.0004347983
cauldron_ln_5180,0.0015525314
cauldron_ln_14553,0.0016416007
mix_UI_ST_5400_229,0.00043026434
cauldron_ln_3857,0.0015553405
cauldron_ln_22582,0.0016362057
mix_SI_UT_5400_455,0.00043026434
cauldron_ln_23335,0.0016255148
cauldron_ln_21873,0.0015723177
mix_SI_UT_5400_681,0.00043793677
mix_UI_ST_5400_1246,0.00043026434
cauldron_ln_18153,0.0015982335
cauldron_ln_13185,0.0015720677
cauldron_ln_22572,0.0015562723
cauldron_ln_11930,0.0016367137
mix_UI_ST_5400_724,0.000431735
cauldron_ln_6146,0.0014723472
mix_UI_ST_5400_1484,0.00043511303
cauldron_ln_7131,0.0012486059
cauldron_ln_17082,0.0015770136
mix_UI_ST_5400_857,0.000431735
cauldron_ln_10088,0.001647943
cauldron_ln_20,0.0011575778
cauldron_ln_17378,0.0015986619
mix_UI_ST_5400_1108,0.00047256428
mix_SI_UT_5400_849,0.00044675675
mix_UI_ST_5400_276,0.00044828374
mix_UI_ST_5400_733,0.00043026434
mix_SI_UT_5400_1471,0.000431735
mix_UI_ST_5400_160,0.000431735
mix_UI_ST_5400_248,0.000431735
mix_UI_ST_5400_1077,0.000431735
cauldron_ln_8419,0.0015421567
cauldron_ln_10618,0.0016423364
mix_UI_ST_5400_653,0.000431735
cauldron_ln_11161,0.0016486525
mix_SI_UT_5400_854,0.00043026434
cauldron_ln_7483,0.0015862861
cauldron_ln_1950,0.0013099844
mix_UI_ST_5400_1145,0.000431735
cauldron_ln_3949,0.0015137633
mix_SI_UT_5400_1101,0.00043026434
cauldron_ln_19357,0.0015435611
mix_UI_ST_5400_349,0.000431735
cauldron_ln_8293,0.0015195127
mix_SI_UT_5400_385,0.00043026434
mix_UI_ST_5400_793,0.00042901866
cauldron_ln_26692,0.0016068676
mix_UI_ST_5400_1208,0.00043026434
cauldron_ln_12082,0.0015521612
mix_UI_ST_5400_999,0.00043026434
cauldron_ln_26698,0.0016395218
cauldron_ln_2232,0.0015350109
mix_SI_UT_5400_874,0.00043755127
mix_UI_ST_5400_524,0.00043026434
cauldron_ln_4997,0.0015544366
mix_SI_UT_5400_726,0.00043026434
mix_SI_UT_5400_34,0.000431735
mix_UI_ST_5400_1225,0.00046206175
cauldron_ln_19681,0.0015636658
mix_SI_UT_5400_558,0.00043026434
mix_SI_UT_5400_1402,0.000431735
mix_SI_UT_5400_439,0.00042901866
mix_SI_UT_5400_1174,0.00043026434
cauldron_ln_12748,0.0016369676
cauldron_ln_21006,0.0016486525
cauldron_ln_23999,0.0016474607
mix_SI_UT_5400_182,0.0004645982
cauldron_ln_8117,0.0015980122
mix_UI_ST_5400_1401,0.00044675675
mix_UI_ST_5400_1192,0.000431735
cauldron_ln_1175,0.0012085388
cauldron_ln_15358,0.0016002161
cauldron_ln_16952,0.0015778976
mix_SI_UT_5400_1409,0.000431735
mix_UI_ST_5400_239,0.000431735
mix_UI_ST_5400_531,0.000431735
cauldron_ln_1204,0.0011383524
mix_SI_UT_5400_1255,0.00044675675
cauldron_ln_14922,0.0016181845
mix_SI_UT_5400_1381,0.000431735
mix_UI_ST_5400_1498,0.00055653986
mix_SI_UT_5400_1008,0.000431735
mix_UI_ST_5400_512,0.000431735
mix_UI_ST_5400_1234,0.00045814452
mix_SI_UT_5400_1441,0.000431735
mix_UI_ST_5400_1408,0.000431735
mix_SI_UT_5400_1240,0.00043026434
cauldron_ln_16567,0.0016416007
mix_UI_ST_5400_1265,0.00043026434
mix_UI_ST_5400_12,0.000431735
cauldron_ln_25437,0.0014029605
cauldron_ln_14719,0.0015451184
mix_SI_UT_5400_340,0.00043026434
mix_UI_ST_5400_988,0.00043026434
mix_SI_UT_5400_21,0.0004347983
cauldron_ln_3141,0.0015081493
cauldron_ln_2644,0.0015613076
mix_SI_UT_5400_693,0.000431735
mix_SI_UT_5400_419,0.00043026434
mix_SI_UT_5400_1086,0.000431735
mix_UI_ST_5400_820,0.00044675675
mix_SI_UT_5400_445,0.000431735
mix_UI_ST_5400_1255,0.00043026434
mix_SI_UT_5400_872,0.00043026434
cauldron_ln_2233,0.0014484071
cauldron_ln_21324,0.001645119
cauldron_ln_25774,0.0014343781
mix_UI_ST_5400_737,0.00043026434
cauldron_ln_7380,0.0015508094
cauldron_ln_17772,0.0015283602
mix_UI_ST_5400_1031,0.00042901866
cauldron_ln_15824,0.0016500321
cauldron_ln_25877,0.0015464644
mix_UI_ST_5400_1189,0.0004630194
cauldron_ln_503,0.0011680396
mix_UI_ST_5400_30,0.00043026434
mix_SI_UT_5400_1090,0.00043026434
mix_UI_ST_5400_233,0.000431735
mix_UI_ST_5400_1099,0.000431735
cauldron_ln_19104,0.0016136619
mix_SI_UT_5400_144,0.00043026434
mix_UI_ST_5400_739,0.00043026434
mix_SI_UT_5400_1061,0.000431735
mix_SI_UT_5400_336,0.000431735
mix_UI_ST_5400_150,0.00043026434
mix_SI_UT_5400_813,0.00042901866
cauldron_ln_12105,0.0015786806
cauldron_ln_15639,0.0014734371
cauldron_ln_26995,0.0015832214
mix_UI_ST_5400_1442,0.00043511303
cauldron_ln_15908,0.0015474351
mix_UI_ST_5400_752,0.000431735
cauldron_ln_2879,0.0014881847
cauldron_ln_3463,0.0014460008
mix_SI_UT_5400_406,0.000431735
mix_UI_ST_5400_251,0.00043026434
mix_UI_ST_5400_626,0.000431735
cauldron_ln_25187,0.00162561
mix_SI_UT_5400_1138,0.00043026434
cauldron_ln_9383,0.0015967261
cauldron_ln_26538,0.0016486525
cauldron_ln_5401,0.0015998444
cauldron_ln_19525,0.0015665636
cauldron_ln_15253,0.0014622672
mix_SI_UT_5400_469,0.00043026434
mix_SI_UT_5400_1466,0.000431735
mix_UI_ST_5400_305,0.000431735
cauldron_ln_19569,0.001538739
cauldron_ln_1288,0.001159169
mix_SI_UT_5400_1478,0.00043026434
mix_UI_ST_5400_1194,0.00043026434
cauldron_ln_27393,0.0016416007
cauldron_ln_20284,0.0015750666
cauldron_ln_18826,0.0014799859
mix_UI_ST_5400_540,0.00043026434
cauldron_ln_1929,0.0015675037
mix_UI_ST_5400_944,0.000431735
cauldron_ln_11632,0.0015774621
cauldron_ln_8504,0.0016103728
mix_UI_ST_5400_500,0.00043026434
cauldron_ln_4126,0.0015104876
cauldron_ln_14120,0.001617218
mix_SI_UT_5400_391,0.000431735
mix_UI_ST_5400_435,0.000431735
cauldron_ln_24721,0.0016360157
mix_UI_ST_5400_1065,0.00043026434
mix_SI_UT_5400_335,0.00043026434
mix_UI_ST_5400_766,0.0004340475
mix_SI_UT_5400_525,0.000431735
cauldron_ln_18260,0.0016269302
mix_SI_UT_5400_1477,0.000431735
cauldron_ln_14036,0.0016318503
cauldron_ln_20104,0.0016147324
mix_SI_UT_5400_226,0.0004347983
cauldron_ln_5414,0.0015231482
cauldron_ln_27037,0.0016269432
cauldron_ln_24239,0.0016571198
mix_UI_ST_5400_427,0.00043026434
cauldron_ln_19371,0.0015901423
mix_SI_UT_5400_1204,0.000431735
cauldron_ln_17052,0.0016547289
mix_UI_ST_5400_112,0.00043026434
cauldron_ln_4146,0.0015839257
mix_SI_UT_5400_1065,0.000431735
cauldron_ln_22957,0.0015385762
cauldron_ln_696,0.0011281725
cauldron_ln_5478,0.0014609819
cauldron_ln_21933,0.0014023888
cauldron_ln_24256,0.0014604457
mix_UI_ST_5400_447,0.00043026434
cauldron_ln_20151,0.0016410749
mix_UI_ST_5400_335,0.000431735
cauldron_ln_6632,0.0015622089
mix_SI_UT_5400_1103,0.00043026434
cauldron_ln_118,0.0011339966
mix_SI_UT_5400_1180,0.00044675675
cauldron_ln_27674,0.0016159398
mix_SI_UT_5400_673,0.00043755127
cauldron_ln_10939,0.0014946224
mix_SI_UT_5400_36,0.000431735
mix_SI_UT_5400_156,0.00042901866
mix_SI_UT_5400_969,0.00043026434
mix_UI_ST_5400_4,0.00040659442
cauldron_ln_28684,0.0015681126
cauldron_ln_9023,0.0015651494
cauldron_ln_17055,0.0014748309
mix_SI_UT_5400_978,0.00043026434
cauldron_ln_10816,0.0016395226
cauldron_ln_28291,0.0016133914
mix_UI_ST_5400_560,0.000431735
cauldron_ln_23455,0.00156602
mix_UI_ST_5400_779,0.000431735
cauldron_ln_15755,0.001467887
mix_SI_UT_5400_218,0.00043026434
cauldron_ln_5683,0.0014251866
cauldron_ln_2669,0.0014811779
cauldron_ln_22045,0.0015381969
cauldron_ln_26360,0.0016367137
mix_UI_ST_5400_1019,0.00044783019
mix_UI_ST_5400_554,0.000431735
cauldron_ln_28107,0.0016147755
mix_UI_ST_5400_1223,0.00043026434
cauldron_ln_20051,0.0016476512
cauldron_ln_11953,0.0015642719
cauldron_ln_18517,0.001592252
cauldron_ln_53,0.0010356915
mix_UI_ST_5400_1319,0.00048366113
mix_UI_ST_5400_692,0.000431735
cauldron_ln_20319,0.0016486525
mix_UI_ST_5400_660,0.00043026434
mix_UI_ST_5400_129,0.000431735
mix_SI_UT_5400_537,0.00042901866
cauldron_ln_4878,0.0015982091
mix_UI_ST_5400_94,0.000431735
mix_SI_UT_5400_641,0.000431735
cauldron_ln_16133,0.001576332
cauldron_ln_19962,0.0016367137
cauldron_ln_20502,0.0015444108
mix_UI_ST_5400_482,0.000431735
cauldron_ln_10387,0.001609119
cauldron_ln_19445,0.0016416007
mix_UI_ST_5400_581,0.00043755127
cauldron_ln_28455,0.0016486525
cauldron_ln_14128,0.0016134215
mix_SI_UT_5400_585,0.000431735
cauldron_ln_12,0.0013513513
mix_UI_ST_5400_499,0.00043026434
mix_UI_ST_5400_52,0.000431735
cauldron_ln_11576,0.0016244296
mix_UI_ST_5400_1239,0.00043026434
cauldron_ln_25886,0.0016432998
cauldron_ln_17351,0.0015828273
cauldron_ln_23113,0.0015815182
cauldron_ln_17624,0.0016509915
mix_SI_UT_5400_748,0.000431735
cauldron_ln_29672,0.0014060021
mix_SI_UT_5400_923,0.00043026434
cauldron_ln_24844,0.0016092393
mix_SI_UT_5400_1452,0.00043026434
mix_UI_ST_5400_45,0.00043026434
cauldron_ln_29878,0.0015510449
cauldron_ln_8161,0.0015479747
mix_UI_ST_5400_360,0.000431735
cauldron_ln_17838,0.0016476512
cauldron_ln_7617,0.0013984392
mix_SI_UT_5400_1289,0.00043362344
mix_SI_UT_5400_790,0.000431735
mix_SI_UT_5400_919,0.000431735
mix_UI_ST_5400_1237,0.0004560337
mix_SI_UT_5400_651,0.00046737125
mix_UI_ST_5400_655,0.00043026434
mix_SI_UT_5400_1168,0.00043026434
cauldron_ln_15858,0.0015979155
cauldron_ln_23974,0.0015446917
mix_UI_ST_5400_918,0.000431735
cauldron_ln_9670,0.0015807089
mix_SI_UT_5400_948,0.00043026434
cauldron_ln_18940,0.0016500321
cauldron_ln_15010,0.0014012228
cauldron_ln_4564,0.0014507206
cauldron_ln_14404,0.0016474607
cauldron_ln_22353,0.00143542
cauldron_ln_5155,0.0015763021
mix_UI_ST_5400_1331,0.00043026434
mix_SI_UT_5400_671,0.000431735
cauldron_ln_9455,0.0015541895
cauldron_ln_11427,0.0015142766
cauldron_ln_19713,0.0014670128
mix_SI_UT_5400_408,0.000431735
mix_SI_UT_5400_792,0.00043026434
mix_SI_UT_5400_1238,0.000431735
mix_UI_ST_5400_714,0.000431735
cauldron_ln_8834,0.0015507657
cauldron_ln_21944,0.001538739
mix_SI_UT_5400_1450,0.00043026434
mix_UI_ST_5400_1143,0.000431735
cauldron_ln_10045,0.001398007
mix_UI_ST_5400_387,0.00043026434
cauldron_ln_11657,0.0016367137
cauldron_ln_9358,0.0015349793
mix_SI_UT_5400_92,0.00043026434
cauldron_ln_26416,0.0016212071
mix_SI_UT_5400_1410,0.00045436682
cauldron_ln_14413,0.0016416007
mix_SI_UT_5400_107,0.00044675675
cauldron_ln_13566,0.0013983891
cauldron_ln_28071,0.001405739
mix_SI_UT_5400_579,0.00043793677
mix_UI_ST_5400_31,0.00044034488
cauldron_ln_2470,0.001555068
mix_SI_UT_5400_574,0.000431735
cauldron_ln_11177,0.0016084573
cauldron_ln_12571,0.0015862203
cauldron_ln_18766,0.0015772299
mix_UI_ST_5400_899,0.000431735
mix_UI_ST_5400_792,0.000431735
mix_UI_ST_5400_785,0.000431735
cauldron_ln_24175,0.0015868398
mix_UI_ST_5400_1226,0.000431735
mix_UI_ST_5400_578,0.00043026434
cauldron_ln_26611,0.001513385
cauldron_ln_2126,0.001491557
cauldron_ln_749,0.001146486
mix_SI_UT_5400_119,0.00043026434
cauldron_ln_19477,0.0015240359
cauldron_ln_24211,0.0015786453
mix_SI_UT_5400_17,0.000431735
cauldron_ln_25331,0.0016432998
cauldron_ln_25151,0.0016232383
mix_UI_ST_5400_545,0.000431735
mix_UI_ST_5400_784,0.000431735
mix_UI_ST_5400_840,0.0004340475
cauldron_ln_18368,0.001577827
mix_SI_UT_5400_1485,0.000431735
cauldron_ln_334,0.0012109759
cauldron_ln_22940,0.0016161298
cauldron_ln_27311,0.0014433208
cauldron_ln_29375,0.0016559219
mix_SI_UT_5400_1071,0.00045832185
cauldron_ln_21790,0.001631145
mix_UI_ST_5400_67,0.00044828374
mix_UI_ST_5400_1198,0.00043026434
cauldron_ln_25505,0.0016547289
cauldron_ln_28981,0.0016223437
mix_UI_ST_5400_302,0.00043026434
mix_UI_ST_5400_790,0.000431735
mix_SI_UT_5400_1369,0.00043026434
cauldron_ln_13110,0.0016489084
mix_SI_UT_5400_1490,0.00043026434
cauldron_ln_26330,0.0016323903
cauldron_ln_18480,0.0014715573
cauldron_ln_1097,0.0011787539
cauldron_ln_13875,0.0016360827
cauldron_ln_19327,0.0016367137
mix_UI_ST_5400_843,0.000431735
mix_UI_ST_5400_1044,0.000431735
mix_UI_ST_5400_44,0.000431735
mix_SI_UT_5400_172,0.00043026434
mix_UI_ST_5400_847,0.00043026434
mix_UI_ST_5400_2,0.00040659442
mix_SI_UT_5400_468,0.00043755127
mix_SI_UT_5400_873,0.00043996872
mix_SI_UT_5400_840,0.00046485467
mix_UI_ST_5400_1474,0.00045178368
mix_UI_ST_5400_21,0.000431735
mix_UI_ST_5400_431,0.00043755127
cauldron_ln_20097,0.0015157309
cauldron_ln_4376,0.0014056392
mix_SI_UT_5400_1427,0.000431735
mix_UI_ST_5400_687,0.00043026434
mix_SI_UT_5400_1284,0.000431735
mix_UI_ST_5400_981,0.00043026434
cauldron_ln_11983,0.0016416007
mix_SI_UT_5400_331,0.000431735
cauldron_ln_22164,0.0015020538
cauldron_ln_20479,0.001538739
mix_SI_UT_5400_57,0.000431735
cauldron_ln_13765,0.0016486525
cauldron_ln_2757,0.0015557959
mix_SI_UT_5400_1169,0.00043511303
cauldron_ln_21667,0.0014649517
cauldron_ln_10895,0.001642216
mix_UI_ST_5400_285,0.000431735
mix_SI_UT_5400_467,0.000431735
cauldron_ln_11370,0.0016248225
cauldron_ln_21980,0.0016369676
cauldron_ln_29634,0.0014535361
mix_UI_ST_5400_1083,0.00043026434
mix_SI_UT_5400_1243,0.00043026434
mix_UI_ST_5400_1102,0.00043026434
mix_UI_ST_5400_1469,0.00043026434
cauldron_ln_19184,0.0014912474
cauldron_ln_11820,0.0016476512
cauldron_ln_2144,0.0014986206
cauldron_ln_5882,0.0015014367
mix_SI_UT_5400_1329,0.00043026434
mix_SI_UT_5400_856,0.000431735
mix_SI_UT_5400_587,0.000431735
mix_SI_UT_5400_1105,0.00042901866
mix_UI_ST_5400_61,0.00045814452
cauldron_ln_27899,0.0016476512
mix_UI_ST_5400_5,0.00040659442
mix_UI_ST_5400_1060,0.000431735
cauldron_ln_27053,0.001645119
mix_SI_UT_5400_1327,0.000431735
mix_UI_ST_5400_1054,0.000431735
mix_UI_ST_5400_1276,0.00043026434
cauldron_ln_7919,0.0015903634
cauldron_ln_9133,0.0014178987
mix_SI_UT_5400_884,0.000431735
mix_UI_ST_5400_10,0.00043026434
mix_UI_ST_5400_534,0.00044783019
mix_UI_ST_5400_837,0.000431735
cauldron_ln_6416,0.0012894185
cauldron_ln_20460,0.0015620698
cauldron_ln_10373,0.0015733526
mix_UI_ST_5400_774,0.000431735
mix_SI_UT_5400_638,0.00043026434
mix_UI_ST_5400_1334,0.00043026434
cauldron_ln_27783,0.0014696759
cauldron_ln_8996,0.0015932249
cauldron_ln_27574,0.0013828896
mix_SI_UT_5400_1332,0.00043510552
cauldron_ln_2167,0.0015670991
mix_SI_UT_5400_1425,0.000431735
mix_UI_ST_5400_359,0.00047086077
mix_UI_ST_5400_806,0.00043026434
mix_UI_ST_5400_263,0.00043644503
cauldron_ln_11924,0.0015097923
cauldron_ln_24266,0.0016444182
cauldron_ln_6729,0.0015455341
mix_SI_UT_5400_604,0.00043026434
mix_SI_UT_5400_916,0.000431735
cauldron_ln_25080,0.0016500321
mix_SI_UT_5400_847,0.000431735
mix_SI_UT_5400_1036,0.000431735
cauldron_ln_2975,0.0014304338
mix_SI_UT_5400_1206,0.00043026434
mix_SI_UT_5400_509,0.000431735
cauldron_ln_15790,0.0016003585
cauldron_ln_93,0.001058796
mix_SI_UT_5400_1009,0.000431735
cauldron_ln_20364,0.0014036648
mix_UI_ST_5400_1491,0.00043026434
mix_UI_ST_5400_1248,0.000431735
mix_SI_UT_5400_201,0.00043026434
cauldron_ln_17571,0.0016086012
cauldron_ln_5774,0.0014987513
mix_UI_ST_5400_691,0.00048764443
cauldron_ln_21600,0.0014927001
cauldron_ln_20619,0.0015835434
mix_SI_UT_5400_825,0.000431735
mix_UI_ST_5400_274,0.000431735
mix_UI_ST_5400_846,0.000431735
mix_UI_ST_5400_380,0.00043755127
cauldron_ln_3346,0.0014547561
cauldron_ln_2430,0.0013380623
cauldron_ln_10798,0.001534636
mix_UI_ST_5400_1166,0.000431735
cauldron_ln_7841,0.0014292873
cauldron_ln_21563,0.0015487435
cauldron_ln_25912,0.0014465516
mix_SI_UT_5400_1476,0.000431735
cauldron_ln_3228,0.0015425634
cauldron_ln_29946,0.0015818721
mix_SI_UT_5400_752,0.00043026434
cauldron_ln_25368,0.0015536635
cauldron_ln_4212,0.0015143912
cauldron_ln_14910,0.001631145
mix_SI_UT_5400_1350,0.000431735
cauldron_ln_15566,0.001572126
mix_UI_ST_5400_782,0.0004449191
cauldron_ln_1149,0.0011746623
cauldron_ln_17316,0.0014622903
cauldron_ln_26560,0.0016500321
cauldron_ln_5855,0.0015760829
cauldron_ln_18472,0.0015120072
mix_UI_ST_5400_627,0.00044675675
cauldron_ln_16670,0.0015453494
cauldron_ln_24126,0.001645119
cauldron_ln_4341,0.0015765686
cauldron_ln_3617,0.0015755442
cauldron_ln_18545,0.0016372653
cauldron_ln_6170,0.001496597
mix_UI_ST_5400_919,0.00043026434
mix_SI_UT_5400_823,0.000431735
cauldron_ln_24150,0.0015776647
mix_UI_ST_5400_241,0.00046366092
cauldron_ln_18121,0.0016416007
cauldron_ln_7456,0.0014339439
mix_SI_UT_5400_1458,0.00043755127
mix_SI_UT_5400_438,0.000431735
mix_SI_UT_5400_352,0.000431735
mix_SI_UT_5400_827,0.00043755127
mix_UI_ST_5400_633,0.000431735
mix_SI_UT_5400_598,0.00043755127
mix_SI_UT_5400_377,0.00043026434
mix_UI_ST_5400_1373,0.000431735
mix_UI_ST_5400_1314,0.000431735
mix_SI_UT_5400_966,0.000431735
mix_SI_UT_5400_571,0.000431735
mix_UI_ST_5400_1294,0.00043026434
cauldron_ln_12913,0.001481333
cauldron_ln_14545,0.0015965338
cauldron_ln_17890,0.001355716
cauldron_ln_14721,0.0015723177
cauldron_ln_164,0.0013069877
mix_SI_UT_5400_193,0.00043755127
cauldron_ln_9916,0.0014628265
mix_UI_ST_5400_650,0.00046485467
mix_SI_UT_5400_1011,0.00043644503
mix_SI_UT_5400_37,0.00043026434
cauldron_ln_6366,0.0015875862
cauldron_ln_18237,0.0016372653
cauldron_ln_12292,0.0015239489
mix_UI_ST_5400_986,0.000431735
cauldron_ln_2996,0.0014920059
cauldron_ln_1142,0.0013257135
mix_UI_ST_5400_675,0.000431735
mix_UI_ST_5400_1374,0.00044783019
cauldron_ln_22103,0.0016416007
cauldron_ln_3258,0.0015723574
cauldron_ln_23557,0.0015433664
cauldron_ln_20257,0.0015345169
cauldron_ln_1302,0.0012078155
cauldron_ln_17854,0.0016161298
mix_UI_ST_5400_927,0.00043026434
mix_SI_UT_5400_133,0.00043026434
cauldron_ln_15997,0.001532901
mix_SI_UT_5400_609,0.000431735
mix_SI_UT_5400_1227,0.000431735
cauldron_ln_11918,0.0016476512
mix_SI_UT_5400_1496,0.00055991503
cauldron_ln_870,0.0011583952
mix_SI_UT_5400_607,0.000431735
cauldron_ln_29821,0.0014509327
mix_UI_ST_5400_729,0.000431735
cauldron_ln_2874,0.0014613242
cauldron_ln_685,0.0010188645
cauldron_ln_26917,0.001578032
cauldron_ln_7778,0.0015049989
mix_UI_ST_5400_668,0.000431735
mix_UI_ST_5400_308,0.00042901866
cauldron_ln_23034,0.0016479071
cauldron_ln_12857,0.0016500321
cauldron_ln_622,0.0012022926
cauldron_ln_11708,0.0015885254
cauldron_ln_3552,0.0015215941
mix_SI_UT_5400_1081,0.000431735
mix_SI_UT_5400_624,0.000431735
cauldron_ln_5252,0.0015853008
mix_SI_UT_5400_288,0.00046648044
mix_UI_ST_5400_967,0.000431735
mix_UI_ST_5400_421,0.000431735
cauldron_ln_21135,0.0013938168
mix_UI_ST_5400_867,0.000431735
cauldron_ln_29229,0.0016367137
mix_SI_UT_5400_1271,0.00042901866
cauldron_ln_1129,0.0010560895
cauldron_ln_5319,0.0015910397
cauldron_ln_28637,0.0014825495
cauldron_ln_19265,0.0015631039
cauldron_ln_6621,0.001463482
cauldron_ln_11729,0.0015371946
mix_SI_UT_5400_371,0.00043026434
cauldron_ln_20200,0.001663035
mix_SI_UT_5400_1302,0.000431735
cauldron_ln_16630,0.0015082915
mix_UI_ST_5400_1113,0.000431735
cauldron_ln_24313,0.0016010168
cauldron_ln_13749,0.0016221985
mix_UI_ST_5400_834,0.000431735
cauldron_ln_4879,0.0014897847
mix_SI_UT_5400_594,0.000431735
mix_SI_UT_5400_1455,0.00043026434
cauldron_ln_18849,0.0016158483
mix_SI_UT_5400_1116,0.000431735
mix_UI_ST_5400_148,0.00043026434
cauldron_ln_23344,0.0015583868
mix_SI_UT_5400_1315,0.000431735
mix_SI_UT_5400_817,0.000431735
cauldron_ln_29394,0.0016187802
cauldron_ln_23993,0.0016367137
cauldron_ln_26880,0.0014861879
cauldron_ln_28815,0.0015350321
mix_UI_ST_5400_1293,0.000431735
cauldron_ln_20561,0.0015933242
mix_SI_UT_5400_1261,0.000431735
cauldron_ln_4592,0.0011495879
cauldron_ln_25709,0.0015588269
cauldron_ln_21217,0.0016418556
cauldron_ln_20132,0.001479044
mix_SI_UT_5400_1401,0.00043026434
cauldron_ln_9892,0.0016053398
mix_UI_ST_5400_13,0.000431735
cauldron_ln_906,0.001309322
cauldron_ln_20825,0.0014009131
cauldron_ln_3820,0.0015001433
cauldron_ln_22533,0.0014074383
cauldron_ln_21863,0.0016404181
mix_SI_UT_5400_448,0.00047998878
mix_UI_ST_5400_715,0.000431735
cauldron_ln_20603,0.0015607829
cauldron_ln_29800,0.0016036555
mix_UI_ST_5400_875,0.00043026434
mix_UI_ST_5400_1478,0.000431735
mix_SI_UT_5400_45,0.000431735
cauldron_ln_15835,0.0016323903
cauldron_ln_12873,0.0016283225
mix_SI_UT_5400_353,0.00043026434
mix_SI_UT_5400_234,0.000431735
cauldron_ln_12675,0.0016250082
mix_UI_ST_5400_334,0.000431735
mix_UI_ST_5400_454,0.00043026434
cauldron_ln_12695,0.0014922632
mix_SI_UT_5400_1223,0.00043026434
cauldron_ln_2206,0.0012323962
mix_SI_UT_5400_432,0.00043363086
cauldron_ln_16596,0.0016334024
mix_SI_UT_5400_380,0.00044783019
mix_UI_ST_5400_318,0.000431735
cauldron_ln_25718,0.0015311285
cauldron_ln_2593,0.001574469
mix_UI_ST_5400_471,0.00043026434
cauldron_ln_14247,0.0016360157
mix_UI_ST_5400_1165,0.00043511303
mix_UI_ST_5400_168,0.00045024458
mix_SI_UT_5400_187,0.000431735
mix_UI_ST_5400_954,0.00048490387
mix_SI_UT_5400_762,0.00043026434
cauldron_ln_12356,0.0016313337
cauldron_ln_24665,0.0016039488
cauldron_ln_3001,0.0013972138
cauldron_ln_1983,0.0014082412
mix_UI_ST_5400_1251,0.00043755127
mix_SI_UT_5400_1099,0.00043026434
mix_SI_UT_5400_275,0.00043755127
cauldron_ln_18330,0.0016476512
cauldron_ln_15323,0.0016376793
cauldron_ln_7858,0.0015642578
mix_UI_ST_5400_1310,0.00044675675
cauldron_ln_6728,0.0015101251
cauldron_ln_4796,0.0015732244
cauldron_ln_27944,0.0013135956
cauldron_ln_27262,0.0016105084
cauldron_ln_13546,0.0013175167
cauldron_ln_9751,0.0013663019
mix_SI_UT_5400_460,0.00043026434
cauldron_ln_28906,0.0016052099
cauldron_ln_4842,0.001531493
cauldron_ln_10128,0.0015491209
mix_SI_UT_5400_615,0.00047335232
mix_UI_ST_5400_1061,0.000431735
mix_SI_UT_5400_265,0.00043026434
mix_UI_ST_5400_933,0.000431735
cauldron_ln_28198,0.001626742
mix_SI_UT_5400_329,0.00043026434
mix_SI_UT_5400_1390,0.000431735
mix_SI_UT_5400_452,0.00042901866
mix_UI_ST_5400_877,0.00043026434
mix_UI_ST_5400_883,0.000431735
mix_SI_UT_5400_972,0.00042901866
cauldron_ln_29968,0.0015690207
mix_UI_ST_5400_731,0.00043026434
mix_SI_UT_5400_158,0.00043026434
mix_UI_ST_5400_238,0.00043026434
mix_SI_UT_5400_516,0.000431735
cauldron_ln_8631,0.0015940184
mix_UI_ST_5400_1482,0.000431735
mix_UI_ST_5400_552,0.00043026434
mix_UI_ST_5400_568,0.000431735
cauldron_ln_26694,0.0016500321
cauldron_ln_4333,0.0013142588
cauldron_ln_16799,0.0015711489
cauldron_ln_26897,0.0015279738
cauldron_ln_21336,0.0016367137
mix_UI_ST_5400_159,0.00043755127
cauldron_ln_15937,0.0016378898
mix_SI_UT_5400_520,0.00043026434
cauldron_ln_23161,0.0016360157
mix_SI_UT_5400_669,0.00043755127
mix_UI_ST_5400_1005,0.00043644503
mix_SI_UT_5400_1399,0.00043755127
mix_SI_UT_5400_861,0.00043026434
mix_SI_UT_5400_284,0.000431735
cauldron_ln_21041,0.0016160021
mix_SI_UT_5400_1170,0.00043026434
cauldron_ln_10438,0.0016395226
cauldron_ln_15156,0.0014748857
mix_SI_UT_5400_964,0.00043026434
cauldron_ln_20471,0.0015006927
cauldron_ln_17506,0.0016418556
mix_UI_ST_5400_1236,0.00043026434
mix_SI_UT_5400_900,0.000431735
cauldron_ln_29125,0.0016278512
cauldron_ln_5521,0.0015191799
cauldron_ln_27172,0.0016559219
mix_UI_ST_5400_1287,0.00043026434
mix_UI_ST_5400_298,0.00043026434
mix_SI_UT_5400_1266,0.00043026434
mix_UI_ST_5400_132,0.00042755724
cauldron_ln_24034,0.0016476512
mix_SI_UT_5400_1026,0.00043026434
cauldron_ln_27234,0.0016432998
cauldron_ln_2239,0.0015683591
mix_UI_ST_5400_1210,0.00043755127
mix_SI_UT_5400_1251,0.00043026434
cauldron_ln_2195,0.0015296137
mix_UI_ST_5400_476,0.00046499562
mix_UI_ST_5400_995,0.00043026434
cauldron_ln_25330,0.001645119
mix_SI_UT_5400_1432,0.00044675675
mix_UI_ST_5400_776,0.00043026434
cauldron_ln_7995,0.0016059368
cauldron_ln_17756,0.0016372653
cauldron_ln_14908,0.0015694286
cauldron_ln_4872,0.0013880599
mix_UI_ST_5400_628,0.00043026434
cauldron_ln_16831,0.0014584194
cauldron_ln_1319,0.0013498064
cauldron_ln_6252,0.0015028872
cauldron_ln_12959,0.0016369676
mix_UI_ST_5400_1119,0.00043026434
cauldron_ln_863,0.0011590829
mix_SI_UT_5400_757,0.00043793677
mix_SI_UT_5400_512,0.000431735
cauldron_ln_26887,0.0016606356
cauldron_ln_13041,0.0016372653
cauldron_ln_26745,0.0015685756
mix_SI_UT_5400_853,0.00043026434
mix_SI_UT_5400_746,0.00042901866
mix_UI_ST_5400_383,0.000431735
cauldron_ln_15868,0.0016476512
cauldron_ln_10025,0.0016089566
mix_UI_ST_5400_344,0.000431735
cauldron_ln_5099,0.0016069555
cauldron_ln_24035,0.0016316607
mix_SI_UT_5400_1150,0.00043026434
mix_SI_UT_5400_1247,0.000431735
mix_SI_UT_5400_1392,0.000431735
cauldron_ln_3801,0.0015121656
cauldron_ln_12910,0.0015837883
cauldron_ln_10886,0.0015725812
mix_SI_UT_5400_249,0.000431735
mix_UI_ST_5400_397,0.00045178368
mix_SI_UT_5400_1340,0.00044135578
mix_UI_ST_5400_1168,0.000431735
cauldron_ln_1375,0.001321213
mix_UI_ST_5400_493,0.00042629096
mix_UI_ST_5400_1027,0.000431735
mix_UI_ST_5400_1125,0.00044675675
cauldron_ln_29914,0.0014298509
cauldron_ln_1988,0.0015319685
cauldron_ln_23157,0.0015792316
cauldron_ln_7036,0.0015980122
cauldron_ln_1914,0.0015279825
mix_SI_UT_5400_392,0.000431735
mix_UI_ST_5400_1335,0.00043026434
mix_UI_ST_5400_1462,0.000431735
mix_UI_ST_5400_50,0.00043026434
mix_SI_UT_5400_779,0.00049563445
cauldron_ln_19609,0.0016360157
cauldron_ln_26889,0.0016273514
cauldron_ln_14138,0.0013260747
cauldron_ln_29738,0.0016062504
mix_SI_UT_5400_1059,0.000431735
cauldron_ln_5333,0.0015939843
cauldron_ln_15679,0.0015657784
cauldron_ln_940,0.0012697804
mix_SI_UT_5400_1263,0.000431735
mix_SI_UT_5400_711,0.00043026434
mix_UI_ST_5400_990,0.00047256428
cauldron_ln_4866,0.0015199244
mix_UI_ST_5400_1015,0.000431735
cauldron_ln_18516,0.0015976394
cauldron_ln_16575,0.0014975743
mix_UI_ST_5400_949,0.00043759338
cauldron_ln_9583,0.001466408
mix_SI_UT_5400_1424,0.000431735
cauldron_ln_1090,0.0011642682
cauldron_ln_149,0.0011483222
mix_SI_UT_5400_29,0.00043026434
mix_SI_UT_5400_951,0.00044675675
mix_SI_UT_5400_894,0.00043203388
cauldron_ln_29175,0.0015520569
mix_SI_UT_5400_105,0.000431735
cauldron_ln_19793,0.0016323903
mix_SI_UT_5400_1386,0.000431735
mix_UI_ST_5400_865,0.000431735
mix_SI_UT_5400_23,0.000431735
mix_SI_UT_5400_1097,0.0004438366
mix_SI_UT_5400_77,0.00043026434
mix_SI_UT_5400_1087,0.00043755127
mix_UI_ST_5400_1437,0.00042901866
mix_SI_UT_5400_344,0.00043026434
mix_SI_UT_5400_487,0.000431735
mix_UI_ST_5400_957,0.00043026434
cauldron_ln_7198,0.001580718
mix_SI_UT_5400_1343,0.00043026434
mix_SI_UT_5400_44,0.000431735
cauldron_ln_23376,0.0016416007
cauldron_ln_19997,0.0016486525
cauldron_ln_14861,0.0015559752
cauldron_ln_22566,0.0016416007
mix_UI_ST_5400_7,0.00040659442
mix_SI_UT_5400_499,0.000431735
cauldron_ln_20643,0.0015250456
mix_UI_ST_5400_763,0.000431735
cauldron_ln_3666,0.001518566
mix_SI_UT_5400_1408,0.00045717583
mix_UI_ST_5400_477,0.000431735
mix_SI_UT_5400_995,0.000431735
mix_UI_ST_5400_230,0.000431735
mix_SI_UT_5400_824,0.00043026434
mix_UI_ST_5400_907,0.000431735
mix_SI_UT_5400_247,0.000431735
cauldron_ln_21403,0.0015779315
cauldron_ln_8480,0.0014489113
mix_UI_ST_5400_1413,0.00043679567
mix_UI_ST_5400_1430,0.00043026434
cauldron_ln_13144,0.0014918048
mix_SI_UT_5400_118,0.00043026434
mix_SI_UT_5400_1378,0.00043026434
mix_UI_ST_5400_725,0.00043026434
cauldron_ln_14601,0.0016223437
cauldron_ln_25527,0.0015792188
cauldron_ln_542,0.0012290535
mix_SI_UT_5400_282,0.000431735
cauldron_ln_6065,0.0015475531
mix_SI_UT_5400_212,0.00043026434
cauldron_ln_27316,0.0015973398
cauldron_ln_29747,0.0016362423
mix_SI_UT_5400_1436,0.000431735
mix_UI_ST_5400_836,0.0004746153
mix_SI_UT_5400_1279,0.000431735
cauldron_ln_20663,0.0014917161
cauldron_ln_25201,0.0015661923
mix_UI_ST_5400_1072,0.00043026434
mix_UI_ST_5400_84,0.00043026434
cauldron_ln_16818,0.0015531029
mix_SI_UT_5400_483,0.00045436682
mix_SI_UT_5400_1406,0.000431735
mix_SI_UT_5400_848,0.00042755724
mix_UI_ST_5400_787,0.000431735
mix_UI_ST_5400_1138,0.00043755127
mix_UI_ST_5400_356,0.000431735
cauldron_ln_23893,0.0016432998
mix_UI_ST_5400_1148,0.00042629096
mix_SI_UT_5400_672,0.000431735
mix_SI_UT_5400_967,0.000431735
mix_SI_UT_5400_338,0.000431735
cauldron_ln_4711,0.0013174572
mix_UI_ST_5400_1385,0.000431735
cauldron_ln_14187,0.0015298605
cauldron_ln_16565,0.0015533477
cauldron_ln_27773,0.0016284172
mix_SI_UT_5400_773,0.00043026434
cauldron_ln_3633,0.0015755442
mix_SI_UT_5400_914,0.00043026434
cauldron_ln_24583,0.001549607
cauldron_ln_25486,0.0015839166
cauldron_ln_310,0.0013410227
cauldron_ln_20369,0.0015128627
mix_SI_UT_5400_953,0.00043026434
cauldron_ln_27853,0.0015462068
mix_SI_UT_5400_694,0.000431735
mix_UI_ST_5400_1289,0.00043026434
mix_UI_ST_5400_332,0.0004746153
mix_UI_ST_5400_1450,0.000431735
mix_SI_UT_5400_491,0.00043026434
mix_UI_ST_5400_575,0.000431735
mix_UI_ST_5400_1078,0.00045730415
mix_SI_UT_5400_1202,0.000431735
cauldron_ln_5274,0.001418828
mix_SI_UT_5400_749,0.000431735
cauldron_ln_12210,0.001583507
mix_UI_ST_5400_144,0.000431735
cauldron_ln_10920,0.0014649
cauldron_ln_18423,0.0015700924
mix_SI_UT_5400_110,0.00043026434
cauldron_ln_1527,0.001473642
cauldron_ln_18494,0.0016393041
cauldron_ln_5584,0.0015851175
mix_UI_ST_5400_778,0.000431735
mix_SI_UT_5400_649,0.000431735
cauldron_ln_11166,0.0015990601
mix_SI_UT_5400_372,0.000431735
mix_SI_UT_5400_78,0.000431735
mix_UI_ST_5400_322,0.00044675675
mix_SI_UT_5400_414,0.00043026434
cauldron_ln_692,0.0011458653
cauldron_ln_12711,0.001605667
mix_UI_ST_5400_929,0.00045126094
cauldron_ln_7496,0.0015404746
mix_UI_ST_5400_350,0.000431735
mix_SI_UT_5400_378,0.00043793677
cauldron_ln_20025,0.0014794398
cauldron_ln_26249,0.0014544021
cauldron_ln_20293,0.001522534
cauldron_ln_28354,0.0015512938
cauldron_ln_28608,0.0014989725
mix_UI_ST_5400_1317,0.000431735
mix_UI_ST_5400_337,0.00043026434
cauldron_ln_24775,0.0014730028
cauldron_ln_10275,0.0015829991
cauldron_ln_977,0.001170845
mix_UI_ST_5400_99,0.00047496837
mix_SI_UT_5400_732,0.000431735
mix_SI_UT_5400_262,0.00043026434
cauldron_ln_21014,0.0015770136
mix_SI_UT_5400_287,0.000431735
mix_SI_UT_5400_801,0.00043026434
cauldron_ln_15487,0.0015199367
cauldron_ln_6743,0.0016055829
cauldron_ln_22571,0.001596562
cauldron_ln_17898,0.0015134001
mix_SI_UT_5400_399,0.000431735
mix_SI_UT_5400_934,0.00042901866
mix_SI_UT_5400_929,0.00043026434
mix_SI_UT_5400_1276,0.00043026434
cauldron_ln_1079,0.0011015183
mix_SI_UT_5400_1184,0.000431735
cauldron_ln_17352,0.0016305557
cauldron_ln_19507,0.0016278814
cauldron_ln_21120,0.0016098721
cauldron_ln_1797,0.0015015047
mix_UI_ST_5400_909,0.000431735
cauldron_ln_10802,0.0015739376
cauldron_ln_29356,0.0016500321
mix_SI_UT_5400_1231,0.000431735
mix_UI_ST_5400_858,0.000431735
cauldron_ln_24406,0.0016367137
cauldron_ln_27636,0.0016476512
cauldron_ln_16618,0.0016214086
mix_UI_ST_5400_1420,0.000431735
mix_UI_ST_5400_1419,0.00044828374
mix_UI_ST_5400_705,0.000431735
mix_UI_ST_5400_28,0.0004363529
cauldron_ln_15339,0.001622227
mix_UI_ST_5400_625,0.000431735
mix_SI_UT_5400_366,0.00043026434
mix_UI_ST_5400_1187,0.00045353835
cauldron_ln_18101,0.0016416007
mix_SI_UT_5400_535,0.00043026434
mix_UI_ST_5400_1315,0.000431735
mix_SI_UT_5400_1259,0.000431735
cauldron_ln_29651,0.0016013301
cauldron_ln_18990,0.0016489084
cauldron_ln_19186,0.0015773096
mix_SI_UT_5400_980,0.000431735
cauldron_ln_27548,0.0016416007
cauldron_ln_5494,0.0013409276
cauldron_ln_1369,0.0012845185
mix_SI_UT_5400_93,0.00042755724
mix_UI_ST_5400_1282,0.00043026434
mix_UI_ST_5400_1471,0.00043026434
mix_UI_ST_5400_91,0.00045461114
mix_SI_UT_5400_1388,0.00043026434
mix_UI_ST_5400_1368,0.00043026434
mix_UI_ST_5400_717,0.00046188955
mix_UI_ST_5400_796,0.0004363529
mix_UI_ST_5400_962,0.00043026434
mix_SI_UT_5400_112,0.00043026434
mix_UI_ST_5400_1075,0.00043755127
cauldron_ln_22324,0.0016255243
cauldron_ln_26808,0.0016369676
cauldron_ln_25079,0.0015679977
mix_UI_ST_5400_539,0.00043755127
cauldron_ln_4806,0.0015134723
cauldron_ln_21746,0.0014352662
cauldron_ln_23661,0.0013084006
cauldron_ln_8070,0.0015847062
mix_UI_ST_5400_1495,0.00047534087
mix_UI_ST_5400_353,0.000431735
mix_SI_UT_5400_418,0.00043026434
cauldron_ln_19799,0.0016432998
mix_SI_UT_5400_155,0.000431735
mix_UI_ST_5400_1326,0.00043026434
mix_UI_ST_5400_1150,0.00046648044
mix_UI_ST_5400_556,0.000431735
mix_SI_UT_5400_396,0.000431735
cauldron_ln_16482,0.0015868344
cauldron_ln_3400,0.001338089
mix_SI_UT_5400_1342,0.000431735
mix_UI_ST_5400_459,0.00043026434
cauldron_ln_13717,0.0016477188
mix_UI_ST_5400_777,0.00043026434
mix_UI_ST_5400_1479,0.00043026434
cauldron_ln_29216,0.0015493105
cauldron_ln_5498,0.0015478345
mix_UI_ST_5400_1170,0.00043784434
cauldron_ln_13897,0.0016490292
cauldron_ln_5820,0.0015987449
mix_SI_UT_5400_887,0.000431735
mix_UI_ST_5400_246,0.000431735
mix_SI_UT_5400_1312,0.000431735
cauldron_ln_8647,0.0016161213
cauldron_ln_8401,0.0015959092
cauldron_ln_18002,0.0016474607
cauldron_ln_26865,0.0015292116
cauldron_ln_5181,0.0015671282
cauldron_ln_4013,0.0015553738
cauldron_ln_6270,0.0015645943
mix_SI_UT_5400_795,0.000431735
cauldron_ln_27875,0.0016367137
cauldron_ln_3849,0.0015621925
mix_SI_UT_5400_931,0.00047142123
cauldron_ln_12360,0.0015677754
mix_SI_UT_5400_1111,0.000431735
cauldron_ln_24349,0.0014874912
cauldron_ln_7009,0.0014765039
mix_UI_ST_5400_170,0.00042901866
mix_SI_UT_5400_16,0.00043026434
mix_SI_UT_5400_351,0.000431735
cauldron_ln_25343,0.0016037739
mix_UI_ST_5400_172,0.00043026434
mix_UI_ST_5400_1197,0.000431735
cauldron_ln_21605,0.0014196126
mix_SI_UT_5400_1209,0.00043026434
cauldron_ln_6458,0.001512257
cauldron_ln_28692,0.0015444108
mix_SI_UT_5400_952,0.0004514148
cauldron_ln_11781,0.0016099879
mix_SI_UT_5400_744,0.0004542631
mix_UI_ST_5400_281,0.00043026434
mix_SI_UT_5400_987,0.00045024458
cauldron_ln_6449,0.0015302073
mix_SI_UT_5400_1446,0.000431735
cauldron_ln_4134,0.0015959038
cauldron_ln_2203,0.0015633636
cauldron_ln_22034,0.0015704333
mix_SI_UT_5400_276,0.000431735
mix_SI_UT_5400_741,0.000431735
mix_SI_UT_5400_279,0.000431735
cauldron_ln_3449,0.0015138404
cauldron_ln_9885,0.0016002458
mix_UI_ST_5400_617,0.00043026434
cauldron_ln_2002,0.001573958
mix_SI_UT_5400_815,0.000431735
mix_UI_ST_5400_460,0.000431735
mix_UI_ST_5400_189,0.000431735
mix_UI_ST_5400_984,0.00043026434
mix_SI_UT_5400_1356,0.00048366113
cauldron_ln_12288,0.0014913013
mix_SI_UT_5400_1139,0.00043755127
mix_SI_UT_5400_656,0.00043026434
cauldron_ln_14956,0.0014482464
mix_UI_ST_5400_920,0.000431735
cauldron_ln_13370,0.001650288
mix_UI_ST_5400_1245,0.000431735
mix_SI_UT_5400_84,0.00044675675
mix_UI_ST_5400_386,0.000431735
cauldron_ln_2323,0.0015509386
cauldron_ln_10948,0.0016395226
cauldron_ln_12538,0.0014379484
mix_UI_ST_5400_813,0.00044936084
cauldron_ln_10207,0.001645375
mix_SI_UT_5400_654,0.000431735
cauldron_ln_8451,0.0014655008
mix_SI_UT_5400_216,0.000431735
mix_UI_ST_5400_1233,0.000431735
cauldron_ln_150,0.0011431169
mix_UI_ST_5400_616,0.000431735
cauldron_ln_1364,0.0012147485
cauldron_ln_23121,0.0016159398
cauldron_ln_22401,0.0016221985
cauldron_ln_502,0.0010989881
mix_SI_UT_5400_270,0.00043026434
mix_UI_ST_5400_409,0.000431735
cauldron_ln_16609,0.0016170925
mix_SI_UT_5400_684,0.000431735
cauldron_ln_17353,0.0013475451
cauldron_ln_7453,0.0015446242
cauldron_ln_11055,0.001557697
cauldron_ln_343,0.0011596947
mix_SI_UT_5400_903,0.0004577595
cauldron_ln_467,0.0012878603
mix_UI_ST_5400_689,0.000431735
mix_UI_ST_5400_1367,0.000431735
mix_SI_UT_5400_1299,0.00043026434
cauldron_ln_22910,0.001609414
mix_SI_UT_5400_701,0.000431735
cauldron_ln_23748,0.0015864182
cauldron_ln_17549,0.0015059307
mix_SI_UT_5400_268,0.000431735
mix_SI_UT_5400_242,0.000431735
cauldron_ln_4812,0.0014161693
cauldron_ln_1500,0.001507049
mix_SI_UT_5400_121,0.000431735
cauldron_ln_14570,0.0015374194
mix_SI_UT_5400_806,0.00043026434
mix_UI_ST_5400_405,0.00043026434
cauldron_ln_18503,0.0016367799
cauldron_ln_12414,0.001530982
mix_SI_UT_5400_1004,0.00043369905
cauldron_ln_8491,0.0016055775
mix_SI_UT_5400_180,0.00043026434
mix_SI_UT_5400_1265,0.000431735
cauldron_ln_1792,0.001469126
mix_SI_UT_5400_676,0.000431735
mix_SI_UT_5400_943,0.00044675675
cauldron_ln_26109,0.001645119
mix_UI_ST_5400_176,0.00044675675
cauldron_ln_17335,0.0016571198
cauldron_ln_21500,0.0016334024
cauldron_ln_6716,0.001561333
cauldron_ln_8570,0.0014875166
cauldron_ln_27679,0.0016056838
mix_SI_UT_5400_756,0.00043026434
mix_SI_UT_5400_549,0.000431735
mix_SI_UT_5400_195,0.00043026434
mix_SI_UT_5400_834,0.00043026434
mix_UI_ST_5400_270,0.000431735
mix_UI_ST_5400_593,0.000431735
mix_SI_UT_5400_653,0.00043026434
cauldron_ln_14273,0.001645119
cauldron_ln_23579,0.0013527496
cauldron_ln_19820,0.001645119
mix_UI_ST_5400_268,0.000431735
mix_SI_UT_5400_1389,0.000431735
mix_SI_UT_5400_40,0.000431735
cauldron_ln_2401,0.0013753034
cauldron_ln_23793,0.0015508264
mix_SI_UT_5400_1226,0.00043026434
mix_UI_ST_5400_916,0.000431735
cauldron_ln_6741,0.0016185922
mix_SI_UT_5400_310,0.000431735
mix_UI_ST_5400_632,0.00043026434
mix_SI_UT_5400_1387,0.00043026434
mix_SI_UT_5400_459,0.000431735
cauldron_ln_20666,0.0015016297
cauldron_ln_9843,0.0016053398
mix_UI_ST_5400_343,0.000431735
cauldron_ln_23338,0.0016416007
cauldron_ln_28999,0.0014651024
mix_SI_UT_5400_1142,0.00044675675
cauldron_ln_9612,0.0015270873
mix_UI_ST_5400_271,0.00043026434
mix_SI_UT_5400_901,0.00043026434
cauldron_ln_16289,0.0015334849
cauldron_ln_2351,0.0015831861
cauldron_ln_24157,0.0016095549
cauldron_ln_26790,0.0016561134
mix_SI_UT_5400_232,0.00045030421
mix_UI_ST_5400_1181,0.00043026434
cauldron_ln_21779,0.0016222526
mix_UI_ST_5400_804,0.00044590564
cauldron_ln_20486,0.0016078685
mix_SI_UT_5400_956,0.00045992038
mix_SI_UT_5400_412,0.00044783019
mix_SI_UT_5400_616,0.00043026434
mix_UI_ST_5400_1024,0.000431735
cauldron_ln_11372,0.001645119
cauldron_ln_25415,0.001585716
cauldron_ln_29622,0.0015896262
mix_SI_UT_5400_811,0.00042629096
cauldron_ln_28316,0.0015892287
mix_SI_UT_5400_359,0.00043026434
cauldron_ln_4601,0.0015799474
mix_SI_UT_5400_1173,0.00044730926
mix_UI_ST_5400_391,0.000431735
mix_SI_UT_5400_1076,0.00043026434
cauldron_ln_28875,0.0016416007
cauldron_ln_1347,0.0011395535
cauldron_ln_5432,0.0015987449
mix_UI_ST_5400_1202,0.000431735
cauldron_ln_19328,0.0016187802
cauldron_ln_5824,0.0015404087
mix_SI_UT_5400_890,0.00043755127
mix_UI_ST_5400_1049,0.00044042253
mix_SI_UT_5400_552,0.000431735
cauldron_ln_3669,0.0014613646
cauldron_ln_10422,0.0015477358
cauldron_ln_27207,0.0016453742
cauldron_ln_14344,0.0016559219
cauldron_ln_15718,0.0016416007
mix_UI_ST_5400_16,0.000431735
cauldron_ln_16775,0.0014961553
mix_SI_UT_5400_780,0.000431735
mix_SI_UT_5400_796,0.000431735
cauldron_ln_1525,0.001513981
mix_UI_ST_5400_855,0.00043026434
cauldron_ln_14748,0.0015473726
cauldron_ln_4300,0.0014807048
cauldron_ln_29761,0.0016417914
mix_UI_ST_5400_1412,0.000431735
mix_UI_ST_5400_573,0.00043362344
mix_SI_UT_5400_462,0.00046811183
cauldron_ln_25295,0.0016474607
cauldron_ln_7238,0.0014532821
cauldron_ln_28503,0.0014713479
cauldron_ln_24761,0.0016416007
cauldron_ln_16001,0.0016222363
cauldron_ln_19262,0.0016369676
cauldron_ln_20349,0.0016416007
cauldron_ln_5376,0.0015662176
mix_UI_ST_5400_1249,0.000431735
cauldron_ln_8022,0.0015799874
cauldron_ln_29615,0.0014280437
mix_UI_ST_5400_1203,0.00043026434
cauldron_ln_28377,0.0015517436
mix_SI_UT_5400_147,0.00043755127
mix_UI_ST_5400_23,0.000431735
cauldron_ln_11262,0.0016085315
cauldron_ln_6588,0.0014310796
mix_SI_UT_5400_6,0.00040659442
cauldron_ln_2724,0.0015428322
cauldron_ln_3229,0.001553983
cauldron_ln_5163,0.0016021713
mix_UI_ST_5400_39,0.000431735
mix_SI_UT_5400_763,0.000431735
cauldron_ln_20248,0.0015476401
mix_SI_UT_5400_937,0.000431735
cauldron_ln_1321,0.0012712646
mix_SI_UT_5400_569,0.00043026434
mix_SI_UT_5400_717,0.000431735
cauldron_ln_23410,0.0015950205
mix_SI_UT_5400_877,0.000431735
cauldron_ln_16176,0.0015876355
cauldron_ln_24111,0.0015056002
cauldron_ln_556,0.0011510169
mix_SI_UT_5400_1495,0.00043026434
cauldron_ln_6787,0.0015991674
cauldron_ln_24473,0.0015837883
mix_UI_ST_5400_812,0.00045871196
mix_SI_UT_5400_657,0.000431735
cauldron_ln_15448,0.0016476512
mix_SI_UT_5400_551,0.00043511303
cauldron_ln_14578,0.0016274585
cauldron_ln_26015,0.0015827353
cauldron_ln_21087,0.001465334
cauldron_ln_11659,0.0016057839
cauldron_ln_8291,0.0014651087
mix_UI_ST_5400_345,0.000431735
cauldron_ln_21328,0.0016349178
cauldron_ln_24870,0.0016291025
mix_UI_ST_5400_133,0.000431735
cauldron_ln_17563,0.0016369676
mix_SI_UT_5400_245,0.00043755127
cauldron_ln_28317,0.001420472
mix_UI_ST_5400_521,0.00043026434
cauldron_ln_4967,0.001502169
mix_UI_ST_5400_142,0.00045684143
mix_UI_ST_5400_1355,0.00046685766
mix_UI_ST_5400_816,0.00044936084
cauldron_ln_15062,0.0016476512
mix_UI_ST_5400_943,0.00043026434
cauldron_ln_8221,0.0014734399
mix_UI_ST_5400_100,0.00042901866
cauldron_ln_29283,0.0014317932
mix_SI_UT_5400_561,0.00043026434
mix_UI_ST_5400_762,0.000431735
mix_UI_ST_5400_1008,0.000431735
cauldron_ln_3750,0.0015791113
cauldron_ln_20592,0.0016258197
mix_SI_UT_5400_332,0.000431735
cauldron_ln_15756,0.0014887346
cauldron_ln_11736,0.0014960606
mix_UI_ST_5400_654,0.000431735
cauldron_ln_10475,0.0016346417
mix_SI_UT_5400_75,0.000431735
cauldron_ln_23924,0.0016278814
mix_SI_UT_5400_1448,0.00043026434
mix_SI_UT_5400_18,0.00043026434
mix_UI_ST_5400_693,0.00044097478
cauldron_ln_4903,0.0015909676
mix_SI_UT_5400_1358,0.00043026434
cauldron_ln_10095,0.0016251814
cauldron_ln_9570,0.0015053393
mix_SI_UT_5400_799,0.00043511303
cauldron_ln_497,0.0011116692
cauldron_ln_6786,0.0016019433
cauldron_ln_27321,0.0015422873
cauldron_ln_8876,0.0015008457
cauldron_ln_11379,0.001549987
cauldron_ln_2483,0.0014537943
cauldron_ln_5447,0.0014141647
cauldron_ln_17031,0.0016404181
mix_UI_ST_5400_1285,0.00043026434
mix_UI_ST_5400_366,0.00043026434
cauldron_ln_17538,0.0016367137
mix_UI_ST_5400_186,0.00045178368
cauldron_ln_3038,0.0014943214
mix_SI_UT_5400_451,0.000431735
mix_SI_UT_5400_420,0.000431735
cauldron_ln_9299,0.0015133822
cauldron_ln_12303,0.0014407192
cauldron_ln_24784,0.0016404181
cauldron_ln_10797,0.001620944
mix_SI_UT_5400_1245,0.000431735
cauldron_ln_13724,0.001538739
mix_SI_UT_5400_387,0.00043026434
mix_UI_ST_5400_1384,0.00043026434
cauldron_ln_14649,0.0015201068
mix_UI_ST_5400_193,0.00043363086
mix_SI_UT_5400_1048,0.00043026434
cauldron_ln_1764,0.0013784381
mix_SI_UT_5400_125,0.000431735
cauldron_ln_11048,0.0015843041
cauldron_ln_19348,0.0015204983
mix_SI_UT_5400_936,0.00046552802
cauldron_ln_17918,0.0016476512
mix_SI_UT_5400_715,0.00043026434
mix_UI_ST_5400_309,0.00043026434
cauldron_ln_4397,0.0015833405
mix_SI_UT_5400_1122,0.00043026434
mix_SI_UT_5400_1129,0.000431735
cauldron_ln_26647,0.0013986988
cauldron_ln_11006,0.0016313345
cauldron_ln_3529,0.0015445285
mix_UI_ST_5400_1291,0.000431735
mix_UI_ST_5400_1179,0.00043644503
mix_SI_UT_5400_1224,0.00043026434
cauldron_ln_25808,0.0016338448
cauldron_ln_740,0.0011368803
mix_SI_UT_5400_394,0.000431735
mix_SI_UT_5400_519,0.00043026434
mix_SI_UT_5400_148,0.00044828374
cauldron_ln_25565,0.0016285387
cauldron_ln_28494,0.0016196327
mix_SI_UT_5400_390,0.000431735
cauldron_ln_11506,0.0014503449
cauldron_ln_16003,0.0016136235
mix_SI_UT_5400_252,0.000431735
cauldron_ln_13721,0.0016547289
mix_SI_UT_5400_1225,0.00043026434
cauldron_ln_5291,0.0015012374
mix_UI_ST_5400_1308,0.000431735
mix_SI_UT_5400_1468,0.00043026434
cauldron_ln_1406,0.00127281
cauldron_ln_15481,0.0016441051
cauldron_ln_9301,0.0015909676
mix_UI_ST_5400_351,0.000431735
mix_UI_ST_5400_1084,0.000431735
mix_SI_UT_5400_493,0.00044675675
mix_SI_UT_5400_712,0.000431735
mix_SI_UT_5400_254,0.00043026434
mix_UI_ST_5400_214,0.00043026434
mix_UI_ST_5400_1312,0.0004347983
cauldron_ln_22230,0.0016213908
cauldron_ln_16143,0.001596936
mix_SI_UT_5400_1070,0.00043362344
mix_SI_UT_5400_695,0.000431735
cauldron_ln_11668,0.0015424121
mix_SI_UT_5400_149,0.00045722353
mix_UI_ST_5400_640,0.00046924214
cauldron_ln_23296,0.0016106319
mix_SI_UT_5400_776,0.00043026434
mix_SI_UT_5400_1242,0.000431735
cauldron_ln_17734,0.001559766
cauldron_ln_26539,0.0014498306
cauldron_ln_5756,0.0015910397
mix_SI_UT_5400_613,0.00043026434
cauldron_ln_2252,0.0012006566
mix_UI_ST_5400_179,0.000431735
mix_SI_UT_5400_719,0.000431735
mix_UI_ST_5400_1444,0.000431735
cauldron_ln_12070,0.0015700475
mix_SI_UT_5400_505,0.000431735
mix_UI_ST_5400_1043,0.000431735
mix_UI_ST_5400_860,0.00043026434
mix_UI_ST_5400_194,0.00043755127
mix_UI_ST_5400_1133,0.0004398949
cauldron_ln_22821,0.0016178841
mix_SI_UT_5400_415,0.000431735
cauldron_ln_7580,0.0015290319
mix_SI_UT_5400_1107,0.000431735
mix_UI_ST_5400_480,0.00042901866
cauldron_ln_23885,0.0014410479
cauldron_ln_23570,0.0016420454
mix_SI_UT_5400_1385,0.00042629096
mix_SI_UT_5400_625,0.00043026434
cauldron_ln_21899,0.0015646502
mix_UI_ST_5400_1069,0.000431735
mix_SI_UT_5400_1492,0.00043026434
cauldron_ln_17077,0.0015537789
cauldron_ln_6257,0.0015390532
mix_SI_UT_5400_213,0.000431735
cauldron_ln_17715,0.0016290887
cauldron_ln_19637,0.0015189
mix_SI_UT_5400_1188,0.00043793677
cauldron_ln_7098,0.0016035739
cauldron_ln_7178,0.0015512296
mix_UI_ST_5400_669,0.000431735
cauldron_ln_21883,0.001645119
cauldron_ln_17536,0.0015832538
cauldron_ln_22977,0.0015418014
cauldron_ln_11369,0.0016418556
mix_SI_UT_5400_830,0.00045024458
cauldron_ln_21337,0.0015654274
cauldron_ln_5520,0.0013933437
mix_UI_ST_5400_529,0.00043755127
mix_SI_UT_5400_109,0.000431735
cauldron_ln_25740,0.0015777985
mix_SI_UT_5400_636,0.000431735
cauldron_ln_25308,0.0016561134
mix_SI_UT_5400_1010,0.000431735
cauldron_ln_18008,0.0016486525
mix_SI_UT_5400_1326,0.00044097478
mix_SI_UT_5400_915,0.000431735
cauldron_ln_17195,0.0015876672
cauldron_ln_13341,0.0015514386
mix_SI_UT_5400_1124,0.00045184678
cauldron_ln_3245,0.0015783004
cauldron_ln_8172,0.0014413017
mix_UI_ST_5400_926,0.00043026434
cauldron_ln_4876,0.0015320239
mix_UI_ST_5400_751,0.00044675675
mix_SI_UT_5400_1374,0.000431735
mix_UI_ST_5400_975,0.00043755127
mix_SI_UT_5400_1405,0.00043026434
cauldron_ln_24849,0.0015201068
cauldron_ln_16941,0.001543348
mix_SI_UT_5400_591,0.000431735
cauldron_ln_15085,0.00161098
mix_SI_UT_5400_596,0.00043755127
mix_UI_ST_5400_622,0.00043026434
cauldron_ln_11887,0.0015732612
cauldron_ln_106,0.0010223474
cauldron_ln_13192,0.0015828273
cauldron_ln_22696,0.0016090516
cauldron_ln_29285,0.0015789287
mix_SI_UT_5400_470,0.00043026434
cauldron_ln_6912,0.0015034769
cauldron_ln_9522,0.0015680493
mix_UI_ST_5400_1132,0.000431735
cauldron_ln_28412,0.0016024696
mix_UI_ST_5400_221,0.000431735
mix_SI_UT_5400_1045,0.000431735
cauldron_ln_16172,0.001450867
cauldron_ln_14103,0.0016073557
mix_UI_ST_5400_1071,0.00042946896
mix_SI_UT_5400_1233,0.00043026434
mix_SI_UT_5400_111,0.000431735
mix_SI_UT_5400_324,0.00043026434
mix_SI_UT_5400_116,0.000431735
cauldron_ln_1235,0.0011778044
cauldron_ln_24255,0.0015022563
cauldron_ln_15710,0.0015256294
mix_SI_UT_5400_51,0.000431735
cauldron_ln_20644,0.0016074987
cauldron_ln_21833,0.0015960125
cauldron_ln_23944,0.0016417914
mix_SI_UT_5400_308,0.00043026434
cauldron_ln_25956,0.0015672798
cauldron_ln_15934,0.0016265498
mix_UI_ST_5400_1159,0.00043026434
cauldron_ln_24050,0.0014974488
mix_SI_UT_5400_190,0.000431735
cauldron_ln_6763,0.0015608371
mix_SI_UT_5400_2,0.0004165453
mix_UI_ST_5400_457,0.00043026434
mix_UI_ST_5400_1224,0.00043026434
cauldron_ln_16339,0.0015733923
cauldron_ln_5773,0.0015453693
mix_UI_ST_5400_1447,0.000431735
mix_UI_ST_5400_956,0.00043026434
cauldron_ln_2312,0.0014371476
mix_UI_ST_5400_1003,0.00043026434
mix_UI_ST_5400_1425,0.000431735
cauldron_ln_24204,0.0016369676
cauldron_ln_1617,0.001226302
mix_SI_UT_5400_1050,0.00045722353
cauldron_ln_20936,0.0016416007
cauldron_ln_22017,0.0016361885
cauldron_ln_23477,0.0016088195
mix_SI_UT_5400_1038,0.000431735
cauldron_ln_26664,0.001522352
cauldron_ln_10615,0.0015920534
cauldron_ln_1497,0.0015161776
mix_SI_UT_5400_892,0.00043026434
mix_UI_ST_5400_1230,0.00043026434
mix_UI_ST_5400_1286,0.000431735
cauldron_ln_19657,0.0014270935
cauldron_ln_6233,0.0013595128
cauldron_ln_1337,0.0011227053
cauldron_ln_28617,0.0016040915
cauldron_ln_808,0.0011592159
cauldron_ln_29971,0.0016418556
mix_UI_ST_5400_1456,0.000431735
mix_UI_ST_5400_1155,0.00043026434
cauldron_ln_22663,0.0015364571
cauldron_ln_19031,0.0016223437
mix_SI_UT_5400_688,0.00043510552
cauldron_ln_12081,0.0016372653
mix_UI_ST_5400_1440,0.00043511303
mix_UI_ST_5400_311,0.00043026434
mix_SI_UT_5400_1337,0.000431735
cauldron_ln_8006,0.0015934858
cauldron_ln_10427,0.0016430364
cauldron_ln_4976,0.0015192718
mix_SI_UT_5400_878,0.00043026434
mix_UI_ST_5400_688,0.00045024458
cauldron_ln_397,0.001120238
cauldron_ln_520,0.0011778864
mix_UI_ST_5400_1063,0.00043755127
cauldron_ln_17300,0.001645119
cauldron_ln_13607,0.0015577779
cauldron_ln_27780,0.0016369676
mix_UI_ST_5400_636,0.00043755127
mix_SI_UT_5400_1106,0.00043026434
mix_SI_UT_5400_343,0.000431735
mix_UI_ST_5400_1146,0.00043026434
mix_SI_UT_5400_1025,0.000431735
mix_UI_ST_5400_514,0.00043026434
cauldron_ln_10504,0.0015914093
mix_SI_UT_5400_1473,0.00043026434
cauldron_ln_6725,0.0015676193
mix_UI_ST_5400_470,0.000431735
mix_SI_UT_5400_140,0.00043026434
mix_UI_ST_5400_977,0.00043026434
mix_SI_UT_5400_1017,0.0004629973
mix_SI_UT_5400_1489,0.000431735
mix_UI_ST_5400_106,0.000431735
mix_UI_ST_5400_423,0.00043026434
cauldron_ln_6123,0.0014819679
mix_SI_UT_5400_977,0.000431735
mix_SI_UT_5400_10,0.00044675675
mix_SI_UT_5400_1451,0.00042901866
cauldron_ln_10640,0.0016348952
mix_UI_ST_5400_969,0.00043026434
mix_SI_UT_5400_1235,0.000431735
mix_UI_ST_5400_265,0.00042755724
cauldron_ln_16356,0.0016486525
mix_UI_ST_5400_288,0.000431735
mix_SI_UT_5400_899,0.000431735
cauldron_ln_12458,0.0015454972
mix_UI_ST_5400_898,0.00043026434
cauldron_ln_13902,0.0016367558
mix_SI_UT_5400_141,0.000431735
mix_UI_ST_5400_1006,0.00043026434
cauldron_ln_174,0.0011911937
mix_UI_ST_5400_1329,0.00043755127
mix_UI_ST_5400_1269,0.000431735
mix_SI_UT_5400_289,0.00043026434
cauldron_ln_2976,0.001400713
cauldron_ln_2421,0.0014722968
cauldron_ln_17143,0.0013768774
mix_UI_ST_5400_1190,0.00043026434
cauldron_ln_375,0.0011976582
cauldron_ln_17658,0.0016153521
cauldron_ln_4526,0.001544305
mix_SI_UT_5400_176,0.000431735
mix_SI_UT_5400_1372,0.00043026434
cauldron_ln_15776,0.0016360157
mix_UI_ST_5400_624,0.000431735
mix_SI_UT_5400_648,0.000431735
cauldron_ln_3352,0.0015147259
mix_UI_ST_5400_532,0.00043026434
mix_SI_UT_5400_822,0.000431735
cauldron_ln_7366,0.0016199466
cauldron_ln_21184,0.0014518353
mix_UI_ST_5400_1092,0.000431735
cauldron_ln_15774,0.0016067321
mix_UI_ST_5400_1496,0.0005490999
cauldron_ln_15467,0.0014881734
mix_UI_ST_5400_1452,0.000431735
mix_UI_ST_5400_1338,0.000431735
cauldron_ln_8632,0.0015347617
mix_SI_UT_5400_307,0.00043026434
cauldron_ln_7974,0.0014587479
mix_UI_ST_5400_284,0.000431735
mix_UI_ST_5400_1341,0.0004347983
mix_SI_UT_5400_760,0.00043026434
mix_SI_UT_5400_778,0.00043026434
mix_SI_UT_5400_1264,0.00043026434
mix_SI_UT_5400_1100,0.000431735
cauldron_ln_11907,0.001645119
cauldron_ln_9012,0.001587284
mix_UI_ST_5400_1309,0.00043026434
mix_SI_UT_5400_277,0.000431735
mix_UI_ST_5400_197,0.000431735
mix_UI_ST_5400_125,0.00043755127
cauldron_ln_12958,0.0015765085
mix_UI_ST_5400_1262,0.000431735
cauldron_ln_29307,0.0014692701
mix_UI_ST_5400_1449,0.00043026434
cauldron_ln_7312,0.0015332805
mix_SI_UT_5400_1146,0.00043026434
cauldron_ln_20680,0.0016367137
mix_UI_ST_5400_596,0.000431735
mix_UI_ST_5400_942,0.00044936084
mix_SI_UT_5400_564,0.000431735
cauldron_ln_18293,0.0016223437
cauldron_ln_2234,0.0015132914
mix_SI_UT_5400_354,0.000431735
mix_SI_UT_5400_1330,0.000431735
mix_UI_ST_5400_1066,0.00044783019
cauldron_ln_25988,0.0016243058
cauldron_ln_28634,0.0016486525
cauldron_ln_26039,0.0014880607
mix_UI_ST_5400_992,0.00042755724
mix_SI_UT_5400_401,0.000431735
mix_SI_UT_5400_217,0.000431735
cauldron_ln_2942,0.00154114
mix_UI_ST_5400_496,0.000431735
cauldron_ln_12358,0.0015328651
cauldron_ln_13661,0.0014285572
mix_UI_ST_5400_211,0.00043026434
mix_SI_UT_5400_465,0.000431735
mix_UI_ST_5400_1106,0.00043026434
cauldron_ln_20658,0.001596562
cauldron_ln_6279,0.0014346349
cauldron_ln_22994,0.0015897176
cauldron_ln_13194,0.0015420471
cauldron_ln_5658,0.0015263669
cauldron_ln_2476,0.001528965
mix_UI_ST_5400_68,0.00043026434
cauldron_ln_1459,0.0010443656
mix_UI_ST_5400_247,0.00043026434
mix_SI_UT_5400_503,0.00042901866
mix_UI_ST_5400_736,0.00043026434
cauldron_ln_21708,0.0016209556
cauldron_ln_28901,0.0016369676
cauldron_ln_1447,0.0011934305
mix_UI_ST_5400_53,0.00043026434
mix_SI_UT_5400_325,0.00043026434
mix_UI_ST_5400_1480,0.00045193077
mix_SI_UT_5400_38,0.00043026434
mix_SI_UT_5400_128,0.000431735
mix_UI_ST_5400_1302,0.000431735
mix_SI_UT_5400_1,0.0004398794
mix_SI_UT_5400_629,0.000431735
mix_UI_ST_5400_40,0.00043026434
cauldron_ln_13116,0.0015711489
cauldron_ln_8125,0.0015719082
mix_SI_UT_5400_222,0.000431735
cauldron_ln_12749,0.0016227616
mix_SI_UT_5400_590,0.00043755127
cauldron_ln_6846,0.001591513
cauldron_ln_11275,0.0016228689
mix_SI_UT_5400_807,0.000431735
mix_UI_ST_5400_19,0.000431735
mix_SI_UT_5400_511,0.00043026434
cauldron_ln_17348,0.0016220819
cauldron_ln_17202,0.0016372653
mix_SI_UT_5400_1285,0.00042901866
mix_SI_UT_5400_622,0.00043644503
cauldron_ln_8394,0.0015759208
mix_UI_ST_5400_695,0.000431735
mix_SI_UT_5400_1119,0.000431735
mix_UI_ST_5400_832,0.000431735
mix_UI_ST_5400_1096,0.00048490387
cauldron_ln_25019,0.0016398005
mix_SI_UT_5400_464,0.00043026434
mix_UI_ST_5400_134,0.000431735
cauldron_ln_21512,0.0016547289
cauldron_ln_2457,0.0014704969
mix_UI_ST_5400_1131,0.00043026434
mix_UI_ST_5400_466,0.00045132634
cauldron_ln_7199,0.0014822439
cauldron_ln_9750,0.0015444697
mix_UI_ST_5400_59,0.00043026434
cauldron_ln_13692,0.0016223437
cauldron_ln_3244,0.0014727833
mix_UI_ST_5400_1220,0.00043026434
cauldron_ln_8784,0.0016103728
cauldron_ln_1227,0.0013976941
cauldron_ln_23463,0.0016486525
mix_SI_UT_5400_47,0.00043026434
cauldron_ln_4776,0.0015150865
mix_SI_UT_5400_839,0.00043026434
cauldron_ln_21360,0.0016338815
mix_SI_UT_5400_1143,0.00043026434
mix_SI_UT_5400_25,0.00042755724
mix_SI_UT_5400_1395,0.00043026434
mix_SI_UT_5400_205,0.00043026434
mix_SI_UT_5400_346,0.00043203388
cauldron_ln_6760,0.0015665912
cauldron_ln_15478,0.0016147324
mix_UI_ST_5400_509,0.00043511303
mix_UI_ST_5400_868,0.00043026434
mix_UI_ST_5400_78,0.00043026434
cauldron_ln_9173,0.0016186431
mix_UI_ST_5400_938,0.000431735
mix_SI_UT_5400_1253,0.00043026434
cauldron_ln_2553,0.001555068
cauldron_ln_11528,0.0015770136
cauldron_ln_24903,0.0015752317
mix_UI_ST_5400_928,0.000431735
cauldron_ln_27318,0.001626989
cauldron_ln_6181,0.0015671282
mix_SI_UT_5400_1021,0.00043026434
mix_UI_ST_5400_801,0.00043026434
cauldron_ln_29752,0.0016378158
mix_UI_ST_5400_192,0.000431735
cauldron_ln_18012,0.0016004301
cauldron_ln_28399,0.0015548526
cauldron_ln_7291,0.0016118562
mix_SI_UT_5400_679,0.00043026434
cauldron_ln_2145,0.0014743254
cauldron_ln_8364,0.0015796317
mix_SI_UT_5400_258,0.00043026434
mix_UI_ST_5400_1135,0.000431735
mix_SI_UT_5400_810,0.00042901866
cauldron_ln_18633,0.0015003869
mix_UI_ST_5400_204,0.000431735
cauldron_ln_12724,0.0015783365
cauldron_ln_11569,0.0015671813
mix_SI_UT_5400_74,0.00043026434
cauldron_ln_13789,0.0016476512
mix_UI_ST_5400_1407,0.000431735
cauldron_ln_22656,0.001307802
cauldron_ln_18909,0.0015981764
cauldron_ln_7647,0.0015833932
cauldron_ln_9398,0.0015560848
cauldron_ln_17570,0.0015770136
cauldron_ln_25814,0.0015148204
mix_UI_ST_5400_602,0.00043026434
cauldron_ln_15559,0.0016235127
mix_UI_ST_5400_611,0.00043026434
mix_SI_UT_5400_433,0.000431735
cauldron_ln_26233,0.0016136082
mix_SI_UT_5400_393,0.000431735
mix_SI_UT_5400_214,0.000431735
cauldron_ln_22682,0.001645119
mix_SI_UT_5400_477,0.000431735
cauldron_ln_18544,0.0014716422
cauldron_ln_23923,0.0016315721
cauldron_ln_14189,0.0016076824
cauldron_ln_10908,0.001647943
cauldron_ln_13971,0.0015346645
cauldron_ln_19625,0.0014367979
mix_UI_ST_5400_537,0.00043026434
mix_UI_ST_5400_1195,0.00043510552
cauldron_ln_26739,0.0016425562
cauldron_ln_24131,0.0013949801
mix_SI_UT_5400_920,0.000431735
mix_SI_UT_5400_1383,0.00043026434
mix_SI_UT_5400_1293,0.00043784434
mix_UI_ST_5400_610,0.0004340475
cauldron_ln_14300,0.0016418556
cauldron_ln_5972,0.0015772787
cauldron_ln_22355,0.0015307284
mix_UI_ST_5400_485,0.000431735
mix_SI_UT_5400_281,0.00043026434
cauldron_ln_15100,0.0015641653
mix_UI_ST_5400_1241,0.00043026434
mix_UI_ST_5400_1428,0.000431735
cauldron_ln_13948,0.0016064829
mix_UI_ST_5400_60,0.000431735
cauldron_ln_2574,0.0012323094
cauldron_ln_19196,0.0016147324
cauldron_ln_2618,0.0013948253
cauldron_ln_5056,0.0015340998
cauldron_ln_15189,0.0016367137
mix_UI_ST_5400_817,0.00043026434
mix_SI_UT_5400_572,0.000431735
mix_UI_ST_5400_732,0.00043784434
cauldron_ln_9703,0.0014165693
mix_UI_ST_5400_1423,0.00043026434
mix_UI_ST_5400_158,0.00046811183
mix_UI_ST_5400_183,0.00044936084
mix_UI_ST_5400_891,0.000431735
cauldron_ln_9045,0.001602851
mix_SI_UT_5400_1044,0.00043026434
mix_UI_ST_5400_1325,0.00043026434
mix_SI_UT_5400_708,0.000431735
cauldron_ln_28990,0.0016561134
cauldron_ln_28089,0.0016476512
mix_UI_ST_5400_572,0.000431735
cauldron_ln_15138,0.0015394336
cauldron_ln_22698,0.0016547289
cauldron_ln_2226,0.0015080645
mix_SI_UT_5400_1249,0.00043510552
mix_UI_ST_5400_1235,0.00043755127
mix_UI_ST_5400_879,0.000431735
cauldron_ln_7248,0.0016005057
cauldron_ln_6328,0.0015991674
cauldron_ln_24676,0.0016159398
mix_UI_ST_5400_656,0.0004363529
mix_SI_UT_5400_256,0.00043026434
cauldron_ln_25223,0.0016500321
mix_UI_ST_5400_92,0.00043026434
mix_UI_ST_5400_903,0.00043793677
mix_UI_ST_5400_589,0.00043026434
mix_UI_ST_5400_538,0.00043026434
cauldron_ln_16542,0.0016234879
cauldron_ln_3853,0.0014414733
cauldron_ln_28794,0.0014396132
mix_UI_ST_5400_1439,0.000431735
cauldron_ln_4530,0.0015959038
mix_UI_ST_5400_861,0.00043026434
mix_UI_ST_5400_713,0.000431735
cauldron_ln_14176,0.0016571198
cauldron_ln_17782,0.001623413
cauldron_ln_1393,0.0011547892
cauldron_ln_23286,0.0016416007
cauldron_ln_7997,0.0014925934
mix_SI_UT_5400_1005,0.00043026434
cauldron_ln_4803,0.0015799474
cauldron_ln_14593,0.0015033288
mix_UI_ST_5400_802,0.000431735
mix_SI_UT_5400_427,0.00043026434
mix_UI_ST_5400_331,0.000431735
mix_SI_UT_5400_1272,0.00042901866
mix_UI_ST_5400_1121,0.00042901866
cauldron_ln_27118,0.0015648163
mix_SI_UT_5400_772,0.00043026434
cauldron_ln_9756,0.0014815764
cauldron_ln_1185,0.0012053457
cauldron_ln_26533,0.0015828273
mix_SI_UT_5400_1178,0.000431735
mix_SI_UT_5400_223,0.00044675675
mix_SI_UT_5400_68,0.00043026434
cauldron_ln_29323,0.001645119
mix_UI_ST_5400_1128,0.00043026434
cauldron_ln_12498,0.0015600186
cauldron_ln_17248,0.001645119
mix_SI_UT_5400_626,0.00043026434
mix_SI_UT_5400_492,0.00043026434
mix_UI_ST_5400_874,0.000460494
mix_UI_ST_5400_47,0.00044828374
cauldron_ln_17175,0.0016486525
cauldron_ln_27901,0.0016571198
mix_UI_ST_5400_54,0.000431735
mix_SI_UT_5400_1130,0.00043026434
cauldron_ln_10232,0.0016339443
cauldron_ln_11586,0.0016214086
mix_SI_UT_5400_12,0.000431735
cauldron_ln_4885,0.0015687512
cauldron_ln_25377,0.0016476512
mix_UI_ST_5400_498,0.0004967182
cauldron_ln_9821,0.0016216835
cauldron_ln_2475,0.00157414
cauldron_ln_10469,0.0014881039
cauldron_ln_26085,0.0014350176
mix_UI_ST_5400_402,0.000431735
mix_UI_ST_5400_105,0.000431735
mix_SI_UT_5400_82,0.00043026434
cauldron_ln_18661,0.0015878871
mix_UI_ST_5400_798,0.00043755127
mix_UI_ST_5400_1339,0.000431735
mix_UI_ST_5400_145,0.00043026434
cauldron_ln_29522,0.0016367137
mix_UI_ST_5400_1156,0.00043026434
mix_SI_UT_5400_534,0.00043026434
mix_SI_UT_5400_720,0.00043026434
mix_SI_UT_5400_835,0.00043026434
cauldron_ln_24137,0.0016453742
cauldron_ln_18578,0.0016416007
mix_SI_UT_5400_479,0.00042901866
mix_UI_ST_5400_82,0.00043026434
mix_UI_ST_5400_232,0.00044783019
mix_SI_UT_5400_185,0.00044675675
cauldron_ln_22354,0.0016476512
cauldron_ln_27299,0.0014454384
mix_SI_UT_5400_517,0.00043026434
cauldron_ln_16637,0.0015488524
mix_UI_ST_5400_165,0.000431735
mix_SI_UT_5400_379,0.00043363086
mix_UI_ST_5400_887,0.00043026434
mix_SI_UT_5400_1207,0.00043026434
cauldron_ln_4243,0.0015436898
mix_UI_ST_5400_280,0.000431735
mix_SI_UT_5400_62,0.000431735
mix_SI_UT_5400_803,0.00043026434
cauldron_ln_11317,0.001538739
cauldron_ln_882,0.0010314869
cauldron_ln_18528,0.0016230351
cauldron_ln_14134,0.0016367137
mix_UI_ST_5400_249,0.00043026434
cauldron_ln_501,0.0012482343
cauldron_ln_16919,0.0014402432
mix_UI_ST_5400_275,0.000431735
mix_SI_UT_5400_259,0.000431735
cauldron_ln_10414,0.0016348952
mix_SI_UT_5400_135,0.00043755127
cauldron_ln_23891,0.0016395218
cauldron_ln_12781,0.0016486525
cauldron_ln_27869,0.0016323903
cauldron_ln_24381,0.0015360622
cauldron_ln_12780,0.0016418556
cauldron_ln_18038,0.0015578943
mix_UI_ST_5400_262,0.000431735
cauldron_ln_11847,0.00163497
cauldron_ln_11836,0.0015108464
cauldron_ln_11169,0.0016285387
cauldron_ln_21971,0.0014938797
cauldron_ln_19829,0.0015795083
mix_UI_ST_5400_244,0.00043026434
mix_SI_UT_5400_1200,0.00043026434
cauldron_ln_24272,0.0016416007
mix_UI_ST_5400_426,0.00043755127
mix_UI_ST_5400_570,0.000431735
mix_SI_UT_5400_368,0.00043026434
cauldron_ln_24774,0.0015607355
cauldron_ln_12521,0.0016064829
cauldron_ln_858,0.0012125613
cauldron_ln_11780,0.0015673037
cauldron_ln_12304,0.0015473135
cauldron_ln_5062,0.0016050746
mix_UI_ST_5400_1217,0.000431735
mix_UI_ST_5400_803,0.0004630194
cauldron_ln_7069,0.0013415061
mix_SI_UT_5400_941,0.00043026434
mix_SI_UT_5400_1013,0.000431735
cauldron_ln_25063,0.0015849068
cauldron_ln_23458,0.001575987
cauldron_ln_12346,0.001564774
mix_SI_UT_5400_1428,0.000431735
mix_UI_ST_5400_991,0.000431735
cauldron_ln_23973,0.0015720745
mix_SI_UT_5400_814,0.00042755724
cauldron_ln_9442,0.0015909676
cauldron_ln_29044,0.0015580464
mix_SI_UT_5400_668,0.000431735
cauldron_ln_28573,0.0015723177
cauldron_ln_10839,0.0014580021
cauldron_ln_234,0.0010923243
cauldron_ln_14738,0.0016474607
mix_UI_ST_5400_1033,0.00046142022
cauldron_ln_15645,0.0015734875
cauldron_ln_9430,0.001613824
mix_UI_ST_5400_433,0.000431735
cauldron_ln_13414,0.0016547289
mix_UI_ST_5400_1453,0.000431735
cauldron_ln_1336,0.0013018746
mix_SI_UT_5400_115,0.00044675675
mix_SI_UT_5400_754,0.000431735
mix_SI_UT_5400_1172,0.000431735
cauldron_ln_381,0.0012321884
cauldron_ln_4175,0.0015773906
mix_UI_ST_5400_424,0.000431735
cauldron_ln_27310,0.0012096069
mix_UI_ST_5400_701,0.00043026434
cauldron_ln_29200,0.0016416007
cauldron_ln_13571,0.0015080594
mix_UI_ST_5400_1111,0.000431735
mix_UI_ST_5400_425,0.000431735
cauldron_ln_11832,0.0015927736
cauldron_ln_253,0.0012582815
cauldron_ln_2261,0.0014525198
mix_UI_ST_5400_1324,0.00046366092
cauldron_ln_24226,0.001372059
mix_SI_UT_5400_1144,0.000431735
mix_UI_ST_5400_592,0.0004363529
cauldron_ln_15446,0.0016123756
cauldron_ln_13905,0.001645119
mix_SI_UT_5400_383,0.000431735
cauldron_ln_1188,0.0010857949
mix_SI_UT_5400_879,0.000431735
cauldron_ln_15180,0.0016367137
cauldron_ln_7912,0.0014963911
cauldron_ln_6005,0.0016046376
mix_SI_UT_5400_617,0.0004746153
cauldron_ln_17731,0.0015691514
cauldron_ln_14600,0.0015050018
cauldron_ln_18804,0.0015309382
mix_SI_UT_5400_1481,0.00043026434
cauldron_ln_2384,0.001397273
mix_UI_ST_5400_1275,0.00043026434
mix_UI_ST_5400_1280,0.000431735
cauldron_ln_2864,0.0013806118
mix_UI_ST_5400_458,0.000431735
cauldron_ln_23437,0.001473604
mix_SI_UT_5400_675,0.000431735
cauldron_ln_8005,0.0015400082
cauldron_ln_14689,0.0014962266
cauldron_ln_1264,0.0012434302
cauldron_ln_5624,0.0015910397
mix_SI_UT_5400_1098,0.000431735
cauldron_ln_10737,0.001638743
mix_SI_UT_5400_602,0.00043026434
mix_SI_UT_5400_1118,0.000431735
mix_UI_ST_5400_571,0.000431735
cauldron_ln_782,0.0013194751
mix_SI_UT_5400_683,0.00045011815
mix_UI_ST_5400_845,0.00043679567
cauldron_ln_9467,0.001619585
mix_SI_UT_5400_586,0.000431735
cauldron_ln_18317,0.0016388851
mix_UI_ST_5400_603,0.000431735
cauldron_ln_10364,0.0016047317
cauldron_ln_21951,0.0016500321
cauldron_ln_6832,0.0015875862
cauldron_ln_22126,0.0014466963
mix_UI_ST_5400_859,0.00043026434
mix_SI_UT_5400_65,0.000431735
cauldron_ln_28308,0.0016416007
cauldron_ln_16945,0.0016367137
cauldron_ln_22718,0.0015262796
cauldron_ln_9608,0.0016103728
cauldron_ln_23386,0.0015927736
mix_UI_ST_5400_184,0.00044907097
cauldron_ln_25880,0.0016486525
mix_UI_ST_5400_1297,0.00043026434
cauldron_ln_7957,0.0015875862
mix_UI_ST_5400_18,0.00044387928
mix_SI_UT_5400_1324,0.00043026434
cauldron_ln_26789,0.0016489084
cauldron_ln_12315,0.0016222363
cauldron_ln_3659,0.0015883656
mix_UI_ST_5400_958,0.00043026434
mix_SI_UT_5400_975,0.000431735
cauldron_ln_11223,0.0016306753
cauldron_ln_19762,0.0016367137
mix_UI_ST_5400_118,0.00043026434
mix_UI_ST_5400_1012,0.000431735
cauldron_ln_14800,0.0015433818
mix_UI_ST_5400_1209,0.000431735
mix_SI_UT_5400_550,0.000431735
cauldron_ln_20840,0.0016418556
cauldron_ln_23550,0.0015767037
mix_SI_UT_5400_692,0.000431735
cauldron_ln_23578,0.0016545375
mix_SI_UT_5400_98,0.000431735
mix_UI_ST_5400_282,0.00043755127
mix_SI_UT_5400_999,0.00043026434
mix_UI_ST_5400_1386,0.00042901866
cauldron_ln_19738,0.001649099
cauldron_ln_10862,0.001589922
mix_UI_ST_5400_127,0.000431735
cauldron_ln_18648,0.0016099159
cauldron_ln_21046,0.0016269302
mix_SI_UT_5400_363,0.00043362344
cauldron_ln_24064,0.0016509915
mix_UI_ST_5400_1001,0.00043026434
mix_SI_UT_5400_160,0.000431735
cauldron_ln_10663,0.0014333492
cauldron_ln_24796,0.0015366253
mix_UI_ST_5400_187,0.00043026434
mix_SI_UT_5400_496,0.00043026434
mix_SI_UT_5400_407,0.00044828374
mix_UI_ST_5400_404,0.00043026434
cauldron_ln_15959,0.0015280436
cauldron_ln_6649,0.0013871038
cauldron_ln_3549,0.0015621925
cauldron_ln_1293,0.0012321896
mix_UI_ST_5400_831,0.00043755127
cauldron_ln_7631,0.0014750094
cauldron_ln_19177,0.0016030907
mix_SI_UT_5400_994,0.0004736319
mix_UI_ST_5400_939,0.000431735
mix_SI_UT_5400_689,0.000431735
cauldron_ln_9724,0.0015952901
cauldron_ln_23057,0.0015970075
cauldron_ln_10321,0.0016372241
mix_SI_UT_5400_696,0.00044675675
cauldron_ln_29500,0.0016369676
cauldron_ln_19512,0.0016291025
mix_SI_UT_5400_350,0.000431735
cauldron_ln_1469,0.0011143427
mix_UI_ST_5400_200,0.000431735
mix_SI_UT_5400_95,0.00043026434
cauldron_ln_19981,0.0016249617
mix_UI_ST_5400_1411,0.0004630194
cauldron_ln_408,0.0011132928
cauldron_ln_28898,0.0015490451
mix_SI_UT_5400_724,0.00043026434
mix_SI_UT_5400_639,0.000431735
mix_UI_ST_5400_631,0.000431735
mix_UI_ST_5400_377,0.00043026434
cauldron_ln_27294,0.0014201927
mix_SI_UT_5400_143,0.00043026434
cauldron_ln_24813,0.0016133562
mix_UI_ST_5400_641,0.000431735
mix_UI_ST_5400_9,0.00045609474
cauldron_ln_11173,0.0015843833
cauldron_ln_17417,0.0015774056
mix_UI_ST_5400_225,0.00043026434
mix_SI_UT_5400_523,0.000431735
cauldron_ln_28689,0.0016333092
mix_UI_ST_5400_289,0.00043026434
cauldron_ln_13302,0.0014747776
cauldron_ln_24045,0.0016039045
cauldron_ln_15030,0.0016368157
mix_SI_UT_5400_932,0.00043026434
mix_UI_ST_5400_1036,0.00043511303
cauldron_ln_25474,0.0016230351
cauldron_ln_19242,0.0016420454
mix_UI_ST_5400_1356,0.00042901866
cauldron_ln_18842,0.0015659864
mix_UI_ST_5400_810,0.00043026434
mix_SI_UT_5400_1192,0.000431735
cauldron_ln_15190,0.0015546787
mix_UI_ST_5400_190,0.00043026434
cauldron_ln_7913,0.0015717789
mix_SI_UT_5400_1423,0.00043026434
cauldron_ln_5862,0.001453554
cauldron_ln_11295,0.0016205389
mix_SI_UT_5400_11,0.00043026434
cauldron_ln_8670,0.0015606284
cauldron_ln_2090,0.0015504373
cauldron_ln_6659,0.001598197
mix_UI_ST_5400_57,0.00046433497
cauldron_ln_25926,0.0016474607
cauldron_ln_15974,0.0016416007
mix_SI_UT_5400_22,0.00043026434
cauldron_ln_21956,0.0016486525
cauldron_ln_22029,0.0016372653
cauldron_ln_1276,0.0012335841
mix_UI_ST_5400_1171,0.000431735
cauldron_ln_27456,0.0016285239
mix_SI_UT_5400_891,0.00043026434
cauldron_ln_22474,0.0016019738
cauldron_ln_23939,0.0015991286
mix_UI_ST_5400_795,0.00044675675
cauldron_ln_24077,0.0015848036
cauldron_ln_11910,0.0016223437
cauldron_ln_22225,0.0014654002
cauldron_ln_6936,0.001598197
mix_UI_ST_5400_604,0.000431735
cauldron_ln_20698,0.0015025495
mix_UI_ST_5400_1263,0.000431735
cauldron_ln_26056,0.0016330727
cauldron_ln_18112,0.0015554456
cauldron_ln_998,0.0011346478
cauldron_ln_14833,0.0016188726
cauldron_ln_17237,0.0016223437
mix_UI_ST_5400_231,0.000431735
mix_SI_UT_5400_601,0.000431735
cauldron_ln_6138,0.0015804763
mix_SI_UT_5400_291,0.000431735
mix_SI_UT_5400_514,0.000431735
cauldron_ln_10250,0.001615465
mix_UI_ST_5400_1212,0.00043026434
cauldron_ln_17851,0.0016293112
mix_SI_UT_5400_305,0.000431735
mix_UI_ST_5400_1227,0.00043026434
cauldron_ln_14348,0.0014949242
mix_SI_UT_5400_846,0.000431735
mix_UI_ST_5400_672,0.000431735
mix_SI_UT_5400_1113,0.00045839438
mix_SI_UT_5400_539,0.000431735
mix_UI_ST_5400_543,0.00043793677
mix_SI_UT_5400_875,0.00044783019
cauldron_ln_29643,0.0016034036
mix_SI_UT_5400_765,0.00043644503
mix_SI_UT_5400_584,0.00042901866
cauldron_ln_8539,0.0015161097
mix_SI_UT_5400_456,0.000431735
mix_UI_ST_5400_666,0.000431735
mix_UI_ST_5400_286,0.00043026434
mix_UI_ST_5400_663,0.00043026434
cauldron_ln_14523,0.0016160067
cauldron_ln_16505,0.0015975306
mix_UI_ST_5400_182,0.00045436682
cauldron_ln_29683,0.0016151
cauldron_ln_23143,0.001631145
cauldron_ln_16564,0.0016561134
cauldron_ln_16142,0.0014938093
cauldron_ln_20435,0.0016369676
mix_UI_ST_5400_438,0.00043026434
mix_UI_ST_5400_1465,0.000431735
mix_SI_UT_5400_53,0.00043996872
mix_SI_UT_5400_476,0.00044675675
cauldron_ln_21716,0.001631145
mix_UI_ST_5400_330,0.000431735
cauldron_ln_15851,0.0016367137
cauldron_ln_17600,0.0015903952
cauldron_ln_10167,0.0014979495
cauldron_ln_10237,0.0016395226
cauldron_ln_29619,0.00156452
mix_UI_ST_5400_1139,0.000431735
mix_SI_UT_5400_1380,0.00043026434
mix_SI_UT_5400_1177,0.00043026434
cauldron_ln_5002,0.0015900431
cauldron_ln_22262,0.0014762508
cauldron_ln_26489,0.0016559219
mix_SI_UT_5400_1426,0.000431735
mix_UI_ST_5400_1288,0.00043026434
cauldron_ln_2508,0.0015685405
mix_UI_ST_5400_448,0.000431735
cauldron_ln_14426,0.0015101201
cauldron_ln_16971,0.0014240864
cauldron_ln_5519,0.0016126919
cauldron_ln_9418,0.0016186431
cauldron_ln_13091,0.0013612774
cauldron_ln_14406,0.0016547289
mix_UI_ST_5400_750,0.00043026434
cauldron_ln_240,0.001170989
cauldron_ln_1610,0.0015151218
mix_UI_ST_5400_670,0.00043026434
mix_UI_ST_5400_315,0.00043026434
cauldron_ln_29830,0.0015132295
mix_SI_UT_5400_1120,0.000431735
mix_SI_UT_5400_718,0.00043026434
mix_SI_UT_5400_435,0.00043026434
mix_SI_UT_5400_171,0.0004443761
cauldron_ln_16878,0.0016444182
mix_SI_UT_5400_1288,0.000431735
cauldron_ln_24518,0.0015308275
mix_SI_UT_5400_151,0.00044783019
cauldron_ln_12839,0.0016418556
cauldron_ln_12600,0.0016013073
cauldron_ln_16593,0.0015682703
mix_UI_ST_5400_412,0.000431735
cauldron_ln_14539,0.0015513891
cauldron_ln_12908,0.0015421273
cauldron_ln_16152,0.001470971
cauldron_ln_19101,0.0014702554
cauldron_ln_6309,0.0015582421
cauldron_ln_7531,0.001605061
cauldron_ln_15199,0.0015253818
mix_SI_UT_5400_1088,0.000431735
mix_UI_ST_5400_124,0.00048029952
mix_SI_UT_5400_637,0.00043026434
mix_UI_ST_5400_530,0.00044667034
mix_SI_UT_5400_1230,0.00046142022
mix_UI_ST_5400_1361,0.00042901866
mix_UI_ST_5400_1228,0.00043026434
mix_UI_ST_5400_544,0.00043793677
cauldron_ln_12631,0.0014442495
mix_UI_ST_5400_1174,0.000431735
mix_UI_ST_5400_1433,0.000431735
mix_UI_ST_5400_390,0.00043026434
mix_UI_ST_5400_848,0.00043784434
cauldron_ln_6134,0.0015804763
mix_UI_ST_5400_850,0.0004347983
mix_SI_UT_5400_783,0.000431735
mix_SI_UT_5400_209,0.000431735
cauldron_ln_24332,0.0015559894
mix_UI_ST_5400_1438,0.00044675675
mix_UI_ST_5400_1041,0.000431735
mix_SI_UT_5400_290,0.000431735
cauldron_ln_25639,0.0014016911
mix_UI_ST_5400_1468,0.00043026434
mix_UI_ST_5400_665,0.0004577595
mix_UI_ST_5400_566,0.000431735
mix_UI_ST_5400_1281,0.000431735
mix_SI_UT_5400_159,0.00043026434
cauldron_ln_1423,0.0014099261
cauldron_ln_18969,0.0014688532
mix_SI_UT_5400_1218,0.00043026434
cauldron_ln_12297,0.0014062659
cauldron_ln_3945,0.0015220584
cauldron_ln_8030,0.0016185922
mix_UI_ST_5400_580,0.000431735
mix_UI_ST_5400_235,0.000431735
cauldron_ln_14083,0.0015564043
mix_UI_ST_5400_42,0.00044126282
cauldron_ln_14162,0.0016404181
mix_UI_ST_5400_1062,0.00043026434
mix_UI_ST_5400_645,0.00047086077
cauldron_ln_16338,0.0016547289
mix_UI_ST_5400_738,0.000431735
mix_SI_UT_5400_1493,0.00043026434
cauldron_ln_2951,0.001555068
mix_UI_ST_5400_519,0.00043026434
cauldron_ln_20137,0.0015096681
mix_SI_UT_5400_910,0.000431735
cauldron_ln_24018,0.0016369676
cauldron_ln_14716,0.001551771
mix_UI_ST_5400_120,0.00043026434
cauldron_ln_996,0.0011590829
cauldron_ln_17297,0.0016134215
cauldron_ln_7501,0.0015327878
mix_SI_UT_5400_805,0.00043026434
mix_SI_UT_5400_108,0.00043026434
mix_SI_UT_5400_367,0.00043026434
mix_SI_UT_5400_939,0.000431735
cauldron_ln_8124,0.0014669982
cauldron_ln_4558,0.001593451
mix_UI_ST_5400_789,0.000431735
cauldron_ln_7869,0.0015651137
cauldron_ln_25700,0.0015655234
cauldron_ln_19547,0.0015948648
mix_SI_UT_5400_43,0.00043026434
cauldron_ln_24786,0.0016278512
cauldron_ln_23928,0.0015901409
mix_SI_UT_5400_687,0.00043026434
cauldron_ln_22802,0.0013937366
mix_SI_UT_5400_740,0.00043755127
mix_SI_UT_5400_162,0.00043026434
mix_UI_ST_5400_213,0.00043026434
cauldron_ln_1853,0.0014766959
mix_SI_UT_5400_446,0.00043026434
cauldron_ln_14026,0.0016547289
mix_UI_ST_5400_1260,0.000431735
cauldron_ln_21653,0.0016486525
mix_SI_UT_5400_508,0.00043026434
mix_SI_UT_5400_532,0.00043026434
cauldron_ln_16789,0.0015515421
mix_UI_ST_5400_856,0.00043026434
mix_UI_ST_5400_1034,0.00046027979
cauldron_ln_11205,0.0015254384
mix_UI_ST_5400_562,0.00043026434
mix_UI_ST_5400_1261,0.00044828374
mix_SI_UT_5400_962,0.00043026434
mix_UI_ST_5400_478,0.00043026434
mix_SI_UT_5400_99,0.00043755127
cauldron_ln_12588,0.0015832214
mix_UI_ST_5400_143,0.00043026434
mix_UI_ST_5400_108,0.000431735
mix_UI_ST_5400_201,0.00043755127
mix_UI_ST_5400_934,0.00044675675
cauldron_ln_24658,0.0016323903
cauldron_ln_4606,0.0015500934
cauldron_ln_4370,0.001488899
cauldron_ln_15212,0.0015341575
mix_SI_UT_5400_273,0.00043026434
mix_SI_UT_5400_1282,0.000431735
mix_SI_UT_5400_1461,0.00043026434
cauldron_ln_4611,0.001570046
cauldron_ln_148,0.0011607303
mix_UI_ST_5400_171,0.00043026434
cauldron_ln_29330,0.0015792188
mix_SI_UT_5400_1444,0.00043026434
cauldron_ln_15849,0.0016068928
mix_SI_UT_5400_1079,0.00043026434
cauldron_ln_27996,0.0015848036
mix_UI_ST_5400_1328,0.000431735
cauldron_ln_308,0.0012033272
cauldron_ln_1385,0.0013919265
cauldron_ln_13559,0.0016012228
cauldron_ln_24016,0.0016418556
mix_SI_UT_5400_1437,0.00043026434
mix_SI_UT_5400_1417,0.000431735
mix_UI_ST_5400_608,0.00043026434
cauldron_ln_26962,0.0016037739
mix_UI_ST_5400_1431,0.000431735
cauldron_ln_4251,0.0012385638
cauldron_ln_7620,0.0014995349
mix_UI_ST_5400_866,0.000431735
cauldron_ln_28642,0.0016416007
cauldron_ln_4319,0.0015124925
mix_SI_UT_5400_747,0.00043026434
mix_UI_ST_5400_976,0.000431735
cauldron_ln_20184,0.0016367137
mix_SI_UT_5400_769,0.00043026434
mix_SI_UT_5400_1338,0.000431735
cauldron_ln_1588,0.0014398277
mix_UI_ST_5400_1416,0.00043026434
cauldron_ln_9076,0.0016103728
cauldron_ln_21341,0.0015711489
mix_UI_ST_5400_1172,0.0004630194
mix_SI_UT_5400_443,0.00043026434
cauldron_ln_17500,0.0015669538
cauldron_ln_7511,0.0014367678
cauldron_ln_10086,0.0016248703
mix_UI_ST_5400_671,0.000431735
mix_SI_UT_5400_1413,0.000431735
mix_SI_UT_5400_440,0.000431735
cauldron_ln_23100,0.0016235822
cauldron_ln_16900,0.001551904
mix_SI_UT_5400_1267,0.00044097478
mix_SI_UT_5400_555,0.000431735
cauldron_ln_26119,0.0015353332
mix_SI_UT_5400_196,0.000431735
mix_SI_UT_5400_0,0.00040659442
cauldron_ln_18068,0.0015337464
mix_SI_UT_5400_1443,0.00044096718
mix_UI_ST_5400_910,0.00043026434
mix_SI_UT_5400_930,0.000431735
cauldron_ln_5488,0.0015936528
cauldron_ln_4996,0.0014938014
mix_SI_UT_5400_1064,0.00045024458
mix_UI_ST_5400_1446,0.00043026434
mix_UI_ST_5400_1421,0.000431735
mix_SI_UT_5400_965,0.000431735
mix_UI_ST_5400_306,0.000431735
cauldron_ln_26059,0.0016547289
cauldron_ln_21753,0.0016174512
cauldron_ln_29556,0.0016416007
cauldron_ln_23054,0.001645119
cauldron_ln_3408,0.0015749054
cauldron_ln_23291,0.0016348369
cauldron_ln_8958,0.0013844076
mix_SI_UT_5400_1345,0.000431735
cauldron_ln_3256,0.0015678162
mix_UI_ST_5400_595,0.000431735
cauldron_ln_25118,0.0015355905
cauldron_ln_15965,0.0016285387
mix_SI_UT_5400_321,0.000431735
cauldron_ln_12660,0.0016119013
cauldron_ln_27846,0.0016128378
cauldron_ln_25807,0.0016432998
mix_SI_UT_5400_1309,0.00043026434
cauldron_ln_17901,0.0014897344
cauldron_ln_29501,0.0016474607
mix_SI_UT_5400_911,0.000431735
cauldron_ln_595,0.0013114017
cauldron_ln_3863,0.0015057715
mix_UI_ST_5400_914,0.00043362344
cauldron_ln_12357,0.0016367137
cauldron_ln_17390,0.001645119
mix_SI_UT_5400_1195,0.00043755127
mix_UI_ST_5400_461,0.00043026434
mix_SI_UT_5400_103,0.00044675675
mix_UI_ST_5400_1222,0.00043026434
mix_UI_ST_5400_17,0.00043026434
cauldron_ln_3480,0.001277885
mix_UI_ST_5400_842,0.00043026434
cauldron_ln_4383,0.0015457011
cauldron_ln_20799,0.0016051938
mix_UI_ST_5400_1387,0.00043755127
mix_UI_ST_5400_483,0.000431735
mix_UI_ST_5400_1424,0.00044675675
mix_UI_ST_5400_392,0.000431735
mix_UI_ST_5400_1256,0.0004438366
mix_SI_UT_5400_501,0.00047588922
mix_UI_ST_5400_1477,0.00043644503
mix_SI_UT_5400_31,0.00043026434
mix_UI_ST_5400_36,0.00044828374
mix_SI_UT_5400_1273,0.00042755724
mix_SI_UT_5400_1482,0.00044034488
cauldron_ln_21286,0.0016367137
mix_SI_UT_5400_998,0.000431735
cauldron_ln_18816,0.0015341575
cauldron_ln_1133,0.0012875568
cauldron_ln_15388,0.0016161298
mix_SI_UT_5400_233,0.000431735
cauldron_ln_14165,0.0015933713
mix_SI_UT_5400_360,0.00044675675
cauldron_ln_18780,0.0016416007
cauldron_ln_25942,0.0016089841
cauldron_ln_23565,0.0016489084
mix_UI_ST_5400_1388,0.00043026434
mix_UI_ST_5400_368,0.00043026434
cauldron_ln_14906,0.0016559219
mix_UI_ST_5400_474,0.00045024458
mix_SI_UT_5400_1270,0.000431735
mix_UI_ST_5400_925,0.00044783019
mix_SI_UT_5400_120,0.00043026434
mix_UI_ST_5400_253,0.00043026434
mix_SI_UT_5400_798,0.000431735
mix_UI_ST_5400_188,0.000431735
cauldron_ln_20716,0.0016464642
mix_UI_ST_5400_755,0.00043026434
mix_SI_UT_5400_1006,0.000431735
mix_SI_UT_5400_1215,0.0004429407
cauldron_ln_26624,0.0013692114
cauldron_ln_209,0.0010644378
cauldron_ln_21636,0.0013764808
cauldron_ln_27646,0.0015756035
mix_UI_ST_5400_1058,0.00043644503
cauldron_ln_7404,0.0015720192
mix_SI_UT_5400_725,0.000431735
cauldron_ln_29835,0.0016348439
mix_SI_UT_5400_89,0.00043784434
mix_UI_ST_5400_49,0.00043362344
cauldron_ln_22002,0.0014890323
cauldron_ln_15013,0.001617218
cauldron_ln_23439,0.0016051938
mix_UI_ST_5400_873,0.00043026434
mix_UI_ST_5400_516,0.000431735
cauldron_ln_8154,0.0015665949
mix_UI_ST_5400_81,0.000431735
mix_SI_UT_5400_1203,0.00043026434
cauldron_ln_27451,0.0015799084
mix_UI_ST_5400_1040,0.000431735
cauldron_ln_1404,0.0011223134
mix_UI_ST_5400_760,0.00045871196
mix_SI_UT_5400_96,0.000431735
cauldron_ln_13365,0.0015533445
mix_SI_UT_5400_224,0.00043026434
cauldron_ln_22626,0.0015595678
cauldron_ln_2408,0.0015485192
mix_SI_UT_5400_655,0.000431735
mix_SI_UT_5400_425,0.00043755127
mix_SI_UT_5400_1321,0.00045286896
mix_UI_ST_5400_955,0.00042901866
cauldron_ln_5592,0.0015529445
mix_UI_ST_5400_128,0.00042901866
mix_SI_UT_5400_428,0.00043026434
cauldron_ln_11037,0.0015392724
cauldron_ln_6711,0.0015150179
mix_SI_UT_5400_80,0.00043755127
mix_UI_ST_5400_783,0.000431735
mix_UI_ST_5400_1120,0.00047686417
mix_SI_UT_5400_680,0.000431735
mix_UI_ST_5400_62,0.000431735
cauldron_ln_18773,0.0016229987
cauldron_ln_12062,0.0015513891
cauldron_ln_2587,0.0015220904
cauldron_ln_8513,0.0014397852
cauldron_ln_23014,0.0014478196
cauldron_ln_3366,0.0013844584
mix_SI_UT_5400_71,0.000431735
mix_SI_UT_5400_1018,0.00043755127
mix_UI_ST_5400_297,0.000431735
cauldron_ln_10125,0.0015625064
cauldron_ln_13072,0.0015734875
cauldron_ln_6713,0.0014224774
cauldron_ln_17171,0.0016158483
mix_SI_UT_5400_1252,0.00043755127
mix_SI_UT_5400_266,0.00043026434
mix_UI_ST_5400_1051,0.00043026434
cauldron_ln_15015,0.0016418556
cauldron_ln_28632,0.0016425562
mix_SI_UT_5400_917,0.00043026434
mix_SI_UT_5400_348,0.000431735
cauldron_ln_18641,0.0016547289
cauldron_ln_1759,0.0015345571
mix_UI_ST_5400_684,0.000431735
cauldron_ln_17447,0.0016060462
cauldron_ln_8751,0.001593473
mix_UI_ST_5400_394,0.000431735
mix_UI_ST_5400_301,0.00043755127
mix_SI_UT_5400_73,0.000431735
cauldron_ln_9351,0.0015477196
cauldron_ln_16813,0.0016486525
mix_SI_UT_5400_682,0.00043026434
cauldron_ln_28248,0.0015731303
cauldron_ln_27142,0.0016559219
mix_SI_UT_5400_1429,0.00046027979
mix_SI_UT_5400_374,0.00044675675
cauldron_ln_16067,0.0014495882
cauldron_ln_13320,0.0015837083
mix_SI_UT_5400_280,0.00043026434
cauldron_ln_7749,0.001369096
mix_SI_UT_5400_13,0.000431735
mix_SI_UT_5400_173,0.00043026434
cauldron_ln_8325,0.001544441
cauldron_ln_6180,0.0015483203
mix_UI_ST_5400_764,0.00044097478
cauldron_ln_22690,0.0016293112
cauldron_ln_18143,0.0016189028
mix_UI_ST_5400_291,0.000431735
cauldron_ln_26253,0.0014287388
cauldron_ln_16210,0.0016420454
cauldron_ln_17795,0.0016238558
mix_UI_ST_5400_443,0.00043026434
mix_UI_ST_5400_1089,0.00043026434
cauldron_ln_28264,0.0016369676
mix_UI_ST_5400_908,0.00042629096
mix_SI_UT_5400_945,0.00046433497
mix_UI_ST_5400_227,0.00043026434
mix_SI_UT_5400_1148,0.00043026434
mix_UI_ST_5400_1185,0.000431735
mix_UI_ST_5400_1247,0.00043755127
cauldron_ln_3906,0.0015799474
mix_SI_UT_5400_1313,0.00044675675
cauldron_ln_9806,0.0015562663
mix_UI_ST_5400_1454,0.000431735
mix_SI_UT_5400_1415,0.00043026434
mix_UI_ST_5400_993,0.000431735
mix_UI_ST_5400_369,0.000431735
mix_SI_UT_5400_742,0.00044675675
mix_UI_ST_5400_965,0.00043026434
mix_SI_UT_5400_1159,0.00043755127
cauldron_ln_29559,0.001347995
mix_SI_UT_5400_888,0.00043511303
mix_SI_UT_5400_855,0.000431735
cauldron_ln_13165,0.0016453742
cauldron_ln_24218,0.0014904325
mix_SI_UT_5400_1414,0.00043026434
cauldron_ln_8928,0.0013032617
mix_SI_UT_5400_650,0.000431735
mix_UI_ST_5400_1271,0.000431735
mix_SI_UT_5400_1316,0.000431735
mix_UI_ST_5400_661,0.00043026434
mix_UI_ST_5400_978,0.00043026434
mix_SI_UT_5400_417,0.00042899
cauldron_ln_23135,0.0014220251
mix_UI_ST_5400_398,0.00044675675
cauldron_ln_8244,0.001603406
mix_SI_UT_5400_1347,0.00043026434
cauldron_ln_23130,0.0014818304
mix_UI_ST_5400_1358,0.00044675675
mix_SI_UT_5400_871,0.000431735
mix_SI_UT_5400_1164,0.00043026434
cauldron_ln_29887,0.0015334404
cauldron_ln_3388,0.0015155497
cauldron_ln_12944,0.001473101
mix_UI_ST_5400_505,0.000431735
cauldron_ln_4161,0.0015600765
cauldron_ln_7445,0.0014551032
mix_UI_ST_5400_1391,0.00046737125
mix_SI_UT_5400_1354,0.000431735
mix_UI_ST_5400_155,0.000431735
cauldron_ln_17399,0.0015776032
cauldron_ln_6777,0.0015651315
cauldron_ln_3869,0.00158025
mix_SI_UT_5400_632,0.00043511303
mix_SI_UT_5400_944,0.000431735
mix_SI_UT_5400_1109,0.00043026434
mix_UI_ST_5400_960,0.000431735
mix_SI_UT_5400_710,0.00043026434
cauldron_ln_18378,0.0016121116
cauldron_ln_13816,0.00156869
cauldron_ln_21654,0.0016486525
cauldron_ln_14213,0.0015748304
cauldron_ln_16706,0.0015416889
cauldron_ln_18622,0.0016416007
cauldron_ln_22995,0.0015495009
cauldron_ln_6518,0.0015881427
mix_UI_ST_5400_1352,0.00043026434
mix_UI_ST_5400_586,0.00043026434
mix_UI_ST_5400_700,0.000431735
cauldron_ln_17240,0.0014608183
cauldron_ln_27730,0.0016398005
mix_UI_ST_5400_508,0.000431735
cauldron_ln_11336,0.0014405908
mix_UI_ST_5400_1380,0.0004340475
cauldron_ln_26964,0.0016489084
cauldron_ln_15771,0.0016161298
mix_UI_ST_5400_635,0.000431735
cauldron_ln_15546,0.0015573374
cauldron_ln_14366,0.0015764086
cauldron_ln_25571,0.0016153974
cauldron_ln_9580,0.0013191948
cauldron_ln_1147,0.0011923488
cauldron_ln_11375,0.0015904935
cauldron_ln_20179,0.001486759
mix_SI_UT_5400_540,0.00043026434
mix_UI_ST_5400_98,0.00043026434
mix_SI_UT_5400_826,0.00043026434
mix_UI_ST_5400_1126,0.000431735
cauldron_ln_22598,0.0012813099
mix_SI_UT_5400_1442,0.00046027979
mix_SI_UT_5400_1033,0.00045871196
mix_UI_ST_5400_1333,0.00047239446
mix_UI_ST_5400_77,0.00043959077
mix_UI_ST_5400_43,0.000431735
mix_UI_ST_5400_1004,0.00044675675
mix_UI_ST_5400_563,0.000431735
cauldron_ln_3996,0.001500462
cauldron_ln_24640,0.0015631843
cauldron_ln_19145,0.0014164296
mix_UI_ST_5400_11,0.000431735
cauldron_ln_26738,0.0016152983
mix_SI_UT_5400_373,0.000431735
mix_SI_UT_5400_1320,0.000431735
mix_UI_ST_5400_56,0.00043784434
mix_UI_ST_5400_1323,0.00043026434
cauldron_ln_4946,0.0015221825
mix_SI_UT_5400_230,0.000431735
cauldron_ln_13563,0.0016205389
cauldron_ln_23479,0.001645119
mix_UI_ST_5400_1283,0.000431735
cauldron_ln_28267,0.0016418556
cauldron_ln_24420,0.0014783596
mix_SI_UT_5400_981,0.000431735
mix_SI_UT_5400_1396,0.00043026434
cauldron_ln_27807,0.0016223437
cauldron_ln_22265,0.0015190685
cauldron_ln_21549,0.0016375444
cauldron_ln_24567,0.0015832711
cauldron_ln_25451,0.0016500321
mix_SI_UT_5400_567,0.00045683296
mix_SI_UT_5400_311,0.00043026434
mix_UI_ST_5400_376,0.0004363529
mix_UI_ST_5400_1147,0.00042901866
mix_SI_UT_5400_1167,0.000431735
mix_UI_ST_5400_436,0.00045786987
cauldron_ln_19527,0.0015624468
cauldron_ln_16475,0.0016159221
cauldron_ln_2730,0.001280582
cauldron_ln_28871,0.0016474607
mix_UI_ST_5400_886,0.000431735
cauldron_ln_6014,0.0015383997
cauldron_ln_7530,0.0015231705
cauldron_ln_11799,0.0016476512
cauldron_ln_12531,0.0016500321
cauldron_ln_23062,0.0016500321
mix_SI_UT_5400_1054,0.00046460194
cauldron_ln_6417,0.0015780966
mix_UI_ST_5400_1115,0.00043026434
cauldron_ln_17894,0.0013330698
mix_SI_UT_5400_1104,0.00043026434
mix_UI_ST_5400_1418,0.000431735
mix_UI_ST_5400_945,0.000431735
cauldron_ln_15376,0.0014865042
mix_SI_UT_5400_851,0.000431735
cauldron_ln_4105,0.0015550554
mix_UI_ST_5400_138,0.00043363086
cauldron_ln_14698,0.0015156176
cauldron_ln_6529,0.0015143798
cauldron_ln_7990,0.0015596064
mix_SI_UT_5400_60,0.00043755127
cauldron_ln_1645,0.001555068
mix_UI_ST_5400_395,0.00045286896
cauldron_ln_2487,0.0014896309
mix_SI_UT_5400_20,0.00044034488
cauldron_ln_12867,0.0014400498
mix_UI_ST_5400_711,0.00043026434
cauldron_ln_12122,0.0015537441
cauldron_ln_16734,0.0015208393
mix_SI_UT_5400_207,0.000431735
cauldron_ln_5697,0.0015989298
cauldron_ln_3185,0.0015326156
mix_SI_UT_5400_388,0.000431735
mix_UI_ST_5400_1002,0.00044675675
mix_SI_UT_5400_927,0.000431735
mix_SI_UT_5400_1221,0.00043026434
cauldron_ln_3613,0.0015015998
cauldron_ln_5046,0.0013571635
cauldron_ln_22967,0.0015595878
cauldron_ln_3533,0.0014481947
cauldron_ln_15775,0.0016416007
cauldron_ln_6282,0.001571107
mix_UI_ST_5400_1011,0.00045722353
mix_SI_UT_5400_909,0.000431735
cauldron_ln_10239,0.00162908
mix_UI_ST_5400_896,0.000431735
mix_SI_UT_5400_529,0.00043026434
mix_SI_UT_5400_454,0.000431735
cauldron_ln_1868,0.0015461391
mix_SI_UT_5400_545,0.00043026434
cauldron_ln_17475,0.0016178595
mix_UI_ST_5400_1383,0.00045436682
mix_SI_UT_5400_991,0.000431735
mix_SI_UT_5400_274,0.000431735
cauldron_ln_14761,0.0013425658
mix_UI_ST_5400_449,0.000431735
cauldron_ln_28224,0.0014325646
mix_SI_UT_5400_1152,0.000431735
cauldron_ln_1267,0.0013429917
mix_UI_ST_5400_451,0.00046433165
mix_SI_UT_5400_1260,0.000431735
cauldron_ln_26791,0.0015822186
cauldron_ln_21868,0.0013785969
mix_UI_ST_5400_385,0.00043026434
mix_UI_ST_5400_1332,0.000431735
mix_UI_ST_5400_1080,0.00043026434
cauldron_ln_9876,0.0016226271
cauldron_ln_3389,0.0014271153
cauldron_ln_3419,0.0014659363
cauldron_ln_7377,0.0015624231
mix_SI_UT_5400_727,0.000431735
cauldron_ln_15394,0.0015789287
cauldron_ln_6749,0.0016128347
mix_SI_UT_5400_1197,0.00043026434
cauldron_ln_20334,0.001625302
cauldron_ln_23163,0.001631145
mix_UI_ST_5400_947,0.00043026434
cauldron_ln_6764,0.0015046778
mix_UI_ST_5400_601,0.000431735
cauldron_ln_13822,0.0016134215
mix_SI_UT_5400_271,0.000431735
cauldron_ln_445,0.0013134003
cauldron_ln_27272,0.0016369676
cauldron_ln_14965,0.0015794444
mix_UI_ST_5400_136,0.000431735
mix_UI_ST_5400_123,0.0004323754
cauldron_ln_21529,0.0014991409
mix_UI_ST_5400_614,0.000431735
cauldron_ln_14892,0.0016278814
mix_UI_ST_5400_34,0.000431735
cauldron_ln_12009,0.0016360157
mix_UI_ST_5400_1472,0.000431735
mix_SI_UT_5400_364,0.00043026434
cauldron_ln_15396,0.0016090155
cauldron_ln_4362,0.001528815
mix_UI_ST_5400_71,0.000431735
mix_UI_ST_5400_365,0.000431735
mix_SI_UT_5400_789,0.000431735
mix_UI_ST_5400_346,0.00043026434
mix_SI_UT_5400_809,0.00043026434
mix_UI_ST_5400_644,0.00043026434
cauldron_ln_25862,0.001626989
cauldron_ln_11830,0.0015598454
cauldron_ln_21208,0.0015565554
mix_SI_UT_5400_1300,0.00043026434
cauldron_ln_3110,0.0014602662
mix_SI_UT_5400_1058,0.00043026434
mix_SI_UT_5400_556,0.000431735
mix_UI_ST_5400_22,0.00043755127
mix_SI_UT_5400_691,0.00043755127
cauldron_ln_8414,0.0014892848
cauldron_ln_12572,0.0014450847
mix_SI_UT_5400_1032,0.00043026434
mix_SI_UT_5400_444,0.00043793677
mix_SI_UT_5400_1186,0.00043026434
cauldron_ln_13048,0.0016293112
cauldron_ln_15964,0.001590892
cauldron_ln_153,0.001196298
mix_SI_UT_5400_1262,0.000431735
cauldron_ln_15623,0.0016476512
cauldron_ln_24285,0.0015767134
mix_UI_ST_5400_325,0.00043026434
cauldron_ln_28917,0.0016138209
cauldron_ln_29924,0.0014438631
mix_SI_UT_5400_474,0.00043026434
cauldron_ln_925,0.0011737099
mix_SI_UT_5400_490,0.00048576805
cauldron_ln_20811,0.0016360157
cauldron_ln_15907,0.0015896262
cauldron_ln_5986,0.0015596205
mix_SI_UT_5400_1361,0.000431735
mix_SI_UT_5400_1029,0.00044675675
mix_SI_UT_5400_1147,0.000431735
mix_SI_UT_5400_729,0.00043511303
mix_SI_UT_5400_267,0.00042901866
mix_SI_UT_5400_1398,0.0004559198
cauldron_ln_20681,0.0015665555
mix_SI_UT_5400_979,0.000431735
mix_SI_UT_5400_753,0.000431735
cauldron_ln_15815,0.0015031312
cauldron_ln_17140,0.0016028938
mix_SI_UT_5400_303,0.000431735
mix_SI_UT_5400_928,0.000431735
mix_UI_ST_5400_1153,0.0004502523
cauldron_ln_27753,0.0016392993
cauldron_ln_21153,0.0016486525
mix_UI_ST_5400_393,0.00042901866
mix_SI_UT_5400_1190,0.000431735
cauldron_ln_18592,0.0016234731
cauldron_ln_19629,0.0016372653
mix_UI_ST_5400_712,0.000431735
cauldron_ln_5853,0.0014970481
mix_UI_ST_5400_503,0.000431735
mix_UI_ST_5400_1188,0.000431735
cauldron_ln_27931,0.0015421163
cauldron_ln_9883,0.0015625108
mix_UI_ST_5400_718,0.00042755724
mix_UI_ST_5400_1112,0.00043026434
cauldron_ln_21807,0.001631145
mix_SI_UT_5400_1400,0.00042901866
cauldron_ln_18891,0.0016417914
cauldron_ln_26788,0.001461581
mix_SI_UT_5400_578,0.00043755127
mix_UI_ST_5400_1372,0.000431735
mix_SI_UT_5400_631,0.000431735
cauldron_ln_9334,0.001542692
mix_SI_UT_5400_1371,0.00043026434
cauldron_ln_3453,0.0014780097
cauldron_ln_4110,0.0015823797
cauldron_ln_19238,0.0014893564
cauldron_ln_20095,0.0015525426
cauldron_ln_9407,0.0015877669
cauldron_ln_23229,0.0014822213
cauldron_ln_14042,0.0013935189
mix_UI_ST_5400_1123,0.000431735
mix_SI_UT_5400_721,0.00043026434
mix_SI_UT_5400_1189,0.00043026434
cauldron_ln_5979,0.0012915098
cauldron_ln_18314,0.0016486525
cauldron_ln_29373,0.001645119
mix_SI_UT_5400_1322,0.000431735
mix_UI_ST_5400_826,0.00046579613
mix_UI_ST_5400_506,0.000431735
mix_SI_UT_5400_1465,0.00045024458
mix_UI_ST_5400_799,0.000431735
cauldron_ln_1033,0.0013975073
mix_SI_UT_5400_1454,0.00043203388
cauldron_ln_16680,0.0016360157
mix_UI_ST_5400_1158,0.00043026434
mix_UI_ST_5400_111,0.000431735
cauldron_ln_24909,0.0014187247
cauldron_ln_24503,0.0015933978
mix_SI_UT_5400_666,0.000431735
mix_UI_ST_5400_869,0.00043026434
mix_UI_ST_5400_1186,0.000431735
cauldron_ln_23459,0.0015946765
cauldron_ln_10632,0.0015189138
mix_SI_UT_5400_250,0.00045193077
cauldron_ln_7509,0.0014810073
mix_UI_ST_5400_371,0.00043026434
mix_SI_UT_5400_1092,0.00043026434
mix_SI_UT_5400_1286,0.000431735
cauldron_ln_4117,0.0015823797
mix_SI_UT_5400_24,0.00043026434
mix_SI_UT_5400_102,0.00043026434
cauldron_ln_17,0.0012591094
cauldron_ln_26430,0.0015203296
mix_SI_UT_5400_575,0.00044936084
cauldron_ln_13979,0.001631145
mix_SI_UT_5400_774,0.000431735
cauldron_ln_22954,0.0013092584
cauldron_ln_2880,0.0015461391
cauldron_ln_10776,0.00158848
cauldron_ln_16517,0.0014698424
mix_SI_UT_5400_174,0.000431735
cauldron_ln_6622,0.0015754004
mix_UI_ST_5400_389,0.00043026434
mix_SI_UT_5400_926,0.000431735
cauldron_ln_2001,0.0014074328
mix_UI_ST_5400_452,0.00043026434
cauldron_ln_2026,0.0014976785
mix_SI_UT_5400_950,0.0004347983
mix_UI_ST_5400_269,0.00044546337
cauldron_ln_14830,0.0016291513
mix_SI_UT_5400_1367,0.0004389223
mix_SI_UT_5400_239,0.000431735
cauldron_ln_23040,0.0016323903
mix_UI_ST_5400_773,0.000431735
mix_UI_ST_5400_333,0.000431735
mix_UI_ST_5400_342,0.00043026434
mix_UI_ST_5400_745,0.000431735
mix_UI_ST_5400_439,0.00043026434
cauldron_ln_8752,0.0016105591
mix_UI_ST_5400_75,0.000431735
mix_SI_UT_5400_566,0.000431735
mix_UI_ST_5400_522,0.000431735
cauldron_ln_25813,0.001535894
mix_SI_UT_5400_334,0.000431735
cauldron_ln_16716,0.0013761531
mix_UI_ST_5400_411,0.000431735
mix_UI_ST_5400_314,0.000431735
cauldron_ln_16863,0.001663035
cauldron_ln_11245,0.0016118069
cauldron_ln_24618,0.0015286454
cauldron_ln_13684,0.0015263801
mix_SI_UT_5400_976,0.00043026434
cauldron_ln_11231,0.0015826442
mix_UI_ST_5400_946,0.00043026434
cauldron_ln_8563,0.0016244211
mix_UI_ST_5400_86,0.00043026434
mix_SI_UT_5400_264,0.00045722353
cauldron_ln_13845,0.0016097786
mix_SI_UT_5400_583,0.000431735
mix_UI_ST_5400_1064,0.000431735
cauldron_ln_16452,0.0016468435
mix_SI_UT_5400_838,0.000431735
mix_SI_UT_5400_183,0.00043362344
mix_UI_ST_5400_157,0.00043026434
mix_SI_UT_5400_1296,0.00046376124
mix_UI_ST_5400_1163,0.00043026434
mix_SI_UT_5400_1108,0.00043026434
cauldron_ln_14314,0.0015554649
mix_SI_UT_5400_527,0.00043026434
mix_UI_ST_5400_1362,0.000431735
mix_UI_ST_5400_998,0.00046499562
cauldron_ln_16903,0.0016367137
cauldron_ln_29432,0.0014452058
cauldron_ln_29917,0.0016348734
cauldron_ln_13460,0.0016285387
mix_SI_UT_5400_904,0.00042899
cauldron_ln_17684,0.0015553184
cauldron_ln_27781,0.0015335871
mix_SI_UT_5400_203,0.000431735
cauldron_ln_9678,0.0015020987
mix_UI_ST_5400_446,0.000431735
mix_UI_ST_5400_33,0.00043026434
cauldron_ln_766,0.0013718414
cauldron_ln_25560,0.0015857114
mix_SI_UT_5400_661,0.00043026434
cauldron_ln_15846,0.0014526393
cauldron_ln_11095,0.0016395226
mix_UI_ST_5400_1191,0.00043026434
mix_SI_UT_5400_1314,0.00044828374
mix_UI_ST_5400_615,0.000431735
mix_SI_UT_5400_1470,0.000431735
mix_UI_ST_5400_1180,0.00044675675
cauldron_ln_5041,0.0015325389
mix_SI_UT_5400_1237,0.000431735
cauldron_ln_3813,0.0015355846
cauldron_ln_29269,0.0014754583
mix_UI_ST_5400_321,0.0004514148
mix_UI_ST_5400_1463,0.00043026434
cauldron_ln_6549,0.0016047797
cauldron_ln_378,0.001377215
mix_UI_ST_5400_682,0.000431735
mix_SI_UT_5400_1194,0.00045461114
mix_SI_UT_5400_1012,0.000431735
mix_SI_UT_5400_1232,0.00044783019
cauldron_ln_2584,0.0014328723
cauldron_ln_25772,0.0016432998
cauldron_ln_10435,0.0016326327
mix_UI_ST_5400_982,0.00044675675
cauldron_ln_1798,0.0015606195
mix_SI_UT_5400_1043,0.00044621434
cauldron_ln_28090,0.0014678108
cauldron_ln_3973,0.001585824
cauldron_ln_16538,0.0013501362
cauldron_ln_14237,0.0015970075
cauldron_ln_15038,0.0013928614
cauldron_ln_13169,0.001486323
mix_SI_UT_5400_542,0.00043026434
mix_SI_UT_5400_734,0.00043026434
cauldron_ln_29759,0.0015844309
cauldron_ln_6033,0.0015987449
cauldron_ln_9891,0.0015657404
cauldron_ln_26583,0.0016367137
cauldron_ln_23047,0.0012659656
mix_UI_ST_5400_1318,0.000431735
cauldron_ln_19519,0.001627711
cauldron_ln_20677,0.0016367137
mix_SI_UT_5400_1125,0.000431735
mix_SI_UT_5400_369,0.00043026434
cauldron_ln_29278,0.0015637715
cauldron_ln_13801,0.0016432998
mix_SI_UT_5400_706,0.00044675675
mix_UI_ST_5400_1000,0.000431735
mix_UI_ST_5400_721,0.00043026434
cauldron_ln_20615,0.0015396344
mix_SI_UT_5400_458,0.00046142022
mix_UI_ST_5400_794,0.00043755127
mix_SI_UT_5400_1419,0.00043026434
cauldron_ln_1740,0.0015483402
cauldron_ln_9096,0.0015839234
cauldron_ln_24457,0.0016360157
cauldron_ln_15048,0.0016476512
mix_UI_ST_5400_1345,0.000431735
mix_UI_ST_5400_413,0.00046865497
mix_SI_UT_5400_1479,0.00043026434
cauldron_ln_1567,0.0015485192
mix_UI_ST_5400_694,0.00043026434
mix_SI_UT_5400_1254,0.00043026434
cauldron_ln_5806,0.0015223564
cauldron_ln_3373,0.0015858911
cauldron_ln_11356,0.0015524848
cauldron_ln_4588,0.001403175
mix_UI_ST_5400_1436,0.00043026434
cauldron_ln_17179,0.0016304121
mix_UI_ST_5400_1238,0.00046027979
mix_UI_ST_5400_1457,0.000431735
mix_SI_UT_5400_1014,0.000431735
cauldron_ln_878,0.0011390835
cauldron_ln_7376,0.0015479252
cauldron_ln_19850,0.0016288876
mix_SI_UT_5400_619,0.000431735
cauldron_ln_27085,0.001645119
cauldron_ln_18818,0.0016425562
cauldron_ln_21664,0.0016369676
mix_SI_UT_5400_139,0.00043026434
mix_UI_ST_5400_462,0.000431735
cauldron_ln_12636,0.0016145878
mix_SI_UT_5400_837,0.00043793677
cauldron_ln_6348,0.001561046
mix_UI_ST_5400_202,0.0004746153
mix_UI_ST_5400_1086,0.000431735
cauldron_ln_25152,0.0015500454
mix_SI_UT_5400_993,0.00043026434
mix_UI_ST_5400_1130,0.000431735
cauldron_ln_3984,0.0015440462
cauldron_ln_21400,0.0016230351
cauldron_ln_7605,0.001574805
cauldron_ln_23746,0.0016227716
cauldron_ln_11274,0.0014820519
mix_UI_ST_5400_561,0.00043026434
cauldron_ln_3589,0.0014357597
mix_SI_UT_5400_869,0.00043026434
cauldron_ln_4405,0.0015699294
mix_UI_ST_5400_609,0.00043026434
cauldron_ln_7489,0.0014288204
cauldron_ln_4448,0.0014321738
mix_SI_UT_5400_153,0.000431735
mix_SI_UT_5400_1155,0.00043026434
cauldron_ln_4788,0.0015279658
mix_UI_ST_5400_362,0.00045586916
cauldron_ln_4210,0.0013049279
mix_SI_UT_5400_858,0.00043026434
cauldron_ln_21458,0.0016372653
cauldron_ln_14494,0.0016372653
mix_SI_UT_5400_808,0.00043026434
cauldron_ln_7597,0.0015875862
cauldron_ln_24788,0.0016486525
mix_UI_ST_5400_1292,0.000431735
mix_UI_ST_5400_1395,0.00043026434
mix_UI_ST_5400_647,0.000431735
cauldron_ln_11680,0.0015592552
mix_SI_UT_5400_104,0.000431735
mix_SI_UT_5400_423,0.00044783019
cauldron_ln_10967,0.0016346417
cauldron_ln_370,0.0012589392
mix_SI_UT_5400_1430,0.000431735
mix_UI_ST_5400_930,0.000431735
mix_SI_UT_5400_138,0.000431735
mix_UI_ST_5400_1470,0.000431735
mix_UI_ST_5400_339,0.00043026434
mix_UI_ST_5400_1343,0.000431735
cauldron_ln_27968,0.001366872
mix_UI_ST_5400_690,0.000431735
mix_SI_UT_5400_1341,0.000431735
mix_UI_ST_5400_1023,0.000431735
mix_UI_ST_5400_445,0.00044147254
cauldron_ln_18874,0.0014422965
cauldron_ln_12653,0.0014818995
mix_UI_ST_5400_932,0.000431735
mix_SI_UT_5400_1475,0.00043026434
cauldron_ln_9264,0.0015154494
cauldron_ln_18917,0.0016500321
mix_SI_UT_5400_296,0.00043996872
mix_UI_ST_5400_894,0.000431735
cauldron_ln_17043,0.0014224104
cauldron_ln_4316,0.0015595062
mix_SI_UT_5400_1292,0.00047887204
mix_UI_ST_5400_1461,0.00044783019
cauldron_ln_12090,0.0014869806
mix_SI_UT_5400_970,0.000431735
cauldron_ln_11756,0.0016367137
cauldron_ln_24931,0.0015201068
mix_SI_UT_5400_86,0.00043026434
cauldron_ln_1229,0.0012942583
cauldron_ln_2777,0.0014380737
cauldron_ln_23643,0.0014455003
cauldron_ln_5672,0.0015910397
mix_UI_ST_5400_414,0.000431735
mix_SI_UT_5400_559,0.000431735
mix_UI_ST_5400_901,0.00043026434
cauldron_ln_15411,0.0015918534
cauldron_ln_7164,0.0015799874
cauldron_ln_14722,0.0016087076
mix_SI_UT_5400_1234,0.000431735
cauldron_ln_19405,0.0015814368
cauldron_ln_18743,0.0015172622
cauldron_ln_15670,0.001577821
cauldron_ln_9942,0.0015841163
cauldron_ln_16362,0.0016152983
cauldron_ln_29872,0.001631145
cauldron_ln_8437,0.0015741881
mix_SI_UT_5400_382,0.000431735
cauldron_ln_25854,0.0015875372
mix_UI_ST_5400_374,0.00043679567
mix_UI_ST_5400_921,0.00048215798
cauldron_ln_22652,0.0016474607
cauldron_ln_18215,0.0015860316
mix_SI_UT_5400_1362,0.000431735
mix_UI_ST_5400_219,0.000431735
mix_SI_UT_5400_1433,0.000431735
mix_UI_ST_5400_319,0.00043026434
mix_SI_UT_5400_97,0.00043026434
mix_SI_UT_5400_802,0.000431735
cauldron_ln_17334,0.0016367137
mix_UI_ST_5400_1007,0.00043026434
cauldron_ln_9911,0.0016216835
mix_SI_UT_5400_52,0.00044783019
cauldron_ln_9157,0.0015796317
cauldron_ln_7487,0.0015132049
cauldron_ln_7852,0.0014782104
mix_SI_UT_5400_1357,0.00043755127
mix_SI_UT_5400_189,0.00044675675
mix_SI_UT_5400_316,0.000431735
mix_SI_UT_5400_702,0.000431735
cauldron_ln_3676,0.0015726337
cauldron_ln_14951,0.0016068629
cauldron_ln_3211,0.0015726337
mix_SI_UT_5400_513,0.00044387928
cauldron_ln_3063,0.0013186057
mix_SI_UT_5400_248,0.00044675675
cauldron_ln_15505,0.0014491569
cauldron_ln_11182,0.0013613156
cauldron_ln_3677,0.0015554337
mix_SI_UT_5400_1346,0.00044147254
cauldron_ln_17074,0.0014737949
cauldron_ln_19091,0.0015639882
mix_UI_ST_5400_1254,0.00043026434
mix_SI_UT_5400_678,0.000431735
cauldron_ln_26099,0.0016416007
mix_UI_ST_5400_1393,0.00043026434
mix_SI_UT_5400_164,0.00043026434
mix_SI_UT_5400_581,0.00043026434
cauldron_ln_20676,0.0016055914
mix_SI_UT_5400_1042,0.0004390893
mix_SI_UT_5400_475,0.000431735
mix_SI_UT_5400_357,0.000431735
cauldron_ln_2246,0.0015314346
mix_UI_ST_5400_1016,0.00043026434
cauldron_ln_16589,0.0014392327
cauldron_ln_17379,0.0016057128
mix_SI_UT_5400_129,0.000431735
mix_UI_ST_5400_923,0.000431735
cauldron_ln_17710,0.0014877078
mix_UI_ST_5400_648,0.00046742609
mix_UI_ST_5400_555,0.000431735
cauldron_ln_26682,0.001631145
cauldron_ln_16763,0.0014935611
cauldron_ln_28034,0.0016416007
cauldron_ln_23349,0.0016545375
cauldron_ln_14415,0.0015934403
mix_SI_UT_5400_1472,0.00043362344
mix_UI_ST_5400_300,0.00049115764
mix_SI_UT_5400_124,0.000431735
mix_UI_ST_5400_1409,0.00043026434
mix_UI_ST_5400_1013,0.00044828374
cauldron_ln_18111,0.0016367137
mix_SI_UT_5400_1306,0.00043679567
cauldron_ln_4359,0.0014832364
mix_SI_UT_5400_50,0.00043026434
mix_SI_UT_5400_323,0.00043026434
cauldron_ln_18951,0.0016486525
cauldron_ln_860,0.001177464
mix_SI_UT_5400_1085,0.00043026434
mix_UI_ST_5400_1363,0.000431735
mix_SI_UT_5400_502,0.000431735
mix_UI_ST_5400_770,0.00043026434
cauldron_ln_13636,0.0012245476
mix_UI_ST_5400_994,0.00046648044
cauldron_ln_14504,0.0016372653
mix_SI_UT_5400_573,0.000431735
mix_SI_UT_5400_845,0.000431735
cauldron_ln_23336,0.0016248225
cauldron_ln_10507,0.0014582624
mix_SI_UT_5400_349,0.00043026434
mix_SI_UT_5400_1056,0.00043026434
cauldron_ln_7437,0.0015665949
cauldron_ln_13007,0.0015766324
cauldron_ln_11676,0.0015778976
mix_UI_ST_5400_1427,0.000431735
cauldron_ln_15198,0.0016360157
cauldron_ln_6053,0.0014608928
mix_SI_UT_5400_568,0.000431735
cauldron_ln_14774,0.0016010939
cauldron_ln_421,0.0011020898
cauldron_ln_6210,0.0014769722
cauldron_ln_13819,0.0012674556
mix_SI_UT_5400_210,0.000431735
cauldron_ln_9651,0.001337145
cauldron_ln_16083,0.0016420454
cauldron_ln_15536,0.0016159398
mix_UI_ST_5400_747,0.00043026434
cauldron_ln_21235,0.0016545375
mix_SI_UT_5400_194,0.000431735
cauldron_ln_15802,0.0016170925
mix_UI_ST_5400_1429,0.000431735
mix_SI_UT_5400_886,0.00043026434
mix_SI_UT_5400_127,0.00043755127
cauldron_ln_19596,0.0015626001
mix_SI_UT_5400_402,0.000431735
cauldron_ln_18022,0.0015455002
mix_SI_UT_5400_1457,0.000431735
mix_SI_UT_5400_1199,0.00045436682
cauldron_ln_11442,0.0015828273
mix_SI_UT_5400_178,0.00043026434
mix_UI_ST_5400_864,0.000431735
mix_SI_UT_5400_241,0.0004746153
mix_UI_ST_5400_277,0.00043026434
mix_SI_UT_5400_860,0.000431735
mix_UI_ST_5400_973,0.00044675675
cauldron_ln_6867,0.0015065847
mix_UI_ST_5400_758,0.00043026434
cauldron_ln_17831,0.0016323903
mix_SI_UT_5400_1269,0.00043026434
cauldron_ln_14522,0.0014699552
cauldron_ln_6223,0.0015280888
cauldron_ln_24821,0.0015926136
cauldron_ln_17435,0.0016348369
mix_SI_UT_5400_1110,0.00043026434
mix_UI_ST_5400_1142,0.00043026434
cauldron_ln_5819,0.0015311912
cauldron_ln_4761,0.0012895874
cauldron_ln_27023,0.0016474607
mix_UI_ST_5400_623,0.000431735
cauldron_ln_9369,0.0015975587
mix_UI_ST_5400_551,0.000431735
cauldron_ln_24753,0.0015817697
cauldron_ln_21612,0.0015527465
cauldron_ln_8713,0.001544441
mix_SI_UT_5400_186,0.000431735
cauldron_ln_2877,0.0015110472
mix_UI_ST_5400_788,0.00044783019
mix_UI_ST_5400_1214,0.000431735
cauldron_ln_29736,0.0016022392
cauldron_ln_26010,0.0016176801
mix_UI_ST_5400_1162,0.00044097478
mix_SI_UT_5400_905,0.000431735
cauldron_ln_177,0.0012903265
mix_UI_ST_5400_147,0.00043026434
mix_UI_ST_5400_146,0.000431735
mix_UI_ST_5400_384,0.000431735
mix_UI_ST_5400_862,0.00043026434
cauldron_ln_19632,0.0013683165
mix_UI_ST_5400_1488,0.000431735
mix_UI_ST_5400_584,0.000431735
cauldron_ln_3883,0.0015632453
mix_UI_ST_5400_295,0.00043026434
mix_SI_UT_5400_1434,0.000431735
cauldron_ln_6698,0.0015389257
cauldron_ln_16987,0.0016476512
cauldron_ln_4539,0.0015197665
mix_UI_ST_5400_835,0.000431735
cauldron_ln_12698,0.0015106632
cauldron_ln_23389,0.0013866106
mix_UI_ST_5400_450,0.000431735
cauldron_ln_12902,0.0014842481
cauldron_ln_13564,0.0016476512
mix_UI_ST_5400_880,0.00043026434
mix_SI_UT_5400_1191,0.00043026434
mix_SI_UT_5400_522,0.00043026434
mix_UI_ST_5400_468,0.00043026434
cauldron_ln_4153,0.001593451
mix_SI_UT_5400_142,0.000431735
mix_UI_ST_5400_1079,0.00043755127
mix_SI_UT_5400_918,0.000431735
mix_SI_UT_5400_294,0.00043026434
mix_UI_ST_5400_889,0.00044675675
cauldron_ln_20366,0.001620954
cauldron_ln_26793,0.001528617
cauldron_ln_19239,0.001502423
mix_UI_ST_5400_434,0.000431735
mix_SI_UT_5400_997,0.000431735
mix_SI_UT_5400_206,0.000431735
mix_UI_ST_5400_163,0.00043026434
cauldron_ln_6069,0.0015793203
mix_UI_ST_5400_1154,0.000431735
cauldron_ln_16888,0.0014884411
cauldron_ln_17608,0.0014475335
cauldron_ln_11615,0.0015422733
cauldron_ln_8564,0.0014394418
mix_UI_ST_5400_743,0.00044096718
cauldron_ln_16933,0.0016369676
cauldron_ln_16783,0.0016244296
mix_UI_ST_5400_620,0.000431735
mix_SI_UT_5400_906,0.00043026434
mix_SI_UT_5400_600,0.000431735
cauldron_ln_18123,0.0016227817
mix_SI_UT_5400_963,0.00043755127
mix_UI_ST_5400_681,0.000431735
cauldron_ln_16186,0.0014097213
mix_SI_UT_5400_9,0.0004186027
mix_UI_ST_5400_1218,0.00044828374
mix_UI_ST_5400_740,0.00042755724
mix_UI_ST_5400_428,0.000431735
cauldron_ln_20311,0.0016185897
mix_SI_UT_5400_610,0.000431735
cauldron_ln_13634,0.0016175129
mix_UI_ST_5400_406,0.00042901866
mix_SI_UT_5400_829,0.000431735
cauldron_ln_16070,0.0016360157
mix_UI_ST_5400_870,0.000431735
mix_SI_UT_5400_1328,0.00046499562
mix_UI_ST_5400_216,0.00044675675
cauldron_ln_8369,0.0015453788
mix_SI_UT_5400_612,0.00044675675
mix_UI_ST_5400_1047,0.000431735
mix_SI_UT_5400_1469,0.000431735
cauldron_ln_27013,0.0016278451
mix_SI_UT_5400_833,0.00043026434
cauldron_ln_21736,0.0015585241
mix_UI_ST_5400_667,0.000431735
mix_UI_ST_5400_410,0.00045011815
cauldron_ln_20031,0.0013307717
cauldron_ln_7481,0.0015525069
mix_UI_ST_5400_320,0.000431735
mix_UI_ST_5400_814,0.00043026434
mix_UI_ST_5400_513,0.00043026434
mix_UI_ST_5400_1029,0.00043026434
mix_SI_UT_5400_1089,0.000431735
mix_SI_UT_5400_1464,0.000431735
cauldron_ln_15914,0.0016418556
cauldron_ln_22809,0.0016451511
cauldron_ln_8604,0.0014487905
mix_UI_ST_5400_375,0.000431735
cauldron_ln_9296,0.0014969249
mix_SI_UT_5400_1035,0.000431735
cauldron_ln_9555,0.0016001483
mix_UI_ST_5400_1497,0.00055887585
cauldron_ln_14040,0.001650288
cauldron_ln_16431,0.0014252851
mix_SI_UT_5400_500,0.000431735
cauldron_ln_26292,0.0016476512
mix_SI_UT_5400_283,0.00043026434
mix_SI_UT_5400_1431,0.000431735
mix_UI_ST_5400_1,0.00040659442
mix_SI_UT_5400_1353,0.00043026434
cauldron_ln_1981,0.0015630546
mix_UI_ST_5400_210,0.0004363529
cauldron_ln_13884,0.0015699085
mix_UI_ST_5400_292,0.00043026434
mix_SI_UT_5400_644,0.000431735
cauldron_ln_29798,0.0015260872
mix_UI_ST_5400_1114,0.00043026434
mix_SI_UT_5400_328,0.00044675675
mix_UI_ST_5400_97,0.00043026434
mix_SI_UT_5400_1307,0.000431735
cauldron_ln_18108,0.001485068
mix_SI_UT_5400_117,0.000431735
cauldron_ln_17470,0.0016347023
cauldron_ln_28348,0.0015816905
cauldron_ln_18947,0.0015940632
mix_UI_ST_5400_657,0.000431735
mix_SI_UT_5400_530,0.00043026434
cauldron_ln_3785,0.0014932326
mix_UI_ST_5400_708,0.000431735
mix_SI_UT_5400_781,0.00043026434
cauldron_ln_13700,0.0015734485
cauldron_ln_25001,0.0015736665
cauldron_ln_19817,0.0016465315
cauldron_ln_14818,0.0015444108
cauldron_ln_21228,0.0015420311
mix_UI_ST_5400_1414,0.00046460194
cauldron_ln_19274,0.0016367137
cauldron_ln_6825,0.0015107185
cauldron_ln_7736,0.0015623904
mix_UI_ST_5400_1257,0.000431735
mix_UI_ST_5400_415,0.00043362344
mix_SI_UT_5400_1193,0.00043026434
mix_UI_ST_5400_14,0.000431735
cauldron_ln_1790,0.0013716612
cauldron_ln_12661,0.0015393039
cauldron_ln_13082,0.0015770136
cauldron_ln_9158,0.0015632102
mix_UI_ST_5400_1300,0.00043026434
mix_SI_UT_5400_984,0.000431735
mix_SI_UT_5400_3,0.0004186027
cauldron_ln_2197,0.0013429443
mix_UI_ST_5400_979,0.000431735
mix_UI_ST_5400_72,0.000431735
mix_SI_UT_5400_488,0.000431735
mix_UI_ST_5400_324,0.000431735
mix_UI_ST_5400_1205,0.000431735
cauldron_ln_13474,0.0016372653
mix_SI_UT_5400_54,0.00046737125
mix_UI_ST_5400_716,0.00043026434
cauldron_ln_15320,0.0015783191
cauldron_ln_15549,0.0016360157
mix_UI_ST_5400_1103,0.00043026434
cauldron_ln_19448,0.0016152052
cauldron_ln_26571,0.0015983566
cauldron_ln_29873,0.0016367137
cauldron_ln_16916,0.0015486106
cauldron_ln_12019,0.001645119
cauldron_ln_22928,0.0016473023
cauldron_ln_7249,0.0013541585
mix_UI_ST_5400_719,0.000431735
cauldron_ln_2077,0.00155096
cauldron_ln_19851,0.0016089068
mix_SI_UT_5400_27,0.000431735
mix_SI_UT_5400_921,0.00043026434
mix_SI_UT_5400_1445,0.000431735
cauldron_ln_9940,0.0015098031
cauldron_ln_29999,0.0015226775
cauldron_ln_15196,0.001568976
cauldron_ln_5789,0.0015644588
cauldron_ln_26432,0.001636903
cauldron_ln_7644,0.0015520828
mix_SI_UT_5400_1310,0.000431735
mix_SI_UT_5400_41,0.000431735
cauldron_ln_5555,0.001564604
cauldron_ln_21874,0.0014587645
mix_SI_UT_5400_313,0.00043026434
cauldron_ln_20892,0.0015501243
mix_SI_UT_5400_409,0.00044042253
mix_UI_ST_5400_1278,0.000431735
mix_UI_ST_5400_1394,0.00043026434
cauldron_ln_12561,0.0016090155
mix_SI_UT_5400_949,0.000431735
mix_SI_UT_5400_1132,0.000431735
cauldron_ln_26644,0.0016420454
cauldron_ln_8565,0.0014923
cauldron_ln_14144,0.0015285275
mix_SI_UT_5400_481,0.000431735
cauldron_ln_6571,0.0015666591
cauldron_ln_13804,0.0015345162
mix_SI_UT_5400_1128,0.00043026434
mix_SI_UT_5400_179,0.00043026434
cauldron_ln_15164,0.0015251174
cauldron_ln_27863,0.0016571198
cauldron_ln_404,0.0011157034
mix_SI_UT_5400_546,0.00046031622
mix_UI_ST_5400_224,0.000431735
cauldron_ln_28033,0.001627271
cauldron_ln_16488,0.0016368157
cauldron_ln_28640,0.001490972
cauldron_ln_25499,0.0016418556
mix_UI_ST_5400_680,0.000431735
cauldron_ln_2780,0.0015683591
mix_UI_ST_5400_307,0.00043755127
cauldron_ln_28054,0.0015058948
cauldron_ln_23972,0.0013790408
cauldron_ln_23194,0.0016242138
mix_SI_UT_5400_1084,0.000431735
mix_SI_UT_5400_705,0.00046008194
mix_UI_ST_5400_1321,0.000431735
cauldron_ln_10760,0.0015094639
cauldron_ln_10917,0.0015691597
cauldron_ln_14306,0.0014874876
cauldron_ln_1329,0.0011115136
cauldron_ln_17719,0.0014225602
cauldron_ln_4393,0.0014551572
mix_SI_UT_5400_1244,0.000431735
cauldron_ln_29431,0.0016105084
mix_SI_UT_5400_662,0.00043518146
mix_UI_ST_5400_678,0.00043755127
mix_UI_ST_5400_1473,0.00043026434
cauldron_ln_11681,0.001645119
mix_UI_ST_5400_420,0.000431735
mix_UI_ST_5400_373,0.000431735
cauldron_ln_16984,0.0015134997
cauldron_ln_24697,0.0015962936
cauldron_ln_19256,0.001454148
cauldron_ln_9960,0.0015738732
mix_SI_UT_5400_1220,0.000431735
mix_UI_ST_5400_533,0.00043026434
cauldron_ln_13809,0.0015037891
cauldron_ln_19660,0.0015341575
mix_UI_ST_5400_1216,0.00043026434
mix_UI_ST_5400_872,0.00043026434
mix_UI_ST_5400_1082,0.00044097478
mix_UI_ST_5400_1046,0.0004736319
mix_SI_UT_5400_1114,0.000431735
cauldron_ln_2829,0.0014120768
mix_UI_ST_5400_1176,0.00043026434
cauldron_ln_2053,0.0015429901
mix_SI_UT_5400_1499,0.00056177046
cauldron_ln_24293,0.0015948063
cauldron_ln_17144,0.0016418556
cauldron_ln_8179,0.0015154617
mix_SI_UT_5400_157,0.00042901866
mix_UI_ST_5400_489,0.00044675675
cauldron_ln_23246,0.001645119
mix_UI_ST_5400_1173,0.000431735
mix_SI_UT_5400_299,0.000431735
cauldron_ln_8985,0.0015829373
cauldron_ln_6677,0.001547884
cauldron_ln_5292,0.0011891508
mix_UI_ST_5400_236,0.000431735
mix_UI_ST_5400_267,0.000431735
mix_UI_ST_5400_821,0.000431735
cauldron_ln_17652,0.0015912736
mix_SI_UT_5400_225,0.000431735
cauldron_ln_18855,0.0016486525
mix_SI_UT_5400_1268,0.00043026434
mix_SI_UT_5400_821,0.00046485467
cauldron_ln_8107,0.001511261
mix_UI_ST_5400_1134,0.00043026434
cauldron_ln_27277,0.0015692875
cauldron_ln_26657,0.0016416007
cauldron_ln_29048,0.0014963455
cauldron_ln_29641,0.0016273212
mix_UI_ST_5400_110,0.000431735
cauldron_ln_23096,0.0016136082
mix_SI_UT_5400_132,0.00043026434
mix_UI_ST_5400_1105,0.00043985233
cauldron_ln_27854,0.0014730863
cauldron_ln_3099,0.0014723942
cauldron_ln_8470,0.0015967261
cauldron_ln_29646,0.0016418556
mix_UI_ST_5400_989,0.000431735
cauldron_ln_10382,0.0016263904
mix_UI_ST_5400_364,0.000431735
cauldron_ln_17765,0.0013500262
cauldron_ln_19154,0.001650288
cauldron_ln_11852,0.0015306015
mix_UI_ST_5400_79,0.000431735
cauldron_ln_11481,0.0016476512
cauldron_ln_12863,0.0016323903
mix_UI_ST_5400_1253,0.00045759237
cauldron_ln_26204,0.0016474607
cauldron_ln_6788,0.0015828334
mix_SI_UT_5400_627,0.00043644503
cauldron_ln_10924,0.001533022
cauldron_ln_13648,0.0016360157
cauldron_ln_24598,0.0014712134
cauldron_ln_20014,0.0016430432
mix_SI_UT_5400_737,0.00043026434
mix_UI_ST_5400_839,0.00043026434
mix_SI_UT_5400_482,0.00043755127
cauldron_ln_18323,0.0013900574
cauldron_ln_9762,0.0016150668
mix_SI_UT_5400_236,0.000431735
cauldron_ln_22583,0.0015222033
mix_SI_UT_5400_1391,0.00043026434
mix_UI_ST_5400_1070,0.000431735
cauldron_ln_1782,0.001528965
mix_UI_ST_5400_1344,0.000431735
cauldron_ln_17611,0.0016134614
cauldron_ln_16644,0.0016416007
mix_UI_ST_5400_203,0.000431735
mix_SI_UT_5400_784,0.00043026434
mix_UI_ST_5400_26,0.000431735
mix_UI_ST_5400_130,0.00043026434
mix_SI_UT_5400_1121,0.000431735
mix_SI_UT_5400_152,0.000431735
cauldron_ln_26466,0.0016242377
mix_SI_UT_5400_81,0.00043026434
cauldron_ln_26596,0.0015770136
cauldron_ln_11921,0.0015530429
mix_UI_ST_5400_370,0.00043026434
mix_UI_ST_5400_892,0.000431735
cauldron_ln_26434,0.0015984998
mix_UI_ST_5400_702,0.000431735
mix_SI_UT_5400_1453,0.00043026434
cauldron_ln_28653,0.0016057128
cauldron_ln_17423,0.0016163805
cauldron_ln_8782,0.0015454642
mix_UI_ST_5400_199,0.00043644503
cauldron_ln_13080,0.0016168153
cauldron_ln_8145,0.0015881025
mix_UI_ST_5400_1443,0.000431735
mix_SI_UT_5400_49,0.000431735
cauldron_ln_6012,0.0014827704
cauldron_ln_19709,0.0015415356
cauldron_ln_21574,0.001657377
mix_SI_UT_5400_1334,0.0004363529
cauldron_ln_23446,0.0016416007
cauldron_ln_2872,0.0014466763
mix_UI_ST_5400_674,0.00043026434
cauldron_ln_6406,0.0015958925
cauldron_ln_4547,0.0015765686
mix_SI_UT_5400_645,0.000431735
cauldron_ln_11633,0.0016170511
mix_UI_ST_5400_1402,0.000431735
cauldron_ln_19308,0.0015775649
mix_SI_UT_5400_404,0.00043026434
mix_UI_ST_5400_207,0.00044675675
cauldron_ln_20103,0.0015195973
mix_UI_ST_5400_419,0.000431735
cauldron_ln_3654,0.0015322377
mix_UI_ST_5400_781,0.00043026434
mix_SI_UT_5400_563,0.00043026434
cauldron_ln_2740,0.0014982988
mix_SI_UT_5400_1091,0.000431735
cauldron_ln_6341,0.0015293122
mix_UI_ST_5400_372,0.000431735
cauldron_ln_2979,0.001517359
mix_SI_UT_5400_1210,0.00044783019
cauldron_ln_28560,0.0016404181
mix_UI_ST_5400_619,0.000431735
cauldron_ln_27840,0.0016255807
cauldron_ln_23782,0.0015064484
cauldron_ln_2910,0.0015549739
cauldron_ln_11028,0.00160888
mix_UI_ST_5400_1389,0.000431735
cauldron_ln_18802,0.0015892545
cauldron_ln_23051,0.0016476512
cauldron_ln_7951,0.0014285517
cauldron_ln_28881,0.0016369676
cauldron_ln_10666,0.0014409635
mix_UI_ST_5400_137,0.00044097478
mix_SI_UT_5400_852,0.000431735
cauldron_ln_16855,0.0016035769
cauldron_ln_10076,0.0016105697
cauldron_ln_3816,0.0015651062
cauldron_ln_2040,0.0015597927
mix_UI_ST_5400_1464,0.000431735
cauldron_ln_28430,0.0015810387
mix_SI_UT_5400_902,0.00043026434
cauldron_ln_1260,0.001407134
mix_SI_UT_5400_603,0.00046460194
cauldron_ln_5279,0.0015528235
mix_UI_ST_5400_851,0.000431735
cauldron_ln_7591,0.0016011549
mix_UI_ST_5400_621,0.000431735
cauldron_ln_27983,0.0016038669
mix_UI_ST_5400_1400,0.000431735
cauldron_ln_5637,0.0015851967
mix_SI_UT_5400_453,0.00043026434
cauldron_ln_14175,0.0016372653
mix_SI_UT_5400_169,0.00044135578
cauldron_ln_21850,0.0015236572
mix_UI_ST_5400_1476,0.000431735
mix_UI_ST_5400_1050,0.000431735
cauldron_ln_1979,0.00157414
mix_UI_ST_5400_507,0.00043026434
mix_UI_ST_5400_800,0.00042901866
cauldron_ln_11318,0.001645119
cauldron_ln_22285,0.001627711
cauldron_ln_11152,0.0015520384
mix_UI_ST_5400_547,0.000431735
cauldron_ln_2496,0.0015344614
cauldron_ln_5623,0.0015030775
mix_UI_ST_5400_517,0.00043026434
cauldron_ln_27486,0.0015715394
mix_SI_UT_5400_1416,0.000431735
cauldron_ln_11789,0.0015787039
cauldron_ln_23326,0.0016023986
cauldron_ln_11838,0.0015481971
cauldron_ln_29771,0.0016334024
cauldron_ln_13953,0.0016108389
cauldron_ln_20633,0.0014618476
mix_UI_ST_5400_1295,0.000431735
cauldron_ln_10213,0.0016348952
cauldron_ln_1689,0.0015039708
cauldron_ln_11123,0.0014027267
cauldron_ln_29523,0.0015299298
mix_UI_ST_5400_704,0.00043026434
cauldron_ln_13903,0.0015116279
cauldron_ln_3041,0.0015685405
cauldron_ln_10998,0.0016225668
cauldron_ln_1872,0.0014910131
cauldron_ln_21548,0.0015808458
mix_SI_UT_5400_735,0.00043026434
cauldron_ln_6732,0.0015957406
cauldron_ln_11141,0.0016177023
cauldron_ln_9267,0.0015474227
mix_SI_UT_5400_1019,0.000431735
cauldron_ln_13584,0.0016213383
cauldron_ln_22692,0.0016547289
mix_SI_UT_5400_1053,0.000431735
cauldron_ln_13337,0.0015734875
mix_SI_UT_5400_1420,0.000431735
cauldron_ln_484,0.001271212
cauldron_ln_5365,0.0014663042
cauldron_ln_1491,0.0014194408
mix_UI_ST_5400_520,0.00043026434
mix_SI_UT_5400_743,0.000431735
cauldron_ln_9258,0.0013837913
mix_SI_UT_5400_1007,0.000431735
cauldron_ln_5068,0.0014496048
mix_UI_ST_5400_455,0.000431735
cauldron_ln_12465,0.0015154695
mix_UI_ST_5400_107,0.00043026434
mix_SI_UT_5400_882,0.00044034488
cauldron_ln_16967,0.0015630019
mix_UI_ST_5400_87,0.00043759338
mix_UI_ST_5400_548,0.000431735
mix_SI_UT_5400_198,0.00043026434
mix_UI_ST_5400_564,0.00043026434
mix_SI_UT_5400_28,0.000431735
mix_SI_UT_5400_1102,0.000431735
mix_UI_ST_5400_970,0.000431735
mix_UI_ST_5400_585,0.0004577595
mix_UI_ST_5400_913,0.00043026434
mix_UI_ST_5400_175,0.000431735
cauldron_ln_26401,0.0016367137
cauldron_ln_28161,0.001650288
mix_UI_ST_5400_1377,0.00043026434
mix_UI_ST_5400_341,0.000431735
mix_UI_ST_5400_1392,0.000431735
cauldron_ln_9207,0.0015429968
mix_SI_UT_5400_611,0.00043755127
mix_SI_UT_5400_731,0.00043026434
mix_UI_ST_5400_824,0.000431735
cauldron_ln_25254,0.0016416007
cauldron_ln_13600,0.0015741055
cauldron_ln_26891,0.0016127141
cauldron_ln_10523,0.0016346417
cauldron_ln_12106,0.0016547289
mix_UI_ST_5400_0,0.00040659442
mix_UI_ST_5400_950,0.00043203388
cauldron_ln_14467,0.0016547289
cauldron_ln_6405,0.001558211
mix_SI_UT_5400_593,0.000431735
cauldron_ln_6650,0.0015070869
cauldron_ln_22637,0.001585294
mix_SI_UT_5400_1047,0.00043026434
cauldron_ln_6415,0.0015822734
cauldron_ln_7318,0.0015195481
cauldron_ln_22781,0.0015590094
mix_SI_UT_5400_1024,0.00043363086
mix_UI_ST_5400_1091,0.000431735
mix_UI_ST_5400_502,0.000431735
mix_UI_ST_5400_90,0.000431735
cauldron_ln_20857,0.0014941016
mix_SI_UT_5400_597,0.00043026434
cauldron_ln_8259,0.0014939685
cauldron_ln_9356,0.0015046012
cauldron_ln_19336,0.0016367137
cauldron_ln_20463,0.0015685457
cauldron_ln_16227,0.0015658947
mix_SI_UT_5400_384,0.00045030421
cauldron_ln_20135,0.0016372653
cauldron_ln_26495,0.0016360157
cauldron_ln_5325,0.0015569816
mix_UI_ST_5400_1149,0.000431735
cauldron_ln_22270,0.0015770136
cauldron_ln_17453,0.0016418556
cauldron_ln_1281,0.0011931406
cauldron_ln_2774,0.0015256513
mix_SI_UT_5400_771,0.000431735
mix_UI_ST_5400_162,0.000431735
cauldron_ln_10441,0.0016348952
cauldron_ln_15689,0.0015422786
cauldron_ln_19565,0.001645119
cauldron_ln_20329,0.0016367137
cauldron_ln_17860,0.0014747776
cauldron_ln_3512,0.0014584276
mix_UI_ST_5400_1085,0.00047750282
mix_SI_UT_5400_1339,0.000431735
mix_SI_UT_5400_1135,0.00046737125
cauldron_ln_11032,0.0015260916
mix_UI_ST_5400_494,0.000431735
cauldron_ln_26370,0.0014628829
mix_SI_UT_5400_327,0.00043026434
mix_SI_UT_5400_1208,0.000431735
cauldron_ln_9468,0.0016172897
mix_UI_ST_5400_296,0.00043026434
mix_UI_ST_5400_706,0.00043026434
mix_SI_UT_5400_785,0.000431735
cauldron_ln_3780,0.0015927032
mix_UI_ST_5400_1390,0.00043026434
mix_SI_UT_5400_1229,0.000431735
mix_SI_UT_5400_1483,0.00044675675
mix_UI_ST_5400_948,0.00043026434
cauldron_ln_1666,0.0014315124
mix_SI_UT_5400_457,0.00046188955
cauldron_ln_16721,0.0015075253
mix_UI_ST_5400_70,0.00043026434
mix_UI_ST_5400_912,0.00043026434
mix_UI_ST_5400_841,0.00042901866
mix_SI_UT_5400_449,0.00043026434
mix_SI_UT_5400_421,0.00042901866
cauldron_ln_15389,0.0016298464
cauldron_ln_7316,0.0014884142
mix_UI_ST_5400_1028,0.00043026434
mix_SI_UT_5400_309,0.00045759237
mix_SI_UT_5400_231,0.000431735
cauldron_ln_27417,0.001623396
mix_UI_ST_5400_336,0.00043026434
mix_SI_UT_5400_219,0.000431735
mix_UI_ST_5400_1258,0.00043026434
cauldron_ln_4723,0.0015784499
mix_SI_UT_5400_895,0.00043755127
mix_SI_UT_5400_1055,0.000431735
cauldron_ln_26520,0.0016278451
mix_UI_ST_5400_775,0.000431735
mix_UI_ST_5400_121,0.000431735
mix_SI_UT_5400_866,0.00043026434
mix_SI_UT_5400_1211,0.00044828374
cauldron_ln_17134,0.0016223437
mix_SI_UT_5400_1127,0.000431735
mix_UI_ST_5400_1350,0.000431735
cauldron_ln_24520,0.0015766872
cauldron_ln_8373,0.0015191206
cauldron_ln_15240,0.0015751071
mix_SI_UT_5400_623,0.00043755127
cauldron_ln_14417,0.001645119
cauldron_ln_7665,0.0015665949
mix_UI_ST_5400_1445,0.000431735
cauldron_ln_17054,0.0015339515
mix_UI_ST_5400_746,0.000431735
mix_UI_ST_5400_557,0.00043026434
cauldron_ln_2381,0.0015485192
cauldron_ln_7346,0.0015476672
mix_SI_UT_5400_411,0.00043755127
mix_SI_UT_5400_1051,0.000431735
cauldron_ln_20476,0.0016278451
cauldron_ln_8736,0.001582013
mix_UI_ST_5400_550,0.00043026434
mix_SI_UT_5400_1181,0.00043026434
mix_SI_UT_5400_320,0.0004340475
cauldron_ln_8669,0.0015428888
cauldron_ln_21852,0.001419176
mix_SI_UT_5400_422,0.0004685721
cauldron_ln_22000,0.0016362423
mix_UI_ST_5400_771,0.000431735
mix_UI_ST_5400_1272,0.00043026434
cauldron_ln_9793,0.0015802658
mix_SI_UT_5400_674,0.000431735
cauldron_ln_9271,0.0015637886
cauldron_ln_818,0.0012335354
mix_UI_ST_5400_577,0.00043026434
mix_SI_UT_5400_472,0.00043026434
cauldron_ln_1675,0.0015483402
mix_UI_ST_5400_1494,0.000431735
mix_UI_ST_5400_113,0.00045505448
mix_UI_ST_5400_1129,0.000431735
mix_SI_UT_5400_1002,0.00043026434
cauldron_ln_16676,0.0016416007
cauldron_ln_15061,0.0015476401
cauldron_ln_16651,0.0016367137
cauldron_ln_21197,0.0015394819
mix_UI_ST_5400_791,0.000431735
cauldron_ln_21171,0.0015161725
mix_SI_UT_5400_463,0.00044438674
mix_SI_UT_5400_1126,0.00043026434
cauldron_ln_7165,0.0015459992
mix_SI_UT_5400_361,0.000431735
cauldron_ln_21692,0.0016416007
mix_UI_ST_5400_63,0.000431735
cauldron_ln_10304,0.0015181821
mix_SI_UT_5400_1325,0.00043755127
mix_SI_UT_5400_968,0.000431735
cauldron_ln_21834,0.0016367137
mix_UI_ST_5400_1052,0.00043026434
cauldron_ln_18910,0.0016088823
cauldron_ln_22299,0.0016181845
mix_SI_UT_5400_480,0.000431735
mix_UI_ST_5400_1422,0.0004340475
mix_SI_UT_5400_429,0.00043026434
mix_UI_ST_5400_1404,0.000431735
cauldron_ln_25262,0.0015609592
mix_UI_ST_5400_250,0.00046027979
mix_UI_ST_5400_849,0.000431735
cauldron_ln_11,0.0012055375
mix_UI_ST_5400_1490,0.000431735
cauldron_ln_14832,0.0015365968
mix_SI_UT_5400_768,0.0004340475
mix_UI_ST_5400_819,0.00043026434
cauldron_ln_11845,0.001645119
mix_UI_ST_5400_1351,0.000431735
cauldron_ln_19653,0.0016278814
mix_SI_UT_5400_576,0.000431735
cauldron_ln_26756,0.0016360157
mix_SI_UT_5400_1112,0.0004347983
mix_UI_ST_5400_357,0.000431735
mix_SI_UT_5400_251,0.00043026434
cauldron_ln_13141,0.0016500321
cauldron_ln_26033,0.0014925423
cauldron_ln_14831,0.001603106
cauldron_ln_16939,0.0016474607
cauldron_ln_15206,0.0015308143
cauldron_ln_25650,0.0016416007
mix_UI_ST_5400_1307,0.00043026434
cauldron_ln_19733,0.0015578395
mix_SI_UT_5400_621,0.000431735
mix_SI_UT_5400_1335,0.00045893568
cauldron_ln_3539,0.0014372721
mix_SI_UT_5400_1027,0.00043026434
mix_UI_ST_5400_1342,0.00043026434
cauldron_ln_10196,0.0015936292
cauldron_ln_2044,0.0014860661
cauldron_ln_13161,0.0015295256
cauldron_ln_9533,0.0014717375
cauldron_ln_28475,0.0014453544
cauldron_ln_1471,0.0013607382
mix_SI_UT_5400_215,0.00044828374
cauldron_ln_18903,0.0015856648
mix_UI_ST_5400_569,0.0004363529
mix_UI_ST_5400_1481,0.00044675675
cauldron_ln_3985,0.0014863422
mix_SI_UT_5400_1349,0.00044783019
mix_UI_ST_5400_525,0.00043026434
cauldron_ln_15160,0.0016323903
mix_SI_UT_5400_167,0.0004502523
cauldron_ln_918,0.0011184722
mix_SI_UT_5400_697,0.00044590564
mix_SI_UT_5400_1487,0.000431735
mix_UI_ST_5400_588,0.000431735
cauldron_ln_9625,0.0015875463
cauldron_ln_3905,0.0015853083
cauldron_ln_15538,0.0016223437
mix_UI_ST_5400_114,0.00043755127
mix_UI_ST_5400_475,0.000431735
mix_SI_UT_5400_1449,0.00043026434
cauldron_ln_13108,0.0016500321
cauldron_ln_29882,0.0016034334
mix_UI_ST_5400_888,0.00043026434
mix_UI_ST_5400_922,0.00043026434
cauldron_ln_29688,0.001401838
mix_SI_UT_5400_1363,0.000431735
cauldron_ln_8510,0.0015663966
mix_SI_UT_5400_800,0.00043026434
cauldron_ln_14074,0.0016476512
cauldron_ln_19316,0.001626989
cauldron_ln_12289,0.0016323172
cauldron_ln_7807,0.0016141844
mix_SI_UT_5400_557,0.000431735
mix_UI_ST_5400_352,0.000431735
cauldron_ln_8328,0.0015581577
mix_SI_UT_5400_1028,0.00043026434
mix_UI_ST_5400_141,0.00043644503
mix_UI_ST_5400_652,0.00043755127
mix_SI_UT_5400_1301,0.00043026434
cauldron_ln_19666,0.0015213245
mix_SI_UT_5400_1075,0.000431735
mix_SI_UT_5400_1364,0.00043026434
mix_UI_ST_5400_1152,0.000431735
cauldron_ln_2837,0.0014914193
mix_UI_ST_5400_382,0.000431735
mix_UI_ST_5400_1009,0.000431735
cauldron_ln_7360,0.0015856224
mix_SI_UT_5400_1179,0.00043026434
cauldron_ln_9591,0.0014836024
cauldron_ln_16368,0.0014463575
cauldron_ln_4940,0.0014528213
mix_UI_ST_5400_442,0.00043026434
cauldron_ln_4480,0.0015903225
cauldron_ln_15455,0.0014912551
mix_UI_ST_5400_744,0.000431735
mix_UI_ST_5400_642,0.00043026434
mix_UI_ST_5400_1399,0.00043784434
cauldron_ln_3823,0.0014591911
mix_SI_UT_5400_1037,0.00043026434
cauldron_ln_29573,0.001645119
mix_UI_ST_5400_959,0.000431735
mix_UI_ST_5400_388,0.00043026434
mix_SI_UT_5400_1123,0.000431735
mix_UI_ST_5400_980,0.000431735
mix_UI_ST_5400_1030,0.000431735
cauldron_ln_8644,0.0014074798
cauldron_ln_20564,0.0016500321
cauldron_ln_8233,0.0015397554
mix_SI_UT_5400_1023,0.00043026434
cauldron_ln_5573,0.0015280604
cauldron_ln_8296,0.0013949662
mix_UI_ST_5400_1347,0.00046142022
cauldron_ln_13228,0.0016289543
mix_UI_ST_5400_1303,0.000431735
mix_SI_UT_5400_286,0.00044675675
cauldron_ln_21227,0.0015408649
cauldron_ln_15532,0.0014150868
mix_UI_ST_5400_823,0.00043026434
mix_SI_UT_5400_1488,0.000431735
mix_UI_ST_5400_1417,0.000431735
cauldron_ln_19723,0.001645119
cauldron_ln_22974,0.0016334024
cauldron_ln_15569,0.001583336
cauldron_ln_26382,0.0015401829
cauldron_ln_2211,0.0015358106
mix_UI_ST_5400_606,0.000431735
mix_UI_ST_5400_1435,0.00043026434
cauldron_ln_27016,0.001415066
mix_UI_ST_5400_181,0.00045030421
cauldron_ln_9014,0.0015919716
cauldron_ln_25492,0.0016092393
cauldron_ln_22049,0.0016369676
mix_SI_UT_5400_658,0.00046669744
mix_SI_UT_5400_983,0.000431735
mix_SI_UT_5400_933,0.000431735
cauldron_ln_29687,0.0015317046
cauldron_ln_25374,0.0015971009
mix_SI_UT_5400_333,0.000431735
cauldron_ln_29681,0.0015390343
cauldron_ln_27090,0.0016547965
mix_SI_UT_5400_1205,0.000431735
mix_UI_ST_5400_1458,0.00043793677
mix_UI_ST_5400_515,0.00043362344
cauldron_ln_14329,0.001626989
cauldron_ln_20222,0.0016362423
cauldron_ln_19058,0.0016571198
mix_UI_ST_5400_1311,0.000431735
cauldron_ln_26787,0.0013731087
cauldron_ln_5975,0.0015825733
mix_UI_ST_5400_815,0.00043644503
cauldron_ln_20769,0.0016500321
cauldron_ln_5934,0.0016069555
cauldron_ln_7235,0.0014503676
cauldron_ln_10535,0.0016126881
cauldron_ln_15308,0.0016476512
mix_UI_ST_5400_140,0.00048366113
cauldron_ln_14610,0.0016444182
cauldron_ln_17525,0.0014272579
mix_UI_ST_5400_1183,0.00043026434
mix_UI_ST_5400_340,0.00043026434
mix_SI_UT_5400_1297,0.00043026434
mix_SI_UT_5400_723,0.000431735
cauldron_ln_16649,0.0015070583
cauldron_ln_25084,0.0016285387
mix_SI_UT_5400_39,0.000431735
mix_SI_UT_5400_175,0.00043026434
cauldron_ln_29494,0.0012377618
cauldron_ln_5166,0.0014072225
cauldron_ln_8286,0.0014632724
cauldron_ln_10043,0.0016319955
cauldron_ln_12975,0.0016367137
mix_UI_ST_5400_677,0.00043682504
cauldron_ln_19424,0.0015547896
cauldron_ln_9227,0.001544441
cauldron_ln_18688,0.0016160067
cauldron_ln_14727,0.0016442976
cauldron_ln_4613,0.0014989803
mix_UI_ST_5400_961,0.000431735
cauldron_ln_29632,0.001587198
cauldron_ln_20245,0.0014221525
mix_UI_ST_5400_490,0.00042629096
cauldron_ln_19982,0.0016416007
cauldron_ln_19860,0.0015692927
cauldron_ln_12567,0.0014703912
cauldron_ln_10960,0.0015780847
cauldron_ln_292,0.0012525038
cauldron_ln_8476,0.0014174336
mix_UI_ST_5400_290,0.000431735
cauldron_ln_7469,0.0013506203
mix_SI_UT_5400_1463,0.000431735
cauldron_ln_3301,0.0015219165
mix_SI_UT_5400_1156,0.000431735
mix_UI_ST_5400_1037,0.00043026434
mix_UI_ST_5400_884,0.00043793677
cauldron_ln_14272,0.001578187
cauldron_ln_9797,0.0014779303
cauldron_ln_10093,0.001645375
cauldron_ln_22978,0.0016476512
mix_UI_ST_5400_1057,0.00043026434
mix_UI_ST_5400_1038,0.000431735
cauldron_ln_28643,0.001630624
cauldron_ln_29837,0.0015601775
cauldron_ln_5467,0.0016046376
mix_UI_ST_5400_1406,0.000431735
mix_SI_UT_5400_703,0.00043026434
cauldron_ln_6245,0.0014631281
cauldron_ln_9488,0.0015113711
mix_UI_ST_5400_1074,0.00046811183
mix_SI_UT_5400_990,0.000431735
cauldron_ln_19042,0.0015866645
cauldron_ln_1905,0.001480864
cauldron_ln_17257,0.0015911381
mix_SI_UT_5400_163,0.00043026434
mix_SI_UT_5400_56,0.00043026434
mix_SI_UT_5400_1275,0.000431735
mix_UI_ST_5400_756,0.000431735
mix_UI_ST_5400_871,0.00043026434
cauldron_ln_11812,0.0016244296
cauldron_ln_21560,0.0016486525
mix_UI_ST_5400_940,0.000431735
mix_UI_ST_5400_1053,0.00046896868
cauldron_ln_4696,0.0015926553
cauldron_ln_6195,0.0016126919
cauldron_ln_3023,0.0015221542
mix_SI_UT_5400_992,0.000431735
cauldron_ln_27398,0.0014631301
mix_SI_UT_5400_63,0.000431735
mix_SI_UT_5400_94,0.00043026434
mix_SI_UT_5400_318,0.000431735
mix_SI_UT_5400_1323,0.000431735
mix_UI_ST_5400_1032,0.00043755127
mix_UI_ST_5400_103,0.00045893568
cauldron_ln_26420,0.0014632222
cauldron_ln_2552,0.0013658194
cauldron_ln_5154,0.0013550468
cauldron_ln_11406,0.001470574
mix_SI_UT_5400_750,0.000431735
cauldron_ln_2617,0.0015750958
cauldron_ln_11091,0.0014117163
mix_UI_ST_5400_1316,0.00043755127
cauldron_ln_17313,0.0015957162
cauldron_ln_19227,0.0015351723
mix_UI_ST_5400_797,0.00043026434
cauldron_ln_3934,0.0015562227
mix_UI_ST_5400_890,0.000431735
cauldron_ln_13483,0.0014915691
mix_SI_UT_5400_347,0.000431735
mix_UI_ST_5400_1376,0.000431735
cauldron_ln_27786,0.0015322217
mix_SI_UT_5400_1176,0.00043755127
mix_SI_UT_5400_709,0.000431735
mix_UI_ST_5400_1305,0.000431735
mix_SI_UT_5400_1196,0.00043026434
mix_SI_UT_5400_66,0.00043026434
cauldron_ln_2952,0.0015161069
mix_SI_UT_5400_820,0.00044675675
mix_UI_ST_5400_1215,0.00043026434
mix_UI_ST_5400_587,0.000431735
mix_UI_ST_5400_119,0.000431735
cauldron_ln_8595,0.001611309
cauldron_ln_21572,0.001645119
mix_SI_UT_5400_506,0.00045832185
cauldron_ln_9129,0.0015759208
mix_UI_ST_5400_1448,0.000431735
mix_SI_UT_5400_1287,0.000431735
mix_SI_UT_5400_1171,0.000431735
cauldron_ln_10294,0.00162908
cauldron_ln_2792,0.0015260596
mix_UI_ST_5400_1117,0.00043026434
mix_SI_UT_5400_1162,0.000431735
mix_SI_UT_5400_647,0.00043026434
cauldron_ln_1737,0.0015636889
cauldron_ln_26629,0.0016197113
mix_UI_ST_5400_536,0.000431735
cauldron_ln_8951,0.0013687088
cauldron_ln_18333,0.001631145
mix_SI_UT_5400_90,0.000431735
mix_SI_UT_5400_398,0.00043026434
mix_UI_ST_5400_20,0.000458607
mix_SI_UT_5400_510,0.00043026434
cauldron_ln_11316,0.0013671038
mix_SI_UT_5400_1034,0.000431735
cauldron_ln_15570,0.0015730239
mix_SI_UT_5400_605,0.00042901866
mix_UI_ST_5400_400,0.00043996872
mix_UI_ST_5400_1313,0.0004347983
cauldron_ln_12526,0.0016269432
mix_UI_ST_5400_65,0.000431735
cauldron_ln_12524,0.0014893196
mix_UI_ST_5400_618,0.00043026434
mix_UI_ST_5400_1022,0.000431735
cauldron_ln_11197,0.0016476512
mix_UI_ST_5400_935,0.000431735
mix_SI_UT_5400_1060,0.000431735
mix_UI_ST_5400_1499,0.00056764507
cauldron_ln_16151,0.0015991422
cauldron_ln_28695,0.0016545375
mix_SI_UT_5400_1201,0.00043026434
mix_SI_UT_5400_677,0.00044675675
cauldron_ln_21122,0.0016136741
cauldron_ln_17941,0.0015975306
mix_UI_ST_5400_109,0.000431735
mix_UI_ST_5400_1369,0.00043026434
cauldron_ln_11206,0.0015201068
mix_UI_ST_5400_363,0.000431735
cauldron_ln_18889,0.0015676783
cauldron_ln_16627,0.001575987
mix_UI_ST_5400_215,0.000431735
mix_SI_UT_5400_787,0.000431735
cauldron_ln_19188,0.001380128
mix_UI_ST_5400_727,0.00043784434
mix_SI_UT_5400_1291,0.000431735
cauldron_ln_16876,0.0016367137
mix_SI_UT_5400_628,0.00043026434
mix_SI_UT_5400_1491,0.00043511303
mix_UI_ST_5400_116,0.00043026434
mix_SI_UT_5400_165,0.000431735
mix_UI_ST_5400_310,0.00043026434
mix_SI_UT_5400_42,0.00043026434
cauldron_ln_10702,0.0014231049
cauldron_ln_551,0.0011676953
mix_SI_UT_5400_1095,0.00043026434
mix_UI_ST_5400_1375,0.000431735
mix_SI_UT_5400_227,0.000431735
cauldron_ln_12856,0.0016545375
cauldron_ln_16814,0.0016009201
mix_SI_UT_5400_1067,0.000431735
mix_SI_UT_5400_761,0.000431735
mix_UI_ST_5400_638,0.000431735
cauldron_ln_8354,0.0014786969
mix_SI_UT_5400_870,0.000431735
cauldron_ln_20532,0.0015240359
mix_SI_UT_5400_1131,0.000431735
cauldron_ln_16990,0.0016632273
mix_UI_ST_5400_453,0.00043026434
cauldron_ln_27341,0.0015900666
mix_UI_ST_5400_742,0.00043755127
cauldron_ln_10102,0.0016064324
cauldron_ln_19268,0.0016367137
mix_SI_UT_5400_1020,0.000431735
mix_SI_UT_5400_640,0.000431735
cauldron_ln_24030,0.0016416007
cauldron_ln_22734,0.0015485754
mix_SI_UT_5400_297,0.00043026434
cauldron_ln_28191,0.0015847017
mix_UI_ST_5400_987,0.00044034488
mix_UI_ST_5400_1330,0.00042901866
mix_UI_ST_5400_1365,0.00043026434
mix_UI_ST_5400_646,0.000431735
mix_UI_ST_5400_1177,0.000431735
mix_SI_UT_5400_466,0.00046886204
mix_SI_UT_5400_1030,0.0004559198
cauldron_ln_22793,0.001444808
mix_SI_UT_5400_191,0.00043026434
cauldron_ln_16120,0.0016486525
cauldron_ln_14405,0.0016034693
mix_SI_UT_5400_1016,0.00043026434
cauldron_ln_2353,0.0015060224
cauldron_ln_12156,0.0016278451
mix_SI_UT_5400_1165,0.00043026434
cauldron_ln_2849,0.0015630546
cauldron_ln_21994,0.0016277892
mix_UI_ST_5400_518,0.00043026434
mix_UI_ST_5400_102,0.00043026434
cauldron_ln_6351,0.0015370132
mix_UI_ST_5400_1455,0.00043026434
cauldron_ln_23178,0.0015959851
cauldron_ln_27407,0.0016418556
mix_UI_ST_5400_191,0.00043026434
mix_SI_UT_5400_1077,0.00043026434
mix_SI_UT_5400_1133,0.000431735
cauldron_ln_4938,0.0015227754
cauldron_ln_21921,0.0016367137
cauldron_ln_13541,0.0016127141
mix_SI_UT_5400_1083,0.00043026434
mix_SI_UT_5400_982,0.00043784434
mix_UI_ST_5400_1274,0.000431735
mix_SI_UT_5400_319,0.000431735
cauldron_ln_14617,0.0016416007
cauldron_ln_8799,0.0015967261
cauldron_ln_28059,0.0015837883
cauldron_ln_4886,0.0015149747
cauldron_ln_28020,0.001538027
cauldron_ln_16757,0.0016486525
mix_SI_UT_5400_447,0.000431735
cauldron_ln_18251,0.0016416007
cauldron_ln_388,0.0013262199
mix_UI_ST_5400_765,0.00043996872
mix_UI_ST_5400_1459,0.000431735
cauldron_ln_4616,0.0015926553
mix_UI_ST_5400_80,0.00044675675
cauldron_ln_14057,0.001621482
cauldron_ln_27635,0.0015706291
cauldron_ln_5993,0.0014645869
mix_UI_ST_5400_1485,0.000431735
cauldron_ln_1085,0.0012512387
mix_SI_UT_5400_145,0.000431735
mix_UI_ST_5400_338,0.00043026434
mix_SI_UT_5400_1474,0.00044753274
cauldron_ln_29757,0.0016410749
mix_UI_ST_5400_177,0.00046999016
mix_UI_ST_5400_1360,0.00043026434
cauldron_ln_6321,0.0014315507
mix_SI_UT_5400_170,0.000431735
mix_UI_ST_5400_101,0.00043026434
cauldron_ln_13567,0.0016372653
mix_UI_ST_5400_64,0.000431735
mix_SI_UT_5400_1031,0.00044828374
mix_SI_UT_5400_1394,0.000431735
mix_UI_ST_5400_915,0.00043362344
cauldron_ln_22282,0.0016278451
mix_SI_UT_5400_985,0.00043026434
mix_SI_UT_5400_843,0.00043026434
mix_UI_ST_5400_164,0.00044783019
cauldron_ln_5061,0.0015555901
mix_SI_UT_5400_1161,0.00043755127
mix_SI_UT_5400_1295,0.000431735
cauldron_ln_17267,0.001536261
mix_UI_ST_5400_1201,0.00043755127
mix_UI_ST_5400_1100,0.00044097478
cauldron_ln_12219,0.0016547289
mix_UI_ST_5400_924,0.000431735
cauldron_ln_22117,0.001500007
mix_SI_UT_5400_1294,0.00043026434
cauldron_ln_26785,0.0015828273
mix_UI_ST_5400_881,0.00043026434
cauldron_ln_13187,0.0014589714
mix_UI_ST_5400_258,0.00045916694
mix_SI_UT_5400_1149,0.00043511303
cauldron_ln_9727,0.0014712183
cauldron_ln_13883,0.0016416007
cauldron_ln_19802,0.0016476512
mix_SI_UT_5400_484,0.000431735
cauldron_ln_9822,0.0015665084
mix_UI_ST_5400_613,0.000431735
cauldron_ln_12663,0.0016119481
cauldron_ln_21390,0.0015770136
cauldron_ln_23171,0.001463452
cauldron_ln_8811,0.0014745628
cauldron_ln_22196,0.0014866486
mix_UI_ST_5400_416,0.000431735
mix_SI_UT_5400_841,0.000431735
cauldron_ln_1700,0.0015219158
cauldron_ln_13873,0.0016258197
mix_UI_ST_5400_74,0.00043026434
cauldron_ln_14550,0.0014705333
mix_UI_ST_5400_32,0.0004506849
cauldron_ln_3115,0.0014880501
cauldron_ln_24374,0.0016416007
mix_UI_ST_5400_833,0.00044675675
cauldron_ln_13932,0.0016476512
cauldron_ln_6254,0.0015183621
mix_UI_ST_5400_605,0.000431735
mix_SI_UT_5400_1373,0.000431735
cauldron_ln_10763,0.0014652146
mix_SI_UT_5400_850,0.00043026434
mix_SI_UT_5400_1228,0.00043026434
cauldron_ln_46,0.001111512
cauldron_ln_11565,0.0016349178
cauldron_ln_13222,0.0014888353
cauldron_ln_6110,0.0015763021
cauldron_ln_10651,0.0016346417
mix_SI_UT_5400_235,0.000431735
mix_UI_ST_5400_1018,0.000431735
cauldron_ln_17703,0.0013354745
mix_SI_UT_5400_312,0.000431735
mix_UI_ST_5400_327,0.000431735
cauldron_ln_29565,0.0015671626
mix_SI_UT_5400_954,0.000431735
cauldron_ln_26361,0.0014703857
mix_UI_ST_5400_430,0.00044828374
cauldron_ln_9214,0.0014700993
cauldron_ln_23483,0.0015723177
mix_UI_ST_5400_893,0.00043026434
cauldron_ln_3213,0.0015749054
mix_SI_UT_5400_188,0.00043026434
mix_UI_ST_5400_900,0.00044675675
cauldron_ln_2426,0.0015393046
cauldron_ln_4730,0.0015506787
cauldron_ln_26556,0.0016208275
mix_SI_UT_5400_498,0.00043026434
cauldron_ln_13210,0.001324152
cauldron_ln_8709,0.001602426
cauldron_ln_16171,0.0016197863
cauldron_ln_19077,0.0016416007
mix_UI_ST_5400_809,0.0004347983
cauldron_ln_11755,0.0016175129
cauldron_ln_1604,0.0014825686
mix_SI_UT_5400_986,0.000431735
cauldron_ln_10112,0.001605647
cauldron_ln_5193,0.0015781899
cauldron_ln_4279,0.0015846654
mix_UI_ST_5400_1259,0.000431735
mix_SI_UT_5400_1486,0.000431735
cauldron_ln_16846,0.0013966577
mix_UI_ST_5400_1098,0.000431735
cauldron_ln_24733,0.001362154
cauldron_ln_201,0.0013222055
cauldron_ln_18456,0.0015093044
cauldron_ln_17192,0.0015707077
cauldron_ln_3742,0.00158025
cauldron_ln_17663,0.0016187122
cauldron_ln_29513,0.001574023
cauldron_ln_903,0.0013646289
cauldron_ln_5296,0.001552535
mix_SI_UT_5400_582,0.000431735
mix_SI_UT_5400_114,0.00044828374
mix_SI_UT_5400_450,0.000431735
cauldron_ln_24575,0.0015392321
cauldron_ln_22199,0.0015178373
cauldron_ln_2750,0.0015157359
cauldron_ln_15721,0.0016025505
cauldron_ln_17286,0.0015779608
mix_SI_UT_5400_1308,0.00043026434
cauldron_ln_4939,0.0015113682
cauldron_ln_8584,0.0013991524
cauldron_ln_20168,0.0015878486
mix_SI_UT_5400_88,0.00043026434
mix_UI_ST_5400_673,0.00043755127
mix_SI_UT_5400_536,0.00042901866
mix_UI_ST_5400_811,0.00043026434
mix_SI_UT_5400_989,0.00044675675
mix_SI_UT_5400_1213,0.000431735
mix_SI_UT_5400_1439,0.000431735
cauldron_ln_25128,0.0016486525
mix_UI_ST_5400_3,0.0004186027
mix_SI_UT_5400_1494,0.00043026434
mix_SI_UT_5400_471,0.000431735
cauldron_ln_270,0.0011633348
mix_UI_ST_5400_429,0.000431735
mix_UI_ST_5400_1379,0.00044675675
cauldron_ln_26893,0.0016332795
cauldron_ln_26286,0.0013753826
cauldron_ln_25156,0.0013810286
mix_UI_ST_5400_226,0.000431735
cauldron_ln_5691,0.0013630333
mix_SI_UT_5400_7,0.00040659442
cauldron_ln_4943,0.0015853083
cauldron_ln_22661,0.0016285387
cauldron_ln_11972,0.0016486525
cauldron_ln_13201,0.0016398005
cauldron_ln_10874,0.001601626
cauldron_ln_20523,0.0015836632
mix_SI_UT_5400_1183,0.000431735
cauldron_ln_26443,0.0015953053
cauldron_ln_29537,0.0015607568
cauldron_ln_24190,0.0016476512
cauldron_ln_7865,0.0014607002
mix_UI_ST_5400_722,0.00043026434
cauldron_ln_21891,0.0015723177
mix_SI_UT_5400_375,0.00043026434
mix_SI_UT_5400_1467,0.000431735
cauldron_ln_9287,0.0013534725
cauldron_ln_25674,0.001650358
cauldron_ln_529,0.0012038093
cauldron_ln_26169,0.0015644693
cauldron_ln_27183,0.0016606356
mix_UI_ST_5400_1110,0.000431735
cauldron_ln_9816,0.0015504218
cauldron_ln_8424,0.0016035846
cauldron_ln_10420,0.001622373
cauldron_ln_13707,0.0014806977
mix_UI_ST_5400_195,0.00043755127
mix_UI_ST_5400_1270,0.000431735
mix_SI_UT_5400_1462,0.00042901866
mix_SI_UT_5400_863,0.00043026434
cauldron_ln_24863,0.0016418556
cauldron_ln_20568,0.0016034356
cauldron_ln_21554,0.001631145
mix_UI_ST_5400_407,0.000431735
cauldron_ln_6392,0.0015440315
cauldron_ln_2802,0.0014084646
mix_SI_UT_5400_630,0.000431735
mix_SI_UT_5400_659,0.00043026434
cauldron_ln_28231,0.0016418556
cauldron_ln_26508,0.0016223437
cauldron_ln_6278,0.0014741073
mix_SI_UT_5400_1317,0.000431735
mix_SI_UT_5400_1145,0.000431735
cauldron_ln_6555,0.0014706398
mix_SI_UT_5400_100,0.00043362344
cauldron_ln_5877,0.0014934948
cauldron_ln_17291,0.0014833848
cauldron_ln_22147,0.0016118615
mix_SI_UT_5400_64,0.00043026434
mix_SI_UT_5400_1157,0.00043026434
mix_SI_UT_5400_786,0.00043793677
cauldron_ln_23534,0.0016076824
mix_UI_ST_5400_1167,0.00046526163
mix_UI_ST_5400_38,0.000431735
mix_UI_ST_5400_768,0.00043026434
cauldron_ln_2478,0.0014940902
cauldron_ln_29659,0.001645119
cauldron_ln_7994,0.0015856866
cauldron_ln_26442,0.0015749009
cauldron_ln_22144,0.0016255243
cauldron_ln_16059,0.0016232808
cauldron_ln_25931,0.0016208275
mix_UI_ST_5400_597,0.00043026434
mix_UI_ST_5400_440,0.00043026434
mix_UI_ST_5400_464,0.00043755127
cauldron_ln_9243,0.0014602154
cauldron_ln_237,0.0010483145
cauldron_ln_29412,0.0016509915
mix_UI_ST_5400_974,0.00043755127
mix_UI_ST_5400_1014,0.000431735
cauldron_ln_24161,0.001627711
cauldron_ln_10127,0.0015691597
mix_UI_ST_5400_1229,0.00043026434
cauldron_ln_1812,0.001555068
mix_SI_UT_5400_544,0.00043026434
cauldron_ln_17581,0.0015958378
cauldron_ln_5294,0.0015853008
cauldron_ln_1885,0.0015309368
cauldron_ln_1118,0.0011284541
mix_UI_ST_5400_1364,0.000431735
mix_SI_UT_5400_889,0.000431735
mix_UI_ST_5400_863,0.00043026434
mix_UI_ST_5400_29,0.000431735
cauldron_ln_27981,0.0014576925
cauldron_ln_8018,0.001347719
mix_SI_UT_5400_938,0.000431735
cauldron_ln_29407,0.0014730232
mix_UI_ST_5400_1405,0.00043026434
mix_UI_ST_5400_1175,0.000431735
mix_SI_UT_5400_960,0.00043755127
mix_UI_ST_5400_579,0.00043026434
cauldron_ln_11900,0.0016026229
cauldron_ln_2799,0.0015113645
cauldron_ln_10230,0.0016187755
cauldron_ln_13334,0.0016367137
mix_UI_ST_5400_355,0.00043026434
cauldron_ln_15714,0.0012914846
cauldron_ln_14457,0.0016012196
mix_UI_ST_5400_1410,0.00043026434
cauldron_ln_11447,0.0016367137
mix_UI_ST_5400_757,0.00044828374
cauldron_ln_304,0.0012642557
cauldron_ln_11256,0.0015253818
mix_UI_ST_5400_1101,0.00043793677
cauldron_ln_15585,0.0015069103
cauldron_ln_29751,0.0016367137
cauldron_ln_3304,0.0014677563
cauldron_ln_24073,0.0016170925
cauldron_ln_3622,0.0015066614
cauldron_ln_14132,0.0016561134
cauldron_ln_20207,0.0014770447
cauldron_ln_10890,0.0016455655
mix_SI_UT_5400_137,0.00047129253
cauldron_ln_28924,0.001650358
mix_UI_ST_5400_829,0.000431735
cauldron_ln_20124,0.001541377
cauldron_ln_14766,0.0016353164
cauldron_ln_25892,0.0016476512
cauldron_ln_10053,0.0015871472
cauldron_ln_13970,0.0016223437
mix_UI_ST_5400_1277,0.00043026434
mix_UI_ST_5400_643,0.00045135454
cauldron_ln_853,0.0012254386
mix_SI_UT_5400_1246,0.00043511303
mix_SI_UT_5400_745,0.000431735
cauldron_ln_23133,0.0014768047
mix_UI_ST_5400_35,0.0004741372
cauldron_ln_2988,0.001556019
cauldron_ln_22539,0.0016197992
cauldron_ln_4695,0.0014230026
mix_UI_ST_5400_316,0.00043026434
mix_SI_UT_5400_1082,0.00043644503
mix_SI_UT_5400_1393,0.000431735
cauldron_ln_6003,0.0015535037
cauldron_ln_19998,0.0016418556
cauldron_ln_14071,0.0014744357
cauldron_ln_27368,0.0015588269
cauldron_ln_23341,0.0015868624
cauldron_ln_28823,0.0016227817
mix_SI_UT_5400_1351,0.00043755127
cauldron_ln_184,0.001261148
cauldron_ln_23698,0.0014256794
mix_SI_UT_5400_1049,0.000431735
mix_SI_UT_5400_150,0.000431735
mix_SI_UT_5400_228,0.000431735
cauldron_ln_7985,0.0016093787
cauldron_ln_5276,0.0014989504
cauldron_ln_9809,0.0014800421
mix_UI_ST_5400_830,0.00043755127
cauldron_ln_18554,0.0016175129
mix_SI_UT_5400_1219,0.000431735
cauldron_ln_13949,0.0016369676
cauldron_ln_12345,0.0015352974
cauldron_ln_258,0.0011833768
mix_SI_UT_5400_1212,0.000431735
cauldron_ln_85,0.0013247979
mix_SI_UT_5400_577,0.000431735
mix_SI_UT_5400_652,0.00043026434
cauldron_ln_28833,0.001610924
cauldron_ln_27481,0.0016338815
mix_SI_UT_5400_973,0.000431735
mix_SI_UT_5400_1241,0.000431735
cauldron_ln_15933,0.001589527
mix_UI_ST_5400_69,0.00043026434
cauldron_ln_18595,0.001599168
mix_UI_ST_5400_1193,0.000431735
cauldron_ln_673,0.0011589697
mix_UI_ST_5400_472,0.000431735
cauldron_ln_1036,0.0011473486
cauldron_ln_20242,0.0015970478
mix_SI_UT_5400_755,0.00049073366
mix_UI_ST_5400_1252,0.00042962638
cauldron_ln_21271,0.0015461596
mix_UI_ST_5400_780,0.00043026434
cauldron_ln_8577,0.0013566666
cauldron_ln_5176,0.0014514157
mix_UI_ST_5400_484,0.00044675675
cauldron_ln_3251,0.0014900423
cauldron_ln_11850,0.0015158491
cauldron_ln_11722,0.001616606
cauldron_ln_17841,0.0016042015
cauldron_ln_10141,0.0016256503
mix_SI_UT_5400_255,0.0004559198
mix_SI_UT_5400_48,0.00043026434
mix_UI_ST_5400_723,0.00043644503
mix_SI_UT_5400_1333,0.00042899
mix_UI_ST_5400_254,0.00044675675
cauldron_ln_8812,0.0015766068
mix_SI_UT_5400_1422,0.00046696176
mix_SI_UT_5400_83,0.000431735
cauldron_ln_10775,0.0016126881
mix_SI_UT_5400_541,0.00044097478
mix_UI_ST_5400_730,0.00043026434
mix_SI_UT_5400_91,0.000431735
mix_UI_ST_5400_1357,0.0004757779
mix_SI_UT_5400_220,0.00043026434
mix_UI_ST_5400_1266,0.000431735
cauldron_ln_19902,0.001633379
mix_SI_UT_5400_426,0.00042755724
mix_SI_UT_5400_1435,0.000431735
mix_SI_UT_5400_69,0.0004347983
mix_UI_ST_5400_659,0.00046896868
mix_SI_UT_5400_161,0.00043026434
mix_SI_UT_5400_1068,0.000431735
mix_SI_UT_5400_646,0.000431735
mix_UI_ST_5400_283,0.000431735
mix_SI_UT_5400_538,0.000431735
cauldron_ln_17393,0.0016416007
