id,is_member
cauldron_ln_8044,0.6653015869686385
cauldron_ln_7863,0.7297552266520443
mix_SI_UT_5400_19,0.00175614141376984
mix_SI_UT_5400_896,0.0014943483894793344
cauldron_ln_17842,0.6098148479576454
mix_UI_ST_5400_1010,0.001500092948722501
mix_SI_UT_5400_1158,0.0011846790818399791
cauldron_ln_5492,0.6536074995038232
cauldron_ln_28055,0.6752401472297633
cauldron_ln_15782,0.6499142132399022
cauldron_ln_10896,0.7529794353050229
mix_UI_ST_5400_198,0.0020893317507656543
cauldron_ln_14683,0.6015523957792845
mix_UI_ST_5400_1434,0.0014742382821723457
cauldron_ln_15146,0.5819330426997684
cauldron_ln_11421,0.4403974572696227
cauldron_ln_9412,0.7188970605062343
cauldron_ln_23873,0.6330491457941685
cauldron_ln_21744,0.6808876575290137
mix_UI_ST_5400_591,0.0013988821078370825
mix_UI_ST_5400_1048,0.0016866201179966088
cauldron_ln_1835,0.6938889229784998
mix_UI_ST_5400_1353,0.002181327084472396
cauldron_ln_14310,0.6945607002061086
mix_UI_ST_5400_432,0.0007608328707467026
mix_UI_ST_5400_481,0.0018144111991167066
cauldron_ln_12651,0.7342118999409022
cauldron_ln_9528,0.7542835021865659
cauldron_ln_28369,0.5982959731306028
mix_UI_ST_5400_381,0.0009244897789569416
mix_SI_UT_5400_413,0.0023885714329412045
cauldron_ln_11962,0.6398680548437422
cauldron_ln_14987,0.7299062613970706
cauldron_ln_10926,0.6557326439130057
mix_UI_ST_5400_491,0.00154324119366052
cauldron_ln_7384,0.586494508018706
mix_UI_ST_5400_1466,0.0017384977830558488
mix_UI_ST_5400_1426,0.0021257180827138154
cauldron_ln_29607,0.6764308311962626
cauldron_ln_12404,0.73624523931876
cauldron_ln_4937,0.6673029588121818
cauldron_ln_10260,0.6634772929443004
mix_SI_UT_5400_526,0.0023211562730502977
cauldron_ln_16527,0.7024464696584389
mix_UI_ST_5400_662,0.00261612728037661
mix_SI_UT_5400_437,0.001661916215407527
mix_SI_UT_5400_106,0.001383524771916723
cauldron_ln_7890,0.7094025588052694
mix_SI_UT_5400_1078,0.0017762721383701317
cauldron_ln_11429,0.6870647848730762
mix_SI_UT_5400_30,0.0014609296359885712
mix_UI_ST_5400_1483,0.0018992257978570342
cauldron_ln_7449,0.6578942609903672
mix_UI_ST_5400_1140,0.001357304840551233
cauldron_ln_24003,0.6521377764216599
cauldron_ln_9540,0.6119556632223533
cauldron_ln_22660,0.7557067366449269
cauldron_ln_1774,0.6283501673081052
mix_UI_ST_5400_629,0.0017963633059839936
cauldron_ln_16259,0.7167465321224988
cauldron_ln_17752,0.7794491172273633
mix_UI_ST_5400_1073,0.0016662287304586964
mix_UI_ST_5400_735,0.002149579804926064
mix_UI_ST_5400_1045,0.0016318839092322292
mix_SI_UT_5400_397,0.0017855270198439688
cauldron_ln_14219,0.7353668510544312
cauldron_ln_2781,0.54400223217757
cauldron_ln_22647,0.6887718488934019
cauldron_ln_27463,0.5339248159061175
mix_UI_ST_5400_278,0.0006911035548563783
mix_SI_UT_5400_67,0.0008168582177446179
cauldron_ln_19954,0.6485374744490976
cauldron_ln_14482,0.7158471369348952
mix_UI_ST_5400_1035,0.0011780909984470203
cauldron_ln_27388,0.6015564664835089
mix_UI_ST_5400_95,0.00231505827872515
mix_UI_ST_5400_1026,0.0009089063304994976
mix_SI_UT_5400_300,0.0017535758375302232
cauldron_ln_6757,0.7300681953670979
mix_UI_ST_5400_1169,0.002431507761463718
mix_SI_UT_5400_635,0.0016650821746186709
mix_SI_UT_5400_478,0.0015513606592115683
cauldron_ln_21010,0.647933675660937
cauldron_ln_17103,0.7266914421140175
cauldron_ln_10561,0.7024827691325719
mix_UI_ST_5400_726,0.0020774239168323784
mix_UI_ST_5400_676,0.0015077427981559435
cauldron_ln_15332,0.649755377476098
cauldron_ln_23958,0.7509699296881561
cauldron_ln_24104,0.7519084452163322
cauldron_ln_10117,0.6056122740260028
cauldron_ln_23357,0.7653857631595263
mix_SI_UT_5400_208,0.001773998433908442
cauldron_ln_4968,0.676100877059681
cauldron_ln_18453,0.7013386197178811
cauldron_ln_28882,0.4643616456181857
mix_UI_ST_5400_46,0.000912832951062656
cauldron_ln_22611,0.6220063307481236
mix_SI_UT_5400_1336,0.0014348383609275519
cauldron_ln_6047,0.791384211357908
cauldron_ln_338,0.582045148927763
cauldron_ln_11367,0.721948531692463
mix_SI_UT_5400_832,0.0017864264800204162
cauldron_ln_5754,0.7163935145224029
cauldron_ln_23839,0.6113884642260002
cauldron_ln_27506,0.6419062665766936
mix_UI_ST_5400_1243,0.0017468108520801743
mix_UI_ST_5400_76,0.0008219800438273878
mix_SI_UT_5400_269,0.0008478131484625207
cauldron_ln_8533,0.771024669368048
mix_SI_UT_5400_1040,0.0015198369836060277
mix_UI_ST_5400_1211,0.0010147741777120772
cauldron_ln_2986,0.7307864020386021
cauldron_ln_907,0.7306477808290447
cauldron_ln_19397,0.7554375146708711
cauldron_ln_27571,0.7461413797202672
cauldron_ln_14244,0.6881143044308654
mix_SI_UT_5400_486,0.002685467678482859
cauldron_ln_1145,0.534821413974999
cauldron_ln_18444,0.6740821403757319
cauldron_ln_1887,0.6260964841674463
mix_SI_UT_5400_400,0.0009992100874632193
mix_UI_ST_5400_347,0.0015000124232297765
mix_UI_ST_5400_807,0.0017408498249380283
cauldron_ln_29526,0.6473488904507047
mix_UI_ST_5400_1264,0.0018858376576514474
mix_SI_UT_5400_515,0.0007748561795226075
cauldron_ln_16634,0.7126489232437663
mix_SI_UT_5400_588,0.0020327430325499255
cauldron_ln_11925,0.55891130019485
cauldron_ln_28010,0.707653639803851
mix_UI_ST_5400_317,0.0015518370160630993
mix_UI_ST_5400_299,0.0014560047813896566
mix_UI_ST_5400_1017,0.0014751300777071457
cauldron_ln_15024,0.6649721937518236
cauldron_ln_10384,0.7202456872363494
cauldron_ln_20378,0.6415756464022095
cauldron_ln_2969,0.6808983442855145
cauldron_ln_27454,0.6548450976265447
mix_SI_UT_5400_533,0.0015495500161355523
cauldron_ln_2106,0.6637166787914169
mix_SI_UT_5400_1140,0.0010192211375044833
mix_SI_UT_5400_58,0.0020712017822580235
mix_SI_UT_5400_880,0.0021750229274298846
mix_SI_UT_5400_166,0.0016178320553987546
cauldron_ln_29932,0.7330752363946325
mix_SI_UT_5400_315,0.001697063512765402
cauldron_ln_12775,0.7203941989395864
mix_SI_UT_5400_1397,0.0017918424007160583
mix_SI_UT_5400_528,0.0017616054469468169
cauldron_ln_23190,0.7450063551555859
mix_SI_UT_5400_146,0.0009983429817136404
cauldron_ln_27258,0.6410611075178119
mix_UI_ST_5400_966,0.0018581707509941867
mix_SI_UT_5400_403,0.0016932982339026123
mix_UI_ST_5400_844,0.0019944622026793033
cauldron_ln_5051,0.6871959635855347
mix_SI_UT_5400_955,0.0008821676664681479
cauldron_ln_10741,0.60758379202352
cauldron_ln_15949,0.725826828368963
cauldron_ln_19319,0.7371538137769305
cauldron_ln_18427,0.812837491358098
mix_UI_ST_5400_487,0.0009914808447512814
cauldron_ln_19269,0.6107013055133989
cauldron_ln_11550,0.6175527589084823
cauldron_ln_3692,0.6852611631221803
cauldron_ln_14785,0.6783191592243039
mix_UI_ST_5400_822,0.0011018496407455183
cauldron_ln_10913,0.6792258421958919
cauldron_ln_607,0.6923668101176977
cauldron_ln_1630,0.6233235379560645
cauldron_ln_2488,0.6633056373725629
cauldron_ln_15622,0.713110700942189
cauldron_ln_22881,0.6518156543611778
mix_SI_UT_5400_1154,0.0018222731413331898
cauldron_ln_29166,0.5739128775939681
cauldron_ln_19244,0.6916735907750667
mix_SI_UT_5400_1352,0.0019680533569377597
cauldron_ln_9689,0.6215953008413362
cauldron_ln_15068,0.7071681537988844
cauldron_ln_11868,0.7210038272155707
mix_SI_UT_5400_61,0.001669529773482422
cauldron_ln_24541,0.7231353583088459
mix_SI_UT_5400_362,0.0012881938726252518
cauldron_ln_1728,0.5644678837626806
mix_SI_UT_5400_1003,0.0020199949739053077
cauldron_ln_21799,0.7065677862054235
cauldron_ln_8077,0.726138889836751
mix_SI_UT_5400_1039,0.0010768997967060259
mix_SI_UT_5400_1073,0.0014076344806034189
cauldron_ln_15986,0.6797278724886453
cauldron_ln_6543,0.7487637445560172
cauldron_ln_19956,0.6289680544129945
cauldron_ln_7175,0.7480063870880186
cauldron_ln_23407,0.7096017318675547
cauldron_ln_15369,0.6510495364740718
cauldron_ln_16554,0.7302122291816567
cauldron_ln_448,0.6239757487718111
mix_UI_ST_5400_417,0.0011727373114454925
cauldron_ln_22233,0.7858181719315234
cauldron_ln_26043,0.604429877851577
cauldron_ln_16304,0.7278592703073206
cauldron_ln_14141,0.7052605230889925
cauldron_ln_23630,0.6487636491436239
mix_UI_ST_5400_710,0.00138056706012618
cauldron_ln_8007,0.7381173044115463
mix_UI_ST_5400_590,0.0015472386433254856
mix_SI_UT_5400_410,0.001635671811215694
cauldron_ln_24925,0.7738772560436099
cauldron_ln_27190,0.7147930637006903
mix_UI_ST_5400_1268,0.0014737703595453211
mix_UI_ST_5400_685,0.0020738007902368102
cauldron_ln_1069,0.5179459063359294
mix_UI_ST_5400_827,0.0019783201291429997
mix_SI_UT_5400_5,0.0016601125678070447
cauldron_ln_27839,0.7206889796257433
mix_SI_UT_5400_633,0.0020195373614456487
cauldron_ln_14133,0.7857236079542051
mix_UI_ST_5400_728,0.001776289693933552
mix_UI_ST_5400_437,0.002117351360194073
mix_SI_UT_5400_885,0.0015044230007814005
cauldron_ln_4311,0.750157066684636
mix_SI_UT_5400_301,0.0027790817574758577
cauldron_ln_12842,0.7276278116456137
mix_UI_ST_5400_83,0.0014565152070983702
cauldron_ln_11288,0.7832811223020993
cauldron_ln_27828,0.6351011990741907
mix_SI_UT_5400_101,0.0018162201725944944
cauldron_ln_16476,0.740213654896891
mix_UI_ST_5400_709,0.0014361737723603643
mix_SI_UT_5400_570,0.0012439150302938852
cauldron_ln_19540,0.6931455401404297
cauldron_ln_17829,0.7271074034187215
mix_UI_ST_5400_985,0.0011933470680230303
cauldron_ln_2288,0.7563083977914001
cauldron_ln_18551,0.7337494079161996
mix_SI_UT_5400_240,0.0021070727556353063
mix_SI_UT_5400_554,0.001610990868597941
cauldron_ln_26336,0.7835762917629835
cauldron_ln_8102,0.642326672766661
cauldron_ln_8498,0.54641169903914
cauldron_ln_16991,0.7096322229503245
mix_UI_ST_5400_149,0.0016439521457608818
cauldron_ln_22346,0.7049194219314822
mix_UI_ST_5400_256,0.0013168619862188576
mix_SI_UT_5400_337,0.0015476790517932255
mix_UI_ST_5400_456,0.0011676668509665237
cauldron_ln_26480,0.6524085771455664
cauldron_ln_29867,0.7555536570202488
mix_SI_UT_5400_1256,0.001088039354046707
cauldron_ln_917,0.6409565899871911
mix_SI_UT_5400_1001,0.0013191484031857441
mix_SI_UT_5400_1141,0.0018348624560817343
cauldron_ln_28787,0.6436639550757736
cauldron_ln_28349,0.642355156364427
mix_UI_ST_5400_753,0.0021534032532247354
mix_SI_UT_5400_1093,0.0012644071218459695
cauldron_ln_21991,0.625842783432925
cauldron_ln_22152,0.7214610513337384
mix_SI_UT_5400_1370,0.0017756509028592482
mix_UI_ST_5400_1039,0.00213329077476491
mix_UI_ST_5400_240,0.00172987413131797
mix_SI_UT_5400_767,0.0019341938428400235
mix_UI_ST_5400_1093,0.0020645628486048433
cauldron_ln_9330,0.7086884782611724
mix_SI_UT_5400_1447,0.001966659829911381
mix_SI_UT_5400_553,0.001856510381197411
cauldron_ln_8874,0.5760872035096329
cauldron_ln_21032,0.7068916620000743
mix_SI_UT_5400_1072,0.0010578240528525626
cauldron_ln_10366,0.7398385248198638
mix_SI_UT_5400_497,0.001732970868413135
mix_SI_UT_5400_59,0.0008652199993777176
cauldron_ln_26771,0.5294452949438726
mix_SI_UT_5400_738,0.0010953845385728148
cauldron_ln_29306,0.6433396214495007
cauldron_ln_4556,0.7252560801213161
cauldron_ln_26578,0.5242320301993904
mix_SI_UT_5400_485,0.002377829007458048
cauldron_ln_23109,0.6661112653646635
mix_SI_UT_5400_1198,0.002265188827821167
cauldron_ln_7975,0.7851643667895388
mix_UI_ST_5400_972,0.001559669281821184
mix_UI_ST_5400_1359,0.0016756406070648447
cauldron_ln_27987,0.636106425262561
mix_UI_ST_5400_542,0.0016795025567872632
mix_SI_UT_5400_154,0.0019278551499103793
cauldron_ln_22834,0.7658970387966658
cauldron_ln_24422,0.7250029989297693
cauldron_ln_13554,0.7392327258355161
mix_UI_ST_5400_1396,0.001970453249257158
mix_SI_UT_5400_1412,0.001350568922079877
mix_SI_UT_5400_123,0.0013092389581943885
cauldron_ln_21902,0.6167147134539362
mix_SI_UT_5400_1438,0.0015069762977687855
mix_SI_UT_5400_253,0.0012865419114090088
cauldron_ln_4461,0.706674458839391
cauldron_ln_8537,0.7132825340445351
mix_SI_UT_5400_1480,0.002261457937331147
mix_UI_ST_5400_1403,0.0016388530680387405
cauldron_ln_4837,0.6681519131389924
mix_UI_ST_5400_1378,0.0010529797660256076
mix_SI_UT_5400_131,0.0019674074276691
mix_SI_UT_5400_634,0.0017671707349475973
cauldron_ln_18548,0.7480516895287725
mix_UI_ST_5400_206,0.0013870365411182584
mix_SI_UT_5400_1248,0.0011741862244814753
mix_UI_ST_5400_1242,0.0019896909477353443
mix_SI_UT_5400_113,0.001796652789883438
cauldron_ln_11500,0.7598242378271977
cauldron_ln_27731,0.7977465465693512
cauldron_ln_25656,0.6344077281503688
mix_SI_UT_5400_495,0.0011814952444944475
mix_UI_ST_5400_1076,0.002158889684095322
mix_SI_UT_5400_1151,0.0011513522604175176
cauldron_ln_2570,0.6223944515901266
cauldron_ln_21811,0.7692430910027943
mix_UI_ST_5400_599,0.0010773147814842972
mix_SI_UT_5400_898,0.0018817950539503888
cauldron_ln_11448,0.5850110524088351
cauldron_ln_23188,0.6718370399504701
mix_SI_UT_5400_794,0.0015142930869181134
mix_SI_UT_5400_76,0.001250535960798811
cauldron_ln_7577,0.6583023079515102
mix_UI_ST_5400_51,0.001607312567119931
mix_UI_ST_5400_501,0.001499813573319032
cauldron_ln_4827,0.7223494062856382
mix_UI_ST_5400_698,0.0014417777496622175
cauldron_ln_5162,0.6520416366734472
cauldron_ln_23791,0.7132573828766927
cauldron_ln_15676,0.6431878481867134
cauldron_ln_22291,0.7586991138974492
mix_UI_ST_5400_968,0.0021248945637445706
mix_UI_ST_5400_243,0.002450021731753767
cauldron_ln_19024,0.7391225990462739
mix_UI_ST_5400_558,0.0010674935532160035
mix_UI_ST_5400_637,0.0012501751630666343
mix_UI_ST_5400_1104,0.0015628003539236049
mix_SI_UT_5400_136,0.0018975256047223414
mix_UI_ST_5400_734,0.0025702092445771202
cauldron_ln_9269,0.6664771164852457
cauldron_ln_29302,0.6170688148513832
mix_SI_UT_5400_317,0.0015866715458165762
mix_UI_ST_5400_527,0.0020940011935340255
cauldron_ln_13202,0.7389581270449145
mix_UI_ST_5400_786,0.0013689227014619242
cauldron_ln_24382,0.695201176407658
cauldron_ln_624,0.6483584156207048
cauldron_ln_17587,0.671752431964942
mix_UI_ST_5400_15,0.0016482988356233675
cauldron_ln_11604,0.7227478968183765
mix_UI_ST_5400_399,0.0009649520079382672
mix_SI_UT_5400_389,0.0020208672255403364
mix_SI_UT_5400_812,0.0015870089570871751
mix_UI_ST_5400_697,0.0027155610483291107
cauldron_ln_9526,0.7035296014002447
cauldron_ln_18362,0.7150471507631792
mix_SI_UT_5400_130,0.0017600038673884694
cauldron_ln_2881,0.594786061968588
mix_SI_UT_5400_751,0.0018146927732455853
cauldron_ln_10966,0.6122623411928468
cauldron_ln_16840,0.675367910693321
cauldron_ln_799,0.7067390117665863
mix_SI_UT_5400_1136,0.0016095770241394373
cauldron_ln_22111,0.6037007607298798
mix_SI_UT_5400_1066,0.0009895508689473577
cauldron_ln_10806,0.6778677379115
cauldron_ln_12532,0.6767592570006887
mix_UI_ST_5400_41,0.0008680656059920953
cauldron_ln_13616,0.7307188267840227
mix_UI_ST_5400_897,0.0019116495266274353
mix_UI_ST_5400_1240,0.002021634868747879
cauldron_ln_19787,0.6228813159614468
cauldron_ln_23476,0.6568082664032177
cauldron_ln_22959,0.7350746840849266
cauldron_ln_14947,0.6804544923157546
mix_UI_ST_5400_720,0.0012231209853908966
cauldron_ln_25188,0.5300610821702525
mix_SI_UT_5400_442,0.0022050860624149462
mix_UI_ST_5400_876,0.0010931332793018165
cauldron_ln_11281,0.7551824074183763
cauldron_ln_5037,0.7248580589036142
cauldron_ln_28724,0.6960705549423748
mix_UI_ST_5400_1160,0.0015686331227829412
mix_SI_UT_5400_202,0.0019553165224163805
mix_UI_ST_5400_828,0.0022185054720911973
cauldron_ln_11913,0.7630363958305525
mix_SI_UT_5400_263,0.001788332109687953
mix_UI_ST_5400_983,0.0016959295945171862
mix_SI_UT_5400_1368,0.0017857563343353074
mix_UI_ST_5400_1489,0.0021380891669763634
cauldron_ln_12257,0.6295781088483576
mix_UI_ST_5400_511,0.0011011344781993667
cauldron_ln_21796,0.660972855018821
cauldron_ln_25860,0.6654631334301786
mix_UI_ST_5400_260,0.001763667813870703
mix_SI_UT_5400_958,0.0010757266827105883
mix_SI_UT_5400_55,0.0013873668367203743
cauldron_ln_23097,0.7498476841658177
mix_UI_ST_5400_257,0.0014115699820222546
mix_UI_ST_5400_24,0.0018093700270699843
mix_UI_ST_5400_583,0.0015352480570419442
mix_SI_UT_5400_844,0.0020027012886126346
cauldron_ln_27256,0.6145039438537622
mix_SI_UT_5400_1290,0.001165923062046081
mix_SI_UT_5400_777,0.001248113427633497
cauldron_ln_11645,0.6234734506359679
mix_SI_UT_5400_1160,0.0013306234525864201
cauldron_ln_22026,0.5690182742158916
cauldron_ln_12080,0.7121508066338781
mix_UI_ST_5400_1204,0.0023975274498311263
cauldron_ln_25532,0.731582781832732
mix_SI_UT_5400_728,0.0015754382400527801
cauldron_ln_11946,0.38450694475846553
cauldron_ln_144,0.6473295650924645
mix_UI_ST_5400_598,0.0016164357430560122
mix_UI_ST_5400_1059,0.0012150686153379452
mix_SI_UT_5400_1096,0.0018882772966373415
cauldron_ln_12129,0.7562770484888002
mix_UI_ST_5400_1219,0.001211210726892346
cauldron_ln_13278,0.7119270553542696
mix_SI_UT_5400_1134,0.001814692389401491
cauldron_ln_23317,0.7002733182531254
cauldron_ln_1570,0.664948442769544
cauldron_ln_25425,0.6680529350823908
mix_UI_ST_5400_245,0.0011089093573020774
cauldron_ln_2561,0.7540170945263852
cauldron_ln_13287,0.702875537199284
mix_SI_UT_5400_339,0.0019783312543972787
mix_SI_UT_5400_1187,0.0016559955517075836
mix_UI_ST_5400_1151,0.001969531834901243
mix_UI_ST_5400_403,0.0018070948333236388
mix_UI_ST_5400_1118,0.0018710206168007812
cauldron_ln_23250,0.686532335490434
cauldron_ln_7535,0.7246500164903791
cauldron_ln_29018,0.7254955335925559
cauldron_ln_11047,0.7400661351361377
mix_UI_ST_5400_696,0.0010862412962570095
mix_SI_UT_5400_489,0.0013580549666785903
mix_UI_ST_5400_1095,0.0011582801076916553
cauldron_ln_5366,0.6946368594346484
cauldron_ln_22210,0.5958258294542492
cauldron_ln_9069,0.7809627574528855
cauldron_ln_14098,0.6052264141597844
cauldron_ln_22891,0.6659978070276075
mix_UI_ST_5400_772,0.001437972538282415
mix_SI_UT_5400_782,0.0013560210732226595
cauldron_ln_18035,0.7340594928759899
mix_UI_ST_5400_1244,0.0014464061861671964
mix_SI_UT_5400_788,0.001604885056236156
cauldron_ln_14972,0.6596070423961101
cauldron_ln_27687,0.7171541427781647
cauldron_ln_13102,0.5005404555030132
cauldron_ln_26066,0.6831546572511896
mix_UI_ST_5400_885,0.0016017757238692954
cauldron_ln_27591,0.6665578108320356
cauldron_ln_29575,0.5618141302651628
mix_SI_UT_5400_580,0.0016180855341479067
cauldron_ln_679,0.49364335147907806
mix_SI_UT_5400_643,0.001496240416345315
mix_SI_UT_5400_168,0.0020999060586202557
cauldron_ln_23468,0.6810714629853118
cauldron_ln_3944,0.7237240782198334
cauldron_ln_813,0.6373119243210142
mix_SI_UT_5400_730,0.0019926641542962116
mix_UI_ST_5400_749,0.0014130113805512123
mix_UI_ST_5400_156,0.001754845040714993
cauldron_ln_21960,0.6918233418706095
cauldron_ln_577,0.6830881444959859
cauldron_ln_1416,0.655413224006205
cauldron_ln_5242,0.7721783359087976
mix_UI_ST_5400_167,0.0019095642545582932
cauldron_ln_4181,0.6883121872316252
mix_SI_UT_5400_1305,0.002037699291810862
mix_UI_ST_5400_854,0.0016273790401495195
cauldron_ln_2751,0.6984402269477133
cauldron_ln_23293,0.6214568494605233
mix_SI_UT_5400_1366,0.001236744272023139
cauldron_ln_3838,0.6287183211687982
cauldron_ln_16178,0.6257575908576705
cauldron_ln_100,0.6894665607062833
cauldron_ln_13803,0.6821074705316882
mix_SI_UT_5400_278,0.0015676178880030184
cauldron_ln_10579,0.7121072558581734
mix_UI_ST_5400_66,0.001972258878325944
cauldron_ln_17426,0.7130736735541179
mix_UI_ST_5400_1090,0.0013495572344993762
cauldron_ln_13716,0.5430506159105111
cauldron_ln_15463,0.7262939303513362
mix_SI_UT_5400_304,0.0014865672599651194
mix_UI_ST_5400_217,0.0012995400518435289
mix_SI_UT_5400_524,0.0017763573263689905
cauldron_ln_21604,0.7842210047682993
mix_SI_UT_5400_1404,0.001461171105540945
cauldron_ln_1517,0.679657689125405
mix_SI_UT_5400_1359,0.001894858626102541
mix_SI_UT_5400_804,0.0018614886513122833
cauldron_ln_6262,0.7355477535226924
cauldron_ln_27879,0.6720846174492181
mix_SI_UT_5400_865,0.001574517698821813
mix_SI_UT_5400_868,0.002574638276028711
mix_SI_UT_5400_606,0.0017084767905872758
mix_UI_ST_5400_1273,0.001556765762515001
mix_UI_ST_5400_825,0.0013964645154595128
mix_SI_UT_5400_370,0.001482891008362581
mix_SI_UT_5400_1280,0.0012283187114879568
mix_SI_UT_5400_713,0.002024408135430873
mix_UI_ST_5400_911,0.0010625088511266904
cauldron_ln_9162,0.6051846065348965
cauldron_ln_7894,0.6671247610124498
mix_UI_ST_5400_1196,0.001708507499094953
cauldron_ln_13609,0.6656870372021664
mix_SI_UT_5400_770,0.001434602592758819
cauldron_ln_17824,0.609701663367232
cauldron_ln_4,0.5139422039551959
cauldron_ln_7184,0.6836163699149219
cauldron_ln_12131,0.6301830993035573
cauldron_ln_22906,0.7316008479485397
cauldron_ln_14765,0.6283592929219237
cauldron_ln_10161,0.5923976652665841
cauldron_ln_10400,0.7036562058786203
cauldron_ln_5688,0.6919231643989683
cauldron_ln_24335,0.7499577136427663
mix_UI_ST_5400_1279,0.0019923739808377417
cauldron_ln_10067,0.5847218512542729
mix_SI_UT_5400_358,0.0018363632626560117
mix_UI_ST_5400_1290,0.0017480102415130276
cauldron_ln_22606,0.5844066188052551
cauldron_ln_8034,0.7129605914899526
mix_SI_UT_5400_246,0.0014382060922148783
cauldron_ln_11716,0.6977708803145584
cauldron_ln_26040,0.7500041816774172
cauldron_ln_26,0.5970854382495092
mix_SI_UT_5400_670,0.0026187669990227922
mix_UI_ST_5400_473,0.0011123978185447068
mix_UI_ST_5400_255,0.0027270034819772467
mix_UI_ST_5400_326,0.001028866079767167
cauldron_ln_27750,0.6199805068469902
cauldron_ln_5561,0.7291020208113987
cauldron_ln_8660,0.7681449329733337
mix_SI_UT_5400_859,0.002034024027213279
cauldron_ln_23350,0.7124336591903679
cauldron_ln_3842,0.7052221246663055
cauldron_ln_6538,0.6952794246926338
mix_SI_UT_5400_1217,0.0014991697672154585
mix_UI_ST_5400_465,0.0013629330779818668
mix_SI_UT_5400_907,0.0014778427754165674
cauldron_ln_24976,0.6822714513575423
cauldron_ln_1858,0.7375566267991037
cauldron_ln_23568,0.7644851421924553
cauldron_ln_17953,0.7536014770072871
mix_SI_UT_5400_8,0.0019164005778057511
cauldron_ln_28947,0.6683051280098441
mix_SI_UT_5400_1421,0.0019577801568051636
mix_SI_UT_5400_35,0.0022571480263424135
cauldron_ln_2613,0.6452693361408053
mix_UI_ST_5400_88,0.0021225768169259684
mix_UI_ST_5400_73,0.0013274339725110522
mix_UI_ST_5400_1370,0.001439480805522416
mix_UI_ST_5400_196,0.0019841280391859626
mix_UI_ST_5400_408,0.0009442417734755833
mix_UI_ST_5400_651,0.002084097739510909
cauldron_ln_20260,0.7607293826869451
cauldron_ln_111,0.5838537806069619
cauldron_ln_20513,0.6816596097634389
cauldron_ln_3969,0.7155212879369921
cauldron_ln_11963,0.7819230923927787
cauldron_ln_12732,0.528765425385625
mix_SI_UT_5400_1281,0.0022895170819780585
cauldron_ln_22788,0.6878364471643261
cauldron_ln_11793,0.7068309196376641
cauldron_ln_27061,0.7744389550408007
cauldron_ln_3418,0.6757912063125981
cauldron_ln_4130,0.6478048140757583
mix_SI_UT_5400_700,0.0017378023883997983
mix_SI_UT_5400_184,0.0013711238234583316
mix_SI_UT_5400_1257,0.0013349522892027676
cauldron_ln_14787,0.7180037939138096
mix_UI_ST_5400_528,0.0017646157120556401
mix_UI_ST_5400_905,0.002081459386460524
mix_SI_UT_5400_925,0.0021651909190282767
cauldron_ln_707,0.6051953788030038
mix_SI_UT_5400_473,0.0016102302545260969
mix_SI_UT_5400_72,0.002186110638072597
cauldron_ln_28407,0.7121631505787803
mix_UI_ST_5400_634,0.001676689393711561
cauldron_ln_26101,0.7787485198617052
mix_SI_UT_5400_1348,0.0012067006783503412
mix_SI_UT_5400_592,0.0022351966629977453
cauldron_ln_22926,0.6969436352453757
cauldron_ln_1577,0.6798793567102932
cauldron_ln_3840,0.662407716710123
cauldron_ln_10875,0.6108526882309113
mix_UI_ST_5400_1493,0.0014644097228936838
cauldron_ln_9804,0.6827867652193131
cauldron_ln_18037,0.6686667268144872
cauldron_ln_8844,0.6925774306950956
cauldron_ln_9144,0.7613455838747446
mix_UI_ST_5400_234,0.0012064756231126839
mix_SI_UT_5400_531,0.0005318775309647662
mix_SI_UT_5400_416,0.0014635470406673034
mix_SI_UT_5400_1185,0.0010398137267723312
mix_UI_ST_5400_304,0.0023177103696639953
mix_UI_ST_5400_1020,0.0018437787902715586
cauldron_ln_21999,0.6406245082547057
mix_UI_ST_5400_272,0.0007931028054720189
mix_UI_ST_5400_139,0.001478381299904819
cauldron_ln_16553,0.7427746697759241
mix_SI_UT_5400_764,0.0018188696770459977
mix_SI_UT_5400_547,0.0015145393881529458
mix_UI_ST_5400_1184,0.0018123352955753404
mix_UI_ST_5400_1381,0.0021000635942666638
mix_UI_ST_5400_1322,0.001519042125109431
mix_SI_UT_5400_1041,0.0015536520719324055
mix_SI_UT_5400_200,0.0016041216473608733
cauldron_ln_17601,0.6818206465206785
cauldron_ln_28140,0.7158093804574952
cauldron_ln_11792,0.6624828081934515
cauldron_ln_24762,0.7522481210838684
cauldron_ln_6564,0.7234976458573545
mix_UI_ST_5400_1349,0.0021213113424548968
mix_SI_UT_5400_831,0.0017530007714189795
cauldron_ln_24831,0.7821180206962863
cauldron_ln_11818,0.6977399806565867
mix_UI_ST_5400_1136,0.0013551159036783648
mix_UI_ST_5400_1087,0.0010572651083194306
cauldron_ln_23301,0.7157380103460551
cauldron_ln_4432,0.7467116969483575
mix_SI_UT_5400_1022,0.0013994747046022706
mix_UI_ST_5400_209,0.0016142113953672773
cauldron_ln_14925,0.6734318369089367
cauldron_ln_14670,0.6297952204768333
cauldron_ln_29994,0.7281212475070664
mix_UI_ST_5400_1137,0.001379089081514056
cauldron_ln_22708,0.6741642845190416
cauldron_ln_17068,0.6922089888666089
mix_SI_UT_5400_376,0.00187935569423755
mix_UI_ST_5400_1161,0.0013809837560312388
cauldron_ln_21019,0.7667430030253708
mix_SI_UT_5400_818,0.0009732010184384895
cauldron_ln_10761,0.7526259150829301
cauldron_ln_21311,0.6305130709576234
mix_UI_ST_5400_261,0.0011091950414062468
cauldron_ln_19211,0.5653033396446321
cauldron_ln_18887,0.7249209734313364
mix_UI_ST_5400_115,0.001293626909721806
mix_UI_ST_5400_1144,0.0020730977166899837
cauldron_ln_28447,0.713274347452324
cauldron_ln_10020,0.6581647875697639
mix_SI_UT_5400_1382,0.0019465357536860284
cauldron_ln_4115,0.5396082910317035
cauldron_ln_22528,0.7808315781898313
mix_UI_ST_5400_259,0.0011714889602134895
mix_UI_ST_5400_1475,0.0014320342327563038
mix_UI_ST_5400_686,0.0013609748546350442
mix_UI_ST_5400_1267,0.0012860788642505032
mix_UI_ST_5400_1337,0.0017397603854504987
cauldron_ln_18384,0.6978490061412868
mix_SI_UT_5400_395,0.0019416164843017438
cauldron_ln_12872,0.7365218523820961
cauldron_ln_12801,0.6066625882772556
mix_UI_ST_5400_495,0.0021473349257706614
mix_SI_UT_5400_1063,0.0016586925726922916
mix_UI_ST_5400_1441,0.002028792798509458
cauldron_ln_9897,0.6482333622504558
cauldron_ln_6637,0.6661495569990034
cauldron_ln_17975,0.7403813538673577
mix_SI_UT_5400_1000,0.0016857333349873083
mix_SI_UT_5400_314,0.0016732668017732514
cauldron_ln_28730,0.7947196667631165
mix_SI_UT_5400_1418,0.0018146159326539514
cauldron_ln_14328,0.6989039714723939
cauldron_ln_9377,0.67160341154291
mix_SI_UT_5400_177,0.0014036249758147532
mix_SI_UT_5400_775,0.0015248640898836824
mix_UI_ST_5400_931,0.0017990401963322287
cauldron_ln_24695,0.542229700643282
cauldron_ln_27146,0.7280463571814008
mix_SI_UT_5400_229,0.0013187121031810066
cauldron_ln_3454,0.7175345886717053
mix_UI_ST_5400_117,0.0017500302779270274
mix_UI_ST_5400_264,0.0019919955255981122
mix_UI_ST_5400_699,0.0008377129185110948
cauldron_ln_7279,0.6733069698799823
cauldron_ln_3634,0.7011563317064807
mix_SI_UT_5400_355,0.0016453040065602153
mix_SI_UT_5400_1456,0.0009235710115746106
cauldron_ln_1775,0.5803899200120893
mix_UI_ST_5400_574,0.0015380420920087185
mix_SI_UT_5400_1375,0.0009045876792076668
cauldron_ln_15192,0.7324353440014092
mix_SI_UT_5400_957,0.0012609426224273904
mix_UI_ST_5400_1097,0.0020177189332192956
cauldron_ln_19944,0.6985036912190108
mix_SI_UT_5400_642,0.0013368068797910972
cauldron_ln_24871,0.628464257905816
cauldron_ln_17845,0.732000067498024
mix_UI_ST_5400_1200,0.0015659368613180557
mix_UI_ST_5400_1042,0.0015634317675282216
cauldron_ln_14225,0.6218434174739332
mix_SI_UT_5400_46,0.0016765918446130883
mix_SI_UT_5400_816,0.0016393858364144684
cauldron_ln_7242,0.7380437603742086
mix_UI_ST_5400_576,0.0012071491942783992
cauldron_ln_23682,0.7362435206730928
cauldron_ln_282,0.5953605390819724
mix_UI_ST_5400_1298,0.0009042117086299486
mix_UI_ST_5400_951,0.0011766485568794234
cauldron_ln_27680,0.7680166421310427
cauldron_ln_9697,0.6887283109643907
cauldron_ln_4974,0.6421990178583432
cauldron_ln_10928,0.6755894491996419
mix_UI_ST_5400_852,0.0014689674999963866
cauldron_ln_19496,0.7016658290816455
cauldron_ln_21270,0.6568327973284718
mix_SI_UT_5400_881,0.0011283763641514318
cauldron_ln_11513,0.716626329117012
cauldron_ln_4536,0.696681525214982
cauldron_ln_267,0.5967411999324832
cauldron_ln_15229,0.6791880606027513
mix_UI_ST_5400_1088,0.0028601983577460585
cauldron_ln_20409,0.6347615813686504
cauldron_ln_24241,0.6961971065620156
mix_UI_ST_5400_173,0.0006883284521641322
cauldron_ln_2865,0.4813884098278007
cauldron_ln_21754,0.7261180726423968
mix_SI_UT_5400_1094,0.0012524013184559467
cauldron_ln_29473,0.6965757091256825
cauldron_ln_12952,0.7620386163753037
mix_SI_UT_5400_1057,0.001826841575430709
mix_SI_UT_5400_842,0.0017809603974232768
mix_SI_UT_5400_199,0.001808713479820126
mix_SI_UT_5400_947,0.0019919622003690086
cauldron_ln_10261,0.6825157734750747
cauldron_ln_21853,0.6617645067500216
mix_UI_ST_5400_479,0.0022210904676983915
mix_SI_UT_5400_1484,0.0013574277520165031
cauldron_ln_24500,0.7640415161437792
cauldron_ln_22470,0.7517764605607202
mix_SI_UT_5400_494,0.0022355883462090776
cauldron_ln_8989,0.7056242933759763
mix_SI_UT_5400_285,0.0018085181065345378
cauldron_ln_22366,0.49735455331113604
cauldron_ln_23547,0.6873403558993993
cauldron_ln_12077,0.6908400684482502
cauldron_ln_18287,0.7069521710990753
mix_SI_UT_5400_79,0.0017016337712921943
mix_SI_UT_5400_1274,0.002071089882209165
mix_UI_ST_5400_135,0.00155100284263945
mix_SI_UT_5400_4,0.0010208004862758155
mix_UI_ST_5400_313,0.0015583070705669506
cauldron_ln_28239,0.757802500561389
cauldron_ln_22435,0.6438227159971719
cauldron_ln_23955,0.6179658040396963
mix_UI_ST_5400_358,0.0015867348130969184
cauldron_ln_15158,0.7021815139728166
cauldron_ln_28153,0.6267121637201774
mix_UI_ST_5400_1306,0.0010219903029663737
cauldron_ln_27377,0.6867481908452799
mix_UI_ST_5400_1127,0.0015592665658612794
cauldron_ln_22043,0.7279292768224638
cauldron_ln_8148,0.7418086329070884
cauldron_ln_28423,0.7493362416223965
cauldron_ln_24261,0.5709815641642639
cauldron_ln_16295,0.4102591690371269
mix_SI_UT_5400_518,0.0017355590461063462
mix_UI_ST_5400_169,0.0011078693045948947
cauldron_ln_28681,0.6282703522579627
cauldron_ln_29551,0.6554502770906779
cauldron_ln_9613,0.49350429616095953
cauldron_ln_28425,0.6627040843891042
cauldron_ln_27791,0.7244659326120015
mix_UI_ST_5400_664,0.0017803530414017496
mix_SI_UT_5400_237,0.0015740173657490047
cauldron_ln_1061,0.6490909081973845
mix_SI_UT_5400_922,0.0010624800554955944
mix_SI_UT_5400_599,0.0009815633920951423
cauldron_ln_16365,0.6685385646037052
cauldron_ln_12138,0.6603373840872631
mix_SI_UT_5400_211,0.000984312314366277
cauldron_ln_15360,0.745803075011956
mix_SI_UT_5400_961,0.00134672405794543
cauldron_ln_26558,0.6878209281215926
mix_SI_UT_5400_1319,0.002585966287352955
mix_UI_ST_5400_166,0.0006937262883016406
mix_UI_ST_5400_1055,0.0011487807893159068
mix_UI_ST_5400_759,0.0010025149082798779
cauldron_ln_15915,0.7240688952979765
mix_SI_UT_5400_1182,0.0016434830246599228
cauldron_ln_19229,0.7636203709193884
cauldron_ln_13509,0.7534059592767942
cauldron_ln_14078,0.7569106765801016
cauldron_ln_21191,0.7033055378280175
cauldron_ln_16830,0.6298060691569393
cauldron_ln_2993,0.618951311175427
mix_UI_ST_5400_1296,0.001196635640214628
cauldron_ln_18156,0.6824017499700771
cauldron_ln_9290,0.5886103513021501
cauldron_ln_13313,0.5846841045815164
cauldron_ln_16479,0.7274246566800457
cauldron_ln_24995,0.4666699803692866
cauldron_ln_16468,0.7608310738104198
mix_UI_ST_5400_952,0.001055870743310949
mix_SI_UT_5400_974,0.0018142441626224314
mix_UI_ST_5400_323,0.0014319513136159799
mix_SI_UT_5400_386,0.0012202040209884893
cauldron_ln_27476,0.5746814704416635
cauldron_ln_25385,0.7074983139428337
cauldron_ln_29764,0.5605840323976682
cauldron_ln_19917,0.6787704858703378
cauldron_ln_27383,0.7104459885341847
cauldron_ln_8051,0.6810201356874076
cauldron_ln_26037,0.6914816693286836
mix_UI_ST_5400_1081,0.0017143650935996758
cauldron_ln_13295,0.6504559914276589
cauldron_ln_19275,0.6464217910694697
cauldron_ln_19672,0.7030533137595901
cauldron_ln_15785,0.7147154757703263
cauldron_ln_25528,0.6704454912082898
cauldron_ln_12592,0.7469278939963488
cauldron_ln_1072,0.6112693608125138
cauldron_ln_18180,0.7453717063558508
mix_UI_ST_5400_422,0.0022344198931621337
cauldron_ln_16366,0.6752399395664113
mix_SI_UT_5400_704,0.0011774453389496531
cauldron_ln_26356,0.55060161542268
mix_SI_UT_5400_1258,0.0022550046780806295
cauldron_ln_5220,0.6925493207449773
mix_SI_UT_5400_32,0.0013780192897504904
mix_SI_UT_5400_1278,0.0008565086773957893
cauldron_ln_12273,0.7351863987083784
mix_UI_ST_5400_1109,0.001446026606934739
mix_SI_UT_5400_341,0.0012906749835925738
cauldron_ln_19988,0.47218026410283526
cauldron_ln_22714,0.6518933836034205
cauldron_ln_5466,0.7429400864803494
mix_UI_ST_5400_997,0.0012070733996177262
cauldron_ln_7087,0.6946689144938922
cauldron_ln_27022,0.6228378425308754
cauldron_ln_22263,0.7371195696409194
mix_UI_ST_5400_174,0.0021043347330300757
mix_SI_UT_5400_1459,0.0023399293707297305
cauldron_ln_17682,0.7063933068212638
mix_UI_ST_5400_523,0.0019457865997440152
cauldron_ln_23193,0.6932154540108294
mix_SI_UT_5400_356,0.0017224953471547892
cauldron_ln_17012,0.748652354819552
mix_UI_ST_5400_151,0.001354355974217543
cauldron_ln_23472,0.790343938123314
mix_UI_ST_5400_906,0.0014502206435862035
mix_SI_UT_5400_589,0.002313636514270091
cauldron_ln_14928,0.6750019457995361
mix_UI_ST_5400_559,0.0011896452748430748
mix_UI_ST_5400_1178,0.001643838740326911
mix_SI_UT_5400_381,0.0008165300362470302
mix_SI_UT_5400_15,0.0013960236884164512
mix_UI_ST_5400_1336,0.0012419606428607428
cauldron_ln_18212,0.7373336131249227
cauldron_ln_9393,0.6697848587893714
mix_UI_ST_5400_1366,0.0017325022683442218
cauldron_ln_24724,0.7279216290076806
mix_UI_ST_5400_153,0.0021524370469751413
mix_SI_UT_5400_244,0.0019863553948355935
mix_UI_ST_5400_1182,0.0013183137328138146
cauldron_ln_29642,0.7010147027945807
mix_SI_UT_5400_1236,0.002001851228275638
cauldron_ln_17094,0.6918192834666372
mix_UI_ST_5400_769,0.0014661923253966066
mix_SI_UT_5400_759,0.0014327564786047505
mix_UI_ST_5400_963,0.0010794240196110845
mix_UI_ST_5400_486,0.0014360625540268035
mix_SI_UT_5400_1498,0.0017822734696507085
mix_UI_ST_5400_941,0.001436102914940522
mix_UI_ST_5400_273,0.0016512027364934687
cauldron_ln_1134,0.6302481285863044
cauldron_ln_17818,0.7282900869849932
cauldron_ln_8160,0.7405945839743413
mix_UI_ST_5400_379,0.00129224706040648
mix_SI_UT_5400_971,0.0014413395502194874
cauldron_ln_19128,0.6732000125207988
cauldron_ln_28319,0.6811811769077258
cauldron_ln_25271,0.7340157606082606
mix_SI_UT_5400_912,0.0009477366980170938
mix_SI_UT_5400_663,0.0014147282999769798
cauldron_ln_14414,0.7431690687763348
mix_SI_UT_5400_946,0.0017723242774718626
cauldron_ln_8837,0.6073688108681576
cauldron_ln_15060,0.4997522426432008
mix_UI_ST_5400_1451,0.00200938773933343
cauldron_ln_7024,0.7064858130465147
cauldron_ln_12838,0.5997286705874428
cauldron_ln_27913,0.6282798584019408
cauldron_ln_6826,0.7667042369300253
cauldron_ln_1377,0.522937484136212
mix_UI_ST_5400_1320,0.001682002392846114
cauldron_ln_17505,0.6641769902024999
mix_UI_ST_5400_242,0.0016657558295234199
cauldron_ln_10498,0.7263919924813284
mix_UI_ST_5400_917,0.0016357777742320126
mix_UI_ST_5400_8,0.001598465633521455
cauldron_ln_12260,0.5813866906034935
cauldron_ln_29081,0.7729528542114047
cauldron_ln_18880,0.6730697860028295
cauldron_ln_24910,0.567179348265139
mix_SI_UT_5400_819,0.0013096419033450512
mix_SI_UT_5400_197,0.0013992417769719593
mix_SI_UT_5400_441,0.0020916676483489337
mix_SI_UT_5400_365,0.0011437590936496003
mix_SI_UT_5400_1460,0.0012959831619248565
cauldron_ln_21085,0.7692160323885485
cauldron_ln_18882,0.7232039990855152
mix_SI_UT_5400_883,0.0017113204610858176
cauldron_ln_26626,0.7295495731997046
mix_UI_ST_5400_1354,0.0020323293999549314
mix_UI_ST_5400_639,0.0017712036093127765
cauldron_ln_19329,0.7163178151634044
mix_SI_UT_5400_272,0.001512482991628014
mix_UI_ST_5400_1301,0.0019419762351735057
mix_SI_UT_5400_345,0.0010462328752171345
cauldron_ln_27328,0.7639136104723655
cauldron_ln_760,0.6869852283843919
cauldron_ln_18194,0.7714458525489901
cauldron_ln_4923,0.6443863558888919
cauldron_ln_19815,0.7340025363384247
mix_UI_ST_5400_6,0.0014265029724008815
mix_UI_ST_5400_1107,0.0013345055874438912
mix_UI_ST_5400_767,0.0016824580333109258
mix_UI_ST_5400_707,0.00208733899168732
mix_SI_UT_5400_1440,0.001331582721151503
cauldron_ln_22592,0.6882271445319823
mix_SI_UT_5400_1153,0.0010612441024742943
mix_UI_ST_5400_1467,0.0013552023896040537
cauldron_ln_6244,0.6950449768716184
cauldron_ln_952,0.5140819181967894
mix_UI_ST_5400_853,0.0020584806988086066
cauldron_ln_3367,0.7028600663244283
cauldron_ln_7909,0.6526059889640476
mix_UI_ST_5400_418,0.0018818222244452456
cauldron_ln_104,0.5361078934300388
mix_SI_UT_5400_690,0.001932421654524685
mix_SI_UT_5400_1411,0.0014604762324007528
cauldron_ln_21039,0.6228728164649155
cauldron_ln_19441,0.7858292442665085
mix_UI_ST_5400_126,0.0013943520854233138
mix_UI_ST_5400_630,0.001274463962553051
cauldron_ln_12871,0.566948890194501
mix_SI_UT_5400_996,0.0016035301230312962
cauldron_ln_24918,0.6590710435047655
mix_UI_ST_5400_237,0.0016528614835735174
mix_UI_ST_5400_25,0.001396126909456876
mix_SI_UT_5400_766,0.0015126102265113207
cauldron_ln_2236,0.5819229190442404
mix_UI_ST_5400_469,0.0011467194706912896
cauldron_ln_4330,0.6991231948262451
mix_SI_UT_5400_1062,0.0017631248345391089
cauldron_ln_15047,0.5637428815075562
mix_SI_UT_5400_913,0.0014203040968814064
mix_SI_UT_5400_1365,0.002298712653615499
cauldron_ln_7687,0.701283080723778
mix_UI_ST_5400_1116,0.0010735869152453973
cauldron_ln_28037,0.6916042891335383
cauldron_ln_24513,0.6538553517515822
cauldron_ln_17520,0.6555039937112015
mix_SI_UT_5400_1355,0.0024508464761438626
cauldron_ln_20164,0.6394105362159559
cauldron_ln_18029,0.6797807012023517
mix_SI_UT_5400_302,0.0022184282287901636
cauldron_ln_15831,0.7403420617746607
mix_SI_UT_5400_293,0.001473115477934182
cauldron_ln_22601,0.7424893429347343
cauldron_ln_11875,0.7430639844510797
mix_SI_UT_5400_306,0.0012614476790328065
mix_UI_ST_5400_1492,0.0018639768840817744
mix_UI_ST_5400_904,0.0009960124629521594
cauldron_ln_17733,0.7656150306313032
cauldron_ln_5667,0.7638980882625465
cauldron_ln_11601,0.7565686577359139
cauldron_ln_2360,0.7137596388343389
mix_SI_UT_5400_1403,0.0017662654317054027
mix_UI_ST_5400_600,0.0013416023714519377
cauldron_ln_9932,0.6739428131209716
mix_UI_ST_5400_104,0.0015347689463648707
cauldron_ln_713,0.709075163366249
cauldron_ln_18329,0.7470585858070306
mix_UI_ST_5400_565,0.001847280789452848
cauldron_ln_2667,0.7092319893636413
cauldron_ln_17716,0.7733695555584089
mix_UI_ST_5400_878,0.001959701758049607
cauldron_ln_9780,0.7700533802799826
mix_SI_UT_5400_1074,0.001336199527514896
cauldron_ln_17007,0.7205813619905175
mix_SI_UT_5400_521,0.0011307425250304806
mix_SI_UT_5400_322,0.0017010330148511965
mix_SI_UT_5400_988,0.0013310024884244773
mix_SI_UT_5400_864,0.0015489408207890094
cauldron_ln_21908,0.7205468495879966
cauldron_ln_17746,0.7372684254725661
mix_UI_ST_5400_497,0.0022020202932966637
mix_UI_ST_5400_287,0.0010783716573822262
mix_SI_UT_5400_1080,0.001135069437585016
cauldron_ln_1913,0.7115734903712001
cauldron_ln_4288,0.6861106149281981
mix_SI_UT_5400_192,0.0019212843325149037
cauldron_ln_19235,0.731399095041784
cauldron_ln_1322,0.522495803510609
mix_SI_UT_5400_959,0.0012334330457359796
mix_SI_UT_5400_507,0.0011484990913153013
cauldron_ln_532,0.6481619167787295
cauldron_ln_10236,0.742055275602396
mix_SI_UT_5400_461,0.0018429969271245542
cauldron_ln_16031,0.7166783863219457
cauldron_ln_27268,0.6548812032320439
cauldron_ln_5530,0.7343385418993431
cauldron_ln_13757,0.615743607257408
mix_UI_ST_5400_354,0.0013900902222957225
mix_UI_ST_5400_1348,0.0015550108738697427
mix_UI_ST_5400_510,0.001172125028946951
mix_UI_ST_5400_178,0.0007407652444767156
mix_UI_ST_5400_492,0.001640803664536406
mix_UI_ST_5400_89,0.0015718877866794008
cauldron_ln_28265,0.6556973736019128
cauldron_ln_29227,0.44362552278101014
cauldron_ln_21442,0.7256458545599018
cauldron_ln_5510,0.692960309707554
cauldron_ln_2423,0.7197113685538343
mix_UI_ST_5400_27,0.0012470017880061124
cauldron_ln_17678,0.7673491308831905
mix_UI_ST_5400_1486,0.0013737431399185357
mix_UI_ST_5400_1164,0.0013584263433668567
mix_SI_UT_5400_14,0.0018733111311075156
cauldron_ln_12076,0.7844708859655347
cauldron_ln_24508,0.4819529647260593
mix_UI_ST_5400_895,0.0008236659274953127
cauldron_ln_28687,0.7204387641717416
cauldron_ln_18429,0.7021760429411946
mix_SI_UT_5400_548,0.0016855590643299469
cauldron_ln_7694,0.7410067888342899
mix_UI_ST_5400_546,0.000725658211467755
cauldron_ln_1443,0.6589023570325748
mix_SI_UT_5400_85,0.0008644895690727624
mix_UI_ST_5400_328,0.001311528127588987
mix_UI_ST_5400_396,0.0022811247483889656
cauldron_ln_25899,0.7214650863289869
mix_SI_UT_5400_243,0.00300785662071609
cauldron_ln_6814,0.6946251760777831
mix_UI_ST_5400_1371,0.0014716863293864917
cauldron_ln_22561,0.6357477805784362
mix_UI_ST_5400_526,0.0016005965915966028
mix_UI_ST_5400_953,0.0011290456768426088
cauldron_ln_9047,0.7056260995712057
cauldron_ln_1851,0.678887785040618
cauldron_ln_10148,0.7187874576487354
mix_SI_UT_5400_1163,0.001212274641133431
mix_SI_UT_5400_1222,0.0021637183080446456
mix_SI_UT_5400_791,0.001719510131230776
mix_UI_ST_5400_1068,0.0015627452525801605
mix_SI_UT_5400_1117,0.001880444164136359
mix_SI_UT_5400_797,0.0010525229062889716
mix_UI_ST_5400_1284,0.002186477963809073
cauldron_ln_7231,0.7585056571571941
mix_SI_UT_5400_686,0.0019165692358077745
mix_UI_ST_5400_131,0.0014134337773058364
mix_UI_ST_5400_1304,0.001701572165765091
mix_UI_ST_5400_205,0.0013207636828668563
cauldron_ln_20637,0.7050050986224772
mix_SI_UT_5400_1331,0.0020468593271870776
cauldron_ln_7840,0.6184967191337151
cauldron_ln_15445,0.5594667149719543
cauldron_ln_23019,0.7118929943453975
mix_UI_ST_5400_1415,0.0020935574163850963
mix_UI_ST_5400_218,0.001243450616066023
cauldron_ln_12201,0.7806115319399883
mix_SI_UT_5400_221,0.0017617911324556332
cauldron_ln_22418,0.7594643660029391
mix_UI_ST_5400_607,0.0009051905555853469
mix_UI_ST_5400_228,0.0014972147663710068
mix_SI_UT_5400_405,0.0028899939430299735
mix_UI_ST_5400_882,0.0012753273294771577
cauldron_ln_12261,0.6717228438301018
mix_SI_UT_5400_181,0.0026777354605616865
mix_UI_ST_5400_222,0.0022158147755383063
cauldron_ln_20062,0.7128846680949513
cauldron_ln_6613,0.7021935970878382
mix_SI_UT_5400_1216,0.0015023535983751284
cauldron_ln_25459,0.7255953290658413
mix_UI_ST_5400_96,0.0020593575971736442
mix_SI_UT_5400_424,0.0020105722345816067
mix_UI_ST_5400_703,0.00217756743680836
cauldron_ln_17686,0.7832018591353331
cauldron_ln_14762,0.7111374932470806
mix_UI_ST_5400_1207,0.002119860690054687
mix_UI_ST_5400_444,0.0016726745242647207
cauldron_ln_22081,0.6295981435863984
mix_UI_ST_5400_937,0.0016007114127080649
cauldron_ln_6114,0.8311542000278823
cauldron_ln_20165,0.7333262335699464
mix_SI_UT_5400_87,0.0015907060682283235
cauldron_ln_12084,0.7266263014195773
cauldron_ln_29534,0.7752212608165651
cauldron_ln_12057,0.6695777184862021
mix_SI_UT_5400_1175,0.0010683723284502478
mix_SI_UT_5400_1318,0.0019795750885762994
mix_SI_UT_5400_330,0.0019642699175029168
cauldron_ln_28234,0.6532761609422777
mix_SI_UT_5400_664,0.001712033814173311
mix_SI_UT_5400_893,0.0018731695237792446
mix_UI_ST_5400_808,0.0015917974944343145
cauldron_ln_18590,0.633085806742252
mix_UI_ST_5400_37,0.0017428058579930612
cauldron_ln_14287,0.6775340546618294
mix_SI_UT_5400_1497,0.00287727239991393
cauldron_ln_14646,0.7314132352326949
mix_UI_ST_5400_312,0.001208135375064513
mix_UI_ST_5400_58,0.002723406669260104
cauldron_ln_15106,0.7516952375814789
cauldron_ln_28937,0.6215417051319155
cauldron_ln_9068,0.7158007599871421
mix_SI_UT_5400_1311,0.0014030309487249816
cauldron_ln_11543,0.7239379977190494
cauldron_ln_10436,0.6960067852893067
mix_UI_ST_5400_154,0.0020785728351014267
mix_UI_ST_5400_996,0.0016893218489861174
cauldron_ln_5399,0.6696070766463907
mix_SI_UT_5400_714,0.0013714846322000274
cauldron_ln_17677,0.674017026095251
mix_UI_ST_5400_1206,0.001594776782108961
cauldron_ln_17744,0.666196475313652
mix_UI_ST_5400_361,0.0020671949665025846
mix_UI_ST_5400_1232,0.001940090764573062
cauldron_ln_4159,0.7343950301625074
mix_SI_UT_5400_1379,0.0021649186718639226
mix_SI_UT_5400_122,0.001453706359871672
mix_UI_ST_5400_1094,0.001444015100339723
mix_UI_ST_5400_1157,0.001959138836372992
mix_SI_UT_5400_618,0.0027093850154612815
cauldron_ln_8745,0.688006095649692
cauldron_ln_17018,0.6810464439402564
cauldron_ln_12142,0.5109581723095469
mix_UI_ST_5400_936,0.00099710485598009
mix_UI_ST_5400_971,0.001190034767455982
mix_UI_ST_5400_223,0.0010688380809228894
cauldron_ln_22955,0.71299257617916
mix_UI_ST_5400_567,0.0017065210952379366
mix_UI_ST_5400_85,0.0021197238140892335
cauldron_ln_3120,0.6570070064692701
mix_SI_UT_5400_1214,0.0014130283692018123
cauldron_ln_4493,0.6199181933124499
cauldron_ln_2793,0.6578810938943735
cauldron_ln_22121,0.6384955688406335
mix_UI_ST_5400_348,0.0018727760927624792
cauldron_ln_17747,0.7160995264215216
cauldron_ln_730,0.6347447410830943
mix_UI_ST_5400_1487,0.001661016074085162
cauldron_ln_29277,0.5592196729094758
mix_SI_UT_5400_876,0.0012565234546223116
mix_UI_ST_5400_488,0.001562338848254283
cauldron_ln_18272,0.6156349472634873
cauldron_ln_9694,0.4793819335753972
cauldron_ln_13224,0.7529917441746743
cauldron_ln_23804,0.7554383934132423
cauldron_ln_10404,0.6937254763307086
cauldron_ln_21419,0.6909674231179517
mix_SI_UT_5400_1377,0.0018284411399962742
mix_UI_ST_5400_838,0.001643061214485315
mix_UI_ST_5400_818,0.001727945613022191
cauldron_ln_23068,0.7415463222486903
cauldron_ln_26121,0.6895527304148203
mix_SI_UT_5400_261,0.0015050350267053398
cauldron_ln_22032,0.6005676535041184
cauldron_ln_13097,0.7439559283763508
cauldron_ln_9075,0.7030026346400627
mix_UI_ST_5400_122,0.0014119703088112878
mix_SI_UT_5400_660,0.001978968472639782
cauldron_ln_4488,0.6739617548508536
cauldron_ln_15005,0.5793302153354194
cauldron_ln_13020,0.6757560209784597
cauldron_ln_23208,0.6325402736278464
cauldron_ln_19173,0.650158265211776
mix_SI_UT_5400_1277,0.0017271233764369067
cauldron_ln_20865,0.6844860757132151
mix_SI_UT_5400_707,0.0009445098175221088
mix_SI_UT_5400_722,0.001528536022043426
mix_SI_UT_5400_595,0.0021253162199212834
mix_SI_UT_5400_1283,0.0021781427234985043
cauldron_ln_15404,0.6676069040094682
mix_UI_ST_5400_1346,0.002013267038713893
cauldron_ln_24589,0.7362074616877147
cauldron_ln_3273,0.7338316097556876
cauldron_ln_21894,0.749299434547804
mix_SI_UT_5400_698,0.0013525103462120557
cauldron_ln_1926,0.7109083343491176
mix_SI_UT_5400_1137,0.0008317676457235855
mix_SI_UT_5400_562,0.001593874004993874
cauldron_ln_8737,0.732506533108816
cauldron_ln_23765,0.7473845655190015
cauldron_ln_15423,0.6464072640878316
mix_UI_ST_5400_463,0.0011930188622211217
cauldron_ln_9152,0.636151450454643
cauldron_ln_25713,0.6845251172200012
mix_UI_ST_5400_1340,0.0011541549949291188
mix_SI_UT_5400_1046,0.0015115650941411164
cauldron_ln_29737,0.6084753450046794
cauldron_ln_19616,0.6622500996000458
mix_UI_ST_5400_401,0.0009821617909228923
cauldron_ln_29855,0.7322717683547949
mix_UI_ST_5400_293,0.001742475719432284
mix_UI_ST_5400_152,0.0017787301990994401
cauldron_ln_4566,0.526914615472288
cauldron_ln_26149,0.5416564021981904
cauldron_ln_3121,0.6436495698458047
mix_UI_ST_5400_467,0.0018359602555450508
cauldron_ln_783,0.4270531113003757
mix_SI_UT_5400_908,0.0022589264396960206
mix_UI_ST_5400_1122,0.0014637648617260692
mix_SI_UT_5400_1303,0.002647286337808115
cauldron_ln_8140,0.6603094531909653
mix_SI_UT_5400_1239,0.0018967081094051405
cauldron_ln_16842,0.6177359717146556
cauldron_ln_8211,0.6121034848439822
cauldron_ln_10395,0.7194394476143564
cauldron_ln_27965,0.6045644167046927
mix_SI_UT_5400_260,0.0013196041993030526
mix_UI_ST_5400_754,0.0015746645464282058
mix_UI_ST_5400_553,0.0009423909551707656
cauldron_ln_18735,0.7855584825646286
mix_SI_UT_5400_1407,0.001975521725729673
mix_SI_UT_5400_1384,0.002059014976362243
cauldron_ln_11923,0.5545068228169142
mix_UI_ST_5400_964,0.001007797318362979
cauldron_ln_17263,0.7630698520029752
cauldron_ln_26409,0.5810382474851157
cauldron_ln_19755,0.48284616889934945
cauldron_ln_29941,0.6545516906089652
cauldron_ln_18758,0.7191152406846414
mix_UI_ST_5400_303,0.0014191354844963605
mix_UI_ST_5400_549,0.0014291430934548907
mix_SI_UT_5400_1344,0.0017446800846615987
mix_UI_ST_5400_1221,0.002091731741035712
cauldron_ln_11219,0.7248185849728284
cauldron_ln_804,0.5898693523952853
mix_SI_UT_5400_924,0.0018419988950047937
mix_UI_ST_5400_266,0.001421501554201013
mix_SI_UT_5400_897,0.0012235236494897955
cauldron_ln_14526,0.6813362758432019
mix_SI_UT_5400_431,0.0015237322454264106
cauldron_ln_24533,0.7558266383791227
mix_SI_UT_5400_298,0.001789719710510392
mix_SI_UT_5400_1304,0.0017785733206793167
cauldron_ln_12514,0.741169680687328
mix_SI_UT_5400_1250,0.0014400804137107957
mix_SI_UT_5400_560,0.0009700019715466035
cauldron_ln_6322,0.6303043299157298
cauldron_ln_7000,0.6274304878031911
cauldron_ln_26584,0.7265923009868749
cauldron_ln_9776,0.7282894731405872
mix_UI_ST_5400_805,0.0010387543440505788
mix_UI_ST_5400_594,0.0011717502257775929
cauldron_ln_10902,0.704120165631066
cauldron_ln_7101,0.7803048648417391
mix_SI_UT_5400_942,0.0011491531599792904
cauldron_ln_16806,0.736542111092253
cauldron_ln_8162,0.7515901247117602
cauldron_ln_2732,0.6661006834101125
cauldron_ln_15859,0.5173816398789647
mix_UI_ST_5400_1124,0.001480791079105089
cauldron_ln_20975,0.5706823458551372
mix_UI_ST_5400_1397,0.001677244098844058
mix_SI_UT_5400_434,0.0018218235814934107
mix_SI_UT_5400_1166,0.0016430076930702957
cauldron_ln_17249,0.6594520701188568
mix_SI_UT_5400_126,0.0015676942621455096
cauldron_ln_20032,0.6929902841938301
mix_UI_ST_5400_220,0.0018846099366069625
mix_SI_UT_5400_326,0.00167958226360536
mix_SI_UT_5400_836,0.0015531247738762705
cauldron_ln_20845,0.5935934984044904
cauldron_ln_19643,0.7432138963960903
mix_UI_ST_5400_679,0.0015897138015109804
cauldron_ln_13175,0.701122775811954
mix_SI_UT_5400_565,0.0019408446145770014
cauldron_ln_28208,0.6513591173690343
cauldron_ln_20628,0.7193118472559735
mix_SI_UT_5400_295,0.0017070002285454378
mix_UI_ST_5400_208,0.001778032046406074
mix_SI_UT_5400_758,0.0009871267339680216
mix_UI_ST_5400_1213,0.0011653207233659913
mix_SI_UT_5400_739,0.0017582107733080945
mix_SI_UT_5400_1360,0.0013545006033218454
cauldron_ln_12098,0.7091092346565671
mix_UI_ST_5400_279,0.0014024177199394613
mix_SI_UT_5400_733,0.0029943018513266468
cauldron_ln_23299,0.6665888497211021
cauldron_ln_12530,0.6640139833565156
mix_SI_UT_5400_614,0.002435699272611624
cauldron_ln_7503,0.6175681684883114
cauldron_ln_17327,0.7482420480481062
mix_UI_ST_5400_1460,0.002404616520195375
cauldron_ln_278,0.5695412745762982
cauldron_ln_23239,0.6862710202438712
mix_UI_ST_5400_582,0.0019819390071897872
mix_SI_UT_5400_665,0.0019442078067085332
mix_SI_UT_5400_33,0.0010513063924845437
cauldron_ln_9233,0.7553754448623374
mix_UI_ST_5400_1398,0.0008904774890879511
cauldron_ln_15255,0.7690846661847441
cauldron_ln_26580,0.7257243763005524
mix_UI_ST_5400_93,0.0019327372836974823
mix_UI_ST_5400_902,0.0013839505445495128
mix_SI_UT_5400_26,0.0019896244051109792
mix_UI_ST_5400_294,0.0012166495485446305
mix_SI_UT_5400_736,0.002580281641913199
cauldron_ln_8388,0.460082535850172
mix_SI_UT_5400_620,0.0009828323060503059
mix_UI_ST_5400_252,0.0012890577433009836
cauldron_ln_19102,0.5828338762261002
cauldron_ln_2280,0.6037585291118492
cauldron_ln_18189,0.5463625857680048
mix_UI_ST_5400_55,0.0015731459029153557
cauldron_ln_4853,0.6913646431306344
cauldron_ln_15866,0.7829234726460718
mix_SI_UT_5400_667,0.0015904425667132033
cauldron_ln_27719,0.678039006771521
mix_UI_ST_5400_612,0.0016009103743821508
mix_SI_UT_5400_1298,0.0023045500667216866
cauldron_ln_2287,0.5432271947124109
cauldron_ln_17282,0.6944766707485446
mix_SI_UT_5400_685,0.0009252685077712795
mix_UI_ST_5400_541,0.0014349324485254458
cauldron_ln_8711,0.7429262350224036
mix_UI_ST_5400_1432,0.001593781430773769
mix_UI_ST_5400_1382,0.0011662153243384504
mix_SI_UT_5400_1115,0.0012939282204759378
cauldron_ln_13196,0.7115030645315895
mix_UI_ST_5400_185,0.0016126476148038687
cauldron_ln_7583,0.6928078932806997
cauldron_ln_10496,0.5080326022943108
cauldron_ln_617,0.5685922756683112
mix_UI_ST_5400_161,0.0015807056732291055
mix_UI_ST_5400_761,0.0016007985286934094
cauldron_ln_14842,0.7539833662716308
mix_UI_ST_5400_1250,0.002198083082223508
cauldron_ln_7212,0.7580540918868123
cauldron_ln_14656,0.7096247530124181
cauldron_ln_7924,0.6673037931256407
mix_SI_UT_5400_699,0.0020404959080560395
mix_SI_UT_5400_436,0.000997035632992425
cauldron_ln_19825,0.7449440686862061
mix_UI_ST_5400_504,0.0019231693150749594
cauldron_ln_19005,0.6772977524469227
cauldron_ln_7454,0.8175333894820402
mix_UI_ST_5400_535,0.001313262954356957
cauldron_ln_10326,0.7298631927196549
cauldron_ln_12254,0.6750633532716145
mix_SI_UT_5400_935,0.0019625824875248365
mix_UI_ST_5400_1199,0.0012634546451087624
cauldron_ln_14377,0.6792120316962955
mix_SI_UT_5400_342,0.0012489239332723113
mix_UI_ST_5400_683,0.0020293468187872407
mix_SI_UT_5400_430,0.002141987503546825
cauldron_ln_28229,0.6966028229939716
mix_UI_ST_5400_1231,0.0010684288906628913
mix_UI_ST_5400_1299,0.0011539199471620072
mix_SI_UT_5400_857,0.0016367356992052675
mix_UI_ST_5400_441,0.0012629219407218229
mix_SI_UT_5400_543,0.0014013904574031882
mix_SI_UT_5400_1069,0.0015754446898415667
mix_SI_UT_5400_1052,0.000980325947839618
mix_UI_ST_5400_649,0.0015085380561709967
mix_SI_UT_5400_608,0.001525927928331516
cauldron_ln_14130,0.69596744199066
mix_SI_UT_5400_940,0.00209561227122572
mix_UI_ST_5400_212,0.0012982162643341603
mix_UI_ST_5400_1141,0.0015925246365931084
mix_UI_ST_5400_741,0.002048931783178392
mix_SI_UT_5400_828,0.0018809249571198098
cauldron_ln_4509,0.7224190261382665
mix_SI_UT_5400_134,0.001640254660894141
cauldron_ln_18419,0.6734815028010305
mix_SI_UT_5400_204,0.0016534851395048607
cauldron_ln_27468,0.6682088644109498
cauldron_ln_226,0.7049539220146156
mix_UI_ST_5400_1025,0.0014047451739846691
mix_SI_UT_5400_716,0.0023998871269167426
cauldron_ln_15743,0.7039304076485466
mix_UI_ST_5400_1056,0.001070965412851688
mix_SI_UT_5400_793,0.0015424186894546707
cauldron_ln_3064,0.6813350583073999
mix_SI_UT_5400_1015,0.002513443365329041
mix_UI_ST_5400_748,0.0015084169205674342
cauldron_ln_5547,0.6372622276558421
mix_SI_UT_5400_862,0.0018382509254197552
cauldron_ln_11313,0.7049207626921251
mix_UI_ST_5400_1327,0.001514940400850384
mix_UI_ST_5400_1021,0.0017495511426773435
mix_UI_ST_5400_367,0.002032952755951732
cauldron_ln_17980,0.7173654267604401
mix_UI_ST_5400_378,0.0015133183326718307
mix_SI_UT_5400_238,0.0018007104029372871
cauldron_ln_8671,0.6663988011669714
cauldron_ln_11814,0.6787352831453412
cauldron_ln_19722,0.7281724954286135
cauldron_ln_24194,0.7525413084820739
cauldron_ln_10608,0.6453461410909198
cauldron_ln_2292,0.5412441875261469
cauldron_ln_579,0.7003723803484616
mix_SI_UT_5400_292,0.0013878539099419144
mix_SI_UT_5400_1376,0.0013589753907965836
cauldron_ln_6332,0.6516094032641314
cauldron_ln_23111,0.7314080298905893
mix_UI_ST_5400_329,0.0011694809846502473
cauldron_ln_11130,0.6604969290577717
cauldron_ln_12886,0.7105267645662892
cauldron_ln_25394,0.6436264486479266
cauldron_ln_23734,0.7235937972412554
cauldron_ln_549,0.701140690632899
mix_SI_UT_5400_504,0.00146793538728029
mix_UI_ST_5400_48,0.0010850639838142163
mix_UI_ST_5400_180,0.0019844709362688644
mix_SI_UT_5400_867,0.001361198542987565
cauldron_ln_7519,0.7263488122823054
mix_UI_ST_5400_658,0.0015793123501321412
cauldron_ln_28961,0.600866051047941
mix_SI_UT_5400_257,0.0013905030546898904
cauldron_ln_4877,0.4273690800048603
mix_SI_UT_5400_70,0.0016673348605526067
mix_UI_ST_5400_1067,0.0015902083160812964
cauldron_ln_5180,0.6879409550629934
cauldron_ln_14553,0.6640276465990782
mix_UI_ST_5400_229,0.002164462526240753
cauldron_ln_3857,0.7270973355268542
cauldron_ln_22582,0.7251273026676133
mix_SI_UT_5400_455,0.0012520993315400845
cauldron_ln_23335,0.6418773141083983
cauldron_ln_21873,0.6847924671038915
mix_SI_UT_5400_681,0.002203130091036779
mix_UI_ST_5400_1246,0.0016493881300935118
cauldron_ln_18153,0.8014712943457839
cauldron_ln_13185,0.6203495198290673
cauldron_ln_22572,0.6853390696474212
cauldron_ln_11930,0.7018620266393777
mix_UI_ST_5400_724,0.0021210225221133857
cauldron_ln_6146,0.6659646853881133
mix_UI_ST_5400_1484,0.001979961745469417
cauldron_ln_7131,0.5685389409904825
cauldron_ln_17082,0.7255414386449593
mix_UI_ST_5400_857,0.001387572799167932
cauldron_ln_10088,0.7134687826637428
cauldron_ln_20,0.5345116018186454
cauldron_ln_17378,0.6626288745321459
mix_UI_ST_5400_1108,0.002497993909899298
mix_SI_UT_5400_849,0.0019275074495630456
mix_UI_ST_5400_276,0.001806470374135206
mix_UI_ST_5400_733,0.0019353140854571694
mix_SI_UT_5400_1471,0.002302260050006433
mix_UI_ST_5400_160,0.002054807461374885
mix_UI_ST_5400_248,0.001521840384139747
mix_UI_ST_5400_1077,0.0019339813412742044
cauldron_ln_8419,0.7474702700703915
cauldron_ln_10618,0.7398541633379152
mix_UI_ST_5400_653,0.0015803647848348428
cauldron_ln_11161,0.7139661750382875
mix_SI_UT_5400_854,0.0015191495633647626
cauldron_ln_7483,0.7162380857665848
cauldron_ln_1950,0.6022784144135135
mix_UI_ST_5400_1145,0.002332136953308026
cauldron_ln_3949,0.786240627094234
mix_SI_UT_5400_1101,0.0017774696243124917
cauldron_ln_19357,0.6900348636304934
mix_UI_ST_5400_349,0.0016328183997342531
cauldron_ln_8293,0.6715335855328097
mix_SI_UT_5400_385,0.0013258067541491961
mix_UI_ST_5400_793,0.0011416616430407988
cauldron_ln_26692,0.7930338697018174
mix_UI_ST_5400_1208,0.0014212619779258521
cauldron_ln_12082,0.7233455397847736
mix_UI_ST_5400_999,0.001856300368356009
cauldron_ln_26698,0.7732794430184431
cauldron_ln_2232,0.731826101906126
mix_SI_UT_5400_874,0.0016462700689098245
mix_UI_ST_5400_524,0.0012761554133623731
cauldron_ln_4997,0.6255414953266786
mix_SI_UT_5400_726,0.001126939270680926
mix_SI_UT_5400_34,0.0016730640771029412
mix_UI_ST_5400_1225,0.0027048267675338984
cauldron_ln_19681,0.7305620968797442
mix_SI_UT_5400_558,0.0006750326243371101
mix_SI_UT_5400_1402,0.0021607662869557176
mix_SI_UT_5400_439,0.0020320460968353163
mix_SI_UT_5400_1174,0.001142463281466811
cauldron_ln_12748,0.7016959649728429
cauldron_ln_21006,0.713348622337193
cauldron_ln_23999,0.7015595119634516
mix_SI_UT_5400_182,0.002296444457063969
cauldron_ln_8117,0.7764713864792046
mix_UI_ST_5400_1401,0.0022121662266968226
mix_UI_ST_5400_1192,0.0013481140060748892
cauldron_ln_1175,0.6313564105817369
cauldron_ln_15358,0.6685163508459024
cauldron_ln_16952,0.6274094319344037
mix_SI_UT_5400_1409,0.0011449281426832868
mix_UI_ST_5400_239,0.0015532666739740337
mix_UI_ST_5400_531,0.0017620610115242441
cauldron_ln_1204,0.5176783792966603
mix_SI_UT_5400_1255,0.0016696982891920857
cauldron_ln_14922,0.7376382282860494
mix_SI_UT_5400_1381,0.0018329767768322112
mix_UI_ST_5400_1498,0.0019484876822963477
mix_SI_UT_5400_1008,0.00154466330723405
mix_UI_ST_5400_512,0.0009084418720535646
mix_UI_ST_5400_1234,0.0017778083804405496
mix_SI_UT_5400_1441,0.0018711428716223582
mix_UI_ST_5400_1408,0.0014269199197131017
mix_SI_UT_5400_1240,0.001161511472938823
cauldron_ln_16567,0.7736982405691425
mix_UI_ST_5400_1265,0.0018472386162404779
mix_UI_ST_5400_12,0.0012847915529451978
cauldron_ln_25437,0.5767120425302372
cauldron_ln_14719,0.7572298468462331
mix_SI_UT_5400_340,0.0014277098133600237
mix_UI_ST_5400_988,0.000925467412255557
mix_SI_UT_5400_21,0.0018107557254039418
cauldron_ln_3141,0.6244659302944117
cauldron_ln_2644,0.7319347361632303
mix_SI_UT_5400_693,0.0010437010521125844
mix_SI_UT_5400_419,0.0022472605166595086
mix_SI_UT_5400_1086,0.0016098931844591624
mix_UI_ST_5400_820,0.0014604972660541811
mix_SI_UT_5400_445,0.0019025657176575874
mix_UI_ST_5400_1255,0.0010313203940180483
mix_SI_UT_5400_872,0.0013307681282805008
cauldron_ln_2233,0.680063615538575
cauldron_ln_21324,0.7671434280179207
cauldron_ln_25774,0.6803279996030118
mix_UI_ST_5400_737,0.0011286356577506827
cauldron_ln_7380,0.7131490045062955
cauldron_ln_17772,0.7334243323143802
mix_UI_ST_5400_1031,0.0015853159989076672
cauldron_ln_15824,0.7615995042406749
cauldron_ln_25877,0.5510350239417224
mix_UI_ST_5400_1189,0.0026206225059463486
cauldron_ln_503,0.6795070340013328
mix_UI_ST_5400_30,0.0013012353310259885
mix_SI_UT_5400_1090,0.0012754747238554695
mix_UI_ST_5400_233,0.0018604375284621342
mix_UI_ST_5400_1099,0.0017685508369667726
cauldron_ln_19104,0.6851277193401885
mix_SI_UT_5400_144,0.002587698380828743
mix_UI_ST_5400_739,0.0013416454580204358
mix_SI_UT_5400_1061,0.0014842047011561698
mix_SI_UT_5400_336,0.0013907173991401587
mix_UI_ST_5400_150,0.001861834438757108
mix_SI_UT_5400_813,0.0015662111125660206
cauldron_ln_12105,0.775327435692717
cauldron_ln_15639,0.6776090703317997
cauldron_ln_26995,0.6527426979032199
mix_UI_ST_5400_1442,0.0012721978384704138
cauldron_ln_15908,0.582736972613919
mix_UI_ST_5400_752,0.0014053058607106231
cauldron_ln_2879,0.5980244750978786
cauldron_ln_3463,0.5801668768719193
mix_SI_UT_5400_406,0.0015531206246257154
mix_UI_ST_5400_251,0.0014502378901966736
mix_UI_ST_5400_626,0.0017597235352164987
cauldron_ln_25187,0.7302049667818888
mix_SI_UT_5400_1138,0.0016620113004369183
cauldron_ln_9383,0.725139730418878
cauldron_ln_26538,0.6878670824594579
cauldron_ln_5401,0.727985641829216
cauldron_ln_19525,0.7163960502822156
cauldron_ln_15253,0.7528673441918039
mix_SI_UT_5400_469,0.0018016800739832656
mix_SI_UT_5400_1466,0.001769299949418741
mix_UI_ST_5400_305,0.0014290914999656194
cauldron_ln_19569,0.5758344954623666
cauldron_ln_1288,0.6482363790677116
mix_SI_UT_5400_1478,0.0015231335465997673
mix_UI_ST_5400_1194,0.0015855303529657403
cauldron_ln_27393,0.7562024958976495
cauldron_ln_20284,0.63834178838625
cauldron_ln_18826,0.7717342391443799
mix_UI_ST_5400_540,0.0013684062045067169
cauldron_ln_1929,0.6477263248853047
mix_UI_ST_5400_944,0.002348382762697303
cauldron_ln_11632,0.5707043580815798
cauldron_ln_8504,0.7015977428458631
mix_UI_ST_5400_500,0.0017001879028385456
cauldron_ln_4126,0.6324964454004236
cauldron_ln_14120,0.727211474183975
mix_SI_UT_5400_391,0.0012148614555378774
mix_UI_ST_5400_435,0.0018757796316500814
cauldron_ln_24721,0.7036526397612405
mix_UI_ST_5400_1065,0.001186298228512195
mix_SI_UT_5400_335,0.0011588142583851748
mix_UI_ST_5400_766,0.0017750721719135912
mix_SI_UT_5400_525,0.001549481228705673
cauldron_ln_18260,0.6987126119929589
mix_SI_UT_5400_1477,0.0019146658800342678
cauldron_ln_14036,0.7497613471301785
cauldron_ln_20104,0.6708888630117491
mix_SI_UT_5400_226,0.0013193505201614158
cauldron_ln_5414,0.6816855989919488
cauldron_ln_27037,0.714436414952089
cauldron_ln_24239,0.7468292102276913
mix_UI_ST_5400_427,0.0025308107690021936
cauldron_ln_19371,0.7002079537149415
mix_SI_UT_5400_1204,0.0015641949880721181
cauldron_ln_17052,0.7483974306516811
mix_UI_ST_5400_112,0.0017245813276324377
cauldron_ln_4146,0.7526511394204533
mix_SI_UT_5400_1065,0.001843118678134866
cauldron_ln_22957,0.6951924921225369
cauldron_ln_696,0.6832257201389947
cauldron_ln_5478,0.7753716120256874
cauldron_ln_21933,0.5307856977574366
cauldron_ln_24256,0.6759385335282295
mix_UI_ST_5400_447,0.0009687286157537557
cauldron_ln_20151,0.7316648752327761
mix_UI_ST_5400_335,0.001414799948192701
cauldron_ln_6632,0.6881260603676868
mix_SI_UT_5400_1103,0.0016831862909887823
cauldron_ln_118,0.6223835309325887
mix_SI_UT_5400_1180,0.0015386419130057095
cauldron_ln_27674,0.7599704471784487
mix_SI_UT_5400_673,0.0016357571335068387
cauldron_ln_10939,0.6085923235783134
mix_SI_UT_5400_36,0.001570335068892852
mix_SI_UT_5400_156,0.0013291448180247128
mix_SI_UT_5400_969,0.0015084881863704391
mix_UI_ST_5400_4,0.0015731408022637415
cauldron_ln_28684,0.70508603543908
cauldron_ln_9023,0.7841166655712951
cauldron_ln_17055,0.6046677332001469
mix_SI_UT_5400_978,0.0019584096873025763
cauldron_ln_10816,0.7207668037469795
cauldron_ln_28291,0.8012914038681066
mix_UI_ST_5400_560,0.0014249766435739713
cauldron_ln_23455,0.6821977591439361
mix_UI_ST_5400_779,0.0014525598210105935
cauldron_ln_15755,0.5354970621331204
mix_SI_UT_5400_218,0.0011547229866643893
cauldron_ln_5683,0.6529484274335915
cauldron_ln_2669,0.6359858862828927
cauldron_ln_22045,0.6492321546054775
cauldron_ln_26360,0.6811036441180337
mix_UI_ST_5400_1019,0.002930227849676712
mix_UI_ST_5400_554,0.001059098605625744
cauldron_ln_28107,0.753449970256976
mix_UI_ST_5400_1223,0.0017340199009577913
cauldron_ln_20051,0.717236228005185
cauldron_ln_11953,0.6377011279144931
cauldron_ln_18517,0.6100614846845683
cauldron_ln_53,0.49057631096390303
mix_UI_ST_5400_1319,0.0019946367682348518
mix_UI_ST_5400_692,0.0013286257896588396
cauldron_ln_20319,0.6677888333422934
mix_UI_ST_5400_660,0.0016100076041314503
mix_UI_ST_5400_129,0.0018848419771410167
mix_SI_UT_5400_537,0.0010032279831395825
cauldron_ln_4878,0.7152516654574403
mix_UI_ST_5400_94,0.0015215585285467826
mix_SI_UT_5400_641,0.0022044495452115892
cauldron_ln_16133,0.7051349700416387
cauldron_ln_19962,0.7224962592418905
cauldron_ln_20502,0.6792210432825654
mix_UI_ST_5400_482,0.001574827706593095
cauldron_ln_10387,0.724445902614588
cauldron_ln_19445,0.7284211221712068
mix_UI_ST_5400_581,0.0017053240189453865
cauldron_ln_28455,0.6628329668789713
cauldron_ln_14128,0.724724149535439
mix_SI_UT_5400_585,0.0016665344549430393
cauldron_ln_12,0.6930713035089608
mix_UI_ST_5400_499,0.0010224713719374137
mix_UI_ST_5400_52,0.0013523092208751104
cauldron_ln_11576,0.7294948977146581
mix_UI_ST_5400_1239,0.0017720294607273105
cauldron_ln_25886,0.7377390347973752
cauldron_ln_17351,0.7070265519144492
cauldron_ln_23113,0.667246774179578
cauldron_ln_17624,0.7464494284803735
mix_SI_UT_5400_748,0.001859567851729928
cauldron_ln_29672,0.5910793332127592
mix_SI_UT_5400_923,0.0009814664870109553
cauldron_ln_24844,0.7112366313305613
mix_SI_UT_5400_1452,0.0017647347004522813
mix_UI_ST_5400_45,0.002010341625042265
cauldron_ln_29878,0.7488949416711113
cauldron_ln_8161,0.5146614564920535
mix_UI_ST_5400_360,0.001414339205315946
cauldron_ln_17838,0.7216709094800529
cauldron_ln_7617,0.7180618632711964
mix_SI_UT_5400_1289,0.0016803698012464966
mix_SI_UT_5400_790,0.001402238682997518
mix_SI_UT_5400_919,0.0019046418800881884
mix_UI_ST_5400_1237,0.0021645134211788503
mix_SI_UT_5400_651,0.0021857383318032767
mix_UI_ST_5400_655,0.0012750381231807367
mix_SI_UT_5400_1168,0.0017924158904178093
cauldron_ln_15858,0.7539335948505068
cauldron_ln_23974,0.49676669644326127
mix_UI_ST_5400_918,0.002279029334511808
cauldron_ln_9670,0.7169330704372598
mix_SI_UT_5400_948,0.0018461980248576605
cauldron_ln_18940,0.7571245697834539
cauldron_ln_15010,0.7665807135441258
cauldron_ln_4564,0.6716595172639822
cauldron_ln_14404,0.7235024652153363
cauldron_ln_22353,0.7140521113190427
cauldron_ln_5155,0.662877370059568
mix_UI_ST_5400_1331,0.0014785136786474827
mix_SI_UT_5400_671,0.002362986519444107
cauldron_ln_9455,0.639763134213264
cauldron_ln_11427,0.6835681775140187
cauldron_ln_19713,0.7404930272523181
mix_SI_UT_5400_408,0.0019831163437870466
mix_SI_UT_5400_792,0.0015640816691561384
mix_SI_UT_5400_1238,0.0017339080100622342
mix_UI_ST_5400_714,0.0014008342407377324
cauldron_ln_8834,0.670875150823522
cauldron_ln_21944,0.6540949271043295
mix_SI_UT_5400_1450,0.001676229607711301
mix_UI_ST_5400_1143,0.001724498945424035
cauldron_ln_10045,0.5280162217668364
mix_UI_ST_5400_387,0.0013550147521887203
cauldron_ln_11657,0.7009285981940224
cauldron_ln_9358,0.7128614444080287
mix_SI_UT_5400_92,0.0018600552712390859
cauldron_ln_26416,0.7261368576544672
mix_SI_UT_5400_1410,0.0017608825111654382
cauldron_ln_14413,0.8306642934395638
mix_SI_UT_5400_107,0.0014420651477408308
cauldron_ln_13566,0.5696932029957652
cauldron_ln_28071,0.6176633388179017
mix_SI_UT_5400_579,0.0021613732091058744
mix_UI_ST_5400_31,0.001520479940970028
cauldron_ln_2470,0.6788093593065044
mix_SI_UT_5400_574,0.0013632366722812924
cauldron_ln_11177,0.6453586285274615
cauldron_ln_12571,0.6858042508600456
cauldron_ln_18766,0.676775292180524
mix_UI_ST_5400_899,0.0017422710939801792
mix_UI_ST_5400_792,0.0016050739381112161
mix_UI_ST_5400_785,0.0010358308888102526
cauldron_ln_24175,0.5896174072595369
mix_UI_ST_5400_1226,0.001460959386408796
mix_UI_ST_5400_578,0.0014993868933086416
cauldron_ln_26611,0.7689530062271178
cauldron_ln_2126,0.6534933913436201
cauldron_ln_749,0.6359184747402535
mix_SI_UT_5400_119,0.0014634669649422442
cauldron_ln_19477,0.764072718243777
cauldron_ln_24211,0.6441109920732466
mix_SI_UT_5400_17,0.0007513392368673269
cauldron_ln_25331,0.7054029379188074
cauldron_ln_25151,0.7056768309552532
mix_UI_ST_5400_545,0.00203069571076701
mix_UI_ST_5400_784,0.001584247090586867
mix_UI_ST_5400_840,0.0010130349417963452
cauldron_ln_18368,0.6908568929799982
mix_SI_UT_5400_1485,0.0010365546891889495
cauldron_ln_334,0.6408917580778175
cauldron_ln_22940,0.7231624185162611
cauldron_ln_27311,0.6115788018625977
cauldron_ln_29375,0.6889074508985024
mix_SI_UT_5400_1071,0.0012203022062342525
cauldron_ln_21790,0.62572215996622
mix_UI_ST_5400_67,0.001685509073875891
mix_UI_ST_5400_1198,0.0013075368277954656
cauldron_ln_25505,0.6867645175616974
cauldron_ln_28981,0.6502762599795121
mix_UI_ST_5400_302,0.0016694329941975854
mix_UI_ST_5400_790,0.0013846413444737779
mix_SI_UT_5400_1369,0.0017017836317411701
cauldron_ln_13110,0.7271574680060899
mix_SI_UT_5400_1490,0.0013667343730686884
cauldron_ln_26330,0.5747955424310742
cauldron_ln_18480,0.6104859697583183
cauldron_ln_1097,0.6752309209482946
cauldron_ln_13875,0.7267233546521893
cauldron_ln_19327,0.719536181965736
mix_UI_ST_5400_843,0.0008326991318799503
mix_UI_ST_5400_1044,0.002130895245619908
mix_UI_ST_5400_44,0.0011484103229039027
mix_SI_UT_5400_172,0.001551383561067032
mix_UI_ST_5400_847,0.00187999576820353
mix_UI_ST_5400_2,0.0018738027499685245
mix_SI_UT_5400_468,0.0018107869970302257
mix_SI_UT_5400_873,0.0021315765205121976
mix_SI_UT_5400_840,0.0018424845009399882
mix_UI_ST_5400_1474,0.0019815394834737723
mix_UI_ST_5400_21,0.0013661926444678049
mix_UI_ST_5400_431,0.0016816277148775218
cauldron_ln_20097,0.6960628670376073
cauldron_ln_4376,0.5629332271773173
mix_SI_UT_5400_1427,0.0016106741530446391
mix_UI_ST_5400_687,0.0016492975336011289
mix_SI_UT_5400_1284,0.001983470238103489
mix_UI_ST_5400_981,0.001217005655149775
cauldron_ln_11983,0.7193726697558247
mix_SI_UT_5400_331,0.001583205652183598
cauldron_ln_22164,0.5595173296607484
cauldron_ln_20479,0.5810877908861825
mix_SI_UT_5400_57,0.0021991408084386763
cauldron_ln_13765,0.7374128325457009
cauldron_ln_2757,0.7433121560504327
mix_SI_UT_5400_1169,0.002367086208071963
cauldron_ln_21667,0.5700546871494948
cauldron_ln_10895,0.6963614275351591
mix_UI_ST_5400_285,0.0010663089612902587
mix_SI_UT_5400_467,0.0018208867566049474
cauldron_ln_11370,0.767101676864633
cauldron_ln_21980,0.7198353752886013
cauldron_ln_29634,0.5834569517277515
mix_UI_ST_5400_1083,0.0014651780310474915
mix_SI_UT_5400_1243,0.0011931741792294596
mix_UI_ST_5400_1102,0.0020429604587083165
mix_UI_ST_5400_1469,0.0016578938826591818
cauldron_ln_19184,0.7273540594769093
cauldron_ln_11820,0.7198163369505534
cauldron_ln_2144,0.6893428286634481
cauldron_ln_5882,0.653152054434302
mix_SI_UT_5400_1329,0.0011713092658410776
mix_SI_UT_5400_856,0.002124358309385759
mix_SI_UT_5400_587,0.0017747418089315732
mix_SI_UT_5400_1105,0.0013125637520110332
mix_UI_ST_5400_61,0.0016638095094619815
cauldron_ln_27899,0.7507354794874183
mix_UI_ST_5400_5,0.0010081770799997604
mix_UI_ST_5400_1060,0.0014093196198779877
cauldron_ln_27053,0.683268434386011
mix_SI_UT_5400_1327,0.0010839812430440856
mix_UI_ST_5400_1054,0.0015317390196122758
mix_UI_ST_5400_1276,0.0013206920005572067
cauldron_ln_7919,0.7050553014351063
cauldron_ln_9133,0.6896009015501172
mix_SI_UT_5400_884,0.0016102489348112795
mix_UI_ST_5400_10,0.0022963525961258563
mix_UI_ST_5400_534,0.0017156626862058202
mix_UI_ST_5400_837,0.0012364600271066839
cauldron_ln_6416,0.6625437567503829
cauldron_ln_20460,0.6769697895022608
cauldron_ln_10373,0.6212283962718882
mix_UI_ST_5400_774,0.0013790399264563017
mix_SI_UT_5400_638,0.0016148632348603113
mix_UI_ST_5400_1334,0.0019368622439938105
cauldron_ln_27783,0.5654112911130178
cauldron_ln_8996,0.7471723314412854
cauldron_ln_27574,0.5989040437139255
mix_SI_UT_5400_1332,0.001770513834157922
cauldron_ln_2167,0.640746602182675
mix_SI_UT_5400_1425,0.0027221082924839537
mix_UI_ST_5400_359,0.0021732055701185
mix_UI_ST_5400_806,0.0010018849676325264
mix_UI_ST_5400_263,0.0014618358662552716
cauldron_ln_11924,0.7082091624814894
cauldron_ln_24266,0.7635245128844154
cauldron_ln_6729,0.6169831654780503
mix_SI_UT_5400_604,0.001075329661855161
mix_SI_UT_5400_916,0.0019346502457711285
cauldron_ln_25080,0.7408857950178879
mix_SI_UT_5400_847,0.0014345988412183845
mix_SI_UT_5400_1036,0.0016616668252167446
cauldron_ln_2975,0.635302587702748
mix_SI_UT_5400_1206,0.0010515744940973355
mix_SI_UT_5400_509,0.0014162580699736004
cauldron_ln_15790,0.7078363275150882
cauldron_ln_93,0.6037420713586911
mix_SI_UT_5400_1009,0.0015410705191498525
cauldron_ln_20364,0.732291355477764
mix_UI_ST_5400_1491,0.0025638764345991736
mix_UI_ST_5400_1248,0.0013136878556298727
mix_SI_UT_5400_201,0.0012707882970022263
cauldron_ln_17571,0.7424190296203115
cauldron_ln_5774,0.6472531802895416
mix_UI_ST_5400_691,0.0018743498047853078
cauldron_ln_21600,0.5835639279177816
cauldron_ln_20619,0.6830224652659386
mix_SI_UT_5400_825,0.0020620936592078403
mix_UI_ST_5400_274,0.0009189960101005908
mix_UI_ST_5400_846,0.0020589833145231527
mix_UI_ST_5400_380,0.001984875315002798
cauldron_ln_3346,0.6320310416568632
cauldron_ln_2430,0.7154749692155171
cauldron_ln_10798,0.7609734797599618
mix_UI_ST_5400_1166,0.0023371264151207795
cauldron_ln_7841,0.6895453854955963
cauldron_ln_21563,0.6354241940979916
cauldron_ln_25912,0.6220598496723475
mix_SI_UT_5400_1476,0.0014321393217339678
cauldron_ln_3228,0.6969497185413621
cauldron_ln_29946,0.7253297603916166
mix_SI_UT_5400_752,0.0013795727682920228
cauldron_ln_25368,0.6850392845696992
cauldron_ln_4212,0.6587080036457534
cauldron_ln_14910,0.7206167406235927
mix_SI_UT_5400_1350,0.0016339626522229212
cauldron_ln_15566,0.7181903157314219
mix_UI_ST_5400_782,0.0012937686054254251
cauldron_ln_1149,0.596671433777236
cauldron_ln_17316,0.6293910109780023
cauldron_ln_26560,0.6974438223445475
cauldron_ln_5855,0.7163477679488636
cauldron_ln_18472,0.6097971946815779
mix_UI_ST_5400_627,0.0018604105764667032
cauldron_ln_16670,0.6501524220940165
cauldron_ln_24126,0.7365517401974194
cauldron_ln_4341,0.63563842619973
cauldron_ln_3617,0.7016668279888997
cauldron_ln_18545,0.7633698555325913
cauldron_ln_6170,0.5825615940250798
mix_UI_ST_5400_919,0.0013129518243101504
mix_SI_UT_5400_823,0.0013003803566061874
cauldron_ln_24150,0.7958880838109208
mix_UI_ST_5400_241,0.0020014606216702878
cauldron_ln_18121,0.7155942836140387
cauldron_ln_7456,0.736650381958854
mix_SI_UT_5400_1458,0.0014080346182911098
mix_SI_UT_5400_438,0.0020530108398579797
mix_SI_UT_5400_352,0.002235439609735981
mix_SI_UT_5400_827,0.0012703401434201228
mix_UI_ST_5400_633,0.0016442012332030164
mix_SI_UT_5400_598,0.0018466432296665993
mix_SI_UT_5400_377,0.0014981638440565348
mix_UI_ST_5400_1373,0.0023366826558567405
mix_UI_ST_5400_1314,0.001530464049003751
mix_SI_UT_5400_966,0.0010447426766493342
mix_SI_UT_5400_571,0.0013968346980442392
mix_UI_ST_5400_1294,0.0016789168193403576
cauldron_ln_12913,0.5318955324155786
cauldron_ln_14545,0.7209965215863846
cauldron_ln_17890,0.5184628565905504
cauldron_ln_14721,0.6558126665788392
cauldron_ln_164,0.73225353693331
mix_SI_UT_5400_193,0.0018069141089539053
cauldron_ln_9916,0.756766782834838
mix_UI_ST_5400_650,0.002039096142795411
mix_SI_UT_5400_1011,0.0017358617104283325
mix_SI_UT_5400_37,0.001423351297908419
cauldron_ln_6366,0.7126977980830121
cauldron_ln_18237,0.7449978795963841
cauldron_ln_12292,0.6855212228218804
mix_UI_ST_5400_986,0.0017248372363304868
cauldron_ln_2996,0.6626519374431203
cauldron_ln_1142,0.6609348961624043
mix_UI_ST_5400_675,0.0015716638799822184
mix_UI_ST_5400_1374,0.0018832990805669183
cauldron_ln_22103,0.6727805560262695
cauldron_ln_3258,0.6912098569059675
cauldron_ln_23557,0.77695244892052
cauldron_ln_20257,0.7138562694667161
cauldron_ln_1302,0.5648479097765272
cauldron_ln_17854,0.6901294091044405
mix_UI_ST_5400_927,0.0011710349460281619
mix_SI_UT_5400_133,0.0013225102459535076
cauldron_ln_15997,0.7389571754878739
mix_SI_UT_5400_609,0.001291979974047806
mix_SI_UT_5400_1227,0.0011400489529292724
cauldron_ln_11918,0.7739413387001698
mix_SI_UT_5400_1496,0.002620919833241922
cauldron_ln_870,0.6631862001026504
mix_SI_UT_5400_607,0.0013646506215249793
cauldron_ln_29821,0.7194392985817007
mix_UI_ST_5400_729,0.001623068182435784
cauldron_ln_2874,0.720876801091251
cauldron_ln_685,0.4327956916916885
cauldron_ln_26917,0.6808056097573043
cauldron_ln_7778,0.6490144704552449
mix_UI_ST_5400_668,0.0015422130053461035
mix_UI_ST_5400_308,0.0009747599809847643
cauldron_ln_23034,0.7834937529676448
cauldron_ln_12857,0.747679604112434
cauldron_ln_622,0.647783268645484
cauldron_ln_11708,0.6091762257328337
cauldron_ln_3552,0.7045898599443331
mix_SI_UT_5400_1081,0.0009618412044157796
mix_SI_UT_5400_624,0.0018595068660504316
cauldron_ln_5252,0.7525859992108952
mix_SI_UT_5400_288,0.002546217348312421
mix_UI_ST_5400_967,0.0010755455628449558
mix_UI_ST_5400_421,0.0014944880911113723
cauldron_ln_21135,0.7383169723255678
mix_UI_ST_5400_867,0.0011876218493894104
cauldron_ln_29229,0.7072631667221337
mix_SI_UT_5400_1271,0.0013750483779975222
cauldron_ln_1129,0.5391424787150371
cauldron_ln_5319,0.7610365506556512
cauldron_ln_28637,0.6933601577325083
cauldron_ln_19265,0.5576566261469763
cauldron_ln_6621,0.6131906430158961
cauldron_ln_11729,0.764733586061381
mix_SI_UT_5400_371,0.0013495305286869291
cauldron_ln_20200,0.813009637432713
mix_SI_UT_5400_1302,0.0010887909212980666
cauldron_ln_16630,0.6455292141530037
mix_UI_ST_5400_1113,0.0011991906972583484
cauldron_ln_24313,0.7209157702733796
cauldron_ln_13749,0.707186057194695
mix_UI_ST_5400_834,0.001245928951812426
cauldron_ln_4879,0.5827169304349897
mix_SI_UT_5400_594,0.0020558725344546874
mix_SI_UT_5400_1455,0.00185553550942171
cauldron_ln_18849,0.7173312644887856
mix_SI_UT_5400_1116,0.002098292053486331
mix_UI_ST_5400_148,0.0013266958324916573
cauldron_ln_23344,0.6769934359489583
mix_SI_UT_5400_1315,0.001917305597227228
mix_SI_UT_5400_817,0.001237956256515566
cauldron_ln_29394,0.5979264260025591
cauldron_ln_23993,0.6840242333015389
cauldron_ln_26880,0.7246536278219248
cauldron_ln_28815,0.727218416781233
mix_UI_ST_5400_1293,0.001972345555744954
cauldron_ln_20561,0.7132732629848195
mix_SI_UT_5400_1261,0.002025688240103021
cauldron_ln_4592,0.5785826982800076
cauldron_ln_25709,0.765378458977457
cauldron_ln_21217,0.7064577230018885
cauldron_ln_20132,0.6915178042327188
mix_SI_UT_5400_1401,0.00226963036081214
cauldron_ln_9892,0.655642891022398
mix_UI_ST_5400_13,0.0011583584837069763
cauldron_ln_906,0.615183220038655
cauldron_ln_20825,0.6017776697571052
cauldron_ln_3820,0.6380200714519838
cauldron_ln_22533,0.5105802636831357
cauldron_ln_21863,0.7410703645263751
mix_SI_UT_5400_448,0.0018884610753892625
mix_UI_ST_5400_715,0.0008070659783258855
cauldron_ln_20603,0.6703725078429286
cauldron_ln_29800,0.6772355487226479
mix_UI_ST_5400_875,0.0016132810785371634
mix_UI_ST_5400_1478,0.0016101203272519357
mix_SI_UT_5400_45,0.0013120359352124507
cauldron_ln_15835,0.7143013609004201
cauldron_ln_12873,0.771076549061897
mix_SI_UT_5400_353,0.0013819771644548158
mix_SI_UT_5400_234,0.0018461183378617524
cauldron_ln_12675,0.6845630831726293
mix_UI_ST_5400_334,0.001221131138356696
mix_UI_ST_5400_454,0.0013441234179064742
cauldron_ln_12695,0.6162372662418525
mix_SI_UT_5400_1223,0.0013929588969014556
cauldron_ln_2206,0.5368586533425357
mix_SI_UT_5400_432,0.0018919385607832058
cauldron_ln_16596,0.7007122019778681
mix_SI_UT_5400_380,0.002908680362297522
mix_UI_ST_5400_318,0.0016133133920602713
cauldron_ln_25718,0.6247872229846013
cauldron_ln_2593,0.7232012679729162
mix_UI_ST_5400_471,0.0014064591865753204
cauldron_ln_14247,0.7168536149072532
mix_UI_ST_5400_1165,0.0012814384849783877
mix_UI_ST_5400_168,0.001829718758935108
mix_SI_UT_5400_187,0.0015327979470132508
mix_UI_ST_5400_954,0.001731101274046518
mix_SI_UT_5400_762,0.0013203339926723188
cauldron_ln_12356,0.7130465909394235
cauldron_ln_24665,0.698602022566623
cauldron_ln_3001,0.5043693383791112
cauldron_ln_1983,0.6484987310488363
mix_UI_ST_5400_1251,0.0018001380815611183
mix_SI_UT_5400_1099,0.0014748150023002314
mix_SI_UT_5400_275,0.0019458732436817498
cauldron_ln_18330,0.75567741583996
cauldron_ln_15323,0.5967106797356103
cauldron_ln_7858,0.6078720560216577
mix_UI_ST_5400_1310,0.0015570568014195776
cauldron_ln_6728,0.5957675728211116
cauldron_ln_4796,0.7402009227700002
cauldron_ln_27944,0.6575924463078288
cauldron_ln_27262,0.6257738044611573
cauldron_ln_13546,0.5504684265979546
cauldron_ln_9751,0.5470308875932293
mix_SI_UT_5400_460,0.0015630453171621213
cauldron_ln_28906,0.6291690903077835
cauldron_ln_4842,0.6921040509374959
cauldron_ln_10128,0.6115391200304423
mix_SI_UT_5400_615,0.0018137266753995244
mix_UI_ST_5400_1061,0.0010333624717032079
mix_SI_UT_5400_265,0.0010648144812807514
mix_UI_ST_5400_933,0.0025648573363703958
cauldron_ln_28198,0.7230716911011315
mix_SI_UT_5400_329,0.0015669636457837227
mix_SI_UT_5400_1390,0.0018512093296396501
mix_SI_UT_5400_452,0.0012112410684676415
mix_UI_ST_5400_877,0.00235109140742751
mix_UI_ST_5400_883,0.0013397334492503046
mix_SI_UT_5400_972,0.0011873481891344739
cauldron_ln_29968,0.5215055069424559
mix_UI_ST_5400_731,0.0012033190789890163
mix_SI_UT_5400_158,0.0015993609998602638
mix_UI_ST_5400_238,0.0012182173780062374
mix_SI_UT_5400_516,0.0016062594765982746
cauldron_ln_8631,0.780439492096259
mix_UI_ST_5400_1482,0.0011986811423737639
mix_UI_ST_5400_552,0.0018300022881033917
mix_UI_ST_5400_568,0.0017069940870462201
cauldron_ln_26694,0.7604283619992869
cauldron_ln_4333,0.6958029899518904
cauldron_ln_16799,0.6588019211445953
cauldron_ln_26897,0.6887362092861252
cauldron_ln_21336,0.7175788157113684
mix_UI_ST_5400_159,0.0013250979203803927
cauldron_ln_15937,0.7259894607878697
mix_SI_UT_5400_520,0.002199217968032653
cauldron_ln_23161,0.6551569427244686
mix_SI_UT_5400_669,0.001536747159376378
mix_UI_ST_5400_1005,0.001164896779780436
mix_SI_UT_5400_1399,0.001819732916316656
mix_SI_UT_5400_861,0.0011308959703998393
mix_SI_UT_5400_284,0.0015585525113745154
cauldron_ln_21041,0.6637500316164766
mix_SI_UT_5400_1170,0.0015651033629899235
cauldron_ln_10438,0.7285250251381914
cauldron_ln_15156,0.6254379068942592
mix_SI_UT_5400_964,0.0013251303930830146
cauldron_ln_20471,0.6812468194261919
cauldron_ln_17506,0.761559156186043
mix_UI_ST_5400_1236,0.0013607204803962887
mix_SI_UT_5400_900,0.0013726880652978328
cauldron_ln_29125,0.6861606637943618
cauldron_ln_5521,0.5911887437858278
cauldron_ln_27172,0.7577056561687617
mix_UI_ST_5400_1287,0.0013646938992447949
mix_UI_ST_5400_298,0.0017726352961303594
mix_SI_UT_5400_1266,0.001875359004684692
mix_UI_ST_5400_132,0.0014022762311141506
cauldron_ln_24034,0.6268637148282793
mix_SI_UT_5400_1026,0.001487006046003536
cauldron_ln_27234,0.7353213763403399
cauldron_ln_2239,0.6883100560888529
mix_UI_ST_5400_1210,0.0015949620604378725
mix_SI_UT_5400_1251,0.0024536872829169906
cauldron_ln_2195,0.667478891903123
mix_UI_ST_5400_476,0.0032235640703449876
mix_UI_ST_5400_995,0.0019288751671223986
cauldron_ln_25330,0.7631988678113018
mix_SI_UT_5400_1432,0.0017960584808096418
mix_UI_ST_5400_776,0.0018509478113207833
cauldron_ln_7995,0.7268401254233311
cauldron_ln_17756,0.6937385709907363
cauldron_ln_14908,0.7726740212568335
cauldron_ln_4872,0.6634091229477241
mix_UI_ST_5400_628,0.0021948094857169326
cauldron_ln_16831,0.6711325706800586
cauldron_ln_1319,0.6715489862290228
cauldron_ln_6252,0.6235902094614468
cauldron_ln_12959,0.7945370242221718
mix_UI_ST_5400_1119,0.0011065512658444052
cauldron_ln_863,0.6383587791745355
mix_SI_UT_5400_757,0.002313387206560457
mix_SI_UT_5400_512,0.001502262800293052
cauldron_ln_26887,0.7212905508496449
cauldron_ln_13041,0.740457018709056
cauldron_ln_26745,0.7285439042618278
mix_SI_UT_5400_853,0.0015502818376856393
mix_SI_UT_5400_746,0.001237394503995305
mix_UI_ST_5400_383,0.0017563768089141141
cauldron_ln_15868,0.7311677470043809
cauldron_ln_10025,0.5939159148649011
mix_UI_ST_5400_344,0.0010265957016433848
cauldron_ln_5099,0.7304529628572431
cauldron_ln_24035,0.6799320825164258
mix_SI_UT_5400_1150,0.001513135138000896
mix_SI_UT_5400_1247,0.0014052308036999715
mix_SI_UT_5400_1392,0.0014011821424690593
cauldron_ln_3801,0.7048313706112155
cauldron_ln_12910,0.7304695965801574
cauldron_ln_10886,0.6098080656735196
mix_SI_UT_5400_249,0.0013232250349553215
mix_UI_ST_5400_397,0.002333135638335522
mix_SI_UT_5400_1340,0.0014193761839519537
mix_UI_ST_5400_1168,0.0023614226069114275
cauldron_ln_1375,0.6902823736011168
mix_UI_ST_5400_493,0.00099316057278989
mix_UI_ST_5400_1027,0.0017739664258512092
mix_UI_ST_5400_1125,0.0015109096137487406
cauldron_ln_29914,0.49731559071802833
cauldron_ln_1988,0.6969294131651212
cauldron_ln_23157,0.6898545883915744
cauldron_ln_7036,0.6994512047565767
cauldron_ln_1914,0.7534176849530233
mix_SI_UT_5400_392,0.0015819755814412576
mix_UI_ST_5400_1335,0.0018475547085855346
mix_UI_ST_5400_1462,0.0015586438367499523
mix_UI_ST_5400_50,0.0018730763483897892
mix_SI_UT_5400_779,0.0017599136036287888
cauldron_ln_19609,0.6988460967584829
cauldron_ln_26889,0.7011970821102074
cauldron_ln_14138,0.6998666455910559
cauldron_ln_29738,0.6475323829389885
mix_SI_UT_5400_1059,0.0011139231846941336
cauldron_ln_5333,0.7074485536955372
cauldron_ln_15679,0.6788725680730406
cauldron_ln_940,0.6711151937591631
mix_SI_UT_5400_1263,0.0015633915135117955
mix_SI_UT_5400_711,0.0015103473182465222
mix_UI_ST_5400_990,0.001749522328157016
cauldron_ln_4866,0.6368602111479084
mix_UI_ST_5400_1015,0.0016997560256599132
cauldron_ln_18516,0.6295903582490329
cauldron_ln_16575,0.5953342205887296
mix_UI_ST_5400_949,0.0013180262243323265
cauldron_ln_9583,0.6630425058334706
mix_SI_UT_5400_1424,0.0014276060715046632
cauldron_ln_1090,0.5736390933451264
cauldron_ln_149,0.7084253152055137
mix_SI_UT_5400_29,0.0012493916597469542
mix_SI_UT_5400_951,0.0012671558764247098
mix_SI_UT_5400_894,0.0014782479139873168
cauldron_ln_29175,0.6119010262548854
mix_SI_UT_5400_105,0.002144074657289106
cauldron_ln_19793,0.7226432443779671
mix_SI_UT_5400_1386,0.0010302391640811843
mix_UI_ST_5400_865,0.0015382472979103283
mix_SI_UT_5400_23,0.002018970929977889
mix_SI_UT_5400_1097,0.0020158199687761624
mix_SI_UT_5400_77,0.0019387613416544075
mix_SI_UT_5400_1087,0.0024486921708695786
mix_UI_ST_5400_1437,0.001410536319427211
mix_SI_UT_5400_344,0.0015918920660336195
mix_SI_UT_5400_487,0.0015505567831947196
mix_UI_ST_5400_957,0.002086501913855858
cauldron_ln_7198,0.7831111157054846
mix_SI_UT_5400_1343,0.0021668332344210828
mix_SI_UT_5400_44,0.001344171738534136
cauldron_ln_23376,0.7073546720040632
cauldron_ln_19997,0.778309030403117
cauldron_ln_14861,0.6380090635559833
cauldron_ln_22566,0.7154171187935178
mix_UI_ST_5400_7,0.0013228769837617855
mix_SI_UT_5400_499,0.0015481359016872715
cauldron_ln_20643,0.5646645488399823
mix_UI_ST_5400_763,0.0013251253189800784
cauldron_ln_3666,0.7415951174876471
mix_SI_UT_5400_1408,0.0022783956515331698
mix_UI_ST_5400_477,0.0019391655167203693
mix_SI_UT_5400_995,0.0013104795036808638
mix_UI_ST_5400_230,0.001835469257103188
mix_SI_UT_5400_824,0.002208335261205775
mix_UI_ST_5400_907,0.0014833073120628707
mix_SI_UT_5400_247,0.0010254905388506726
cauldron_ln_21403,0.6751820182804731
cauldron_ln_8480,0.6337725947767737
mix_UI_ST_5400_1413,0.001515263067484528
mix_UI_ST_5400_1430,0.0012459504913791169
cauldron_ln_13144,0.7424697130267582
mix_SI_UT_5400_118,0.0011993320215761098
mix_SI_UT_5400_1378,0.001831711317048497
mix_UI_ST_5400_725,0.0012760527139321328
cauldron_ln_14601,0.6838681553711388
cauldron_ln_25527,0.664415788252827
cauldron_ln_542,0.6094638204911188
mix_SI_UT_5400_282,0.001771580120071725
cauldron_ln_6065,0.664572550062615
mix_SI_UT_5400_212,0.0014777130733786817
cauldron_ln_27316,0.7513581765261669
cauldron_ln_29747,0.6814365533415612
mix_SI_UT_5400_1436,0.0013086821455946791
mix_UI_ST_5400_836,0.0019621722132878955
mix_SI_UT_5400_1279,0.0014696258893922506
cauldron_ln_20663,0.6027739083056044
cauldron_ln_25201,0.7964339197730376
mix_UI_ST_5400_1072,0.0011851521675400288
mix_UI_ST_5400_84,0.0010856266330467326
cauldron_ln_16818,0.7232058453259217
mix_SI_UT_5400_483,0.0016402369143874113
mix_SI_UT_5400_1406,0.0018794331620808839
mix_SI_UT_5400_848,0.0014317945347098462
mix_UI_ST_5400_787,0.0012802211846555665
mix_UI_ST_5400_1138,0.0018830933849287674
mix_UI_ST_5400_356,0.0020798138944329372
cauldron_ln_23893,0.7071813421154918
mix_UI_ST_5400_1148,0.0007781287723129372
mix_SI_UT_5400_672,0.0021905103441595968
mix_SI_UT_5400_967,0.0012417674322164804
mix_SI_UT_5400_338,0.0018076179448975004
cauldron_ln_4711,0.5732514492255087
mix_UI_ST_5400_1385,0.0012828349016439163
cauldron_ln_14187,0.5803199985185834
cauldron_ln_16565,0.7384598886435123
cauldron_ln_27773,0.72301831373791
mix_SI_UT_5400_773,0.001249955176112444
cauldron_ln_3633,0.6904784216209594
mix_SI_UT_5400_914,0.0011961911966506063
cauldron_ln_24583,0.6142283763148148
cauldron_ln_25486,0.6174949712865598
cauldron_ln_310,0.7094483950441647
cauldron_ln_20369,0.6857694122849274
mix_SI_UT_5400_953,0.001885515458033482
cauldron_ln_27853,0.7151734353058528
mix_SI_UT_5400_694,0.0016683511397067392
mix_UI_ST_5400_1289,0.0016350250077106832
mix_UI_ST_5400_332,0.0012286359249248533
mix_UI_ST_5400_1450,0.001352784726679343
mix_SI_UT_5400_491,0.001324671197872914
mix_UI_ST_5400_575,0.0015532024921636079
mix_UI_ST_5400_1078,0.002053957535023512
mix_SI_UT_5400_1202,0.0014603436471019473
cauldron_ln_5274,0.5860461468393267
mix_SI_UT_5400_749,0.0019551607091495148
cauldron_ln_12210,0.5845288701803607
mix_UI_ST_5400_144,0.0014760965216568012
cauldron_ln_10920,0.7638247500932249
cauldron_ln_18423,0.7416400061133308
mix_SI_UT_5400_110,0.0012428508513794407
cauldron_ln_1527,0.7192637771225239
cauldron_ln_18494,0.6675572450587981
cauldron_ln_5584,0.6889163179923313
mix_UI_ST_5400_778,0.0014704345302029296
mix_SI_UT_5400_649,0.00228737554206327
cauldron_ln_11166,0.6373052267175575
mix_SI_UT_5400_372,0.0016214669045831194
mix_SI_UT_5400_78,0.0015511061335443052
mix_UI_ST_5400_322,0.0017129735014464959
mix_SI_UT_5400_414,0.0017415324520735885
cauldron_ln_692,0.6577171355998943
cauldron_ln_12711,0.7099944400128003
mix_UI_ST_5400_929,0.0020876629972745564
cauldron_ln_7496,0.6769336812154066
mix_UI_ST_5400_350,0.0015513076286874621
mix_SI_UT_5400_378,0.0019218340738106038
cauldron_ln_20025,0.6331808409672294
cauldron_ln_26249,0.6356264213858537
cauldron_ln_20293,0.6202394220880149
cauldron_ln_28354,0.6789290099226112
cauldron_ln_28608,0.6781204075566601
mix_UI_ST_5400_1317,0.0021925111794628017
mix_UI_ST_5400_337,0.0017011036712893863
cauldron_ln_24775,0.8006842000691351
cauldron_ln_10275,0.6906017305389012
cauldron_ln_977,0.6620870114754319
mix_UI_ST_5400_99,0.002386047616176827
mix_SI_UT_5400_732,0.0011641134975427401
mix_SI_UT_5400_262,0.002551843417083926
cauldron_ln_21014,0.7293918726536713
mix_SI_UT_5400_287,0.0016674652696741035
mix_SI_UT_5400_801,0.0018239010182519062
cauldron_ln_15487,0.6223619430583442
cauldron_ln_6743,0.7063059016256218
cauldron_ln_22571,0.7265182487477251
cauldron_ln_17898,0.6613028844042138
mix_SI_UT_5400_399,0.002007399985307216
mix_SI_UT_5400_934,0.0017890920610979138
mix_SI_UT_5400_929,0.0016440075501097998
mix_SI_UT_5400_1276,0.001534466589722886
cauldron_ln_1079,0.6311078206838203
mix_SI_UT_5400_1184,0.0008721108746048724
cauldron_ln_17352,0.6531890993501291
cauldron_ln_19507,0.7178582439450948
cauldron_ln_21120,0.6963207399843874
cauldron_ln_1797,0.49521818005099044
mix_UI_ST_5400_909,0.0017868084338966497
cauldron_ln_10802,0.67412559933272
cauldron_ln_29356,0.6328753210832986
mix_SI_UT_5400_1231,0.0018487828890262777
mix_UI_ST_5400_858,0.00194705376549874
cauldron_ln_24406,0.6931328644373913
cauldron_ln_27636,0.801318782999221
cauldron_ln_16618,0.7321360921927456
mix_UI_ST_5400_1420,0.0021070904735375766
mix_UI_ST_5400_1419,0.002358770043432448
mix_UI_ST_5400_705,0.0015270126429346987
mix_UI_ST_5400_28,0.002077413236073563
cauldron_ln_15339,0.6556494814589838
mix_UI_ST_5400_625,0.0017959322433191024
mix_SI_UT_5400_366,0.002003689237550509
mix_UI_ST_5400_1187,0.001471786786328044
cauldron_ln_18101,0.689216442423234
mix_SI_UT_5400_535,0.0015710996961780916
mix_UI_ST_5400_1315,0.002040020196362323
mix_SI_UT_5400_1259,0.002006568976515514
cauldron_ln_29651,0.664889568021741
cauldron_ln_18990,0.7590564157132856
cauldron_ln_19186,0.7187103154431848
mix_SI_UT_5400_980,0.001663493336899047
cauldron_ln_27548,0.6484039233642264
cauldron_ln_5494,0.3960076385442629
cauldron_ln_1369,0.713670494696881
mix_SI_UT_5400_93,0.002011852239344134
mix_UI_ST_5400_1282,0.0017371850319464546
mix_UI_ST_5400_1471,0.0018231661365960914
mix_UI_ST_5400_91,0.0036198135382666027
mix_SI_UT_5400_1388,0.0019329213324373166
mix_UI_ST_5400_1368,0.001453011940455295
mix_UI_ST_5400_717,0.0019832863303660304
mix_UI_ST_5400_796,0.002372091391656625
mix_UI_ST_5400_962,0.0014474262030240988
mix_SI_UT_5400_112,0.0017565915172338066
mix_UI_ST_5400_1075,0.0013495835861857977
cauldron_ln_22324,0.6805056849412113
cauldron_ln_26808,0.7617272095905537
cauldron_ln_25079,0.5984503544480685
mix_UI_ST_5400_539,0.002574316083584819
cauldron_ln_4806,0.7986141243702921
cauldron_ln_21746,0.7116288141312018
cauldron_ln_23661,0.43446368399606416
cauldron_ln_8070,0.6990072819809493
mix_UI_ST_5400_1495,0.0022771033155638185
mix_UI_ST_5400_353,0.0016557590235422807
mix_SI_UT_5400_418,0.0017893452960281405
cauldron_ln_19799,0.6742316256801462
mix_SI_UT_5400_155,0.0014661339625746416
mix_UI_ST_5400_1326,0.0013537695272554742
mix_UI_ST_5400_1150,0.0019970536145907936
mix_UI_ST_5400_556,0.00178018308682706
mix_SI_UT_5400_396,0.001703173890736503
cauldron_ln_16482,0.6500623788763347
cauldron_ln_3400,0.6148902110168805
mix_SI_UT_5400_1342,0.0016229942329631525
mix_UI_ST_5400_459,0.0009638598351941539
cauldron_ln_13717,0.7364346372586469
mix_UI_ST_5400_777,0.0017092906484716867
mix_UI_ST_5400_1479,0.0014170041801119487
cauldron_ln_29216,0.7096785981242156
cauldron_ln_5498,0.7459777959417574
mix_UI_ST_5400_1170,0.0017728212726695555
cauldron_ln_13897,0.7570346003551182
cauldron_ln_5820,0.7638740655732127
mix_SI_UT_5400_887,0.0007927223999813604
mix_UI_ST_5400_246,0.0011831708039458247
mix_SI_UT_5400_1312,0.001405062050336129
cauldron_ln_8647,0.7025621398421483
cauldron_ln_8401,0.7622978274288291
cauldron_ln_18002,0.7318122739296068
cauldron_ln_26865,0.6791537291877997
cauldron_ln_5181,0.7076915995525686
cauldron_ln_4013,0.701750890150354
cauldron_ln_6270,0.7421301395746358
mix_SI_UT_5400_795,0.0018183434541773154
cauldron_ln_27875,0.7117608653516194
cauldron_ln_3849,0.7466598564479782
mix_SI_UT_5400_931,0.002289074372071817
cauldron_ln_12360,0.629191678557647
mix_SI_UT_5400_1111,0.0019555820086909555
cauldron_ln_24349,0.7478398849534387
cauldron_ln_7009,0.6434660339003152
mix_UI_ST_5400_170,0.0011849450918950124
mix_SI_UT_5400_16,0.0017105475803536317
mix_SI_UT_5400_351,0.001181586064248397
cauldron_ln_25343,0.7170401940791904
mix_UI_ST_5400_172,0.0014706256159913082
mix_UI_ST_5400_1197,0.001992911404898359
cauldron_ln_21605,0.6286106908333547
mix_SI_UT_5400_1209,0.001945199001220427
cauldron_ln_6458,0.5767216242510145
cauldron_ln_28692,0.6380567500515514
mix_SI_UT_5400_952,0.0019013573041687245
cauldron_ln_11781,0.7356229654846577
mix_SI_UT_5400_744,0.0021650687223413586
mix_UI_ST_5400_281,0.00098381131059565
mix_SI_UT_5400_987,0.0019318225447924747
cauldron_ln_6449,0.6634594190845466
mix_SI_UT_5400_1446,0.0024740047084211817
cauldron_ln_4134,0.7349048799189128
cauldron_ln_2203,0.7486185975147297
cauldron_ln_22034,0.5367956456670471
mix_SI_UT_5400_276,0.0019483086077174382
mix_SI_UT_5400_741,0.0017155847195850888
mix_SI_UT_5400_279,0.0017260710352833208
cauldron_ln_3449,0.5864726167146965
cauldron_ln_9885,0.7768852954589354
mix_UI_ST_5400_617,0.0010841820054879627
cauldron_ln_2002,0.68645096761345
mix_SI_UT_5400_815,0.0017021706173864042
mix_UI_ST_5400_460,0.0017057104785989598
mix_UI_ST_5400_189,0.0018714902490809598
mix_UI_ST_5400_984,0.001445216965766779
mix_SI_UT_5400_1356,0.0017659071924058143
cauldron_ln_12288,0.6902296274426156
mix_SI_UT_5400_1139,0.002123115939146733
mix_SI_UT_5400_656,0.0015910561192850267
cauldron_ln_14956,0.5909554039131556
mix_UI_ST_5400_920,0.0015248946514165882
cauldron_ln_13370,0.6991730977346711
mix_UI_ST_5400_1245,0.0011289199787403725
mix_SI_UT_5400_84,0.0018759491042734716
mix_UI_ST_5400_386,0.0011694556465964682
cauldron_ln_2323,0.7042783710236928
cauldron_ln_10948,0.66857566992462
cauldron_ln_12538,0.6120525897931897
mix_UI_ST_5400_813,0.0017439568063139514
cauldron_ln_10207,0.7265814188590676
mix_SI_UT_5400_654,0.00134070319388963
cauldron_ln_8451,0.49931228477561224
mix_SI_UT_5400_216,0.0011044680135283136
mix_UI_ST_5400_1233,0.001666521169074161
cauldron_ln_150,0.6245763850784272
mix_UI_ST_5400_616,0.0023334230889294786
cauldron_ln_1364,0.5571657045474189
cauldron_ln_23121,0.7361402589118046
cauldron_ln_22401,0.7319505151591846
cauldron_ln_502,0.5666069049295752
mix_SI_UT_5400_270,0.0020744277731703153
mix_UI_ST_5400_409,0.0018675026680094876
cauldron_ln_16609,0.7280696328250627
mix_SI_UT_5400_684,0.0017586910134254584
cauldron_ln_17353,0.4538368173481967
cauldron_ln_7453,0.564283520943559
cauldron_ln_11055,0.5867401051019824
cauldron_ln_343,0.6908150784201037
mix_SI_UT_5400_903,0.0021895266629615956
cauldron_ln_467,0.6734350722109231
mix_UI_ST_5400_689,0.0016996266072446197
mix_UI_ST_5400_1367,0.0019417800880432423
mix_SI_UT_5400_1299,0.0007203259671297447
cauldron_ln_22910,0.5965973182728059
mix_SI_UT_5400_701,0.0015104210224699032
cauldron_ln_23748,0.7442659527217355
cauldron_ln_17549,0.6928601363888193
mix_SI_UT_5400_268,0.0015004044786692018
mix_SI_UT_5400_242,0.001960423776873384
cauldron_ln_4812,0.7177145225204307
cauldron_ln_1500,0.5550716742004521
mix_SI_UT_5400_121,0.001889826935710634
cauldron_ln_14570,0.7474249856287125
mix_SI_UT_5400_806,0.0011787729678128206
mix_UI_ST_5400_405,0.0011056898317729354
cauldron_ln_18503,0.7808424739329836
cauldron_ln_12414,0.6641160190264609
mix_SI_UT_5400_1004,0.00098763163265191
cauldron_ln_8491,0.6875169982544111
mix_SI_UT_5400_180,0.0011246765154666687
mix_SI_UT_5400_1265,0.002058758704202517
cauldron_ln_1792,0.7021590409138652
mix_SI_UT_5400_676,0.002027895941905379
mix_SI_UT_5400_943,0.001525713970932792
cauldron_ln_26109,0.7371119435998055
mix_UI_ST_5400_176,0.0013202753849299576
cauldron_ln_17335,0.5496981651295394
cauldron_ln_21500,0.746687842676117
cauldron_ln_6716,0.6949622750765918
cauldron_ln_8570,0.669764947584209
cauldron_ln_27679,0.67189547737274
mix_SI_UT_5400_756,0.002019974244647804
mix_SI_UT_5400_549,0.0014482261086666939
mix_SI_UT_5400_195,0.0018506846861462852
mix_SI_UT_5400_834,0.0013822965248745096
mix_UI_ST_5400_270,0.0021282076578484597
mix_UI_ST_5400_593,0.002241849853707308
mix_SI_UT_5400_653,0.0010696740363740056
cauldron_ln_14273,0.6584363887346543
cauldron_ln_23579,0.6306741765613252
cauldron_ln_19820,0.7170282252117568
mix_UI_ST_5400_268,0.0019014382095459464
mix_SI_UT_5400_1389,0.00195541136190439
mix_SI_UT_5400_40,0.002154969462657552
cauldron_ln_2401,0.5861555419217738
cauldron_ln_23793,0.7394398546956369
mix_SI_UT_5400_1226,0.0014514789235800783
mix_UI_ST_5400_916,0.0018340917556097438
cauldron_ln_6741,0.6646093881796653
mix_SI_UT_5400_310,0.000997008047441766
mix_UI_ST_5400_632,0.0012188958029194694
mix_SI_UT_5400_1387,0.0020141617292370817
mix_SI_UT_5400_459,0.0019039715455959583
cauldron_ln_20666,0.6661623009068424
cauldron_ln_9843,0.781466931796467
mix_UI_ST_5400_343,0.0013869142707323666
cauldron_ln_23338,0.7031252253880216
cauldron_ln_28999,0.752672084861515
mix_SI_UT_5400_1142,0.0020369281954477647
cauldron_ln_9612,0.5356646087562769
mix_UI_ST_5400_271,0.0022376396390914096
mix_SI_UT_5400_901,0.00183293635969077
cauldron_ln_16289,0.8027671651817284
cauldron_ln_2351,0.6586902891989518
cauldron_ln_24157,0.6771806539265475
cauldron_ln_26790,0.7649127052336115
mix_SI_UT_5400_232,0.00239301084185665
mix_UI_ST_5400_1181,0.0019051119045883174
cauldron_ln_21779,0.784280345305089
mix_UI_ST_5400_804,0.0023718179709630673
cauldron_ln_20486,0.7267391553165958
mix_SI_UT_5400_956,0.0018516635195142412
mix_SI_UT_5400_412,0.0027620370187220232
mix_SI_UT_5400_616,0.0014739632144567475
mix_UI_ST_5400_1024,0.0013257396026664476
cauldron_ln_11372,0.7661322257469239
cauldron_ln_25415,0.7161133075129646
cauldron_ln_29622,0.6143203330491828
mix_SI_UT_5400_811,0.0015348508133307774
cauldron_ln_28316,0.6777319086144535
mix_SI_UT_5400_359,0.0016076411204257585
cauldron_ln_4601,0.6900278344535088
mix_SI_UT_5400_1173,0.002016065780903807
mix_UI_ST_5400_391,0.0015624988858113946
mix_SI_UT_5400_1076,0.0025047215284344786
cauldron_ln_28875,0.767828882895171
cauldron_ln_1347,0.5637014867788073
cauldron_ln_5432,0.6614558675649016
mix_UI_ST_5400_1202,0.002108980660503859
cauldron_ln_19328,0.7534976160205178
cauldron_ln_5824,0.6971418675154746
mix_SI_UT_5400_890,0.0021605456533050627
mix_UI_ST_5400_1049,0.001914631370114096
mix_SI_UT_5400_552,0.0015151443479340361
cauldron_ln_3669,0.6328635656553053
cauldron_ln_10422,0.7482651670013546
cauldron_ln_27207,0.7396612037287805
cauldron_ln_14344,0.7901052707608155
cauldron_ln_15718,0.6797301793050854
mix_UI_ST_5400_16,0.001187718793561769
cauldron_ln_16775,0.59944583325965
mix_SI_UT_5400_780,0.0015387426357598973
mix_SI_UT_5400_796,0.0016623792212307946
cauldron_ln_1525,0.6685478978010464
mix_UI_ST_5400_855,0.0014628474816115007
cauldron_ln_14748,0.7150231773921292
cauldron_ln_4300,0.6610943915621844
cauldron_ln_29761,0.6867327760454397
mix_UI_ST_5400_1412,0.002351762200931302
mix_UI_ST_5400_573,0.0015923856657668255
mix_SI_UT_5400_462,0.0011840905473098134
cauldron_ln_25295,0.7063911786405439
cauldron_ln_7238,0.7265223560348795
cauldron_ln_28503,0.5438150526595541
cauldron_ln_24761,0.7253078998638147
cauldron_ln_16001,0.6496243453315855
cauldron_ln_19262,0.772204182530712
cauldron_ln_20349,0.7312364160853054
cauldron_ln_5376,0.7363794085520509
mix_UI_ST_5400_1249,0.001403948391471132
cauldron_ln_8022,0.6679896987645985
cauldron_ln_29615,0.572981599055928
mix_UI_ST_5400_1203,0.0017647598933647314
cauldron_ln_28377,0.5873457338327753
mix_SI_UT_5400_147,0.002154142433795792
mix_UI_ST_5400_23,0.0013407764434501988
cauldron_ln_11262,0.703855786958469
cauldron_ln_6588,0.7097095810464155
mix_SI_UT_5400_6,0.0015893172187147933
cauldron_ln_2724,0.7210648427978444
cauldron_ln_3229,0.7391971696528155
cauldron_ln_5163,0.7671457700673001
mix_UI_ST_5400_39,0.0009610911932157552
mix_SI_UT_5400_763,0.001650255259651497
cauldron_ln_20248,0.6208503563025384
mix_SI_UT_5400_937,0.001957377693064729
cauldron_ln_1321,0.6731952423070137
mix_SI_UT_5400_569,0.0013760996874748915
mix_SI_UT_5400_717,0.0013696446876618538
cauldron_ln_23410,0.5922076211471841
mix_SI_UT_5400_877,0.0011386013791927791
cauldron_ln_16176,0.6752861787631431
cauldron_ln_24111,0.596109012637624
cauldron_ln_556,0.652571377035538
mix_SI_UT_5400_1495,0.0009196476740973427
cauldron_ln_6787,0.7381672985897317
cauldron_ln_24473,0.6519953860992052
mix_UI_ST_5400_812,0.00198167937495237
mix_SI_UT_5400_657,0.0021411006748907483
cauldron_ln_15448,0.7676062013073531
mix_SI_UT_5400_551,0.002031539528255061
cauldron_ln_14578,0.7215047245475784
cauldron_ln_26015,0.7404052083291519
cauldron_ln_21087,0.6263947546264683
cauldron_ln_11659,0.7290196493401394
cauldron_ln_8291,0.6966741550398142
mix_UI_ST_5400_345,0.0011077404788413757
cauldron_ln_21328,0.6927023998860501
cauldron_ln_24870,0.6585158268622834
mix_UI_ST_5400_133,0.00088954931540283
cauldron_ln_17563,0.7018994970882121
mix_SI_UT_5400_245,0.0020587700324899627
cauldron_ln_28317,0.7827943640907503
mix_UI_ST_5400_521,0.0012006639845328095
cauldron_ln_4967,0.6836393870432067
mix_UI_ST_5400_142,0.0019768855350251638
mix_UI_ST_5400_1355,0.001642789160001033
mix_UI_ST_5400_816,0.002527558571301004
cauldron_ln_15062,0.7268274873427129
mix_UI_ST_5400_943,0.0016846746274513625
cauldron_ln_8221,0.5946235568554681
mix_UI_ST_5400_100,0.0016245645784608372
cauldron_ln_29283,0.5024560386532224
mix_SI_UT_5400_561,0.0013513997050749965
mix_UI_ST_5400_762,0.0019913787379711406
mix_UI_ST_5400_1008,0.0018223728846383032
cauldron_ln_3750,0.6012269165483439
cauldron_ln_20592,0.6817526722039274
mix_SI_UT_5400_332,0.0011863635933516549
cauldron_ln_15756,0.6456507453775563
cauldron_ln_11736,0.7263416948213891
mix_UI_ST_5400_654,0.0015550359386475292
cauldron_ln_10475,0.7611640031569086
mix_SI_UT_5400_75,0.0021977569565619546
cauldron_ln_23924,0.7358904236548561
mix_SI_UT_5400_1448,0.0013621080501663224
mix_SI_UT_5400_18,0.0017437169536138515
mix_UI_ST_5400_693,0.0028042043277533256
cauldron_ln_4903,0.7338003486537665
mix_SI_UT_5400_1358,0.001825096558370816
cauldron_ln_10095,0.6795293129742871
cauldron_ln_9570,0.6314533964823821
mix_SI_UT_5400_799,0.001925804164923252
cauldron_ln_497,0.6708113296308739
cauldron_ln_6786,0.7373634022601835
cauldron_ln_27321,0.6750949949351329
cauldron_ln_8876,0.665694569016598
cauldron_ln_11379,0.6736433013782508
cauldron_ln_2483,0.43707641912693856
cauldron_ln_5447,0.6305826017512984
cauldron_ln_17031,0.7065091426231396
mix_UI_ST_5400_1285,0.0016681720129398505
mix_UI_ST_5400_366,0.0011180997205512138
cauldron_ln_17538,0.7860220965484783
mix_UI_ST_5400_186,0.001208162448184124
cauldron_ln_3038,0.752696771505886
mix_SI_UT_5400_451,0.0009572330635465208
mix_SI_UT_5400_420,0.0014081095480538593
cauldron_ln_9299,0.7028267248203538
cauldron_ln_12303,0.7132796308396002
cauldron_ln_24784,0.7198762645834597
cauldron_ln_10797,0.7227350937357951
mix_SI_UT_5400_1245,0.0015120590204523636
cauldron_ln_13724,0.7166566950882325
mix_SI_UT_5400_387,0.0016235439956427682
mix_UI_ST_5400_1384,0.0012779503849033565
cauldron_ln_14649,0.6707810056023059
mix_UI_ST_5400_193,0.0014154916277888136
mix_SI_UT_5400_1048,0.0012270287770316365
cauldron_ln_1764,0.6379566879926313
mix_SI_UT_5400_125,0.0009226356577717581
cauldron_ln_11048,0.6662556121975105
cauldron_ln_19348,0.7263652251562244
mix_SI_UT_5400_936,0.0022197842014773468
cauldron_ln_17918,0.6670332629428518
mix_SI_UT_5400_715,0.0015051019344261107
mix_UI_ST_5400_309,0.0017739026460472799
cauldron_ln_4397,0.6565244572586807
mix_SI_UT_5400_1122,0.0018347511872150518
mix_SI_UT_5400_1129,0.0012699756777362077
cauldron_ln_26647,0.5925988515752717
cauldron_ln_11006,0.7443363966277827
cauldron_ln_3529,0.7542765409532077
mix_UI_ST_5400_1291,0.0012968221843257697
mix_UI_ST_5400_1179,0.0015348133663018865
mix_SI_UT_5400_1224,0.0016854842976475192
cauldron_ln_25808,0.7738300195029522
cauldron_ln_740,0.6889406759022078
mix_SI_UT_5400_394,0.0021231602446024544
mix_SI_UT_5400_519,0.0011436027356036683
mix_SI_UT_5400_148,0.0019491723709444014
cauldron_ln_25565,0.7020866870336179
cauldron_ln_28494,0.6914184718948757
mix_SI_UT_5400_390,0.0017065968240151106
cauldron_ln_11506,0.6101890929850243
cauldron_ln_16003,0.7637098118328622
mix_SI_UT_5400_252,0.0029368391376769507
cauldron_ln_13721,0.75059105628551
mix_SI_UT_5400_1225,0.0013810662098126714
cauldron_ln_5291,0.6460325351983633
mix_UI_ST_5400_1308,0.0015935715707680236
mix_SI_UT_5400_1468,0.001606386715705855
cauldron_ln_1406,0.6237759430452346
cauldron_ln_15481,0.7492231723250294
cauldron_ln_9301,0.659722006285256
mix_UI_ST_5400_351,0.0009501297879601974
mix_UI_ST_5400_1084,0.001658071443047915
mix_SI_UT_5400_493,0.0018104701244834626
mix_SI_UT_5400_712,0.0007921742090185351
mix_SI_UT_5400_254,0.001800409405838513
mix_UI_ST_5400_214,0.0017690383226378426
mix_UI_ST_5400_1312,0.0026401269823305316
cauldron_ln_22230,0.6959325930402949
cauldron_ln_16143,0.6629393079523324
mix_SI_UT_5400_1070,0.0018522700971183186
mix_SI_UT_5400_695,0.001557390128621681
cauldron_ln_11668,0.6876760825243162
mix_SI_UT_5400_149,0.0017856574600645834
mix_UI_ST_5400_640,0.0019209909176060116
cauldron_ln_23296,0.7483616652269226
mix_SI_UT_5400_776,0.0017055479177539913
mix_SI_UT_5400_1242,0.0023847694291056908
cauldron_ln_17734,0.7099345018591114
cauldron_ln_26539,0.4593812774734037
cauldron_ln_5756,0.7840026933594246
mix_SI_UT_5400_613,0.002232892667314979
cauldron_ln_2252,0.3415868666320378
mix_UI_ST_5400_179,0.0019136135048730143
mix_SI_UT_5400_719,0.001619294889168527
mix_UI_ST_5400_1444,0.0018391475577808638
cauldron_ln_12070,0.7095470232351991
mix_SI_UT_5400_505,0.0016276420451558388
mix_UI_ST_5400_1043,0.0013529279202433258
mix_UI_ST_5400_860,0.002276329798374356
mix_UI_ST_5400_194,0.0014221737838515597
mix_UI_ST_5400_1133,0.0020001897232777436
cauldron_ln_22821,0.7229768589617819
mix_SI_UT_5400_415,0.001754915770911405
cauldron_ln_7580,0.6107490818694348
mix_SI_UT_5400_1107,0.0006391357936360345
mix_UI_ST_5400_480,0.0015807054055205722
cauldron_ln_23885,0.6127074355348419
cauldron_ln_23570,0.6998606862324045
mix_SI_UT_5400_1385,0.0012542752162881038
mix_SI_UT_5400_625,0.0014085149361729391
cauldron_ln_21899,0.7382111315922618
mix_UI_ST_5400_1069,0.001465935468352454
mix_SI_UT_5400_1492,0.001744807392987737
cauldron_ln_17077,0.625517830709298
cauldron_ln_6257,0.6657268299535741
mix_SI_UT_5400_213,0.0022936620328096726
cauldron_ln_17715,0.701889012060487
cauldron_ln_19637,0.7745583363808786
mix_SI_UT_5400_1188,0.0019468317327506499
cauldron_ln_7098,0.7279237720408708
cauldron_ln_7178,0.6006395237077318
mix_UI_ST_5400_669,0.0012796249043717843
cauldron_ln_21883,0.79604708525035
cauldron_ln_17536,0.706363235052821
cauldron_ln_22977,0.6838221274817236
cauldron_ln_11369,0.6693746065143417
mix_SI_UT_5400_830,0.001910989470247394
cauldron_ln_21337,0.7929271064284695
cauldron_ln_5520,0.6950706349008856
mix_UI_ST_5400_529,0.002098203640965541
mix_SI_UT_5400_109,0.000950871792321019
cauldron_ln_25740,0.7320148517544253
mix_SI_UT_5400_636,0.0015562950314651949
cauldron_ln_25308,0.7039222019071051
mix_SI_UT_5400_1010,0.0023462861333695822
cauldron_ln_18008,0.6771058844353345
mix_SI_UT_5400_1326,0.001867163771760093
mix_SI_UT_5400_915,0.0010558379676125
cauldron_ln_17195,0.7073349248035207
cauldron_ln_13341,0.7235490116194095
mix_SI_UT_5400_1124,0.0025109742782165835
cauldron_ln_3245,0.6966499245600596
cauldron_ln_8172,0.6885430523589987
mix_UI_ST_5400_926,0.00100387642770082
cauldron_ln_4876,0.6254068389557899
mix_UI_ST_5400_751,0.0008459473472071019
mix_SI_UT_5400_1374,0.0020891235794149752
mix_UI_ST_5400_975,0.001962902644782982
mix_SI_UT_5400_1405,0.002240843020285729
cauldron_ln_24849,0.726873851195855
cauldron_ln_16941,0.5644918549277859
mix_SI_UT_5400_591,0.0014569869218578931
cauldron_ln_15085,0.666922145227323
mix_SI_UT_5400_596,0.0018940227087790964
mix_UI_ST_5400_622,0.0015217295850635778
cauldron_ln_11887,0.6275554181692591
cauldron_ln_106,0.4767952700685947
cauldron_ln_13192,0.6799233534853975
cauldron_ln_22696,0.7697407736220688
cauldron_ln_29285,0.6895767371540712
mix_SI_UT_5400_470,0.0020048057233220894
cauldron_ln_6912,0.770692647750306
cauldron_ln_9522,0.716482287148997
mix_UI_ST_5400_1132,0.0016871505895110544
cauldron_ln_28412,0.7062448560983966
mix_UI_ST_5400_221,0.0015231866324430653
mix_SI_UT_5400_1045,0.001613400527035164
cauldron_ln_16172,0.5512735642436142
cauldron_ln_14103,0.7341952245884589
mix_UI_ST_5400_1071,0.0019099099784379034
mix_SI_UT_5400_1233,0.002530124291912526
mix_SI_UT_5400_111,0.001504603425326116
mix_SI_UT_5400_324,0.00123754409854961
mix_SI_UT_5400_116,0.003132119572577828
cauldron_ln_1235,0.6021811906293636
cauldron_ln_24255,0.618114760496511
cauldron_ln_15710,0.6724102195898053
mix_SI_UT_5400_51,0.000997041797660955
cauldron_ln_20644,0.6527665484847889
cauldron_ln_21833,0.6624374563286437
cauldron_ln_23944,0.6559984426247812
mix_SI_UT_5400_308,0.001380400711033086
cauldron_ln_25956,0.5915553832115514
cauldron_ln_15934,0.6990377220533974
mix_UI_ST_5400_1159,0.0019992950465613567
cauldron_ln_24050,0.6978393291669194
mix_SI_UT_5400_190,0.0009844751480341993
cauldron_ln_6763,0.7666233860628541
mix_SI_UT_5400_2,0.0013525406969392365
mix_UI_ST_5400_457,0.0015722464957182139
mix_UI_ST_5400_1224,0.0014788884957607326
cauldron_ln_16339,0.6144922952754713
cauldron_ln_5773,0.7368887510803459
mix_UI_ST_5400_1447,0.0017305730291764334
mix_UI_ST_5400_956,0.0005991576342171821
cauldron_ln_2312,0.7494901360827135
mix_UI_ST_5400_1003,0.0015444931585857228
mix_UI_ST_5400_1425,0.00228869553569474
cauldron_ln_24204,0.7061387060739954
cauldron_ln_1617,0.7546369718788015
mix_SI_UT_5400_1050,0.0025735262906924463
cauldron_ln_20936,0.7245062846665326
cauldron_ln_22017,0.7166328546879769
cauldron_ln_23477,0.7467295048047226
mix_SI_UT_5400_1038,0.0018598722083246087
cauldron_ln_26664,0.6351874353526713
cauldron_ln_10615,0.656556034390037
cauldron_ln_1497,0.6636582948529702
mix_SI_UT_5400_892,0.0012004217418999446
mix_UI_ST_5400_1230,0.0015985070684987454
mix_UI_ST_5400_1286,0.0017151930784870312
cauldron_ln_19657,0.6855250113774188
cauldron_ln_6233,0.7167292688970491
cauldron_ln_1337,0.687628104851515
cauldron_ln_28617,0.6731161282698422
cauldron_ln_808,0.6450819027130678
cauldron_ln_29971,0.7189879555076342
mix_UI_ST_5400_1456,0.0017778199319258886
mix_UI_ST_5400_1155,0.001103877284856436
cauldron_ln_22663,0.5653138889649523
cauldron_ln_19031,0.7266568576472748
mix_SI_UT_5400_688,0.0016229990447828072
cauldron_ln_12081,0.7173265838256843
mix_UI_ST_5400_1440,0.001942469636477171
mix_UI_ST_5400_311,0.001973526686086029
mix_SI_UT_5400_1337,0.001692535206608388
cauldron_ln_8006,0.768083423474269
cauldron_ln_10427,0.6703340963920545
cauldron_ln_4976,0.6683925055903062
mix_SI_UT_5400_878,0.0011171495767496793
mix_UI_ST_5400_688,0.0016722927861489028
cauldron_ln_397,0.5585488649378724
cauldron_ln_520,0.5611152351082841
mix_UI_ST_5400_1063,0.002255955417649251
cauldron_ln_17300,0.75689024477265
cauldron_ln_13607,0.5816278018946471
cauldron_ln_27780,0.6980494047067262
mix_UI_ST_5400_636,0.0017629687618960176
mix_SI_UT_5400_1106,0.0019408881612867689
mix_SI_UT_5400_343,0.001125772810961732
mix_UI_ST_5400_1146,0.0013458738560732611
mix_SI_UT_5400_1025,0.0018468725546228377
mix_UI_ST_5400_514,0.0012582917987114467
cauldron_ln_10504,0.6703230729626677
mix_SI_UT_5400_1473,0.0021617620829092435
cauldron_ln_6725,0.6895420018697348
mix_UI_ST_5400_470,0.0015225143583461119
mix_SI_UT_5400_140,0.0013776949692114663
mix_UI_ST_5400_977,0.001984993187997531
mix_SI_UT_5400_1017,0.0024555565663194937
mix_SI_UT_5400_1489,0.0014895350349449176
mix_UI_ST_5400_106,0.0016988187158511261
mix_UI_ST_5400_423,0.0017045349388327606
cauldron_ln_6123,0.6955042292055515
mix_SI_UT_5400_977,0.0014982920962065547
mix_SI_UT_5400_10,0.001835527931001299
mix_SI_UT_5400_1451,0.0015225356315762026
cauldron_ln_10640,0.6267784161984957
mix_UI_ST_5400_969,0.0016530275850515797
mix_SI_UT_5400_1235,0.001351654206763074
mix_UI_ST_5400_265,0.0009529773187718081
cauldron_ln_16356,0.729782207613445
mix_UI_ST_5400_288,0.0015625294036016675
mix_SI_UT_5400_899,0.001935737011862152
cauldron_ln_12458,0.6897335251808268
mix_UI_ST_5400_898,0.001755871076892093
cauldron_ln_13902,0.7231387970096426
mix_SI_UT_5400_141,0.001095341878807768
mix_UI_ST_5400_1006,0.0011430963226641206
cauldron_ln_174,0.6028558297989375
mix_UI_ST_5400_1329,0.002172658473614704
mix_UI_ST_5400_1269,0.0008208672846022031
mix_SI_UT_5400_289,0.0015872925831222787
cauldron_ln_2976,0.7036088412282867
cauldron_ln_2421,0.6508747852988656
cauldron_ln_17143,0.5280027450948777
mix_UI_ST_5400_1190,0.0016224176967430165
cauldron_ln_375,0.6582317772061199
cauldron_ln_17658,0.6785469186444676
cauldron_ln_4526,0.7274859359204496
mix_SI_UT_5400_176,0.0019354257322703652
mix_SI_UT_5400_1372,0.0011294230363806824
cauldron_ln_15776,0.6703025842248816
mix_UI_ST_5400_624,0.0013654695177230942
mix_SI_UT_5400_648,0.001695674554142657
cauldron_ln_3352,0.7335739776699183
mix_UI_ST_5400_532,0.00146739848439419
mix_SI_UT_5400_822,0.0018711427925444677
cauldron_ln_7366,0.705283446838231
cauldron_ln_21184,0.5574001051999836
mix_UI_ST_5400_1092,0.0015618160728634988
cauldron_ln_15774,0.6196492843869684
mix_UI_ST_5400_1496,0.0017352595978911793
cauldron_ln_15467,0.7864663693641436
mix_UI_ST_5400_1452,0.0012825034522639283
mix_UI_ST_5400_1338,0.002141298729817787
cauldron_ln_8632,0.7917942538348489
mix_SI_UT_5400_307,0.0012866718432005518
cauldron_ln_7974,0.6170093961665375
mix_UI_ST_5400_284,0.00266172520639037
mix_UI_ST_5400_1341,0.0017606080717799202
mix_SI_UT_5400_760,0.0014640529603924468
mix_SI_UT_5400_778,0.0016576252988381621
mix_SI_UT_5400_1264,0.0017450423888906454
mix_SI_UT_5400_1100,0.0010105702251634512
cauldron_ln_11907,0.7369354429611098
cauldron_ln_9012,0.7563065316266929
mix_UI_ST_5400_1309,0.0016643736281708814
mix_SI_UT_5400_277,0.0022634753713371668
mix_UI_ST_5400_197,0.0015080399175654727
mix_UI_ST_5400_125,0.0017476790665980977
cauldron_ln_12958,0.666017037317129
mix_UI_ST_5400_1262,0.0015971552812827409
cauldron_ln_29307,0.5431046041503438
mix_UI_ST_5400_1449,0.001315130211296415
cauldron_ln_7312,0.777196657086325
mix_SI_UT_5400_1146,0.0018514288234242314
cauldron_ln_20680,0.6148865818578394
mix_UI_ST_5400_596,0.00115944901788676
mix_UI_ST_5400_942,0.0017888973813273397
mix_SI_UT_5400_564,0.00095603284928749
cauldron_ln_18293,0.6616325382516289
cauldron_ln_2234,0.6737984406538101
mix_SI_UT_5400_354,0.0014951576771509035
mix_SI_UT_5400_1330,0.0019933245963186293
mix_UI_ST_5400_1066,0.0022448372109199564
cauldron_ln_25988,0.7738826170258428
cauldron_ln_28634,0.7392038677021353
cauldron_ln_26039,0.5642020396592679
mix_UI_ST_5400_992,0.001614016827192396
mix_SI_UT_5400_401,0.0013910627947671646
mix_SI_UT_5400_217,0.0027112883568333945
cauldron_ln_2942,0.6033949363012616
mix_UI_ST_5400_496,0.0014355695936294662
cauldron_ln_12358,0.7740683797796153
cauldron_ln_13661,0.5699822763103459
mix_UI_ST_5400_211,0.0018648716748402821
mix_SI_UT_5400_465,0.0018986553334904576
mix_UI_ST_5400_1106,0.0017275741737669019
cauldron_ln_20658,0.7025679974930906
cauldron_ln_6279,0.7226555469059921
cauldron_ln_22994,0.7848222024430971
cauldron_ln_13194,0.7379264930447044
cauldron_ln_5658,0.6539409927670129
cauldron_ln_2476,0.6764084476378269
mix_UI_ST_5400_68,0.0016897061408133309
cauldron_ln_1459,0.48430999665275765
mix_UI_ST_5400_247,0.00161176458808014
mix_SI_UT_5400_503,0.0009771970751662326
mix_UI_ST_5400_736,0.0015988998887051847
cauldron_ln_21708,0.7382412465748093
cauldron_ln_28901,0.6624107462334174
cauldron_ln_1447,0.5003961004368758
mix_UI_ST_5400_53,0.001864424253477384
mix_SI_UT_5400_325,0.002234693850636326
mix_UI_ST_5400_1480,0.002234413106078577
mix_SI_UT_5400_38,0.0007835990538105958
mix_SI_UT_5400_128,0.0010687548006797186
mix_UI_ST_5400_1302,0.0018928797012214289
mix_SI_UT_5400_1,0.0012484449148791662
mix_SI_UT_5400_629,0.0015573709374584305
mix_UI_ST_5400_40,0.0016421710324405368
cauldron_ln_13116,0.690522546638194
cauldron_ln_8125,0.7385571178890307
mix_SI_UT_5400_222,0.0012185905096878296
cauldron_ln_12749,0.7837635313018954
mix_SI_UT_5400_590,0.001483195012066949
cauldron_ln_6846,0.6820934610282154
cauldron_ln_11275,0.7537352422774714
mix_SI_UT_5400_807,0.000985766504819415
mix_UI_ST_5400_19,0.000945866523644533
mix_SI_UT_5400_511,0.0013431663285382316
cauldron_ln_17348,0.7242641193241761
cauldron_ln_17202,0.7414603621167071
mix_SI_UT_5400_1285,0.0015795661291902524
mix_SI_UT_5400_622,0.0017602868827175284
cauldron_ln_8394,0.7430125860335726
mix_UI_ST_5400_695,0.0019193744996280381
mix_SI_UT_5400_1119,0.0012748879724388939
mix_UI_ST_5400_832,0.0014127403436218512
mix_UI_ST_5400_1096,0.002427537031555934
cauldron_ln_25019,0.7228483280362582
mix_SI_UT_5400_464,0.0022507926570609167
mix_UI_ST_5400_134,0.001658550977673935
cauldron_ln_21512,0.6597733968367936
cauldron_ln_2457,0.7090897381004313
mix_UI_ST_5400_1131,0.0023494888278425305
mix_UI_ST_5400_466,0.0023447313835735944
cauldron_ln_7199,0.6933679826539281
cauldron_ln_9750,0.7512982275982403
mix_UI_ST_5400_59,0.0015042750766870922
cauldron_ln_13692,0.7296265811845516
cauldron_ln_3244,0.6655232862662277
mix_UI_ST_5400_1220,0.0017293339930146941
cauldron_ln_8784,0.6968785916350603
cauldron_ln_1227,0.7231790614083241
cauldron_ln_23463,0.7271878555292702
mix_SI_UT_5400_47,0.0018959864086867159
cauldron_ln_4776,0.7147790458176236
mix_SI_UT_5400_839,0.0018779725651245935
cauldron_ln_21360,0.7001946987016945
mix_SI_UT_5400_1143,0.0016036679021915114
mix_SI_UT_5400_25,0.0008491158039349453
mix_SI_UT_5400_1395,0.002074504374487624
mix_SI_UT_5400_205,0.0022372954219631977
mix_SI_UT_5400_346,0.0017014676330781924
cauldron_ln_6760,0.7083354442775498
cauldron_ln_15478,0.6888221201868668
mix_UI_ST_5400_509,0.0013806921650903357
mix_UI_ST_5400_868,0.0010383840505637947
mix_UI_ST_5400_78,0.0011350392362753164
cauldron_ln_9173,0.7079179210637302
mix_UI_ST_5400_938,0.0015007769994071856
mix_SI_UT_5400_1253,0.00207184969592298
cauldron_ln_2553,0.6707562196003548
cauldron_ln_11528,0.754393720305123
cauldron_ln_24903,0.6972379701967096
mix_UI_ST_5400_928,0.0017638775610840417
cauldron_ln_27318,0.7217362346463569
cauldron_ln_6181,0.6656146195461002
mix_SI_UT_5400_1021,0.001998513108958409
mix_UI_ST_5400_801,0.001423389559823548
cauldron_ln_29752,0.5253123866784409
mix_UI_ST_5400_192,0.0012034467742949562
cauldron_ln_18012,0.6744543465153039
cauldron_ln_28399,0.7225002452841242
cauldron_ln_7291,0.7660163399751013
mix_SI_UT_5400_679,0.001198517101516338
cauldron_ln_2145,0.6956632753608113
cauldron_ln_8364,0.7162772233504556
mix_SI_UT_5400_258,0.0011283213372568729
mix_UI_ST_5400_1135,0.001501599095081446
mix_SI_UT_5400_810,0.001407153896465285
cauldron_ln_18633,0.7275699738013297
mix_UI_ST_5400_204,0.0012314952802290411
cauldron_ln_12724,0.7351595344192711
cauldron_ln_11569,0.6663061700994136
mix_SI_UT_5400_74,0.0007698565897761296
cauldron_ln_13789,0.712283735011734
mix_UI_ST_5400_1407,0.0019436096808405144
cauldron_ln_22656,0.7063411433128772
cauldron_ln_18909,0.788060242320603
cauldron_ln_7647,0.671023335319878
cauldron_ln_9398,0.7151131297508323
cauldron_ln_17570,0.7365934781270418
cauldron_ln_25814,0.6773582750472251
mix_UI_ST_5400_602,0.0019061299608933058
cauldron_ln_15559,0.7266075867059055
mix_UI_ST_5400_611,0.001770416876721588
mix_SI_UT_5400_433,0.0016630030601431853
cauldron_ln_26233,0.7369467972706828
mix_SI_UT_5400_393,0.001731549621987717
mix_SI_UT_5400_214,0.0014361523867298545
cauldron_ln_22682,0.6988277717430952
mix_SI_UT_5400_477,0.0015832301529353904
cauldron_ln_18544,0.6445146164928393
cauldron_ln_23923,0.6185470596311837
cauldron_ln_14189,0.7634369429266122
cauldron_ln_10908,0.734219026976626
cauldron_ln_13971,0.6511994909807568
cauldron_ln_19625,0.7279668988767357
mix_UI_ST_5400_537,0.0010248454471357496
mix_UI_ST_5400_1195,0.0023201347120219984
cauldron_ln_26739,0.7625003509996425
cauldron_ln_24131,0.572001564997305
mix_SI_UT_5400_920,0.0015447349689446277
mix_SI_UT_5400_1383,0.001213953196999463
mix_SI_UT_5400_1293,0.0018617508134607826
mix_UI_ST_5400_610,0.0010762715016504995
cauldron_ln_14300,0.7527400978484564
cauldron_ln_5972,0.6875078045267348
cauldron_ln_22355,0.7751647856883026
mix_UI_ST_5400_485,0.001001226984645707
mix_SI_UT_5400_281,0.0016857568122405433
cauldron_ln_15100,0.6463720886323256
mix_UI_ST_5400_1241,0.0012769830679920226
mix_UI_ST_5400_1428,0.0013442364220922966
cauldron_ln_13948,0.7559458573374456
mix_UI_ST_5400_60,0.0011856586109596512
cauldron_ln_2574,0.6445988943199384
cauldron_ln_19196,0.7651698534564292
cauldron_ln_2618,0.6468314900837158
cauldron_ln_5056,0.6054965215082345
cauldron_ln_15189,0.6760636742474241
mix_UI_ST_5400_817,0.0016771710399501438
mix_SI_UT_5400_572,0.0017898338850390134
mix_UI_ST_5400_732,0.0018178809048260253
cauldron_ln_9703,0.6016894444667906
mix_UI_ST_5400_1423,0.0017015103237048243
mix_UI_ST_5400_158,0.002404340196831684
mix_UI_ST_5400_183,0.0020219052005882522
mix_UI_ST_5400_891,0.0011676070237932998
cauldron_ln_9045,0.7190650330724602
mix_SI_UT_5400_1044,0.0021564030368252194
mix_UI_ST_5400_1325,0.0013396021639894603
mix_SI_UT_5400_708,0.0020660490880930614
cauldron_ln_28990,0.7606598218315582
cauldron_ln_28089,0.7543464009315056
mix_UI_ST_5400_572,0.0020439315482806727
cauldron_ln_15138,0.6462533101204843
cauldron_ln_22698,0.7332006196879842
cauldron_ln_2226,0.6895267567154917
mix_SI_UT_5400_1249,0.00259293807192581
mix_UI_ST_5400_1235,0.0020706001648116675
mix_UI_ST_5400_879,0.0014476259937051222
cauldron_ln_7248,0.7179723518233879
cauldron_ln_6328,0.6310664411355551
cauldron_ln_24676,0.7829869292172577
mix_UI_ST_5400_656,0.0020205458907262357
mix_SI_UT_5400_256,0.0021148238034189933
cauldron_ln_25223,0.7502962538860714
mix_UI_ST_5400_92,0.001711920738509414
mix_UI_ST_5400_903,0.0015596144998335079
mix_UI_ST_5400_589,0.0013072666678811524
mix_UI_ST_5400_538,0.001566314166182511
cauldron_ln_16542,0.7230478309957409
cauldron_ln_3853,0.5799098585710413
cauldron_ln_28794,0.6275573587522102
mix_UI_ST_5400_1439,0.001826918017950176
cauldron_ln_4530,0.7546565786304579
mix_UI_ST_5400_861,0.0011475281401044045
mix_UI_ST_5400_713,0.0014477361682103253
cauldron_ln_14176,0.7094261759679689
cauldron_ln_17782,0.7286923984549261
cauldron_ln_1393,0.6523504253873441
cauldron_ln_23286,0.6695066320858493
cauldron_ln_7997,0.630372809920523
mix_SI_UT_5400_1005,0.0017921869700444394
cauldron_ln_4803,0.6926013567600295
cauldron_ln_14593,0.6164717566796731
mix_UI_ST_5400_802,0.002188209003370603
mix_SI_UT_5400_427,0.0012227726009347486
mix_UI_ST_5400_331,0.0016559609787300674
mix_SI_UT_5400_1272,0.001256997723012599
mix_UI_ST_5400_1121,0.0011750141581272193
cauldron_ln_27118,0.5528269576445293
mix_SI_UT_5400_772,0.0016561686950772902
cauldron_ln_9756,0.6307156624085871
cauldron_ln_1185,0.5584856267893817
cauldron_ln_26533,0.664882458985207
mix_SI_UT_5400_1178,0.0013682384342370113
mix_SI_UT_5400_223,0.0017699237617957513
mix_SI_UT_5400_68,0.0034575411575806267
cauldron_ln_29323,0.677748361103856
mix_UI_ST_5400_1128,0.0012022692529547654
cauldron_ln_12498,0.6862455386880636
cauldron_ln_17248,0.7149066397227596
mix_SI_UT_5400_626,0.0020235318181414954
mix_SI_UT_5400_492,0.0017382043223107184
mix_UI_ST_5400_874,0.001523877596257548
mix_UI_ST_5400_47,0.0016163979929964213
cauldron_ln_17175,0.7373734357920686
cauldron_ln_27901,0.7185835342274932
mix_UI_ST_5400_54,0.001977006401749154
mix_SI_UT_5400_1130,0.0015032332664039667
cauldron_ln_10232,0.6997901384441321
cauldron_ln_11586,0.6935670128247684
mix_SI_UT_5400_12,0.0014874420990364128
cauldron_ln_4885,0.6411926222026673
cauldron_ln_25377,0.7465550574408943
mix_UI_ST_5400_498,0.0020227250978937226
cauldron_ln_9821,0.6629967796476205
cauldron_ln_2475,0.7243261179323768
cauldron_ln_10469,0.6482768996551406
cauldron_ln_26085,0.5968952229340584
mix_UI_ST_5400_402,0.00154496566918177
mix_UI_ST_5400_105,0.0016556926835980324
mix_SI_UT_5400_82,0.0012584970485182046
cauldron_ln_18661,0.7395036065690154
mix_UI_ST_5400_798,0.0021256501123467528
mix_UI_ST_5400_1339,0.0018674815961805236
mix_UI_ST_5400_145,0.0018838918635949258
cauldron_ln_29522,0.5720122664293046
mix_UI_ST_5400_1156,0.0011122468093873927
mix_SI_UT_5400_534,0.0019406497479214488
mix_SI_UT_5400_720,0.0018698808282544346
mix_SI_UT_5400_835,0.0015440464456535448
cauldron_ln_24137,0.759649522411972
cauldron_ln_18578,0.6739309393929006
mix_SI_UT_5400_479,0.0012735690083767617
mix_UI_ST_5400_82,0.0010158450401040735
mix_UI_ST_5400_232,0.00197484650476833
mix_SI_UT_5400_185,0.00182962949439796
cauldron_ln_22354,0.7267259742854733
cauldron_ln_27299,0.5256124308158581
mix_SI_UT_5400_517,0.001402883976552622
cauldron_ln_16637,0.6542538841300257
mix_UI_ST_5400_165,0.0018506482411652005
mix_SI_UT_5400_379,0.002520896859112535
mix_UI_ST_5400_887,0.001337322251137257
mix_SI_UT_5400_1207,0.0018351819379558113
cauldron_ln_4243,0.6694355035099386
mix_UI_ST_5400_280,0.0017212470928963974
mix_SI_UT_5400_62,0.0014066858665325872
mix_SI_UT_5400_803,0.002295554190601594
cauldron_ln_11317,0.7184986678766336
cauldron_ln_882,0.4581983934294627
cauldron_ln_18528,0.6618703635953727
cauldron_ln_14134,0.6708964269334
mix_UI_ST_5400_249,0.0011059227298585849
cauldron_ln_501,0.7145074210208879
cauldron_ln_16919,0.6492437771657258
mix_UI_ST_5400_275,0.0011600888503513753
mix_SI_UT_5400_259,0.0015374738907051862
cauldron_ln_10414,0.7545518118016601
mix_SI_UT_5400_135,0.0019370115172490114
cauldron_ln_23891,0.6964872822590035
cauldron_ln_12781,0.6763667567277432
cauldron_ln_27869,0.6690364587560245
cauldron_ln_24381,0.6979282077673082
cauldron_ln_12780,0.6851222676455793
cauldron_ln_18038,0.670274911941002
mix_UI_ST_5400_262,0.002316631615224918
cauldron_ln_11847,0.7277976853056408
cauldron_ln_11836,0.7781402481534374
cauldron_ln_11169,0.754454482143476
cauldron_ln_21971,0.635370899685724
cauldron_ln_19829,0.6882894074923687
mix_UI_ST_5400_244,0.001326605901591761
mix_SI_UT_5400_1200,0.001766563752903823
cauldron_ln_24272,0.7482035369602636
mix_UI_ST_5400_426,0.001872062593302112
mix_UI_ST_5400_570,0.0020406945786850222
mix_SI_UT_5400_368,0.001496277750013765
cauldron_ln_24774,0.7672954167310053
cauldron_ln_12521,0.5364343101974647
cauldron_ln_858,0.6982463517512901
cauldron_ln_11780,0.6935336554506267
cauldron_ln_12304,0.6880588138980932
cauldron_ln_5062,0.6698960301349985
mix_UI_ST_5400_1217,0.002564645463642799
mix_UI_ST_5400_803,0.002144971461557342
cauldron_ln_7069,0.7223190402608134
mix_SI_UT_5400_941,0.0018482885876505034
mix_SI_UT_5400_1013,0.001653357239864941
cauldron_ln_25063,0.6918885712537235
cauldron_ln_23458,0.6612479165941995
cauldron_ln_12346,0.715575593023224
mix_SI_UT_5400_1428,0.0012260130175939937
mix_UI_ST_5400_991,0.0017764009409107562
cauldron_ln_23973,0.7019822986887373
mix_SI_UT_5400_814,0.0010291589450210218
cauldron_ln_9442,0.5858482960339738
cauldron_ln_29044,0.5357393288206865
mix_SI_UT_5400_668,0.0011050885160247767
cauldron_ln_28573,0.6763612357515709
cauldron_ln_10839,0.7357334480007972
cauldron_ln_234,0.6145308394586108
cauldron_ln_14738,0.7214977102875044
mix_UI_ST_5400_1033,0.0018517494983904383
cauldron_ln_15645,0.6992966981836449
cauldron_ln_9430,0.7251133254541794
mix_UI_ST_5400_433,0.001642747615420568
cauldron_ln_13414,0.7170517130918244
mix_UI_ST_5400_1453,0.00175419936651706
cauldron_ln_1336,0.6866894815448602
mix_SI_UT_5400_115,0.0019291120914372278
mix_SI_UT_5400_754,0.0012363663506591677
mix_SI_UT_5400_1172,0.0018113036632844831
cauldron_ln_381,0.6130408080839059
cauldron_ln_4175,0.7024241265361456
mix_UI_ST_5400_424,0.0013931553226008621
cauldron_ln_27310,0.5853553598788572
mix_UI_ST_5400_701,0.0018806002980058345
cauldron_ln_29200,0.740992853102069
cauldron_ln_13571,0.6840205045881099
mix_UI_ST_5400_1111,0.0020497622531214323
mix_UI_ST_5400_425,0.0012407709800526159
cauldron_ln_11832,0.7141720384390619
cauldron_ln_253,0.6990268434033906
cauldron_ln_2261,0.6046221147716127
mix_UI_ST_5400_1324,0.0014831144041966562
cauldron_ln_24226,0.6513370318605785
mix_SI_UT_5400_1144,0.0014852929707505796
mix_UI_ST_5400_592,0.0026548510268519657
cauldron_ln_15446,0.7650760715263266
cauldron_ln_13905,0.7132171375234033
mix_SI_UT_5400_383,0.0010794815263556726
cauldron_ln_1188,0.6101481563682987
mix_SI_UT_5400_879,0.0014706701817647973
cauldron_ln_15180,0.654259569276991
cauldron_ln_7912,0.7933546600808401
cauldron_ln_6005,0.711826646644302
mix_SI_UT_5400_617,0.00142161800239799
cauldron_ln_17731,0.6836064760133821
cauldron_ln_14600,0.7072303896297583
cauldron_ln_18804,0.6612019205621509
mix_SI_UT_5400_1481,0.0012551407322728314
cauldron_ln_2384,0.4895376568664758
mix_UI_ST_5400_1275,0.002900812978993551
mix_UI_ST_5400_1280,0.001495777230384121
cauldron_ln_2864,0.5224524024114652
mix_UI_ST_5400_458,0.0013911433340720086
cauldron_ln_23437,0.623671487947671
mix_SI_UT_5400_675,0.0010510602232987908
cauldron_ln_8005,0.7546453081807897
cauldron_ln_14689,0.7232171743235856
cauldron_ln_1264,0.6623719184942182
cauldron_ln_5624,0.6616532372715661
mix_SI_UT_5400_1098,0.0024107679594774782
cauldron_ln_10737,0.7167374845061081
mix_SI_UT_5400_602,0.0010249979125812637
mix_SI_UT_5400_1118,0.0017311366567141185
mix_UI_ST_5400_571,0.0015867349953639397
cauldron_ln_782,0.7266095551598706
mix_SI_UT_5400_683,0.0014451447227809024
mix_UI_ST_5400_845,0.0012923800045849107
cauldron_ln_9467,0.7715671829043719
mix_SI_UT_5400_586,0.0013617902010372755
cauldron_ln_18317,0.5957654662798599
mix_UI_ST_5400_603,0.0015414642330053418
cauldron_ln_10364,0.7035904261720052
cauldron_ln_21951,0.7139401698598205
cauldron_ln_6832,0.6350663923471479
cauldron_ln_22126,0.7059514281077761
mix_UI_ST_5400_859,0.0007618062772728155
mix_SI_UT_5400_65,0.001704747402123943
cauldron_ln_28308,0.6951947798072803
cauldron_ln_16945,0.6804382842339475
cauldron_ln_22718,0.7413275616370987
cauldron_ln_9608,0.693268204880429
cauldron_ln_23386,0.7403428293874348
mix_UI_ST_5400_184,0.001808237842600353
cauldron_ln_25880,0.7360426499889033
mix_UI_ST_5400_1297,0.0014475130817085523
cauldron_ln_7957,0.6871050135082688
mix_UI_ST_5400_18,0.0012573585902517783
mix_SI_UT_5400_1324,0.0019221217183513367
cauldron_ln_26789,0.69560971605373
cauldron_ln_12315,0.7310460366654232
cauldron_ln_3659,0.7361137679035062
mix_UI_ST_5400_958,0.0019004356671226297
mix_SI_UT_5400_975,0.0020380401568615217
cauldron_ln_11223,0.7402630382999384
cauldron_ln_19762,0.7114829370190101
mix_UI_ST_5400_118,0.001337982105797822
mix_UI_ST_5400_1012,0.0010844175225803285
cauldron_ln_14800,0.7352893529170376
mix_UI_ST_5400_1209,0.0015103265144621608
mix_SI_UT_5400_550,0.002319331656072752
cauldron_ln_20840,0.6411942626849101
cauldron_ln_23550,0.6822353353840335
mix_SI_UT_5400_692,0.0016348628272010648
cauldron_ln_23578,0.7050562032199853
mix_SI_UT_5400_98,0.0011109223399118236
mix_UI_ST_5400_282,0.001274024326156184
mix_SI_UT_5400_999,0.0012920379461205085
mix_UI_ST_5400_1386,0.0017144398223388234
cauldron_ln_19738,0.8060998939639025
cauldron_ln_10862,0.7364856704230851
mix_UI_ST_5400_127,0.0020344230723343365
cauldron_ln_18648,0.7333421468320985
cauldron_ln_21046,0.6486150391708073
mix_SI_UT_5400_363,0.002788877842968737
cauldron_ln_24064,0.7744308516894708
mix_UI_ST_5400_1001,0.0011181493370733802
mix_SI_UT_5400_160,0.0025652394073106396
cauldron_ln_10663,0.6024614942887074
cauldron_ln_24796,0.6249614682381802
mix_UI_ST_5400_187,0.0023677528650809126
mix_SI_UT_5400_496,0.0011585507522372637
mix_SI_UT_5400_407,0.0016045560993886334
mix_UI_ST_5400_404,0.0018826458136821005
cauldron_ln_15959,0.5640389096081186
cauldron_ln_6649,0.6089949438426162
cauldron_ln_3549,0.6615789903156623
cauldron_ln_1293,0.5814212952715778
mix_UI_ST_5400_831,0.002852598396547633
cauldron_ln_7631,0.5965216994775956
cauldron_ln_19177,0.7303320379201698
mix_SI_UT_5400_994,0.0019079922727951884
mix_UI_ST_5400_939,0.0014519212253509628
mix_SI_UT_5400_689,0.002047151434940801
cauldron_ln_9724,0.7591124404258005
cauldron_ln_23057,0.5961193452027581
cauldron_ln_10321,0.7201750144676461
mix_SI_UT_5400_696,0.0015642661743938806
cauldron_ln_29500,0.7409234365440442
cauldron_ln_19512,0.5427546065314814
mix_SI_UT_5400_350,0.0016880220616416009
cauldron_ln_1469,0.614492358756894
mix_UI_ST_5400_200,0.0018736480675036918
mix_SI_UT_5400_95,0.0015745634605955356
cauldron_ln_19981,0.7268762254331503
mix_UI_ST_5400_1411,0.0014436552362379273
cauldron_ln_408,0.6318156858221949
cauldron_ln_28898,0.6870565161276794
mix_SI_UT_5400_724,0.0020088755114887127
mix_SI_UT_5400_639,0.0020007378663680748
mix_UI_ST_5400_631,0.0014327151036754005
mix_UI_ST_5400_377,0.0012799520270465135
cauldron_ln_27294,0.6240371557653392
mix_SI_UT_5400_143,0.0014300023685747385
cauldron_ln_24813,0.6773799156058952
mix_UI_ST_5400_641,0.0015390935149441481
mix_UI_ST_5400_9,0.0017470312540565271
cauldron_ln_11173,0.6925188875460847
cauldron_ln_17417,0.5756731200305795
mix_UI_ST_5400_225,0.0009152623844911162
mix_SI_UT_5400_523,0.001754715656441225
cauldron_ln_28689,0.721567291087005
mix_UI_ST_5400_289,0.0015626009544211178
cauldron_ln_13302,0.7157527928807369
cauldron_ln_24045,0.6451841677455007
cauldron_ln_15030,0.735666651929849
mix_SI_UT_5400_932,0.0012927230370834747
mix_UI_ST_5400_1036,0.0023496612964919645
cauldron_ln_25474,0.5962911700730817
cauldron_ln_19242,0.7574457863549929
mix_UI_ST_5400_1356,0.0015045782828783394
cauldron_ln_18842,0.6496100986642774
mix_UI_ST_5400_810,0.0012919714659048248
mix_SI_UT_5400_1192,0.0011221983191743894
cauldron_ln_15190,0.6137167000237528
mix_UI_ST_5400_190,0.002178880475943112
cauldron_ln_7913,0.754576145421247
mix_SI_UT_5400_1423,0.0014045839210219077
cauldron_ln_5862,0.6341343038471926
cauldron_ln_11295,0.7295477861278945
mix_SI_UT_5400_11,0.0015641638909675499
cauldron_ln_8670,0.6921876683731727
cauldron_ln_2090,0.6646239256912325
cauldron_ln_6659,0.6549905057852337
mix_UI_ST_5400_57,0.001993137351990209
cauldron_ln_25926,0.7295934647519375
cauldron_ln_15974,0.7653221937365046
mix_SI_UT_5400_22,0.0015333700984514014
cauldron_ln_21956,0.6187097823050206
cauldron_ln_22029,0.7150965628881952
cauldron_ln_1276,0.6929489215761567
mix_UI_ST_5400_1171,0.0018264104671004862
cauldron_ln_27456,0.7198385157259691
mix_SI_UT_5400_891,0.0018502525871922307
cauldron_ln_22474,0.6164141663919964
cauldron_ln_23939,0.5939702232330465
mix_UI_ST_5400_795,0.001747489009570291
cauldron_ln_24077,0.6175213577571722
cauldron_ln_11910,0.6491829693988999
cauldron_ln_22225,0.6590012252931174
cauldron_ln_6936,0.7191352417904309
mix_UI_ST_5400_604,0.0015077867613066684
cauldron_ln_20698,0.732593621096884
mix_UI_ST_5400_1263,0.0019206951757195778
cauldron_ln_26056,0.7385755256199834
cauldron_ln_18112,0.7531916494931584
cauldron_ln_998,0.560982638051384
cauldron_ln_14833,0.6571678996563097
cauldron_ln_17237,0.6486309720903929
mix_UI_ST_5400_231,0.0014781164309153663
mix_SI_UT_5400_601,0.0016124047202405525
cauldron_ln_6138,0.6812162823823501
mix_SI_UT_5400_291,0.001214166905998773
mix_SI_UT_5400_514,0.0014551203611320282
cauldron_ln_10250,0.6078327721196748
mix_UI_ST_5400_1212,0.0017369238547082977
cauldron_ln_17851,0.7267630651754816
mix_SI_UT_5400_305,0.0017193358265297468
mix_UI_ST_5400_1227,0.001685722457844488
cauldron_ln_14348,0.5562147279937207
mix_SI_UT_5400_846,0.0016809858656973051
mix_UI_ST_5400_672,0.0021183244014981195
mix_SI_UT_5400_1113,0.002399997569452183
mix_SI_UT_5400_539,0.001458539078144342
mix_UI_ST_5400_543,0.001569710665476175
mix_SI_UT_5400_875,0.0019751157933508914
cauldron_ln_29643,0.6508611627377316
mix_SI_UT_5400_765,0.0019430177191022452
mix_SI_UT_5400_584,0.0013180293326658964
cauldron_ln_8539,0.6527626849453821
mix_SI_UT_5400_456,0.001998428132089362
mix_UI_ST_5400_666,0.0014392696334195926
mix_UI_ST_5400_286,0.0016935714450388934
mix_UI_ST_5400_663,0.000951981801657819
cauldron_ln_14523,0.659395049665475
cauldron_ln_16505,0.6655673391404112
mix_UI_ST_5400_182,0.0020026729750811587
cauldron_ln_29683,0.5158172206052763
cauldron_ln_23143,0.7397508599524468
cauldron_ln_16564,0.7766650180451635
cauldron_ln_16142,0.6082540153508701
cauldron_ln_20435,0.7595946687539548
mix_UI_ST_5400_438,0.001556533069340273
mix_UI_ST_5400_1465,0.0016934277653517884
mix_SI_UT_5400_53,0.00193224771607653
mix_SI_UT_5400_476,0.0012620044265076117
cauldron_ln_21716,0.7811804662086852
mix_UI_ST_5400_330,0.0019069138900290826
cauldron_ln_15851,0.7044543869596523
cauldron_ln_17600,0.6533896107831711
cauldron_ln_10167,0.6397440116252762
cauldron_ln_10237,0.6998647612298275
cauldron_ln_29619,0.6075770478259425
mix_UI_ST_5400_1139,0.0017295803071945505
mix_SI_UT_5400_1380,0.0017948433295201468
mix_SI_UT_5400_1177,0.0012515900055807326
cauldron_ln_5002,0.6231593378370095
cauldron_ln_22262,0.7121655385819549
cauldron_ln_26489,0.656028987420774
mix_SI_UT_5400_1426,0.0019522507822056956
mix_UI_ST_5400_1288,0.001172988363325474
cauldron_ln_2508,0.7363677621300565
mix_UI_ST_5400_448,0.0014297228040734125
cauldron_ln_14426,0.5765280763482011
cauldron_ln_16971,0.6370058095945186
cauldron_ln_5519,0.7502335836757786
cauldron_ln_9418,0.748656367728859
cauldron_ln_13091,0.5338667003898623
cauldron_ln_14406,0.7431198444016488
mix_UI_ST_5400_750,0.0014475067063759817
cauldron_ln_240,0.6148897837837861
cauldron_ln_1610,0.6355823286410534
mix_UI_ST_5400_670,0.0016758206350204303
mix_UI_ST_5400_315,0.0018938451795173852
cauldron_ln_29830,0.6486887834291433
mix_SI_UT_5400_1120,0.0010977744157643513
mix_SI_UT_5400_718,0.0013883845149614883
mix_SI_UT_5400_435,0.001791233800321321
mix_SI_UT_5400_171,0.0018519555533324664
cauldron_ln_16878,0.6246420970117136
mix_SI_UT_5400_1288,0.0017707166580013898
cauldron_ln_24518,0.6869069921910007
mix_SI_UT_5400_151,0.0023469956528435086
cauldron_ln_12839,0.7656239757577002
cauldron_ln_12600,0.6481561428580623
cauldron_ln_16593,0.5042959153332749
mix_UI_ST_5400_412,0.001955442744599765
cauldron_ln_14539,0.7483474090089578
cauldron_ln_12908,0.742414320315584
cauldron_ln_16152,0.7126481244061842
cauldron_ln_19101,0.6073963775098015
cauldron_ln_6309,0.6730615406920639
cauldron_ln_7531,0.7800143418580125
cauldron_ln_15199,0.5500935611660668
mix_SI_UT_5400_1088,0.0013793364177832573
mix_UI_ST_5400_124,0.0024526695620423703
mix_SI_UT_5400_637,0.001247068313841218
mix_UI_ST_5400_530,0.0014563333855957463
mix_SI_UT_5400_1230,0.002056055445637108
mix_UI_ST_5400_1361,0.0014399989308964934
mix_UI_ST_5400_1228,0.0014339392267357582
mix_UI_ST_5400_544,0.0020166916329013153
cauldron_ln_12631,0.6513894431694995
mix_UI_ST_5400_1174,0.0016219124121085917
mix_UI_ST_5400_1433,0.0013728148634008176
mix_UI_ST_5400_390,0.00121091246341895
mix_UI_ST_5400_848,0.00223425051383507
cauldron_ln_6134,0.6909427880253329
mix_UI_ST_5400_850,0.0019628184217998046
mix_SI_UT_5400_783,0.0017934732410131242
mix_SI_UT_5400_209,0.0010726358069736114
cauldron_ln_24332,0.651282193447705
mix_UI_ST_5400_1438,0.0010772896241950625
mix_UI_ST_5400_1041,0.0009977634768687973
mix_SI_UT_5400_290,0.0018714308025034854
cauldron_ln_25639,0.6176079134918026
mix_UI_ST_5400_1468,0.0019152345815030027
mix_UI_ST_5400_665,0.0018687254582643547
mix_UI_ST_5400_566,0.0021629436101631874
mix_UI_ST_5400_1281,0.0018467598118967826
mix_SI_UT_5400_159,0.001677989129962907
cauldron_ln_1423,0.7507729077242903
cauldron_ln_18969,0.5778889014461712
mix_SI_UT_5400_1218,0.0010907739512444458
cauldron_ln_12297,0.6597126194792965
cauldron_ln_3945,0.6063256039162126
cauldron_ln_8030,0.7486644443358123
mix_UI_ST_5400_580,0.0016783422416875408
mix_UI_ST_5400_235,0.0016570947562219657
cauldron_ln_14083,0.742025162809935
mix_UI_ST_5400_42,0.0019714388965757536
cauldron_ln_14162,0.7140766866592372
mix_UI_ST_5400_1062,0.0014552617523263508
mix_UI_ST_5400_645,0.0014538957525588097
cauldron_ln_16338,0.6890510201053826
mix_UI_ST_5400_738,0.0015420554727345116
mix_SI_UT_5400_1493,0.002712670606022795
cauldron_ln_2951,0.7314142925722441
mix_UI_ST_5400_519,0.0011633322857037766
cauldron_ln_20137,0.6563430500526043
mix_SI_UT_5400_910,0.0014585842353434656
cauldron_ln_24018,0.7565176425456797
cauldron_ln_14716,0.7496185920347339
mix_UI_ST_5400_120,0.001151361627280241
cauldron_ln_996,0.5561815758920139
cauldron_ln_17297,0.6581183620232312
cauldron_ln_7501,0.6374187741213458
mix_SI_UT_5400_805,0.0014058411984954455
mix_SI_UT_5400_108,0.0015650602592087296
mix_SI_UT_5400_367,0.0013531395275866536
mix_SI_UT_5400_939,0.0009380789860717015
cauldron_ln_8124,0.6126041637241512
cauldron_ln_4558,0.6874573154126465
mix_UI_ST_5400_789,0.0016784641495037028
cauldron_ln_7869,0.6157339404981618
cauldron_ln_25700,0.6144414073515262
cauldron_ln_19547,0.6114431376017307
mix_SI_UT_5400_43,0.001274865857754527
cauldron_ln_24786,0.7228612474293896
cauldron_ln_23928,0.6286624780264014
mix_SI_UT_5400_687,0.0017103525893799316
cauldron_ln_22802,0.5380119524208802
mix_SI_UT_5400_740,0.0014218745402243846
mix_SI_UT_5400_162,0.0011995427676452551
mix_UI_ST_5400_213,0.0017247121620112614
cauldron_ln_1853,0.6167546435335036
mix_SI_UT_5400_446,0.0022918587166631172
cauldron_ln_14026,0.7534965912015292
mix_UI_ST_5400_1260,0.0008758916165152317
cauldron_ln_21653,0.6698010627120828
mix_SI_UT_5400_508,0.0020653851431957
mix_SI_UT_5400_532,0.0016183724727383386
cauldron_ln_16789,0.6511926064173242
mix_UI_ST_5400_856,0.0013278056411006915
mix_UI_ST_5400_1034,0.002987281513752437
cauldron_ln_11205,0.6620957660723059
mix_UI_ST_5400_562,0.0017310093650615569
mix_UI_ST_5400_1261,0.0021250569634717505
mix_SI_UT_5400_962,0.001993825175370242
mix_UI_ST_5400_478,0.0012439511014143685
mix_SI_UT_5400_99,0.001550924854288148
cauldron_ln_12588,0.6532282238777349
mix_UI_ST_5400_143,0.0011204900445920933
mix_UI_ST_5400_108,0.0014222401275873616
mix_UI_ST_5400_201,0.0024884124990716696
mix_UI_ST_5400_934,0.0017361339680811566
cauldron_ln_24658,0.6971475546201775
cauldron_ln_4606,0.7381216931595399
cauldron_ln_4370,0.5518190011076989
cauldron_ln_15212,0.7356821739001227
mix_SI_UT_5400_273,0.001722685590624532
mix_SI_UT_5400_1282,0.0011264325634021957
mix_SI_UT_5400_1461,0.0016977151890226537
cauldron_ln_4611,0.7230557654451814
cauldron_ln_148,0.6255643201319977
mix_UI_ST_5400_171,0.0009251758121600035
cauldron_ln_29330,0.734983059855704
mix_SI_UT_5400_1444,0.0021510840420818442
cauldron_ln_15849,0.6987880739409854
mix_SI_UT_5400_1079,0.0016663494573231946
cauldron_ln_27996,0.6975182438513766
mix_UI_ST_5400_1328,0.0021692509849760146
cauldron_ln_308,0.5516517204749001
cauldron_ln_1385,0.6661118364877029
cauldron_ln_13559,0.7463607191313832
cauldron_ln_24016,0.6951613889830488
mix_SI_UT_5400_1437,0.0012497311809094365
mix_SI_UT_5400_1417,0.0014649052474439424
mix_UI_ST_5400_608,0.0015085218225061481
cauldron_ln_26962,0.6237374718459222
mix_UI_ST_5400_1431,0.0013089530514559023
cauldron_ln_4251,0.45580507480031435
cauldron_ln_7620,0.5761390353925011
mix_UI_ST_5400_866,0.0011012943426676636
cauldron_ln_28642,0.6928816559105947
cauldron_ln_4319,0.47889554279451085
mix_SI_UT_5400_747,0.0011310878779783142
mix_UI_ST_5400_976,0.0013115339541700185
cauldron_ln_20184,0.688738793543386
mix_SI_UT_5400_769,0.0010903096477049125
mix_SI_UT_5400_1338,0.0016374624290003803
cauldron_ln_1588,0.6190245525266743
mix_UI_ST_5400_1416,0.0016806228795701443
cauldron_ln_9076,0.7136103108047366
cauldron_ln_21341,0.745668217559772
mix_UI_ST_5400_1172,0.001972916902396909
mix_SI_UT_5400_443,0.001629902429593021
cauldron_ln_17500,0.6283744690636047
cauldron_ln_7511,0.7179001304528124
cauldron_ln_10086,0.6944511457908356
mix_UI_ST_5400_671,0.0011870694853958858
mix_SI_UT_5400_1413,0.0019681586726626723
mix_SI_UT_5400_440,0.0010956676146569389
cauldron_ln_23100,0.7212418923043907
cauldron_ln_16900,0.614307575116991
mix_SI_UT_5400_1267,0.002273773151042981
mix_SI_UT_5400_555,0.001038711293078031
cauldron_ln_26119,0.7092504737618203
mix_SI_UT_5400_196,0.0010471104931075706
mix_SI_UT_5400_0,0.0011458882197278265
cauldron_ln_18068,0.6507080004959496
mix_SI_UT_5400_1443,0.0016560489656235792
mix_UI_ST_5400_910,0.0016032204783600814
mix_SI_UT_5400_930,0.0017714622465951951
cauldron_ln_5488,0.7286107118634294
cauldron_ln_4996,0.6911253877213683
mix_SI_UT_5400_1064,0.0019441620830767563
mix_UI_ST_5400_1446,0.0016135453054793312
mix_UI_ST_5400_1421,0.0015119760072828347
mix_SI_UT_5400_965,0.001774585848981909
mix_UI_ST_5400_306,0.0013541890527010991
cauldron_ln_26059,0.7197035029472149
cauldron_ln_21753,0.7038710945615413
cauldron_ln_29556,0.7078505675878849
cauldron_ln_23054,0.713954696281871
cauldron_ln_3408,0.6914633239098089
cauldron_ln_23291,0.727129348261988
cauldron_ln_8958,0.7377366641606675
mix_SI_UT_5400_1345,0.0018705352165492527
cauldron_ln_3256,0.7337007884005353
mix_UI_ST_5400_595,0.0014034119514570525
cauldron_ln_25118,0.7766462871879635
cauldron_ln_15965,0.7036828649585664
mix_SI_UT_5400_321,0.0009732539236498133
cauldron_ln_12660,0.6558176126123378
cauldron_ln_27846,0.7012726105148814
cauldron_ln_25807,0.7143972151773984
mix_SI_UT_5400_1309,0.0013847223433910332
cauldron_ln_17901,0.7834498800665604
cauldron_ln_29501,0.7240742093252002
mix_SI_UT_5400_911,0.0009133022310708335
cauldron_ln_595,0.6285068270145792
cauldron_ln_3863,0.7391995080907234
mix_UI_ST_5400_914,0.001982852768429202
cauldron_ln_12357,0.6512577750200068
cauldron_ln_17390,0.6491568393169552
mix_SI_UT_5400_1195,0.002330991955895073
mix_UI_ST_5400_461,0.0020346383435253333
mix_SI_UT_5400_103,0.0019177073699535167
mix_UI_ST_5400_1222,0.001754964185713109
mix_UI_ST_5400_17,0.001288623534446829
cauldron_ln_3480,0.6102266157595478
mix_UI_ST_5400_842,0.0019169964644660173
cauldron_ln_4383,0.6858634599224207
cauldron_ln_20799,0.7279935883075054
mix_UI_ST_5400_1387,0.0016452432516620974
mix_UI_ST_5400_483,0.001186448599064865
mix_UI_ST_5400_1424,0.0015750344130971996
mix_UI_ST_5400_392,0.00200308250461076
mix_UI_ST_5400_1256,0.0015609782307779584
mix_SI_UT_5400_501,0.0022587864886866537
mix_UI_ST_5400_1477,0.0014465381756490192
mix_SI_UT_5400_31,0.0006888375919386675
mix_UI_ST_5400_36,0.0014997485992035554
mix_SI_UT_5400_1273,0.0009778293623077632
mix_SI_UT_5400_1482,0.0013882443589680498
cauldron_ln_21286,0.7642041221675137
mix_SI_UT_5400_998,0.0013668929942422586
cauldron_ln_18816,0.6636935343146396
cauldron_ln_1133,0.6371393387308213
cauldron_ln_15388,0.738323052517442
mix_SI_UT_5400_233,0.0014377463515619052
cauldron_ln_14165,0.6676604936527477
mix_SI_UT_5400_360,0.0017803254842809705
cauldron_ln_18780,0.7221026338058628
cauldron_ln_25942,0.7756405145696316
cauldron_ln_23565,0.6644303093054796
mix_UI_ST_5400_1388,0.0022330535612843853
mix_UI_ST_5400_368,0.0014029741483514854
cauldron_ln_14906,0.7786451989338556
mix_UI_ST_5400_474,0.0019489066946122896
mix_SI_UT_5400_1270,0.0018396829494289136
mix_UI_ST_5400_925,0.0016714481235080487
mix_SI_UT_5400_120,0.0014599717210584246
mix_UI_ST_5400_253,0.0012125264195499842
mix_SI_UT_5400_798,0.0014380742771479503
mix_UI_ST_5400_188,0.002100150493156936
cauldron_ln_20716,0.8036325607590502
mix_UI_ST_5400_755,0.0014692436385483052
mix_SI_UT_5400_1006,0.001974317342044753
mix_SI_UT_5400_1215,0.0018808570212086781
cauldron_ln_26624,0.5254118746224723
cauldron_ln_209,0.5443772432384711
cauldron_ln_21636,0.629086204846341
cauldron_ln_27646,0.701122993473485
mix_UI_ST_5400_1058,0.002021638355208073
cauldron_ln_7404,0.7461361872818209
mix_SI_UT_5400_725,0.0012712211520506636
cauldron_ln_29835,0.6440136355117162
mix_SI_UT_5400_89,0.0017072778991928331
mix_UI_ST_5400_49,0.0016661148894216832
cauldron_ln_22002,0.7778719559914341
cauldron_ln_15013,0.6829175558294392
cauldron_ln_23439,0.7288690655988763
mix_UI_ST_5400_873,0.001619407945165687
mix_UI_ST_5400_516,0.0016992134526291644
cauldron_ln_8154,0.6092290871749925
mix_UI_ST_5400_81,0.001763873102338123
mix_SI_UT_5400_1203,0.0015547762586100755
cauldron_ln_27451,0.6884945042329446
mix_UI_ST_5400_1040,0.002143734195996163
cauldron_ln_1404,0.591829914037647
mix_UI_ST_5400_760,0.0020848953450601855
mix_SI_UT_5400_96,0.001451905724516649
cauldron_ln_13365,0.7326461717218598
mix_SI_UT_5400_224,0.0020883504864519
cauldron_ln_22626,0.6714854607312667
cauldron_ln_2408,0.6954741868268532
mix_SI_UT_5400_655,0.0012457309051358864
mix_SI_UT_5400_425,0.0016323339643842896
mix_SI_UT_5400_1321,0.001630889118456889
mix_UI_ST_5400_955,0.0013701694427236191
cauldron_ln_5592,0.6826165135640239
mix_UI_ST_5400_128,0.0011460570278839415
mix_SI_UT_5400_428,0.0016972371691691334
cauldron_ln_11037,0.6952007466147059
cauldron_ln_6711,0.6822356846933079
mix_SI_UT_5400_80,0.0018034614738782382
mix_UI_ST_5400_783,0.001994025183512472
mix_UI_ST_5400_1120,0.001473664219806097
mix_SI_UT_5400_680,0.001682057225328716
mix_UI_ST_5400_62,0.0008696548529618232
cauldron_ln_18773,0.7553873652352203
cauldron_ln_12062,0.7452044998718902
cauldron_ln_2587,0.7217154065266275
cauldron_ln_8513,0.7654417319712222
cauldron_ln_23014,0.5925625330735421
cauldron_ln_3366,0.589862287471616
mix_SI_UT_5400_71,0.001074882351244542
mix_SI_UT_5400_1018,0.0014668133927670706
mix_UI_ST_5400_297,0.0014675964131705473
cauldron_ln_10125,0.6925056867468921
cauldron_ln_13072,0.746113379578971
cauldron_ln_6713,0.6892631409276812
cauldron_ln_17171,0.6668315790726004
mix_SI_UT_5400_1252,0.0016599816818669824
mix_SI_UT_5400_266,0.0014300532352002002
mix_UI_ST_5400_1051,0.001139957523551848
cauldron_ln_15015,0.7404567893125736
cauldron_ln_28632,0.7009451428744297
mix_SI_UT_5400_917,0.0013426994856239683
mix_SI_UT_5400_348,0.0018274076909323737
cauldron_ln_18641,0.6785779886179718
cauldron_ln_1759,0.6392376681089725
mix_UI_ST_5400_684,0.001452006647860799
cauldron_ln_17447,0.6940020492063868
cauldron_ln_8751,0.6750968296254622
mix_UI_ST_5400_394,0.0007957888914893435
mix_UI_ST_5400_301,0.0018636076435640423
mix_SI_UT_5400_73,0.001804095354954847
cauldron_ln_9351,0.6953065092360885
cauldron_ln_16813,0.714542842458362
mix_SI_UT_5400_682,0.002269745125429567
cauldron_ln_28248,0.4913991145132542
cauldron_ln_27142,0.7481589476810341
mix_SI_UT_5400_1429,0.002179811114427896
mix_SI_UT_5400_374,0.002222293825925923
cauldron_ln_16067,0.552036083622611
cauldron_ln_13320,0.6616613370018243
mix_SI_UT_5400_280,0.0017100266402600608
cauldron_ln_7749,0.6177486724421064
mix_SI_UT_5400_13,0.0010704393606622775
mix_SI_UT_5400_173,0.0016778039206335723
cauldron_ln_8325,0.7621421978233862
cauldron_ln_6180,0.6949983203332386
mix_UI_ST_5400_764,0.0016612365577733505
cauldron_ln_22690,0.6969883561436746
cauldron_ln_18143,0.795393579956499
mix_UI_ST_5400_291,0.001497826764043536
cauldron_ln_26253,0.59354125258124
cauldron_ln_16210,0.7854820574297191
cauldron_ln_17795,0.7386453625624362
mix_UI_ST_5400_443,0.001582685322389076
mix_UI_ST_5400_1089,0.0017936133389148115
cauldron_ln_28264,0.6340506148746813
mix_UI_ST_5400_908,0.0013467027897125891
mix_SI_UT_5400_945,0.0016393741447219593
mix_UI_ST_5400_227,0.001313616248289283
mix_SI_UT_5400_1148,0.0018541514037388892
mix_UI_ST_5400_1185,0.0017567038664647791
mix_UI_ST_5400_1247,0.002612560863390908
cauldron_ln_3906,0.7354523864580228
mix_SI_UT_5400_1313,0.0017575410074996416
cauldron_ln_9806,0.4602650436745469
mix_UI_ST_5400_1454,0.001700406875384964
mix_SI_UT_5400_1415,0.0014810266471815218
mix_UI_ST_5400_993,0.0015964085953670435
mix_UI_ST_5400_369,0.0013373293759511057
mix_SI_UT_5400_742,0.0019303403496207495
mix_UI_ST_5400_965,0.001693852037481992
mix_SI_UT_5400_1159,0.002116335265967147
cauldron_ln_29559,0.4762992299633463
mix_SI_UT_5400_888,0.0019083542539580678
mix_SI_UT_5400_855,0.0018210103119202
cauldron_ln_13165,0.7729731576897736
cauldron_ln_24218,0.7164059464118724
mix_SI_UT_5400_1414,0.0012635621974852634
cauldron_ln_8928,0.6149891290159881
mix_SI_UT_5400_650,0.0015921662087128596
mix_UI_ST_5400_1271,0.0018188910888501158
mix_SI_UT_5400_1316,0.0015056375083403715
mix_UI_ST_5400_661,0.0020363748630548295
mix_UI_ST_5400_978,0.002004918151724276
mix_SI_UT_5400_417,0.0014147223694674555
cauldron_ln_23135,0.6579988476234246
mix_UI_ST_5400_398,0.0016065667200451264
cauldron_ln_8244,0.7807453776825566
mix_SI_UT_5400_1347,0.001755952052839054
cauldron_ln_23130,0.6539414340838431
mix_UI_ST_5400_1358,0.0016976749278647676
mix_SI_UT_5400_871,0.001487872537258492
mix_SI_UT_5400_1164,0.0013228026612157537
cauldron_ln_29887,0.7882458766411266
cauldron_ln_3388,0.7498784507481351
cauldron_ln_12944,0.5940735597050743
mix_UI_ST_5400_505,0.0011117758197112416
cauldron_ln_4161,0.7755710526167737
cauldron_ln_7445,0.5687370146337926
mix_UI_ST_5400_1391,0.0018554467669360546
mix_SI_UT_5400_1354,0.0017366075619263338
mix_UI_ST_5400_155,0.0015320322183223496
cauldron_ln_17399,0.7080603472595282
cauldron_ln_6777,0.6404497899698331
cauldron_ln_3869,0.7496505354916841
mix_SI_UT_5400_632,0.0019443305658831426
mix_SI_UT_5400_944,0.0017427951644294426
mix_SI_UT_5400_1109,0.001513416632784205
mix_UI_ST_5400_960,0.0012077534347324237
mix_SI_UT_5400_710,0.0012396736789245114
cauldron_ln_18378,0.7243077538717868
cauldron_ln_13816,0.6591877313754463
cauldron_ln_21654,0.7172959509787469
cauldron_ln_14213,0.688698464327945
cauldron_ln_16706,0.7878000821455964
cauldron_ln_18622,0.741969481140078
cauldron_ln_22995,0.6900802575911322
cauldron_ln_6518,0.666880214123611
mix_UI_ST_5400_1352,0.0015072831547794515
mix_UI_ST_5400_586,0.0015147772462147616
mix_UI_ST_5400_700,0.0016483824611474012
cauldron_ln_17240,0.5397218143564696
cauldron_ln_27730,0.6486097611643934
mix_UI_ST_5400_508,0.002241857742624839
cauldron_ln_11336,0.6116826467495231
mix_UI_ST_5400_1380,0.001450063000759021
cauldron_ln_26964,0.714047769591596
cauldron_ln_15771,0.7033309748213784
mix_UI_ST_5400_635,0.002061917030346056
cauldron_ln_15546,0.6761175565415508
cauldron_ln_14366,0.7121847172916381
cauldron_ln_25571,0.669781187572697
cauldron_ln_9580,0.5865246026344139
cauldron_ln_1147,0.6220309428361949
cauldron_ln_11375,0.7276008142952469
cauldron_ln_20179,0.6978771487920451
mix_SI_UT_5400_540,0.002280999115263001
mix_UI_ST_5400_98,0.0011626589242828575
mix_SI_UT_5400_826,0.0012025857685443043
mix_UI_ST_5400_1126,0.001405184802704191
cauldron_ln_22598,0.6053564637111845
mix_SI_UT_5400_1442,0.0020905992947258256
mix_SI_UT_5400_1033,0.0023810156142081837
mix_UI_ST_5400_1333,0.001821631347689437
mix_UI_ST_5400_77,0.0011773480314980493
mix_UI_ST_5400_43,0.0013975665224376362
mix_UI_ST_5400_1004,0.0025685965253625935
mix_UI_ST_5400_563,0.0015856310441205543
cauldron_ln_3996,0.7071020502773852
cauldron_ln_24640,0.7413235620873989
cauldron_ln_19145,0.6525643034873837
mix_UI_ST_5400_11,0.0014762240570236793
cauldron_ln_26738,0.5540923477014928
mix_SI_UT_5400_373,0.0015999042888066165
mix_SI_UT_5400_1320,0.0018585580541671716
mix_UI_ST_5400_56,0.0020113860120214776
mix_UI_ST_5400_1323,0.0010608049799555738
cauldron_ln_4946,0.7053108316503865
mix_SI_UT_5400_230,0.001243692970858316
cauldron_ln_13563,0.7429955814685655
cauldron_ln_23479,0.7090012903003323
mix_UI_ST_5400_1283,0.0009759867363681881
cauldron_ln_28267,0.7300367128758863
cauldron_ln_24420,0.4474474214289929
mix_SI_UT_5400_981,0.001356720296687616
mix_SI_UT_5400_1396,0.0012599061178236394
cauldron_ln_27807,0.6764219498179749
cauldron_ln_22265,0.53871872579403
cauldron_ln_21549,0.7120351692430793
cauldron_ln_24567,0.7063897815678601
cauldron_ln_25451,0.7608097994295079
mix_SI_UT_5400_567,0.001387880254608151
mix_SI_UT_5400_311,0.0011855036164869252
mix_UI_ST_5400_376,0.0017670064408585086
mix_UI_ST_5400_1147,0.001511321338536757
mix_SI_UT_5400_1167,0.0018343763804489306
mix_UI_ST_5400_436,0.0014600240008836223
cauldron_ln_19527,0.7407766832881979
cauldron_ln_16475,0.7100358629134331
cauldron_ln_2730,0.6717643735227815
cauldron_ln_28871,0.7164378653708723
mix_UI_ST_5400_886,0.0015400133927505756
cauldron_ln_6014,0.6560849348533894
cauldron_ln_7530,0.6671110651719228
cauldron_ln_11799,0.7574602634069701
cauldron_ln_12531,0.7488681014190586
cauldron_ln_23062,0.626259745047206
mix_SI_UT_5400_1054,0.0014012737129709065
cauldron_ln_6417,0.77225952922858
mix_UI_ST_5400_1115,0.001628583612287455
cauldron_ln_17894,0.5098457962679461
mix_SI_UT_5400_1104,0.0016431581932285898
mix_UI_ST_5400_1418,0.0011520954156295914
mix_UI_ST_5400_945,0.001418971305942648
cauldron_ln_15376,0.6821999840509905
mix_SI_UT_5400_851,0.001705567946303267
cauldron_ln_4105,0.7189572802621474
mix_UI_ST_5400_138,0.0018113273938630704
cauldron_ln_14698,0.6776633114966903
cauldron_ln_6529,0.6687296501172764
cauldron_ln_7990,0.5738431125102644
mix_SI_UT_5400_60,0.0020461718229092163
cauldron_ln_1645,0.6185319750836537
mix_UI_ST_5400_395,0.0022846244630983278
cauldron_ln_2487,0.6647628743187586
mix_SI_UT_5400_20,0.0023421105584190485
cauldron_ln_12867,0.7181608084859459
mix_UI_ST_5400_711,0.001316951778600344
cauldron_ln_12122,0.6566748879773406
cauldron_ln_16734,0.6813900270145676
mix_SI_UT_5400_207,0.0014047923675350612
cauldron_ln_5697,0.7623386237911107
cauldron_ln_3185,0.6938744828030642
mix_SI_UT_5400_388,0.0017906199586891199
mix_UI_ST_5400_1002,0.0014290900002790062
mix_SI_UT_5400_927,0.0013879749062284791
mix_SI_UT_5400_1221,0.001625787969185841
cauldron_ln_3613,0.6000010097597793
cauldron_ln_5046,0.6506814660438822
cauldron_ln_22967,0.7155505929742042
cauldron_ln_3533,0.6969617531786454
cauldron_ln_15775,0.7072455838793448
cauldron_ln_6282,0.7054455181642969
mix_UI_ST_5400_1011,0.0016354371645361306
mix_SI_UT_5400_909,0.002193057248420037
cauldron_ln_10239,0.7196011565474904
mix_UI_ST_5400_896,0.0015483125017064902
mix_SI_UT_5400_529,0.0011124143458574156
mix_SI_UT_5400_454,0.0022044380924616243
cauldron_ln_1868,0.7315319344044721
mix_SI_UT_5400_545,0.0014796693191296967
cauldron_ln_17475,0.6710363003192368
mix_UI_ST_5400_1383,0.001221350067571092
mix_SI_UT_5400_991,0.0014136532477285486
mix_SI_UT_5400_274,0.0016590890319124589
cauldron_ln_14761,0.7557043579880177
mix_UI_ST_5400_449,0.0018774655786234847
cauldron_ln_28224,0.7156446938032901
mix_SI_UT_5400_1152,0.0021575240043661143
cauldron_ln_1267,0.706677964052253
mix_UI_ST_5400_451,0.0016302904332967862
mix_SI_UT_5400_1260,0.0013291367430847468
cauldron_ln_26791,0.7187367111305876
cauldron_ln_21868,0.7175482123334771
mix_UI_ST_5400_385,0.0014548870976702688
mix_UI_ST_5400_1332,0.0013707953773455775
mix_UI_ST_5400_1080,0.0010735043915886325
cauldron_ln_9876,0.7804821216774468
cauldron_ln_3389,0.612208835801014
cauldron_ln_3419,0.6879083974795642
cauldron_ln_7377,0.6805864199546319
mix_SI_UT_5400_727,0.0017667533375155015
cauldron_ln_15394,0.6485612306954899
cauldron_ln_6749,0.6865308145609562
mix_SI_UT_5400_1197,0.0011238295079367808
cauldron_ln_20334,0.7310548012708962
cauldron_ln_23163,0.7182192661180143
mix_UI_ST_5400_947,0.0016432440160551033
cauldron_ln_6764,0.639433910390584
mix_UI_ST_5400_601,0.001340007221946654
cauldron_ln_13822,0.7010683460428421
mix_SI_UT_5400_271,0.0019091246305318773
cauldron_ln_445,0.7120103699491871
cauldron_ln_27272,0.744490299645379
cauldron_ln_14965,0.683663514273413
mix_UI_ST_5400_136,0.0015771271869894962
mix_UI_ST_5400_123,0.0014123643340984847
cauldron_ln_21529,0.6812297645801171
mix_UI_ST_5400_614,0.001249333916069548
cauldron_ln_14892,0.6597943314046802
mix_UI_ST_5400_34,0.0016230731288763448
cauldron_ln_12009,0.7271883375035756
mix_UI_ST_5400_1472,0.001812239913132293
mix_SI_UT_5400_364,0.0019478265344954242
cauldron_ln_15396,0.6645864583874309
cauldron_ln_4362,0.6878617998303651
mix_UI_ST_5400_71,0.0011673525736544223
mix_UI_ST_5400_365,0.0009044506590218062
mix_SI_UT_5400_789,0.0014387648176566446
mix_UI_ST_5400_346,0.001080788328180695
mix_SI_UT_5400_809,0.0016446851570641424
mix_UI_ST_5400_644,0.0015827327742285856
cauldron_ln_25862,0.7855143385344651
cauldron_ln_11830,0.59030397865527
cauldron_ln_21208,0.6426942451855496
mix_SI_UT_5400_1300,0.0013226010004125995
cauldron_ln_3110,0.5317746524108339
mix_SI_UT_5400_1058,0.001388363941816174
mix_SI_UT_5400_556,0.001475435074402162
mix_UI_ST_5400_22,0.0011976465622023412
mix_SI_UT_5400_691,0.0019592087874236246
cauldron_ln_8414,0.6211921414390322
cauldron_ln_12572,0.6886958097543712
mix_SI_UT_5400_1032,0.0011802638742351315
mix_SI_UT_5400_444,0.0015804008341452336
mix_SI_UT_5400_1186,0.0021861431903631504
cauldron_ln_13048,0.6575511327548048
cauldron_ln_15964,0.7290229558975939
cauldron_ln_153,0.61484751034955
mix_SI_UT_5400_1262,0.0020136893798438087
cauldron_ln_15623,0.7988759517961084
cauldron_ln_24285,0.6894865081861429
mix_UI_ST_5400_325,0.0014815401921731309
cauldron_ln_28917,0.6619722037189409
cauldron_ln_29924,0.6579841801322731
mix_SI_UT_5400_474,0.0014910520242678704
cauldron_ln_925,0.6648920335895031
mix_SI_UT_5400_490,0.004106982192875761
cauldron_ln_20811,0.7249144181320761
cauldron_ln_15907,0.7579917884331716
cauldron_ln_5986,0.6437793584266012
mix_SI_UT_5400_1361,0.002173594168149874
mix_SI_UT_5400_1029,0.0012528763993701212
mix_SI_UT_5400_1147,0.0014203298362379716
mix_SI_UT_5400_729,0.001322993252500558
mix_SI_UT_5400_267,0.0018349408053437387
mix_SI_UT_5400_1398,0.0018311689514108717
cauldron_ln_20681,0.6820606585014442
mix_SI_UT_5400_979,0.0008767841690206233
mix_SI_UT_5400_753,0.0014315832039793392
cauldron_ln_15815,0.6987402571841879
cauldron_ln_17140,0.7659612126829984
mix_SI_UT_5400_303,0.0016046494075331256
mix_SI_UT_5400_928,0.0020562289716882756
mix_UI_ST_5400_1153,0.0023273951146572233
cauldron_ln_27753,0.6587368337848296
cauldron_ln_21153,0.7015435424348274
mix_UI_ST_5400_393,0.001734516230023778
mix_SI_UT_5400_1190,0.001879919295186054
cauldron_ln_18592,0.6611415878256639
cauldron_ln_19629,0.7361894963705736
mix_UI_ST_5400_712,0.0012100749305182352
cauldron_ln_5853,0.5816053512040008
mix_UI_ST_5400_503,0.0019116377364087483
mix_UI_ST_5400_1188,0.002182218457430858
cauldron_ln_27931,0.5274527362857211
cauldron_ln_9883,0.7204549367176608
mix_UI_ST_5400_718,0.0010167850151223247
mix_UI_ST_5400_1112,0.0016457353050826071
cauldron_ln_21807,0.7559347013200313
mix_SI_UT_5400_1400,0.0009269199567936732
cauldron_ln_18891,0.7336234262927721
cauldron_ln_26788,0.6067984699820924
mix_SI_UT_5400_578,0.001906484962556374
mix_UI_ST_5400_1372,0.0015106688582147692
mix_SI_UT_5400_631,0.0016109175674665966
cauldron_ln_9334,0.7403511654691005
mix_SI_UT_5400_1371,0.0019889949250079322
cauldron_ln_3453,0.6542432760779096
cauldron_ln_4110,0.7066545785828715
cauldron_ln_19238,0.6344345069338921
cauldron_ln_20095,0.6287951249694853
cauldron_ln_9407,0.7462084290458101
cauldron_ln_23229,0.6538272632810156
cauldron_ln_14042,0.6251956202676819
mix_UI_ST_5400_1123,0.002258489678031089
mix_SI_UT_5400_721,0.0022357582158188
mix_SI_UT_5400_1189,0.0016519404748836712
cauldron_ln_5979,0.5502542884306093
cauldron_ln_18314,0.7424524347989988
cauldron_ln_29373,0.5881728493886953
mix_SI_UT_5400_1322,0.0015800659875939529
mix_UI_ST_5400_826,0.0015873302738857126
mix_UI_ST_5400_506,0.0014303543756769958
mix_SI_UT_5400_1465,0.001604641200449632
mix_UI_ST_5400_799,0.0019005023645991966
cauldron_ln_1033,0.7489411189122814
mix_SI_UT_5400_1454,0.0014245116424923647
cauldron_ln_16680,0.7010061767799203
mix_UI_ST_5400_1158,0.0009151515284599187
mix_UI_ST_5400_111,0.0015172422767080272
cauldron_ln_24909,0.6808582054380907
cauldron_ln_24503,0.6749263579523802
mix_SI_UT_5400_666,0.0017360111473514522
mix_UI_ST_5400_869,0.0015085258926783903
mix_UI_ST_5400_1186,0.0019187937097522156
cauldron_ln_23459,0.6459425929854923
cauldron_ln_10632,0.6073260059318899
mix_SI_UT_5400_250,0.0012154321690144273
cauldron_ln_7509,0.731579865378983
mix_UI_ST_5400_371,0.0013006218975219403
mix_SI_UT_5400_1092,0.0010542791598208475
mix_SI_UT_5400_1286,0.0016372016995843842
cauldron_ln_4117,0.7603253673082727
mix_SI_UT_5400_24,0.001641440461350505
mix_SI_UT_5400_102,0.0016352745901499844
cauldron_ln_17,0.5957775575377423
cauldron_ln_26430,0.6388166870725581
mix_SI_UT_5400_575,0.0035206861234617377
cauldron_ln_13979,0.4077935993514376
mix_SI_UT_5400_774,0.0014733290988057793
cauldron_ln_22954,0.6338376975731137
cauldron_ln_2880,0.7266416756758649
cauldron_ln_10776,0.6711555385718404
cauldron_ln_16517,0.6534631651732123
mix_SI_UT_5400_174,0.0016812205151225939
cauldron_ln_6622,0.7405351032764363
mix_UI_ST_5400_389,0.001481446529554021
mix_SI_UT_5400_926,0.0010666327394135355
cauldron_ln_2001,0.5375981715407159
mix_UI_ST_5400_452,0.0013626345987785057
cauldron_ln_2026,0.672122524158338
mix_SI_UT_5400_950,0.0013994276266283722
mix_UI_ST_5400_269,0.001510507631317677
cauldron_ln_14830,0.752561589414871
mix_SI_UT_5400_1367,0.0025747713083007127
mix_SI_UT_5400_239,0.0019101435384624953
cauldron_ln_23040,0.7020984919638054
mix_UI_ST_5400_773,0.0015596946956457772
mix_UI_ST_5400_333,0.0023463780648225385
mix_UI_ST_5400_342,0.0013842025536824059
mix_UI_ST_5400_745,0.0012193040851886264
mix_UI_ST_5400_439,0.0015304581118828107
cauldron_ln_8752,0.7155693905311112
mix_UI_ST_5400_75,0.001371042527325916
mix_SI_UT_5400_566,0.0014240632257763648
mix_UI_ST_5400_522,0.0012207576110010434
cauldron_ln_25813,0.6927230285132359
mix_SI_UT_5400_334,0.001461637878149609
cauldron_ln_16716,0.5589271843217608
mix_UI_ST_5400_411,0.0016184658311645735
mix_UI_ST_5400_314,0.00131035557736196
cauldron_ln_16863,0.7742992525271208
cauldron_ln_11245,0.6920065263403058
cauldron_ln_24618,0.7377957126128337
cauldron_ln_13684,0.6461720450195804
mix_SI_UT_5400_976,0.0018980166914957092
cauldron_ln_11231,0.665057195215976
mix_UI_ST_5400_946,0.0017934033742243816
cauldron_ln_8563,0.767774165216748
mix_UI_ST_5400_86,0.0013790678547134663
mix_SI_UT_5400_264,0.001468822168161205
cauldron_ln_13845,0.7478885526346664
mix_SI_UT_5400_583,0.0016682370852213267
mix_UI_ST_5400_1064,0.0012705899206112024
cauldron_ln_16452,0.7355517306612559
mix_SI_UT_5400_838,0.0009593318158700135
mix_SI_UT_5400_183,0.0014137061310503499
mix_UI_ST_5400_157,0.0017182760637234954
mix_SI_UT_5400_1296,0.002089975707071066
mix_UI_ST_5400_1163,0.0013521281572685961
mix_SI_UT_5400_1108,0.0014814631917723269
cauldron_ln_14314,0.7636736009040562
mix_SI_UT_5400_527,0.0015749635757890765
mix_UI_ST_5400_1362,0.0013590205330413305
mix_UI_ST_5400_998,0.0017640226490992375
cauldron_ln_16903,0.6740726305924933
cauldron_ln_29432,0.6107051007827398
cauldron_ln_29917,0.6846690770762609
cauldron_ln_13460,0.722681457359142
mix_SI_UT_5400_904,0.001955247555522105
cauldron_ln_17684,0.6744516808594471
cauldron_ln_27781,0.7489002510482956
mix_SI_UT_5400_203,0.0009681568014184756
cauldron_ln_9678,0.7183873325916404
mix_UI_ST_5400_446,0.0017249086137040492
mix_UI_ST_5400_33,0.0014786856831178524
cauldron_ln_766,0.706101693349497
cauldron_ln_25560,0.5978733870776648
mix_SI_UT_5400_661,0.0026674727496974675
cauldron_ln_15846,0.5972508121958787
cauldron_ln_11095,0.6253364483748087
mix_UI_ST_5400_1191,0.001058231517130941
mix_SI_UT_5400_1314,0.001266268264234532
mix_UI_ST_5400_615,0.0013625239756762438
mix_SI_UT_5400_1470,0.002206481955855146
mix_UI_ST_5400_1180,0.0014788472780266162
cauldron_ln_5041,0.7871051816904602
mix_SI_UT_5400_1237,0.0011931369800773704
cauldron_ln_3813,0.7414603067463645
cauldron_ln_29269,0.6875468669263864
mix_UI_ST_5400_321,0.0015017883313567346
mix_UI_ST_5400_1463,0.0015465941094101022
cauldron_ln_6549,0.7289316810281723
cauldron_ln_378,0.7068142961186624
mix_UI_ST_5400_682,0.001651120339375471
mix_SI_UT_5400_1194,0.0018566146379823698
mix_SI_UT_5400_1012,0.0014016777022734577
mix_SI_UT_5400_1232,0.0032508631118485726
cauldron_ln_2584,0.5314997771536437
cauldron_ln_25772,0.7354549886884478
cauldron_ln_10435,0.715933078139408
mix_UI_ST_5400_982,0.0014748576776545564
cauldron_ln_1798,0.760734843370263
mix_SI_UT_5400_1043,0.0019367508118383532
cauldron_ln_28090,0.6173378560407453
cauldron_ln_3973,0.6854537151908949
cauldron_ln_16538,0.44133977595984375
cauldron_ln_14237,0.691887165875443
cauldron_ln_15038,0.5671900448280959
cauldron_ln_13169,0.6492028044722553
mix_SI_UT_5400_542,0.002291275063903262
mix_SI_UT_5400_734,0.0018319144398617456
cauldron_ln_29759,0.6650044921033351
cauldron_ln_6033,0.7470670738330276
cauldron_ln_9891,0.6537548805572193
cauldron_ln_26583,0.7352123188515587
cauldron_ln_23047,0.6488695325694224
mix_UI_ST_5400_1318,0.0016767837847937613
cauldron_ln_19519,0.7581544262816844
cauldron_ln_20677,0.738469744406643
mix_SI_UT_5400_1125,0.0018511224020958043
mix_SI_UT_5400_369,0.00195589889423127
cauldron_ln_29278,0.6097978726576055
cauldron_ln_13801,0.6559102653272805
mix_SI_UT_5400_706,0.0014854858931154177
mix_UI_ST_5400_1000,0.0018019343539421348
mix_UI_ST_5400_721,0.0014713039955262786
cauldron_ln_20615,0.7562137525529263
mix_SI_UT_5400_458,0.002458466751589542
mix_UI_ST_5400_794,0.0020529989544396396
mix_SI_UT_5400_1419,0.0017304419032781973
cauldron_ln_1740,0.7087275434152146
cauldron_ln_9096,0.6361272827540505
cauldron_ln_24457,0.6840771359741118
cauldron_ln_15048,0.7121309820193364
mix_UI_ST_5400_1345,0.0018589062042469737
mix_UI_ST_5400_413,0.0020518528754076867
mix_SI_UT_5400_1479,0.001340038931665933
cauldron_ln_1567,0.7019044959541755
mix_UI_ST_5400_694,0.0018582846168902025
mix_SI_UT_5400_1254,0.0014302157478029123
cauldron_ln_5806,0.6857447602076235
cauldron_ln_3373,0.7389363035018245
cauldron_ln_11356,0.7431490375272383
cauldron_ln_4588,0.5967975841322263
mix_UI_ST_5400_1436,0.000992753337731131
cauldron_ln_17179,0.6352448248886914
mix_UI_ST_5400_1238,0.0021995889682631864
mix_UI_ST_5400_1457,0.0021990081378293826
mix_SI_UT_5400_1014,0.0024431212823344743
cauldron_ln_878,0.5724581907180206
cauldron_ln_7376,0.7000057881058893
cauldron_ln_19850,0.701584777945536
mix_SI_UT_5400_619,0.0011525489927439218
cauldron_ln_27085,0.7515468182616147
cauldron_ln_18818,0.6936818771704685
cauldron_ln_21664,0.7385405658569355
mix_SI_UT_5400_139,0.0015704692255077081
mix_UI_ST_5400_462,0.0012933515643499646
cauldron_ln_12636,0.6860214557233294
mix_SI_UT_5400_837,0.0016840789913698186
cauldron_ln_6348,0.6647251620796333
mix_UI_ST_5400_202,0.0016800138555524487
mix_UI_ST_5400_1086,0.0014148601799045908
cauldron_ln_25152,0.7327930062645174
mix_SI_UT_5400_993,0.0015997420219073545
mix_UI_ST_5400_1130,0.0014196743978713608
cauldron_ln_3984,0.596967375480881
cauldron_ln_21400,0.6761025553514596
cauldron_ln_7605,0.7261425442245446
cauldron_ln_23746,0.662529717710973
cauldron_ln_11274,0.6763786754905432
mix_UI_ST_5400_561,0.0017168131544436109
cauldron_ln_3589,0.6510364581148848
mix_SI_UT_5400_869,0.0006332656919639569
cauldron_ln_4405,0.7557287516602392
mix_UI_ST_5400_609,0.0016030838490530912
cauldron_ln_7489,0.7372190134713331
cauldron_ln_4448,0.6448628370878713
mix_SI_UT_5400_153,0.0013929435290513984
mix_SI_UT_5400_1155,0.0016468825411030817
cauldron_ln_4788,0.7112517040330837
mix_UI_ST_5400_362,0.0007654596149394563
cauldron_ln_4210,0.4594275130172633
mix_SI_UT_5400_858,0.002094575444743158
cauldron_ln_21458,0.6644199438017968
cauldron_ln_14494,0.6507266865931896
mix_SI_UT_5400_808,0.0018033669365165666
cauldron_ln_7597,0.6740499773327421
cauldron_ln_24788,0.6945599464246824
mix_UI_ST_5400_1292,0.0008378510472894078
mix_UI_ST_5400_1395,0.0016057665524552148
mix_UI_ST_5400_647,0.001001636229662174
cauldron_ln_11680,0.668557299379926
mix_SI_UT_5400_104,0.001597103523578523
mix_SI_UT_5400_423,0.0030005160763555655
cauldron_ln_10967,0.6806721887779871
cauldron_ln_370,0.6666544547867768
mix_SI_UT_5400_1430,0.0014106232111835031
mix_UI_ST_5400_930,0.001524006094297743
mix_SI_UT_5400_138,0.001842864613477223
mix_UI_ST_5400_1470,0.0018723509902722388
mix_UI_ST_5400_339,0.0012439470959487902
mix_UI_ST_5400_1343,0.0011365026012393606
cauldron_ln_27968,0.6948757631630667
mix_UI_ST_5400_690,0.0013222968219739747
mix_SI_UT_5400_1341,0.0015870611461165937
mix_UI_ST_5400_1023,0.0013472958520438219
mix_UI_ST_5400_445,0.0017893157009196575
cauldron_ln_18874,0.5821079874904489
cauldron_ln_12653,0.7247458953479546
mix_UI_ST_5400_932,0.0016730929876396488
mix_SI_UT_5400_1475,0.0018747119119166735
cauldron_ln_9264,0.6476595545332289
cauldron_ln_18917,0.7438602079562978
mix_SI_UT_5400_296,0.001855423422819036
mix_UI_ST_5400_894,0.0015961971618404746
cauldron_ln_17043,0.665617193284514
cauldron_ln_4316,0.6566832833896663
mix_SI_UT_5400_1292,0.0021369938224343452
mix_UI_ST_5400_1461,0.0015994092996023312
cauldron_ln_12090,0.7006109634085647
mix_SI_UT_5400_970,0.0015767546838152274
cauldron_ln_11756,0.6953759585629224
cauldron_ln_24931,0.6225809581075454
mix_SI_UT_5400_86,0.0013590249581336236
cauldron_ln_1229,0.623159136222932
cauldron_ln_2777,0.6923613017887338
cauldron_ln_23643,0.570786942917685
cauldron_ln_5672,0.6866141097347989
mix_UI_ST_5400_414,0.0021622203232182693
mix_SI_UT_5400_559,0.002834966858503506
mix_UI_ST_5400_901,0.0015719548416905065
cauldron_ln_15411,0.7367113494396538
cauldron_ln_7164,0.6814745199565505
cauldron_ln_14722,0.6778314140745728
mix_SI_UT_5400_1234,0.0013269123093955675
cauldron_ln_19405,0.6963405942357259
cauldron_ln_18743,0.6914168882432922
cauldron_ln_15670,0.7164591515840812
cauldron_ln_9942,0.7530635906569646
cauldron_ln_16362,0.6116964152159896
cauldron_ln_29872,0.722406513900539
cauldron_ln_8437,0.7822121006087807
mix_SI_UT_5400_382,0.0015877531781030997
cauldron_ln_25854,0.7416244287612574
mix_UI_ST_5400_374,0.0011907273904356802
mix_UI_ST_5400_921,0.002059197691948861
cauldron_ln_22652,0.7392849055383169
cauldron_ln_18215,0.7451885522725528
mix_SI_UT_5400_1362,0.002104073851058705
mix_UI_ST_5400_219,0.0011905522782630362
mix_SI_UT_5400_1433,0.001691483645129648
mix_UI_ST_5400_319,0.0018893447990162683
mix_SI_UT_5400_97,0.0009011952054331255
mix_SI_UT_5400_802,0.0013648592268853121
cauldron_ln_17334,0.6546814391577374
mix_UI_ST_5400_1007,0.0017885001581093706
cauldron_ln_9911,0.7494241447530925
mix_SI_UT_5400_52,0.0016196810190760712
cauldron_ln_9157,0.6824643370714247
cauldron_ln_7487,0.5790819608452327
cauldron_ln_7852,0.6010540118481176
mix_SI_UT_5400_1357,0.0016257940833263407
mix_SI_UT_5400_189,0.001324311388256273
mix_SI_UT_5400_316,0.001368432071791612
mix_SI_UT_5400_702,0.0019889827765047063
cauldron_ln_3676,0.6920735167170481
cauldron_ln_14951,0.7186448199278783
cauldron_ln_3211,0.6624513011227858
mix_SI_UT_5400_513,0.002530265477772886
cauldron_ln_3063,0.6778943437203963
mix_SI_UT_5400_248,0.002201345088285979
cauldron_ln_15505,0.622955508096912
cauldron_ln_11182,0.7523607923952663
cauldron_ln_3677,0.7636200980015554
mix_SI_UT_5400_1346,0.0019191374330008002
cauldron_ln_17074,0.6753138264367842
cauldron_ln_19091,0.6117968010590233
mix_UI_ST_5400_1254,0.0011898537587611187
mix_SI_UT_5400_678,0.0019444485562024852
cauldron_ln_26099,0.7216554703554146
mix_UI_ST_5400_1393,0.001227471921846776
mix_SI_UT_5400_164,0.002091228869411324
mix_SI_UT_5400_581,0.001441234532717409
cauldron_ln_20676,0.6542482277460523
mix_SI_UT_5400_1042,0.0020941422993975534
mix_SI_UT_5400_475,0.0015797028818368656
mix_SI_UT_5400_357,0.0017505759976795643
cauldron_ln_2246,0.7219397945053599
mix_UI_ST_5400_1016,0.001583777157143148
cauldron_ln_16589,0.6559914232259473
cauldron_ln_17379,0.6467957413993165
mix_SI_UT_5400_129,0.00145545006427389
mix_UI_ST_5400_923,0.0020309122292648443
cauldron_ln_17710,0.5915470950426314
mix_UI_ST_5400_648,0.0013073910036072482
mix_UI_ST_5400_555,0.002151200101259122
cauldron_ln_26682,0.7002903398898594
cauldron_ln_16763,0.6310322558102744
cauldron_ln_28034,0.7266070481765685
cauldron_ln_23349,0.7379341550472651
cauldron_ln_14415,0.6686388721724337
mix_SI_UT_5400_1472,0.002102627908059962
mix_UI_ST_5400_300,0.0025551324568976025
mix_SI_UT_5400_124,0.0010713258732758832
mix_UI_ST_5400_1409,0.0013190433122710163
mix_UI_ST_5400_1013,0.0019041895264185476
cauldron_ln_18111,0.7607760767548016
mix_SI_UT_5400_1306,0.0011155923158277419
cauldron_ln_4359,0.6463497807112113
mix_SI_UT_5400_50,0.001261329137842932
mix_SI_UT_5400_323,0.0019053835846697348
cauldron_ln_18951,0.7260994336227145
cauldron_ln_860,0.7010331807836998
mix_SI_UT_5400_1085,0.0020713956667088086
mix_UI_ST_5400_1363,0.0016672173041110084
mix_SI_UT_5400_502,0.001627958886253062
mix_UI_ST_5400_770,0.0013948346838613215
cauldron_ln_13636,0.6603447579038918
mix_UI_ST_5400_994,0.002075873054554093
cauldron_ln_14504,0.6822330772286461
mix_SI_UT_5400_573,0.0013471951973897478
mix_SI_UT_5400_845,0.0015477769648567271
cauldron_ln_23336,0.685966033474652
cauldron_ln_10507,0.6791274994609539
mix_SI_UT_5400_349,0.0013634440420939717
mix_SI_UT_5400_1056,0.001732941955036249
cauldron_ln_7437,0.7068110766141378
cauldron_ln_13007,0.7430485012579703
cauldron_ln_11676,0.7570381132941976
mix_UI_ST_5400_1427,0.001559165393057957
cauldron_ln_15198,0.7314292335211683
cauldron_ln_6053,0.7107858413987225
mix_SI_UT_5400_568,0.0023820758583902326
cauldron_ln_14774,0.7019996619288517
cauldron_ln_421,0.5808158968874092
cauldron_ln_6210,0.6691517624637466
cauldron_ln_13819,0.4695031018957661
mix_SI_UT_5400_210,0.0016493482910525895
cauldron_ln_9651,0.7237531723777346
cauldron_ln_16083,0.7060694116293278
cauldron_ln_15536,0.7738706872135305
mix_UI_ST_5400_747,0.0016301428733801102
cauldron_ln_21235,0.7268988391920431
mix_SI_UT_5400_194,0.00104319177271324
cauldron_ln_15802,0.6932031214320447
mix_UI_ST_5400_1429,0.0017604490422370605
mix_SI_UT_5400_886,0.0010926757776154685
mix_SI_UT_5400_127,0.0017336589597664127
cauldron_ln_19596,0.7372739933014184
mix_SI_UT_5400_402,0.0012936089456631497
cauldron_ln_18022,0.7356578102082675
mix_SI_UT_5400_1457,0.0021852289408036147
mix_SI_UT_5400_1199,0.001430385811612937
cauldron_ln_11442,0.7254587693953087
mix_SI_UT_5400_178,0.0011638377369538888
mix_UI_ST_5400_864,0.0021693959838306937
mix_SI_UT_5400_241,0.0021587704095290326
mix_UI_ST_5400_277,0.0022539076740030876
mix_SI_UT_5400_860,0.0015921420080331854
mix_UI_ST_5400_973,0.0009532872152730082
cauldron_ln_6867,0.7147537449092698
mix_UI_ST_5400_758,0.002822991249420964
cauldron_ln_17831,0.7398168298785325
mix_SI_UT_5400_1269,0.0020648265760153535
cauldron_ln_14522,0.6981561294275109
cauldron_ln_6223,0.6542614556996396
cauldron_ln_24821,0.609910334548959
cauldron_ln_17435,0.7166845889720914
mix_SI_UT_5400_1110,0.001557925598840097
mix_UI_ST_5400_1142,0.0007650446077408516
cauldron_ln_5819,0.6618653328024638
cauldron_ln_4761,0.6737201246551822
cauldron_ln_27023,0.7520764638242524
mix_UI_ST_5400_623,0.001797171007972792
cauldron_ln_9369,0.7032992460846418
mix_UI_ST_5400_551,0.0016971188734012806
cauldron_ln_24753,0.6690267666383581
cauldron_ln_21612,0.7212703097537889
cauldron_ln_8713,0.7149596338834097
mix_SI_UT_5400_186,0.001052367913887314
cauldron_ln_2877,0.7240018681760959
mix_UI_ST_5400_788,0.0018313496032141535
mix_UI_ST_5400_1214,0.002654613779453002
cauldron_ln_29736,0.5852761924381723
cauldron_ln_26010,0.671563959268315
mix_UI_ST_5400_1162,0.002331405495756261
mix_SI_UT_5400_905,0.001540361295600321
cauldron_ln_177,0.6497604069128748
mix_UI_ST_5400_147,0.0012416739100301038
mix_UI_ST_5400_146,0.0011523448914574866
mix_UI_ST_5400_384,0.001553636980813154
mix_UI_ST_5400_862,0.0015596079606183825
cauldron_ln_19632,0.7207127453519191
mix_UI_ST_5400_1488,0.0016974545147535954
mix_UI_ST_5400_584,0.001662093101098876
cauldron_ln_3883,0.7272445827561337
mix_UI_ST_5400_295,0.0013541511137267444
mix_SI_UT_5400_1434,0.0018029576970932913
cauldron_ln_6698,0.6799731760202395
cauldron_ln_16987,0.6786411132130522
cauldron_ln_4539,0.7322027867523095
mix_UI_ST_5400_835,0.001982813562550539
cauldron_ln_12698,0.6451717576595281
cauldron_ln_23389,0.6016487401707515
mix_UI_ST_5400_450,0.002054611304372867
cauldron_ln_12902,0.6529266170423043
cauldron_ln_13564,0.7238875153612218
mix_UI_ST_5400_880,0.0014333434779129205
mix_SI_UT_5400_1191,0.0018568389884464846
mix_SI_UT_5400_522,0.002039791174937661
mix_UI_ST_5400_468,0.0012762947201859403
cauldron_ln_4153,0.7222044012355329
mix_SI_UT_5400_142,0.0012519372536529579
mix_UI_ST_5400_1079,0.001927238366787791
mix_SI_UT_5400_918,0.0010289573708213093
mix_SI_UT_5400_294,0.0014774655324187058
mix_UI_ST_5400_889,0.0019823679598269936
cauldron_ln_20366,0.5482568051182422
cauldron_ln_26793,0.7266401686550561
cauldron_ln_19239,0.6333193530143322
mix_UI_ST_5400_434,0.0015212344839758158
mix_SI_UT_5400_997,0.0017722122824024797
mix_SI_UT_5400_206,0.001625455169204969
mix_UI_ST_5400_163,0.002119212002898523
cauldron_ln_6069,0.7342371175343434
mix_UI_ST_5400_1154,0.0020323567271462025
cauldron_ln_16888,0.5261731235680084
cauldron_ln_17608,0.511405119012294
cauldron_ln_11615,0.7255157395387276
cauldron_ln_8564,0.704992618994131
mix_UI_ST_5400_743,0.0019264667217449758
cauldron_ln_16933,0.674091098070273
cauldron_ln_16783,0.7279234966609708
mix_UI_ST_5400_620,0.0013043405166217224
mix_SI_UT_5400_906,0.0024277149169301205
mix_SI_UT_5400_600,0.0013670752758666973
cauldron_ln_18123,0.7684833262878101
mix_SI_UT_5400_963,0.001931833392750876
mix_UI_ST_5400_681,0.0015154422520270666
cauldron_ln_16186,0.5751026601023109
mix_SI_UT_5400_9,0.001279071229161641
mix_UI_ST_5400_1218,0.0015814514942139183
mix_UI_ST_5400_740,0.0011905673416645938
mix_UI_ST_5400_428,0.001866619969512556
cauldron_ln_20311,0.5668899224378479
mix_SI_UT_5400_610,0.0016164423106896939
cauldron_ln_13634,0.7331593732933991
mix_UI_ST_5400_406,0.0012395394935176337
mix_SI_UT_5400_829,0.0015642221781950927
cauldron_ln_16070,0.7672072375144107
mix_UI_ST_5400_870,0.00151581594652573
mix_SI_UT_5400_1328,0.0013244013183784215
mix_UI_ST_5400_216,0.0014116810966804127
cauldron_ln_8369,0.7603532576835464
mix_SI_UT_5400_612,0.001679751212410476
mix_UI_ST_5400_1047,0.0014888681215036636
mix_SI_UT_5400_1469,0.0011984221444367468
cauldron_ln_27013,0.6735910386949979
mix_SI_UT_5400_833,0.001736449139541986
cauldron_ln_21736,0.5953397285053676
mix_UI_ST_5400_667,0.0017976994577842138
mix_UI_ST_5400_410,0.0019374618671848054
cauldron_ln_20031,0.7255177054012193
cauldron_ln_7481,0.6250188302957623
mix_UI_ST_5400_320,0.0019074528006485824
mix_UI_ST_5400_814,0.0008511821602145801
mix_UI_ST_5400_513,0.0017942677805870694
mix_UI_ST_5400_1029,0.0013366192440324707
mix_SI_UT_5400_1089,0.0017634938747129434
mix_SI_UT_5400_1464,0.002140655829092248
cauldron_ln_15914,0.653433244899112
cauldron_ln_22809,0.7572693506943731
cauldron_ln_8604,0.6377045813126766
mix_UI_ST_5400_375,0.0017124166372856774
cauldron_ln_9296,0.7180174814682141
mix_SI_UT_5400_1035,0.002103436142220922
cauldron_ln_9555,0.7606521892816309
mix_UI_ST_5400_1497,0.002029996377742165
cauldron_ln_14040,0.7112934536091059
cauldron_ln_16431,0.5168418970244594
mix_SI_UT_5400_500,0.0021031679999014186
cauldron_ln_26292,0.7352633101561638
mix_SI_UT_5400_283,0.0017617397042393095
mix_SI_UT_5400_1431,0.0008577086463160618
mix_UI_ST_5400_1,0.0013533043229827478
mix_SI_UT_5400_1353,0.001948069259399966
cauldron_ln_1981,0.7193485510755678
mix_UI_ST_5400_210,0.0017991850605690537
cauldron_ln_13884,0.6657929385402458
mix_UI_ST_5400_292,0.001520688563400233
mix_SI_UT_5400_644,0.0009336713325232165
cauldron_ln_29798,0.5500357615476855
mix_UI_ST_5400_1114,0.001557229528702499
mix_SI_UT_5400_328,0.002445755397426988
mix_UI_ST_5400_97,0.0011654441983138487
mix_SI_UT_5400_1307,0.0013942013057448974
cauldron_ln_18108,0.4925947337992815
mix_SI_UT_5400_117,0.0011428534343550466
cauldron_ln_17470,0.6972391151948006
cauldron_ln_28348,0.6442460199078327
cauldron_ln_18947,0.6356403196233524
mix_UI_ST_5400_657,0.001828729765969155
mix_SI_UT_5400_530,0.001631953279213809
cauldron_ln_3785,0.6849228789528002
mix_UI_ST_5400_708,0.0013253195655173334
mix_SI_UT_5400_781,0.0012519102639410693
cauldron_ln_13700,0.7072724013336797
cauldron_ln_25001,0.6574628968395635
cauldron_ln_19817,0.7252408417412587
cauldron_ln_14818,0.6885840702799064
cauldron_ln_21228,0.6737625254189251
mix_UI_ST_5400_1414,0.0022082910834096054
cauldron_ln_19274,0.7246927144670342
cauldron_ln_6825,0.7291286696955492
cauldron_ln_7736,0.7019440056823884
mix_UI_ST_5400_1257,0.0015966578268612776
mix_UI_ST_5400_415,0.0012458907675294304
mix_SI_UT_5400_1193,0.002281428542512187
mix_UI_ST_5400_14,0.0020222614467962064
cauldron_ln_1790,0.6672430640224458
cauldron_ln_12661,0.6279687470979778
cauldron_ln_13082,0.6565361128591766
cauldron_ln_9158,0.70486895508327
mix_UI_ST_5400_1300,0.0013093075149835669
mix_SI_UT_5400_984,0.0018827541819117304
mix_SI_UT_5400_3,0.0017726369824873395
cauldron_ln_2197,0.7293109998403314
mix_UI_ST_5400_979,0.0009818632740169965
mix_UI_ST_5400_72,0.0007743399429703477
mix_SI_UT_5400_488,0.001833619788067491
mix_UI_ST_5400_324,0.0009761082247907475
mix_UI_ST_5400_1205,0.0013704546502868978
cauldron_ln_13474,0.725274260195462
mix_SI_UT_5400_54,0.0018063145097593947
mix_UI_ST_5400_716,0.001955528495907224
cauldron_ln_15320,0.6689570590013695
cauldron_ln_15549,0.659827900535769
mix_UI_ST_5400_1103,0.0018965367315572422
cauldron_ln_19448,0.6593404311281644
cauldron_ln_26571,0.6545994501936497
cauldron_ln_29873,0.6306998282259343
cauldron_ln_16916,0.7215718090887787
cauldron_ln_12019,0.719559508083874
cauldron_ln_22928,0.7129078362605584
cauldron_ln_7249,0.6848247232294528
mix_UI_ST_5400_719,0.0018323055330591441
cauldron_ln_2077,0.6501097270611117
cauldron_ln_19851,0.6218333522488902
mix_SI_UT_5400_27,0.001963195356270863
mix_SI_UT_5400_921,0.0016486118951391593
mix_SI_UT_5400_1445,0.0014654015289136105
cauldron_ln_9940,0.7443421120474087
cauldron_ln_29999,0.5411040776008808
cauldron_ln_15196,0.7534009669635628
cauldron_ln_5789,0.7759899991281018
cauldron_ln_26432,0.6885585763701502
cauldron_ln_7644,0.6113612722305007
mix_SI_UT_5400_1310,0.0011995002727345151
mix_SI_UT_5400_41,0.001638279766430181
cauldron_ln_5555,0.6500964623772022
cauldron_ln_21874,0.48711556494911445
mix_SI_UT_5400_313,0.0021039204885543662
cauldron_ln_20892,0.7738507023034785
mix_SI_UT_5400_409,0.0019945262164824612
mix_UI_ST_5400_1278,0.00222648010344663
mix_UI_ST_5400_1394,0.0010548491826910126
cauldron_ln_12561,0.7267683054571829
mix_SI_UT_5400_949,0.001999368891064441
mix_SI_UT_5400_1132,0.0018871076252757932
cauldron_ln_26644,0.6086371082540123
cauldron_ln_8565,0.5914407301694471
cauldron_ln_14144,0.6299215979764031
mix_SI_UT_5400_481,0.0012251211855434686
cauldron_ln_6571,0.7441364105229188
cauldron_ln_13804,0.7663234819367137
mix_SI_UT_5400_1128,0.0016474691444349429
mix_SI_UT_5400_179,0.0010826913051334703
cauldron_ln_15164,0.7308780182768501
cauldron_ln_27863,0.7419457156446058
cauldron_ln_404,0.5784383124041815
mix_SI_UT_5400_546,0.0025051536589393874
mix_UI_ST_5400_224,0.0013377119513404152
cauldron_ln_28033,0.666697921056766
cauldron_ln_16488,0.722423317078594
cauldron_ln_28640,0.49126532521404087
cauldron_ln_25499,0.7504615504631369
mix_UI_ST_5400_680,0.001166927559287566
cauldron_ln_2780,0.6578371219286575
mix_UI_ST_5400_307,0.0015215526182633342
cauldron_ln_28054,0.6808023960857076
cauldron_ln_23972,0.5210717770224014
cauldron_ln_23194,0.7091095720699903
mix_SI_UT_5400_1084,0.0020162387280198623
mix_SI_UT_5400_705,0.001525478288825947
mix_UI_ST_5400_1321,0.0014979955483223006
cauldron_ln_10760,0.6952628141395243
cauldron_ln_10917,0.7410941784174486
cauldron_ln_14306,0.6204980770063351
cauldron_ln_1329,0.5319269789757564
cauldron_ln_17719,0.4262488833132989
cauldron_ln_4393,0.6997832898252889
mix_SI_UT_5400_1244,0.001510703698627788
cauldron_ln_29431,0.6016903418554621
mix_SI_UT_5400_662,0.00151940981557958
mix_UI_ST_5400_678,0.002048787215712233
mix_UI_ST_5400_1473,0.0013904425630640914
cauldron_ln_11681,0.7576474709307849
mix_UI_ST_5400_420,0.001245523387596265
mix_UI_ST_5400_373,0.001389043115021533
cauldron_ln_16984,0.6474158412938052
cauldron_ln_24697,0.7116869951652804
cauldron_ln_19256,0.691900604232852
cauldron_ln_9960,0.6944822528020839
mix_SI_UT_5400_1220,0.0016543608740799043
mix_UI_ST_5400_533,0.0012425374354402472
cauldron_ln_13809,0.7075516584596582
cauldron_ln_19660,0.5797987882895911
mix_UI_ST_5400_1216,0.001679423839630428
mix_UI_ST_5400_872,0.0017503477852197418
mix_UI_ST_5400_1082,0.0016759967403231432
mix_UI_ST_5400_1046,0.0017588063365979166
mix_SI_UT_5400_1114,0.0020165991447597662
cauldron_ln_2829,0.5934872330374732
mix_UI_ST_5400_1176,0.0009783615851258335
cauldron_ln_2053,0.6754339174475356
mix_SI_UT_5400_1499,0.0025108568796267717
cauldron_ln_24293,0.6850841499972358
cauldron_ln_17144,0.6890368062033018
cauldron_ln_8179,0.6635690518188619
mix_SI_UT_5400_157,0.0011738855253318442
mix_UI_ST_5400_489,0.001545658450702906
cauldron_ln_23246,0.6320776085117602
mix_UI_ST_5400_1173,0.0018777656413001046
mix_SI_UT_5400_299,0.001739876274697192
cauldron_ln_8985,0.6954481298127616
cauldron_ln_6677,0.6826970534609303
cauldron_ln_5292,0.6566446695912433
mix_UI_ST_5400_236,0.001399164393605054
mix_UI_ST_5400_267,0.0013038223640092434
mix_UI_ST_5400_821,0.0015339895067119026
cauldron_ln_17652,0.7912479138276494
mix_SI_UT_5400_225,0.0017123526412026401
cauldron_ln_18855,0.7698128734447952
mix_SI_UT_5400_1268,0.0019131474936117986
mix_SI_UT_5400_821,0.0020042079338480024
cauldron_ln_8107,0.6497369013530975
mix_UI_ST_5400_1134,0.0012434084726749442
cauldron_ln_27277,0.7354117754347603
cauldron_ln_26657,0.7308953089169632
cauldron_ln_29048,0.6745863288007922
cauldron_ln_29641,0.8016995115574505
mix_UI_ST_5400_110,0.0017259265876376185
cauldron_ln_23096,0.7479722759522802
mix_SI_UT_5400_132,0.001250668330650499
mix_UI_ST_5400_1105,0.0013073605122118778
cauldron_ln_27854,0.6878035009273181
cauldron_ln_3099,0.6426415334844516
cauldron_ln_8470,0.686957597061936
cauldron_ln_29646,0.6621106045554059
mix_UI_ST_5400_989,0.0017894420920978856
cauldron_ln_10382,0.6799870618607381
mix_UI_ST_5400_364,0.0016149409125644468
cauldron_ln_17765,0.618720090494177
cauldron_ln_19154,0.696024875431599
cauldron_ln_11852,0.6084901199488387
mix_UI_ST_5400_79,0.0017791142920129148
cauldron_ln_11481,0.7449818974560738
cauldron_ln_12863,0.75185836303486
mix_UI_ST_5400_1253,0.0014094111991028034
cauldron_ln_26204,0.7780815732754731
cauldron_ln_6788,0.6554869011308923
mix_SI_UT_5400_627,0.001621071302521038
cauldron_ln_10924,0.6693892137230253
cauldron_ln_13648,0.7350980422488903
cauldron_ln_24598,0.6227209184754892
cauldron_ln_20014,0.7773509089867594
mix_SI_UT_5400_737,0.001797233483326423
mix_UI_ST_5400_839,0.0009687907214748039
mix_SI_UT_5400_482,0.0021713873112786273
cauldron_ln_18323,0.5164485377128331
cauldron_ln_9762,0.6604527564368964
mix_SI_UT_5400_236,0.0018437893690773138
cauldron_ln_22583,0.6705404777073315
mix_SI_UT_5400_1391,0.00141810122126645
mix_UI_ST_5400_1070,0.001223987795609647
cauldron_ln_1782,0.653211825634416
mix_UI_ST_5400_1344,0.0011522998710777688
cauldron_ln_17611,0.6365078326354942
cauldron_ln_16644,0.7330067541128569
mix_UI_ST_5400_203,0.0011121120139970892
mix_SI_UT_5400_784,0.0017701621312525987
mix_UI_ST_5400_26,0.0017874766075308202
mix_UI_ST_5400_130,0.0016471643576909851
mix_SI_UT_5400_1121,0.0013848420065103162
mix_SI_UT_5400_152,0.0014580541621698794
cauldron_ln_26466,0.6682242126056183
mix_SI_UT_5400_81,0.0016689304137414902
cauldron_ln_26596,0.6820152884209024
cauldron_ln_11921,0.7131892194607122
mix_UI_ST_5400_370,0.0017073118025215984
mix_UI_ST_5400_892,0.0016076569327725249
cauldron_ln_26434,0.7329053204088507
mix_UI_ST_5400_702,0.0012036994499815606
mix_SI_UT_5400_1453,0.002450848712105875
cauldron_ln_28653,0.701955409893294
cauldron_ln_17423,0.8022626632159352
cauldron_ln_8782,0.715216731575295
mix_UI_ST_5400_199,0.0020559403116235443
cauldron_ln_13080,0.6615394365920715
cauldron_ln_8145,0.7516840466623687
mix_UI_ST_5400_1443,0.0012025067351045633
mix_SI_UT_5400_49,0.0008114371693569408
cauldron_ln_6012,0.7212406232922425
cauldron_ln_19709,0.7779012972646404
cauldron_ln_21574,0.7715010704062456
mix_SI_UT_5400_1334,0.0017961372169942637
cauldron_ln_23446,0.6746436356542708
cauldron_ln_2872,0.5994187397892801
mix_UI_ST_5400_674,0.001191478783688642
cauldron_ln_6406,0.7235733531554447
cauldron_ln_4547,0.725158597166265
mix_SI_UT_5400_645,0.002608353769698636
cauldron_ln_11633,0.7664355820414739
mix_UI_ST_5400_1402,0.0015047501028588983
cauldron_ln_19308,0.7207209546296363
mix_SI_UT_5400_404,0.0019009290669318001
mix_UI_ST_5400_207,0.0017372147624029877
cauldron_ln_20103,0.6761902766587532
mix_UI_ST_5400_419,0.0018719616388612036
cauldron_ln_3654,0.6789772701623088
mix_UI_ST_5400_781,0.0016289952721955277
mix_SI_UT_5400_563,0.0013259934983487114
cauldron_ln_2740,0.6945642548153642
mix_SI_UT_5400_1091,0.0015291479915528123
cauldron_ln_6341,0.7237937520116008
mix_UI_ST_5400_372,0.001170745642733829
cauldron_ln_2979,0.7062699879515018
mix_SI_UT_5400_1210,0.0024007146532973533
cauldron_ln_28560,0.7312160965623056
mix_UI_ST_5400_619,0.0018929862559795443
cauldron_ln_27840,0.6800848330695924
cauldron_ln_23782,0.7572710909239752
cauldron_ln_2910,0.7559569231760452
cauldron_ln_11028,0.6851463604846953
mix_UI_ST_5400_1389,0.0008228181037689551
cauldron_ln_18802,0.7001862750819416
cauldron_ln_23051,0.7374666346253611
cauldron_ln_7951,0.6515738496705104
cauldron_ln_28881,0.6444757352998531
cauldron_ln_10666,0.6588744194059137
mix_UI_ST_5400_137,0.0017948529488828132
mix_SI_UT_5400_852,0.0015404837524525164
cauldron_ln_16855,0.6522117219640586
cauldron_ln_10076,0.6537008139491209
cauldron_ln_3816,0.7483415312829413
cauldron_ln_2040,0.6663991083053353
mix_UI_ST_5400_1464,0.0013659985409702855
cauldron_ln_28430,0.6806900722320972
mix_SI_UT_5400_902,0.0014948529933411477
cauldron_ln_1260,0.7081774319219458
mix_SI_UT_5400_603,0.0017044655719645823
cauldron_ln_5279,0.6949698090386963
mix_UI_ST_5400_851,0.0013106025331663647
cauldron_ln_7591,0.7679671331082033
mix_UI_ST_5400_621,0.0023979204711339574
cauldron_ln_27983,0.6721101516074576
mix_UI_ST_5400_1400,0.0018492143935243456
cauldron_ln_5637,0.71350000813792
mix_SI_UT_5400_453,0.0013560733656822423
cauldron_ln_14175,0.7256280888484199
mix_SI_UT_5400_169,0.002008117951262354
cauldron_ln_21850,0.5820945696725037
mix_UI_ST_5400_1476,0.002004972555564216
mix_UI_ST_5400_1050,0.0016286816879975648
cauldron_ln_1979,0.794951744772893
mix_UI_ST_5400_507,0.0017330285202269197
mix_UI_ST_5400_800,0.00166652274865497
cauldron_ln_11318,0.7562588791750291
cauldron_ln_22285,0.6381028142269372
cauldron_ln_11152,0.6152642521729258
mix_UI_ST_5400_547,0.0015173590121516142
cauldron_ln_2496,0.720140986594221
cauldron_ln_5623,0.6637570531681144
mix_UI_ST_5400_517,0.001592207766257768
cauldron_ln_27486,0.606362893021038
mix_SI_UT_5400_1416,0.0013339592577099732
cauldron_ln_11789,0.548761322642067
cauldron_ln_23326,0.7393441893379854
cauldron_ln_11838,0.548543570976913
cauldron_ln_29771,0.6320322670466092
cauldron_ln_13953,0.6961327594014278
cauldron_ln_20633,0.621122763912623
mix_UI_ST_5400_1295,0.0015029377816484569
cauldron_ln_10213,0.7135783489445848
cauldron_ln_1689,0.7434122679233738
cauldron_ln_11123,0.6339702288510464
cauldron_ln_29523,0.7226832406575021
mix_UI_ST_5400_704,0.0018515552094777706
cauldron_ln_13903,0.7070246721257352
cauldron_ln_3041,0.6936224776694968
cauldron_ln_10998,0.7117162423677087
cauldron_ln_1872,0.7072611643483717
cauldron_ln_21548,0.6634803154290604
mix_SI_UT_5400_735,0.001689305117671663
cauldron_ln_6732,0.7216728802019586
cauldron_ln_11141,0.6258144812171753
cauldron_ln_9267,0.5716512307426999
mix_SI_UT_5400_1019,0.001384953051193201
cauldron_ln_13584,0.7516781476142033
cauldron_ln_22692,0.7646015216053134
mix_SI_UT_5400_1053,0.0013592957876741435
cauldron_ln_13337,0.6275342445128698
mix_SI_UT_5400_1420,0.0010485407348406906
cauldron_ln_484,0.7370662257331095
cauldron_ln_5365,0.6840976897274156
cauldron_ln_1491,0.6513594584621466
mix_UI_ST_5400_520,0.0012481076722276193
mix_SI_UT_5400_743,0.0023153637183312968
cauldron_ln_9258,0.6024612615456847
mix_SI_UT_5400_1007,0.0012723551881312829
cauldron_ln_5068,0.6749489570823993
mix_UI_ST_5400_455,0.0015489961613249057
cauldron_ln_12465,0.7339267135447433
mix_UI_ST_5400_107,0.0010541448356092527
mix_SI_UT_5400_882,0.0016313936360178092
cauldron_ln_16967,0.669162702034039
mix_UI_ST_5400_87,0.0015399817501173278
mix_UI_ST_5400_548,0.00139191859598988
mix_SI_UT_5400_198,0.0013815517158130132
mix_UI_ST_5400_564,0.0016875164338810865
mix_SI_UT_5400_28,0.0017774518470034533
mix_SI_UT_5400_1102,0.0021262429540413854
mix_UI_ST_5400_970,0.0016910607750037453
mix_UI_ST_5400_585,0.001608134649351708
mix_UI_ST_5400_913,0.0007211221682797377
mix_UI_ST_5400_175,0.0011329226952430569
cauldron_ln_26401,0.6364561038064559
cauldron_ln_28161,0.7019814214128264
mix_UI_ST_5400_1377,0.002135432748211115
mix_UI_ST_5400_341,0.001249418884265792
mix_UI_ST_5400_1392,0.0028090817859577942
cauldron_ln_9207,0.7567928200892563
mix_SI_UT_5400_611,0.0012328718673850717
mix_SI_UT_5400_731,0.002208654301902546
mix_UI_ST_5400_824,0.0017437252159808402
cauldron_ln_25254,0.8069333348214952
cauldron_ln_13600,0.7333488716848524
cauldron_ln_26891,0.6464856620497911
cauldron_ln_10523,0.7226398300586164
cauldron_ln_12106,0.7231914097213484
mix_UI_ST_5400_0,0.0009156251565573813
mix_UI_ST_5400_950,0.0011263780489995706
cauldron_ln_14467,0.7458291047547279
cauldron_ln_6405,0.7179280643183883
mix_SI_UT_5400_593,0.001652017181913228
cauldron_ln_6650,0.6770660089955506
cauldron_ln_22637,0.7080668770751916
mix_SI_UT_5400_1047,0.0014008506508340754
cauldron_ln_6415,0.6620592870393256
cauldron_ln_7318,0.7140552672607651
cauldron_ln_22781,0.7206143130095224
mix_SI_UT_5400_1024,0.0026629591384480554
mix_UI_ST_5400_1091,0.001673536551853686
mix_UI_ST_5400_502,0.0012523267294807193
mix_UI_ST_5400_90,0.001021459622035482
cauldron_ln_20857,0.7240970945531786
mix_SI_UT_5400_597,0.0015512679548216458
cauldron_ln_8259,0.6253264638646291
cauldron_ln_9356,0.7548406157017029
cauldron_ln_19336,0.67992343964189
cauldron_ln_20463,0.6939947668245341
cauldron_ln_16227,0.662764371065789
mix_SI_UT_5400_384,0.0023412556091945524
cauldron_ln_20135,0.7150222596240208
cauldron_ln_26495,0.7385457644677093
cauldron_ln_5325,0.7006612328798459
mix_UI_ST_5400_1149,0.0016208010877665209
cauldron_ln_22270,0.5808086601102264
cauldron_ln_17453,0.696430383456035
cauldron_ln_1281,0.6751279325586025
cauldron_ln_2774,0.7588491307403785
mix_SI_UT_5400_771,0.0019141960556660219
mix_UI_ST_5400_162,0.0010927822660710428
cauldron_ln_10441,0.75532775991215
cauldron_ln_15689,0.727020359506921
cauldron_ln_19565,0.69079588661147
cauldron_ln_20329,0.7529863240695929
cauldron_ln_17860,0.6643140914228294
cauldron_ln_3512,0.7181157036057307
mix_UI_ST_5400_1085,0.002141336836730951
mix_SI_UT_5400_1339,0.00175130655580491
mix_SI_UT_5400_1135,0.0019026169219474157
cauldron_ln_11032,0.6081165398580513
mix_UI_ST_5400_494,0.0012730346684927663
cauldron_ln_26370,0.6249831182230959
mix_SI_UT_5400_327,0.0014204680541509427
mix_SI_UT_5400_1208,0.0016799014183231512
cauldron_ln_9468,0.6093344342277235
mix_UI_ST_5400_296,0.001442513388785822
mix_UI_ST_5400_706,0.0007794308548491813
mix_SI_UT_5400_785,0.001848116802666507
cauldron_ln_3780,0.6329650619475826
mix_UI_ST_5400_1390,0.0010579379844372165
mix_SI_UT_5400_1229,0.0018846328442323978
mix_SI_UT_5400_1483,0.001849217537155173
mix_UI_ST_5400_948,0.00155543503290046
cauldron_ln_1666,0.6675575087472172
mix_SI_UT_5400_457,0.0023353102454905044
cauldron_ln_16721,0.6443357283241744
mix_UI_ST_5400_70,0.0009673932790000213
mix_UI_ST_5400_912,0.0018974480888078586
mix_UI_ST_5400_841,0.0013785259070160341
mix_SI_UT_5400_449,0.0021550738549802563
mix_SI_UT_5400_421,0.0010036981416155408
cauldron_ln_15389,0.7022538720276786
cauldron_ln_7316,0.779415030822486
mix_UI_ST_5400_1028,0.0017697100948959297
mix_SI_UT_5400_309,0.0016314902585714208
mix_SI_UT_5400_231,0.0017241504789257353
cauldron_ln_27417,0.7114141964432852
mix_UI_ST_5400_336,0.001426636538481198
mix_SI_UT_5400_219,0.0018976978942821642
mix_UI_ST_5400_1258,0.0019181775262290437
cauldron_ln_4723,0.7593681904251556
mix_SI_UT_5400_895,0.0016990856194918605
mix_SI_UT_5400_1055,0.0020632525599181494
cauldron_ln_26520,0.7618703626086467
mix_UI_ST_5400_775,0.001982494781149531
mix_UI_ST_5400_121,0.0016008184213776389
mix_SI_UT_5400_866,0.0012107912300411798
mix_SI_UT_5400_1211,0.0016067689744422408
cauldron_ln_17134,0.7041080691527216
mix_SI_UT_5400_1127,0.0014888199139549262
mix_UI_ST_5400_1350,0.0015008932006534564
cauldron_ln_24520,0.6254656693375582
cauldron_ln_8373,0.6672741029717202
cauldron_ln_15240,0.7057191370169377
mix_SI_UT_5400_623,0.0016559822883980943
cauldron_ln_14417,0.7529307192197605
cauldron_ln_7665,0.6125934252543092
mix_UI_ST_5400_1445,0.001935626239333514
cauldron_ln_17054,0.714796022334587
mix_UI_ST_5400_746,0.00169902335685861
mix_UI_ST_5400_557,0.001289377928060944
cauldron_ln_2381,0.7614386749591063
cauldron_ln_7346,0.6707548388931487
mix_SI_UT_5400_411,0.0016849332495252752
mix_SI_UT_5400_1051,0.0014183199974218276
cauldron_ln_20476,0.6424497690974277
cauldron_ln_8736,0.6558032979232267
mix_UI_ST_5400_550,0.0010240598277439152
mix_SI_UT_5400_1181,0.0015516110669018162
mix_SI_UT_5400_320,0.0016071406835851082
cauldron_ln_8669,0.6954575843387778
cauldron_ln_21852,0.5030221643824212
mix_SI_UT_5400_422,0.0026709735867573433
cauldron_ln_22000,0.6828226468355897
mix_UI_ST_5400_771,0.001193584568676058
mix_UI_ST_5400_1272,0.0016377087914697587
cauldron_ln_9793,0.6637187222494918
mix_SI_UT_5400_674,0.002463301151282153
cauldron_ln_9271,0.6889947387637754
cauldron_ln_818,0.6175422128344256
mix_UI_ST_5400_577,0.001491097996231655
mix_SI_UT_5400_472,0.0016612375965287841
cauldron_ln_1675,0.6697276175536493
mix_UI_ST_5400_1494,0.0013149458022606068
mix_UI_ST_5400_113,0.0014810089952007866
mix_UI_ST_5400_1129,0.0015442346440307745
mix_SI_UT_5400_1002,0.001487988899811875
cauldron_ln_16676,0.6658825153964831
cauldron_ln_15061,0.6399608625102311
cauldron_ln_16651,0.7067954084988406
cauldron_ln_21197,0.7526094896945668
mix_UI_ST_5400_791,0.001147060673082141
cauldron_ln_21171,0.6732673174210302
mix_SI_UT_5400_463,0.0022054612659190296
mix_SI_UT_5400_1126,0.0010983709024391935
cauldron_ln_7165,0.6291243470928544
mix_SI_UT_5400_361,0.0012426948302916917
cauldron_ln_21692,0.6912120971325144
mix_UI_ST_5400_63,0.0013024357824306155
cauldron_ln_10304,0.6829833284395184
mix_SI_UT_5400_1325,0.0017417133481750428
mix_SI_UT_5400_968,0.0017195849313097243
cauldron_ln_21834,0.7261096474672426
mix_UI_ST_5400_1052,0.001428447701989125
cauldron_ln_18910,0.729139420289164
cauldron_ln_22299,0.798137333439174
mix_SI_UT_5400_480,0.0018932399152184862
mix_UI_ST_5400_1422,0.0009348875326747589
mix_SI_UT_5400_429,0.0012908708191553962
mix_UI_ST_5400_1404,0.001118648881735995
cauldron_ln_25262,0.7097628227533346
mix_UI_ST_5400_250,0.0024046903304253504
mix_UI_ST_5400_849,0.0011969359747588245
cauldron_ln_11,0.6355856526087712
mix_UI_ST_5400_1490,0.002256540749269967
cauldron_ln_14832,0.7355081527108698
mix_SI_UT_5400_768,0.003046426707366275
mix_UI_ST_5400_819,0.0019992269628856547
cauldron_ln_11845,0.7736735232791471
mix_UI_ST_5400_1351,0.0017524688575660467
cauldron_ln_19653,0.7699665002842011
mix_SI_UT_5400_576,0.0013261166377718148
cauldron_ln_26756,0.6846918306942129
mix_SI_UT_5400_1112,0.0021932996403783243
mix_UI_ST_5400_357,0.0019299731233078253
mix_SI_UT_5400_251,0.0009682507942144933
cauldron_ln_13141,0.7276124617670449
cauldron_ln_26033,0.7620100801294518
cauldron_ln_14831,0.6948182963896105
cauldron_ln_16939,0.7169452502354273
cauldron_ln_15206,0.7320976173241441
cauldron_ln_25650,0.767747053827621
mix_UI_ST_5400_1307,0.0017491129090138765
cauldron_ln_19733,0.6887250819907206
mix_SI_UT_5400_621,0.0018886276482533804
mix_SI_UT_5400_1335,0.0015005814635593822
cauldron_ln_3539,0.6844740417991388
mix_SI_UT_5400_1027,0.00147896753822719
mix_UI_ST_5400_1342,0.0017074498167798627
cauldron_ln_10196,0.7142905773398142
cauldron_ln_2044,0.7270944596399664
cauldron_ln_13161,0.6491135997678867
cauldron_ln_9533,0.531193583966249
cauldron_ln_28475,0.5057605903131769
cauldron_ln_1471,0.7089330681388701
mix_SI_UT_5400_215,0.0014576579488358437
cauldron_ln_18903,0.7003043534732574
mix_UI_ST_5400_569,0.0019102115072537164
mix_UI_ST_5400_1481,0.0014771206835947144
cauldron_ln_3985,0.6824029947706348
mix_SI_UT_5400_1349,0.001980827946788471
mix_UI_ST_5400_525,0.0015200963705364581
cauldron_ln_15160,0.6571567259211872
mix_SI_UT_5400_167,0.0018536893010706011
cauldron_ln_918,0.5211625384322935
mix_SI_UT_5400_697,0.002823145614851859
mix_SI_UT_5400_1487,0.0012680812007853425
mix_UI_ST_5400_588,0.001911515250086928
cauldron_ln_9625,0.7279719448015695
cauldron_ln_3905,0.676686929198602
cauldron_ln_15538,0.7186394755286344
mix_UI_ST_5400_114,0.0025836898067023496
mix_UI_ST_5400_475,0.001276261950723492
mix_SI_UT_5400_1449,0.0016187859708672997
cauldron_ln_13108,0.6761532973076689
cauldron_ln_29882,0.7574027114534752
mix_UI_ST_5400_888,0.0015908118355322696
mix_UI_ST_5400_922,0.0015164740195176072
cauldron_ln_29688,0.5947087892828271
mix_SI_UT_5400_1363,0.0021911315335084087
cauldron_ln_8510,0.6800927631981591
mix_SI_UT_5400_800,0.0013628074689032055
cauldron_ln_14074,0.6872640624576378
cauldron_ln_19316,0.6955668099575564
cauldron_ln_12289,0.768382464295634
cauldron_ln_7807,0.6863195509188387
mix_SI_UT_5400_557,0.0014147359255461062
mix_UI_ST_5400_352,0.000737423589966019
cauldron_ln_8328,0.6386998164101094
mix_SI_UT_5400_1028,0.0018642470006816222
mix_UI_ST_5400_141,0.0018844580214209664
mix_UI_ST_5400_652,0.0021640726379531226
mix_SI_UT_5400_1301,0.0018176059615120786
cauldron_ln_19666,0.6966326123974205
mix_SI_UT_5400_1075,0.002328764465636237
mix_SI_UT_5400_1364,0.0015534165666487242
mix_UI_ST_5400_1152,0.0008275846404674699
cauldron_ln_2837,0.6589251547688669
mix_UI_ST_5400_382,0.0018160379902662635
mix_UI_ST_5400_1009,0.0008759255416077196
cauldron_ln_7360,0.7205644805782254
mix_SI_UT_5400_1179,0.0012933738542168652
cauldron_ln_9591,0.6338624410283384
cauldron_ln_16368,0.5050270919111907
cauldron_ln_4940,0.7239718236282455
mix_UI_ST_5400_442,0.0014519616607427633
cauldron_ln_4480,0.797909853007641
cauldron_ln_15455,0.7150192126798617
mix_UI_ST_5400_744,0.0012874969134385682
mix_UI_ST_5400_642,0.0016183128642075146
mix_UI_ST_5400_1399,0.00153564881120506
cauldron_ln_3823,0.5448631566535708
mix_SI_UT_5400_1037,0.0017599942070457624
cauldron_ln_29573,0.6850559322142178
mix_UI_ST_5400_959,0.0017470968667932056
mix_UI_ST_5400_388,0.0017610838870152092
mix_SI_UT_5400_1123,0.0019517752315830429
mix_UI_ST_5400_980,0.0017938589361166614
mix_UI_ST_5400_1030,0.0018874886666166368
cauldron_ln_8644,0.6381691126063345
cauldron_ln_20564,0.731334722794861
cauldron_ln_8233,0.6802172379830149
mix_SI_UT_5400_1023,0.0011810748195891468
cauldron_ln_5573,0.6849978802569543
cauldron_ln_8296,0.587426350764561
mix_UI_ST_5400_1347,0.0013285038120853616
cauldron_ln_13228,0.737799954163379
mix_UI_ST_5400_1303,0.0011890931726609834
mix_SI_UT_5400_286,0.0017607547463596447
cauldron_ln_21227,0.7051404076726383
cauldron_ln_15532,0.6592218589444712
mix_UI_ST_5400_823,0.0016470708461788074
mix_SI_UT_5400_1488,0.001728786369267861
mix_UI_ST_5400_1417,0.00148026804547586
cauldron_ln_19723,0.6803787054902506
cauldron_ln_22974,0.690868081165858
cauldron_ln_15569,0.7237348326721097
cauldron_ln_26382,0.7496651144221852
cauldron_ln_2211,0.6808343962775677
mix_UI_ST_5400_606,0.0017844986104805633
mix_UI_ST_5400_1435,0.0016616482512862181
cauldron_ln_27016,0.5616527724579541
mix_UI_ST_5400_181,0.0017441577994704014
cauldron_ln_9014,0.661827567784589
cauldron_ln_25492,0.7286834009965366
cauldron_ln_22049,0.7473439519263138
mix_SI_UT_5400_658,0.0019794385995512242
mix_SI_UT_5400_983,0.0012426837087984406
mix_SI_UT_5400_933,0.0016810995750887205
cauldron_ln_29687,0.573592686691616
cauldron_ln_25374,0.7118565313875936
mix_SI_UT_5400_333,0.0016093016460875327
cauldron_ln_29681,0.6740110249754858
cauldron_ln_27090,0.6954149460727386
mix_SI_UT_5400_1205,0.0017128386665660777
mix_UI_ST_5400_1458,0.0017334546435525719
mix_UI_ST_5400_515,0.0022396034464640877
cauldron_ln_14329,0.6064077298288547
cauldron_ln_20222,0.727984001506313
cauldron_ln_19058,0.7660070786648709
mix_UI_ST_5400_1311,0.0016748249429271434
cauldron_ln_26787,0.6160852174183915
cauldron_ln_5975,0.7111378715374873
mix_UI_ST_5400_815,0.002228223824455086
cauldron_ln_20769,0.6749409955917692
cauldron_ln_5934,0.6855182360433903
cauldron_ln_7235,0.6607186517922994
cauldron_ln_10535,0.7749215815890929
cauldron_ln_15308,0.704023747403308
mix_UI_ST_5400_140,0.0020735693413829583
cauldron_ln_14610,0.7410437621641166
cauldron_ln_17525,0.7012966947411456
mix_UI_ST_5400_1183,0.0013947793669525103
mix_UI_ST_5400_340,0.0010140964094778472
mix_SI_UT_5400_1297,0.0019714927197463875
mix_SI_UT_5400_723,0.0022658645919778992
cauldron_ln_16649,0.7251102445986738
cauldron_ln_25084,0.6898430132059724
mix_SI_UT_5400_39,0.0012622555259919647
mix_SI_UT_5400_175,0.002177075585223688
cauldron_ln_29494,0.5073439734086693
cauldron_ln_5166,0.5280374555167722
cauldron_ln_8286,0.7234827080792572
cauldron_ln_10043,0.7054339621154972
cauldron_ln_12975,0.7494814767520317
mix_UI_ST_5400_677,0.0015565918132372696
cauldron_ln_19424,0.6659540705100598
cauldron_ln_9227,0.7609648764668334
cauldron_ln_18688,0.6332458155297482
cauldron_ln_14727,0.6845226323958161
cauldron_ln_4613,0.7452520062006814
mix_UI_ST_5400_961,0.0014921134030627236
cauldron_ln_29632,0.6601563020267978
cauldron_ln_20245,0.7375005159361494
mix_UI_ST_5400_490,0.0012698277177016024
cauldron_ln_19982,0.7114669448395272
cauldron_ln_19860,0.6269630648435959
cauldron_ln_12567,0.6947428595600265
cauldron_ln_10960,0.6096301776154953
cauldron_ln_292,0.6313110878911787
cauldron_ln_8476,0.5148118091762216
mix_UI_ST_5400_290,0.0014577943073757539
cauldron_ln_7469,0.5238869833269324
mix_SI_UT_5400_1463,0.0017218237336721596
cauldron_ln_3301,0.7385896577676567
mix_SI_UT_5400_1156,0.0016745400190839419
mix_UI_ST_5400_1037,0.002619127693350143
mix_UI_ST_5400_884,0.0009750321487403649
cauldron_ln_14272,0.6712045674181805
cauldron_ln_9797,0.6829938565273108
cauldron_ln_10093,0.735886536066803
cauldron_ln_22978,0.7671956894557461
mix_UI_ST_5400_1057,0.0017852014746693012
mix_UI_ST_5400_1038,0.0012357553802615558
cauldron_ln_28643,0.7971758105378512
cauldron_ln_29837,0.6654073507693873
cauldron_ln_5467,0.7552166991855295
mix_UI_ST_5400_1406,0.00199445406354213
mix_SI_UT_5400_703,0.001204248628088877
cauldron_ln_6245,0.6948798697817766
cauldron_ln_9488,0.7596572041000869
mix_UI_ST_5400_1074,0.0016391457000004374
mix_SI_UT_5400_990,0.0017671765951115565
cauldron_ln_19042,0.7286921960170245
cauldron_ln_1905,0.6152327274922523
cauldron_ln_17257,0.621581579369536
mix_SI_UT_5400_163,0.0013685074581215545
mix_SI_UT_5400_56,0.0007670202515439821
mix_SI_UT_5400_1275,0.002135913982018456
mix_UI_ST_5400_756,0.0012108342475760769
mix_UI_ST_5400_871,0.0011832307436356775
cauldron_ln_11812,0.7668845246239611
cauldron_ln_21560,0.7235646689967887
mix_UI_ST_5400_940,0.0009806043977935678
mix_UI_ST_5400_1053,0.0017078463163898965
cauldron_ln_4696,0.7127226673161781
cauldron_ln_6195,0.726479155228177
cauldron_ln_3023,0.643906283852397
mix_SI_UT_5400_992,0.000897796544914944
cauldron_ln_27398,0.6529973122525515
mix_SI_UT_5400_63,0.0017382454206950233
mix_SI_UT_5400_94,0.0014546018934802427
mix_SI_UT_5400_318,0.0018951122144004065
mix_SI_UT_5400_1323,0.0023880043153958383
mix_UI_ST_5400_1032,0.002289648051762217
mix_UI_ST_5400_103,0.002401177451675685
cauldron_ln_26420,0.6008272355390696
cauldron_ln_2552,0.6804530316775556
cauldron_ln_5154,0.6711298618685296
cauldron_ln_11406,0.6442192719335407
mix_SI_UT_5400_750,0.0007980089864482261
cauldron_ln_2617,0.6698437060145481
cauldron_ln_11091,0.7296405029076999
mix_UI_ST_5400_1316,0.0023061522636958626
cauldron_ln_17313,0.7393520217264193
cauldron_ln_19227,0.74628642807229
mix_UI_ST_5400_797,0.0012576593311792435
cauldron_ln_3934,0.737584762830595
mix_UI_ST_5400_890,0.0009710573718548959
cauldron_ln_13483,0.7797038193970968
mix_SI_UT_5400_347,0.0014884158664795568
mix_UI_ST_5400_1376,0.001837622255325964
cauldron_ln_27786,0.6562133176530027
mix_SI_UT_5400_1176,0.0018406025834225145
mix_SI_UT_5400_709,0.001912047360532322
mix_UI_ST_5400_1305,0.001461326040667357
mix_SI_UT_5400_1196,0.0014380791019138542
mix_SI_UT_5400_66,0.0013586921691210341
cauldron_ln_2952,0.7360924996365084
mix_SI_UT_5400_820,0.0021004575557998315
mix_UI_ST_5400_1215,0.001376968671797492
mix_UI_ST_5400_587,0.0017299283632758419
mix_UI_ST_5400_119,0.001250194671164934
cauldron_ln_8595,0.7150497677297453
cauldron_ln_21572,0.7444213541955755
mix_SI_UT_5400_506,0.002811580239554274
cauldron_ln_9129,0.6715610071755437
mix_UI_ST_5400_1448,0.001229683894178861
mix_SI_UT_5400_1287,0.0018129501677201054
mix_SI_UT_5400_1171,0.0013711962136986951
cauldron_ln_10294,0.6919685021009989
cauldron_ln_2792,0.6195556616939135
mix_UI_ST_5400_1117,0.0015597046942786082
mix_SI_UT_5400_1162,0.002115965275075497
mix_SI_UT_5400_647,0.0016848836223182222
cauldron_ln_1737,0.7103190971462134
cauldron_ln_26629,0.6245441649183265
mix_UI_ST_5400_536,0.0017446394915532882
cauldron_ln_8951,0.5490356108051727
cauldron_ln_18333,0.700535464044734
mix_SI_UT_5400_90,0.0011484195162516611
mix_SI_UT_5400_398,0.002477459262339372
mix_UI_ST_5400_20,0.0010790242712175903
mix_SI_UT_5400_510,0.0016776719343333736
cauldron_ln_11316,0.6730364233326015
mix_SI_UT_5400_1034,0.002146105093251104
cauldron_ln_15570,0.7270841106943852
mix_SI_UT_5400_605,0.0013585952571838423
mix_UI_ST_5400_400,0.0019170042747914246
mix_UI_ST_5400_1313,0.0016004601666259443
cauldron_ln_12526,0.6924435623161809
mix_UI_ST_5400_65,0.0015942308896807276
cauldron_ln_12524,0.6558070276654455
mix_UI_ST_5400_618,0.001984290659515855
mix_UI_ST_5400_1022,0.0015348871176576301
cauldron_ln_11197,0.7314084492852648
mix_UI_ST_5400_935,0.0020588366930579505
mix_SI_UT_5400_1060,0.0010654659734347699
mix_UI_ST_5400_1499,0.001974248630318861
cauldron_ln_16151,0.6726165283016329
cauldron_ln_28695,0.7512400393844859
mix_SI_UT_5400_1201,0.0017679454754025497
mix_SI_UT_5400_677,0.001489710583480308
cauldron_ln_21122,0.701944436481319
cauldron_ln_17941,0.6956011818965102
mix_UI_ST_5400_109,0.0013754483145178846
mix_UI_ST_5400_1369,0.0020701890982577887
cauldron_ln_11206,0.7087177480950393
mix_UI_ST_5400_363,0.0017457278343974382
cauldron_ln_18889,0.6795449479822485
cauldron_ln_16627,0.6325988865431986
mix_UI_ST_5400_215,0.0014822819182741395
mix_SI_UT_5400_787,0.0018910662072837636
cauldron_ln_19188,0.6373168032280757
mix_UI_ST_5400_727,0.001754255216436752
mix_SI_UT_5400_1291,0.0014612598948039088
cauldron_ln_16876,0.6727047031830236
mix_SI_UT_5400_628,0.0015687465070484776
mix_SI_UT_5400_1491,0.001797523683763221
mix_UI_ST_5400_116,0.0013822678325861966
mix_SI_UT_5400_165,0.0010185616981019173
mix_UI_ST_5400_310,0.0016428732897978025
mix_SI_UT_5400_42,0.0009047619755095103
cauldron_ln_10702,0.6749840667042363
cauldron_ln_551,0.5785091780012189
mix_SI_UT_5400_1095,0.0012718706153070144
mix_UI_ST_5400_1375,0.0014243024478968803
mix_SI_UT_5400_227,0.0011072936860024537
cauldron_ln_12856,0.6883297743289938
cauldron_ln_16814,0.6123763018663652
mix_SI_UT_5400_1067,0.0016656732076748841
mix_SI_UT_5400_761,0.0020169473091676106
mix_UI_ST_5400_638,0.001887031683124275
cauldron_ln_8354,0.5777957289120741
mix_SI_UT_5400_870,0.001531720633748467
cauldron_ln_20532,0.6074236442242054
mix_SI_UT_5400_1131,0.0016008647008940605
cauldron_ln_16990,0.7742056662633237
mix_UI_ST_5400_453,0.0021624130035489955
cauldron_ln_27341,0.6913220806040318
mix_UI_ST_5400_742,0.0011461023044490018
cauldron_ln_10102,0.6015734993465621
cauldron_ln_19268,0.7338818107364283
mix_SI_UT_5400_1020,0.00184941273618853
mix_SI_UT_5400_640,0.001974134935057801
cauldron_ln_24030,0.6293766896970872
cauldron_ln_22734,0.650340773420541
mix_SI_UT_5400_297,0.0011523337043059117
cauldron_ln_28191,0.7295750844091486
mix_UI_ST_5400_987,0.001466676098431249
mix_UI_ST_5400_1330,0.001698101750978956
mix_UI_ST_5400_1365,0.0017818962750674192
mix_UI_ST_5400_646,0.0013272199944762409
mix_UI_ST_5400_1177,0.002180710722393133
mix_SI_UT_5400_466,0.0017809946804307572
mix_SI_UT_5400_1030,0.0021202425574998575
cauldron_ln_22793,0.6795564042523939
mix_SI_UT_5400_191,0.0015754559309101865
cauldron_ln_16120,0.7551030512874203
cauldron_ln_14405,0.7032832738271356
mix_SI_UT_5400_1016,0.0013170947412214221
cauldron_ln_2353,0.6850215778624769
cauldron_ln_12156,0.738223775879356
mix_SI_UT_5400_1165,0.0014037735036279819
cauldron_ln_2849,0.7463913450898764
cauldron_ln_21994,0.7356908879776303
mix_UI_ST_5400_518,0.0016952642937437996
mix_UI_ST_5400_102,0.0014084529269732808
cauldron_ln_6351,0.7452339729190367
mix_UI_ST_5400_1455,0.0019059112285591574
cauldron_ln_23178,0.6535682403565943
cauldron_ln_27407,0.6584815214427977
mix_UI_ST_5400_191,0.0008907736981851833
mix_SI_UT_5400_1077,0.0013878755893387308
mix_SI_UT_5400_1133,0.0008828394981997082
cauldron_ln_4938,0.6008347210893314
cauldron_ln_21921,0.6220232626998519
cauldron_ln_13541,0.7215209507719053
mix_SI_UT_5400_1083,0.0010133601361440566
mix_SI_UT_5400_982,0.0024779545022063994
mix_UI_ST_5400_1274,0.002248414727750289
mix_SI_UT_5400_319,0.001992170669828083
cauldron_ln_14617,0.7055034280630452
cauldron_ln_8799,0.7015031038049074
cauldron_ln_28059,0.7254384436112333
cauldron_ln_4886,0.6505449447889879
cauldron_ln_28020,0.6917098728448734
cauldron_ln_16757,0.73990896642185
mix_SI_UT_5400_447,0.001643450613328878
cauldron_ln_18251,0.7421651849907149
cauldron_ln_388,0.6071269444741946
mix_UI_ST_5400_765,0.0014390219980026527
mix_UI_ST_5400_1459,0.0010645591201528277
cauldron_ln_4616,0.6789910139686539
mix_UI_ST_5400_80,0.0018397514236312478
cauldron_ln_14057,0.6877101373011821
cauldron_ln_27635,0.6728863294289503
cauldron_ln_5993,0.620726218807585
mix_UI_ST_5400_1485,0.0011522616391830135
cauldron_ln_1085,0.6798264097551812
mix_SI_UT_5400_145,0.001464650296117964
mix_UI_ST_5400_338,0.0015848015376455796
mix_SI_UT_5400_1474,0.0021673565598061477
cauldron_ln_29757,0.6845785999987705
mix_UI_ST_5400_177,0.0015567829389551086
mix_UI_ST_5400_1360,0.0012130186926891683
cauldron_ln_6321,0.7156629269792172
mix_SI_UT_5400_170,0.0012162099809845867
mix_UI_ST_5400_101,0.0019461300956959912
cauldron_ln_13567,0.711402407774633
mix_UI_ST_5400_64,0.0017942099289209477
mix_SI_UT_5400_1031,0.0016001997074412712
mix_SI_UT_5400_1394,0.0018262738722670093
mix_UI_ST_5400_915,0.002004033666588401
cauldron_ln_22282,0.7508078749708581
mix_SI_UT_5400_985,0.001261961042940579
mix_SI_UT_5400_843,0.001186250680869604
mix_UI_ST_5400_164,0.001820381457348301
cauldron_ln_5061,0.7239519261389791
mix_SI_UT_5400_1161,0.0016957358145090907
mix_SI_UT_5400_1295,0.001969802052593371
cauldron_ln_17267,0.7677491846698282
mix_UI_ST_5400_1201,0.0017599359130843256
mix_UI_ST_5400_1100,0.0018526748949395878
cauldron_ln_12219,0.7508153487385535
mix_UI_ST_5400_924,0.0013418446948580578
cauldron_ln_22117,0.6742297289041757
mix_SI_UT_5400_1294,0.001798963055790061
cauldron_ln_26785,0.6679192719157553
mix_UI_ST_5400_881,0.0009311439775545684
cauldron_ln_13187,0.6744737706646325
mix_UI_ST_5400_258,0.0017917620950800774
mix_SI_UT_5400_1149,0.0015977576158331354
cauldron_ln_9727,0.6555540340511093
cauldron_ln_13883,0.6264710942762169
cauldron_ln_19802,0.7843924267679644
mix_SI_UT_5400_484,0.0028392518370036093
cauldron_ln_9822,0.7278427040111854
mix_UI_ST_5400_613,0.00123539326404658
cauldron_ln_12663,0.6582871971646432
cauldron_ln_21390,0.7273565683550096
cauldron_ln_23171,0.6283164447885767
cauldron_ln_8811,0.755963609446553
cauldron_ln_22196,0.6066291270195348
mix_UI_ST_5400_416,0.002113167946408257
mix_SI_UT_5400_841,0.0016192438381706924
cauldron_ln_1700,0.6069578214448451
cauldron_ln_13873,0.6979675328401328
mix_UI_ST_5400_74,0.001991019293383545
cauldron_ln_14550,0.69818415748177
mix_UI_ST_5400_32,0.0011519818926649613
cauldron_ln_3115,0.7223003264687827
cauldron_ln_24374,0.7506709981871686
mix_UI_ST_5400_833,0.0016007581708909484
cauldron_ln_13932,0.5486701058228028
cauldron_ln_6254,0.7535077403176832
mix_UI_ST_5400_605,0.0014127678312111267
mix_SI_UT_5400_1373,0.0017598713522361759
cauldron_ln_10763,0.7013189682832683
mix_SI_UT_5400_850,0.0012440497106105501
mix_SI_UT_5400_1228,0.0017113009486301482
cauldron_ln_46,0.6100812649062036
cauldron_ln_11565,0.7273487091181248
cauldron_ln_13222,0.7203760380670905
cauldron_ln_6110,0.6755023753947476
cauldron_ln_10651,0.7465498000737258
mix_SI_UT_5400_235,0.0014674212950182583
mix_UI_ST_5400_1018,0.002826919797832777
cauldron_ln_17703,0.7835974683855742
mix_SI_UT_5400_312,0.001842886402495436
mix_UI_ST_5400_327,0.001501789546391517
cauldron_ln_29565,0.6221741518495504
mix_SI_UT_5400_954,0.0015686744488038937
cauldron_ln_26361,0.6241322272209391
mix_UI_ST_5400_430,0.00136269569235569
cauldron_ln_9214,0.6176439340525607
cauldron_ln_23483,0.7180191891995261
mix_UI_ST_5400_893,0.002140213980349538
cauldron_ln_3213,0.7317655949115476
mix_SI_UT_5400_188,0.0013722753205131
mix_UI_ST_5400_900,0.002027303038127674
cauldron_ln_2426,0.698956571218652
cauldron_ln_4730,0.6480090255397447
cauldron_ln_26556,0.6913422114234763
mix_SI_UT_5400_498,0.0007237640743071728
cauldron_ln_13210,0.6134446644481254
cauldron_ln_8709,0.764061496587043
cauldron_ln_16171,0.6943936101058731
cauldron_ln_19077,0.6962919069972856
mix_UI_ST_5400_809,0.001587439465828419
cauldron_ln_11755,0.715489149325653
cauldron_ln_1604,0.6389970440206507
mix_SI_UT_5400_986,0.0015554527781273995
cauldron_ln_10112,0.7529346905090453
cauldron_ln_5193,0.6856221850951549
cauldron_ln_4279,0.7360870473639886
mix_UI_ST_5400_1259,0.0013611922244802074
mix_SI_UT_5400_1486,0.002738613018814459
cauldron_ln_16846,0.6190851337383338
mix_UI_ST_5400_1098,0.0018452331125502774
cauldron_ln_24733,0.5844721302166903
cauldron_ln_201,0.7112936272733702
cauldron_ln_18456,0.7217553638838666
cauldron_ln_17192,0.6988467099012535
cauldron_ln_3742,0.6412214361901863
cauldron_ln_17663,0.7218427675459418
cauldron_ln_29513,0.5263639058009357
cauldron_ln_903,0.6899755633136015
cauldron_ln_5296,0.7081060706925936
mix_SI_UT_5400_582,0.001643917761447438
mix_SI_UT_5400_114,0.0015779390379749231
mix_SI_UT_5400_450,0.0014265598631457105
cauldron_ln_24575,0.7155156910442315
cauldron_ln_22199,0.6188491056585266
cauldron_ln_2750,0.7789669972729829
cauldron_ln_15721,0.6911462155557788
cauldron_ln_17286,0.5163978215275004
mix_SI_UT_5400_1308,0.0009951677062127844
cauldron_ln_4939,0.6888767935118281
cauldron_ln_8584,0.5983439903425094
cauldron_ln_20168,0.6579794493221065
mix_SI_UT_5400_88,0.0016573358019393268
mix_UI_ST_5400_673,0.0018500331822329688
mix_SI_UT_5400_536,0.001074716212438143
mix_UI_ST_5400_811,0.001896673443653099
mix_SI_UT_5400_989,0.001372192724714413
mix_SI_UT_5400_1213,0.0013590525992955337
mix_SI_UT_5400_1439,0.0011749785157884377
cauldron_ln_25128,0.739944356851584
mix_UI_ST_5400_3,0.0017774753849641915
mix_SI_UT_5400_1494,0.0018656879872395217
mix_SI_UT_5400_471,0.002296058465111744
cauldron_ln_270,0.600340554735602
mix_UI_ST_5400_429,0.0016589759790376515
mix_UI_ST_5400_1379,0.0017375664224447565
cauldron_ln_26893,0.7172654692873759
cauldron_ln_26286,0.7085940994620895
cauldron_ln_25156,0.6281682922825826
mix_UI_ST_5400_226,0.0015661117653111916
cauldron_ln_5691,0.7086948993188464
mix_SI_UT_5400_7,0.0014773178505528765
cauldron_ln_4943,0.7635369602525963
cauldron_ln_22661,0.7213853151851404
cauldron_ln_11972,0.5953511123591766
cauldron_ln_13201,0.7088988016640141
cauldron_ln_10874,0.604512290785377
cauldron_ln_20523,0.6663515542959189
mix_SI_UT_5400_1183,0.0012166900453760986
cauldron_ln_26443,0.6710279254946849
cauldron_ln_29537,0.6782442017953492
cauldron_ln_24190,0.7834128980085545
cauldron_ln_7865,0.6155995089069183
mix_UI_ST_5400_722,0.0024459974665144908
cauldron_ln_21891,0.7319638461635187
mix_SI_UT_5400_375,0.001190647454283457
mix_SI_UT_5400_1467,0.0014912035743840574
cauldron_ln_9287,0.562876450464644
cauldron_ln_25674,0.6348991765954115
cauldron_ln_529,0.6225993835299787
cauldron_ln_26169,0.6312312171643938
cauldron_ln_27183,0.7864600805138452
mix_UI_ST_5400_1110,0.001320305365770314
cauldron_ln_9816,0.7044703708267932
cauldron_ln_8424,0.7157147155134519
cauldron_ln_10420,0.7110009085049336
cauldron_ln_13707,0.6661750934438918
mix_UI_ST_5400_195,0.002135725767325148
mix_UI_ST_5400_1270,0.001445634642118105
mix_SI_UT_5400_1462,0.0013522933836039208
mix_SI_UT_5400_863,0.0012839125739011604
cauldron_ln_24863,0.678108171266321
cauldron_ln_20568,0.6726691259199624
cauldron_ln_21554,0.6746609624928385
mix_UI_ST_5400_407,0.0011546657516039258
cauldron_ln_6392,0.7129540734572839
cauldron_ln_2802,0.4523750488778677
mix_SI_UT_5400_630,0.0010212679533472384
mix_SI_UT_5400_659,0.001616581085036765
cauldron_ln_28231,0.7314975336801058
cauldron_ln_26508,0.6935401386676274
cauldron_ln_6278,0.6801911536688118
mix_SI_UT_5400_1317,0.0013251101341653201
mix_SI_UT_5400_1145,0.001351789812549504
cauldron_ln_6555,0.5407993205119789
mix_SI_UT_5400_100,0.0016116681054103214
cauldron_ln_5877,0.6198834318781768
cauldron_ln_17291,0.6603821926133432
cauldron_ln_22147,0.6839534382350544
mix_SI_UT_5400_64,0.001434810731754905
mix_SI_UT_5400_1157,0.0015442744641585209
mix_SI_UT_5400_786,0.0017966284773474782
cauldron_ln_23534,0.6887595163941332
mix_UI_ST_5400_1167,0.0015689783323277647
mix_UI_ST_5400_38,0.0016743752551460253
mix_UI_ST_5400_768,0.001049775121066311
cauldron_ln_2478,0.7692367373037392
cauldron_ln_29659,0.6734409686277046
cauldron_ln_7994,0.7694367076140826
cauldron_ln_26442,0.7176608511545158
cauldron_ln_22144,0.7530131172433031
cauldron_ln_16059,0.6936519985109602
cauldron_ln_25931,0.7382302865738131
mix_UI_ST_5400_597,0.0016357808675358258
mix_UI_ST_5400_440,0.0015152336493266167
mix_UI_ST_5400_464,0.0017387948838990183
cauldron_ln_9243,0.6095575146287908
cauldron_ln_237,0.5811036029496719
cauldron_ln_29412,0.7637973270376291
mix_UI_ST_5400_974,0.001742577955333802
mix_UI_ST_5400_1014,0.001652913310899181
cauldron_ln_24161,0.6642664172308734
cauldron_ln_10127,0.6582363657079906
mix_UI_ST_5400_1229,0.0016607266570915534
cauldron_ln_1812,0.6702831974938417
mix_SI_UT_5400_544,0.0011192140502025542
cauldron_ln_17581,0.6714163963706493
cauldron_ln_5294,0.6957988873900317
cauldron_ln_1885,0.7642901445288599
cauldron_ln_1118,0.5554122766250831
mix_UI_ST_5400_1364,0.0017462389240895909
mix_SI_UT_5400_889,0.0018671557510245471
mix_UI_ST_5400_863,0.0018015027812216904
mix_UI_ST_5400_29,0.001488137897705945
cauldron_ln_27981,0.6562331711383481
cauldron_ln_8018,0.6093214802746023
mix_SI_UT_5400_938,0.0012106418117356645
cauldron_ln_29407,0.6596868493173016
mix_UI_ST_5400_1405,0.0022218096538983317
mix_UI_ST_5400_1175,0.0010392600460410947
mix_SI_UT_5400_960,0.0018934347673541581
mix_UI_ST_5400_579,0.0011572418622590925
cauldron_ln_11900,0.7083682020117243
cauldron_ln_2799,0.7118568378307111
cauldron_ln_10230,0.6873208927341556
cauldron_ln_13334,0.7498032630350665
mix_UI_ST_5400_355,0.0017593855055193866
cauldron_ln_15714,0.5199848049014101
cauldron_ln_14457,0.6826892629470394
mix_UI_ST_5400_1410,0.001698578468678679
cauldron_ln_11447,0.7160894419313435
mix_UI_ST_5400_757,0.001780298540996925
cauldron_ln_304,0.7326305744921374
cauldron_ln_11256,0.6900318294993514
mix_UI_ST_5400_1101,0.0018039106197088074
cauldron_ln_15585,0.593420419617956
cauldron_ln_29751,0.6959511641188543
cauldron_ln_3304,0.7294051036531536
cauldron_ln_24073,0.6603665582923399
cauldron_ln_3622,0.6245297141412235
cauldron_ln_14132,0.7341846860177799
cauldron_ln_20207,0.7457470159115772
cauldron_ln_10890,0.7381235958103496
mix_SI_UT_5400_137,0.0028286412924094823
cauldron_ln_28924,0.7139109713804743
mix_UI_ST_5400_829,0.0016883906188618733
cauldron_ln_20124,0.6273176538791532
cauldron_ln_14766,0.758764492479998
cauldron_ln_25892,0.6997293885066991
cauldron_ln_10053,0.7502593154063714
cauldron_ln_13970,0.5832830288790508
mix_UI_ST_5400_1277,0.0015697278312930094
mix_UI_ST_5400_643,0.0018767493144588637
cauldron_ln_853,0.5644840885379495
mix_SI_UT_5400_1246,0.002272764228242809
mix_SI_UT_5400_745,0.0009931125400179923
cauldron_ln_23133,0.5130750534600331
mix_UI_ST_5400_35,0.001579039817697877
cauldron_ln_2988,0.7251146139111347
cauldron_ln_22539,0.6028325387731401
cauldron_ln_4695,0.5987440000569955
mix_UI_ST_5400_316,0.0011148550790851144
mix_SI_UT_5400_1082,0.0012181479496016234
mix_SI_UT_5400_1393,0.002371945069458074
cauldron_ln_6003,0.6453219832783531
cauldron_ln_19998,0.7324461718791432
cauldron_ln_14071,0.6417275589458394
cauldron_ln_27368,0.734989386533545
cauldron_ln_23341,0.6792655242087232
cauldron_ln_28823,0.6785107742563498
mix_SI_UT_5400_1351,0.001669350817273128
cauldron_ln_184,0.6066810885141408
cauldron_ln_23698,0.8048592889370078
mix_SI_UT_5400_1049,0.0014632504948920873
mix_SI_UT_5400_150,0.0011359120764091854
mix_SI_UT_5400_228,0.002207563008396364
cauldron_ln_7985,0.7440286490983655
cauldron_ln_5276,0.45527467891645707
cauldron_ln_9809,0.62938682589069
mix_UI_ST_5400_830,0.0015638983567859953
cauldron_ln_18554,0.7428355954160645
mix_SI_UT_5400_1219,0.0016685375655846892
cauldron_ln_13949,0.7020245980819247
cauldron_ln_12345,0.7388551022151696
cauldron_ln_258,0.6517513751984456
mix_SI_UT_5400_1212,0.0014034301989679142
cauldron_ln_85,0.6728409074688785
mix_SI_UT_5400_577,0.0017174521809697673
mix_SI_UT_5400_652,0.0017773146963060253
cauldron_ln_28833,0.6893500134513665
cauldron_ln_27481,0.7266043240175116
mix_SI_UT_5400_973,0.0014861537368928359
mix_SI_UT_5400_1241,0.0017557937380833783
cauldron_ln_15933,0.704838595132856
mix_UI_ST_5400_69,0.0010178623500430425
cauldron_ln_18595,0.6959881885440806
mix_UI_ST_5400_1193,0.0015120698421304437
cauldron_ln_673,0.6170149980575294
mix_UI_ST_5400_472,0.0015601354103125392
cauldron_ln_1036,0.6426153167191541
cauldron_ln_20242,0.626131914209276
mix_SI_UT_5400_755,0.0025946131306701374
mix_UI_ST_5400_1252,0.0015617701227987285
cauldron_ln_21271,0.7775226340450584
mix_UI_ST_5400_780,0.0012414650104600254
cauldron_ln_8577,0.6565987355817021
cauldron_ln_5176,0.6618108200432684
mix_UI_ST_5400_484,0.0018822861258425282
cauldron_ln_3251,0.6729408972884077
cauldron_ln_11850,0.7438267106100594
cauldron_ln_11722,0.6778588468807776
cauldron_ln_17841,0.6715543270942204
cauldron_ln_10141,0.6887631652253303
mix_SI_UT_5400_255,0.0015557315869895037
mix_SI_UT_5400_48,0.0018442719470057702
mix_UI_ST_5400_723,0.0018530906321650024
mix_SI_UT_5400_1333,0.0013279135166757332
mix_UI_ST_5400_254,0.0026136245929417215
cauldron_ln_8812,0.6412350754308338
mix_SI_UT_5400_1422,0.0022557855696383913
mix_SI_UT_5400_83,0.0006393574502793824
cauldron_ln_10775,0.6636807499818056
mix_SI_UT_5400_541,0.001691050025248234
mix_UI_ST_5400_730,0.002028921126876904
mix_SI_UT_5400_91,0.0011443212725428527
mix_UI_ST_5400_1357,0.0025001826813011788
mix_SI_UT_5400_220,0.0014207070981841893
mix_UI_ST_5400_1266,0.0017722578690414059
cauldron_ln_19902,0.7482696994681187
mix_SI_UT_5400_426,0.0013366961821275327
mix_SI_UT_5400_1435,0.0015088962279539964
mix_SI_UT_5400_69,0.0017578942142926054
mix_UI_ST_5400_659,0.0021027749557024277
mix_SI_UT_5400_161,0.0013526907108733336
mix_SI_UT_5400_1068,0.0016302371777291152
mix_SI_UT_5400_646,0.0014484679036078816
mix_UI_ST_5400_283,0.001494802762916958
mix_SI_UT_5400_538,0.0011093601978134418
cauldron_ln_17393,0.7322772950129874
