id,is_member
cauldron_ln_8044,0.6971962801996657
cauldron_ln_7863,0.7260319283174548
mix_SI_UT_5400_19,0.002671265559051202
mix_SI_UT_5400_896,0.0017571858808587393
cauldron_ln_17842,0.6841178638731471
mix_UI_ST_5400_1010,0.002431387675583273
mix_SI_UT_5400_1158,0.001794608874967761
cauldron_ln_5492,0.7160038419073845
cauldron_ln_28055,0.789391923369234
cauldron_ln_15782,0.6859712046063035
cauldron_ln_10896,0.8116396283245239
mix_UI_ST_5400_198,0.0019721305253643556
cauldron_ln_14683,0.6774487207008507
mix_UI_ST_5400_1434,0.002658087734119945
cauldron_ln_15146,0.6217335129855253
cauldron_ln_11421,0.46220653696926084
cauldron_ln_9412,0.729101187049721
cauldron_ln_23873,0.7053564198237745
cauldron_ln_21744,0.6919417398568424
mix_UI_ST_5400_591,0.0023305593005052716
mix_UI_ST_5400_1048,0.0022733684906132054
cauldron_ln_1835,0.6885976580982219
mix_UI_ST_5400_1353,0.002326387302935162
cauldron_ln_14310,0.7249608980351968
mix_UI_ST_5400_432,0.0018573364633928278
mix_UI_ST_5400_481,0.0021827353166124753
cauldron_ln_12651,0.7593482545142296
cauldron_ln_9528,0.7316451283781266
cauldron_ln_28369,0.6722550899165347
mix_UI_ST_5400_381,0.0014530707584517223
mix_SI_UT_5400_413,0.0032770003243536724
cauldron_ln_11962,0.703916707426065
cauldron_ln_14987,0.7984478316697876
cauldron_ln_10926,0.6783561980468672
mix_UI_ST_5400_491,0.0023350994040071504
cauldron_ln_7384,0.6688568687739692
mix_UI_ST_5400_1466,0.002839153353920375
mix_UI_ST_5400_1426,0.002464511893477809
cauldron_ln_29607,0.5870197804217313
cauldron_ln_12404,0.7696343519887888
cauldron_ln_4937,0.7063404692569879
cauldron_ln_10260,0.6246499477677651
mix_SI_UT_5400_526,0.0023354414145109054
cauldron_ln_16527,0.8273611790657761
mix_UI_ST_5400_662,0.0033043505656054554
mix_SI_UT_5400_437,0.0027458095715115157
mix_SI_UT_5400_106,0.002791801012219271
cauldron_ln_7890,0.7424085454579809
mix_SI_UT_5400_1078,0.0020719013971651347
cauldron_ln_11429,0.6993931261090461
mix_SI_UT_5400_30,0.0017780594690285224
mix_UI_ST_5400_1483,0.0026601331722551605
cauldron_ln_7449,0.6998562758430513
mix_UI_ST_5400_1140,0.003259355672463916
cauldron_ln_24003,0.6820566489515312
cauldron_ln_9540,0.6656203367843199
cauldron_ln_22660,0.7850221801546241
cauldron_ln_1774,0.6915551586195863
mix_UI_ST_5400_629,0.002450355657113421
cauldron_ln_16259,0.7237009148105444
cauldron_ln_17752,0.7837446201508989
mix_UI_ST_5400_1073,0.0024073651884849354
mix_UI_ST_5400_735,0.0033843992164169653
mix_UI_ST_5400_1045,0.0020995714057242044
mix_SI_UT_5400_397,0.0024505500001412044
cauldron_ln_14219,0.817688724106891
cauldron_ln_2781,0.6368590873633012
cauldron_ln_22647,0.7158592181712489
cauldron_ln_27463,0.5438504135381904
mix_UI_ST_5400_278,0.00102382941445877
mix_SI_UT_5400_67,0.001468408965194635
cauldron_ln_19954,0.6419704393888696
cauldron_ln_14482,0.8048854600063865
mix_UI_ST_5400_1035,0.002285745582148888
cauldron_ln_27388,0.6428605692971415
mix_UI_ST_5400_95,0.00196281351189784
mix_UI_ST_5400_1026,0.0014965896335917327
mix_SI_UT_5400_300,0.0018701886358557962
cauldron_ln_6757,0.7464458578747322
mix_UI_ST_5400_1169,0.003012433430485534
mix_SI_UT_5400_635,0.0030336933522050642
mix_SI_UT_5400_478,0.0020249815231538648
cauldron_ln_21010,0.6736771196113897
cauldron_ln_17103,0.7624906862614288
cauldron_ln_10561,0.8275575931463909
mix_UI_ST_5400_726,0.0028920030649272435
mix_UI_ST_5400_676,0.00193805130135811
cauldron_ln_15332,0.6935935127560561
cauldron_ln_23958,0.7884258944645747
cauldron_ln_24104,0.7728295055407188
cauldron_ln_10117,0.7089392529659453
cauldron_ln_23357,0.7671160750448875
mix_SI_UT_5400_208,0.0022648834882050975
cauldron_ln_4968,0.7411563498954763
cauldron_ln_18453,0.7474831727714737
cauldron_ln_28882,0.5742874690369842
mix_UI_ST_5400_46,0.0011673246696257942
cauldron_ln_22611,0.7119097168339554
mix_SI_UT_5400_1336,0.0019629537026730295
cauldron_ln_6047,0.7983420508699554
cauldron_ln_338,0.5857261232262554
cauldron_ln_11367,0.8002083466258374
mix_SI_UT_5400_832,0.0026952321910652505
cauldron_ln_5754,0.6556197226454893
cauldron_ln_23839,0.5359272371130087
cauldron_ln_27506,0.7698257578985304
mix_UI_ST_5400_1243,0.0028764721742248474
mix_UI_ST_5400_76,0.0011567255019396365
mix_SI_UT_5400_269,0.0011546490055063952
cauldron_ln_8533,0.7952365884320485
mix_SI_UT_5400_1040,0.002311747255202471
mix_UI_ST_5400_1211,0.002016468148719246
cauldron_ln_2986,0.7959298594620839
cauldron_ln_907,0.7215245600985658
cauldron_ln_19397,0.7803537217268346
cauldron_ln_27571,0.8173791871413838
cauldron_ln_14244,0.7338675737538506
mix_SI_UT_5400_486,0.0030304454300398996
cauldron_ln_1145,0.621633031321022
cauldron_ln_18444,0.7317239671149058
cauldron_ln_1887,0.6531178043050018
mix_SI_UT_5400_400,0.0012552393011126073
mix_UI_ST_5400_347,0.0017009116223362607
mix_UI_ST_5400_807,0.0026979311307747003
cauldron_ln_29526,0.6750933839873164
mix_UI_ST_5400_1264,0.002527187407279297
mix_SI_UT_5400_515,0.001309488776323973
cauldron_ln_16634,0.6883039755943139
mix_SI_UT_5400_588,0.0021165614014353414
cauldron_ln_11925,0.6297957429303681
cauldron_ln_28010,0.6340628286378889
mix_UI_ST_5400_317,0.0028213533686648456
mix_UI_ST_5400_299,0.002260156682180101
mix_UI_ST_5400_1017,0.0018200016153569825
cauldron_ln_15024,0.6912384555171546
cauldron_ln_10384,0.7729662870996237
cauldron_ln_20378,0.6931922074069884
cauldron_ln_2969,0.7329895377866118
cauldron_ln_27454,0.7052100448131957
mix_SI_UT_5400_533,0.0019123295546062912
cauldron_ln_2106,0.688394768855115
mix_SI_UT_5400_1140,0.0014518227438797399
mix_SI_UT_5400_58,0.002851133343706298
mix_SI_UT_5400_880,0.002627881485936964
mix_SI_UT_5400_166,0.00198426441320612
cauldron_ln_29932,0.7652479784648133
mix_SI_UT_5400_315,0.0019860506281153445
cauldron_ln_12775,0.7742245465659874
mix_SI_UT_5400_1397,0.0024800729345189555
mix_SI_UT_5400_528,0.0027308400272179584
cauldron_ln_23190,0.7596999720789724
mix_SI_UT_5400_146,0.0019189151486145003
cauldron_ln_27258,0.6222889231667721
mix_UI_ST_5400_966,0.002563942951424239
mix_SI_UT_5400_403,0.0018783217466239596
mix_UI_ST_5400_844,0.002712477872139223
cauldron_ln_5051,0.8126504394168753
mix_SI_UT_5400_955,0.0017130219450710187
cauldron_ln_10741,0.6306061237757242
cauldron_ln_15949,0.7278369925958171
cauldron_ln_19319,0.7764971181234703
cauldron_ln_18427,0.8134822262155438
mix_UI_ST_5400_487,0.0012197866546987393
cauldron_ln_19269,0.6978844487683248
cauldron_ln_11550,0.6061873513742787
cauldron_ln_3692,0.7593456797536873
cauldron_ln_14785,0.6653337737816065
mix_UI_ST_5400_822,0.0013859233854605533
cauldron_ln_10913,0.7496693891418571
cauldron_ln_607,0.6390666844253486
cauldron_ln_1630,0.7177193144827575
cauldron_ln_2488,0.6463013568097419
cauldron_ln_15622,0.7275141141621424
cauldron_ln_22881,0.7260469558091603
mix_SI_UT_5400_1154,0.00198878566119302
cauldron_ln_29166,0.5861132011623797
cauldron_ln_19244,0.7787737657645163
mix_SI_UT_5400_1352,0.0024154950229729865
cauldron_ln_9689,0.6052810063513491
cauldron_ln_15068,0.7623583612072008
cauldron_ln_11868,0.7390749609972141
mix_SI_UT_5400_61,0.0020310122299936973
cauldron_ln_24541,0.7131372883192502
mix_SI_UT_5400_362,0.0016796360898716724
cauldron_ln_1728,0.529165716255643
mix_SI_UT_5400_1003,0.003061553354509343
cauldron_ln_21799,0.7257273155394794
cauldron_ln_8077,0.6810785923062855
mix_SI_UT_5400_1039,0.0017930251565111438
mix_SI_UT_5400_1073,0.0026760722269299837
cauldron_ln_15986,0.8114019082596533
cauldron_ln_6543,0.7709427911824863
cauldron_ln_19956,0.6867297305983182
cauldron_ln_7175,0.8097687432214473
cauldron_ln_23407,0.7643127530151087
cauldron_ln_15369,0.758218071555118
cauldron_ln_16554,0.7549363816064993
cauldron_ln_448,0.6635792799566923
mix_UI_ST_5400_417,0.0021220000362153295
cauldron_ln_22233,0.7713931014992401
cauldron_ln_26043,0.6752758197284261
cauldron_ln_16304,0.778727673176492
cauldron_ln_14141,0.7057841405481058
cauldron_ln_23630,0.7071860400624791
mix_UI_ST_5400_710,0.0023081769285173965
cauldron_ln_8007,0.772903040093747
mix_UI_ST_5400_590,0.0023971612260287544
mix_SI_UT_5400_410,0.0021840630049052676
cauldron_ln_24925,0.7758597959019491
cauldron_ln_27190,0.7752021027716771
mix_UI_ST_5400_1268,0.002578784655791182
mix_UI_ST_5400_685,0.0028854615901533045
cauldron_ln_1069,0.6253318544512537
mix_UI_ST_5400_827,0.0028185165956378915
mix_SI_UT_5400_5,0.00184080459181424
cauldron_ln_27839,0.748319487963344
mix_SI_UT_5400_633,0.00223840718177408
cauldron_ln_14133,0.7902945839737762
mix_UI_ST_5400_728,0.0030056524807087546
mix_UI_ST_5400_437,0.0022049061513752734
mix_SI_UT_5400_885,0.002599301678364478
cauldron_ln_4311,0.7411463651633646
mix_SI_UT_5400_301,0.0036296765321132945
cauldron_ln_12842,0.7395637340616747
mix_UI_ST_5400_83,0.0016395297695102403
cauldron_ln_11288,0.8401520756573287
cauldron_ln_27828,0.6816710194353365
mix_SI_UT_5400_101,0.0025253992726011103
cauldron_ln_16476,0.7476492625881493
mix_UI_ST_5400_709,0.0020722336838418023
mix_SI_UT_5400_570,0.0018806359967816404
cauldron_ln_19540,0.6947368124983774
cauldron_ln_17829,0.7748110388137802
mix_UI_ST_5400_985,0.0021511987515092355
cauldron_ln_2288,0.7634238431517831
cauldron_ln_18551,0.7944496242993542
mix_SI_UT_5400_240,0.002295976992019939
mix_SI_UT_5400_554,0.0022766997690044297
cauldron_ln_26336,0.8077201130044626
cauldron_ln_8102,0.6902650852741166
cauldron_ln_8498,0.574461846985485
cauldron_ln_16991,0.7770756161600011
mix_UI_ST_5400_149,0.0023326951527832393
cauldron_ln_22346,0.7831370915230593
mix_UI_ST_5400_256,0.0020017639470336687
mix_SI_UT_5400_337,0.0025999343412768895
mix_UI_ST_5400_456,0.0021540420315985086
cauldron_ln_26480,0.7206660088458746
cauldron_ln_29867,0.7825971456492152
mix_SI_UT_5400_1256,0.001609587948612577
cauldron_ln_917,0.6205604181273975
mix_SI_UT_5400_1001,0.0017837183941561677
mix_SI_UT_5400_1141,0.002960287768173079
cauldron_ln_28787,0.6484047379951842
cauldron_ln_28349,0.6900718683492073
mix_UI_ST_5400_753,0.0031210288354763067
mix_SI_UT_5400_1093,0.0020800075314134033
cauldron_ln_21991,0.6544770849317153
cauldron_ln_22152,0.7622269323697114
mix_SI_UT_5400_1370,0.0024263880175137485
mix_UI_ST_5400_1039,0.0031574570478540387
mix_UI_ST_5400_240,0.002166055571523759
mix_SI_UT_5400_767,0.0024573045313079156
mix_UI_ST_5400_1093,0.002794970781615741
cauldron_ln_9330,0.780866764497854
mix_SI_UT_5400_1447,0.0025016007535392094
mix_SI_UT_5400_553,0.002541963668365963
cauldron_ln_8874,0.5197809162977342
cauldron_ln_21032,0.764663709371107
mix_SI_UT_5400_1072,0.0016715430049113783
cauldron_ln_10366,0.7398814763884766
mix_SI_UT_5400_497,0.002274169711125006
mix_SI_UT_5400_59,0.0014794766115138983
cauldron_ln_26771,0.6091250336704427
mix_SI_UT_5400_738,0.001613677815893389
cauldron_ln_29306,0.7486867130107479
cauldron_ln_4556,0.7640119058690692
cauldron_ln_26578,0.5834732668576426
mix_SI_UT_5400_485,0.002518956026554189
cauldron_ln_23109,0.6827498658090636
mix_SI_UT_5400_1198,0.003420165379902769
cauldron_ln_7975,0.8030477276645225
mix_UI_ST_5400_972,0.0027565768545203726
mix_UI_ST_5400_1359,0.002682639709237935
cauldron_ln_27987,0.6909073182887925
mix_UI_ST_5400_542,0.0022746366054933287
mix_SI_UT_5400_154,0.002724751323707673
cauldron_ln_22834,0.7950296681586145
cauldron_ln_24422,0.8166250192128798
cauldron_ln_13554,0.7751365743758051
mix_UI_ST_5400_1396,0.002400169229798839
mix_SI_UT_5400_1412,0.001969269408074859
mix_SI_UT_5400_123,0.0024860822971084404
cauldron_ln_21902,0.6043201451353521
mix_SI_UT_5400_1438,0.0021375242730031735
mix_SI_UT_5400_253,0.001843954855698855
cauldron_ln_4461,0.7008785686506398
cauldron_ln_8537,0.775521545263502
mix_SI_UT_5400_1480,0.003548986778522766
mix_UI_ST_5400_1403,0.0028748330928501336
cauldron_ln_4837,0.7310174225915775
mix_UI_ST_5400_1378,0.0017584137912484224
mix_SI_UT_5400_131,0.002443651660233737
mix_SI_UT_5400_634,0.0026815340853650308
cauldron_ln_18548,0.7241148470977795
mix_UI_ST_5400_206,0.0025186060378505517
mix_SI_UT_5400_1248,0.001555068861267143
mix_UI_ST_5400_1242,0.00336536402631692
mix_SI_UT_5400_113,0.0022941361275894724
cauldron_ln_11500,0.8267081872233537
cauldron_ln_27731,0.8533711416427544
cauldron_ln_25656,0.641868243248858
mix_SI_UT_5400_495,0.001945637512626415
mix_UI_ST_5400_1076,0.0035342058270635386
mix_SI_UT_5400_1151,0.0014394739983270754
cauldron_ln_2570,0.710201839278777
cauldron_ln_21811,0.7831269526345339
mix_UI_ST_5400_599,0.0014538201258569754
mix_SI_UT_5400_898,0.002625211985997475
cauldron_ln_11448,0.6183995724474718
cauldron_ln_23188,0.7581702749841502
mix_SI_UT_5400_794,0.002120462102013889
mix_SI_UT_5400_76,0.001854503045867321
cauldron_ln_7577,0.7211767953666358
mix_UI_ST_5400_51,0.0023079018367935353
mix_UI_ST_5400_501,0.0022372382707970544
cauldron_ln_4827,0.7625793745270374
mix_UI_ST_5400_698,0.0029305465219290516
cauldron_ln_5162,0.6751029968147588
cauldron_ln_23791,0.7557973467691359
cauldron_ln_15676,0.6841036226648378
cauldron_ln_22291,0.785395280703008
mix_UI_ST_5400_968,0.003273059451655942
mix_UI_ST_5400_243,0.0045496789368637365
cauldron_ln_19024,0.8176519810029427
mix_UI_ST_5400_558,0.0020273090272638896
mix_UI_ST_5400_637,0.0020592132864612716
mix_UI_ST_5400_1104,0.002032127668614617
mix_SI_UT_5400_136,0.002701362237557999
mix_UI_ST_5400_734,0.002861665550251431
cauldron_ln_9269,0.6775077687066343
cauldron_ln_29302,0.6986558366719573
mix_SI_UT_5400_317,0.002320705305289938
mix_UI_ST_5400_527,0.0033875455849996356
cauldron_ln_13202,0.7824356311058286
mix_UI_ST_5400_786,0.0017840261305225728
cauldron_ln_24382,0.7202688600018587
cauldron_ln_624,0.640841651517262
cauldron_ln_17587,0.6977332820447183
mix_UI_ST_5400_15,0.0023194405277201864
cauldron_ln_11604,0.7511948912076057
mix_UI_ST_5400_399,0.0020770381327604825
mix_SI_UT_5400_389,0.0024983972032877025
mix_SI_UT_5400_812,0.002259736546557401
mix_UI_ST_5400_697,0.0038664550264369715
cauldron_ln_9526,0.7597525470163423
cauldron_ln_18362,0.7850574742266093
mix_SI_UT_5400_130,0.0020520303264205866
cauldron_ln_2881,0.49694095543661815
mix_SI_UT_5400_751,0.0019243958486643141
cauldron_ln_10966,0.6280368156610797
cauldron_ln_16840,0.651142456866217
cauldron_ln_799,0.756776533902154
mix_SI_UT_5400_1136,0.002478276746850192
cauldron_ln_22111,0.6763605949548668
mix_SI_UT_5400_1066,0.001451312214967186
cauldron_ln_10806,0.7739922502023385
cauldron_ln_12532,0.7120552547386519
mix_UI_ST_5400_41,0.0018098070089299168
cauldron_ln_13616,0.7564029778472322
mix_UI_ST_5400_897,0.002723024907806826
mix_UI_ST_5400_1240,0.002504239147722204
cauldron_ln_19787,0.7358746024714924
cauldron_ln_23476,0.688946312974537
cauldron_ln_22959,0.7749059699338648
cauldron_ln_14947,0.6959243225167917
mix_UI_ST_5400_720,0.0018007423542052718
cauldron_ln_25188,0.5332226530665072
mix_SI_UT_5400_442,0.0026455531461721383
mix_UI_ST_5400_876,0.0017577407559801641
cauldron_ln_11281,0.7652856186437584
cauldron_ln_5037,0.7765526885648404
cauldron_ln_28724,0.7591683278669695
mix_UI_ST_5400_1160,0.0024365154159609113
mix_SI_UT_5400_202,0.002797700903225233
mix_UI_ST_5400_828,0.002999387358289694
cauldron_ln_11913,0.7885063991647747
mix_SI_UT_5400_263,0.0025217579458000215
mix_UI_ST_5400_983,0.003000905635676523
mix_SI_UT_5400_1368,0.0031234347958651377
mix_UI_ST_5400_1489,0.0028252084380416868
cauldron_ln_12257,0.6320588656463924
mix_UI_ST_5400_511,0.001158978310235243
cauldron_ln_21796,0.7099971431025287
cauldron_ln_25860,0.6948077269481582
mix_UI_ST_5400_260,0.0020223684929901475
mix_SI_UT_5400_958,0.0014452697114937247
mix_SI_UT_5400_55,0.0015987370574153498
cauldron_ln_23097,0.7846743353030494
mix_UI_ST_5400_257,0.001813252896706952
mix_UI_ST_5400_24,0.0025416280808049974
mix_UI_ST_5400_583,0.002116636513413464
mix_SI_UT_5400_844,0.002397466341359751
cauldron_ln_27256,0.7183155156610925
mix_SI_UT_5400_1290,0.0016983075110508874
mix_SI_UT_5400_777,0.0015854805420248883
cauldron_ln_11645,0.6299528435968508
mix_SI_UT_5400_1160,0.002095242327894711
cauldron_ln_22026,0.5769126779042565
cauldron_ln_12080,0.7758453685137634
mix_UI_ST_5400_1204,0.00306158121576998
cauldron_ln_25532,0.8001206651612283
mix_SI_UT_5400_728,0.0023970725309256807
cauldron_ln_11946,0.49550538214220285
cauldron_ln_144,0.6800311207381835
mix_UI_ST_5400_598,0.002209776373928825
mix_UI_ST_5400_1059,0.0017801599914503501
mix_SI_UT_5400_1096,0.00261088454649338
cauldron_ln_12129,0.7846283696162898
mix_UI_ST_5400_1219,0.0024581650874529203
cauldron_ln_13278,0.7557798676769009
mix_SI_UT_5400_1134,0.00287266224992368
cauldron_ln_23317,0.6916752207370359
cauldron_ln_1570,0.750028032241214
cauldron_ln_25425,0.7637242427015465
mix_UI_ST_5400_245,0.002619617658917835
cauldron_ln_2561,0.7305559985594954
cauldron_ln_13287,0.7771595745379667
mix_SI_UT_5400_339,0.0027492713290473035
mix_SI_UT_5400_1187,0.0024585866603622285
mix_UI_ST_5400_1151,0.0031154202241485836
mix_UI_ST_5400_403,0.0024426609937752606
mix_UI_ST_5400_1118,0.0020567331367687446
cauldron_ln_23250,0.7498145520091773
cauldron_ln_7535,0.7367511166982206
cauldron_ln_29018,0.7908920032732495
cauldron_ln_11047,0.7631291292060949
mix_UI_ST_5400_696,0.001335938803890997
mix_SI_UT_5400_489,0.002094810123403436
mix_UI_ST_5400_1095,0.0014541162113731626
cauldron_ln_5366,0.7135694416012178
cauldron_ln_22210,0.6364171834843764
cauldron_ln_9069,0.8525575334613145
cauldron_ln_14098,0.623282804121165
cauldron_ln_22891,0.6870721041524334
mix_UI_ST_5400_772,0.0023574893215037663
mix_SI_UT_5400_782,0.0021689642896483958
cauldron_ln_18035,0.6902277746442649
mix_UI_ST_5400_1244,0.00269678093065046
mix_SI_UT_5400_788,0.0022777982934724106
cauldron_ln_14972,0.6682555423744649
cauldron_ln_27687,0.7724163208099185
cauldron_ln_13102,0.5297244327436509
cauldron_ln_26066,0.7497623186710506
mix_UI_ST_5400_885,0.0022717044469323868
cauldron_ln_27591,0.7045515059597159
cauldron_ln_29575,0.5318018911583745
mix_SI_UT_5400_580,0.0022216559620093054
cauldron_ln_679,0.5544207437465631
mix_SI_UT_5400_643,0.0019070846122823232
mix_SI_UT_5400_168,0.0028149600311364853
cauldron_ln_23468,0.7808067334870381
cauldron_ln_3944,0.738186797338595
cauldron_ln_813,0.6953395776137037
mix_SI_UT_5400_730,0.0029725264887481523
mix_UI_ST_5400_749,0.002335726640136948
mix_UI_ST_5400_156,0.0025873280450732956
cauldron_ln_21960,0.6872015533891714
cauldron_ln_577,0.7152965450200035
cauldron_ln_1416,0.6878268144538525
cauldron_ln_5242,0.8156700552600148
mix_UI_ST_5400_167,0.0030362533524832375
cauldron_ln_4181,0.7752545018115896
mix_SI_UT_5400_1305,0.0031493616189831567
mix_UI_ST_5400_854,0.0028878177009471415
cauldron_ln_2751,0.7088803274951899
cauldron_ln_23293,0.7673474398200087
mix_SI_UT_5400_1366,0.0016643667555739266
cauldron_ln_3838,0.6901548340776494
cauldron_ln_16178,0.7100308803222498
cauldron_ln_100,0.7009544856947015
cauldron_ln_13803,0.7347712360341143
mix_SI_UT_5400_278,0.0026384269633249733
cauldron_ln_10579,0.7551857967670647
mix_UI_ST_5400_66,0.002661892510908539
cauldron_ln_17426,0.7683406620547806
mix_UI_ST_5400_1090,0.0023441086324199833
cauldron_ln_13716,0.7446113833007223
cauldron_ln_15463,0.6814735635320782
mix_SI_UT_5400_304,0.0020160704413751435
mix_UI_ST_5400_217,0.0020673562518557084
mix_SI_UT_5400_524,0.003042417977089523
cauldron_ln_21604,0.7512184920027097
mix_SI_UT_5400_1404,0.0024608823047947495
cauldron_ln_1517,0.7590893000800726
mix_SI_UT_5400_1359,0.0031708073866258805
mix_SI_UT_5400_804,0.002748218030749759
cauldron_ln_6262,0.7485497035013357
cauldron_ln_27879,0.6719750281183178
mix_SI_UT_5400_865,0.002425863021068003
mix_SI_UT_5400_868,0.002769788958495485
mix_SI_UT_5400_606,0.0023365605882647877
mix_UI_ST_5400_1273,0.0024660803632932673
mix_UI_ST_5400_825,0.001835325204373666
mix_SI_UT_5400_370,0.0017059912775598282
mix_SI_UT_5400_1280,0.0020258384556591596
mix_SI_UT_5400_713,0.001925930227667145
mix_UI_ST_5400_911,0.0018109496878854449
cauldron_ln_9162,0.6855303858507067
cauldron_ln_7894,0.644739495836744
mix_UI_ST_5400_1196,0.002149504023801587
cauldron_ln_13609,0.7161603886760392
mix_SI_UT_5400_770,0.0018228151741178859
cauldron_ln_17824,0.6069202442434116
cauldron_ln_4,0.5213595031353043
cauldron_ln_7184,0.6977849294619213
cauldron_ln_12131,0.6092425664941458
cauldron_ln_22906,0.6778452581545364
cauldron_ln_14765,0.7208726587523356
cauldron_ln_10161,0.6299431365389132
cauldron_ln_10400,0.7596101527762128
cauldron_ln_5688,0.7325444851632464
cauldron_ln_24335,0.8374194957996365
mix_UI_ST_5400_1279,0.002679207989684802
cauldron_ln_10067,0.6326918242431064
mix_SI_UT_5400_358,0.002509850704036781
mix_UI_ST_5400_1290,0.0028884013075050527
cauldron_ln_22606,0.6081293944207983
cauldron_ln_8034,0.7132970153779277
mix_SI_UT_5400_246,0.0021228796376503755
cauldron_ln_11716,0.7283311339356162
cauldron_ln_26040,0.754083782608334
cauldron_ln_26,0.6578297966603655
mix_SI_UT_5400_670,0.0026578982447899393
mix_UI_ST_5400_473,0.0020411696633818523
mix_UI_ST_5400_255,0.0030075026723023566
mix_UI_ST_5400_326,0.0017817626522538368
cauldron_ln_27750,0.6766311212016874
cauldron_ln_5561,0.7363366946414664
cauldron_ln_8660,0.7684312677637454
mix_SI_UT_5400_859,0.002574370754611282
cauldron_ln_23350,0.811438074773298
cauldron_ln_3842,0.7383318176013297
cauldron_ln_6538,0.727293128155265
mix_SI_UT_5400_1217,0.0024083211997401534
mix_UI_ST_5400_465,0.001893611060222329
mix_SI_UT_5400_907,0.0016228087102540445
cauldron_ln_24976,0.7188397087041134
cauldron_ln_1858,0.8069039940387381
cauldron_ln_23568,0.7205065075080862
cauldron_ln_17953,0.7374161054470625
mix_SI_UT_5400_8,0.002389190669148918
cauldron_ln_28947,0.7149791695311667
mix_SI_UT_5400_1421,0.0028565206500276836
mix_SI_UT_5400_35,0.0021400894103033017
cauldron_ln_2613,0.7381407905342834
mix_UI_ST_5400_88,0.002802284694559968
mix_UI_ST_5400_73,0.0021928671611015503
mix_UI_ST_5400_1370,0.002916658553787002
mix_UI_ST_5400_196,0.0029632070442159133
mix_UI_ST_5400_408,0.0017793258388030953
mix_UI_ST_5400_651,0.0023498334375407193
cauldron_ln_20260,0.7954747784857116
cauldron_ln_111,0.5476223127481069
cauldron_ln_20513,0.7054872998093785
cauldron_ln_3969,0.729435318809738
cauldron_ln_11963,0.7930499906519094
cauldron_ln_12732,0.6123934215676601
mix_SI_UT_5400_1281,0.0028883559982079486
cauldron_ln_22788,0.7463666974675764
cauldron_ln_11793,0.7707631817149152
cauldron_ln_27061,0.8185027192272977
cauldron_ln_3418,0.7172714760263058
cauldron_ln_4130,0.6617288711997277
mix_SI_UT_5400_700,0.0017494358698399543
mix_SI_UT_5400_184,0.0013294425466877978
mix_SI_UT_5400_1257,0.0018987418347683209
cauldron_ln_14787,0.7079394717169478
mix_UI_ST_5400_528,0.002131183605017546
mix_UI_ST_5400_905,0.002666427642599257
mix_SI_UT_5400_925,0.0027233422403435694
cauldron_ln_707,0.5829924678160658
mix_SI_UT_5400_473,0.0020013667420079686
mix_SI_UT_5400_72,0.002352587890642455
cauldron_ln_28407,0.7215740352781208
mix_UI_ST_5400_634,0.0024214363328710644
cauldron_ln_26101,0.8183445016915685
mix_SI_UT_5400_1348,0.0016352262266007115
mix_SI_UT_5400_592,0.0021755157233256934
cauldron_ln_22926,0.7112780259241654
cauldron_ln_1577,0.7352902210994811
cauldron_ln_3840,0.7183802827097089
cauldron_ln_10875,0.7877418803607732
mix_UI_ST_5400_1493,0.002105254101006836
cauldron_ln_9804,0.7498069053982064
cauldron_ln_18037,0.6676764948062293
cauldron_ln_8844,0.7221323566444733
cauldron_ln_9144,0.7616144381012858
mix_UI_ST_5400_234,0.0018624109599670528
mix_SI_UT_5400_531,0.0006317225990081645
mix_SI_UT_5400_416,0.0019204204859327259
mix_SI_UT_5400_1185,0.0016681897467408612
mix_UI_ST_5400_304,0.002989927343231562
mix_UI_ST_5400_1020,0.0031105034900100214
cauldron_ln_21999,0.6966629362225272
mix_UI_ST_5400_272,0.0014846732934956964
mix_UI_ST_5400_139,0.0025430507294371975
cauldron_ln_16553,0.8389101115936095
mix_SI_UT_5400_764,0.0019334432579957994
mix_SI_UT_5400_547,0.002191202032270302
mix_UI_ST_5400_1184,0.0027508925374286762
mix_UI_ST_5400_1381,0.0026277936779047968
mix_UI_ST_5400_1322,0.002122890856442647
mix_SI_UT_5400_1041,0.0023475412562907272
mix_SI_UT_5400_200,0.0027282393902536496
cauldron_ln_17601,0.7265564353304775
cauldron_ln_28140,0.7700071111771641
cauldron_ln_11792,0.6601843547380937
cauldron_ln_24762,0.764702565333145
cauldron_ln_6564,0.8306195531982034
mix_UI_ST_5400_1349,0.0027824837500362563
mix_SI_UT_5400_831,0.0023710297363373424
cauldron_ln_24831,0.8181031059784915
cauldron_ln_11818,0.785876744732934
mix_UI_ST_5400_1136,0.0026816792217085124
mix_UI_ST_5400_1087,0.0011709193244357596
cauldron_ln_23301,0.7107168020630538
cauldron_ln_4432,0.7979605414343401
mix_SI_UT_5400_1022,0.0021481612976671886
mix_UI_ST_5400_209,0.0029963112409180596
cauldron_ln_14925,0.7311155811767815
cauldron_ln_14670,0.5613195245469431
cauldron_ln_29994,0.7693852829892293
mix_UI_ST_5400_1137,0.0020476668771567115
cauldron_ln_22708,0.6662119300171793
cauldron_ln_17068,0.7894802917040776
mix_SI_UT_5400_376,0.002246408679771664
mix_UI_ST_5400_1161,0.002908172425221484
cauldron_ln_21019,0.7959017714345039
mix_SI_UT_5400_818,0.0017120376483531158
cauldron_ln_10761,0.7387380069040471
cauldron_ln_21311,0.679494363859006
mix_UI_ST_5400_261,0.0015560552600796596
cauldron_ln_19211,0.577631199546494
cauldron_ln_18887,0.7491652670558439
mix_UI_ST_5400_115,0.0018773597620889136
mix_UI_ST_5400_1144,0.0024336341589889852
cauldron_ln_28447,0.7517631346762269
cauldron_ln_10020,0.6186739802302966
mix_SI_UT_5400_1382,0.0026503274472735442
cauldron_ln_4115,0.6326599866106926
cauldron_ln_22528,0.8094929586916618
mix_UI_ST_5400_259,0.0018415846450104555
mix_UI_ST_5400_1475,0.002104089326618835
mix_UI_ST_5400_686,0.0019640021821583273
mix_UI_ST_5400_1267,0.001828149027100615
mix_UI_ST_5400_1337,0.002143211884708737
cauldron_ln_18384,0.7149236500618852
mix_SI_UT_5400_395,0.003044105886488528
cauldron_ln_12872,0.7802963669321089
cauldron_ln_12801,0.5654010871199523
mix_UI_ST_5400_495,0.0024405710786010704
mix_SI_UT_5400_1063,0.0025085779811865735
mix_UI_ST_5400_1441,0.002711603476377913
cauldron_ln_9897,0.7704208971525837
cauldron_ln_6637,0.6727011863175484
cauldron_ln_17975,0.7851225849598299
mix_SI_UT_5400_1000,0.0025821081461055895
mix_SI_UT_5400_314,0.0018924307557976184
cauldron_ln_28730,0.793843756016309
mix_SI_UT_5400_1418,0.0030820604158501457
cauldron_ln_14328,0.741471604066601
cauldron_ln_9377,0.715880166054978
mix_SI_UT_5400_177,0.002437437798732738
mix_SI_UT_5400_775,0.002464009552572087
mix_UI_ST_5400_931,0.002469924321491726
cauldron_ln_24695,0.6439335725872694
cauldron_ln_27146,0.7604056151614204
mix_SI_UT_5400_229,0.0022989093934664127
cauldron_ln_3454,0.7377841659471488
mix_UI_ST_5400_117,0.002232996945875395
mix_UI_ST_5400_264,0.0029992088382219096
mix_UI_ST_5400_699,0.0011878082981147946
cauldron_ln_7279,0.7419471036803773
cauldron_ln_3634,0.7043557770677198
mix_SI_UT_5400_355,0.001918664186107856
mix_SI_UT_5400_1456,0.0014929215870589532
cauldron_ln_1775,0.6593615572222181
mix_UI_ST_5400_574,0.002165855255027976
mix_SI_UT_5400_1375,0.001525282578647988
cauldron_ln_15192,0.7431455252195397
mix_SI_UT_5400_957,0.0023435964587183336
mix_UI_ST_5400_1097,0.002274823187255455
cauldron_ln_19944,0.7179516719470417
mix_SI_UT_5400_642,0.0021625088431233654
cauldron_ln_24871,0.7081152841594678
cauldron_ln_17845,0.7701242806655488
mix_UI_ST_5400_1200,0.002488291836628268
mix_UI_ST_5400_1042,0.0021350554115577643
cauldron_ln_14225,0.6521782684030035
mix_SI_UT_5400_46,0.002578860437469873
mix_SI_UT_5400_816,0.002793540367830922
cauldron_ln_7242,0.7539232412365598
mix_UI_ST_5400_576,0.0020992654600782237
cauldron_ln_23682,0.8263113282173087
cauldron_ln_282,0.587614357234695
mix_UI_ST_5400_1298,0.0011659605867494723
mix_UI_ST_5400_951,0.0022579586205869772
cauldron_ln_27680,0.8210092586268373
cauldron_ln_9697,0.6718256452258967
cauldron_ln_4974,0.6289467961545911
cauldron_ln_10928,0.7652836909030778
mix_UI_ST_5400_852,0.0019152583010219164
cauldron_ln_19496,0.7176548415127396
cauldron_ln_21270,0.6887692624853292
mix_SI_UT_5400_881,0.0012598090040334047
cauldron_ln_11513,0.7565435301030512
cauldron_ln_4536,0.7781304967268216
cauldron_ln_267,0.5607616188550746
cauldron_ln_15229,0.7483746569955115
mix_UI_ST_5400_1088,0.004296235671387484
cauldron_ln_20409,0.6330945782554163
cauldron_ln_24241,0.7452052391085854
mix_UI_ST_5400_173,0.0010546900502600924
cauldron_ln_2865,0.5434542943068293
cauldron_ln_21754,0.7782251293774944
mix_SI_UT_5400_1094,0.0018041584888202667
cauldron_ln_29473,0.7556544347686875
cauldron_ln_12952,0.7555715041681036
mix_SI_UT_5400_1057,0.002489217023647449
mix_SI_UT_5400_842,0.002259910548183802
mix_SI_UT_5400_199,0.0020045355028571053
mix_SI_UT_5400_947,0.0019326524904422833
cauldron_ln_10261,0.6978155547322438
cauldron_ln_21853,0.7626533200539647
mix_UI_ST_5400_479,0.003625137480849931
mix_SI_UT_5400_1484,0.0022103341093186817
cauldron_ln_24500,0.7558392762801769
cauldron_ln_22470,0.7777879298374348
mix_SI_UT_5400_494,0.0022539045474041287
cauldron_ln_8989,0.6801701509058358
mix_SI_UT_5400_285,0.0022224208784741083
cauldron_ln_22366,0.592025466879018
cauldron_ln_23547,0.622973734179568
cauldron_ln_12077,0.7059755367609643
cauldron_ln_18287,0.6928492310186957
mix_SI_UT_5400_79,0.0024136445314974944
mix_SI_UT_5400_1274,0.002682966519549622
mix_UI_ST_5400_135,0.002151574012454894
mix_SI_UT_5400_4,0.0014443041520535989
mix_UI_ST_5400_313,0.0018945433878566782
cauldron_ln_28239,0.8191896105642088
cauldron_ln_22435,0.7022384214842042
cauldron_ln_23955,0.7493711159809491
mix_UI_ST_5400_358,0.00250957073083263
cauldron_ln_15158,0.719150860482305
cauldron_ln_28153,0.728722003616426
mix_UI_ST_5400_1306,0.0014566034865661364
cauldron_ln_27377,0.751040183394509
mix_UI_ST_5400_1127,0.0026981514515788843
cauldron_ln_22043,0.7600083403869283
cauldron_ln_8148,0.7240701253009046
cauldron_ln_28423,0.7588970879824165
cauldron_ln_24261,0.67245827316903
cauldron_ln_16295,0.47983428257273547
mix_SI_UT_5400_518,0.0026884386258439756
mix_UI_ST_5400_169,0.001842355056567425
cauldron_ln_28681,0.555878405849826
cauldron_ln_29551,0.7054978803002951
cauldron_ln_9613,0.6375766243511428
cauldron_ln_28425,0.6324863788813568
cauldron_ln_27791,0.7388949791883139
mix_UI_ST_5400_664,0.003249186990340279
mix_SI_UT_5400_237,0.002250835457440917
cauldron_ln_1061,0.7194313354295371
mix_SI_UT_5400_922,0.0014643593450534393
mix_SI_UT_5400_599,0.0014905896737837483
cauldron_ln_16365,0.5976287709710907
cauldron_ln_12138,0.715429679410032
mix_SI_UT_5400_211,0.001540534221629995
cauldron_ln_15360,0.7848357010003065
mix_SI_UT_5400_961,0.0019081861605033108
cauldron_ln_26558,0.7272951208871363
mix_SI_UT_5400_1319,0.0031201250563235553
mix_UI_ST_5400_166,0.001428967083479498
mix_UI_ST_5400_1055,0.0019008237216769717
mix_UI_ST_5400_759,0.0015470448772666476
cauldron_ln_15915,0.7712709333036458
mix_SI_UT_5400_1182,0.0019398391571786519
cauldron_ln_19229,0.8163810244810249
cauldron_ln_13509,0.7889328499108116
cauldron_ln_14078,0.7859500791910579
cauldron_ln_21191,0.7764555784855232
cauldron_ln_16830,0.6414693656860216
cauldron_ln_2993,0.684063619788446
mix_UI_ST_5400_1296,0.002006242627391862
cauldron_ln_18156,0.674615172920837
cauldron_ln_9290,0.6735395697414972
cauldron_ln_13313,0.6294908570472243
cauldron_ln_16479,0.7379800922636766
cauldron_ln_24995,0.614800278547769
cauldron_ln_16468,0.8656288382255409
mix_UI_ST_5400_952,0.0015882674005029994
mix_SI_UT_5400_974,0.0032437694685640904
mix_UI_ST_5400_323,0.0016654077976344928
mix_SI_UT_5400_386,0.0017778661100282752
cauldron_ln_27476,0.6643623341720944
cauldron_ln_25385,0.7697474958983568
cauldron_ln_29764,0.6264857171925966
cauldron_ln_19917,0.7286324602448688
cauldron_ln_27383,0.7502745919984629
cauldron_ln_8051,0.7189376616111073
cauldron_ln_26037,0.7421210798970471
mix_UI_ST_5400_1081,0.0026588255071714607
cauldron_ln_13295,0.7022124939356434
cauldron_ln_19275,0.7005961916880612
cauldron_ln_19672,0.7058436668799775
cauldron_ln_15785,0.6984065401787234
cauldron_ln_25528,0.7451676708051962
cauldron_ln_12592,0.7680191087467699
cauldron_ln_1072,0.5839757449780956
cauldron_ln_18180,0.734071426654427
mix_UI_ST_5400_422,0.0023258285431995416
cauldron_ln_16366,0.6739319489390191
mix_SI_UT_5400_704,0.0021002005089156323
cauldron_ln_26356,0.6149555057223357
mix_SI_UT_5400_1258,0.0032331126370497214
cauldron_ln_5220,0.7979936591837993
mix_SI_UT_5400_32,0.0020994042892627453
mix_SI_UT_5400_1278,0.001664202419741079
cauldron_ln_12273,0.739981087510752
mix_UI_ST_5400_1109,0.0023478409203340675
mix_SI_UT_5400_341,0.0012707215559518723
cauldron_ln_19988,0.4903896738482359
cauldron_ln_22714,0.7478551369780286
cauldron_ln_5466,0.7423724388940526
mix_UI_ST_5400_997,0.0022273005167115062
cauldron_ln_7087,0.7145130408040394
cauldron_ln_27022,0.6780765087462832
cauldron_ln_22263,0.7930217944362251
mix_UI_ST_5400_174,0.0032203442245961537
mix_SI_UT_5400_1459,0.0029822077681817185
cauldron_ln_17682,0.7477776095615618
mix_UI_ST_5400_523,0.0024015650519484616
cauldron_ln_23193,0.7893509158705974
mix_SI_UT_5400_356,0.0025635138264901605
cauldron_ln_17012,0.7905425712939224
mix_UI_ST_5400_151,0.0015272895430497402
cauldron_ln_23472,0.828752267847675
mix_UI_ST_5400_906,0.0016841547148510703
mix_SI_UT_5400_589,0.0024380691775371553
cauldron_ln_14928,0.7054805210969035
mix_UI_ST_5400_559,0.0014401034734260612
mix_UI_ST_5400_1178,0.0026936322155545786
mix_SI_UT_5400_381,0.0014032284768607922
mix_SI_UT_5400_15,0.002341879941405983
mix_UI_ST_5400_1336,0.002528127574983026
cauldron_ln_18212,0.7634540217076526
cauldron_ln_9393,0.6895012897401742
mix_UI_ST_5400_1366,0.0029308480559179294
cauldron_ln_24724,0.7319643058270816
mix_UI_ST_5400_153,0.002755904897855713
mix_SI_UT_5400_244,0.0025920073904042527
mix_UI_ST_5400_1182,0.001868564006659128
cauldron_ln_29642,0.7319216263525442
mix_SI_UT_5400_1236,0.0022015778883164613
cauldron_ln_17094,0.7490209221291826
mix_UI_ST_5400_769,0.0021441185267540262
mix_SI_UT_5400_759,0.0018024688616603264
mix_UI_ST_5400_963,0.0017794655505070616
mix_UI_ST_5400_486,0.002070936240609151
mix_SI_UT_5400_1498,0.0025256017592089467
mix_UI_ST_5400_941,0.0023459491877303625
mix_UI_ST_5400_273,0.0027507275285609148
cauldron_ln_1134,0.7407258137153666
cauldron_ln_17818,0.7953960521049636
cauldron_ln_8160,0.7706926841191548
mix_UI_ST_5400_379,0.001473571955148955
mix_SI_UT_5400_971,0.0018747695826877842
cauldron_ln_19128,0.7398353731685617
cauldron_ln_28319,0.7111003893309445
cauldron_ln_25271,0.7568742506773218
mix_SI_UT_5400_912,0.0017498931137349776
mix_SI_UT_5400_663,0.002583750479983191
cauldron_ln_14414,0.7361522284974772
mix_SI_UT_5400_946,0.002102286207870276
cauldron_ln_8837,0.7043019894917143
cauldron_ln_15060,0.5358687405503983
mix_UI_ST_5400_1451,0.002756348082087213
cauldron_ln_7024,0.7513332162183886
cauldron_ln_12838,0.6141465317821376
cauldron_ln_27913,0.692601520148011
cauldron_ln_6826,0.77534745249234
cauldron_ln_1377,0.5725993071665014
mix_UI_ST_5400_1320,0.002766908842495263
cauldron_ln_17505,0.6933022612557493
mix_UI_ST_5400_242,0.0029795019066699495
cauldron_ln_10498,0.776606414676084
mix_UI_ST_5400_917,0.0027746142918079393
mix_UI_ST_5400_8,0.0025088748398741302
cauldron_ln_12260,0.6323034845006628
cauldron_ln_29081,0.8319319656819932
cauldron_ln_18880,0.7389299201932393
cauldron_ln_24910,0.6581665658150294
mix_SI_UT_5400_819,0.0014206893056899058
mix_SI_UT_5400_197,0.002045385710303205
mix_SI_UT_5400_441,0.002166799947183295
mix_SI_UT_5400_365,0.0018273042938999416
mix_SI_UT_5400_1460,0.0019871909996009283
cauldron_ln_21085,0.732645408637976
cauldron_ln_18882,0.7034411724020757
mix_SI_UT_5400_883,0.002943916138007013
cauldron_ln_26626,0.7622335043098717
mix_UI_ST_5400_1354,0.002500455237714526
mix_UI_ST_5400_639,0.0025755365313385975
cauldron_ln_19329,0.7564012290720205
mix_SI_UT_5400_272,0.0024775518810034067
mix_UI_ST_5400_1301,0.0028722831946367223
mix_SI_UT_5400_345,0.0013593333693911957
cauldron_ln_27328,0.7884792065602425
cauldron_ln_760,0.6451702196075003
cauldron_ln_18194,0.786286747893767
cauldron_ln_4923,0.624724657624037
cauldron_ln_19815,0.8126728899282898
mix_UI_ST_5400_6,0.0017729783706973766
mix_UI_ST_5400_1107,0.0023491970225150804
mix_UI_ST_5400_767,0.002877425033355609
mix_UI_ST_5400_707,0.0031561684000478746
mix_SI_UT_5400_1440,0.0019136045410892773
cauldron_ln_22592,0.7196121866962902
mix_SI_UT_5400_1153,0.0016830857318408691
mix_UI_ST_5400_1467,0.002395973701422295
cauldron_ln_6244,0.7518534947690001
cauldron_ln_952,0.5062557810689168
mix_UI_ST_5400_853,0.0032984879198689333
cauldron_ln_3367,0.7108096485518379
cauldron_ln_7909,0.6925440836668963
mix_UI_ST_5400_418,0.0031345918657918687
cauldron_ln_104,0.5438649044007601
mix_SI_UT_5400_690,0.0029064791164283253
mix_SI_UT_5400_1411,0.0015396449084569192
cauldron_ln_21039,0.753265091471791
cauldron_ln_19441,0.7480193994986619
mix_UI_ST_5400_126,0.002325458731574356
mix_UI_ST_5400_630,0.0019161595405890834
cauldron_ln_12871,0.6526712869801672
mix_SI_UT_5400_996,0.0019248754914314417
cauldron_ln_24918,0.6464726155756045
mix_UI_ST_5400_237,0.0021623152525489663
mix_UI_ST_5400_25,0.002135246177518302
mix_SI_UT_5400_766,0.0021431519566544803
cauldron_ln_2236,0.6618678760363739
mix_UI_ST_5400_469,0.0020945128972965003
cauldron_ln_4330,0.7108320163420614
mix_SI_UT_5400_1062,0.0028838273338302307
cauldron_ln_15047,0.5765148044842974
mix_SI_UT_5400_913,0.0017547977332615548
mix_SI_UT_5400_1365,0.0027820645643037985
cauldron_ln_7687,0.663557564279877
mix_UI_ST_5400_1116,0.0017179789188431424
cauldron_ln_28037,0.7116110767358955
cauldron_ln_24513,0.7397806079156285
cauldron_ln_17520,0.6447912084583901
mix_SI_UT_5400_1355,0.003284653114150419
cauldron_ln_20164,0.665310608840337
cauldron_ln_18029,0.7696743554232296
mix_SI_UT_5400_302,0.003528884651929357
cauldron_ln_15831,0.7541914955133379
mix_SI_UT_5400_293,0.0019280625859053708
cauldron_ln_22601,0.822026350585299
cauldron_ln_11875,0.7637331909756085
mix_SI_UT_5400_306,0.0019298561394468935
mix_UI_ST_5400_1492,0.002222461445988082
mix_UI_ST_5400_904,0.0017092981996919491
cauldron_ln_17733,0.7522703228803732
cauldron_ln_5667,0.7833310471823979
cauldron_ln_11601,0.7581527951470854
cauldron_ln_2360,0.7076597464607075
mix_SI_UT_5400_1403,0.0026802850475688756
mix_UI_ST_5400_600,0.0024728465262341373
cauldron_ln_9932,0.7314566589334942
mix_UI_ST_5400_104,0.0018799871568967947
cauldron_ln_713,0.7085068069335079
cauldron_ln_18329,0.7630781175247761
mix_UI_ST_5400_565,0.0033378912226936022
cauldron_ln_2667,0.8008256399617177
cauldron_ln_17716,0.8067451486231726
mix_UI_ST_5400_878,0.002812410895519309
cauldron_ln_9780,0.8147029147624136
mix_SI_UT_5400_1074,0.001854074870320099
cauldron_ln_17007,0.7537107108660434
mix_SI_UT_5400_521,0.0014954830053448772
mix_SI_UT_5400_322,0.0022207757720561568
mix_SI_UT_5400_988,0.0018377527592644328
mix_SI_UT_5400_864,0.002542673608185509
cauldron_ln_21908,0.7529362762033647
cauldron_ln_17746,0.7567117346136585
mix_UI_ST_5400_497,0.002721530640192245
mix_UI_ST_5400_287,0.0016942814922634487
mix_SI_UT_5400_1080,0.002049886806521198
cauldron_ln_1913,0.7221413247610396
cauldron_ln_4288,0.7505719556370055
mix_SI_UT_5400_192,0.002805745694309673
cauldron_ln_19235,0.7704943469972405
cauldron_ln_1322,0.5071508922868081
mix_SI_UT_5400_959,0.001757176100299402
mix_SI_UT_5400_507,0.0022271408670227247
cauldron_ln_532,0.6502350328590943
cauldron_ln_10236,0.7942054665881744
mix_SI_UT_5400_461,0.0020112734468724146
cauldron_ln_16031,0.7816189423331057
cauldron_ln_27268,0.7332830710325733
cauldron_ln_5530,0.7943334644568839
cauldron_ln_13757,0.6445968544095367
mix_UI_ST_5400_354,0.00233253965735072
mix_UI_ST_5400_1348,0.002384441613208729
mix_UI_ST_5400_510,0.0018467223297593427
mix_UI_ST_5400_178,0.0009872846644163177
mix_UI_ST_5400_492,0.0029907674157684462
mix_UI_ST_5400_89,0.0021497112910066835
cauldron_ln_28265,0.682846978044885
cauldron_ln_29227,0.48824510469226007
cauldron_ln_21442,0.7498393288677507
cauldron_ln_5510,0.8020645214190444
cauldron_ln_2423,0.7443180028815573
mix_UI_ST_5400_27,0.002068936762748228
cauldron_ln_17678,0.7881317565868251
mix_UI_ST_5400_1486,0.0015950341867389877
mix_UI_ST_5400_1164,0.0022159792905528746
mix_SI_UT_5400_14,0.002557740990765812
cauldron_ln_12076,0.8121855444899136
cauldron_ln_24508,0.6621305811446394
mix_UI_ST_5400_895,0.0014731551369126991
cauldron_ln_28687,0.6892274916149546
cauldron_ln_18429,0.7628330373609207
mix_SI_UT_5400_548,0.002352729277571865
cauldron_ln_7694,0.7795409152545311
mix_UI_ST_5400_546,0.0011531844488509096
cauldron_ln_1443,0.6413791817370509
mix_SI_UT_5400_85,0.0013903250413941808
mix_UI_ST_5400_328,0.0022242486009560743
mix_UI_ST_5400_396,0.0027366419686653105
cauldron_ln_25899,0.7835579297344707
mix_SI_UT_5400_243,0.0029806377969357465
cauldron_ln_6814,0.7418714821618879
mix_UI_ST_5400_1371,0.0022998321359966436
cauldron_ln_22561,0.5248328916818037
mix_UI_ST_5400_526,0.0023807507862502924
mix_UI_ST_5400_953,0.0017403070132127752
cauldron_ln_9047,0.7783310122734859
cauldron_ln_1851,0.6996341408755977
cauldron_ln_10148,0.7224552658146576
mix_SI_UT_5400_1163,0.0023470215890442512
mix_SI_UT_5400_1222,0.0027000696848932964
mix_SI_UT_5400_791,0.0019686831675406603
mix_UI_ST_5400_1068,0.0025024363011537927
mix_SI_UT_5400_1117,0.0028084158528668703
mix_SI_UT_5400_797,0.0013253746999775933
mix_UI_ST_5400_1284,0.0028510332168337183
cauldron_ln_7231,0.7732301916535821
mix_SI_UT_5400_686,0.002678789961691765
mix_UI_ST_5400_131,0.0018692272952241767
mix_UI_ST_5400_1304,0.002557400827217031
mix_UI_ST_5400_205,0.0018672939914626799
cauldron_ln_20637,0.7155562785011336
mix_SI_UT_5400_1331,0.002789643713604337
cauldron_ln_7840,0.5430498802861042
cauldron_ln_15445,0.6195114787193302
cauldron_ln_23019,0.7315246675851966
mix_UI_ST_5400_1415,0.0025628241589981953
mix_UI_ST_5400_218,0.0019553716835624697
cauldron_ln_12201,0.8086741614669994
mix_SI_UT_5400_221,0.002637984204905726
cauldron_ln_22418,0.732751393898943
mix_UI_ST_5400_607,0.0011999145708643502
mix_UI_ST_5400_228,0.0021408738015785923
mix_SI_UT_5400_405,0.004287029421726808
mix_UI_ST_5400_882,0.0017352704452087376
cauldron_ln_12261,0.7038104767391905
mix_SI_UT_5400_181,0.002636730199319092
mix_UI_ST_5400_222,0.0024854604813038875
cauldron_ln_20062,0.7797640418004396
cauldron_ln_6613,0.707718323561742
mix_SI_UT_5400_1216,0.002384190618427926
cauldron_ln_25459,0.7644965452784108
mix_UI_ST_5400_96,0.0032231539440577836
mix_SI_UT_5400_424,0.002897431097834116
mix_UI_ST_5400_703,0.0035431761016099955
cauldron_ln_17686,0.7679995029969175
cauldron_ln_14762,0.7420542826893367
mix_UI_ST_5400_1207,0.0028091712431866406
mix_UI_ST_5400_444,0.00201113166874411
cauldron_ln_22081,0.6096562404608715
mix_UI_ST_5400_937,0.00233712086323009
cauldron_ln_6114,0.8674446774989106
cauldron_ln_20165,0.7425192333083491
mix_SI_UT_5400_87,0.002124629222981432
cauldron_ln_12084,0.7246375549046361
cauldron_ln_29534,0.8046562704764402
cauldron_ln_12057,0.7151198846246342
mix_SI_UT_5400_1175,0.002393177512631141
mix_SI_UT_5400_1318,0.002861721079184179
mix_SI_UT_5400_330,0.003040952196415989
cauldron_ln_28234,0.7337121567679303
mix_SI_UT_5400_664,0.002513324577065387
mix_SI_UT_5400_893,0.0028710931195477835
mix_UI_ST_5400_808,0.0018114228272458064
cauldron_ln_18590,0.6638923368455788
mix_UI_ST_5400_37,0.002668174056896028
cauldron_ln_14287,0.682819932450571
mix_SI_UT_5400_1497,0.0043292222969468375
cauldron_ln_14646,0.7639485755562421
mix_UI_ST_5400_312,0.0018767640721958085
mix_UI_ST_5400_58,0.003150021336880871
cauldron_ln_15106,0.8162860261529905
cauldron_ln_28937,0.6806451360222868
cauldron_ln_9068,0.7407397450124101
mix_SI_UT_5400_1311,0.002812267762492662
cauldron_ln_11543,0.7714017330414792
cauldron_ln_10436,0.7264062786639957
mix_UI_ST_5400_154,0.0027482807870557037
mix_UI_ST_5400_996,0.00209672852582626
cauldron_ln_5399,0.7905726937881106
mix_SI_UT_5400_714,0.002312823215327113
cauldron_ln_17677,0.6701945921302503
mix_UI_ST_5400_1206,0.0019431535509785575
cauldron_ln_17744,0.6951572021188771
mix_UI_ST_5400_361,0.004173165254055854
mix_UI_ST_5400_1232,0.0035804828534505275
cauldron_ln_4159,0.766247190784368
mix_SI_UT_5400_1379,0.0026329000239768276
mix_SI_UT_5400_122,0.0022117499102392913
mix_UI_ST_5400_1094,0.001751324722622908
mix_UI_ST_5400_1157,0.002728127552921953
mix_SI_UT_5400_618,0.00409510630742
cauldron_ln_8745,0.6860398350622269
cauldron_ln_17018,0.6569939148436617
cauldron_ln_12142,0.4702765129525937
mix_UI_ST_5400_936,0.001665714269333684
mix_UI_ST_5400_971,0.002141779124550351
mix_UI_ST_5400_223,0.002009077295320606
cauldron_ln_22955,0.7244305496467223
mix_UI_ST_5400_567,0.0025992150768013246
mix_UI_ST_5400_85,0.002914116160496288
cauldron_ln_3120,0.7046969898720419
mix_SI_UT_5400_1214,0.002608959080170317
cauldron_ln_4493,0.5828750278658871
cauldron_ln_2793,0.7437861298174425
cauldron_ln_22121,0.6143731279459392
mix_UI_ST_5400_348,0.002722417614159855
cauldron_ln_17747,0.8115545612925794
cauldron_ln_730,0.7072092718097238
mix_UI_ST_5400_1487,0.0029895105236960166
cauldron_ln_29277,0.6390342198336554
mix_SI_UT_5400_876,0.001997090790314129
mix_UI_ST_5400_488,0.0026722385419929145
cauldron_ln_18272,0.692876859090129
cauldron_ln_9694,0.5862982204129822
cauldron_ln_13224,0.8176619622991266
cauldron_ln_23804,0.7710294042958207
cauldron_ln_10404,0.7471797488649513
cauldron_ln_21419,0.7210073581998705
mix_SI_UT_5400_1377,0.0026594053551135806
mix_UI_ST_5400_838,0.0025352669214451003
mix_UI_ST_5400_818,0.0024235134594476136
cauldron_ln_23068,0.7174725424000744
cauldron_ln_26121,0.7621701618177558
mix_SI_UT_5400_261,0.002492154708425898
cauldron_ln_22032,0.7453932382549201
cauldron_ln_13097,0.8396790406249852
cauldron_ln_9075,0.7531314709345185
mix_UI_ST_5400_122,0.002276778748475469
mix_SI_UT_5400_660,0.0032283903555292725
cauldron_ln_4488,0.7317675803966769
cauldron_ln_15005,0.6482390633850236
cauldron_ln_13020,0.7479932420634918
cauldron_ln_23208,0.6899498349713533
cauldron_ln_19173,0.7531572629497434
mix_SI_UT_5400_1277,0.0029634124950417115
cauldron_ln_20865,0.699897165739404
mix_SI_UT_5400_707,0.001176049999779484
mix_SI_UT_5400_722,0.0018421981635617036
mix_SI_UT_5400_595,0.002601835857469177
mix_SI_UT_5400_1283,0.0029686088800406755
cauldron_ln_15404,0.6836157012267289
mix_UI_ST_5400_1346,0.0029767731560773484
cauldron_ln_24589,0.7654143697630187
cauldron_ln_3273,0.7346865980479346
cauldron_ln_21894,0.7826022509529231
mix_SI_UT_5400_698,0.0020323357762425053
cauldron_ln_1926,0.7088852202186646
mix_SI_UT_5400_1137,0.0012581243443594624
mix_SI_UT_5400_562,0.0022462118538155037
cauldron_ln_8737,0.7336875100641431
cauldron_ln_23765,0.6687170256058457
cauldron_ln_15423,0.6300818141063871
mix_UI_ST_5400_463,0.0015818594475462495
cauldron_ln_9152,0.6980675416972335
cauldron_ln_25713,0.7071296507112228
mix_UI_ST_5400_1340,0.0012628880802798912
mix_SI_UT_5400_1046,0.0025633167321056356
cauldron_ln_29737,0.6969556217989291
cauldron_ln_19616,0.7349486029818926
mix_UI_ST_5400_401,0.001405253500868038
cauldron_ln_29855,0.8233066709482789
mix_UI_ST_5400_293,0.0025140741999607435
mix_UI_ST_5400_152,0.002551778533307245
cauldron_ln_4566,0.6503155085202843
cauldron_ln_26149,0.6011575566211217
cauldron_ln_3121,0.671596182545217
mix_UI_ST_5400_467,0.002492162188226564
cauldron_ln_783,0.46039165113390673
mix_SI_UT_5400_908,0.0026668590721110204
mix_UI_ST_5400_1122,0.0023220731001872817
mix_SI_UT_5400_1303,0.0033032349972744973
cauldron_ln_8140,0.7197837355401537
mix_SI_UT_5400_1239,0.002403246720612463
cauldron_ln_16842,0.7407766922745932
cauldron_ln_8211,0.6544658580055527
cauldron_ln_10395,0.7718153644376275
cauldron_ln_27965,0.6648111195508956
mix_SI_UT_5400_260,0.002115702534095559
mix_UI_ST_5400_754,0.002534458602275278
mix_UI_ST_5400_553,0.001689333101680084
cauldron_ln_18735,0.815357833682443
mix_SI_UT_5400_1407,0.002790049836607
mix_SI_UT_5400_1384,0.003065840328465104
cauldron_ln_11923,0.5777477080963938
mix_UI_ST_5400_964,0.0021499873540134517
cauldron_ln_17263,0.8312080378068127
cauldron_ln_26409,0.6136894068239871
cauldron_ln_19755,0.4724924554965625
cauldron_ln_29941,0.7210341442888069
cauldron_ln_18758,0.6910576287413102
mix_UI_ST_5400_303,0.0013997259556213413
mix_UI_ST_5400_549,0.002381751094367833
mix_SI_UT_5400_1344,0.002725609848628063
mix_UI_ST_5400_1221,0.0027848810355844264
cauldron_ln_11219,0.6910633066442814
cauldron_ln_804,0.7595342470583593
mix_SI_UT_5400_924,0.002723373466826975
mix_UI_ST_5400_266,0.0023595835695303176
mix_SI_UT_5400_897,0.001852357121323887
cauldron_ln_14526,0.7405751341148878
mix_SI_UT_5400_431,0.0024975902729565407
cauldron_ln_24533,0.7670159845858165
mix_SI_UT_5400_298,0.0026898701583188615
mix_SI_UT_5400_1304,0.002072486477919211
cauldron_ln_12514,0.8208873340183943
mix_SI_UT_5400_1250,0.002201190011424666
mix_SI_UT_5400_560,0.0017981275271856411
cauldron_ln_6322,0.7126151825464091
cauldron_ln_7000,0.646844827841449
cauldron_ln_26584,0.7893138965595893
cauldron_ln_9776,0.7445420929739777
mix_UI_ST_5400_805,0.0012216845027614067
mix_UI_ST_5400_594,0.0016995765918009747
cauldron_ln_10902,0.7101076054456389
cauldron_ln_7101,0.8218520524182684
mix_SI_UT_5400_942,0.0017250808685161888
cauldron_ln_16806,0.7935961933773755
cauldron_ln_8162,0.7818105487012698
cauldron_ln_2732,0.697961292264913
cauldron_ln_15859,0.5151116750947509
mix_UI_ST_5400_1124,0.0025880372812319297
cauldron_ln_20975,0.5959269405628409
mix_UI_ST_5400_1397,0.0027388371937398658
mix_SI_UT_5400_434,0.001962498097238524
mix_SI_UT_5400_1166,0.002092969539631453
cauldron_ln_17249,0.7910253343441886
mix_SI_UT_5400_126,0.002139789039203193
cauldron_ln_20032,0.7852070974101515
mix_UI_ST_5400_220,0.0015400383782232382
mix_SI_UT_5400_326,0.002719001750879198
mix_SI_UT_5400_836,0.002207038965855074
cauldron_ln_20845,0.667720835160381
cauldron_ln_19643,0.8129883885455981
mix_UI_ST_5400_679,0.0022888761518369597
cauldron_ln_13175,0.7171723009230827
mix_SI_UT_5400_565,0.002057198371109285
cauldron_ln_28208,0.7285211916727128
cauldron_ln_20628,0.7469564677812928
mix_SI_UT_5400_295,0.0026794020927385577
mix_UI_ST_5400_208,0.0027183554313280913
mix_SI_UT_5400_758,0.0015952583725744169
mix_UI_ST_5400_1213,0.0017600752502809293
mix_SI_UT_5400_739,0.002657149649065137
mix_SI_UT_5400_1360,0.0022819542256143355
cauldron_ln_12098,0.761888127444477
mix_UI_ST_5400_279,0.0023105270282527328
mix_SI_UT_5400_733,0.003676056470652052
cauldron_ln_23299,0.6886064215309836
cauldron_ln_12530,0.7549996929865387
mix_SI_UT_5400_614,0.0029642480086729153
cauldron_ln_7503,0.6753713832501903
cauldron_ln_17327,0.7602412130929314
mix_UI_ST_5400_1460,0.004269284166657177
cauldron_ln_278,0.6005579558144467
cauldron_ln_23239,0.6780797239658068
mix_UI_ST_5400_582,0.003017824143153053
mix_SI_UT_5400_665,0.002106094799309153
mix_SI_UT_5400_33,0.0013158711227870797
cauldron_ln_9233,0.836651284381292
mix_UI_ST_5400_1398,0.0014065094867604215
cauldron_ln_15255,0.8254190079867546
cauldron_ln_26580,0.7244275137719105
mix_UI_ST_5400_93,0.00215263771344626
mix_UI_ST_5400_902,0.0026292346506871186
mix_SI_UT_5400_26,0.002256909020873244
mix_UI_ST_5400_294,0.0021241188027237867
mix_SI_UT_5400_736,0.003846302416180081
cauldron_ln_8388,0.5044954098078656
mix_SI_UT_5400_620,0.0015209725782390174
mix_UI_ST_5400_252,0.0019070457074390507
cauldron_ln_19102,0.6249475817932876
cauldron_ln_2280,0.6587361088162745
cauldron_ln_18189,0.5899498912151636
mix_UI_ST_5400_55,0.0029979136926280635
cauldron_ln_4853,0.6801250272465377
cauldron_ln_15866,0.8422134691098461
mix_SI_UT_5400_667,0.0020533334219186177
cauldron_ln_27719,0.7331426932598182
mix_UI_ST_5400_612,0.002405134334525929
mix_SI_UT_5400_1298,0.0036880972935105206
cauldron_ln_2287,0.5434530418910241
cauldron_ln_17282,0.7670782451607439
mix_SI_UT_5400_685,0.0016191881457092172
mix_UI_ST_5400_541,0.0018558422597993024
cauldron_ln_8711,0.8114863051237722
mix_UI_ST_5400_1432,0.0023128022266027883
mix_UI_ST_5400_1382,0.0019952006369014477
mix_SI_UT_5400_1115,0.0015787770959965334
cauldron_ln_13196,0.7566322701856931
mix_UI_ST_5400_185,0.0021222032889404957
cauldron_ln_7583,0.7413544091420524
cauldron_ln_10496,0.6657523577304435
cauldron_ln_617,0.5996495680055783
mix_UI_ST_5400_161,0.0027826367382149217
mix_UI_ST_5400_761,0.002527257309491247
cauldron_ln_14842,0.7869117481136582
mix_UI_ST_5400_1250,0.0036617477126398156
cauldron_ln_7212,0.8214601453933589
cauldron_ln_14656,0.7608893110138204
cauldron_ln_7924,0.7529582600974785
mix_SI_UT_5400_699,0.0024974545720635346
mix_SI_UT_5400_436,0.0016927193389758366
cauldron_ln_19825,0.7481725731777842
mix_UI_ST_5400_504,0.002472523229062001
cauldron_ln_19005,0.6572152403078562
cauldron_ln_7454,0.8049158980004899
mix_UI_ST_5400_535,0.002066671311210734
cauldron_ln_10326,0.7583557957527987
cauldron_ln_12254,0.7010982407511241
mix_SI_UT_5400_935,0.0026375456117088496
mix_UI_ST_5400_1199,0.0017090107276220051
cauldron_ln_14377,0.7072413791960441
mix_SI_UT_5400_342,0.001609431015409689
mix_UI_ST_5400_683,0.00213640832537127
mix_SI_UT_5400_430,0.001836544093853294
cauldron_ln_28229,0.7653128292722101
mix_UI_ST_5400_1231,0.001553966995799166
mix_UI_ST_5400_1299,0.0017267936211613196
mix_SI_UT_5400_857,0.002495931901343263
mix_UI_ST_5400_441,0.0023375486655594943
mix_SI_UT_5400_543,0.0019164081792856988
mix_SI_UT_5400_1069,0.0019113857300110026
mix_SI_UT_5400_1052,0.0015394598029658674
mix_UI_ST_5400_649,0.002564048125067046
mix_SI_UT_5400_608,0.0022472108796310676
cauldron_ln_14130,0.7144095666324632
mix_SI_UT_5400_940,0.002738386481463602
mix_UI_ST_5400_212,0.002115164863672387
mix_UI_ST_5400_1141,0.002115507770210655
mix_UI_ST_5400_741,0.003256255289711422
mix_SI_UT_5400_828,0.0026133688104781378
cauldron_ln_4509,0.6764333214665661
mix_SI_UT_5400_134,0.0022440321745701426
cauldron_ln_18419,0.6715312067906523
mix_SI_UT_5400_204,0.001986406474510329
cauldron_ln_27468,0.687668213442568
cauldron_ln_226,0.6889446878083251
mix_UI_ST_5400_1025,0.0024361933481658903
mix_SI_UT_5400_716,0.0030384809789396733
cauldron_ln_15743,0.6798890468048783
mix_UI_ST_5400_1056,0.002642066018912761
mix_SI_UT_5400_793,0.0020228221945229525
cauldron_ln_3064,0.6770648702061809
mix_SI_UT_5400_1015,0.0023500008582757873
mix_UI_ST_5400_748,0.002323446861015015
cauldron_ln_5547,0.5817310881687026
mix_SI_UT_5400_862,0.002468900945164249
cauldron_ln_11313,0.7490259293653396
mix_UI_ST_5400_1327,0.002208439900255464
mix_UI_ST_5400_1021,0.0030765164827531943
mix_UI_ST_5400_367,0.002749803354093199
cauldron_ln_17980,0.7227820522203757
mix_UI_ST_5400_378,0.0019416430519488628
mix_SI_UT_5400_238,0.002667369505223324
cauldron_ln_8671,0.7074107831855997
cauldron_ln_11814,0.6850557404673312
cauldron_ln_19722,0.8012988784710595
cauldron_ln_24194,0.7874740042610907
cauldron_ln_10608,0.6547206128475659
cauldron_ln_2292,0.564129625106925
cauldron_ln_579,0.7620472645822464
mix_SI_UT_5400_292,0.0019997486056526153
mix_SI_UT_5400_1376,0.002168508328262418
cauldron_ln_6332,0.7102990731310324
cauldron_ln_23111,0.7538337363045787
mix_UI_ST_5400_329,0.001769282169407192
cauldron_ln_11130,0.7331389232593744
cauldron_ln_12886,0.7885620196646198
cauldron_ln_25394,0.6651331288840471
cauldron_ln_23734,0.7281566521665062
cauldron_ln_549,0.7711722470463044
mix_SI_UT_5400_504,0.002413133714197561
mix_UI_ST_5400_48,0.0012779243426408935
mix_UI_ST_5400_180,0.0031902485961541383
mix_SI_UT_5400_867,0.0016274342425630852
cauldron_ln_7519,0.761824679738387
mix_UI_ST_5400_658,0.002742494681345951
cauldron_ln_28961,0.7564657435322729
mix_SI_UT_5400_257,0.0020965515652035
cauldron_ln_4877,0.509378788865877
mix_SI_UT_5400_70,0.0020960386810975075
mix_UI_ST_5400_1067,0.0024296477877997712
cauldron_ln_5180,0.7023067587235473
cauldron_ln_14553,0.6652982821352034
mix_UI_ST_5400_229,0.002802748688363921
cauldron_ln_3857,0.7514731237645041
cauldron_ln_22582,0.742604238280662
mix_SI_UT_5400_455,0.001607930087174018
cauldron_ln_23335,0.7003232793848095
cauldron_ln_21873,0.7299479135947592
mix_SI_UT_5400_681,0.0035634161391677396
mix_UI_ST_5400_1246,0.0018774257016848594
cauldron_ln_18153,0.8382431680888874
cauldron_ln_13185,0.6557816492461952
cauldron_ln_22572,0.6588518350358924
cauldron_ln_11930,0.6916902129077744
mix_UI_ST_5400_724,0.002188553559252995
cauldron_ln_6146,0.7551222235339409
mix_UI_ST_5400_1484,0.002542790871952891
cauldron_ln_7131,0.5826403084167292
cauldron_ln_17082,0.7072651837938809
mix_UI_ST_5400_857,0.0020607580150308045
cauldron_ln_10088,0.7377717402831171
cauldron_ln_20,0.524932720616297
cauldron_ln_17378,0.7393192138883188
mix_UI_ST_5400_1108,0.00416600867183507
mix_SI_UT_5400_849,0.00279501176455762
mix_UI_ST_5400_276,0.002557690327160188
mix_UI_ST_5400_733,0.0024036472528471122
mix_SI_UT_5400_1471,0.0035515868206482913
mix_UI_ST_5400_160,0.003170222295530332
mix_UI_ST_5400_248,0.002293024497072239
mix_UI_ST_5400_1077,0.002654876724690314
cauldron_ln_8419,0.8053532590936603
cauldron_ln_10618,0.7644768695464429
mix_UI_ST_5400_653,0.002538155472567762
cauldron_ln_11161,0.7253069006078309
mix_SI_UT_5400_854,0.002111953768324224
cauldron_ln_7483,0.7421987928045909
cauldron_ln_1950,0.6529766458919354
mix_UI_ST_5400_1145,0.00260294188915635
cauldron_ln_3949,0.7625353147091569
mix_SI_UT_5400_1101,0.0026068443083927468
cauldron_ln_19357,0.7506464339229082
mix_UI_ST_5400_349,0.002646313400611547
cauldron_ln_8293,0.7333196716326486
mix_SI_UT_5400_385,0.0019610087474550473
mix_UI_ST_5400_793,0.0016100342047236768
cauldron_ln_26692,0.8159526279322868
mix_UI_ST_5400_1208,0.0016761306806924153
cauldron_ln_12082,0.7742063022013881
mix_UI_ST_5400_999,0.0028895163357543015
cauldron_ln_26698,0.7681690372028375
cauldron_ln_2232,0.7923005076043154
mix_SI_UT_5400_874,0.0023912305580645644
mix_UI_ST_5400_524,0.0016048852870830298
cauldron_ln_4997,0.6684796636241056
mix_SI_UT_5400_726,0.0015665462534214653
mix_SI_UT_5400_34,0.002174551328025994
mix_UI_ST_5400_1225,0.004011756996458543
cauldron_ln_19681,0.7437442813921461
mix_SI_UT_5400_558,0.0014284621010888954
mix_SI_UT_5400_1402,0.0030603065331765455
mix_SI_UT_5400_439,0.0029128528681215166
mix_SI_UT_5400_1174,0.0018280539471042744
cauldron_ln_12748,0.7455194500742335
cauldron_ln_21006,0.7115880904273589
cauldron_ln_23999,0.7690845858868489
mix_SI_UT_5400_182,0.002236359904657166
cauldron_ln_8117,0.7990197180753411
mix_UI_ST_5400_1401,0.002739044621887439
mix_UI_ST_5400_1192,0.0022246040691550383
cauldron_ln_1175,0.6830330231288728
cauldron_ln_15358,0.7020577379286791
cauldron_ln_16952,0.628451984124876
mix_SI_UT_5400_1409,0.0019537733269082507
mix_UI_ST_5400_239,0.002230933350881576
mix_UI_ST_5400_531,0.001849093178358775
cauldron_ln_1204,0.587116710268473
mix_SI_UT_5400_1255,0.0023386024342141516
cauldron_ln_14922,0.7554337604660697
mix_SI_UT_5400_1381,0.0026519024404358794
mix_UI_ST_5400_1498,0.002600287564838546
mix_SI_UT_5400_1008,0.0030200843191357505
mix_UI_ST_5400_512,0.001549253120778065
mix_UI_ST_5400_1234,0.0023683249097335127
mix_SI_UT_5400_1441,0.002530348811979582
mix_UI_ST_5400_1408,0.002130689352320517
mix_SI_UT_5400_1240,0.00140466442402457
cauldron_ln_16567,0.8025440984716984
mix_UI_ST_5400_1265,0.002958732626134866
mix_UI_ST_5400_12,0.0021807499526010437
cauldron_ln_25437,0.625945570171978
cauldron_ln_14719,0.7409502831892784
mix_SI_UT_5400_340,0.0015360415532739522
mix_UI_ST_5400_988,0.0013792753783400018
mix_SI_UT_5400_21,0.0022650991654464205
cauldron_ln_3141,0.6257766013152907
cauldron_ln_2644,0.7640210250125518
mix_SI_UT_5400_693,0.0013813332559194087
mix_SI_UT_5400_419,0.0024265505409167853
mix_SI_UT_5400_1086,0.0018819936295606757
mix_UI_ST_5400_820,0.0015231176620100404
mix_SI_UT_5400_445,0.0021699894971700675
mix_UI_ST_5400_1255,0.0018439416482224468
mix_SI_UT_5400_872,0.0018748513443550086
cauldron_ln_2233,0.7129523290832279
cauldron_ln_21324,0.7610949253611784
cauldron_ln_25774,0.6755002140123693
mix_UI_ST_5400_737,0.001985886448039102
cauldron_ln_7380,0.7543135158232848
cauldron_ln_17772,0.7717925925662197
mix_UI_ST_5400_1031,0.0024830171655412354
cauldron_ln_15824,0.7640219035064718
cauldron_ln_25877,0.5644582879768094
mix_UI_ST_5400_1189,0.0033644729972598835
cauldron_ln_503,0.7169346176384981
mix_UI_ST_5400_30,0.001549727320763363
mix_SI_UT_5400_1090,0.001650722065216526
mix_UI_ST_5400_233,0.002500409539938893
mix_UI_ST_5400_1099,0.00243553451947777
cauldron_ln_19104,0.7555394603128304
mix_SI_UT_5400_144,0.00271285725717281
mix_UI_ST_5400_739,0.002021828067909659
mix_SI_UT_5400_1061,0.002373611377724143
mix_SI_UT_5400_336,0.0021574384405530383
mix_UI_ST_5400_150,0.002544976627580919
mix_SI_UT_5400_813,0.002302996914428222
cauldron_ln_12105,0.7937975070241987
cauldron_ln_15639,0.6812814702135626
cauldron_ln_26995,0.7320561464492901
mix_UI_ST_5400_1442,0.0021448839364978677
cauldron_ln_15908,0.5465719984918075
mix_UI_ST_5400_752,0.0019155901279503723
cauldron_ln_2879,0.7236171179479018
cauldron_ln_3463,0.6373097943123018
mix_SI_UT_5400_406,0.0024296300209821014
mix_UI_ST_5400_251,0.0021415010713940344
mix_UI_ST_5400_626,0.0022265725272877846
cauldron_ln_25187,0.7914822028807377
mix_SI_UT_5400_1138,0.0033710116039761965
cauldron_ln_9383,0.6844734707319807
cauldron_ln_26538,0.738397290187123
cauldron_ln_5401,0.8179257257343843
cauldron_ln_19525,0.7240031322753737
cauldron_ln_15253,0.7992153879378859
mix_SI_UT_5400_469,0.0027495198727387053
mix_SI_UT_5400_1466,0.002843997325525284
mix_UI_ST_5400_305,0.002291858417280704
cauldron_ln_19569,0.6449968197903623
cauldron_ln_1288,0.7632737092031325
mix_SI_UT_5400_1478,0.002447318981756492
mix_UI_ST_5400_1194,0.002279637108333748
cauldron_ln_27393,0.7884180060036331
cauldron_ln_20284,0.7196833004104998
cauldron_ln_18826,0.7549380664901809
mix_UI_ST_5400_540,0.001912701617046473
cauldron_ln_1929,0.8130652931909238
mix_UI_ST_5400_944,0.002718449180122167
cauldron_ln_11632,0.5284770390028114
cauldron_ln_8504,0.7327106433557417
mix_UI_ST_5400_500,0.0028018078511935084
cauldron_ln_4126,0.6657374493699464
cauldron_ln_14120,0.7878488383701288
mix_SI_UT_5400_391,0.0020340138602969672
mix_UI_ST_5400_435,0.0031143292326684512
cauldron_ln_24721,0.7309323093022714
mix_UI_ST_5400_1065,0.00122243080419414
mix_SI_UT_5400_335,0.0017091542886319834
mix_UI_ST_5400_766,0.001937070542468223
mix_SI_UT_5400_525,0.0019042091743465257
cauldron_ln_18260,0.683624945407505
mix_SI_UT_5400_1477,0.0023334890318356502
cauldron_ln_14036,0.8069035334531034
cauldron_ln_20104,0.7518366573720867
mix_SI_UT_5400_226,0.0025269492050296097
cauldron_ln_5414,0.7025834852658887
cauldron_ln_27037,0.7560246174061409
cauldron_ln_24239,0.7918472270650705
mix_UI_ST_5400_427,0.003538846472824304
cauldron_ln_19371,0.7030096113909704
mix_SI_UT_5400_1204,0.0024982160217310446
cauldron_ln_17052,0.8187028022432045
mix_UI_ST_5400_112,0.0027511300500363232
cauldron_ln_4146,0.7385306051057732
mix_SI_UT_5400_1065,0.0028695647384523585
cauldron_ln_22957,0.668728329825949
cauldron_ln_696,0.7175590319470668
cauldron_ln_5478,0.7885232101036191
cauldron_ln_21933,0.6096101628186368
cauldron_ln_24256,0.7137105973907629
mix_UI_ST_5400_447,0.0017183123356825747
cauldron_ln_20151,0.7662667661041292
mix_UI_ST_5400_335,0.0023501017126538095
cauldron_ln_6632,0.6613569998671355
mix_SI_UT_5400_1103,0.002383168215907217
cauldron_ln_118,0.6439362029550711
mix_SI_UT_5400_1180,0.00147515812911464
cauldron_ln_27674,0.7777096390253563
mix_SI_UT_5400_673,0.002670019876861144
cauldron_ln_10939,0.6724345550211746
mix_SI_UT_5400_36,0.002141687621919943
mix_SI_UT_5400_156,0.0019538824717897346
mix_SI_UT_5400_969,0.002598008276870176
mix_UI_ST_5400_4,0.0021380995111952824
cauldron_ln_28684,0.7338693399101778
cauldron_ln_9023,0.8099431133865478
cauldron_ln_17055,0.6723727779092177
mix_SI_UT_5400_978,0.0019304965153834994
cauldron_ln_10816,0.7459134680210269
cauldron_ln_28291,0.8004513992698885
mix_UI_ST_5400_560,0.0023785955136878087
cauldron_ln_23455,0.7967417437591502
mix_UI_ST_5400_779,0.0029886069516394487
cauldron_ln_15755,0.5330333217353221
mix_SI_UT_5400_218,0.00214972652408166
cauldron_ln_5683,0.7289217057070595
cauldron_ln_2669,0.6407615903974831
cauldron_ln_22045,0.6539508941211054
cauldron_ln_26360,0.728935063140048
mix_UI_ST_5400_1019,0.003123852358354214
mix_UI_ST_5400_554,0.0018234724644674647
cauldron_ln_28107,0.7792970342460004
mix_UI_ST_5400_1223,0.002437665112651537
cauldron_ln_20051,0.7217130102738107
cauldron_ln_11953,0.708618780711302
cauldron_ln_18517,0.6205313346984047
cauldron_ln_53,0.5364997987204051
mix_UI_ST_5400_1319,0.002965883906899914
mix_UI_ST_5400_692,0.0021102305119862974
cauldron_ln_20319,0.7205712295491811
mix_UI_ST_5400_660,0.002533325949137757
mix_UI_ST_5400_129,0.002617211367913625
mix_SI_UT_5400_537,0.0013297302090361598
cauldron_ln_4878,0.7618703925387383
mix_UI_ST_5400_94,0.0017956972119714555
mix_SI_UT_5400_641,0.0029801946349309
cauldron_ln_16133,0.7596161762098982
cauldron_ln_19962,0.7640170045442072
cauldron_ln_20502,0.7043233285384731
mix_UI_ST_5400_482,0.002698969116114518
cauldron_ln_10387,0.709677723783102
cauldron_ln_19445,0.7704436207944803
mix_UI_ST_5400_581,0.0024646178931952926
cauldron_ln_28455,0.7168223909389644
cauldron_ln_14128,0.7657330434612244
mix_SI_UT_5400_585,0.002671054629493001
cauldron_ln_12,0.7355142847982139
mix_UI_ST_5400_499,0.0014151640159222963
mix_UI_ST_5400_52,0.0018965178040261444
cauldron_ln_11576,0.7662345467123785
mix_UI_ST_5400_1239,0.002080146679867606
cauldron_ln_25886,0.7559996046871846
cauldron_ln_17351,0.7614756540320824
cauldron_ln_23113,0.7420736258116815
cauldron_ln_17624,0.8415759478758429
mix_SI_UT_5400_748,0.002324093859461487
cauldron_ln_29672,0.6660551018804787
mix_SI_UT_5400_923,0.0009808995725716688
cauldron_ln_24844,0.7226309639539507
mix_SI_UT_5400_1452,0.0024008874879594276
mix_UI_ST_5400_45,0.0026298256628229364
cauldron_ln_29878,0.7826906368517997
cauldron_ln_8161,0.6013482045975413
mix_UI_ST_5400_360,0.0021461360740194575
cauldron_ln_17838,0.7869691927542062
cauldron_ln_7617,0.7153209366528056
mix_SI_UT_5400_1289,0.0030001933742448204
mix_SI_UT_5400_790,0.002537146480271858
mix_SI_UT_5400_919,0.0022070925404970984
mix_UI_ST_5400_1237,0.0028749820035765005
mix_SI_UT_5400_651,0.0028417778489820346
mix_UI_ST_5400_655,0.002304608888925806
mix_SI_UT_5400_1168,0.0024254242317402765
cauldron_ln_15858,0.6932616750954487
cauldron_ln_23974,0.5252065416726557
mix_UI_ST_5400_918,0.00324908773669928
cauldron_ln_9670,0.7853306036030705
mix_SI_UT_5400_948,0.002416572963498942
cauldron_ln_18940,0.8053673128413791
cauldron_ln_15010,0.7606593232491613
cauldron_ln_4564,0.7749556052312894
cauldron_ln_14404,0.7216528703622752
cauldron_ln_22353,0.7262398570447062
cauldron_ln_5155,0.7425177674515706
mix_UI_ST_5400_1331,0.0022696818178594793
mix_SI_UT_5400_671,0.003495292721593428
cauldron_ln_9455,0.7784483170945836
cauldron_ln_11427,0.7586770428697455
cauldron_ln_19713,0.7498638093074221
mix_SI_UT_5400_408,0.002624332136620802
mix_SI_UT_5400_792,0.002235081556905895
mix_SI_UT_5400_1238,0.003282913606338707
mix_UI_ST_5400_714,0.0024075963327532817
cauldron_ln_8834,0.6831872127661789
cauldron_ln_21944,0.7446467711165397
mix_SI_UT_5400_1450,0.0026200675724337157
mix_UI_ST_5400_1143,0.0026166895429443173
cauldron_ln_10045,0.5716465273099345
mix_UI_ST_5400_387,0.0015366501423398134
cauldron_ln_11657,0.7275946191575318
cauldron_ln_9358,0.6533746975974394
mix_SI_UT_5400_92,0.0026520394385210195
cauldron_ln_26416,0.7033576717585751
mix_SI_UT_5400_1410,0.0026217455957846217
cauldron_ln_14413,0.8645710572683047
mix_SI_UT_5400_107,0.002259080296621099
cauldron_ln_13566,0.7236985030986713
cauldron_ln_28071,0.6549067061906805
mix_SI_UT_5400_579,0.0027105456220680624
mix_UI_ST_5400_31,0.002208623223895537
cauldron_ln_2470,0.7822588524164162
mix_SI_UT_5400_574,0.0018547197678812786
cauldron_ln_11177,0.709876218145962
cauldron_ln_12571,0.7033993473224267
cauldron_ln_18766,0.7408766008631835
mix_UI_ST_5400_899,0.00263556581121439
mix_UI_ST_5400_792,0.0024478334431438354
mix_UI_ST_5400_785,0.0019435144380176577
cauldron_ln_24175,0.6410437668288004
mix_UI_ST_5400_1226,0.002088065852704229
mix_UI_ST_5400_578,0.002257527508832385
cauldron_ln_26611,0.7788993384311629
cauldron_ln_2126,0.652614481319188
cauldron_ln_749,0.6647942222356449
mix_SI_UT_5400_119,0.001614477202489751
cauldron_ln_19477,0.7939508493377068
cauldron_ln_24211,0.7440677760587824
mix_SI_UT_5400_17,0.0014043118000172138
cauldron_ln_25331,0.7919879008212392
cauldron_ln_25151,0.73021514473608
mix_UI_ST_5400_545,0.002995948903294968
mix_UI_ST_5400_784,0.002353875762699449
mix_UI_ST_5400_840,0.0015936401035650965
cauldron_ln_18368,0.6966839349133587
mix_SI_UT_5400_1485,0.0016730004019173995
cauldron_ln_334,0.5273716265609171
cauldron_ln_22940,0.7572281597807231
cauldron_ln_27311,0.6337832017585759
cauldron_ln_29375,0.7704646852548168
mix_SI_UT_5400_1071,0.0021377435264467023
cauldron_ln_21790,0.7093465849582901
mix_UI_ST_5400_67,0.00229801419659646
mix_UI_ST_5400_1198,0.002243072280635478
cauldron_ln_25505,0.7065919675538254
cauldron_ln_28981,0.6871626780962298
mix_UI_ST_5400_302,0.002553271216695196
mix_UI_ST_5400_790,0.001588183340246999
mix_SI_UT_5400_1369,0.001941073966704323
cauldron_ln_13110,0.7402648292718771
mix_SI_UT_5400_1490,0.0020769050755922998
cauldron_ln_26330,0.6336407341760054
cauldron_ln_18480,0.5706206821772674
cauldron_ln_1097,0.6943917102206457
cauldron_ln_13875,0.7200291178324704
cauldron_ln_19327,0.720890082136997
mix_UI_ST_5400_843,0.00160906878727125
mix_UI_ST_5400_1044,0.0036853555793215803
mix_UI_ST_5400_44,0.0019574110163528154
mix_SI_UT_5400_172,0.0016201692822138873
mix_UI_ST_5400_847,0.0029970779789689327
mix_UI_ST_5400_2,0.0023038628199529977
mix_SI_UT_5400_468,0.0032458621098091054
mix_SI_UT_5400_873,0.002790674053366128
mix_SI_UT_5400_840,0.0028258751884146535
mix_UI_ST_5400_1474,0.002802029410598052
mix_UI_ST_5400_21,0.0015449062502526617
mix_UI_ST_5400_431,0.0027485504616202934
cauldron_ln_20097,0.7112571284352419
cauldron_ln_4376,0.625932817011074
mix_SI_UT_5400_1427,0.0025164591418024044
mix_UI_ST_5400_687,0.0024500828205757997
mix_SI_UT_5400_1284,0.0028821919288639854
mix_UI_ST_5400_981,0.002437111399409058
cauldron_ln_11983,0.7449500896508813
mix_SI_UT_5400_331,0.0023231017128805286
cauldron_ln_22164,0.5401262842023341
cauldron_ln_20479,0.65861253354968
mix_SI_UT_5400_57,0.0025616448215643986
cauldron_ln_13765,0.7687614746065071
cauldron_ln_2757,0.7973428961965452
mix_SI_UT_5400_1169,0.003508915166767093
cauldron_ln_21667,0.5534180941127539
cauldron_ln_10895,0.7421154449228914
mix_UI_ST_5400_285,0.0016261866730640456
mix_SI_UT_5400_467,0.002061011786277171
cauldron_ln_11370,0.7759395400375128
cauldron_ln_21980,0.7962374416859848
cauldron_ln_29634,0.6466945359755393
mix_UI_ST_5400_1083,0.0019222430188447412
mix_SI_UT_5400_1243,0.0018874954550764614
mix_UI_ST_5400_1102,0.0033636046927476475
mix_UI_ST_5400_1469,0.002597797859588568
cauldron_ln_19184,0.7671418991026693
cauldron_ln_11820,0.8086617623969808
cauldron_ln_2144,0.7130094629870579
cauldron_ln_5882,0.612987392333523
mix_SI_UT_5400_1329,0.0014765078108219135
mix_SI_UT_5400_856,0.002347599136936209
mix_SI_UT_5400_587,0.00232350855920874
mix_SI_UT_5400_1105,0.0019243294358965695
mix_UI_ST_5400_61,0.0029153569389215686
cauldron_ln_27899,0.7811314897402182
mix_UI_ST_5400_5,0.0011746262108892293
mix_UI_ST_5400_1060,0.0023688549333645
cauldron_ln_27053,0.7588473161097852
mix_SI_UT_5400_1327,0.001828723830295728
mix_UI_ST_5400_1054,0.002248610475005139
mix_UI_ST_5400_1276,0.0018719230546868119
cauldron_ln_7919,0.7399893939514024
cauldron_ln_9133,0.6191840900992385
mix_SI_UT_5400_884,0.0024975338448094083
mix_UI_ST_5400_10,0.0028790232445658087
mix_UI_ST_5400_534,0.0021403008710425084
mix_UI_ST_5400_837,0.002222489665387696
cauldron_ln_6416,0.6718875395862165
cauldron_ln_20460,0.6508185319364063
cauldron_ln_10373,0.7092583091525567
mix_UI_ST_5400_774,0.001987904257541108
mix_SI_UT_5400_638,0.0022490979792556313
mix_UI_ST_5400_1334,0.0021968949228833626
cauldron_ln_27783,0.5752489010339111
cauldron_ln_8996,0.7462135802832772
cauldron_ln_27574,0.5696039556412463
mix_SI_UT_5400_1332,0.0027753173229419794
cauldron_ln_2167,0.7094920463757196
mix_SI_UT_5400_1425,0.0030646754174509954
mix_UI_ST_5400_359,0.003952517013301485
mix_UI_ST_5400_806,0.0016115079866299948
mix_UI_ST_5400_263,0.002212904523207248
cauldron_ln_11924,0.6479995538432884
cauldron_ln_24266,0.7819315182111033
cauldron_ln_6729,0.6726717830710723
mix_SI_UT_5400_604,0.0011359870874439943
mix_SI_UT_5400_916,0.0026519111737677427
cauldron_ln_25080,0.7928369477118001
mix_SI_UT_5400_847,0.002133329439429315
mix_SI_UT_5400_1036,0.0025974705587011927
cauldron_ln_2975,0.6872958524892279
mix_SI_UT_5400_1206,0.0013398408599201485
mix_SI_UT_5400_509,0.002062337409137555
cauldron_ln_15790,0.7450823631995324
cauldron_ln_93,0.6947615899087876
mix_SI_UT_5400_1009,0.002488533326398173
cauldron_ln_20364,0.7353770597049066
mix_UI_ST_5400_1491,0.004018660552033517
mix_UI_ST_5400_1248,0.0017218861685273715
mix_SI_UT_5400_201,0.0017488827052071795
cauldron_ln_17571,0.7868053053570809
cauldron_ln_5774,0.6726326683860441
mix_UI_ST_5400_691,0.0022863948830684935
cauldron_ln_21600,0.6376880479217505
cauldron_ln_20619,0.703474199524571
mix_SI_UT_5400_825,0.0019115254003061843
mix_UI_ST_5400_274,0.0014941945962623257
mix_UI_ST_5400_846,0.0030887866210092055
mix_UI_ST_5400_380,0.003216087374734684
cauldron_ln_3346,0.5701887345098254
cauldron_ln_2430,0.7776780853026766
cauldron_ln_10798,0.7526946447587103
mix_UI_ST_5400_1166,0.003335273905145874
cauldron_ln_7841,0.6713037528266546
cauldron_ln_21563,0.7135902306186275
cauldron_ln_25912,0.5703300237374298
mix_SI_UT_5400_1476,0.0019530221509764323
cauldron_ln_3228,0.6998933381651391
cauldron_ln_29946,0.6746550630658682
mix_SI_UT_5400_752,0.0020954134967034023
cauldron_ln_25368,0.707558320551436
cauldron_ln_4212,0.6661642196993445
cauldron_ln_14910,0.7761682759598897
mix_SI_UT_5400_1350,0.003083854531026304
cauldron_ln_15566,0.7431552172285202
mix_UI_ST_5400_782,0.0022811141195543927
cauldron_ln_1149,0.6257552806615103
cauldron_ln_17316,0.6438400910560225
cauldron_ln_26560,0.7938610594242824
cauldron_ln_5855,0.7819160870846875
cauldron_ln_18472,0.7391605776319893
mix_UI_ST_5400_627,0.002626611200590653
cauldron_ln_16670,0.6993494873152685
cauldron_ln_24126,0.8256864025537624
cauldron_ln_4341,0.7190400140613867
cauldron_ln_3617,0.7420457933366985
cauldron_ln_18545,0.8023311336882255
cauldron_ln_6170,0.6351506948678924
mix_UI_ST_5400_919,0.0018451296738872963
mix_SI_UT_5400_823,0.0019584298270516718
cauldron_ln_24150,0.81067287462085
mix_UI_ST_5400_241,0.002853019689122141
cauldron_ln_18121,0.7233129106713108
cauldron_ln_7456,0.7426996469109534
mix_SI_UT_5400_1458,0.0021354458079356916
mix_SI_UT_5400_438,0.0027021759852732968
mix_SI_UT_5400_352,0.003265031031603929
mix_SI_UT_5400_827,0.0020379692728890093
mix_UI_ST_5400_633,0.002248241015114194
mix_SI_UT_5400_598,0.002821592434145491
mix_SI_UT_5400_377,0.002413526431555143
mix_UI_ST_5400_1373,0.0025794688381239705
mix_UI_ST_5400_1314,0.002949828347171816
mix_SI_UT_5400_966,0.0018397512706344412
mix_SI_UT_5400_571,0.002216599808120849
mix_UI_ST_5400_1294,0.0024067992715060605
cauldron_ln_12913,0.648433455961455
cauldron_ln_14545,0.7146699179611824
cauldron_ln_17890,0.5443607457147487
cauldron_ln_14721,0.7211457782344344
cauldron_ln_164,0.7684648694094146
mix_SI_UT_5400_193,0.002442516624260984
cauldron_ln_9916,0.7509527930021695
mix_UI_ST_5400_650,0.0031360637394909183
mix_SI_UT_5400_1011,0.0021837568647903286
mix_SI_UT_5400_37,0.001754561074357486
cauldron_ln_6366,0.736470347493118
cauldron_ln_18237,0.7785741810870865
cauldron_ln_12292,0.5799982295992817
mix_UI_ST_5400_986,0.0034630587170546676
cauldron_ln_2996,0.664589281392993
cauldron_ln_1142,0.7004953559693544
mix_UI_ST_5400_675,0.001856471882157281
mix_UI_ST_5400_1374,0.002705192045038153
cauldron_ln_22103,0.7894345544949773
cauldron_ln_3258,0.7463878318359692
cauldron_ln_23557,0.8348880115790052
cauldron_ln_20257,0.7852760257724059
cauldron_ln_1302,0.5766952745628441
cauldron_ln_17854,0.705486706390248
mix_UI_ST_5400_927,0.0022487818744692137
mix_SI_UT_5400_133,0.0018933680970379633
cauldron_ln_15997,0.7802893134756758
mix_SI_UT_5400_609,0.0018593758900801757
mix_SI_UT_5400_1227,0.0016219886058429377
cauldron_ln_11918,0.8402996711405464
mix_SI_UT_5400_1496,0.004847640817734978
cauldron_ln_870,0.6824378374287565
mix_SI_UT_5400_607,0.0021316340133233267
cauldron_ln_29821,0.7024403985910177
mix_UI_ST_5400_729,0.002274180788133441
cauldron_ln_2874,0.7585281026217983
cauldron_ln_685,0.4777959397658063
cauldron_ln_26917,0.6439516189338015
cauldron_ln_7778,0.6378761438634751
mix_UI_ST_5400_668,0.0021410864230025765
mix_UI_ST_5400_308,0.0016192743870974355
cauldron_ln_23034,0.8260815019785909
cauldron_ln_12857,0.7744386156540884
cauldron_ln_622,0.6952425942735446
cauldron_ln_11708,0.7265538615324955
cauldron_ln_3552,0.7713865893883645
mix_SI_UT_5400_1081,0.0013223050110078925
mix_SI_UT_5400_624,0.0027343269269100375
cauldron_ln_5252,0.8062951367142702
mix_SI_UT_5400_288,0.003051053527670751
mix_UI_ST_5400_967,0.0017395597007349706
mix_UI_ST_5400_421,0.001715132835370243
cauldron_ln_21135,0.7688635950693095
mix_UI_ST_5400_867,0.0015904816668936026
cauldron_ln_29229,0.7571142254983076
mix_SI_UT_5400_1271,0.0024209263645087555
cauldron_ln_1129,0.6291090562457448
cauldron_ln_5319,0.8097862700211524
cauldron_ln_28637,0.7315265697268083
cauldron_ln_19265,0.626817983046003
cauldron_ln_6621,0.5921951992724642
cauldron_ln_11729,0.7787669461210145
mix_SI_UT_5400_371,0.0019348371602768207
cauldron_ln_20200,0.857195015320705
mix_SI_UT_5400_1302,0.001621036174999869
cauldron_ln_16630,0.6622475174605827
mix_UI_ST_5400_1113,0.002172005532747217
cauldron_ln_24313,0.778525667637585
cauldron_ln_13749,0.755974071500034
mix_UI_ST_5400_834,0.0016453106532698218
cauldron_ln_4879,0.677821514068255
mix_SI_UT_5400_594,0.002149005600087295
mix_SI_UT_5400_1455,0.002266807996918288
cauldron_ln_18849,0.7385932453925862
mix_SI_UT_5400_1116,0.003007069257016852
mix_UI_ST_5400_148,0.002128357447129954
cauldron_ln_23344,0.7414065640663997
mix_SI_UT_5400_1315,0.0027366620863386345
mix_SI_UT_5400_817,0.001822765425646417
cauldron_ln_29394,0.6740718985447676
cauldron_ln_23993,0.7592053319489523
cauldron_ln_26880,0.7331804403486835
cauldron_ln_28815,0.7732380369222811
mix_UI_ST_5400_1293,0.0031991925572890253
cauldron_ln_20561,0.8067777762886525
mix_SI_UT_5400_1261,0.002271240483658996
cauldron_ln_4592,0.46979363325021645
cauldron_ln_25709,0.7529830767614027
cauldron_ln_21217,0.7297442295250364
cauldron_ln_20132,0.627942783868993
mix_SI_UT_5400_1401,0.003973885959381758
cauldron_ln_9892,0.6673951671983859
mix_UI_ST_5400_13,0.0018153284226122013
cauldron_ln_906,0.6983266133732134
cauldron_ln_20825,0.6033359720808764
cauldron_ln_3820,0.6989347206316004
cauldron_ln_22533,0.5389379599185482
cauldron_ln_21863,0.8020161124661623
mix_SI_UT_5400_448,0.002559703485447711
mix_UI_ST_5400_715,0.0013406701715339895
cauldron_ln_20603,0.6978231495183661
cauldron_ln_29800,0.7588234625984185
mix_UI_ST_5400_875,0.0017536631042477206
mix_UI_ST_5400_1478,0.0032248831646040955
mix_SI_UT_5400_45,0.0017993147985639192
cauldron_ln_15835,0.7370594949094341
cauldron_ln_12873,0.7993861654898119
mix_SI_UT_5400_353,0.002343796879381949
mix_SI_UT_5400_234,0.0023333202604675887
cauldron_ln_12675,0.7205142122168544
mix_UI_ST_5400_334,0.001338831442274597
mix_UI_ST_5400_454,0.0019173032278179255
cauldron_ln_12695,0.6232045866017321
mix_SI_UT_5400_1223,0.002356624945034485
cauldron_ln_2206,0.6294748138435879
mix_SI_UT_5400_432,0.003479888383885737
cauldron_ln_16596,0.7586261241891545
mix_SI_UT_5400_380,0.0024347360203811268
mix_UI_ST_5400_318,0.002547274692467996
cauldron_ln_25718,0.6680419538049774
cauldron_ln_2593,0.7397470233760426
mix_UI_ST_5400_471,0.001901451272011253
cauldron_ln_14247,0.795011586450743
mix_UI_ST_5400_1165,0.0017889048150940324
mix_UI_ST_5400_168,0.0025334132902140893
mix_SI_UT_5400_187,0.0017588292841476479
mix_UI_ST_5400_954,0.002655829462014921
mix_SI_UT_5400_762,0.0020486696826871186
cauldron_ln_12356,0.7585091000010562
cauldron_ln_24665,0.7613007598639212
cauldron_ln_3001,0.6192054217452949
cauldron_ln_1983,0.6806148892275448
mix_UI_ST_5400_1251,0.0026676288010130758
mix_SI_UT_5400_1099,0.0024960877685177795
mix_SI_UT_5400_275,0.002719768300923905
cauldron_ln_18330,0.8332266800722004
cauldron_ln_15323,0.7150429326729905
cauldron_ln_7858,0.6445783734285571
mix_UI_ST_5400_1310,0.001799423392019664
cauldron_ln_6728,0.5743353984932064
cauldron_ln_4796,0.7826193760016005
cauldron_ln_27944,0.7225262619955003
cauldron_ln_27262,0.7386894429193014
cauldron_ln_13546,0.547869693369819
cauldron_ln_9751,0.5662222860494825
mix_SI_UT_5400_460,0.0015287084604070657
cauldron_ln_28906,0.740129982867973
cauldron_ln_4842,0.6499362903659404
cauldron_ln_10128,0.7210140366099076
mix_SI_UT_5400_615,0.002715680267736923
mix_UI_ST_5400_1061,0.001992439598463647
mix_SI_UT_5400_265,0.0016680325744130554
mix_UI_ST_5400_933,0.003205315689952147
cauldron_ln_28198,0.7344864182992731
mix_SI_UT_5400_329,0.001847559068842078
mix_SI_UT_5400_1390,0.0026119417197563665
mix_SI_UT_5400_452,0.0016360532976900477
mix_UI_ST_5400_877,0.003507957219549398
mix_UI_ST_5400_883,0.0019033878618859045
mix_SI_UT_5400_972,0.001793697453770476
cauldron_ln_29968,0.5877149384322048
mix_UI_ST_5400_731,0.0017759130875705873
mix_SI_UT_5400_158,0.002239807882215552
mix_UI_ST_5400_238,0.0021653848612226494
mix_SI_UT_5400_516,0.0021248342442596155
cauldron_ln_8631,0.8024680661287473
mix_UI_ST_5400_1482,0.001705586856418829
mix_UI_ST_5400_552,0.0025850143897576824
mix_UI_ST_5400_568,0.0023349680489618357
cauldron_ln_26694,0.8026994890426495
cauldron_ln_4333,0.7333900643214222
cauldron_ln_16799,0.7318043921955751
cauldron_ln_26897,0.7098816731690644
cauldron_ln_21336,0.8195430711570366
mix_UI_ST_5400_159,0.002121293013330233
cauldron_ln_15937,0.7992654239843182
mix_SI_UT_5400_520,0.0029608216113851302
cauldron_ln_23161,0.6892277859003256
mix_SI_UT_5400_669,0.001988624601382978
mix_UI_ST_5400_1005,0.0015186691060712556
mix_SI_UT_5400_1399,0.0025156403793442934
mix_SI_UT_5400_861,0.0013166451208457498
mix_SI_UT_5400_284,0.002752435066988908
cauldron_ln_21041,0.6730960267283304
mix_SI_UT_5400_1170,0.00266994103352695
cauldron_ln_10438,0.7858011332758983
cauldron_ln_15156,0.54061152101126
mix_SI_UT_5400_964,0.002018497239881772
cauldron_ln_20471,0.6993701867163185
cauldron_ln_17506,0.8108875168779935
mix_UI_ST_5400_1236,0.0018207260296160272
mix_SI_UT_5400_900,0.0019686754428293587
cauldron_ln_29125,0.7251498338957348
cauldron_ln_5521,0.7386612080280682
cauldron_ln_27172,0.7556207984556144
mix_UI_ST_5400_1287,0.002068412175549208
mix_UI_ST_5400_298,0.002429319121603151
mix_SI_UT_5400_1266,0.002918815835998827
mix_UI_ST_5400_132,0.001963291316059008
cauldron_ln_24034,0.7075600186965622
mix_SI_UT_5400_1026,0.001781036586444568
cauldron_ln_27234,0.8400043752086939
cauldron_ln_2239,0.6629789153878065
mix_UI_ST_5400_1210,0.0027777774451418404
mix_SI_UT_5400_1251,0.002900574183050892
cauldron_ln_2195,0.7348834557072672
mix_UI_ST_5400_476,0.005011353962342494
mix_UI_ST_5400_995,0.0030333548236237745
cauldron_ln_25330,0.782534418488289
mix_SI_UT_5400_1432,0.002707266293145397
mix_UI_ST_5400_776,0.002667207392938286
cauldron_ln_7995,0.7462554962048411
cauldron_ln_17756,0.7473275834574951
cauldron_ln_14908,0.8012782741264122
cauldron_ln_4872,0.5674010367854395
mix_UI_ST_5400_628,0.002160315189725088
cauldron_ln_16831,0.7264439333260394
cauldron_ln_1319,0.745674172979272
cauldron_ln_6252,0.7106147426606512
cauldron_ln_12959,0.7919192955194457
mix_UI_ST_5400_1119,0.002203392548644619
cauldron_ln_863,0.7131983331494496
mix_SI_UT_5400_757,0.0023146044076065714
mix_SI_UT_5400_512,0.0018996535508161029
cauldron_ln_26887,0.757297242325269
cauldron_ln_13041,0.7693213037282415
cauldron_ln_26745,0.7809388589923861
mix_SI_UT_5400_853,0.0023484593500639945
mix_SI_UT_5400_746,0.001580564547155287
mix_UI_ST_5400_383,0.0023485205532693568
cauldron_ln_15868,0.7925364031708763
cauldron_ln_10025,0.6304498414338283
mix_UI_ST_5400_344,0.0016567706994150817
cauldron_ln_5099,0.7645127314669621
cauldron_ln_24035,0.7417903743678421
mix_SI_UT_5400_1150,0.0019049213037625567
mix_SI_UT_5400_1247,0.002017412581964657
mix_SI_UT_5400_1392,0.0017571022230445045
cauldron_ln_3801,0.6961367046196878
cauldron_ln_12910,0.792578307946855
cauldron_ln_10886,0.6257665510480049
mix_SI_UT_5400_249,0.002001863345327495
mix_UI_ST_5400_397,0.003061153193310242
mix_SI_UT_5400_1340,0.002711259226453169
mix_UI_ST_5400_1168,0.0034169544155911898
cauldron_ln_1375,0.7019209595931245
mix_UI_ST_5400_493,0.0015001242126363374
mix_UI_ST_5400_1027,0.003199513584672111
mix_UI_ST_5400_1125,0.0023281178331997386
cauldron_ln_29914,0.5895846533416519
cauldron_ln_1988,0.7158094545645151
cauldron_ln_23157,0.6599142265121446
cauldron_ln_7036,0.7398292546693477
cauldron_ln_1914,0.7633174287642273
mix_SI_UT_5400_392,0.0021236744866917267
mix_UI_ST_5400_1335,0.002733022482489376
mix_UI_ST_5400_1462,0.0011778121403382758
mix_UI_ST_5400_50,0.002800058231625704
mix_SI_UT_5400_779,0.002657628229693711
cauldron_ln_19609,0.7628410588018742
cauldron_ln_26889,0.7408884037666245
cauldron_ln_14138,0.7737647277079105
cauldron_ln_29738,0.685079401518487
mix_SI_UT_5400_1059,0.0016091758019153388
cauldron_ln_5333,0.7327965750991617
cauldron_ln_15679,0.6386388165154377
cauldron_ln_940,0.7432584390928118
mix_SI_UT_5400_1263,0.002010877457946685
mix_SI_UT_5400_711,0.002392161160391561
mix_UI_ST_5400_990,0.0027420547802119413
cauldron_ln_4866,0.6073608139913084
mix_UI_ST_5400_1015,0.002992418461807056
cauldron_ln_18516,0.6203042677450129
cauldron_ln_16575,0.6971306945560722
mix_UI_ST_5400_949,0.0022555064526262798
cauldron_ln_9583,0.5636725221374729
mix_SI_UT_5400_1424,0.003105950400721816
cauldron_ln_1090,0.610625216901518
cauldron_ln_149,0.634941298465218
mix_SI_UT_5400_29,0.0017147768893572325
mix_SI_UT_5400_951,0.0014884514410371584
mix_SI_UT_5400_894,0.0021006070352152044
cauldron_ln_29175,0.6155575240331005
mix_SI_UT_5400_105,0.0020349386371073396
cauldron_ln_19793,0.764044035681159
mix_SI_UT_5400_1386,0.001820662132873955
mix_UI_ST_5400_865,0.0022802893654324265
mix_SI_UT_5400_23,0.0024198160481809475
mix_SI_UT_5400_1097,0.0028929227190308987
mix_SI_UT_5400_77,0.0018234093015681888
mix_SI_UT_5400_1087,0.0038390143023062638
mix_UI_ST_5400_1437,0.0022930719972114708
mix_SI_UT_5400_344,0.0020471539878171305
mix_SI_UT_5400_487,0.002155142795139233
mix_UI_ST_5400_957,0.0025897811476183834
cauldron_ln_7198,0.8050563682942627
mix_SI_UT_5400_1343,0.0025257484062955944
mix_SI_UT_5400_44,0.0022127182172481112
cauldron_ln_23376,0.7434409429096281
cauldron_ln_19997,0.8214976930872566
cauldron_ln_14861,0.515101176551861
cauldron_ln_22566,0.7924312593278028
mix_UI_ST_5400_7,0.0018594205619624274
mix_SI_UT_5400_499,0.0021086220434348266
cauldron_ln_20643,0.6338448674080964
mix_UI_ST_5400_763,0.002111060015636192
cauldron_ln_3666,0.7995745747704927
mix_SI_UT_5400_1408,0.0030533286987820016
mix_UI_ST_5400_477,0.002064353180524887
mix_SI_UT_5400_995,0.001852920831769947
mix_UI_ST_5400_230,0.0030983765207442007
mix_SI_UT_5400_824,0.0027587297409338166
mix_UI_ST_5400_907,0.0019342894822368562
mix_SI_UT_5400_247,0.0015142136994886356
cauldron_ln_21403,0.6820633662534551
cauldron_ln_8480,0.6759363274777918
mix_UI_ST_5400_1413,0.002472736638893578
mix_UI_ST_5400_1430,0.0019861073914630794
cauldron_ln_13144,0.7661810348007401
mix_SI_UT_5400_118,0.0018168822177567958
mix_SI_UT_5400_1378,0.00267778270410035
mix_UI_ST_5400_725,0.0017835216614063454
cauldron_ln_14601,0.7302758377222839
cauldron_ln_25527,0.743484309254636
cauldron_ln_542,0.6001489874456988
mix_SI_UT_5400_282,0.002293802699704296
cauldron_ln_6065,0.7361253804620755
mix_SI_UT_5400_212,0.0024598249107249197
cauldron_ln_27316,0.773372440618713
cauldron_ln_29747,0.660273625648261
mix_SI_UT_5400_1436,0.001992494122157972
mix_UI_ST_5400_836,0.00260716311740087
mix_SI_UT_5400_1279,0.002454140461610916
cauldron_ln_20663,0.6379996913020467
cauldron_ln_25201,0.8334626741044497
mix_UI_ST_5400_1072,0.002083531358356246
mix_UI_ST_5400_84,0.0014220825347301936
cauldron_ln_16818,0.6967384345810912
mix_SI_UT_5400_483,0.001999344490788169
mix_SI_UT_5400_1406,0.0025246798383901383
mix_SI_UT_5400_848,0.00219189578445195
mix_UI_ST_5400_787,0.001727643160254115
mix_UI_ST_5400_1138,0.003642370544075471
mix_UI_ST_5400_356,0.002117175422710549
cauldron_ln_23893,0.7615848247547355
mix_UI_ST_5400_1148,0.001135794266991981
mix_SI_UT_5400_672,0.003482984608995981
mix_SI_UT_5400_967,0.001969665700130487
mix_SI_UT_5400_338,0.0028407452527235365
cauldron_ln_4711,0.6235118438602354
mix_UI_ST_5400_1385,0.001960206229807555
cauldron_ln_14187,0.6584026257281446
cauldron_ln_16565,0.7871372261523323
cauldron_ln_27773,0.7594442664962999
mix_SI_UT_5400_773,0.0019538278732258666
cauldron_ln_3633,0.7669762517615207
mix_SI_UT_5400_914,0.0016372790199643274
cauldron_ln_24583,0.6739741087363895
cauldron_ln_25486,0.686556864468214
cauldron_ln_310,0.655881790351276
cauldron_ln_20369,0.731901544271677
mix_SI_UT_5400_953,0.0023474696949545575
cauldron_ln_27853,0.7435705572648755
mix_SI_UT_5400_694,0.002305083884937797
mix_UI_ST_5400_1289,0.0019289751753184094
mix_UI_ST_5400_332,0.0019154116984964004
mix_UI_ST_5400_1450,0.0021397164597068336
mix_SI_UT_5400_491,0.0015714008734031921
mix_UI_ST_5400_575,0.0023359604849082206
mix_UI_ST_5400_1078,0.003434947145189212
mix_SI_UT_5400_1202,0.002016793170877138
cauldron_ln_5274,0.5550221549689947
mix_SI_UT_5400_749,0.0031112432704460025
cauldron_ln_12210,0.663864793270713
mix_UI_ST_5400_144,0.002140405422312523
cauldron_ln_10920,0.8222205781878772
cauldron_ln_18423,0.7525102900320045
mix_SI_UT_5400_110,0.002045298456244226
cauldron_ln_1527,0.7241599761169395
cauldron_ln_18494,0.7241720987274204
cauldron_ln_5584,0.69070855440768
mix_UI_ST_5400_778,0.0018587534680885524
mix_SI_UT_5400_649,0.0031423250091105717
cauldron_ln_11166,0.6095580346695931
mix_SI_UT_5400_372,0.0014702301929774113
mix_SI_UT_5400_78,0.002092141006629337
mix_UI_ST_5400_322,0.002290550371632631
mix_SI_UT_5400_414,0.002342285526242486
cauldron_ln_692,0.7287951779476215
cauldron_ln_12711,0.6951320551672262
mix_UI_ST_5400_929,0.0028707967031650133
cauldron_ln_7496,0.6531861058692987
mix_UI_ST_5400_350,0.002555222341049691
mix_SI_UT_5400_378,0.0020746039661485357
cauldron_ln_20025,0.7550918013704884
cauldron_ln_26249,0.7405613203277597
cauldron_ln_20293,0.6344455662780628
cauldron_ln_28354,0.7006557758847374
cauldron_ln_28608,0.7282827899445716
mix_UI_ST_5400_1317,0.0022532631880687027
mix_UI_ST_5400_337,0.0033896108819990263
cauldron_ln_24775,0.7876494658204674
cauldron_ln_10275,0.7022850853425684
cauldron_ln_977,0.7251774727832698
mix_UI_ST_5400_99,0.003284597292158103
mix_SI_UT_5400_732,0.0013862822972245338
mix_SI_UT_5400_262,0.0023654894347519746
cauldron_ln_21014,0.7593206976349172
mix_SI_UT_5400_287,0.0023617634417899326
mix_SI_UT_5400_801,0.0021109435031213685
cauldron_ln_15487,0.6249680511099805
cauldron_ln_6743,0.8228235461157676
cauldron_ln_22571,0.7564493739506357
cauldron_ln_17898,0.6888205037945723
mix_SI_UT_5400_399,0.0022527879602770025
mix_SI_UT_5400_934,0.002958264105700883
mix_SI_UT_5400_929,0.0022767336849408887
mix_SI_UT_5400_1276,0.0021081549523472467
cauldron_ln_1079,0.6245443583382474
mix_SI_UT_5400_1184,0.0013206292601042552
cauldron_ln_17352,0.7019332581776357
cauldron_ln_19507,0.7479644894423209
cauldron_ln_21120,0.7258654474881455
cauldron_ln_1797,0.5576490646148047
mix_UI_ST_5400_909,0.0018956558256527597
cauldron_ln_10802,0.6155668266127129
cauldron_ln_29356,0.6589783537345926
mix_SI_UT_5400_1231,0.003136150816197439
mix_UI_ST_5400_858,0.0021379794743979076
cauldron_ln_24406,0.7055963433055669
cauldron_ln_27636,0.8236894895962693
cauldron_ln_16618,0.8253840217489564
mix_UI_ST_5400_1420,0.0031708780576720033
mix_UI_ST_5400_1419,0.0034849971769117254
mix_UI_ST_5400_705,0.0024539263041124656
mix_UI_ST_5400_28,0.002187753026375454
cauldron_ln_15339,0.657646571376689
mix_UI_ST_5400_625,0.002587536833687633
mix_SI_UT_5400_366,0.0022342301439115405
mix_UI_ST_5400_1187,0.0023484572725732257
cauldron_ln_18101,0.8039791539086858
mix_SI_UT_5400_535,0.0029888370021609214
mix_UI_ST_5400_1315,0.0028523740093748793
mix_SI_UT_5400_1259,0.0028548932902268515
cauldron_ln_29651,0.572705843438713
cauldron_ln_18990,0.7698805054863287
cauldron_ln_19186,0.7877642814430572
mix_SI_UT_5400_980,0.00270955008493353
cauldron_ln_27548,0.7024633906513038
cauldron_ln_5494,0.3825174196791917
cauldron_ln_1369,0.7570758515567776
mix_SI_UT_5400_93,0.0020036805331994376
mix_UI_ST_5400_1282,0.0023583329765968506
mix_UI_ST_5400_1471,0.0022647814807651087
mix_UI_ST_5400_91,0.0031884282264262767
mix_SI_UT_5400_1388,0.002792493274236009
mix_UI_ST_5400_1368,0.0023185126374830342
mix_UI_ST_5400_717,0.0038583688399553145
mix_UI_ST_5400_796,0.002074753920250681
mix_UI_ST_5400_962,0.0029612233326428276
mix_SI_UT_5400_112,0.0025498497826098045
mix_UI_ST_5400_1075,0.002359809005800312
cauldron_ln_22324,0.7019164225978984
cauldron_ln_26808,0.7504238766097037
cauldron_ln_25079,0.6869354289369145
mix_UI_ST_5400_539,0.003280841672609653
cauldron_ln_4806,0.8690833112027911
cauldron_ln_21746,0.7497390161520685
cauldron_ln_23661,0.5255112241496795
cauldron_ln_8070,0.7367404264865912
mix_UI_ST_5400_1495,0.004213282716237776
mix_UI_ST_5400_353,0.0022834561263706875
mix_SI_UT_5400_418,0.002256507693944696
cauldron_ln_19799,0.684850164268264
mix_SI_UT_5400_155,0.0023420296136138588
mix_UI_ST_5400_1326,0.0025817622865954393
mix_UI_ST_5400_1150,0.002881449100894834
mix_UI_ST_5400_556,0.0026303831462997375
mix_SI_UT_5400_396,0.0021775155207620013
cauldron_ln_16482,0.5465208406394847
cauldron_ln_3400,0.6193497348218686
mix_SI_UT_5400_1342,0.002770409568044347
mix_UI_ST_5400_459,0.0016187239314620534
cauldron_ln_13717,0.7560780389836728
mix_UI_ST_5400_777,0.0018941282619405503
mix_UI_ST_5400_1479,0.0019213160126713203
cauldron_ln_29216,0.6921472581094686
cauldron_ln_5498,0.793358093277256
mix_UI_ST_5400_1170,0.0029942940702639676
cauldron_ln_13897,0.804492614309218
cauldron_ln_5820,0.7677196493414142
mix_SI_UT_5400_887,0.0012206029974757442
mix_UI_ST_5400_246,0.0014605378318996657
mix_SI_UT_5400_1312,0.002101781408727342
cauldron_ln_8647,0.8103356353772443
cauldron_ln_8401,0.7812974807082906
cauldron_ln_18002,0.7806177209441229
cauldron_ln_26865,0.7039657539877461
cauldron_ln_5181,0.7232753647633448
cauldron_ln_4013,0.7190883469079307
cauldron_ln_6270,0.7781589942961031
mix_SI_UT_5400_795,0.003167069069172641
cauldron_ln_27875,0.7407096173824447
cauldron_ln_3849,0.8048622449663894
mix_SI_UT_5400_931,0.0031626338052476773
cauldron_ln_12360,0.6576718272130022
mix_SI_UT_5400_1111,0.0029011867154734032
cauldron_ln_24349,0.7667077227304712
cauldron_ln_7009,0.6581918038210367
mix_UI_ST_5400_170,0.0016184335271043201
mix_SI_UT_5400_16,0.002751240601900798
mix_SI_UT_5400_351,0.0019081627849505938
cauldron_ln_25343,0.7443304612917095
mix_UI_ST_5400_172,0.0019591142057967287
mix_UI_ST_5400_1197,0.002911203053647867
cauldron_ln_21605,0.6928247006960543
mix_SI_UT_5400_1209,0.00270755357678993
cauldron_ln_6458,0.6132764815728223
cauldron_ln_28692,0.7238368678580945
mix_SI_UT_5400_952,0.002225746870840233
cauldron_ln_11781,0.7325770810401531
mix_SI_UT_5400_744,0.0030552678818869176
mix_UI_ST_5400_281,0.0013243818725895465
mix_SI_UT_5400_987,0.0024846378664911107
cauldron_ln_6449,0.7372728787024024
mix_SI_UT_5400_1446,0.0032898016696174836
cauldron_ln_4134,0.762036760786729
cauldron_ln_2203,0.7666229234753548
cauldron_ln_22034,0.5969623727568201
mix_SI_UT_5400_276,0.0035275326662409317
mix_SI_UT_5400_741,0.0020624547806074333
mix_SI_UT_5400_279,0.002965721891977567
cauldron_ln_3449,0.692348535199969
cauldron_ln_9885,0.8358039769566865
mix_UI_ST_5400_617,0.0017518602561703404
cauldron_ln_2002,0.6761710979140927
mix_SI_UT_5400_815,0.0022778338593893686
mix_UI_ST_5400_460,0.001953572879738991
mix_UI_ST_5400_189,0.0019024070516603401
mix_UI_ST_5400_984,0.0021070589920291903
mix_SI_UT_5400_1356,0.0024557371881791775
cauldron_ln_12288,0.7475795328198162
mix_SI_UT_5400_1139,0.003251077650389469
mix_SI_UT_5400_656,0.0017857884235131106
cauldron_ln_14956,0.6634747176692875
mix_UI_ST_5400_920,0.0023505728800668
cauldron_ln_13370,0.7039557927839204
mix_UI_ST_5400_1245,0.0018205677009637876
mix_SI_UT_5400_84,0.0022058415195321673
mix_UI_ST_5400_386,0.002480760653805892
cauldron_ln_2323,0.764996413261003
cauldron_ln_10948,0.6848999574774565
cauldron_ln_12538,0.580327395937672
mix_UI_ST_5400_813,0.0029379364712710312
cauldron_ln_10207,0.773025211694405
mix_SI_UT_5400_654,0.002058754165691548
cauldron_ln_8451,0.5944286195880495
mix_SI_UT_5400_216,0.0015702928583140997
mix_UI_ST_5400_1233,0.002557062293238013
cauldron_ln_150,0.6019015410772155
mix_UI_ST_5400_616,0.0029002077415018882
cauldron_ln_1364,0.615519213963866
cauldron_ln_23121,0.7452242128094487
cauldron_ln_22401,0.7759276925848148
cauldron_ln_502,0.5996833348754463
mix_SI_UT_5400_270,0.003452767382413501
mix_UI_ST_5400_409,0.002437395147239988
cauldron_ln_16609,0.8169072963138645
mix_SI_UT_5400_684,0.0019476082545264088
cauldron_ln_17353,0.46669176185158345
cauldron_ln_7453,0.7195994182967653
cauldron_ln_11055,0.6372047473714423
cauldron_ln_343,0.708934528408506
mix_SI_UT_5400_903,0.0025678268163287863
cauldron_ln_467,0.7103633913162514
mix_UI_ST_5400_689,0.002357791322667022
mix_UI_ST_5400_1367,0.002824602142595747
mix_SI_UT_5400_1299,0.0012880829058399231
cauldron_ln_22910,0.6374775628540502
mix_SI_UT_5400_701,0.0024552588858669107
cauldron_ln_23748,0.8043246474658705
cauldron_ln_17549,0.7124305427980665
mix_SI_UT_5400_268,0.0023276025070924364
mix_SI_UT_5400_242,0.003153368388633257
cauldron_ln_4812,0.8071550893856899
cauldron_ln_1500,0.6147346025157963
mix_SI_UT_5400_121,0.0023272856685865894
cauldron_ln_14570,0.7473063503215378
mix_SI_UT_5400_806,0.0019978550566864344
mix_UI_ST_5400_405,0.001736978357395845
cauldron_ln_18503,0.8133045811807285
cauldron_ln_12414,0.7625581004398204
mix_SI_UT_5400_1004,0.0016234285749781483
cauldron_ln_8491,0.7201459805098986
mix_SI_UT_5400_180,0.0015201261408494874
mix_SI_UT_5400_1265,0.0029651539263788862
cauldron_ln_1792,0.8090385361325454
mix_SI_UT_5400_676,0.0027494403272961053
mix_SI_UT_5400_943,0.0020701518364525783
cauldron_ln_26109,0.8123380861817698
mix_UI_ST_5400_176,0.002140704268339798
cauldron_ln_17335,0.7038649487699182
cauldron_ln_21500,0.8062609991109683
cauldron_ln_6716,0.7129021639763448
cauldron_ln_8570,0.7003779732694095
cauldron_ln_27679,0.7194230039268582
mix_SI_UT_5400_756,0.0024569096374233647
mix_SI_UT_5400_549,0.002031413028483587
mix_SI_UT_5400_195,0.002014151940938386
mix_SI_UT_5400_834,0.0018893000481272609
mix_UI_ST_5400_270,0.0027355075635878885
mix_UI_ST_5400_593,0.002356914528496242
mix_SI_UT_5400_653,0.0014648410516974587
cauldron_ln_14273,0.6972535013896424
cauldron_ln_23579,0.6067685836685762
cauldron_ln_19820,0.7326602387310337
mix_UI_ST_5400_268,0.003227179260689031
mix_SI_UT_5400_1389,0.0026365910857095412
mix_SI_UT_5400_40,0.0021224323217440577
cauldron_ln_2401,0.576206097132161
cauldron_ln_23793,0.7718583644289132
mix_SI_UT_5400_1226,0.0016360803230351716
mix_UI_ST_5400_916,0.0026886794210530065
cauldron_ln_6741,0.6770573898833218
mix_SI_UT_5400_310,0.0013481510421402179
mix_UI_ST_5400_632,0.0014739851970948837
mix_SI_UT_5400_1387,0.0029803965748299295
mix_SI_UT_5400_459,0.002754250921225844
cauldron_ln_20666,0.6858494922494572
cauldron_ln_9843,0.7787804535174032
mix_UI_ST_5400_343,0.002442252372472696
cauldron_ln_23338,0.7022711736776079
cauldron_ln_28999,0.7327616765395129
mix_SI_UT_5400_1142,0.002736992488698136
cauldron_ln_9612,0.6748468914336739
mix_UI_ST_5400_271,0.0023413248118430772
mix_SI_UT_5400_901,0.002286683507729075
cauldron_ln_16289,0.8251728096794573
cauldron_ln_2351,0.7233084190352744
cauldron_ln_24157,0.6903388921349299
cauldron_ln_26790,0.8097255171206806
mix_SI_UT_5400_232,0.002980221374337283
mix_UI_ST_5400_1181,0.002310864104377614
cauldron_ln_21779,0.813925856636513
mix_UI_ST_5400_804,0.0027987210977291617
cauldron_ln_20486,0.7659870068328224
mix_SI_UT_5400_956,0.002155397309813871
mix_SI_UT_5400_412,0.0027034792451493535
mix_SI_UT_5400_616,0.002087190911128211
mix_UI_ST_5400_1024,0.002272527312121832
cauldron_ln_11372,0.776933075248331
cauldron_ln_25415,0.7628049421577041
cauldron_ln_29622,0.7859825582439373
mix_SI_UT_5400_811,0.0024521548288956112
cauldron_ln_28316,0.741412563454481
mix_SI_UT_5400_359,0.0025750649623521847
cauldron_ln_4601,0.7379400249997025
mix_SI_UT_5400_1173,0.0024527392060305665
mix_UI_ST_5400_391,0.002524168681885253
mix_SI_UT_5400_1076,0.0027582594952592168
cauldron_ln_28875,0.8276227040015899
cauldron_ln_1347,0.6042108288940177
cauldron_ln_5432,0.7118522298864869
mix_UI_ST_5400_1202,0.00396740357987041
cauldron_ln_19328,0.7663623740357273
cauldron_ln_5824,0.6904441367155247
mix_SI_UT_5400_890,0.0027268665973740037
mix_UI_ST_5400_1049,0.003374100361807507
mix_SI_UT_5400_552,0.0021096490665300422
cauldron_ln_3669,0.63843519524772
cauldron_ln_10422,0.7746082246333555
cauldron_ln_27207,0.7855958884711802
cauldron_ln_14344,0.8034757318802148
cauldron_ln_15718,0.7450960709557876
mix_UI_ST_5400_16,0.001907545678041216
cauldron_ln_16775,0.5958134701381411
mix_SI_UT_5400_780,0.002711731709401808
mix_SI_UT_5400_796,0.002978078644055388
cauldron_ln_1525,0.6858064604864699
mix_UI_ST_5400_855,0.002552135546636802
cauldron_ln_14748,0.7276540168610833
cauldron_ln_4300,0.619379468666029
cauldron_ln_29761,0.7190236463295407
mix_UI_ST_5400_1412,0.003632549160226038
mix_UI_ST_5400_573,0.0023057528767514352
mix_SI_UT_5400_462,0.002688493921497818
cauldron_ln_25295,0.7603830789583977
cauldron_ln_7238,0.7533940272767783
cauldron_ln_28503,0.6154479042005301
cauldron_ln_24761,0.7947519394689041
cauldron_ln_16001,0.6962238804590063
cauldron_ln_19262,0.7994197104043812
cauldron_ln_20349,0.7695749140484666
cauldron_ln_5376,0.7341346457408006
mix_UI_ST_5400_1249,0.002510382437003525
cauldron_ln_8022,0.7144922430410516
cauldron_ln_29615,0.6488307280992004
mix_UI_ST_5400_1203,0.003944321352777134
cauldron_ln_28377,0.6392333985344251
mix_SI_UT_5400_147,0.0027046951367617486
mix_UI_ST_5400_23,0.0018898663130007976
cauldron_ln_11262,0.7199677004840632
cauldron_ln_6588,0.754837237757291
mix_SI_UT_5400_6,0.0021217162541682134
cauldron_ln_2724,0.7466642926034689
cauldron_ln_3229,0.7695380117188645
cauldron_ln_5163,0.7921031972697988
mix_UI_ST_5400_39,0.001553383859335856
mix_SI_UT_5400_763,0.002981626660870969
cauldron_ln_20248,0.6486320104135005
mix_SI_UT_5400_937,0.002580012858155314
cauldron_ln_1321,0.7381367633403406
mix_SI_UT_5400_569,0.0021778113518244897
mix_SI_UT_5400_717,0.0021132654945831032
cauldron_ln_23410,0.6054617115562241
mix_SI_UT_5400_877,0.0018502375658966679
cauldron_ln_16176,0.6411756129510997
cauldron_ln_24111,0.576653421813259
cauldron_ln_556,0.6390126642962983
mix_SI_UT_5400_1495,0.0012629685616418823
cauldron_ln_6787,0.7510541872679211
cauldron_ln_24473,0.6630977319249225
mix_UI_ST_5400_812,0.0030407360483212047
mix_SI_UT_5400_657,0.00281276136753556
cauldron_ln_15448,0.7839380347040856
mix_SI_UT_5400_551,0.0036953395230998674
cauldron_ln_14578,0.7705689833814943
cauldron_ln_26015,0.76856621739998
cauldron_ln_21087,0.6801536491966832
cauldron_ln_11659,0.8299469431506362
cauldron_ln_8291,0.6969360625960062
mix_UI_ST_5400_345,0.001665092430724307
cauldron_ln_21328,0.6848470129361649
cauldron_ln_24870,0.6982503426634746
mix_UI_ST_5400_133,0.0007744749964095852
cauldron_ln_17563,0.7928886806417413
mix_SI_UT_5400_245,0.00262586654321004
cauldron_ln_28317,0.7304563490597165
mix_UI_ST_5400_521,0.00219973039372172
cauldron_ln_4967,0.742710727347994
mix_UI_ST_5400_142,0.002631926061408335
mix_UI_ST_5400_1355,0.003358057557064346
mix_UI_ST_5400_816,0.0035820959306256312
cauldron_ln_15062,0.7246525964527664
mix_UI_ST_5400_943,0.002003197202531001
cauldron_ln_8221,0.6116319276405291
mix_UI_ST_5400_100,0.0023983173124434982
cauldron_ln_29283,0.44098138703895673
mix_SI_UT_5400_561,0.002125109094323421
mix_UI_ST_5400_762,0.0026666567577200476
mix_UI_ST_5400_1008,0.003449155336508061
cauldron_ln_3750,0.6964416252533673
cauldron_ln_20592,0.7360458780783826
mix_SI_UT_5400_332,0.0011508443696162975
cauldron_ln_15756,0.75227763521763
cauldron_ln_11736,0.6855386674750882
mix_UI_ST_5400_654,0.0029171929553792023
cauldron_ln_10475,0.7713511419685359
mix_SI_UT_5400_75,0.0030760825187752163
cauldron_ln_23924,0.7952390159193343
mix_SI_UT_5400_1448,0.002296461458480926
mix_SI_UT_5400_18,0.0019310317741245754
mix_UI_ST_5400_693,0.004805087287243016
cauldron_ln_4903,0.771085222961076
mix_SI_UT_5400_1358,0.0014655827138305
cauldron_ln_10095,0.7000226671751146
cauldron_ln_9570,0.6435775793668592
mix_SI_UT_5400_799,0.0028293860229364454
cauldron_ln_497,0.6942951467233748
cauldron_ln_6786,0.7382262589013044
cauldron_ln_27321,0.7049092104267448
cauldron_ln_8876,0.5995167844192907
cauldron_ln_11379,0.588427066036369
cauldron_ln_2483,0.5597447122092409
cauldron_ln_5447,0.6420819526579389
cauldron_ln_17031,0.7599822289244779
mix_UI_ST_5400_1285,0.0019813217599738437
mix_UI_ST_5400_366,0.0018097810731026879
cauldron_ln_17538,0.8015113162068445
mix_UI_ST_5400_186,0.0018748890560475332
cauldron_ln_3038,0.727520046908728
mix_SI_UT_5400_451,0.0014106873396798193
mix_SI_UT_5400_420,0.0010050241050575442
cauldron_ln_9299,0.7117723470815944
cauldron_ln_12303,0.723947956512776
cauldron_ln_24784,0.7735025186716443
cauldron_ln_10797,0.7118023598959735
mix_SI_UT_5400_1245,0.002483931833961671
cauldron_ln_13724,0.7412950813153234
mix_SI_UT_5400_387,0.002638456036132908
mix_UI_ST_5400_1384,0.0016289884737758508
cauldron_ln_14649,0.7200169958005153
mix_UI_ST_5400_193,0.0017627594180974371
mix_SI_UT_5400_1048,0.0014833367415154242
cauldron_ln_1764,0.621065136580146
mix_SI_UT_5400_125,0.0014422168617319187
cauldron_ln_11048,0.7433030805371815
cauldron_ln_19348,0.7102392385999495
mix_SI_UT_5400_936,0.00259432880913027
cauldron_ln_17918,0.6907471136877007
mix_SI_UT_5400_715,0.002113045424906078
mix_UI_ST_5400_309,0.0026998851004344545
cauldron_ln_4397,0.6684748279020442
mix_SI_UT_5400_1122,0.002839580713995807
mix_SI_UT_5400_1129,0.002019942226631675
cauldron_ln_26647,0.6013213558977072
cauldron_ln_11006,0.7945234216026985
cauldron_ln_3529,0.7535805705674713
mix_UI_ST_5400_1291,0.001934679174035266
mix_UI_ST_5400_1179,0.0022901577206905287
mix_SI_UT_5400_1224,0.0017016655457652808
cauldron_ln_25808,0.8153326186630007
cauldron_ln_740,0.6627573523769683
mix_SI_UT_5400_394,0.0028454263757813707
mix_SI_UT_5400_519,0.0016629051506494431
mix_SI_UT_5400_148,0.0019796074102029215
cauldron_ln_25565,0.80395814461707
cauldron_ln_28494,0.7570370866321708
mix_SI_UT_5400_390,0.0028128588784042305
cauldron_ln_11506,0.653340491954432
cauldron_ln_16003,0.7929785313022363
mix_SI_UT_5400_252,0.003325848166954398
cauldron_ln_13721,0.7114820652322192
mix_SI_UT_5400_1225,0.0013950488652631045
cauldron_ln_5291,0.6829193871293215
mix_UI_ST_5400_1308,0.002334212429553171
mix_SI_UT_5400_1468,0.002781144277306125
cauldron_ln_1406,0.6492497879944595
cauldron_ln_15481,0.80074490828727
cauldron_ln_9301,0.6945206647714373
mix_UI_ST_5400_351,0.00162417399555785
mix_UI_ST_5400_1084,0.0025679589130391885
mix_SI_UT_5400_493,0.0022954141788794637
mix_SI_UT_5400_712,0.001475519040004194
mix_SI_UT_5400_254,0.00228987293486561
mix_UI_ST_5400_214,0.0028254316837931837
mix_UI_ST_5400_1312,0.005531721954457002
cauldron_ln_22230,0.7617236322669688
cauldron_ln_16143,0.7152953275047312
mix_SI_UT_5400_1070,0.0025641719102976654
mix_SI_UT_5400_695,0.0024819784007444937
cauldron_ln_11668,0.6975626196154591
mix_SI_UT_5400_149,0.0027648279403517714
mix_UI_ST_5400_640,0.0021423023231629417
cauldron_ln_23296,0.7661303699105471
mix_SI_UT_5400_776,0.0016229044212698498
mix_SI_UT_5400_1242,0.003574481964791797
cauldron_ln_17734,0.7026010451820913
cauldron_ln_26539,0.45265138505668634
cauldron_ln_5756,0.8043580063607505
mix_SI_UT_5400_613,0.0029294220307881542
cauldron_ln_2252,0.4774862717459919
mix_UI_ST_5400_179,0.0027184231841970077
mix_SI_UT_5400_719,0.0022650650812591393
mix_UI_ST_5400_1444,0.0024919265674158376
cauldron_ln_12070,0.7551063645151929
mix_SI_UT_5400_505,0.002502066267258325
mix_UI_ST_5400_1043,0.002083294567076383
mix_UI_ST_5400_860,0.0022489205845990247
mix_UI_ST_5400_194,0.0027712529195186445
mix_UI_ST_5400_1133,0.002658932407066631
cauldron_ln_22821,0.7101814639640948
mix_SI_UT_5400_415,0.0022119746161102785
cauldron_ln_7580,0.600150768786653
mix_SI_UT_5400_1107,0.0011695285538486503
mix_UI_ST_5400_480,0.0025666316056485524
cauldron_ln_23885,0.6251148366237722
cauldron_ln_23570,0.7143141472923026
mix_SI_UT_5400_1385,0.0022731203779924355
mix_SI_UT_5400_625,0.001952121465991456
cauldron_ln_21899,0.751880183955729
mix_UI_ST_5400_1069,0.0014956511452425341
mix_SI_UT_5400_1492,0.002592580278340251
cauldron_ln_17077,0.7214427332269827
cauldron_ln_6257,0.7393204910830667
mix_SI_UT_5400_213,0.0030513477010522126
cauldron_ln_17715,0.713296925275513
cauldron_ln_19637,0.7995285987810609
mix_SI_UT_5400_1188,0.0033100658375398557
cauldron_ln_7098,0.7853899552826895
cauldron_ln_7178,0.686237765925525
mix_UI_ST_5400_669,0.0016130210626525115
cauldron_ln_21883,0.815040858333464
cauldron_ln_17536,0.7553620639043404
cauldron_ln_22977,0.7602443243570672
cauldron_ln_11369,0.7084271326607653
mix_SI_UT_5400_830,0.002962550830143189
cauldron_ln_21337,0.7751748716578817
cauldron_ln_5520,0.7762913855467731
mix_UI_ST_5400_529,0.003163619006349333
mix_SI_UT_5400_109,0.0014100748606248007
cauldron_ln_25740,0.7650045052028854
mix_SI_UT_5400_636,0.0025899064731624752
cauldron_ln_25308,0.7599822158267199
mix_SI_UT_5400_1010,0.003094659449127958
cauldron_ln_18008,0.7106382455148935
mix_SI_UT_5400_1326,0.003159084405695262
mix_SI_UT_5400_915,0.001643062400234325
cauldron_ln_17195,0.6803862514109523
cauldron_ln_13341,0.7920930996378177
mix_SI_UT_5400_1124,0.003144470762815711
cauldron_ln_3245,0.7751931488764561
cauldron_ln_8172,0.6474726212247832
mix_UI_ST_5400_926,0.0016905966565392732
cauldron_ln_4876,0.684384076561187
mix_UI_ST_5400_751,0.0017176537156829512
mix_SI_UT_5400_1374,0.002643259140446477
mix_UI_ST_5400_975,0.0027496231561412003
mix_SI_UT_5400_1405,0.0022895618724541613
cauldron_ln_24849,0.7832701831067804
cauldron_ln_16941,0.6059526906735972
mix_SI_UT_5400_591,0.0018885688055729894
cauldron_ln_15085,0.666189969323035
mix_SI_UT_5400_596,0.003119999126979614
mix_UI_ST_5400_622,0.002549407091564242
cauldron_ln_11887,0.7216224777891145
cauldron_ln_106,0.5492884413057388
cauldron_ln_13192,0.6978491391176385
cauldron_ln_22696,0.8239241947101513
cauldron_ln_29285,0.7776865270051494
mix_SI_UT_5400_470,0.0023128225481672655
cauldron_ln_6912,0.704288712723103
cauldron_ln_9522,0.7125359408845247
mix_UI_ST_5400_1132,0.0023974694474511115
cauldron_ln_28412,0.7453127694395455
mix_UI_ST_5400_221,0.001948341808620709
mix_SI_UT_5400_1045,0.0029253701742042505
cauldron_ln_16172,0.5432572946082164
cauldron_ln_14103,0.7915376031831541
mix_UI_ST_5400_1071,0.003991106232921718
mix_SI_UT_5400_1233,0.0022806454496345626
mix_SI_UT_5400_111,0.0019135603628801787
mix_SI_UT_5400_324,0.002027632731694946
mix_SI_UT_5400_116,0.0034532003335480525
cauldron_ln_1235,0.6288216974630413
cauldron_ln_24255,0.6292657206750136
cauldron_ln_15710,0.6911359880220213
mix_SI_UT_5400_51,0.001631624415934014
cauldron_ln_20644,0.693784276775433
cauldron_ln_21833,0.7568673212758175
cauldron_ln_23944,0.7430909570050899
mix_SI_UT_5400_308,0.0021701317745640917
cauldron_ln_25956,0.7110615034261728
cauldron_ln_15934,0.7626084133465201
mix_UI_ST_5400_1159,0.005976260322398391
cauldron_ln_24050,0.7388988692797459
mix_SI_UT_5400_190,0.0014887282757136751
cauldron_ln_6763,0.7807955477018184
mix_SI_UT_5400_2,0.0019176856500757674
mix_UI_ST_5400_457,0.0023659716010785282
mix_UI_ST_5400_1224,0.0025699862275981307
cauldron_ln_16339,0.6504490623071023
cauldron_ln_5773,0.7454795378572275
mix_UI_ST_5400_1447,0.003059915987643136
mix_UI_ST_5400_956,0.0009619728105275904
cauldron_ln_2312,0.7700177080540088
mix_UI_ST_5400_1003,0.0026592114695527407
mix_UI_ST_5400_1425,0.0031315123694670645
cauldron_ln_24204,0.7659496891165649
cauldron_ln_1617,0.7602279082402352
mix_SI_UT_5400_1050,0.00298159969093669
cauldron_ln_20936,0.7949731595468318
cauldron_ln_22017,0.7532764859233692
cauldron_ln_23477,0.7404021999196404
mix_SI_UT_5400_1038,0.003081430343423203
cauldron_ln_26664,0.6512465691248762
cauldron_ln_10615,0.6964754495781342
cauldron_ln_1497,0.7032589982179713
mix_SI_UT_5400_892,0.0013748039258072756
mix_UI_ST_5400_1230,0.0020352184246637682
mix_UI_ST_5400_1286,0.0026690468331459194
cauldron_ln_19657,0.7479443621082048
cauldron_ln_6233,0.7341999908001867
cauldron_ln_1337,0.6857277557820434
cauldron_ln_28617,0.7448720319542421
cauldron_ln_808,0.6591835173884537
cauldron_ln_29971,0.8126043034706445
mix_UI_ST_5400_1456,0.0027766036486874444
mix_UI_ST_5400_1155,0.002090257746966203
cauldron_ln_22663,0.5981959483086193
cauldron_ln_19031,0.7400920163510938
mix_SI_UT_5400_688,0.0024001910353118696
cauldron_ln_12081,0.7296253604627873
mix_UI_ST_5400_1440,0.0028110644075429888
mix_UI_ST_5400_311,0.00270250687052744
mix_SI_UT_5400_1337,0.0026217321548743767
cauldron_ln_8006,0.7736028804858702
cauldron_ln_10427,0.7593361073630455
cauldron_ln_4976,0.6651504724110815
mix_SI_UT_5400_878,0.0017014971927572474
mix_UI_ST_5400_688,0.0028482808742813785
cauldron_ln_397,0.6657954815059853
cauldron_ln_520,0.5758526911285765
mix_UI_ST_5400_1063,0.0024373870211657806
cauldron_ln_17300,0.8006935926795706
cauldron_ln_13607,0.6266001183741654
cauldron_ln_27780,0.7404666268091791
mix_UI_ST_5400_636,0.002522621590201031
mix_SI_UT_5400_1106,0.0022811088074037107
mix_SI_UT_5400_343,0.0019134096639754734
mix_UI_ST_5400_1146,0.0018132191733284994
mix_SI_UT_5400_1025,0.002089427710404585
mix_UI_ST_5400_514,0.0017067982014633413
cauldron_ln_10504,0.7557826823740468
mix_SI_UT_5400_1473,0.0032689995103179713
cauldron_ln_6725,0.7229891095971563
mix_UI_ST_5400_470,0.0023194754803819734
mix_SI_UT_5400_140,0.0018729296447451114
mix_UI_ST_5400_977,0.002754904929355547
mix_SI_UT_5400_1017,0.0033014154508828907
mix_SI_UT_5400_1489,0.0019716051106835578
mix_UI_ST_5400_106,0.0023971575615701363
mix_UI_ST_5400_423,0.003336453608211663
cauldron_ln_6123,0.6958478427239831
mix_SI_UT_5400_977,0.001838756165638897
mix_SI_UT_5400_10,0.0018367491043703866
mix_SI_UT_5400_1451,0.0019063371556324658
cauldron_ln_10640,0.6703944481867449
mix_UI_ST_5400_969,0.0025380240278037925
mix_SI_UT_5400_1235,0.002415567685831722
mix_UI_ST_5400_265,0.0016988527319698357
cauldron_ln_16356,0.826088962169163
mix_UI_ST_5400_288,0.0015485832464930442
mix_SI_UT_5400_899,0.002709546797734745
cauldron_ln_12458,0.737964690788132
mix_UI_ST_5400_898,0.002366954831845894
cauldron_ln_13902,0.7661715664759179
mix_SI_UT_5400_141,0.001487194533192404
mix_UI_ST_5400_1006,0.0015552970025063757
cauldron_ln_174,0.4988892440998918
mix_UI_ST_5400_1329,0.0034511209768003847
mix_UI_ST_5400_1269,0.0015537458835784476
mix_SI_UT_5400_289,0.002582475621250644
cauldron_ln_2976,0.6653680274038937
cauldron_ln_2421,0.6247956772324473
cauldron_ln_17143,0.6600275598506866
mix_UI_ST_5400_1190,0.0022815502173346553
cauldron_ln_375,0.6374155176067576
cauldron_ln_17658,0.7249671487357334
cauldron_ln_4526,0.7428771238549969
mix_SI_UT_5400_176,0.0025481115414199298
mix_SI_UT_5400_1372,0.0016562886571930102
cauldron_ln_15776,0.6169324047747775
mix_UI_ST_5400_624,0.0020754194226180584
mix_SI_UT_5400_648,0.002122269672692504
cauldron_ln_3352,0.6867055335222182
mix_UI_ST_5400_532,0.002225794752660573
mix_SI_UT_5400_822,0.002745017811085161
cauldron_ln_7366,0.7350246549855096
cauldron_ln_21184,0.6215905237474237
mix_UI_ST_5400_1092,0.0018147490306359665
cauldron_ln_15774,0.6876487371559019
mix_UI_ST_5400_1496,0.0018839457400159141
cauldron_ln_15467,0.762183997380003
mix_UI_ST_5400_1452,0.002068626059649069
mix_UI_ST_5400_1338,0.003336201438573719
cauldron_ln_8632,0.8855871723663196
mix_SI_UT_5400_307,0.002300326379354628
cauldron_ln_7974,0.658325428589093
mix_UI_ST_5400_284,0.002988369497023898
mix_UI_ST_5400_1341,0.002924184393765498
mix_SI_UT_5400_760,0.0019392766603846998
mix_SI_UT_5400_778,0.002447406954639653
mix_SI_UT_5400_1264,0.002309510929060596
mix_SI_UT_5400_1100,0.0022459746586913497
cauldron_ln_11907,0.7589465198842981
cauldron_ln_9012,0.771061759648672
mix_UI_ST_5400_1309,0.0027057862246971554
mix_SI_UT_5400_277,0.002649899964071265
mix_UI_ST_5400_197,0.0028413997504780826
mix_UI_ST_5400_125,0.002462047297501597
cauldron_ln_12958,0.6748965682498341
mix_UI_ST_5400_1262,0.0032161674754904532
cauldron_ln_29307,0.5903021800341272
mix_UI_ST_5400_1449,0.0018287991794555417
cauldron_ln_7312,0.8129806292864692
mix_SI_UT_5400_1146,0.0020051331188065545
cauldron_ln_20680,0.6615635678472264
mix_UI_ST_5400_596,0.0016620774364460454
mix_UI_ST_5400_942,0.003047975427163915
mix_SI_UT_5400_564,0.001489581725296878
cauldron_ln_18293,0.68040992132297
cauldron_ln_2234,0.7151474910030897
mix_SI_UT_5400_354,0.0019617106098389937
mix_SI_UT_5400_1330,0.0029292990025345093
mix_UI_ST_5400_1066,0.004463874358438384
cauldron_ln_25988,0.8181576194953094
cauldron_ln_28634,0.7406333469739248
cauldron_ln_26039,0.5852302418045626
mix_UI_ST_5400_992,0.0019183943082874244
mix_SI_UT_5400_401,0.0018601819567729521
mix_SI_UT_5400_217,0.0033924567989093647
cauldron_ln_2942,0.6256567517148025
mix_UI_ST_5400_496,0.001939646207098573
cauldron_ln_12358,0.7810341417816746
cauldron_ln_13661,0.6502505606081763
mix_UI_ST_5400_211,0.0028331472519940574
mix_SI_UT_5400_465,0.0028635233630897555
mix_UI_ST_5400_1106,0.0027345795529728194
cauldron_ln_20658,0.7089589262972975
cauldron_ln_6279,0.6713604597384661
cauldron_ln_22994,0.7861429490912916
cauldron_ln_13194,0.707674575282394
cauldron_ln_5658,0.6872996549706182
cauldron_ln_2476,0.6908698383827987
mix_UI_ST_5400_68,0.0022765740755290747
cauldron_ln_1459,0.5166527388182777
mix_UI_ST_5400_247,0.002485477408513985
mix_SI_UT_5400_503,0.002173950774055297
mix_UI_ST_5400_736,0.0024723065895259455
cauldron_ln_21708,0.7648564972668694
cauldron_ln_28901,0.6383145403609823
cauldron_ln_1447,0.5432860364151214
mix_UI_ST_5400_53,0.002379716228620747
mix_SI_UT_5400_325,0.0029140122123097047
mix_UI_ST_5400_1480,0.0030606166871575678
mix_SI_UT_5400_38,0.001110277869374979
mix_SI_UT_5400_128,0.001344486494796583
mix_UI_ST_5400_1302,0.0031079781942168114
mix_SI_UT_5400_1,0.0017400625185081812
mix_SI_UT_5400_629,0.0020340236469689973
mix_UI_ST_5400_40,0.002084475446222075
cauldron_ln_13116,0.773588578471293
cauldron_ln_8125,0.7660673550202634
mix_SI_UT_5400_222,0.0013428700695887455
cauldron_ln_12749,0.8448762507573205
mix_SI_UT_5400_590,0.00177961040725355
cauldron_ln_6846,0.7339224776159752
cauldron_ln_11275,0.770387673553107
mix_SI_UT_5400_807,0.0012601492759621825
mix_UI_ST_5400_19,0.0012398381549115754
mix_SI_UT_5400_511,0.002233724364881605
cauldron_ln_17348,0.778811115538112
cauldron_ln_17202,0.7576476617901668
mix_SI_UT_5400_1285,0.002855734812423828
mix_SI_UT_5400_622,0.0028438404200858644
cauldron_ln_8394,0.7756883650063566
mix_UI_ST_5400_695,0.001957146669363609
mix_SI_UT_5400_1119,0.0018845953823966829
mix_UI_ST_5400_832,0.0015298969081576062
mix_UI_ST_5400_1096,0.0039015095200603165
cauldron_ln_25019,0.7628642930756108
mix_SI_UT_5400_464,0.002583319427722185
mix_UI_ST_5400_134,0.0027865185415954356
cauldron_ln_21512,0.7329911529025032
cauldron_ln_2457,0.7350556756020998
mix_UI_ST_5400_1131,0.002953170143891858
mix_UI_ST_5400_466,0.0030277408005575527
cauldron_ln_7199,0.7701419651974605
cauldron_ln_9750,0.7510060264138388
mix_UI_ST_5400_59,0.001601578258567068
cauldron_ln_13692,0.6970989404801802
cauldron_ln_3244,0.6327640599747828
mix_UI_ST_5400_1220,0.002538967136847573
cauldron_ln_8784,0.7221484596782858
cauldron_ln_1227,0.6975518053237408
cauldron_ln_23463,0.7653260171850783
mix_SI_UT_5400_47,0.0026386003258250953
cauldron_ln_4776,0.7034611077890108
mix_SI_UT_5400_839,0.002739264904522622
cauldron_ln_21360,0.7302106111286476
mix_SI_UT_5400_1143,0.002242799318083529
mix_SI_UT_5400_25,0.0014360073101692405
mix_SI_UT_5400_1395,0.0026839563527872065
mix_SI_UT_5400_205,0.0030237747932370415
mix_SI_UT_5400_346,0.0019949346160307996
cauldron_ln_6760,0.6403082045668286
cauldron_ln_15478,0.6627545298506856
mix_UI_ST_5400_509,0.0021938998496828636
mix_UI_ST_5400_868,0.001709833660399845
mix_UI_ST_5400_78,0.0016182820110063085
cauldron_ln_9173,0.7519303782829552
mix_UI_ST_5400_938,0.0018557752327952313
mix_SI_UT_5400_1253,0.00256676168240287
cauldron_ln_2553,0.7344535442764025
cauldron_ln_11528,0.8341065216575506
cauldron_ln_24903,0.7553002970787811
mix_UI_ST_5400_928,0.002983210852848645
cauldron_ln_27318,0.7296907391695229
cauldron_ln_6181,0.6985528371233255
mix_SI_UT_5400_1021,0.00308432960744886
mix_UI_ST_5400_801,0.0022218806339622103
cauldron_ln_29752,0.5405693277903493
mix_UI_ST_5400_192,0.0018514336014652806
cauldron_ln_18012,0.7309257979669581
cauldron_ln_28399,0.7439671202045587
cauldron_ln_7291,0.7626299516409488
mix_SI_UT_5400_679,0.002211502126885579
cauldron_ln_2145,0.7305243832984899
cauldron_ln_8364,0.7809855546374245
mix_SI_UT_5400_258,0.001458227218620336
mix_UI_ST_5400_1135,0.0023022689851594108
mix_SI_UT_5400_810,0.0023807672304199923
cauldron_ln_18633,0.7628484326975242
mix_UI_ST_5400_204,0.0022015634179948433
cauldron_ln_12724,0.7496817960150695
cauldron_ln_11569,0.6983372488557446
mix_SI_UT_5400_74,0.0011459230825893697
cauldron_ln_13789,0.7233729676443753
mix_UI_ST_5400_1407,0.0030499901877326457
cauldron_ln_22656,0.7776037467826353
cauldron_ln_18909,0.8220536065555802
cauldron_ln_7647,0.734170944785138
cauldron_ln_9398,0.7447512592862467
cauldron_ln_17570,0.7247044311296152
cauldron_ln_25814,0.6722966336723101
mix_UI_ST_5400_602,0.0026717090398775067
cauldron_ln_15559,0.7485162368955365
mix_UI_ST_5400_611,0.002492767933152238
mix_SI_UT_5400_433,0.0021806462323775244
cauldron_ln_26233,0.7614321606497034
mix_SI_UT_5400_393,0.002067163968471461
mix_SI_UT_5400_214,0.0021936377294624674
cauldron_ln_22682,0.7142802468426747
mix_SI_UT_5400_477,0.0022035200238685036
cauldron_ln_18544,0.6891713271359484
cauldron_ln_23923,0.658929429405306
cauldron_ln_14189,0.7918643792502281
cauldron_ln_10908,0.7558703486703706
cauldron_ln_13971,0.7216265947100851
cauldron_ln_19625,0.7526205852006574
mix_UI_ST_5400_537,0.0011494905551754657
mix_UI_ST_5400_1195,0.0027349737155801562
cauldron_ln_26739,0.7997066833543497
cauldron_ln_24131,0.5883335745240368
mix_SI_UT_5400_920,0.0021871655732687146
mix_SI_UT_5400_1383,0.001567171319289637
mix_SI_UT_5400_1293,0.003386890882475975
mix_UI_ST_5400_610,0.001984174062973493
cauldron_ln_14300,0.7357224698931679
cauldron_ln_5972,0.7227850690554708
cauldron_ln_22355,0.7962891045408186
mix_UI_ST_5400_485,0.0018778764043071122
mix_SI_UT_5400_281,0.0015106654394643013
cauldron_ln_15100,0.6474971404841974
mix_UI_ST_5400_1241,0.002185280243429629
mix_UI_ST_5400_1428,0.0026300270510018504
cauldron_ln_13948,0.7658496119978961
mix_UI_ST_5400_60,0.0016627039741123788
cauldron_ln_2574,0.5870113485916648
cauldron_ln_19196,0.7888135645217773
cauldron_ln_2618,0.7378148889318573
cauldron_ln_5056,0.6350037920364632
cauldron_ln_15189,0.6763676556967465
mix_UI_ST_5400_817,0.0025670107736261685
mix_SI_UT_5400_572,0.0026218703021621778
mix_UI_ST_5400_732,0.002720520817003779
cauldron_ln_9703,0.6695026916354739
mix_UI_ST_5400_1423,0.0020458861760880276
mix_UI_ST_5400_158,0.0032900578586231616
mix_UI_ST_5400_183,0.0028805054264141564
mix_UI_ST_5400_891,0.0015616156821629166
cauldron_ln_9045,0.7047844461898102
mix_SI_UT_5400_1044,0.0027662501627672828
mix_UI_ST_5400_1325,0.0017191264040419165
mix_SI_UT_5400_708,0.0021487860905341984
cauldron_ln_28990,0.7349166812405924
cauldron_ln_28089,0.7497933300803673
mix_UI_ST_5400_572,0.0025352343648253933
cauldron_ln_15138,0.6588300334394107
cauldron_ln_22698,0.7725803299457199
cauldron_ln_2226,0.7147217021880056
mix_SI_UT_5400_1249,0.003871978220078896
mix_UI_ST_5400_1235,0.0034812537133660742
mix_UI_ST_5400_879,0.0020438043331005833
cauldron_ln_7248,0.7633149593730542
cauldron_ln_6328,0.6986455849566119
cauldron_ln_24676,0.8104984669138497
mix_UI_ST_5400_656,0.0023184705453378617
mix_SI_UT_5400_256,0.002458178916898927
cauldron_ln_25223,0.8415254687190394
mix_UI_ST_5400_92,0.0018998219172907196
mix_UI_ST_5400_903,0.002285747798780617
mix_UI_ST_5400_589,0.0020018425973132273
mix_UI_ST_5400_538,0.0024378648415606615
cauldron_ln_16542,0.7635176161756433
cauldron_ln_3853,0.5677840979349599
cauldron_ln_28794,0.7748833351238037
mix_UI_ST_5400_1439,0.002874971199035154
cauldron_ln_4530,0.7757175457502531
mix_UI_ST_5400_861,0.0017419321002373111
mix_UI_ST_5400_713,0.0011118608320585049
cauldron_ln_14176,0.7527140018580328
cauldron_ln_17782,0.8264158294983401
cauldron_ln_1393,0.6641114647791421
cauldron_ln_23286,0.7730128784152057
cauldron_ln_7997,0.7177181648431992
mix_SI_UT_5400_1005,0.0025621991356008307
cauldron_ln_4803,0.7235306051871071
cauldron_ln_14593,0.6413366609214343
mix_UI_ST_5400_802,0.002892203482694164
mix_SI_UT_5400_427,0.0023395937572571247
mix_UI_ST_5400_331,0.002039073701394014
mix_SI_UT_5400_1272,0.0018442150881842253
mix_UI_ST_5400_1121,0.002431580851026295
cauldron_ln_27118,0.594981589983155
mix_SI_UT_5400_772,0.0023197433951744925
cauldron_ln_9756,0.6931880088999354
cauldron_ln_1185,0.6370057156789708
cauldron_ln_26533,0.7417122593554609
mix_SI_UT_5400_1178,0.0014273028813324613
mix_SI_UT_5400_223,0.002050450738594021
mix_SI_UT_5400_68,0.003947764862871644
cauldron_ln_29323,0.7342200474175942
mix_UI_ST_5400_1128,0.0017720806394000619
cauldron_ln_12498,0.6979498902489442
cauldron_ln_17248,0.7541033185266336
mix_SI_UT_5400_626,0.002731376477815083
mix_SI_UT_5400_492,0.0022520972597652577
mix_UI_ST_5400_874,0.002340416168346453
mix_UI_ST_5400_47,0.0020337288685336697
cauldron_ln_17175,0.8097579580880405
cauldron_ln_27901,0.7650729338398499
mix_UI_ST_5400_54,0.0028024071249839262
mix_SI_UT_5400_1130,0.0019339986807722274
cauldron_ln_10232,0.7170527080658492
cauldron_ln_11586,0.7178101103524043
mix_SI_UT_5400_12,0.0020804155640341032
cauldron_ln_4885,0.7405788206867995
cauldron_ln_25377,0.7884188078459754
mix_UI_ST_5400_498,0.0027325712472042944
cauldron_ln_9821,0.7750031974693176
cauldron_ln_2475,0.7434392393121667
cauldron_ln_10469,0.7776136258966972
cauldron_ln_26085,0.605613530820701
mix_UI_ST_5400_402,0.0022292699664590242
mix_UI_ST_5400_105,0.002124536011141688
mix_SI_UT_5400_82,0.0017374730577614313
cauldron_ln_18661,0.7875033710310463
mix_UI_ST_5400_798,0.0034476582789374007
mix_UI_ST_5400_1339,0.002787488215139644
mix_UI_ST_5400_145,0.0028069068784185845
cauldron_ln_29522,0.6561260365933729
mix_UI_ST_5400_1156,0.001549233543543928
mix_SI_UT_5400_534,0.0026751780208361105
mix_SI_UT_5400_720,0.002596714874448572
mix_SI_UT_5400_835,0.0020960193363077835
cauldron_ln_24137,0.7757917609943045
cauldron_ln_18578,0.6360651529914311
mix_SI_UT_5400_479,0.00151761191592761
mix_UI_ST_5400_82,0.001869952157142883
mix_UI_ST_5400_232,0.0023651631285688036
mix_SI_UT_5400_185,0.001517435932104106
cauldron_ln_22354,0.7992622289180947
cauldron_ln_27299,0.6238097882515297
mix_SI_UT_5400_517,0.0018697590953316307
cauldron_ln_16637,0.6536637972473976
mix_UI_ST_5400_165,0.0027974980181833036
mix_SI_UT_5400_379,0.003654802719204471
mix_UI_ST_5400_887,0.0021335056964955244
mix_SI_UT_5400_1207,0.0027980283106385905
cauldron_ln_4243,0.7436296503516125
mix_UI_ST_5400_280,0.002107114114108233
mix_SI_UT_5400_62,0.0014381749757084994
mix_SI_UT_5400_803,0.0030850282612354413
cauldron_ln_11317,0.7779233740399045
cauldron_ln_882,0.500668762947745
cauldron_ln_18528,0.7195710840326168
cauldron_ln_14134,0.6935038054849253
mix_UI_ST_5400_249,0.0013852677198462153
cauldron_ln_501,0.7588534060604015
cauldron_ln_16919,0.5969374069935773
mix_UI_ST_5400_275,0.0016731702152393926
mix_SI_UT_5400_259,0.0024278213097361063
cauldron_ln_10414,0.8342621987456539
mix_SI_UT_5400_135,0.0034017236687673034
cauldron_ln_23891,0.7563288676149379
cauldron_ln_12781,0.7525038339785206
cauldron_ln_27869,0.6905229314956502
cauldron_ln_24381,0.7883336769197302
cauldron_ln_12780,0.6919833652806306
cauldron_ln_18038,0.6980042670381532
mix_UI_ST_5400_262,0.002808842800364879
cauldron_ln_11847,0.7397437565068972
cauldron_ln_11836,0.783776583282959
cauldron_ln_11169,0.7747220873376762
cauldron_ln_21971,0.661654974476015
cauldron_ln_19829,0.7071286683481639
mix_UI_ST_5400_244,0.0023322996020328137
mix_SI_UT_5400_1200,0.002315160844479932
cauldron_ln_24272,0.8044346540595604
mix_UI_ST_5400_426,0.0025263161632028096
mix_UI_ST_5400_570,0.0021091869138644046
mix_SI_UT_5400_368,0.0020344189671703005
cauldron_ln_24774,0.7882069479689647
cauldron_ln_12521,0.5146573282214306
cauldron_ln_858,0.7261683570408011
cauldron_ln_11780,0.7935872645498071
cauldron_ln_12304,0.6808643754562198
cauldron_ln_5062,0.7557521185753732
mix_UI_ST_5400_1217,0.003199936823579022
mix_UI_ST_5400_803,0.0023317263150876935
cauldron_ln_7069,0.8266833439454454
mix_SI_UT_5400_941,0.0024778682413342263
mix_SI_UT_5400_1013,0.002423614709596509
cauldron_ln_25063,0.754105684021015
cauldron_ln_23458,0.7215787572519587
cauldron_ln_12346,0.792260335825493
mix_SI_UT_5400_1428,0.0017713734549189048
mix_UI_ST_5400_991,0.001944015833690957
cauldron_ln_23973,0.7440418999317091
mix_SI_UT_5400_814,0.0014278031640133342
cauldron_ln_9442,0.6879739206105099
cauldron_ln_29044,0.5709973005305065
mix_SI_UT_5400_668,0.0016310617088577052
cauldron_ln_28573,0.6976946286382104
cauldron_ln_10839,0.7496695418481778
cauldron_ln_234,0.648900059460814
cauldron_ln_14738,0.7375303045637834
mix_UI_ST_5400_1033,0.0034609055961698464
cauldron_ln_15645,0.7033356848517365
cauldron_ln_9430,0.7770290076879564
mix_UI_ST_5400_433,0.0022307479343258276
cauldron_ln_13414,0.7358795631961171
mix_UI_ST_5400_1453,0.0026065836004799995
cauldron_ln_1336,0.7403318434798116
mix_SI_UT_5400_115,0.0029877365167379007
mix_SI_UT_5400_754,0.0020638750876996533
mix_SI_UT_5400_1172,0.0026691606197012684
cauldron_ln_381,0.6927819627180997
cauldron_ln_4175,0.7625145154703068
mix_UI_ST_5400_424,0.001891155836467454
cauldron_ln_27310,0.5417122661804232
mix_UI_ST_5400_701,0.002011793665280473
cauldron_ln_29200,0.753142293256132
cauldron_ln_13571,0.7118437303840381
mix_UI_ST_5400_1111,0.0029047184337151906
mix_UI_ST_5400_425,0.0019498314650466635
cauldron_ln_11832,0.7690841376658539
cauldron_ln_253,0.6894091625831915
cauldron_ln_2261,0.6628650473187129
mix_UI_ST_5400_1324,0.002465838406544529
cauldron_ln_24226,0.6366649529774631
mix_SI_UT_5400_1144,0.002795027122421155
mix_UI_ST_5400_592,0.002740615917159494
cauldron_ln_15446,0.7857446057693266
cauldron_ln_13905,0.7876260583479521
mix_SI_UT_5400_383,0.0015074100482140504
cauldron_ln_1188,0.6673188478012025
mix_SI_UT_5400_879,0.0023050653223658335
cauldron_ln_15180,0.6392484115167466
cauldron_ln_7912,0.8141386682282269
cauldron_ln_6005,0.8112953046203647
mix_SI_UT_5400_617,0.001794872404025769
cauldron_ln_17731,0.6831396682173283
cauldron_ln_14600,0.7529509935672346
cauldron_ln_18804,0.7205401477256512
mix_SI_UT_5400_1481,0.0021893821286585393
cauldron_ln_2384,0.5768659538164499
mix_UI_ST_5400_1275,0.0026267616886564405
mix_UI_ST_5400_1280,0.0018810479191884609
cauldron_ln_2864,0.5980903514857199
mix_UI_ST_5400_458,0.0022569808533423976
cauldron_ln_23437,0.6831002129079299
mix_SI_UT_5400_675,0.002777371864440497
cauldron_ln_8005,0.7513318065512163
cauldron_ln_14689,0.8219533155737566
cauldron_ln_1264,0.6672676328127091
cauldron_ln_5624,0.6617817939357504
mix_SI_UT_5400_1098,0.004501659261429313
cauldron_ln_10737,0.7760594227203746
mix_SI_UT_5400_602,0.001314288263140427
mix_SI_UT_5400_1118,0.002669897647171848
mix_UI_ST_5400_571,0.0023645875014313773
cauldron_ln_782,0.7485115237041086
mix_SI_UT_5400_683,0.0018553424575144333
mix_UI_ST_5400_845,0.001588536719141603
cauldron_ln_9467,0.8333000860099147
mix_SI_UT_5400_586,0.0020204702458809535
cauldron_ln_18317,0.7249614982664037
mix_UI_ST_5400_603,0.00213266526159364
cauldron_ln_10364,0.7298113119783156
cauldron_ln_21951,0.8285860522069974
cauldron_ln_6832,0.7376256879461478
cauldron_ln_22126,0.716268800647592
mix_UI_ST_5400_859,0.001283312366994554
mix_SI_UT_5400_65,0.002486427867731925
cauldron_ln_28308,0.7344804380509236
cauldron_ln_16945,0.6752624503674846
cauldron_ln_22718,0.6471582514048445
cauldron_ln_9608,0.7387965097999227
cauldron_ln_23386,0.7553030744547866
mix_UI_ST_5400_184,0.002224207277993293
cauldron_ln_25880,0.7491672661604404
mix_UI_ST_5400_1297,0.002604777991375043
cauldron_ln_7957,0.6355794778848326
mix_UI_ST_5400_18,0.001533672717954318
mix_SI_UT_5400_1324,0.0022797564252508055
cauldron_ln_26789,0.711630258932489
cauldron_ln_12315,0.7855993638170122
cauldron_ln_3659,0.752166944395036
mix_UI_ST_5400_958,0.0024482963129916833
mix_SI_UT_5400_975,0.002557603062662311
cauldron_ln_11223,0.7823610252955708
cauldron_ln_19762,0.7086951180005234
mix_UI_ST_5400_118,0.002009093036282852
mix_UI_ST_5400_1012,0.0013290781891861349
cauldron_ln_14800,0.7238014942450032
mix_UI_ST_5400_1209,0.002719505196996573
mix_SI_UT_5400_550,0.002603941323169644
cauldron_ln_20840,0.68733838357948
cauldron_ln_23550,0.7315610423028905
mix_SI_UT_5400_692,0.0019951406279271598
cauldron_ln_23578,0.7183515376893775
mix_SI_UT_5400_98,0.0017413330230860527
mix_UI_ST_5400_282,0.0028799673592060163
mix_SI_UT_5400_999,0.0018737873768672926
mix_UI_ST_5400_1386,0.0021291989709321807
cauldron_ln_19738,0.8309033552440549
cauldron_ln_10862,0.7780130630854657
mix_UI_ST_5400_127,0.0030715246635000444
cauldron_ln_18648,0.7850511015031711
cauldron_ln_21046,0.6919511011298104
mix_SI_UT_5400_363,0.002894493367014894
cauldron_ln_24064,0.8390040316534798
mix_UI_ST_5400_1001,0.002355993046788254
mix_SI_UT_5400_160,0.00369498709091755
cauldron_ln_10663,0.6400476444449089
cauldron_ln_24796,0.63590981768239
mix_UI_ST_5400_187,0.002898051979480679
mix_SI_UT_5400_496,0.0019614360831137676
mix_SI_UT_5400_407,0.0020631080288561654
mix_UI_ST_5400_404,0.00204034045133024
cauldron_ln_15959,0.622399065502745
cauldron_ln_6649,0.6275119550621645
cauldron_ln_3549,0.7655818846834399
cauldron_ln_1293,0.6024634526657483
mix_UI_ST_5400_831,0.004059171854537038
cauldron_ln_7631,0.5958851579138222
cauldron_ln_19177,0.784286851365201
mix_SI_UT_5400_994,0.0032696054111576805
mix_UI_ST_5400_939,0.002371000342330995
mix_SI_UT_5400_689,0.0018064047965349603
cauldron_ln_9724,0.8059481979163491
cauldron_ln_23057,0.6777106800186766
cauldron_ln_10321,0.7762220137109136
mix_SI_UT_5400_696,0.002431161002672565
cauldron_ln_29500,0.7811626977249795
cauldron_ln_19512,0.5839542289333708
mix_SI_UT_5400_350,0.002412298619403623
cauldron_ln_1469,0.6713451865712072
mix_UI_ST_5400_200,0.0016718123127687405
mix_SI_UT_5400_95,0.0017816305325086504
cauldron_ln_19981,0.756594005608585
mix_UI_ST_5400_1411,0.0018609348473315314
cauldron_ln_408,0.6589916635831933
cauldron_ln_28898,0.7561909012256228
mix_SI_UT_5400_724,0.0021122145780243843
mix_SI_UT_5400_639,0.0028604324635953297
mix_UI_ST_5400_631,0.0022401853679011965
mix_UI_ST_5400_377,0.001640342127820092
cauldron_ln_27294,0.6736003486883556
mix_SI_UT_5400_143,0.0022093938591279754
cauldron_ln_24813,0.7565930581119046
mix_UI_ST_5400_641,0.0027848197106820224
mix_UI_ST_5400_9,0.0029183219235863725
cauldron_ln_11173,0.8158961031394436
cauldron_ln_17417,0.6399353242382846
mix_UI_ST_5400_225,0.001672774790525171
mix_SI_UT_5400_523,0.002322379629988051
cauldron_ln_28689,0.8031804448826342
mix_UI_ST_5400_289,0.0025945877497173865
cauldron_ln_13302,0.7479076643001852
cauldron_ln_24045,0.7284612706158197
cauldron_ln_15030,0.8062894142089346
mix_SI_UT_5400_932,0.0022256337745329984
mix_UI_ST_5400_1036,0.0031025307007525238
cauldron_ln_25474,0.6234689387741692
cauldron_ln_19242,0.7606003865839014
mix_UI_ST_5400_1356,0.0023644719761191316
cauldron_ln_18842,0.6708959460090079
mix_UI_ST_5400_810,0.0022463181809945997
mix_SI_UT_5400_1192,0.002158931651867341
cauldron_ln_15190,0.656920894735271
mix_UI_ST_5400_190,0.002638379030748432
cauldron_ln_7913,0.7703999305022325
mix_SI_UT_5400_1423,0.0021842526778961154
cauldron_ln_5862,0.7291618037810988
cauldron_ln_11295,0.7842688275487403
mix_SI_UT_5400_11,0.001623978001876185
cauldron_ln_8670,0.7046330776152905
cauldron_ln_2090,0.7734159148037575
cauldron_ln_6659,0.7551723655205828
mix_UI_ST_5400_57,0.0023906843496019773
cauldron_ln_25926,0.7401534516988704
cauldron_ln_15974,0.7890501613005618
mix_SI_UT_5400_22,0.0021630783203600984
cauldron_ln_21956,0.7094167915820756
cauldron_ln_22029,0.7451807697241556
cauldron_ln_1276,0.7367819826073663
mix_UI_ST_5400_1171,0.003322095503798223
cauldron_ln_27456,0.7328876923886692
mix_SI_UT_5400_891,0.002567242013623808
cauldron_ln_22474,0.7144271692071812
cauldron_ln_23939,0.6313297845818217
mix_UI_ST_5400_795,0.002554569621320727
cauldron_ln_24077,0.6813005422026429
cauldron_ln_11910,0.7143706032278699
cauldron_ln_22225,0.7139236447247534
cauldron_ln_6936,0.7005215260722079
mix_UI_ST_5400_604,0.002227431724045368
cauldron_ln_20698,0.6885115252751871
mix_UI_ST_5400_1263,0.0025483497335520313
cauldron_ln_26056,0.7947791374377927
cauldron_ln_18112,0.8382111372650458
cauldron_ln_998,0.6291867957520937
cauldron_ln_14833,0.5700930643686555
cauldron_ln_17237,0.7377210713322336
mix_UI_ST_5400_231,0.00234943855553661
mix_SI_UT_5400_601,0.0021204218387948057
cauldron_ln_6138,0.6274173967254665
mix_SI_UT_5400_291,0.0017461710620480838
mix_SI_UT_5400_514,0.0025449532049236904
cauldron_ln_10250,0.6109646406783229
mix_UI_ST_5400_1212,0.002442443651600685
cauldron_ln_17851,0.7887137704692666
mix_SI_UT_5400_305,0.0025205937259314124
mix_UI_ST_5400_1227,0.0020431255270616368
cauldron_ln_14348,0.6477206733731794
mix_SI_UT_5400_846,0.0029339341250700407
mix_UI_ST_5400_672,0.003491928585225395
mix_SI_UT_5400_1113,0.0033727471332655836
mix_SI_UT_5400_539,0.0022097068973935536
mix_UI_ST_5400_543,0.0027529555491562145
mix_SI_UT_5400_875,0.00293436757457395
cauldron_ln_29643,0.7315485649788177
mix_SI_UT_5400_765,0.0025779059208434134
mix_SI_UT_5400_584,0.0016312987891061873
cauldron_ln_8539,0.7330043720974435
mix_SI_UT_5400_456,0.002609875688497363
mix_UI_ST_5400_666,0.0018666789417042416
mix_UI_ST_5400_286,0.0022584810369911134
mix_UI_ST_5400_663,0.0013258583732749937
cauldron_ln_14523,0.7647525196601447
cauldron_ln_16505,0.7632436753571535
mix_UI_ST_5400_182,0.0025481873865408735
cauldron_ln_29683,0.5785145050744239
cauldron_ln_23143,0.803651439305825
cauldron_ln_16564,0.7671679015934507
cauldron_ln_16142,0.6708447959715639
cauldron_ln_20435,0.779632545369725
mix_UI_ST_5400_438,0.002896968625393461
mix_UI_ST_5400_1465,0.002421351844138925
mix_SI_UT_5400_53,0.0021508960565484706
mix_SI_UT_5400_476,0.0015358686205377639
cauldron_ln_21716,0.8076772742088548
mix_UI_ST_5400_330,0.0022974353915550445
cauldron_ln_15851,0.6945183896214379
cauldron_ln_17600,0.6823859554620515
cauldron_ln_10167,0.7086828354605105
cauldron_ln_10237,0.7584284743726067
cauldron_ln_29619,0.6884197164050111
mix_UI_ST_5400_1139,0.002693063928043015
mix_SI_UT_5400_1380,0.00328077414105473
mix_SI_UT_5400_1177,0.0019604698174572996
cauldron_ln_5002,0.6497273449012945
cauldron_ln_22262,0.6908673936184231
cauldron_ln_26489,0.7140706060834909
mix_SI_UT_5400_1426,0.0024690080519051013
mix_UI_ST_5400_1288,0.001859017103178871
cauldron_ln_2508,0.7598297643140505
mix_UI_ST_5400_448,0.0024286176765917146
cauldron_ln_14426,0.7135189929597765
cauldron_ln_16971,0.5709085468174894
cauldron_ln_5519,0.8176289721141897
cauldron_ln_9418,0.7931809308429555
cauldron_ln_13091,0.6396069631528296
cauldron_ln_14406,0.7145990930113532
mix_UI_ST_5400_750,0.0017926387911484677
cauldron_ln_240,0.6901101207630217
cauldron_ln_1610,0.695268110676827
mix_UI_ST_5400_670,0.0025818745043443337
mix_UI_ST_5400_315,0.002469482066961698
cauldron_ln_29830,0.7125282752242098
mix_SI_UT_5400_1120,0.0017532081223290998
mix_SI_UT_5400_718,0.002049232187225694
mix_SI_UT_5400_435,0.0022424331080133243
mix_SI_UT_5400_171,0.0024093860622131477
cauldron_ln_16878,0.7307929448424454
mix_SI_UT_5400_1288,0.0028831332126068024
cauldron_ln_24518,0.6490110114161334
mix_SI_UT_5400_151,0.0028163854169936183
cauldron_ln_12839,0.7765908144606903
cauldron_ln_12600,0.7662838095925711
cauldron_ln_16593,0.5331713588245571
mix_UI_ST_5400_412,0.002812363805638049
cauldron_ln_14539,0.855786971854965
cauldron_ln_12908,0.7753113255083028
cauldron_ln_16152,0.7494934880891804
cauldron_ln_19101,0.6904665030965685
cauldron_ln_6309,0.6845612506912898
cauldron_ln_7531,0.8556391910708323
cauldron_ln_15199,0.5732439684539242
mix_SI_UT_5400_1088,0.0019929776733402277
mix_UI_ST_5400_124,0.0036256267469781324
mix_SI_UT_5400_637,0.0016670627810386385
mix_UI_ST_5400_530,0.0021973783274257044
mix_SI_UT_5400_1230,0.002393372560551291
mix_UI_ST_5400_1361,0.002628693367912251
mix_UI_ST_5400_1228,0.0022435598379280087
mix_UI_ST_5400_544,0.002710531550000606
cauldron_ln_12631,0.6656753972325142
mix_UI_ST_5400_1174,0.0026227776432155487
mix_UI_ST_5400_1433,0.002437929195871438
mix_UI_ST_5400_390,0.0025098023966937696
mix_UI_ST_5400_848,0.0030771202447748545
cauldron_ln_6134,0.7018135821546982
mix_UI_ST_5400_850,0.003310549487204863
mix_SI_UT_5400_783,0.0028073762025678894
mix_SI_UT_5400_209,0.0018810183274127759
cauldron_ln_24332,0.6958290228635927
mix_UI_ST_5400_1438,0.0015239422249703673
mix_UI_ST_5400_1041,0.0018170113775390336
mix_SI_UT_5400_290,0.0021605984026153917
cauldron_ln_25639,0.70514767942065
mix_UI_ST_5400_1468,0.0036479419209288003
mix_UI_ST_5400_665,0.0027002171016689354
mix_UI_ST_5400_566,0.002639803184848684
mix_UI_ST_5400_1281,0.0023787807707999933
mix_SI_UT_5400_159,0.0016173021799432356
cauldron_ln_1423,0.7958559717363418
cauldron_ln_18969,0.5831717675519933
mix_SI_UT_5400_1218,0.0014661885981399187
cauldron_ln_12297,0.6778878029001624
cauldron_ln_3945,0.6807053083343093
cauldron_ln_8030,0.8272552920861354
mix_UI_ST_5400_580,0.0023322032941442924
mix_UI_ST_5400_235,0.0026215650826140794
cauldron_ln_14083,0.7979389121550051
mix_UI_ST_5400_42,0.0032283245716923452
cauldron_ln_14162,0.776863880261461
mix_UI_ST_5400_1062,0.002759623445829769
mix_UI_ST_5400_645,0.0019320519598613462
cauldron_ln_16338,0.7903006564434791
mix_UI_ST_5400_738,0.0021069795835273954
mix_SI_UT_5400_1493,0.0029280209029851137
cauldron_ln_2951,0.7526019958300328
mix_UI_ST_5400_519,0.0014697281303638586
cauldron_ln_20137,0.6497612544491912
mix_SI_UT_5400_910,0.0019519856361394324
cauldron_ln_24018,0.7654684620361856
cauldron_ln_14716,0.744567700944237
mix_UI_ST_5400_120,0.0015660511670197452
cauldron_ln_996,0.636138466858457
cauldron_ln_17297,0.7606997396287788
cauldron_ln_7501,0.7033029064494181
mix_SI_UT_5400_805,0.0018050662163879418
mix_SI_UT_5400_108,0.0020923029246848173
mix_SI_UT_5400_367,0.002334530550174348
mix_SI_UT_5400_939,0.0016656058486740819
cauldron_ln_8124,0.6344251743325743
cauldron_ln_4558,0.7317781516072521
mix_UI_ST_5400_789,0.0025732416178329744
cauldron_ln_7869,0.6501413029052209
cauldron_ln_25700,0.6284989829263569
cauldron_ln_19547,0.6971893428561209
mix_SI_UT_5400_43,0.0015140379147568826
cauldron_ln_24786,0.7488036249525194
cauldron_ln_23928,0.6151031747398411
mix_SI_UT_5400_687,0.0022839957966769692
cauldron_ln_22802,0.6055233964060159
mix_SI_UT_5400_740,0.0019074826520142781
mix_SI_UT_5400_162,0.001904142744620003
mix_UI_ST_5400_213,0.0024844082428353725
cauldron_ln_1853,0.7076264208583746
mix_SI_UT_5400_446,0.0022699836155305343
cauldron_ln_14026,0.764140103156787
mix_UI_ST_5400_1260,0.0016820212640139024
cauldron_ln_21653,0.6980382502555752
mix_SI_UT_5400_508,0.0026666185877519365
mix_SI_UT_5400_532,0.0018627975580466866
cauldron_ln_16789,0.7500592911579882
mix_UI_ST_5400_856,0.0023227862427597514
mix_UI_ST_5400_1034,0.004742763366640802
cauldron_ln_11205,0.6686686378250374
mix_UI_ST_5400_562,0.0021301317041858207
mix_UI_ST_5400_1261,0.003107413994697637
mix_SI_UT_5400_962,0.002622780893531527
mix_UI_ST_5400_478,0.0017541262588326452
mix_SI_UT_5400_99,0.0021514203816894494
cauldron_ln_12588,0.6899530227569047
mix_UI_ST_5400_143,0.0014110159580080414
mix_UI_ST_5400_108,0.0021930697614345423
mix_UI_ST_5400_201,0.002996712161031706
mix_UI_ST_5400_934,0.002378279799326213
cauldron_ln_24658,0.7442786745818714
cauldron_ln_4606,0.7396006519778142
cauldron_ln_4370,0.6171375280145689
cauldron_ln_15212,0.7032348734335925
mix_SI_UT_5400_273,0.0019230057955607457
mix_SI_UT_5400_1282,0.0017181639101062985
mix_SI_UT_5400_1461,0.0025892845356469646
cauldron_ln_4611,0.7160308227660033
cauldron_ln_148,0.6047727012991819
mix_UI_ST_5400_171,0.0013213568562063847
cauldron_ln_29330,0.7622380292874031
mix_SI_UT_5400_1444,0.003939515987824569
cauldron_ln_15849,0.7837363475360816
mix_SI_UT_5400_1079,0.0026799252431023274
cauldron_ln_27996,0.7251698927254985
mix_UI_ST_5400_1328,0.003141288149056986
cauldron_ln_308,0.6210519006135313
cauldron_ln_1385,0.7329070738388545
cauldron_ln_13559,0.7880234773156518
cauldron_ln_24016,0.6642684230458382
mix_SI_UT_5400_1437,0.0018962977269115309
mix_SI_UT_5400_1417,0.0016585741535685105
mix_UI_ST_5400_608,0.002178512785515553
cauldron_ln_26962,0.7083756030754902
mix_UI_ST_5400_1431,0.002054745980707273
cauldron_ln_4251,0.42292534280656596
cauldron_ln_7620,0.66517404982365
mix_UI_ST_5400_866,0.0015452651391096727
cauldron_ln_28642,0.7370287334158475
cauldron_ln_4319,0.5933872153257478
mix_SI_UT_5400_747,0.00191457665501736
mix_UI_ST_5400_976,0.0020047241346088404
cauldron_ln_20184,0.7107170225691476
mix_SI_UT_5400_769,0.0018498699334909717
mix_SI_UT_5400_1338,0.0022181409782447126
cauldron_ln_1588,0.6708001582760693
mix_UI_ST_5400_1416,0.0024771024197094258
cauldron_ln_9076,0.7765942664791451
cauldron_ln_21341,0.7810082442790758
mix_UI_ST_5400_1172,0.002865666544424893
mix_SI_UT_5400_443,0.0021416643398313273
cauldron_ln_17500,0.6817910184896764
cauldron_ln_7511,0.7792546184603251
cauldron_ln_10086,0.779496986313283
mix_UI_ST_5400_671,0.00198004740065977
mix_SI_UT_5400_1413,0.0033832179407625824
mix_SI_UT_5400_440,0.0016421534478651494
cauldron_ln_23100,0.7713123277983956
cauldron_ln_16900,0.6823124463742208
mix_SI_UT_5400_1267,0.003705904945153153
mix_SI_UT_5400_555,0.0017343681919172816
cauldron_ln_26119,0.6831626857770619
mix_SI_UT_5400_196,0.0016671639519449347
mix_SI_UT_5400_0,0.0013445345008262204
cauldron_ln_18068,0.6521701146164265
mix_SI_UT_5400_1443,0.002563644933875579
mix_UI_ST_5400_910,0.0020920710055632487
mix_SI_UT_5400_930,0.0022684970034642688
cauldron_ln_5488,0.7861761735519726
cauldron_ln_4996,0.7816379304979524
mix_SI_UT_5400_1064,0.0030639658893458007
mix_UI_ST_5400_1446,0.0024614020698607146
mix_UI_ST_5400_1421,0.002447614112676962
mix_SI_UT_5400_965,0.002267059830508351
mix_UI_ST_5400_306,0.0017625046113397566
cauldron_ln_26059,0.7870897661671235
cauldron_ln_21753,0.7495069626581604
cauldron_ln_29556,0.6631895997447902
cauldron_ln_23054,0.7281226998965967
cauldron_ln_3408,0.712771393377472
cauldron_ln_23291,0.7220738154034508
cauldron_ln_8958,0.776011580687767
mix_SI_UT_5400_1345,0.0024555130171560655
cauldron_ln_3256,0.7934085142837781
mix_UI_ST_5400_595,0.0018525981317294902
cauldron_ln_25118,0.8184677598835535
cauldron_ln_15965,0.7407310360984469
mix_SI_UT_5400_321,0.0013434497467386755
cauldron_ln_12660,0.7138440260920791
cauldron_ln_27846,0.7749853026048689
cauldron_ln_25807,0.7648168863755479
mix_SI_UT_5400_1309,0.001857915894606343
cauldron_ln_17901,0.7893124975011115
cauldron_ln_29501,0.805073730217175
mix_SI_UT_5400_911,0.0014742613878820307
cauldron_ln_595,0.69223550253982
cauldron_ln_3863,0.7171622905985819
mix_UI_ST_5400_914,0.0025951795835016393
cauldron_ln_12357,0.677685171805852
cauldron_ln_17390,0.6787736327016679
mix_SI_UT_5400_1195,0.003162351742419174
mix_UI_ST_5400_461,0.0028513933635908517
mix_SI_UT_5400_103,0.002907198858109462
mix_UI_ST_5400_1222,0.0030168013233577507
mix_UI_ST_5400_17,0.00242028984487933
cauldron_ln_3480,0.5410960220383558
mix_UI_ST_5400_842,0.0027433327148226436
cauldron_ln_4383,0.6868965381010729
cauldron_ln_20799,0.7575611064471041
mix_UI_ST_5400_1387,0.0027390728422903017
mix_UI_ST_5400_483,0.0018502890934134278
mix_UI_ST_5400_1424,0.002247769094409465
mix_UI_ST_5400_392,0.0024810254914754333
mix_UI_ST_5400_1256,0.0025259547828746613
mix_SI_UT_5400_501,0.0019580077602256944
mix_UI_ST_5400_1477,0.002907958812266318
mix_SI_UT_5400_31,0.0009611715019232961
mix_UI_ST_5400_36,0.0020841289046355247
mix_SI_UT_5400_1273,0.0014214601028664081
mix_SI_UT_5400_1482,0.0022068392416161836
cauldron_ln_21286,0.8337687283774181
mix_SI_UT_5400_998,0.0026993926160468456
cauldron_ln_18816,0.7519858945720946
cauldron_ln_1133,0.6286403454183013
cauldron_ln_15388,0.7527020318442662
mix_SI_UT_5400_233,0.0023179745080108417
cauldron_ln_14165,0.6648175841100676
mix_SI_UT_5400_360,0.0023907126660762854
cauldron_ln_18780,0.7587572642294134
cauldron_ln_25942,0.8029175876200839
cauldron_ln_23565,0.6928483778632404
mix_UI_ST_5400_1388,0.0043926537125325025
mix_UI_ST_5400_368,0.0022306330574816896
cauldron_ln_14906,0.7520986994319755
mix_UI_ST_5400_474,0.0023520015816877204
mix_SI_UT_5400_1270,0.002357336380363805
mix_UI_ST_5400_925,0.0023622466060677512
mix_SI_UT_5400_120,0.0017949996410151837
mix_UI_ST_5400_253,0.001836255064561956
mix_SI_UT_5400_798,0.0022668331431683875
mix_UI_ST_5400_188,0.003366191467471157
cauldron_ln_20716,0.8251131845837872
mix_UI_ST_5400_755,0.002544942412260428
mix_SI_UT_5400_1006,0.003022933561297726
mix_SI_UT_5400_1215,0.0031984148096724937
cauldron_ln_26624,0.5015480127535841
cauldron_ln_209,0.6000549981855068
cauldron_ln_21636,0.6597379829547352
cauldron_ln_27646,0.7425652434159898
mix_UI_ST_5400_1058,0.003250897396500992
cauldron_ln_7404,0.78302092315985
mix_SI_UT_5400_725,0.0017177607108359906
cauldron_ln_29835,0.7591804538391418
mix_SI_UT_5400_89,0.0020947589617838756
mix_UI_ST_5400_49,0.001852762224429708
cauldron_ln_22002,0.811404645899514
cauldron_ln_15013,0.7506183821899498
cauldron_ln_23439,0.7085074950860074
mix_UI_ST_5400_873,0.002077545411784263
mix_UI_ST_5400_516,0.002254692224344512
cauldron_ln_8154,0.5949891286465679
mix_UI_ST_5400_81,0.0023100848325981094
mix_SI_UT_5400_1203,0.0022875472391836378
cauldron_ln_27451,0.7932475420884304
mix_UI_ST_5400_1040,0.0034194526812346975
cauldron_ln_1404,0.5909270536949532
mix_UI_ST_5400_760,0.0028305360522127526
mix_SI_UT_5400_96,0.001997390556516696
cauldron_ln_13365,0.7498222501973277
mix_SI_UT_5400_224,0.00291529427352148
cauldron_ln_22626,0.7545736418364103
cauldron_ln_2408,0.7589923408789216
mix_SI_UT_5400_655,0.0015217946109283363
mix_SI_UT_5400_425,0.002401265312546408
mix_SI_UT_5400_1321,0.002589267566796872
mix_UI_ST_5400_955,0.0018678985054932727
cauldron_ln_5592,0.7039828036694649
mix_UI_ST_5400_128,0.0013968755519771336
mix_SI_UT_5400_428,0.0024642766130890527
cauldron_ln_11037,0.7011352010555907
cauldron_ln_6711,0.7461343757888262
mix_SI_UT_5400_80,0.002665110594357005
mix_UI_ST_5400_783,0.002262642857231299
mix_UI_ST_5400_1120,0.0028645335370576343
mix_SI_UT_5400_680,0.0023130221951277712
mix_UI_ST_5400_62,0.0016132796529060806
cauldron_ln_18773,0.7603705973503212
cauldron_ln_12062,0.8248802980857162
cauldron_ln_2587,0.7442238299542945
cauldron_ln_8513,0.7727655581989864
cauldron_ln_23014,0.5984290384206572
cauldron_ln_3366,0.5963873707139706
mix_SI_UT_5400_71,0.0020975329681610327
mix_SI_UT_5400_1018,0.002415262327584567
mix_UI_ST_5400_297,0.0022302480252651647
cauldron_ln_10125,0.5959162526865357
cauldron_ln_13072,0.78003172292482
cauldron_ln_6713,0.6405079764378491
cauldron_ln_17171,0.7471121502560725
mix_SI_UT_5400_1252,0.0020870816920725913
mix_SI_UT_5400_266,0.002097671722812213
mix_UI_ST_5400_1051,0.0017746804069051945
cauldron_ln_15015,0.7999532744909735
cauldron_ln_28632,0.7345084064736436
mix_SI_UT_5400_917,0.001883388710390682
mix_SI_UT_5400_348,0.00224596961140876
cauldron_ln_18641,0.7197903484402479
cauldron_ln_1759,0.5912409316036863
mix_UI_ST_5400_684,0.002074980342899668
cauldron_ln_17447,0.694119615159423
cauldron_ln_8751,0.712780387457325
mix_UI_ST_5400_394,0.0012516824450819317
mix_UI_ST_5400_301,0.003195266678477846
mix_SI_UT_5400_73,0.0020373079869365988
cauldron_ln_9351,0.6934273477376898
cauldron_ln_16813,0.736876358235849
mix_SI_UT_5400_682,0.0026623585805169462
cauldron_ln_28248,0.6193866899473206
cauldron_ln_27142,0.7682431281650771
mix_SI_UT_5400_1429,0.003877080970988543
mix_SI_UT_5400_374,0.002407722668384141
cauldron_ln_16067,0.7375082154192555
cauldron_ln_13320,0.7237355557727805
mix_SI_UT_5400_280,0.002212293686431057
cauldron_ln_7749,0.6242681203998833
mix_SI_UT_5400_13,0.001452938132248716
mix_SI_UT_5400_173,0.0016901997149698486
cauldron_ln_8325,0.8136202282725143
cauldron_ln_6180,0.7323958028702203
mix_UI_ST_5400_764,0.003045682906632993
cauldron_ln_22690,0.701832555855575
cauldron_ln_18143,0.7806802789124409
mix_UI_ST_5400_291,0.002136895285143096
cauldron_ln_26253,0.610243298459631
cauldron_ln_16210,0.8099593977973544
cauldron_ln_17795,0.7763312016565261
mix_UI_ST_5400_443,0.0020481401870614184
mix_UI_ST_5400_1089,0.002732884220708445
cauldron_ln_28264,0.7295455170566173
mix_UI_ST_5400_908,0.002287618686908448
mix_SI_UT_5400_945,0.0023720872804409584
mix_UI_ST_5400_227,0.0017008153446685965
mix_SI_UT_5400_1148,0.0022056713193376637
mix_UI_ST_5400_1185,0.0030714600041281373
mix_UI_ST_5400_1247,0.004084092964685869
cauldron_ln_3906,0.7609523853363318
mix_SI_UT_5400_1313,0.00202582743371717
cauldron_ln_9806,0.6459821134013106
mix_UI_ST_5400_1454,0.0023560522185066303
mix_SI_UT_5400_1415,0.002318797145805199
mix_UI_ST_5400_993,0.0025423278099324536
mix_UI_ST_5400_369,0.0014279030418887016
mix_SI_UT_5400_742,0.0022351723405992516
mix_UI_ST_5400_965,0.0031386139495336632
mix_SI_UT_5400_1159,0.0026305930557837826
cauldron_ln_29559,0.4684020619100235
mix_SI_UT_5400_888,0.0029417960281417424
mix_SI_UT_5400_855,0.0019759203860003527
cauldron_ln_13165,0.7851854218457921
cauldron_ln_24218,0.7404908480652939
mix_SI_UT_5400_1414,0.0022785448616489024
cauldron_ln_8928,0.7162335413726422
mix_SI_UT_5400_650,0.0017545522666253444
mix_UI_ST_5400_1271,0.0023111090874082456
mix_SI_UT_5400_1316,0.002454882706874368
mix_UI_ST_5400_661,0.0031509306048452842
mix_UI_ST_5400_978,0.002082126971358313
mix_SI_UT_5400_417,0.0019908653731527596
cauldron_ln_23135,0.5722986271208488
mix_UI_ST_5400_398,0.0022545300338732447
cauldron_ln_8244,0.7899417810949556
mix_SI_UT_5400_1347,0.0028238311846152625
cauldron_ln_23130,0.7494699395809288
mix_UI_ST_5400_1358,0.0027713821169011725
mix_SI_UT_5400_871,0.0022107715204477403
mix_SI_UT_5400_1164,0.0021087528262691145
cauldron_ln_29887,0.8161232875829819
cauldron_ln_3388,0.7945988379301766
cauldron_ln_12944,0.627067922419689
mix_UI_ST_5400_505,0.0015381103294935979
cauldron_ln_4161,0.7650847273954089
cauldron_ln_7445,0.6454531431713585
mix_UI_ST_5400_1391,0.002882592121341805
mix_SI_UT_5400_1354,0.002315487312695895
mix_UI_ST_5400_155,0.0024523846817076636
cauldron_ln_17399,0.6845586615819416
cauldron_ln_6777,0.6655586477136581
cauldron_ln_3869,0.778429398435626
mix_SI_UT_5400_632,0.0028596927620237506
mix_SI_UT_5400_944,0.0020389193933225184
mix_SI_UT_5400_1109,0.0029075686161463775
mix_UI_ST_5400_960,0.0017791249721850358
mix_SI_UT_5400_710,0.0018214010414337436
cauldron_ln_18378,0.7428654845910512
cauldron_ln_13816,0.7151731535488057
cauldron_ln_21654,0.7880376981819601
cauldron_ln_14213,0.7054603592756294
cauldron_ln_16706,0.8115743311638366
cauldron_ln_18622,0.7819037137650149
cauldron_ln_22995,0.6707355550581214
cauldron_ln_6518,0.77391569378774
mix_UI_ST_5400_1352,0.002531131488625185
mix_UI_ST_5400_586,0.002149991547078542
mix_UI_ST_5400_700,0.0024433422724202533
cauldron_ln_17240,0.5534436838957585
cauldron_ln_27730,0.7303610758195893
mix_UI_ST_5400_508,0.0022734549227801013
cauldron_ln_11336,0.6920141858107827
mix_UI_ST_5400_1380,0.001352189673430841
cauldron_ln_26964,0.8070090581973761
cauldron_ln_15771,0.7788158215443006
mix_UI_ST_5400_635,0.0030344413159249365
cauldron_ln_15546,0.6385910013903184
cauldron_ln_14366,0.7441714121046648
cauldron_ln_25571,0.7104647594397226
cauldron_ln_9580,0.5310311311825852
cauldron_ln_1147,0.6430524324660222
cauldron_ln_11375,0.7960027962106596
cauldron_ln_20179,0.6636914087931385
mix_SI_UT_5400_540,0.002368534104324222
mix_UI_ST_5400_98,0.0017248159779413386
mix_SI_UT_5400_826,0.0011250643933171554
mix_UI_ST_5400_1126,0.001909313207992932
cauldron_ln_22598,0.6663556138022789
mix_SI_UT_5400_1442,0.0036558713929230042
mix_SI_UT_5400_1033,0.003444623447168321
mix_UI_ST_5400_1333,0.0028062011968488254
mix_UI_ST_5400_77,0.0016015177431472753
mix_UI_ST_5400_43,0.0020579232313129047
mix_UI_ST_5400_1004,0.002980561758514766
mix_UI_ST_5400_563,0.00172680496298641
cauldron_ln_3996,0.743268663894199
cauldron_ln_24640,0.7767225635347516
cauldron_ln_19145,0.6488122704132254
mix_UI_ST_5400_11,0.0017999604676796279
cauldron_ln_26738,0.6281666892813582
mix_SI_UT_5400_373,0.002352466513862666
mix_SI_UT_5400_1320,0.0022025498139664475
mix_UI_ST_5400_56,0.0029264439714768906
mix_UI_ST_5400_1323,0.0018527189372057338
cauldron_ln_4946,0.7904349276829771
mix_SI_UT_5400_230,0.0018506856600887427
cauldron_ln_13563,0.78549568758844
cauldron_ln_23479,0.7535122552389427
mix_UI_ST_5400_1283,0.0016861204489268427
cauldron_ln_28267,0.7620982491024239
cauldron_ln_24420,0.42864266215091057
mix_SI_UT_5400_981,0.0015115086950383031
mix_SI_UT_5400_1396,0.0020921015970600744
cauldron_ln_27807,0.7151555323239677
cauldron_ln_22265,0.5220708600125041
cauldron_ln_21549,0.7426216336566397
cauldron_ln_24567,0.6486948503230167
cauldron_ln_25451,0.8075812132548972
mix_SI_UT_5400_567,0.0022728524620233875
mix_SI_UT_5400_311,0.001555163956160343
mix_UI_ST_5400_376,0.00187107385505764
mix_UI_ST_5400_1147,0.002681342616052324
mix_SI_UT_5400_1167,0.0029216493553147773
mix_UI_ST_5400_436,0.0023664774863943754
cauldron_ln_19527,0.7690767096446056
cauldron_ln_16475,0.7120117901667172
cauldron_ln_2730,0.6068430327164852
cauldron_ln_28871,0.7976408895736382
mix_UI_ST_5400_886,0.0017227929934774118
cauldron_ln_6014,0.7211611546500919
cauldron_ln_7530,0.6884876560429564
cauldron_ln_11799,0.8169723369370065
cauldron_ln_12531,0.8035002125820929
cauldron_ln_23062,0.644661261961422
mix_SI_UT_5400_1054,0.0024640240752330004
cauldron_ln_6417,0.7484428090887714
mix_UI_ST_5400_1115,0.002286118705513225
cauldron_ln_17894,0.5319664346857153
mix_SI_UT_5400_1104,0.00235823876010337
mix_UI_ST_5400_1418,0.001651239555242214
mix_UI_ST_5400_945,0.002430030009732832
cauldron_ln_15376,0.7873779111800172
mix_SI_UT_5400_851,0.002613709117835594
cauldron_ln_4105,0.770218820659335
mix_UI_ST_5400_138,0.0023994330834167512
cauldron_ln_14698,0.780748026900656
cauldron_ln_6529,0.6162207328216744
cauldron_ln_7990,0.5387399740555036
mix_SI_UT_5400_60,0.0027531893183292177
cauldron_ln_1645,0.7025046017879202
mix_UI_ST_5400_395,0.002544521010787396
cauldron_ln_2487,0.7452795412963972
mix_SI_UT_5400_20,0.0030069685789599026
cauldron_ln_12867,0.7434550517021755
mix_UI_ST_5400_711,0.002158150686351244
cauldron_ln_12122,0.6809625894268044
cauldron_ln_16734,0.6760940910514489
mix_SI_UT_5400_207,0.0018363866641788373
cauldron_ln_5697,0.8217781343377418
cauldron_ln_3185,0.7312796239862953
mix_SI_UT_5400_388,0.002580781575419157
mix_UI_ST_5400_1002,0.0025485753732915014
mix_SI_UT_5400_927,0.0021051753725223107
mix_SI_UT_5400_1221,0.0020286453364715125
cauldron_ln_3613,0.5899267279828808
cauldron_ln_5046,0.6652134186056873
cauldron_ln_22967,0.7541766929161994
cauldron_ln_3533,0.7519193516887855
cauldron_ln_15775,0.7330730668252445
cauldron_ln_6282,0.7526444651853902
mix_UI_ST_5400_1011,0.001979090492573911
mix_SI_UT_5400_909,0.002244307404059758
cauldron_ln_10239,0.6825304228549672
mix_UI_ST_5400_896,0.002151747783413628
mix_SI_UT_5400_529,0.0016973214838828848
mix_SI_UT_5400_454,0.0023333738044358527
cauldron_ln_1868,0.7738570441673613
mix_SI_UT_5400_545,0.002074931145030074
cauldron_ln_17475,0.751315285033991
mix_UI_ST_5400_1383,0.0023533923410405957
mix_SI_UT_5400_991,0.00268514634311316
mix_SI_UT_5400_274,0.0028255876547650864
cauldron_ln_14761,0.7845942419782277
mix_UI_ST_5400_449,0.0025746244030780564
cauldron_ln_28224,0.735696659396503
mix_SI_UT_5400_1152,0.002939198616324875
cauldron_ln_1267,0.7322987040021708
mix_UI_ST_5400_451,0.0028095587425985076
mix_SI_UT_5400_1260,0.0021587161479451962
cauldron_ln_26791,0.7441921878629584
cauldron_ln_21868,0.7288950844785923
mix_UI_ST_5400_385,0.001802882642405527
mix_UI_ST_5400_1332,0.002510872051900846
mix_UI_ST_5400_1080,0.001711634850550945
cauldron_ln_9876,0.8315792228021033
cauldron_ln_3389,0.6990733322955992
cauldron_ln_3419,0.7299669272291213
cauldron_ln_7377,0.6983267931313062
mix_SI_UT_5400_727,0.0025484571788313387
cauldron_ln_15394,0.677647234846613
cauldron_ln_6749,0.766553322413594
mix_SI_UT_5400_1197,0.001971693427276211
cauldron_ln_20334,0.7708308092393862
cauldron_ln_23163,0.7646072863906012
mix_UI_ST_5400_947,0.002007498379158201
cauldron_ln_6764,0.6706720068611833
mix_UI_ST_5400_601,0.0018026030337950378
cauldron_ln_13822,0.7765811940953729
mix_SI_UT_5400_271,0.0022036578565950756
cauldron_ln_445,0.6991737385580218
cauldron_ln_27272,0.785491528998076
cauldron_ln_14965,0.6911405440175534
mix_UI_ST_5400_136,0.0019138075697592888
mix_UI_ST_5400_123,0.0016643317384030974
cauldron_ln_21529,0.6615571001132456
mix_UI_ST_5400_614,0.001968662354387669
cauldron_ln_14892,0.6951484474189674
mix_UI_ST_5400_34,0.0022947465513754165
cauldron_ln_12009,0.760796956650099
mix_UI_ST_5400_1472,0.002824882914403123
mix_SI_UT_5400_364,0.0019847049304064232
cauldron_ln_15396,0.6402103493320067
cauldron_ln_4362,0.7189191802746875
mix_UI_ST_5400_71,0.0014017662457851202
mix_UI_ST_5400_365,0.0015200483365642116
mix_SI_UT_5400_789,0.002549597426036928
mix_UI_ST_5400_346,0.001768631376258262
mix_SI_UT_5400_809,0.002510112670911582
mix_UI_ST_5400_644,0.002134510275123977
cauldron_ln_25862,0.8373073730711181
cauldron_ln_11830,0.6642131202994748
cauldron_ln_21208,0.6899108694464252
mix_SI_UT_5400_1300,0.0021476189211953978
cauldron_ln_3110,0.5068026348420275
mix_SI_UT_5400_1058,0.002298204013245413
mix_SI_UT_5400_556,0.0013306999119630679
mix_UI_ST_5400_22,0.0017047800361379276
mix_SI_UT_5400_691,0.0037577327130121404
cauldron_ln_8414,0.6651291861554584
cauldron_ln_12572,0.7002267788686727
mix_SI_UT_5400_1032,0.0017378606253099674
mix_SI_UT_5400_444,0.002322686815619915
mix_SI_UT_5400_1186,0.0027933812828182824
cauldron_ln_13048,0.6794408935528438
cauldron_ln_15964,0.7934594770120188
cauldron_ln_153,0.6543067522735486
mix_SI_UT_5400_1262,0.0030813982074063416
cauldron_ln_15623,0.8472013098930685
cauldron_ln_24285,0.7083096506256679
mix_UI_ST_5400_325,0.0024341179832154543
cauldron_ln_28917,0.717812162361036
cauldron_ln_29924,0.7496749586057229
mix_SI_UT_5400_474,0.0018099034953773837
cauldron_ln_925,0.6870188964669128
mix_SI_UT_5400_490,0.004127215305007874
cauldron_ln_20811,0.7921731691040139
cauldron_ln_15907,0.769686944019094
cauldron_ln_5986,0.6853391579208351
mix_SI_UT_5400_1361,0.0032438425090577975
mix_SI_UT_5400_1029,0.002527017431586048
mix_SI_UT_5400_1147,0.002228436850894025
mix_SI_UT_5400_729,0.001966703944886777
mix_SI_UT_5400_267,0.0026174377721789595
mix_SI_UT_5400_1398,0.002851502722881595
cauldron_ln_20681,0.6452605413526703
mix_SI_UT_5400_979,0.0010886141582191126
mix_SI_UT_5400_753,0.0017290215257756059
cauldron_ln_15815,0.7357271094379603
cauldron_ln_17140,0.8079186570285763
mix_SI_UT_5400_303,0.003035271674185214
mix_SI_UT_5400_928,0.002644291367162378
mix_UI_ST_5400_1153,0.003579088288568238
cauldron_ln_27753,0.6640133711238282
cauldron_ln_21153,0.7583217292000606
mix_UI_ST_5400_393,0.0022406721106307506
mix_SI_UT_5400_1190,0.0031650645151317866
cauldron_ln_18592,0.6895411793996457
cauldron_ln_19629,0.7138813080921383
mix_UI_ST_5400_712,0.0021943833220725143
cauldron_ln_5853,0.6222244676736919
mix_UI_ST_5400_503,0.003686654995583264
mix_UI_ST_5400_1188,0.0032345280640922887
cauldron_ln_27931,0.654058075768403
cauldron_ln_9883,0.7392832662219962
mix_UI_ST_5400_718,0.0025772008368341102
mix_UI_ST_5400_1112,0.0037612511972500854
cauldron_ln_21807,0.7690851922812022
mix_SI_UT_5400_1400,0.0020428384294927195
cauldron_ln_18891,0.7805640756203165
cauldron_ln_26788,0.618378262251669
mix_SI_UT_5400_578,0.0021444328873010533
mix_UI_ST_5400_1372,0.0022213221815877847
mix_SI_UT_5400_631,0.002237322924407551
cauldron_ln_9334,0.7933393400362106
mix_SI_UT_5400_1371,0.003771155081527137
cauldron_ln_3453,0.7171190583049758
cauldron_ln_4110,0.7545640196818876
cauldron_ln_19238,0.6803316823752167
cauldron_ln_20095,0.6686473059273097
cauldron_ln_9407,0.8143831180176146
cauldron_ln_23229,0.743939133399093
cauldron_ln_14042,0.7073033064528368
mix_UI_ST_5400_1123,0.0035383570736695195
mix_SI_UT_5400_721,0.0023099389853254533
mix_SI_UT_5400_1189,0.0021487868048131156
cauldron_ln_5979,0.6491496711880979
cauldron_ln_18314,0.7473216877308275
cauldron_ln_29373,0.7191028750447972
mix_SI_UT_5400_1322,0.0025376014054885126
mix_UI_ST_5400_826,0.002385327224463127
mix_UI_ST_5400_506,0.002252499972154027
mix_SI_UT_5400_1465,0.0018905140370950061
mix_UI_ST_5400_799,0.002579722844934499
cauldron_ln_1033,0.770492351518597
mix_SI_UT_5400_1454,0.0024511367320080375
cauldron_ln_16680,0.7304855071311382
mix_UI_ST_5400_1158,0.0012441547626690105
mix_UI_ST_5400_111,0.0026483215142056294
cauldron_ln_24909,0.7442866898331806
cauldron_ln_24503,0.668987745443697
mix_SI_UT_5400_666,0.001914864444121639
mix_UI_ST_5400_869,0.002282623520257106
mix_UI_ST_5400_1186,0.0035900268348696123
cauldron_ln_23459,0.7557391513474864
cauldron_ln_10632,0.6299605671024938
mix_SI_UT_5400_250,0.0017936344485832494
cauldron_ln_7509,0.723857240628643
mix_UI_ST_5400_371,0.0020290973103006737
mix_SI_UT_5400_1092,0.0018389478801178487
mix_SI_UT_5400_1286,0.0026385450858848465
cauldron_ln_4117,0.8328856332377617
mix_SI_UT_5400_24,0.0016764318719391777
mix_SI_UT_5400_102,0.0021177612684150347
cauldron_ln_17,0.6628665748212298
cauldron_ln_26430,0.6455159436212364
mix_SI_UT_5400_575,0.0044608828658163424
cauldron_ln_13979,0.5593944046748573
mix_SI_UT_5400_774,0.0019304922708538001
cauldron_ln_22954,0.5635566711830151
cauldron_ln_2880,0.7610982689583772
cauldron_ln_10776,0.7711784162752453
cauldron_ln_16517,0.7070239602367369
mix_SI_UT_5400_174,0.002926351245807648
cauldron_ln_6622,0.7766826843582249
mix_UI_ST_5400_389,0.0020741244077209374
mix_SI_UT_5400_926,0.0017817294261663061
cauldron_ln_2001,0.6689517845217038
mix_UI_ST_5400_452,0.0018326300685474596
cauldron_ln_2026,0.6571254459551309
mix_SI_UT_5400_950,0.002305100987356285
mix_UI_ST_5400_269,0.0019005712083725189
cauldron_ln_14830,0.7594806998981322
mix_SI_UT_5400_1367,0.004032282836812575
mix_SI_UT_5400_239,0.002381354542690691
cauldron_ln_23040,0.706122923036897
mix_UI_ST_5400_773,0.00223778955660451
mix_UI_ST_5400_333,0.003215920137920833
mix_UI_ST_5400_342,0.0023123918031205176
mix_UI_ST_5400_745,0.0014275690458689708
mix_UI_ST_5400_439,0.0028568847583076364
cauldron_ln_8752,0.767862869833231
mix_UI_ST_5400_75,0.002513587759493914
mix_SI_UT_5400_566,0.002481464091310818
mix_UI_ST_5400_522,0.001499273650827982
cauldron_ln_25813,0.7013697750965598
mix_SI_UT_5400_334,0.002508149685959035
cauldron_ln_16716,0.6788585207972877
mix_UI_ST_5400_411,0.0022680401300574416
mix_UI_ST_5400_314,0.0020771174154154046
cauldron_ln_16863,0.8136447151211464
cauldron_ln_11245,0.7596848735044875
cauldron_ln_24618,0.7787391062436078
cauldron_ln_13684,0.677287803624895
mix_SI_UT_5400_976,0.0025931614235700437
cauldron_ln_11231,0.647815618529161
mix_UI_ST_5400_946,0.002892883844377266
cauldron_ln_8563,0.7884750251577745
mix_UI_ST_5400_86,0.0017102853156285853
mix_SI_UT_5400_264,0.002268258358152815
cauldron_ln_13845,0.7539248972494917
mix_SI_UT_5400_583,0.002042744999997305
mix_UI_ST_5400_1064,0.0013382627342640393
cauldron_ln_16452,0.734845565727707
mix_SI_UT_5400_838,0.0018720310409890211
mix_SI_UT_5400_183,0.0019035408087760123
mix_UI_ST_5400_157,0.0017112659516365268
mix_SI_UT_5400_1296,0.002967760585807363
mix_UI_ST_5400_1163,0.0020584272528227153
mix_SI_UT_5400_1108,0.002399543663442727
cauldron_ln_14314,0.803227720538388
mix_SI_UT_5400_527,0.0015830546703642175
mix_UI_ST_5400_1362,0.0016000051975855764
mix_UI_ST_5400_998,0.0023545756013082435
cauldron_ln_16903,0.6748874652989023
cauldron_ln_29432,0.6787948013552645
cauldron_ln_29917,0.7340126717803067
cauldron_ln_13460,0.7523216478144047
mix_SI_UT_5400_904,0.0027587460990706283
cauldron_ln_17684,0.6683521149079152
cauldron_ln_27781,0.688331712598709
mix_SI_UT_5400_203,0.00189339690655606
cauldron_ln_9678,0.7488954169318182
mix_UI_ST_5400_446,0.0023590319089563092
mix_UI_ST_5400_33,0.002962448444770589
cauldron_ln_766,0.7398007073375826
cauldron_ln_25560,0.6958823246373051
mix_SI_UT_5400_661,0.0039472286914902874
cauldron_ln_15846,0.6958781186233021
cauldron_ln_11095,0.7380276666482545
mix_UI_ST_5400_1191,0.0021812657901378214
mix_SI_UT_5400_1314,0.0018217773817421547
mix_UI_ST_5400_615,0.00163319747781838
mix_SI_UT_5400_1470,0.003145996243856987
mix_UI_ST_5400_1180,0.0022969464156390343
cauldron_ln_5041,0.824451687288351
mix_SI_UT_5400_1237,0.0017598393514664686
cauldron_ln_3813,0.8181703590688673
cauldron_ln_29269,0.6609740258861045
mix_UI_ST_5400_321,0.0022908211354323257
mix_UI_ST_5400_1463,0.0019307417015403119
cauldron_ln_6549,0.8093063581843462
cauldron_ln_378,0.7513163543958362
mix_UI_ST_5400_682,0.0027427522204511996
mix_SI_UT_5400_1194,0.0024923763892425884
mix_SI_UT_5400_1012,0.001973927743472063
mix_SI_UT_5400_1232,0.00258564641930181
cauldron_ln_2584,0.5641574636907022
cauldron_ln_25772,0.7157154675640925
cauldron_ln_10435,0.7994071075584227
mix_UI_ST_5400_982,0.0019014984671421977
cauldron_ln_1798,0.787292967035008
mix_SI_UT_5400_1043,0.0024856080836508595
cauldron_ln_28090,0.6349511424061709
cauldron_ln_3973,0.6512283281790566
cauldron_ln_16538,0.5831521878456317
cauldron_ln_14237,0.7293401377778356
cauldron_ln_15038,0.5925171728331949
cauldron_ln_13169,0.6763797115590299
mix_SI_UT_5400_542,0.00289098576452384
mix_SI_UT_5400_734,0.002610850032044683
cauldron_ln_29759,0.6881622678988074
cauldron_ln_6033,0.7671357884656894
cauldron_ln_9891,0.7232457347949766
cauldron_ln_26583,0.7624879794775686
cauldron_ln_23047,0.5712715709975513
mix_UI_ST_5400_1318,0.002319127755502656
cauldron_ln_19519,0.7793201479965224
cauldron_ln_20677,0.8414849359009685
mix_SI_UT_5400_1125,0.0029464947066823225
mix_SI_UT_5400_369,0.0022982531743406323
cauldron_ln_29278,0.7473743880459015
cauldron_ln_13801,0.7311100397996022
mix_SI_UT_5400_706,0.002456511779743551
mix_UI_ST_5400_1000,0.0036963765275851864
mix_UI_ST_5400_721,0.002104377502425974
cauldron_ln_20615,0.7607803107639131
mix_SI_UT_5400_458,0.002866840149450572
mix_UI_ST_5400_794,0.0031267790324246464
mix_SI_UT_5400_1419,0.002516714143603192
cauldron_ln_1740,0.7739891298554147
cauldron_ln_9096,0.579598916221702
cauldron_ln_24457,0.7228428658088928
cauldron_ln_15048,0.7394430972330726
mix_UI_ST_5400_1345,0.00266741848895552
mix_UI_ST_5400_413,0.002867928712822173
mix_SI_UT_5400_1479,0.001972099989162928
cauldron_ln_1567,0.7470328697818819
mix_UI_ST_5400_694,0.0022275068077821157
mix_SI_UT_5400_1254,0.0023073535593557417
cauldron_ln_5806,0.7375152247576456
cauldron_ln_3373,0.8033681764380637
cauldron_ln_11356,0.759280088718944
cauldron_ln_4588,0.6012771929529583
mix_UI_ST_5400_1436,0.0012942138774564612
cauldron_ln_17179,0.6587464051497341
mix_UI_ST_5400_1238,0.0034604386903367974
mix_UI_ST_5400_1457,0.0035790102291156987
mix_SI_UT_5400_1014,0.003331614129890572
cauldron_ln_878,0.5913569947346796
cauldron_ln_7376,0.7247911865639474
cauldron_ln_19850,0.7767546071219567
mix_SI_UT_5400_619,0.0012131702478656024
cauldron_ln_27085,0.7973438407867243
cauldron_ln_18818,0.7909758398583229
cauldron_ln_21664,0.7597711259525286
mix_SI_UT_5400_139,0.0023177413918266795
mix_UI_ST_5400_462,0.0018464640702021418
cauldron_ln_12636,0.7810090507958086
mix_SI_UT_5400_837,0.0018700053189667958
cauldron_ln_6348,0.6908542565463867
mix_UI_ST_5400_202,0.002592915109359889
mix_UI_ST_5400_1086,0.0023569320428224873
cauldron_ln_25152,0.7624547954990619
mix_SI_UT_5400_993,0.0020478572132269614
mix_UI_ST_5400_1130,0.0022904260338805697
cauldron_ln_3984,0.6068260270760937
cauldron_ln_21400,0.7194402064919693
cauldron_ln_7605,0.7911760796369898
cauldron_ln_23746,0.7274875802458999
cauldron_ln_11274,0.7136162183559409
mix_UI_ST_5400_561,0.002614555071614
cauldron_ln_3589,0.6982867108913029
mix_SI_UT_5400_869,0.0010282447320229965
cauldron_ln_4405,0.7532051456589522
mix_UI_ST_5400_609,0.002401542312250375
cauldron_ln_7489,0.7559338349122647
cauldron_ln_4448,0.6804115705158653
mix_SI_UT_5400_153,0.0017331235916914415
mix_SI_UT_5400_1155,0.0023464911156885417
cauldron_ln_4788,0.7929958253570291
mix_UI_ST_5400_362,0.0017226177709868961
cauldron_ln_4210,0.5872879439396902
mix_SI_UT_5400_858,0.002260747089807874
cauldron_ln_21458,0.7479268896989709
cauldron_ln_14494,0.700704519973916
mix_SI_UT_5400_808,0.002997023343214077
cauldron_ln_7597,0.6960409745065093
cauldron_ln_24788,0.775248532163207
mix_UI_ST_5400_1292,0.0011628174658921207
mix_UI_ST_5400_1395,0.0017229820353637346
mix_UI_ST_5400_647,0.0015078786081339282
cauldron_ln_11680,0.6253538683619604
mix_SI_UT_5400_104,0.002505125297282512
mix_SI_UT_5400_423,0.003530768898270832
cauldron_ln_10967,0.7340365934360166
cauldron_ln_370,0.724906703013132
mix_SI_UT_5400_1430,0.00200719455545658
mix_UI_ST_5400_930,0.002300137234536354
mix_SI_UT_5400_138,0.002427650273400027
mix_UI_ST_5400_1470,0.0027664999033900953
mix_UI_ST_5400_339,0.0016311765062889444
mix_UI_ST_5400_1343,0.002135427823132442
cauldron_ln_27968,0.708779414467537
mix_UI_ST_5400_690,0.0021309169782836664
mix_SI_UT_5400_1341,0.0019803718848127798
mix_UI_ST_5400_1023,0.0019160229286164267
mix_UI_ST_5400_445,0.002610571109529155
cauldron_ln_18874,0.5698534538869123
cauldron_ln_12653,0.7790129878598646
mix_UI_ST_5400_932,0.0025482119153904157
mix_SI_UT_5400_1475,0.0027854696827112
cauldron_ln_9264,0.6224158344826258
cauldron_ln_18917,0.821686742650618
mix_SI_UT_5400_296,0.002337869933892879
mix_UI_ST_5400_894,0.002655419392052619
cauldron_ln_17043,0.7782884585452513
cauldron_ln_4316,0.730974910511453
mix_SI_UT_5400_1292,0.0029257443115770472
mix_UI_ST_5400_1461,0.0016293381751834324
cauldron_ln_12090,0.6725101759748516
mix_SI_UT_5400_970,0.00243034100198723
cauldron_ln_11756,0.7277449471718267
cauldron_ln_24931,0.6055430969623673
mix_SI_UT_5400_86,0.0018894399386153408
cauldron_ln_1229,0.6290607984481745
cauldron_ln_2777,0.7008130583504
cauldron_ln_23643,0.602950095126178
cauldron_ln_5672,0.7026871135288884
mix_UI_ST_5400_414,0.002646114527445467
mix_SI_UT_5400_559,0.002980538106600083
mix_UI_ST_5400_901,0.002402241916863786
cauldron_ln_15411,0.7932801848380998
cauldron_ln_7164,0.7509351086273931
cauldron_ln_14722,0.7030470125753706
mix_SI_UT_5400_1234,0.002356166603323625
cauldron_ln_19405,0.6962680553668502
cauldron_ln_18743,0.7777285236110457
cauldron_ln_15670,0.7201867377294991
cauldron_ln_9942,0.7721412629005194
cauldron_ln_16362,0.6844801186602842
cauldron_ln_29872,0.786490104132849
cauldron_ln_8437,0.8301518121224546
mix_SI_UT_5400_382,0.0018624468186905208
cauldron_ln_25854,0.808708085564439
mix_UI_ST_5400_374,0.002118650575844343
mix_UI_ST_5400_921,0.0033980318441226664
cauldron_ln_22652,0.8185970800882646
cauldron_ln_18215,0.7879822976877016
mix_SI_UT_5400_1362,0.0024121336851164943
mix_UI_ST_5400_219,0.0014469234761448069
mix_SI_UT_5400_1433,0.0019898127668024996
mix_UI_ST_5400_319,0.002120188833737649
mix_SI_UT_5400_97,0.0013665866873955337
mix_SI_UT_5400_802,0.0019005506608236135
cauldron_ln_17334,0.7387490411614726
mix_UI_ST_5400_1007,0.002186884539228142
cauldron_ln_9911,0.7580700251827781
mix_SI_UT_5400_52,0.0016005115931219695
cauldron_ln_9157,0.6543034136041934
cauldron_ln_7487,0.664238563618434
cauldron_ln_7852,0.6952827762094708
mix_SI_UT_5400_1357,0.002355134062314649
mix_SI_UT_5400_189,0.0020875965715494013
mix_SI_UT_5400_316,0.001911375783383455
mix_SI_UT_5400_702,0.002447092526163473
cauldron_ln_3676,0.6935948052723496
cauldron_ln_14951,0.6970126428124969
cauldron_ln_3211,0.5969651341346701
mix_SI_UT_5400_513,0.0037648017093359306
cauldron_ln_3063,0.7591456641032512
mix_SI_UT_5400_248,0.002310661108818801
cauldron_ln_15505,0.6781569109965603
cauldron_ln_11182,0.7505346625423586
cauldron_ln_3677,0.8305547328504244
mix_SI_UT_5400_1346,0.0025758653028122866
cauldron_ln_17074,0.6768644262350563
cauldron_ln_19091,0.7174417536972785
mix_UI_ST_5400_1254,0.0014900390464743112
mix_SI_UT_5400_678,0.0024289661750395643
cauldron_ln_26099,0.7462996075140175
mix_UI_ST_5400_1393,0.0019211993558422838
mix_SI_UT_5400_164,0.00248788842138506
mix_SI_UT_5400_581,0.00225132689970838
cauldron_ln_20676,0.646124505399616
mix_SI_UT_5400_1042,0.0035401435926201335
mix_SI_UT_5400_475,0.00287970791866589
mix_SI_UT_5400_357,0.0028847325305448473
cauldron_ln_2246,0.774482436911329
mix_UI_ST_5400_1016,0.002835896057272406
cauldron_ln_16589,0.6204931814642491
cauldron_ln_17379,0.6570280273051693
mix_SI_UT_5400_129,0.0023537781742732776
mix_UI_ST_5400_923,0.003055760415657077
cauldron_ln_17710,0.5694733882863183
mix_UI_ST_5400_648,0.0023497921041586555
mix_UI_ST_5400_555,0.0026649014259351998
cauldron_ln_26682,0.7244237659346051
cauldron_ln_16763,0.7002190372973044
cauldron_ln_28034,0.7239650558204179
cauldron_ln_23349,0.7666807901114233
cauldron_ln_14415,0.6784097285148952
mix_SI_UT_5400_1472,0.002770119854279682
mix_UI_ST_5400_300,0.0023386335807070104
mix_SI_UT_5400_124,0.001712129965267893
mix_UI_ST_5400_1409,0.002296076958811157
mix_UI_ST_5400_1013,0.0028134397372696547
cauldron_ln_18111,0.7117139562467284
mix_SI_UT_5400_1306,0.00199306010529881
cauldron_ln_4359,0.6577106081156222
mix_SI_UT_5400_50,0.0016912620847835613
mix_SI_UT_5400_323,0.002267256030809517
cauldron_ln_18951,0.7809308375299684
cauldron_ln_860,0.7586777606231468
mix_SI_UT_5400_1085,0.002815588279866168
mix_UI_ST_5400_1363,0.0024729198766852427
mix_SI_UT_5400_502,0.002478115120214232
mix_UI_ST_5400_770,0.0017545284245846333
cauldron_ln_13636,0.6822303251367878
mix_UI_ST_5400_994,0.0028568357015149046
cauldron_ln_14504,0.7290651913140247
mix_SI_UT_5400_573,0.0017969521216906008
mix_SI_UT_5400_845,0.001994914419867345
cauldron_ln_23336,0.7279842471392964
cauldron_ln_10507,0.6838533139480888
mix_SI_UT_5400_349,0.0023166783932542755
mix_SI_UT_5400_1056,0.002191206512631472
cauldron_ln_7437,0.8138050906958121
cauldron_ln_13007,0.7273134379612596
cauldron_ln_11676,0.7682224548270451
mix_UI_ST_5400_1427,0.002347426257501224
cauldron_ln_15198,0.7553486545758169
cauldron_ln_6053,0.788264535338444
mix_SI_UT_5400_568,0.002645682524434889
cauldron_ln_14774,0.7371039593383617
cauldron_ln_421,0.5011675549344643
cauldron_ln_6210,0.5901475901501699
cauldron_ln_13819,0.5272414091246624
mix_SI_UT_5400_210,0.0021745000547773352
cauldron_ln_9651,0.7650615046404445
cauldron_ln_16083,0.7179859433115294
cauldron_ln_15536,0.7786439487484084
mix_UI_ST_5400_747,0.0014325655298359993
cauldron_ln_21235,0.6912862533592595
mix_SI_UT_5400_194,0.0013623682217673812
cauldron_ln_15802,0.714344084477478
mix_UI_ST_5400_1429,0.002488075335252775
mix_SI_UT_5400_886,0.002242095373728039
mix_SI_UT_5400_127,0.002211307018103971
cauldron_ln_19596,0.7530744818649936
mix_SI_UT_5400_402,0.0017031686492784612
cauldron_ln_18022,0.713363863963545
mix_SI_UT_5400_1457,0.0036812330433543296
mix_SI_UT_5400_1199,0.002243156210922706
cauldron_ln_11442,0.7836090408294692
mix_SI_UT_5400_178,0.0020252221768486548
mix_UI_ST_5400_864,0.0032940782323980016
mix_SI_UT_5400_241,0.0026557167897569398
mix_UI_ST_5400_277,0.002816258145443835
mix_SI_UT_5400_860,0.0018772436566807194
mix_UI_ST_5400_973,0.001709154856639825
cauldron_ln_6867,0.7368093907006622
mix_UI_ST_5400_758,0.0034909117567074716
cauldron_ln_17831,0.818126989108402
mix_SI_UT_5400_1269,0.0027801208259226567
cauldron_ln_14522,0.7134180778892371
cauldron_ln_6223,0.6731995227435073
cauldron_ln_24821,0.6162845579429909
cauldron_ln_17435,0.7186403583254596
mix_SI_UT_5400_1110,0.0016969536544365969
mix_UI_ST_5400_1142,0.0013850181375593214
cauldron_ln_5819,0.7416035203687681
cauldron_ln_4761,0.6266723034742415
cauldron_ln_27023,0.8132906911971727
mix_UI_ST_5400_623,0.0024293026099988786
cauldron_ln_9369,0.7662125289614627
mix_UI_ST_5400_551,0.0026656084139486335
cauldron_ln_24753,0.7344567778579263
cauldron_ln_21612,0.7544088799130207
cauldron_ln_8713,0.7834624921848841
mix_SI_UT_5400_186,0.0014147486700479344
cauldron_ln_2877,0.71981596418683
mix_UI_ST_5400_788,0.002888237525871546
mix_UI_ST_5400_1214,0.00275750355797212
cauldron_ln_29736,0.6959367198543686
cauldron_ln_26010,0.732788952404313
mix_UI_ST_5400_1162,0.006028079834182111
mix_SI_UT_5400_905,0.0021444640064751637
cauldron_ln_177,0.6942147659387478
mix_UI_ST_5400_147,0.0016461653399947951
mix_UI_ST_5400_146,0.001653718327735213
mix_UI_ST_5400_384,0.002653777334311145
mix_UI_ST_5400_862,0.0022858589045166374
cauldron_ln_19632,0.8191203174299616
mix_UI_ST_5400_1488,0.0027914512878077723
mix_UI_ST_5400_584,0.002157465330930587
cauldron_ln_3883,0.769284498805711
mix_UI_ST_5400_295,0.0015512225494431831
mix_SI_UT_5400_1434,0.003256827704569754
cauldron_ln_6698,0.6935111664455623
cauldron_ln_16987,0.6952779260148159
cauldron_ln_4539,0.7077827180839671
mix_UI_ST_5400_835,0.002726892570846702
cauldron_ln_12698,0.5850852602722048
cauldron_ln_23389,0.5975623348836305
mix_UI_ST_5400_450,0.0035530242520042566
cauldron_ln_12902,0.7010502097470183
cauldron_ln_13564,0.8150837254485942
mix_UI_ST_5400_880,0.0022954958891614587
mix_SI_UT_5400_1191,0.0031845341489531204
mix_SI_UT_5400_522,0.003268379205255032
mix_UI_ST_5400_468,0.0016828032680058348
cauldron_ln_4153,0.7249239525924243
mix_SI_UT_5400_142,0.0017267851568121843
mix_UI_ST_5400_1079,0.0031354784249699947
mix_SI_UT_5400_918,0.0011628082484671759
mix_SI_UT_5400_294,0.002528118510915931
mix_UI_ST_5400_889,0.0028556714757908335
cauldron_ln_20366,0.5460781825612536
cauldron_ln_26793,0.7210518969049329
cauldron_ln_19239,0.6919422395767904
mix_UI_ST_5400_434,0.0023987865867952196
mix_SI_UT_5400_997,0.0019312178841209336
mix_SI_UT_5400_206,0.0020448890327549357
mix_UI_ST_5400_163,0.0021096249105304853
cauldron_ln_6069,0.752418820176134
mix_UI_ST_5400_1154,0.003992425321995406
cauldron_ln_16888,0.6310537552562364
cauldron_ln_17608,0.6036151983014613
cauldron_ln_11615,0.7267960099661087
cauldron_ln_8564,0.7195957696138366
mix_UI_ST_5400_743,0.002982627257363363
cauldron_ln_16933,0.777756193244955
cauldron_ln_16783,0.7778471261454128
mix_UI_ST_5400_620,0.001953411460600612
mix_SI_UT_5400_906,0.0021694667841519653
mix_SI_UT_5400_600,0.002256249866144748
cauldron_ln_18123,0.8261665673763499
mix_SI_UT_5400_963,0.0034430479286436813
mix_UI_ST_5400_681,0.001907268928267498
cauldron_ln_16186,0.6320375253061251
mix_SI_UT_5400_9,0.0016814759041397977
mix_UI_ST_5400_1218,0.0025401709544310195
mix_UI_ST_5400_740,0.0018506104095727352
mix_UI_ST_5400_428,0.002665398061614563
cauldron_ln_20311,0.51672785362479
mix_SI_UT_5400_610,0.0025027336686501145
cauldron_ln_13634,0.7706543164386194
mix_UI_ST_5400_406,0.0020410528186540424
mix_SI_UT_5400_829,0.0019555663121084165
cauldron_ln_16070,0.7565295581285173
mix_UI_ST_5400_870,0.002307722588420212
mix_SI_UT_5400_1328,0.0020601687735792968
mix_UI_ST_5400_216,0.0021930918212761824
cauldron_ln_8369,0.7945574210504167
mix_SI_UT_5400_612,0.002229776777772
mix_UI_ST_5400_1047,0.0029649996086128353
mix_SI_UT_5400_1469,0.0017990508893169492
cauldron_ln_27013,0.6904392871048041
mix_SI_UT_5400_833,0.002304390932822341
cauldron_ln_21736,0.6944022810022229
mix_UI_ST_5400_667,0.003098999871609291
mix_UI_ST_5400_410,0.0024217301702500684
cauldron_ln_20031,0.7746128429554617
cauldron_ln_7481,0.6696017650079716
mix_UI_ST_5400_320,0.0029189562709581954
mix_UI_ST_5400_814,0.0012294308620951686
mix_UI_ST_5400_513,0.002955392326949124
mix_UI_ST_5400_1029,0.0018539965581891094
mix_SI_UT_5400_1089,0.0021881973663030675
mix_SI_UT_5400_1464,0.002910155608017028
cauldron_ln_15914,0.7233172106901408
cauldron_ln_22809,0.760365429390137
cauldron_ln_8604,0.6258694119813368
mix_UI_ST_5400_375,0.0026125721643513074
cauldron_ln_9296,0.8224155108372038
mix_SI_UT_5400_1035,0.0037027119048640535
cauldron_ln_9555,0.8077823657515735
mix_UI_ST_5400_1497,0.003273439910887773
cauldron_ln_14040,0.6942914828527355
cauldron_ln_16431,0.5382326812887169
mix_SI_UT_5400_500,0.0037985041951909427
cauldron_ln_26292,0.7998002281505366
mix_SI_UT_5400_283,0.002479958025756115
mix_SI_UT_5400_1431,0.0015643925375625504
mix_UI_ST_5400_1,0.001632152345944148
mix_SI_UT_5400_1353,0.0028998723243819587
cauldron_ln_1981,0.7515542679813464
mix_UI_ST_5400_210,0.003050756064850148
cauldron_ln_13884,0.6580142956726468
mix_UI_ST_5400_292,0.0026586871797136683
mix_SI_UT_5400_644,0.0016868392200634656
cauldron_ln_29798,0.5690961542083475
mix_UI_ST_5400_1114,0.002412604621861159
mix_SI_UT_5400_328,0.0026514029604632144
mix_UI_ST_5400_97,0.0016537461519702988
mix_SI_UT_5400_1307,0.002187457312079783
cauldron_ln_18108,0.630050365314937
mix_SI_UT_5400_117,0.0019204178505082437
cauldron_ln_17470,0.6951166859330875
cauldron_ln_28348,0.7469648883848731
cauldron_ln_18947,0.6912766912284288
mix_UI_ST_5400_657,0.0036769184969948038
mix_SI_UT_5400_530,0.0022530168940147906
cauldron_ln_3785,0.6489906981067174
mix_UI_ST_5400_708,0.0017709708008813046
mix_SI_UT_5400_781,0.0028074481316792137
cauldron_ln_13700,0.7656075081316532
cauldron_ln_25001,0.6365010545040148
cauldron_ln_19817,0.7684591152333239
cauldron_ln_14818,0.7894849828064453
cauldron_ln_21228,0.6840525659770821
mix_UI_ST_5400_1414,0.004314883593239431
cauldron_ln_19274,0.774082761890501
cauldron_ln_6825,0.7752298390222437
cauldron_ln_7736,0.72112416755567
mix_UI_ST_5400_1257,0.002130295952167518
mix_UI_ST_5400_415,0.0016704352149169005
mix_SI_UT_5400_1193,0.002901890069054802
mix_UI_ST_5400_14,0.0027697844542577637
cauldron_ln_1790,0.7174056414356512
cauldron_ln_12661,0.6410032737293673
cauldron_ln_13082,0.6823386430764596
cauldron_ln_9158,0.6906001090995237
mix_UI_ST_5400_1300,0.0021026756431224733
mix_SI_UT_5400_984,0.0023075462683452997
mix_SI_UT_5400_3,0.002563829329562783
cauldron_ln_2197,0.8064106915399529
mix_UI_ST_5400_979,0.0014549874696018173
mix_UI_ST_5400_72,0.0011608957337279151
mix_SI_UT_5400_488,0.0029084492635367146
mix_UI_ST_5400_324,0.001250308794206427
mix_UI_ST_5400_1205,0.0020885177312662167
cauldron_ln_13474,0.7867381548841065
mix_SI_UT_5400_54,0.0017685003160579893
mix_UI_ST_5400_716,0.0031473499043372746
cauldron_ln_15320,0.7018997477037769
cauldron_ln_15549,0.68503449320511
mix_UI_ST_5400_1103,0.0026655760106742486
cauldron_ln_19448,0.7203149128474433
cauldron_ln_26571,0.769895500872244
cauldron_ln_29873,0.7361684780579864
cauldron_ln_16916,0.7092061289191264
cauldron_ln_12019,0.7575737173873444
cauldron_ln_22928,0.7322907963435661
cauldron_ln_7249,0.7082900933297307
mix_UI_ST_5400_719,0.002023093933889912
cauldron_ln_2077,0.622675486222088
cauldron_ln_19851,0.6160664358362907
mix_SI_UT_5400_27,0.0017507024575788932
mix_SI_UT_5400_921,0.002081542469951285
mix_SI_UT_5400_1445,0.0026118761004565705
cauldron_ln_9940,0.7017336134305653
cauldron_ln_29999,0.5875025152528084
cauldron_ln_15196,0.7886819587460763
cauldron_ln_5789,0.8211530082302898
cauldron_ln_26432,0.7417376230568831
cauldron_ln_7644,0.6023792031176802
mix_SI_UT_5400_1310,0.0019399141466689758
mix_SI_UT_5400_41,0.0024397422071208157
cauldron_ln_5555,0.6917542066499914
cauldron_ln_21874,0.6203061282510135
mix_SI_UT_5400_313,0.0025094808395352843
cauldron_ln_20892,0.7694919016967766
mix_SI_UT_5400_409,0.00315723961370185
mix_UI_ST_5400_1278,0.0029055327630797606
mix_UI_ST_5400_1394,0.0018699604040051756
cauldron_ln_12561,0.7830719370497651
mix_SI_UT_5400_949,0.0028263523583022753
mix_SI_UT_5400_1132,0.0021600537009808245
cauldron_ln_26644,0.6779899190993829
cauldron_ln_8565,0.6592882125662233
cauldron_ln_14144,0.6874172422136196
mix_SI_UT_5400_481,0.0019322061685319819
cauldron_ln_6571,0.756506052480986
cauldron_ln_13804,0.8098889951565552
mix_SI_UT_5400_1128,0.00230866973338654
mix_SI_UT_5400_179,0.0016890408725792696
cauldron_ln_15164,0.7275279461682878
cauldron_ln_27863,0.7600859320635938
cauldron_ln_404,0.5891383999434829
mix_SI_UT_5400_546,0.002750616798654957
mix_UI_ST_5400_224,0.0018940821570939859
cauldron_ln_28033,0.755200891807724
cauldron_ln_16488,0.7318213756851337
cauldron_ln_28640,0.6408927120505249
cauldron_ln_25499,0.8030984360992102
mix_UI_ST_5400_680,0.0021037625195186125
cauldron_ln_2780,0.6962363137326933
mix_UI_ST_5400_307,0.0020548537311081204
cauldron_ln_28054,0.7279524741368573
cauldron_ln_23972,0.6112062948464227
cauldron_ln_23194,0.715102440533386
mix_SI_UT_5400_1084,0.0035528164977082824
mix_SI_UT_5400_705,0.0022471967874850176
mix_UI_ST_5400_1321,0.0019087366680431556
cauldron_ln_10760,0.7282200700785688
cauldron_ln_10917,0.8208389268082491
cauldron_ln_14306,0.6257010005223059
cauldron_ln_1329,0.5518688424723579
cauldron_ln_17719,0.4924051841664214
cauldron_ln_4393,0.7625779688014788
mix_SI_UT_5400_1244,0.002222792496547219
cauldron_ln_29431,0.5587242723644884
mix_SI_UT_5400_662,0.002480495224817371
mix_UI_ST_5400_678,0.0026711112160159108
mix_UI_ST_5400_1473,0.0020244132109433787
cauldron_ln_11681,0.7920149667188414
mix_UI_ST_5400_420,0.0017241140258058834
mix_UI_ST_5400_373,0.002312020234782473
cauldron_ln_16984,0.6703986737242316
cauldron_ln_24697,0.7792699126940804
cauldron_ln_19256,0.6706926618178705
cauldron_ln_9960,0.7337548207807925
mix_SI_UT_5400_1220,0.001839410584595513
mix_UI_ST_5400_533,0.0018852776661678228
cauldron_ln_13809,0.7381255456334821
cauldron_ln_19660,0.6460422783459719
mix_UI_ST_5400_1216,0.0021637235229200517
mix_UI_ST_5400_872,0.002482881980240147
mix_UI_ST_5400_1082,0.002109861008444803
mix_UI_ST_5400_1046,0.0027331570120323104
mix_SI_UT_5400_1114,0.002565982122865282
cauldron_ln_2829,0.7049051431296163
mix_UI_ST_5400_1176,0.0013487539292620814
cauldron_ln_2053,0.757197268873251
mix_SI_UT_5400_1499,0.0037882572860039186
cauldron_ln_24293,0.6893424888449813
cauldron_ln_17144,0.7061553661748822
cauldron_ln_8179,0.6745946845891638
mix_SI_UT_5400_157,0.0016372625723326845
mix_UI_ST_5400_489,0.001723228411903
cauldron_ln_23246,0.7131861153920022
mix_UI_ST_5400_1173,0.002965173467540999
mix_SI_UT_5400_299,0.002108237739719844
cauldron_ln_8985,0.7210241201712511
cauldron_ln_6677,0.7386476361070539
cauldron_ln_5292,0.6195911419514255
mix_UI_ST_5400_236,0.0021370327139461657
mix_UI_ST_5400_267,0.0015434716778888926
mix_UI_ST_5400_821,0.001970828256469373
cauldron_ln_17652,0.8087808762737514
mix_SI_UT_5400_225,0.0028057128170896123
cauldron_ln_18855,0.7765338935814917
mix_SI_UT_5400_1268,0.0023112697971930684
mix_SI_UT_5400_821,0.0028817657529590884
cauldron_ln_8107,0.5865828864009041
mix_UI_ST_5400_1134,0.002335954082232317
cauldron_ln_27277,0.8221065245074973
cauldron_ln_26657,0.7306489851227093
cauldron_ln_29048,0.7257864186749644
cauldron_ln_29641,0.7512530250507993
mix_UI_ST_5400_110,0.00268737261499068
cauldron_ln_23096,0.7972822781049079
mix_SI_UT_5400_132,0.0020489891929032574
mix_UI_ST_5400_1105,0.001799723564966452
cauldron_ln_27854,0.7330841743267705
cauldron_ln_3099,0.6871168725972818
cauldron_ln_8470,0.7151291318794567
cauldron_ln_29646,0.6759672171408362
mix_UI_ST_5400_989,0.002245677285076103
cauldron_ln_10382,0.7365187316926031
mix_UI_ST_5400_364,0.0028600166485254195
cauldron_ln_17765,0.6748801063815372
cauldron_ln_19154,0.7431018582980043
cauldron_ln_11852,0.6364011564651937
mix_UI_ST_5400_79,0.0029418699698914213
cauldron_ln_11481,0.7726740856664295
cauldron_ln_12863,0.7934888088655483
mix_UI_ST_5400_1253,0.00218086362811398
cauldron_ln_26204,0.7958289566275578
cauldron_ln_6788,0.7354691077636981
mix_SI_UT_5400_627,0.001961765933600984
cauldron_ln_10924,0.7176860667228455
cauldron_ln_13648,0.7411041719889776
cauldron_ln_24598,0.6673914930469624
cauldron_ln_20014,0.7997528607163223
mix_SI_UT_5400_737,0.002213018362381355
mix_UI_ST_5400_839,0.0020624291019050484
mix_SI_UT_5400_482,0.00389068271331299
cauldron_ln_18323,0.5500893135198117
cauldron_ln_9762,0.7036081264770517
mix_SI_UT_5400_236,0.0022349231888630985
cauldron_ln_22583,0.7231437571833381
mix_SI_UT_5400_1391,0.0020664310656617
mix_UI_ST_5400_1070,0.0020071445478407946
cauldron_ln_1782,0.6433741948930467
mix_UI_ST_5400_1344,0.0021304160898320337
cauldron_ln_17611,0.6751788566115
cauldron_ln_16644,0.7386926988000273
mix_UI_ST_5400_203,0.002105737447836748
mix_SI_UT_5400_784,0.0025072806241653854
mix_UI_ST_5400_26,0.0021527197656137924
mix_UI_ST_5400_130,0.002440688604395373
mix_SI_UT_5400_1121,0.0016838383852734097
mix_SI_UT_5400_152,0.0021519605625500418
cauldron_ln_26466,0.7297861384316302
mix_SI_UT_5400_81,0.0017994779705855523
cauldron_ln_26596,0.6820591447388092
cauldron_ln_11921,0.7429001204431942
mix_UI_ST_5400_370,0.002286121771016651
mix_UI_ST_5400_892,0.0024437859094107264
cauldron_ln_26434,0.793490191821225
mix_UI_ST_5400_702,0.002068789383772794
mix_SI_UT_5400_1453,0.003073292657431745
cauldron_ln_28653,0.7135993281453072
cauldron_ln_17423,0.8108468611409613
cauldron_ln_8782,0.7308776677989829
mix_UI_ST_5400_199,0.00286013862564242
cauldron_ln_13080,0.7117438011313355
cauldron_ln_8145,0.8386720589533414
mix_UI_ST_5400_1443,0.002693704349098548
mix_SI_UT_5400_49,0.0010408566819623832
cauldron_ln_6012,0.6693597949648197
cauldron_ln_19709,0.792208383830156
cauldron_ln_21574,0.7516643190202486
mix_SI_UT_5400_1334,0.002952424760048961
cauldron_ln_23446,0.7388503476906152
cauldron_ln_2872,0.6051703486407313
mix_UI_ST_5400_674,0.0014298908366102859
cauldron_ln_6406,0.6750331545128141
cauldron_ln_4547,0.7402966430799998
mix_SI_UT_5400_645,0.0027550444137079727
cauldron_ln_11633,0.8123924806792547
mix_UI_ST_5400_1402,0.002170522256849904
cauldron_ln_19308,0.7538708584274167
mix_SI_UT_5400_404,0.002702529212147841
mix_UI_ST_5400_207,0.0029779816046154165
cauldron_ln_20103,0.5901867739115967
mix_UI_ST_5400_419,0.002683379313233605
cauldron_ln_3654,0.7309128984764451
mix_UI_ST_5400_781,0.0019848225603614836
mix_SI_UT_5400_563,0.0021713032267970706
cauldron_ln_2740,0.7419818251986462
mix_SI_UT_5400_1091,0.002794141521792486
cauldron_ln_6341,0.7630804129805351
mix_UI_ST_5400_372,0.0017640979797631706
cauldron_ln_2979,0.8006841421924457
mix_SI_UT_5400_1210,0.0024293313304925286
cauldron_ln_28560,0.7655362880865413
mix_UI_ST_5400_619,0.002389857562518097
cauldron_ln_27840,0.7549238032431129
cauldron_ln_23782,0.8087372446462154
cauldron_ln_2910,0.7478836653982682
cauldron_ln_11028,0.7326171332854773
mix_UI_ST_5400_1389,0.0016583915170655977
cauldron_ln_18802,0.7061273615294374
cauldron_ln_23051,0.8174348584432369
cauldron_ln_7951,0.654059806459963
cauldron_ln_28881,0.6549696804763248
cauldron_ln_10666,0.7564301048219136
mix_UI_ST_5400_137,0.002784371132392237
mix_SI_UT_5400_852,0.0017768447483964207
cauldron_ln_16855,0.6790341387455044
cauldron_ln_10076,0.6692201680742846
cauldron_ln_3816,0.7883053047871882
cauldron_ln_2040,0.6679388915785469
mix_UI_ST_5400_1464,0.0019662276806344313
cauldron_ln_28430,0.7080069155831762
mix_SI_UT_5400_902,0.0018834082882585414
cauldron_ln_1260,0.7416595178059867
mix_SI_UT_5400_603,0.0022600939047092493
cauldron_ln_5279,0.7071455630561633
mix_UI_ST_5400_851,0.002163101417881326
cauldron_ln_7591,0.7721669119110159
mix_UI_ST_5400_621,0.004855948442869851
cauldron_ln_27983,0.7072667549213294
mix_UI_ST_5400_1400,0.0028132033565443364
cauldron_ln_5637,0.7704369363968491
mix_SI_UT_5400_453,0.0017146591156692787
cauldron_ln_14175,0.7202381612428462
mix_SI_UT_5400_169,0.002391864982302204
cauldron_ln_21850,0.6100481785844455
mix_UI_ST_5400_1476,0.0027050250325787316
mix_UI_ST_5400_1050,0.0024567716169200354
cauldron_ln_1979,0.7837726622179763
mix_UI_ST_5400_507,0.0016740412371034528
mix_UI_ST_5400_800,0.0028803823826579343
cauldron_ln_11318,0.7712394199006655
cauldron_ln_22285,0.6924082624343455
cauldron_ln_11152,0.6438459489637287
mix_UI_ST_5400_547,0.0020926896718538725
cauldron_ln_2496,0.7526116410504886
cauldron_ln_5623,0.5792657621591596
mix_UI_ST_5400_517,0.002063050368425466
cauldron_ln_27486,0.6413035320893398
mix_SI_UT_5400_1416,0.0020629011471761435
cauldron_ln_11789,0.5411026503562802
cauldron_ln_23326,0.7273019734672566
cauldron_ln_11838,0.5906119650319555
cauldron_ln_29771,0.7123642893060114
cauldron_ln_13953,0.7039480803826632
cauldron_ln_20633,0.6398176139576722
mix_UI_ST_5400_1295,0.0027525620787761953
cauldron_ln_10213,0.8157320983338251
cauldron_ln_1689,0.8208838451251906
cauldron_ln_11123,0.6994726000703254
cauldron_ln_29523,0.7478105825695507
mix_UI_ST_5400_704,0.002767820152994631
cauldron_ln_13903,0.7203411435434098
cauldron_ln_3041,0.7237812787282597
cauldron_ln_10998,0.7921065108901217
cauldron_ln_1872,0.7154871863100988
cauldron_ln_21548,0.6369129567138938
mix_SI_UT_5400_735,0.002832712806965089
cauldron_ln_6732,0.7757001737099831
cauldron_ln_11141,0.7221837540699901
cauldron_ln_9267,0.6247007754194299
mix_SI_UT_5400_1019,0.0018806890585996723
cauldron_ln_13584,0.7470032668142139
cauldron_ln_22692,0.7682256571930712
mix_SI_UT_5400_1053,0.0022388242043927184
cauldron_ln_13337,0.6384884948848519
mix_SI_UT_5400_1420,0.0018385617474932358
cauldron_ln_484,0.7580442486034841
cauldron_ln_5365,0.7087104298923544
cauldron_ln_1491,0.729774012903582
mix_UI_ST_5400_520,0.0016528174570436245
mix_SI_UT_5400_743,0.0023162085088435087
cauldron_ln_9258,0.6737682495415956
mix_SI_UT_5400_1007,0.002491979004097552
cauldron_ln_5068,0.6543125337484799
mix_UI_ST_5400_455,0.0021328455684978703
cauldron_ln_12465,0.7682458242666365
mix_UI_ST_5400_107,0.0015104556144400403
mix_SI_UT_5400_882,0.0017890591600894384
cauldron_ln_16967,0.7319532539923521
mix_UI_ST_5400_87,0.002341874196291009
mix_UI_ST_5400_548,0.001990023273068652
mix_SI_UT_5400_198,0.0013689482976721702
mix_UI_ST_5400_564,0.0022043406276961307
mix_SI_UT_5400_28,0.00205293233931582
mix_SI_UT_5400_1102,0.0033781284976089057
mix_UI_ST_5400_970,0.002045456127394408
mix_UI_ST_5400_585,0.0019780949734145314
mix_UI_ST_5400_913,0.0011189635607631754
mix_UI_ST_5400_175,0.0018118504763946265
cauldron_ln_26401,0.6543912225306984
cauldron_ln_28161,0.7542127645936412
mix_UI_ST_5400_1377,0.0025666384843180848
mix_UI_ST_5400_341,0.0015850963765720485
mix_UI_ST_5400_1392,0.0038960865755643358
cauldron_ln_9207,0.7677958463779223
mix_SI_UT_5400_611,0.0015720661677962385
mix_SI_UT_5400_731,0.003302664535508498
mix_UI_ST_5400_824,0.0026151842801739743
cauldron_ln_25254,0.8044397813869869
cauldron_ln_13600,0.7909722503480597
cauldron_ln_26891,0.6528821709760958
cauldron_ln_10523,0.7699586455290356
cauldron_ln_12106,0.7394406731427912
mix_UI_ST_5400_0,0.00104944086972638
mix_UI_ST_5400_950,0.002016313186359031
cauldron_ln_14467,0.7726683781366471
cauldron_ln_6405,0.7733781353968338
mix_SI_UT_5400_593,0.0025848593767874985
cauldron_ln_6650,0.6945836924115613
cauldron_ln_22637,0.7529066910072748
mix_SI_UT_5400_1047,0.00207855428554466
cauldron_ln_6415,0.7496790401138145
cauldron_ln_7318,0.7714458895238225
cauldron_ln_22781,0.801053420785437
mix_SI_UT_5400_1024,0.0029001842222360305
mix_UI_ST_5400_1091,0.0024136820122760898
mix_UI_ST_5400_502,0.0016718315638447458
mix_UI_ST_5400_90,0.0016010385591206336
cauldron_ln_20857,0.7490087979756728
mix_SI_UT_5400_597,0.0018550822386911305
cauldron_ln_8259,0.6503899589197573
cauldron_ln_9356,0.7758879181216108
cauldron_ln_19336,0.6834566170327182
cauldron_ln_20463,0.7770150503563737
cauldron_ln_16227,0.7469151549857012
mix_SI_UT_5400_384,0.0030051041724998583
cauldron_ln_20135,0.7507826656472525
cauldron_ln_26495,0.7578529770837945
cauldron_ln_5325,0.7034647381981389
mix_UI_ST_5400_1149,0.002555488612941997
cauldron_ln_22270,0.5426296346712969
cauldron_ln_17453,0.695616076506491
cauldron_ln_1281,0.6984629017941278
cauldron_ln_2774,0.8183248338402421
mix_SI_UT_5400_771,0.002593572346881429
mix_UI_ST_5400_162,0.0018346384866968614
cauldron_ln_10441,0.7818847072769315
cauldron_ln_15689,0.7557888651214411
cauldron_ln_19565,0.698188798568108
cauldron_ln_20329,0.7995018451022223
cauldron_ln_17860,0.7144107298842286
cauldron_ln_3512,0.6986645840275628
mix_UI_ST_5400_1085,0.0023928949192028623
mix_SI_UT_5400_1339,0.002890470684981411
mix_SI_UT_5400_1135,0.0024491948243054056
cauldron_ln_11032,0.6483713872839723
mix_UI_ST_5400_494,0.0020150421421709012
cauldron_ln_26370,0.7307687606000753
mix_SI_UT_5400_327,0.0017509936537255266
mix_SI_UT_5400_1208,0.0023870224377203924
cauldron_ln_9468,0.6359630812851513
mix_UI_ST_5400_296,0.0022149366029307516
mix_UI_ST_5400_706,0.0012799536745783612
mix_SI_UT_5400_785,0.00248300594755483
cauldron_ln_3780,0.6154275743696295
mix_UI_ST_5400_1390,0.0016633752877000824
mix_SI_UT_5400_1229,0.0027218763348278237
mix_SI_UT_5400_1483,0.002695812498898113
mix_UI_ST_5400_948,0.002036090985385188
cauldron_ln_1666,0.6591864915181983
mix_SI_UT_5400_457,0.003264121698457668
cauldron_ln_16721,0.6680661337759257
mix_UI_ST_5400_70,0.0013448073537335793
mix_UI_ST_5400_912,0.0021210631126684005
mix_UI_ST_5400_841,0.001755452665635628
mix_SI_UT_5400_449,0.002601483531799047
mix_SI_UT_5400_421,0.0015956794488527788
cauldron_ln_15389,0.6881769348408856
cauldron_ln_7316,0.8223496032607114
mix_UI_ST_5400_1028,0.0024877431263326684
mix_SI_UT_5400_309,0.0021392211247308096
mix_SI_UT_5400_231,0.0027901517697877802
cauldron_ln_27417,0.7704010173951638
mix_UI_ST_5400_336,0.001749276330193282
mix_SI_UT_5400_219,0.002212047021226364
mix_UI_ST_5400_1258,0.003477744489695585
cauldron_ln_4723,0.749731349796238
mix_SI_UT_5400_895,0.003077512755878487
mix_SI_UT_5400_1055,0.0024662972231393834
cauldron_ln_26520,0.8214831791519793
mix_UI_ST_5400_775,0.0025418148229939797
mix_UI_ST_5400_121,0.002539908501852341
mix_SI_UT_5400_866,0.0019617705255184064
mix_SI_UT_5400_1211,0.002704075359721636
cauldron_ln_17134,0.731165990645756
mix_SI_UT_5400_1127,0.002477375917176647
mix_UI_ST_5400_1350,0.0023102094717208778
cauldron_ln_24520,0.6748674637735524
cauldron_ln_8373,0.7349548849636954
cauldron_ln_15240,0.759559351047398
mix_SI_UT_5400_623,0.002274313664677744
cauldron_ln_14417,0.785385341664332
cauldron_ln_7665,0.6033010931042615
mix_UI_ST_5400_1445,0.0027420815114920813
cauldron_ln_17054,0.7249627440232459
mix_UI_ST_5400_746,0.0021210876045257656
mix_UI_ST_5400_557,0.0018675255928480305
cauldron_ln_2381,0.8221314422357096
cauldron_ln_7346,0.6625314768008381
mix_SI_UT_5400_411,0.002302004266405007
mix_SI_UT_5400_1051,0.002795470931376168
cauldron_ln_20476,0.6878734476363524
cauldron_ln_8736,0.7330726146960348
mix_UI_ST_5400_550,0.0018647063884981352
mix_SI_UT_5400_1181,0.0025924701586879585
mix_SI_UT_5400_320,0.001847158065520043
cauldron_ln_8669,0.7027839930544276
cauldron_ln_21852,0.5457964519464061
mix_SI_UT_5400_422,0.003236077626346611
cauldron_ln_22000,0.6781652700211953
mix_UI_ST_5400_771,0.0021300092806536973
mix_UI_ST_5400_1272,0.002317093099226192
cauldron_ln_9793,0.6530949365670943
mix_SI_UT_5400_674,0.0026027320906322295
cauldron_ln_9271,0.7083836554145103
cauldron_ln_818,0.607407480593183
mix_UI_ST_5400_577,0.0022033652408183866
mix_SI_UT_5400_472,0.002047939003323182
cauldron_ln_1675,0.7083228078172538
mix_UI_ST_5400_1494,0.002603869399003897
mix_UI_ST_5400_113,0.0019917575533705046
mix_UI_ST_5400_1129,0.0023837273467915755
mix_SI_UT_5400_1002,0.003004745089602611
cauldron_ln_16676,0.6902132972887598
cauldron_ln_15061,0.5963642510205914
cauldron_ln_16651,0.7845739942295133
cauldron_ln_21197,0.7547995353842283
mix_UI_ST_5400_791,0.002188514157613657
cauldron_ln_21171,0.6733913075119478
mix_SI_UT_5400_463,0.0025213304086782137
mix_SI_UT_5400_1126,0.0014501040257685934
cauldron_ln_7165,0.6443931391378352
mix_SI_UT_5400_361,0.0016853447384070953
cauldron_ln_21692,0.7406475769914106
mix_UI_ST_5400_63,0.002052534219822878
cauldron_ln_10304,0.6931778676032829
mix_SI_UT_5400_1325,0.0024913602655152254
mix_SI_UT_5400_968,0.002584436717485448
cauldron_ln_21834,0.8037003802606946
mix_UI_ST_5400_1052,0.0028357798830800983
cauldron_ln_18910,0.7339942119321932
cauldron_ln_22299,0.8177074975279405
mix_SI_UT_5400_480,0.0020322160105409434
mix_UI_ST_5400_1422,0.0013208301216440005
mix_SI_UT_5400_429,0.002014444201295297
mix_UI_ST_5400_1404,0.0017924998773616494
cauldron_ln_25262,0.6481152430192979
mix_UI_ST_5400_250,0.0030777078638518306
mix_UI_ST_5400_849,0.001983679337894919
cauldron_ln_11,0.6343858113280437
mix_UI_ST_5400_1490,0.0029581624943004494
cauldron_ln_14832,0.717959803160075
mix_SI_UT_5400_768,0.0031031585900531
mix_UI_ST_5400_819,0.002736015874170147
cauldron_ln_11845,0.8155007225332727
mix_UI_ST_5400_1351,0.0023742976196053796
cauldron_ln_19653,0.8005788118683715
mix_SI_UT_5400_576,0.0019294644354992485
cauldron_ln_26756,0.7536429882927553
mix_SI_UT_5400_1112,0.002900395924173212
mix_UI_ST_5400_357,0.003184266837448785
mix_SI_UT_5400_251,0.0015750468884995616
cauldron_ln_13141,0.7415764048594633
cauldron_ln_26033,0.7695813088162516
cauldron_ln_14831,0.7082290636831857
cauldron_ln_16939,0.7655749762759377
cauldron_ln_15206,0.7450953270084549
cauldron_ln_25650,0.7815554492207897
mix_UI_ST_5400_1307,0.002782062948668713
cauldron_ln_19733,0.7080323725399772
mix_SI_UT_5400_621,0.0029165888371689014
mix_SI_UT_5400_1335,0.0025868449661123854
cauldron_ln_3539,0.7077736350689082
mix_SI_UT_5400_1027,0.0023607010908267534
mix_UI_ST_5400_1342,0.002648559887831314
cauldron_ln_10196,0.7405245646918711
cauldron_ln_2044,0.7276145935261479
cauldron_ln_13161,0.650268646310395
cauldron_ln_9533,0.5335339935604816
cauldron_ln_28475,0.6506728594137922
cauldron_ln_1471,0.7100040724125501
mix_SI_UT_5400_215,0.0023651398573506536
cauldron_ln_18903,0.7703528699803948
mix_UI_ST_5400_569,0.002834843085600921
mix_UI_ST_5400_1481,0.0025854657548353885
cauldron_ln_3985,0.6438624893763175
mix_SI_UT_5400_1349,0.00261699669419457
mix_UI_ST_5400_525,0.002050755221432773
cauldron_ln_15160,0.7439801920497309
mix_SI_UT_5400_167,0.0036528542258875947
cauldron_ln_918,0.5392014139631752
mix_SI_UT_5400_697,0.003412802141429233
mix_SI_UT_5400_1487,0.0025587836940291022
mix_UI_ST_5400_588,0.0026643708512027694
cauldron_ln_9625,0.7627689898556881
cauldron_ln_3905,0.7426042906252008
cauldron_ln_15538,0.7834590854346514
mix_UI_ST_5400_114,0.003140964495926291
mix_UI_ST_5400_475,0.0018585921710685504
mix_SI_UT_5400_1449,0.0023345006126336467
cauldron_ln_13108,0.7517444601936443
cauldron_ln_29882,0.792495616001894
mix_UI_ST_5400_888,0.001957356064006309
mix_UI_ST_5400_922,0.0018686050035929375
cauldron_ln_29688,0.556847788999506
mix_SI_UT_5400_1363,0.0026101943332682326
cauldron_ln_8510,0.6621589856009238
mix_SI_UT_5400_800,0.0014287628960255078
cauldron_ln_14074,0.743964518029279
cauldron_ln_19316,0.7088136094560081
cauldron_ln_12289,0.8152949535742082
cauldron_ln_7807,0.7391608271468741
mix_SI_UT_5400_557,0.0016977820018551709
mix_UI_ST_5400_352,0.0007563074048911775
cauldron_ln_8328,0.6906889843732058
mix_SI_UT_5400_1028,0.0023193547168360463
mix_UI_ST_5400_141,0.0023157017581588277
mix_UI_ST_5400_652,0.003433281258694303
mix_SI_UT_5400_1301,0.0029533268675188827
cauldron_ln_19666,0.775691716738071
mix_SI_UT_5400_1075,0.002259174218261405
mix_SI_UT_5400_1364,0.0022396461092551983
mix_UI_ST_5400_1152,0.001252627564131904
cauldron_ln_2837,0.6266225262581522
mix_UI_ST_5400_382,0.002813101289105302
mix_UI_ST_5400_1009,0.0018467544362482657
cauldron_ln_7360,0.7886641713930669
mix_SI_UT_5400_1179,0.00222514470280303
cauldron_ln_9591,0.647004303529194
cauldron_ln_16368,0.5708034885120851
cauldron_ln_4940,0.6785149993512645
mix_UI_ST_5400_442,0.002449255629614853
cauldron_ln_4480,0.8027853307017767
cauldron_ln_15455,0.7410287858824098
mix_UI_ST_5400_744,0.002087066017420191
mix_UI_ST_5400_642,0.002367923349719433
mix_UI_ST_5400_1399,0.0026501022484325177
cauldron_ln_3823,0.6374580159373016
mix_SI_UT_5400_1037,0.002264717277091713
cauldron_ln_29573,0.719588066420431
mix_UI_ST_5400_959,0.00273179841523493
mix_UI_ST_5400_388,0.002109342426394846
mix_SI_UT_5400_1123,0.0023814356761663945
mix_UI_ST_5400_980,0.0022380331930499163
mix_UI_ST_5400_1030,0.002690529401978601
cauldron_ln_8644,0.714482451033403
cauldron_ln_20564,0.7549796002141093
cauldron_ln_8233,0.7126061623424276
mix_SI_UT_5400_1023,0.002078780007178375
cauldron_ln_5573,0.7342987150367948
cauldron_ln_8296,0.6268167844094398
mix_UI_ST_5400_1347,0.001983182601930648
cauldron_ln_13228,0.7966797528792289
mix_UI_ST_5400_1303,0.0016441128043846575
mix_SI_UT_5400_286,0.002013245021040324
cauldron_ln_21227,0.7486334265169488
cauldron_ln_15532,0.6593642559819555
mix_UI_ST_5400_823,0.00206563919742719
mix_SI_UT_5400_1488,0.0027948045479323455
mix_UI_ST_5400_1417,0.0029963544027175404
cauldron_ln_19723,0.731016652406073
cauldron_ln_22974,0.700820576356356
cauldron_ln_15569,0.7233177113822016
cauldron_ln_26382,0.7269780618639168
cauldron_ln_2211,0.7433872477387475
mix_UI_ST_5400_606,0.0028689504660352285
mix_UI_ST_5400_1435,0.0020827711796742514
cauldron_ln_27016,0.5520298396602593
mix_UI_ST_5400_181,0.002121698397619921
cauldron_ln_9014,0.8164637423936901
cauldron_ln_25492,0.7692135165981216
cauldron_ln_22049,0.7894352404065976
mix_SI_UT_5400_658,0.0022598288880466195
mix_SI_UT_5400_983,0.0020362985943529594
mix_SI_UT_5400_933,0.002728662358810104
cauldron_ln_29687,0.6668253734407724
cauldron_ln_25374,0.6854414057856119
mix_SI_UT_5400_333,0.0022195664052498385
cauldron_ln_29681,0.6928695964145248
cauldron_ln_27090,0.7599817298308409
mix_SI_UT_5400_1205,0.0021280286331605996
mix_UI_ST_5400_1458,0.0029485124495757845
mix_UI_ST_5400_515,0.0028985845878492307
cauldron_ln_14329,0.6354535880759413
cauldron_ln_20222,0.7534553109884543
cauldron_ln_19058,0.8353947793504858
mix_UI_ST_5400_1311,0.002954141809576588
cauldron_ln_26787,0.5825019768165726
cauldron_ln_5975,0.7661587119095329
mix_UI_ST_5400_815,0.0022739319742039296
cauldron_ln_20769,0.7084118180328984
cauldron_ln_5934,0.7960246992832792
cauldron_ln_7235,0.686792751518363
cauldron_ln_10535,0.8370172978538625
cauldron_ln_15308,0.6988694264125132
mix_UI_ST_5400_140,0.0028740547715521573
cauldron_ln_14610,0.7744927630771421
cauldron_ln_17525,0.7136286081150103
mix_UI_ST_5400_1183,0.002167596906227125
mix_UI_ST_5400_340,0.0015376139564824073
mix_SI_UT_5400_1297,0.003244746488018632
mix_SI_UT_5400_723,0.003016940878311223
cauldron_ln_16649,0.7449865091246011
cauldron_ln_25084,0.7052792298858891
mix_SI_UT_5400_39,0.0019133273787812365
mix_SI_UT_5400_175,0.0021994377024436474
cauldron_ln_29494,0.6998015600743339
cauldron_ln_5166,0.55006756706158
cauldron_ln_8286,0.7884035673152393
cauldron_ln_10043,0.7624365360908383
cauldron_ln_12975,0.8211592199923937
mix_UI_ST_5400_677,0.0010535935991413464
cauldron_ln_19424,0.7264985649487548
cauldron_ln_9227,0.8090040217551417
cauldron_ln_18688,0.7496179333538392
cauldron_ln_14727,0.6704560424971661
cauldron_ln_4613,0.8099530154365234
mix_UI_ST_5400_961,0.002722883640076205
cauldron_ln_29632,0.7359201877459878
cauldron_ln_20245,0.6998187083029427
mix_UI_ST_5400_490,0.00159186388207749
cauldron_ln_19982,0.8161917830713141
cauldron_ln_19860,0.6506230144958672
cauldron_ln_12567,0.6621655474389344
cauldron_ln_10960,0.6833725888952004
cauldron_ln_292,0.6883649043553451
cauldron_ln_8476,0.564139724216181
mix_UI_ST_5400_290,0.0022984548010158297
cauldron_ln_7469,0.5109715248807917
mix_SI_UT_5400_1463,0.002709396658680103
cauldron_ln_3301,0.7887089898079369
mix_SI_UT_5400_1156,0.0024183274930188957
mix_UI_ST_5400_1037,0.003989761663586934
mix_UI_ST_5400_884,0.0016008883015750704
cauldron_ln_14272,0.7102000276411572
cauldron_ln_9797,0.6734224317505906
cauldron_ln_10093,0.7295316971193867
cauldron_ln_22978,0.7877591889780395
mix_UI_ST_5400_1057,0.002469134461709242
mix_UI_ST_5400_1038,0.0017099352565578985
cauldron_ln_28643,0.8438932726477504
cauldron_ln_29837,0.7089506088354738
cauldron_ln_5467,0.8207039667523568
mix_UI_ST_5400_1406,0.0029908376703595622
mix_SI_UT_5400_703,0.0015857553241274197
cauldron_ln_6245,0.6599514322673187
cauldron_ln_9488,0.7066751587684262
mix_UI_ST_5400_1074,0.0026883881051881484
mix_SI_UT_5400_990,0.001996949197271504
cauldron_ln_19042,0.7362261859537295
cauldron_ln_1905,0.6151476994349794
cauldron_ln_17257,0.6259283616570229
mix_SI_UT_5400_163,0.002201944838639575
mix_SI_UT_5400_56,0.001027093946330408
mix_SI_UT_5400_1275,0.0028314272512034223
mix_UI_ST_5400_756,0.0017247885289556446
mix_UI_ST_5400_871,0.0018515212408796776
cauldron_ln_11812,0.8130056091717447
cauldron_ln_21560,0.813416380243179
mix_UI_ST_5400_940,0.0012979188538162103
mix_UI_ST_5400_1053,0.0026496360465426663
cauldron_ln_4696,0.7540359223539969
cauldron_ln_6195,0.7731469474806034
cauldron_ln_3023,0.7018371301971651
mix_SI_UT_5400_992,0.002035012702980756
cauldron_ln_27398,0.6705629515018903
mix_SI_UT_5400_63,0.0027413771566338926
mix_SI_UT_5400_94,0.0020585096760458717
mix_SI_UT_5400_318,0.002513554908594315
mix_SI_UT_5400_1323,0.00346590753218747
mix_UI_ST_5400_1032,0.0027186620441397775
mix_UI_ST_5400_103,0.003382055316455282
cauldron_ln_26420,0.5678331503293454
cauldron_ln_2552,0.6759408170593245
cauldron_ln_5154,0.5637446072759354
cauldron_ln_11406,0.7242948463016069
mix_SI_UT_5400_750,0.0011508665548265404
cauldron_ln_2617,0.759790316603397
cauldron_ln_11091,0.7169937941018453
mix_UI_ST_5400_1316,0.003219374389448859
cauldron_ln_17313,0.8255013262981
cauldron_ln_19227,0.7588832030043813
mix_UI_ST_5400_797,0.001688788445638987
cauldron_ln_3934,0.7640816541046144
mix_UI_ST_5400_890,0.0012544932595583043
cauldron_ln_13483,0.724205342911077
mix_SI_UT_5400_347,0.0021629443446367002
mix_UI_ST_5400_1376,0.0016909898699963156
cauldron_ln_27786,0.658284133648681
mix_SI_UT_5400_1176,0.002825384231982245
mix_SI_UT_5400_709,0.0020066600528494574
mix_UI_ST_5400_1305,0.0015752058631619595
mix_SI_UT_5400_1196,0.002644941727706699
mix_SI_UT_5400_66,0.0014761425340774925
cauldron_ln_2952,0.7244695656320985
mix_SI_UT_5400_820,0.0030237646171579606
mix_UI_ST_5400_1215,0.002014945565115237
mix_UI_ST_5400_587,0.0028563366640479626
mix_UI_ST_5400_119,0.002052490527356767
cauldron_ln_8595,0.6782965547565445
cauldron_ln_21572,0.8024605983768187
mix_SI_UT_5400_506,0.002877368905445233
cauldron_ln_9129,0.7245604731039846
mix_UI_ST_5400_1448,0.0017916761802645991
mix_SI_UT_5400_1287,0.002997142729693625
mix_SI_UT_5400_1171,0.0022742555291090146
cauldron_ln_10294,0.736904212220035
cauldron_ln_2792,0.7254051504217726
mix_UI_ST_5400_1117,0.0026949297852981555
mix_SI_UT_5400_1162,0.0026885284990634914
mix_SI_UT_5400_647,0.0022999578801682287
cauldron_ln_1737,0.7672416752869508
cauldron_ln_26629,0.636746514268062
mix_UI_ST_5400_536,0.0022564906240613272
cauldron_ln_8951,0.5902698507370916
cauldron_ln_18333,0.7630520773128571
mix_SI_UT_5400_90,0.0018544038697132946
mix_SI_UT_5400_398,0.003330686354360653
mix_UI_ST_5400_20,0.0015946528855708987
mix_SI_UT_5400_510,0.0021738345636887696
cauldron_ln_11316,0.7031174102706453
mix_SI_UT_5400_1034,0.002817211653282851
cauldron_ln_15570,0.7194509892545857
mix_SI_UT_5400_605,0.0016941950816844633
mix_UI_ST_5400_400,0.002714596431281451
mix_UI_ST_5400_1313,0.0023211287418094385
cauldron_ln_12526,0.7020907547512495
mix_UI_ST_5400_65,0.0024794483673402055
cauldron_ln_12524,0.7235737054463716
mix_UI_ST_5400_618,0.002591710803570047
mix_UI_ST_5400_1022,0.0024709608184313686
cauldron_ln_11197,0.6664145022479642
mix_UI_ST_5400_935,0.0031717114378473367
mix_SI_UT_5400_1060,0.0017872358124895655
mix_UI_ST_5400_1499,0.0027031391717663535
cauldron_ln_16151,0.6722714137331178
cauldron_ln_28695,0.7676587621919587
mix_SI_UT_5400_1201,0.00283925987428739
mix_SI_UT_5400_677,0.001986174909098421
cauldron_ln_21122,0.6962731634500137
cauldron_ln_17941,0.7086596497104048
mix_UI_ST_5400_109,0.001999988315211787
mix_UI_ST_5400_1369,0.002391346890491469
cauldron_ln_11206,0.7802406296209116
mix_UI_ST_5400_363,0.0025560045578354187
cauldron_ln_18889,0.6772635832902113
cauldron_ln_16627,0.7014612839809817
mix_UI_ST_5400_215,0.0021556097351015254
mix_SI_UT_5400_787,0.0026318563894878583
cauldron_ln_19188,0.6952908209830433
mix_UI_ST_5400_727,0.0025175405222799536
mix_SI_UT_5400_1291,0.002287159767967039
cauldron_ln_16876,0.8078919642492628
mix_SI_UT_5400_628,0.0019580882471169425
mix_SI_UT_5400_1491,0.0025074406619464023
mix_UI_ST_5400_116,0.0019262257786434823
mix_SI_UT_5400_165,0.001629115946118456
mix_UI_ST_5400_310,0.0026539388389357145
mix_SI_UT_5400_42,0.0015850319362566486
cauldron_ln_10702,0.6822959827468037
cauldron_ln_551,0.598406160235855
mix_SI_UT_5400_1095,0.001811839108852254
mix_UI_ST_5400_1375,0.0029737040010907236
mix_SI_UT_5400_227,0.0016220492214123348
cauldron_ln_12856,0.7898401634918885
cauldron_ln_16814,0.6960215744476045
mix_SI_UT_5400_1067,0.002164704877683434
mix_SI_UT_5400_761,0.0025850968383545362
mix_UI_ST_5400_638,0.003020724337989534
cauldron_ln_8354,0.6174876499334075
mix_SI_UT_5400_870,0.001969896020736924
cauldron_ln_20532,0.5976515539558407
mix_SI_UT_5400_1131,0.002430799240967394
cauldron_ln_16990,0.8011430685362718
mix_UI_ST_5400_453,0.002810788881261054
cauldron_ln_27341,0.6400257967854472
mix_UI_ST_5400_742,0.0019002532750672092
cauldron_ln_10102,0.6595388265608475
cauldron_ln_19268,0.7268487479674941
mix_SI_UT_5400_1020,0.002459889197975723
mix_SI_UT_5400_640,0.0028282085317589737
cauldron_ln_24030,0.6897071096217214
cauldron_ln_22734,0.6845163051524175
mix_SI_UT_5400_297,0.001755770573420175
cauldron_ln_28191,0.741735944886238
mix_UI_ST_5400_987,0.0027179354163113247
mix_UI_ST_5400_1330,0.0020054170815366514
mix_UI_ST_5400_1365,0.002796099500309603
mix_UI_ST_5400_646,0.002103866168184487
mix_UI_ST_5400_1177,0.003477389746062655
mix_SI_UT_5400_466,0.002340328549268393
mix_SI_UT_5400_1030,0.0030950627530034517
cauldron_ln_22793,0.6483913011015678
mix_SI_UT_5400_191,0.0025579981845657014
cauldron_ln_16120,0.8009862992011013
cauldron_ln_14405,0.7375050174872446
mix_SI_UT_5400_1016,0.002080709105286927
cauldron_ln_2353,0.7362733124591775
cauldron_ln_12156,0.7668095213099424
mix_SI_UT_5400_1165,0.0022583382821723045
cauldron_ln_2849,0.7902850568560437
cauldron_ln_21994,0.7346418669143261
mix_UI_ST_5400_518,0.002277782028287168
mix_UI_ST_5400_102,0.0019977614764488095
cauldron_ln_6351,0.8010695029805408
mix_UI_ST_5400_1455,0.0025763790915135833
cauldron_ln_23178,0.7328938273358839
cauldron_ln_27407,0.6905909172362578
mix_UI_ST_5400_191,0.0013134982627127768
mix_SI_UT_5400_1077,0.001948941274783458
mix_SI_UT_5400_1133,0.0014798759085849057
cauldron_ln_4938,0.6025480909268949
cauldron_ln_21921,0.6805168598927456
cauldron_ln_13541,0.7561102647639641
mix_SI_UT_5400_1083,0.0018277614431637926
mix_SI_UT_5400_982,0.003083306163316484
mix_UI_ST_5400_1274,0.002984382157141307
mix_SI_UT_5400_319,0.002031381686847482
cauldron_ln_14617,0.766935732050318
cauldron_ln_8799,0.7931770800325764
cauldron_ln_28059,0.7205487489001732
cauldron_ln_4886,0.74208114599916
cauldron_ln_28020,0.7734861022565229
cauldron_ln_16757,0.7656173172285116
mix_SI_UT_5400_447,0.0017711398194295328
cauldron_ln_18251,0.7530577935374849
cauldron_ln_388,0.6282328119807851
mix_UI_ST_5400_765,0.0020038903956009035
mix_UI_ST_5400_1459,0.0018913730623032598
cauldron_ln_4616,0.6935350436984405
mix_UI_ST_5400_80,0.0024612636871591998
cauldron_ln_14057,0.663555140853698
cauldron_ln_27635,0.6940008768815988
cauldron_ln_5993,0.6374594369175679
mix_UI_ST_5400_1485,0.0014230015317090543
cauldron_ln_1085,0.661907561432445
mix_SI_UT_5400_145,0.0021186397154545253
mix_UI_ST_5400_338,0.0022180809178589922
mix_SI_UT_5400_1474,0.003489085829805206
cauldron_ln_29757,0.7293677314770369
mix_UI_ST_5400_177,0.002541036964638019
mix_UI_ST_5400_1360,0.001973915529747525
cauldron_ln_6321,0.6754462966112381
mix_SI_UT_5400_170,0.0020540799939202607
mix_UI_ST_5400_101,0.0024041841144073063
cauldron_ln_13567,0.7738079845173279
mix_UI_ST_5400_64,0.0023480121878601025
mix_SI_UT_5400_1031,0.002155020505457675
mix_SI_UT_5400_1394,0.003085178008713593
mix_UI_ST_5400_915,0.0031571591055127783
cauldron_ln_22282,0.7892376084526386
mix_SI_UT_5400_985,0.002879175082888832
mix_SI_UT_5400_843,0.00155987611954535
mix_UI_ST_5400_164,0.0019917159878033793
cauldron_ln_5061,0.7204728114938599
mix_SI_UT_5400_1161,0.0024682306601869325
mix_SI_UT_5400_1295,0.0036246827014983123
cauldron_ln_17267,0.7084925557518141
mix_UI_ST_5400_1201,0.0029488244129915893
mix_UI_ST_5400_1100,0.0030657544750088378
cauldron_ln_12219,0.8099506716841514
mix_UI_ST_5400_924,0.0018368540102946692
cauldron_ln_22117,0.627354760413029
mix_SI_UT_5400_1294,0.0020939845729882403
cauldron_ln_26785,0.7943855096865303
mix_UI_ST_5400_881,0.0017059748895262461
cauldron_ln_13187,0.6925926595026057
mix_UI_ST_5400_258,0.0028607828174222467
mix_SI_UT_5400_1149,0.002544389787706861
cauldron_ln_9727,0.7303784936778535
cauldron_ln_13883,0.757801452115357
cauldron_ln_19802,0.8024265103037841
mix_SI_UT_5400_484,0.0032127374620697494
cauldron_ln_9822,0.7301439339284895
mix_UI_ST_5400_613,0.0015633262504989556
cauldron_ln_12663,0.6350818619528139
cauldron_ln_21390,0.799116811928954
cauldron_ln_23171,0.6191220506257998
cauldron_ln_8811,0.815587007371462
cauldron_ln_22196,0.6556201183089281
mix_UI_ST_5400_416,0.0030330377357492594
mix_SI_UT_5400_841,0.0024607467759881012
cauldron_ln_1700,0.6259474942306705
cauldron_ln_13873,0.7553529227818241
mix_UI_ST_5400_74,0.0033712165113750953
cauldron_ln_14550,0.7331890780992841
mix_UI_ST_5400_32,0.0013012531256257854
cauldron_ln_3115,0.7334185737862154
cauldron_ln_24374,0.8007698609234208
mix_UI_ST_5400_833,0.0024139909557472574
cauldron_ln_13932,0.6309596644007442
cauldron_ln_6254,0.7172389534861354
mix_UI_ST_5400_605,0.0020081626680722078
mix_SI_UT_5400_1373,0.003164222630860558
cauldron_ln_10763,0.700842558336588
mix_SI_UT_5400_850,0.0014604449451778901
mix_SI_UT_5400_1228,0.0018280190315775812
cauldron_ln_46,0.6358865405143416
cauldron_ln_11565,0.7539120829308495
cauldron_ln_13222,0.7652770963950014
cauldron_ln_6110,0.7425884741696179
cauldron_ln_10651,0.7944408967154415
mix_SI_UT_5400_235,0.0019273254743599896
mix_UI_ST_5400_1018,0.0033374334360403647
cauldron_ln_17703,0.769760462446854
mix_SI_UT_5400_312,0.0025924484130903087
mix_UI_ST_5400_327,0.002426863033924065
cauldron_ln_29565,0.7278835408879842
mix_SI_UT_5400_954,0.002368023444258877
cauldron_ln_26361,0.6479732157052911
mix_UI_ST_5400_430,0.0016591820782229914
cauldron_ln_9214,0.6684301125572073
cauldron_ln_23483,0.7459879865722362
mix_UI_ST_5400_893,0.0038198404353044805
cauldron_ln_3213,0.7556699659999313
mix_SI_UT_5400_188,0.0026974314821359992
mix_UI_ST_5400_900,0.0026978025266069113
cauldron_ln_2426,0.7338772348612796
cauldron_ln_4730,0.7056002337138625
cauldron_ln_26556,0.752016001613043
mix_SI_UT_5400_498,0.0014086829983519832
cauldron_ln_13210,0.7052734820329729
cauldron_ln_8709,0.7795336054224251
cauldron_ln_16171,0.7388680311733475
cauldron_ln_19077,0.72626718064855
mix_UI_ST_5400_809,0.002625075794765769
cauldron_ln_11755,0.7769658781839506
cauldron_ln_1604,0.6812955668124056
mix_SI_UT_5400_986,0.002320562320841672
cauldron_ln_10112,0.7500428159752488
cauldron_ln_5193,0.7426566087832146
cauldron_ln_4279,0.7860188577717329
mix_UI_ST_5400_1259,0.0018791641636056455
mix_SI_UT_5400_1486,0.0039355775016290395
cauldron_ln_16846,0.5368348584625603
mix_UI_ST_5400_1098,0.003208625074501523
cauldron_ln_24733,0.611732740920217
cauldron_ln_201,0.7469847781208856
cauldron_ln_18456,0.7442646675865008
cauldron_ln_17192,0.7379573932969645
cauldron_ln_3742,0.6680213029305262
cauldron_ln_17663,0.7042216187524444
cauldron_ln_29513,0.6789582912401354
cauldron_ln_903,0.711035761193252
cauldron_ln_5296,0.7792851246702797
mix_SI_UT_5400_582,0.002706077020197717
mix_SI_UT_5400_114,0.0026356827036490885
mix_SI_UT_5400_450,0.0015704998527311775
cauldron_ln_24575,0.760094922770936
cauldron_ln_22199,0.6970481982522192
cauldron_ln_2750,0.8015696696252963
cauldron_ln_15721,0.7556449099432034
cauldron_ln_17286,0.6229301523849463
mix_SI_UT_5400_1308,0.0013146722489222797
cauldron_ln_4939,0.710803469412238
cauldron_ln_8584,0.645820054467089
cauldron_ln_20168,0.6451607805270986
mix_SI_UT_5400_88,0.002430228431407747
mix_UI_ST_5400_673,0.0029325263589872934
mix_SI_UT_5400_536,0.0012380935818927905
mix_UI_ST_5400_811,0.003163456363484808
mix_SI_UT_5400_989,0.0016968832049337093
mix_SI_UT_5400_1213,0.0017324647001498942
mix_SI_UT_5400_1439,0.002257506480212518
cauldron_ln_25128,0.7266924638475742
mix_UI_ST_5400_3,0.002224271075686137
mix_SI_UT_5400_1494,0.002307971286598816
mix_SI_UT_5400_471,0.0032754559036989165
cauldron_ln_270,0.6346112649988658
mix_UI_ST_5400_429,0.0022094528372076628
mix_UI_ST_5400_1379,0.0021069446264341215
cauldron_ln_26893,0.747810517310874
cauldron_ln_26286,0.7720037972341177
cauldron_ln_25156,0.6840234497607218
mix_UI_ST_5400_226,0.002331351907129816
cauldron_ln_5691,0.7368305461770402
mix_SI_UT_5400_7,0.0016834183159978049
cauldron_ln_4943,0.7389456074989592
cauldron_ln_22661,0.7594169663740246
cauldron_ln_11972,0.6438588705832033
cauldron_ln_13201,0.7521359809324573
cauldron_ln_10874,0.6101121273452829
cauldron_ln_20523,0.6882698687721377
mix_SI_UT_5400_1183,0.002566829849118869
cauldron_ln_26443,0.705221175266897
cauldron_ln_29537,0.7054524851856109
cauldron_ln_24190,0.8274728530747087
cauldron_ln_7865,0.5892807535299388
mix_UI_ST_5400_722,0.002783697345928994
cauldron_ln_21891,0.7703880913458754
mix_SI_UT_5400_375,0.0018982942312401208
mix_SI_UT_5400_1467,0.0017095574771894147
cauldron_ln_9287,0.49839896504662745
cauldron_ln_25674,0.6719401731104773
cauldron_ln_529,0.6221133854382918
cauldron_ln_26169,0.6484704720628087
cauldron_ln_27183,0.8563724580579889
mix_UI_ST_5400_1110,0.0022466425200729683
cauldron_ln_9816,0.7145566791154252
cauldron_ln_8424,0.7475656276281178
cauldron_ln_10420,0.7471191700051543
cauldron_ln_13707,0.6737278905756728
mix_UI_ST_5400_195,0.0032813236397336476
mix_UI_ST_5400_1270,0.002594103714665193
mix_SI_UT_5400_1462,0.0016233718660582678
mix_SI_UT_5400_863,0.00197972397315924
cauldron_ln_24863,0.7258574059574922
cauldron_ln_20568,0.7365485834637518
cauldron_ln_21554,0.676355579112098
mix_UI_ST_5400_407,0.0020154233095401202
cauldron_ln_6392,0.6667077794254521
cauldron_ln_2802,0.4615006085220083
mix_SI_UT_5400_630,0.0016610954241219986
mix_SI_UT_5400_659,0.0019993689260488575
cauldron_ln_28231,0.8398517835967553
cauldron_ln_26508,0.7408975949701999
cauldron_ln_6278,0.6904063239605768
mix_SI_UT_5400_1317,0.0015075471607555767
mix_SI_UT_5400_1145,0.0023814854366530284
cauldron_ln_6555,0.5619240877466412
mix_SI_UT_5400_100,0.0025359358925222007
cauldron_ln_5877,0.6366977030203522
cauldron_ln_17291,0.6795230201929033
cauldron_ln_22147,0.7433658174110229
mix_SI_UT_5400_64,0.0017545131706321459
mix_SI_UT_5400_1157,0.002247979172809853
mix_SI_UT_5400_786,0.0024040224640440957
cauldron_ln_23534,0.7241437998885732
mix_UI_ST_5400_1167,0.0033607590952082276
mix_UI_ST_5400_38,0.002275938311292176
mix_UI_ST_5400_768,0.0018336167201487262
cauldron_ln_2478,0.8128346101033675
cauldron_ln_29659,0.723362603676293
cauldron_ln_7994,0.8007892576241255
cauldron_ln_26442,0.7427581889034197
cauldron_ln_22144,0.8291083237889656
cauldron_ln_16059,0.7576945004731902
cauldron_ln_25931,0.7288044495782064
mix_UI_ST_5400_597,0.0021547353479171474
mix_UI_ST_5400_440,0.00217336732758126
mix_UI_ST_5400_464,0.003037175826943983
cauldron_ln_9243,0.6347068663651342
cauldron_ln_237,0.6228677140969463
cauldron_ln_29412,0.7466546230793423
mix_UI_ST_5400_974,0.0030693237749302637
mix_UI_ST_5400_1014,0.002521044480136604
cauldron_ln_24161,0.7019586101681073
cauldron_ln_10127,0.741075040163446
mix_UI_ST_5400_1229,0.002553817652899414
cauldron_ln_1812,0.7705141815319196
mix_SI_UT_5400_544,0.0015837325551052075
cauldron_ln_17581,0.6893407648543746
cauldron_ln_5294,0.6202083346508916
cauldron_ln_1885,0.7582529555826713
cauldron_ln_1118,0.6267840354466059
mix_UI_ST_5400_1364,0.0021557386563628906
mix_SI_UT_5400_889,0.0024132256797121374
mix_UI_ST_5400_863,0.0020168602630175753
mix_UI_ST_5400_29,0.002137402049402284
cauldron_ln_27981,0.7087098563941273
cauldron_ln_8018,0.7054684114225551
mix_SI_UT_5400_938,0.0021367901012547016
cauldron_ln_29407,0.6875548878167655
mix_UI_ST_5400_1405,0.0033658472011257323
mix_UI_ST_5400_1175,0.001920171708299069
mix_SI_UT_5400_960,0.0033346317734547688
mix_UI_ST_5400_579,0.0019016768102712038
cauldron_ln_11900,0.7237231460748815
cauldron_ln_2799,0.7829726582989179
cauldron_ln_10230,0.7002938501694137
cauldron_ln_13334,0.7586870911562013
mix_UI_ST_5400_355,0.002498566445612807
cauldron_ln_15714,0.5966732132560612
cauldron_ln_14457,0.7615990910067231
mix_UI_ST_5400_1410,0.0027791847824320654
cauldron_ln_11447,0.7497085672442795
mix_UI_ST_5400_757,0.0030270028804655117
cauldron_ln_304,0.7440365782486039
cauldron_ln_11256,0.7635429260742731
mix_UI_ST_5400_1101,0.0030298504627645577
cauldron_ln_15585,0.6171324513294129
cauldron_ln_29751,0.7044549094615856
cauldron_ln_3304,0.8001707197054794
cauldron_ln_24073,0.6312782931865597
cauldron_ln_3622,0.6601736900433496
cauldron_ln_14132,0.7796260102396059
cauldron_ln_20207,0.7225847593035677
cauldron_ln_10890,0.7787864274068327
mix_SI_UT_5400_137,0.0025702859870372807
cauldron_ln_28924,0.7342067172329495
mix_UI_ST_5400_829,0.0026622089014248468
cauldron_ln_20124,0.6440570306311519
cauldron_ln_14766,0.7782531027207009
cauldron_ln_25892,0.7145002193667489
cauldron_ln_10053,0.8168361059712496
cauldron_ln_13970,0.6518902330128873
mix_UI_ST_5400_1277,0.0032137553448547567
mix_UI_ST_5400_643,0.0037639678117900675
cauldron_ln_853,0.667439641040788
mix_SI_UT_5400_1246,0.003188835090760515
mix_SI_UT_5400_745,0.001523612934676975
cauldron_ln_23133,0.5836887313099145
mix_UI_ST_5400_35,0.004085806618941665
cauldron_ln_2988,0.7826895272359302
cauldron_ln_22539,0.59373977564495
cauldron_ln_4695,0.6093418678717127
mix_UI_ST_5400_316,0.0017705974147139668
mix_SI_UT_5400_1082,0.0020862808521781647
mix_SI_UT_5400_1393,0.004551255600267611
cauldron_ln_6003,0.7100684584723443
cauldron_ln_19998,0.7527808529095782
cauldron_ln_14071,0.7162467712147436
cauldron_ln_27368,0.7716357404103794
cauldron_ln_23341,0.6243567460323743
cauldron_ln_28823,0.6171564235549312
mix_SI_UT_5400_1351,0.0024642769728865513
cauldron_ln_184,0.6471981639476498
cauldron_ln_23698,0.8090564781689266
mix_SI_UT_5400_1049,0.0021260580404728175
mix_SI_UT_5400_150,0.0017106292369321945
mix_SI_UT_5400_228,0.0033837005280413523
cauldron_ln_7985,0.7392592429053985
cauldron_ln_5276,0.4933056286576644
cauldron_ln_9809,0.6186158820831702
mix_UI_ST_5400_830,0.002372527023370686
cauldron_ln_18554,0.8236808825234669
mix_SI_UT_5400_1219,0.0020904718560288524
cauldron_ln_13949,0.7165161857014704
cauldron_ln_12345,0.7418179649715199
cauldron_ln_258,0.6312147727231563
mix_SI_UT_5400_1212,0.0018330509084702566
cauldron_ln_85,0.6210095450425447
mix_SI_UT_5400_577,0.002145155836163786
mix_SI_UT_5400_652,0.002457622818316128
cauldron_ln_28833,0.7705588350989847
cauldron_ln_27481,0.8015688314783499
mix_SI_UT_5400_973,0.0019242881068960514
mix_SI_UT_5400_1241,0.0021104031397051414
cauldron_ln_15933,0.8084953706589552
mix_UI_ST_5400_69,0.0015250498766927374
cauldron_ln_18595,0.7359326759627771
mix_UI_ST_5400_1193,0.0021781346325506798
cauldron_ln_673,0.6293507487499116
mix_UI_ST_5400_472,0.002402105063569341
cauldron_ln_1036,0.6710979980677049
cauldron_ln_20242,0.6537685077412463
mix_SI_UT_5400_755,0.002877129613872095
mix_UI_ST_5400_1252,0.003069359894449923
cauldron_ln_21271,0.8526351191100231
mix_UI_ST_5400_780,0.0018964394384550747
cauldron_ln_8577,0.6773584762060014
cauldron_ln_5176,0.7147887832550458
mix_UI_ST_5400_484,0.002818270483014387
cauldron_ln_3251,0.6581654690985027
cauldron_ln_11850,0.7335271101730299
cauldron_ln_11722,0.675507622354111
cauldron_ln_17841,0.6962040800172186
cauldron_ln_10141,0.6930084462906817
mix_SI_UT_5400_255,0.0023189992088830567
mix_SI_UT_5400_48,0.0020875742525447998
mix_UI_ST_5400_723,0.0025184201664921516
mix_SI_UT_5400_1333,0.002445093205092803
mix_UI_ST_5400_254,0.002436628165879235
cauldron_ln_8812,0.6788541380074558
mix_SI_UT_5400_1422,0.002612261654135559
mix_SI_UT_5400_83,0.0009663791067690855
cauldron_ln_10775,0.7395165724341622
mix_SI_UT_5400_541,0.0025763169865561757
mix_UI_ST_5400_730,0.003005183631148475
mix_SI_UT_5400_91,0.0020392215704084656
mix_UI_ST_5400_1357,0.0028618665197213213
mix_SI_UT_5400_220,0.001920805666507464
mix_UI_ST_5400_1266,0.002708081429995917
cauldron_ln_19902,0.8015912386055176
mix_SI_UT_5400_426,0.0017712712642454235
mix_SI_UT_5400_1435,0.0018710251952689303
mix_SI_UT_5400_69,0.002495997947414725
mix_UI_ST_5400_659,0.002877108319453691
mix_SI_UT_5400_161,0.0015383246988512783
mix_SI_UT_5400_1068,0.002721472903246762
mix_SI_UT_5400_646,0.0023409728089586767
mix_UI_ST_5400_283,0.002456568099352159
mix_SI_UT_5400_538,0.0011615222962644554
cauldron_ln_17393,0.8018778942122557
