id,is_member
cauldron_ln_8044,0.6705978832840273
cauldron_ln_7863,0.7527918192664584
mix_SI_UT_5400_19,0.0026475756758979063
mix_SI_UT_5400_896,0.0014872150013474522
cauldron_ln_17842,0.6665792693009919
mix_UI_ST_5400_1010,0.002017468688299724
mix_SI_UT_5400_1158,0.0015445250341856026
cauldron_ln_5492,0.6673005930435096
cauldron_ln_28055,0.7827265584625629
cauldron_ln_15782,0.6546154059475942
cauldron_ln_10896,0.7685864274230513
mix_UI_ST_5400_198,0.001941780139046818
cauldron_ln_14683,0.6632383601591407
mix_UI_ST_5400_1434,0.002155158972473955
cauldron_ln_15146,0.5857378528149125
cauldron_ln_11421,0.4455598065943622
cauldron_ln_9412,0.7061652433736453
cauldron_ln_23873,0.6294103155849973
cauldron_ln_21744,0.6974455229168355
mix_UI_ST_5400_591,0.0017323779454363857
mix_UI_ST_5400_1048,0.0019550623328947266
cauldron_ln_1835,0.7007673887821689
mix_UI_ST_5400_1353,0.0021363152895487706
cauldron_ln_14310,0.7191409077370349
mix_UI_ST_5400_432,0.0017462104190873458
mix_UI_ST_5400_481,0.00179957947418551
cauldron_ln_12651,0.7495430106105248
cauldron_ln_9528,0.7131404563494067
cauldron_ln_28369,0.643880780031762
mix_UI_ST_5400_381,0.0011636925283215803
mix_SI_UT_5400_413,0.002701513373615063
cauldron_ln_11962,0.7506347546296732
cauldron_ln_14987,0.8010690194241479
cauldron_ln_10926,0.6401932572744176
mix_UI_ST_5400_491,0.0017254934283489037
cauldron_ln_7384,0.6021906369995563
mix_UI_ST_5400_1466,0.0023717468032005045
mix_UI_ST_5400_1426,0.0023865125063368842
cauldron_ln_29607,0.6238915021420542
cauldron_ln_12404,0.7524734790024351
cauldron_ln_4937,0.6714901932836134
cauldron_ln_10260,0.6093093312566626
mix_SI_UT_5400_526,0.0025556963691569317
cauldron_ln_16527,0.8421438384732388
mix_UI_ST_5400_662,0.0025858353977497367
mix_SI_UT_5400_437,0.0023712586036041304
mix_SI_UT_5400_106,0.0020627966906584016
cauldron_ln_7890,0.7280997821713316
mix_SI_UT_5400_1078,0.0017885291295998338
cauldron_ln_11429,0.684731112425973
mix_SI_UT_5400_30,0.001570163906982545
mix_UI_ST_5400_1483,0.0026800267792029
cauldron_ln_7449,0.7004865856441708
mix_UI_ST_5400_1140,0.00233969617704641
cauldron_ln_24003,0.6789971531744807
cauldron_ln_9540,0.6790328026134433
cauldron_ln_22660,0.7948158031003637
cauldron_ln_1774,0.6914682654225883
mix_UI_ST_5400_629,0.001938934196908118
cauldron_ln_16259,0.7469615928529976
cauldron_ln_17752,0.8106219904937619
mix_UI_ST_5400_1073,0.0020557596654895583
mix_UI_ST_5400_735,0.0025710502146632556
mix_UI_ST_5400_1045,0.0019125583137067194
mix_SI_UT_5400_397,0.0018605546622943148
cauldron_ln_14219,0.8060748068626904
cauldron_ln_2781,0.5904239111764219
cauldron_ln_22647,0.7210862110123005
cauldron_ln_27463,0.6204769253846697
mix_UI_ST_5400_278,0.001008268330541907
mix_SI_UT_5400_67,0.0009495899098314915
cauldron_ln_19954,0.654286987980449
cauldron_ln_14482,0.7901886003244635
mix_UI_ST_5400_1035,0.0018108534435177146
cauldron_ln_27388,0.6274214032042573
mix_UI_ST_5400_95,0.0024575599687941545
mix_UI_ST_5400_1026,0.0013635544589352922
mix_SI_UT_5400_300,0.001541746809214713
cauldron_ln_6757,0.7571792678452032
mix_UI_ST_5400_1169,0.0028358252220688114
mix_SI_UT_5400_635,0.0024709192682082566
mix_SI_UT_5400_478,0.0016635149267564156
cauldron_ln_21010,0.6394799085832684
cauldron_ln_17103,0.7405572518266803
cauldron_ln_10561,0.8300634128734717
mix_UI_ST_5400_726,0.002425072410938162
mix_UI_ST_5400_676,0.0017682806840184741
cauldron_ln_15332,0.6928498526299492
cauldron_ln_23958,0.8042315481042099
cauldron_ln_24104,0.7994121304479915
cauldron_ln_10117,0.6829882047330074
cauldron_ln_23357,0.7527840501788841
mix_SI_UT_5400_208,0.002133641878182784
cauldron_ln_4968,0.7029022767290528
cauldron_ln_18453,0.7510983290739891
cauldron_ln_28882,0.5594982502789964
mix_UI_ST_5400_46,0.0010844754255313182
cauldron_ln_22611,0.7453862581794497
mix_SI_UT_5400_1336,0.0017007652843782648
cauldron_ln_6047,0.7948043385707757
cauldron_ln_338,0.5779277042841046
cauldron_ln_11367,0.8006010175605248
mix_SI_UT_5400_832,0.0024291357480882244
cauldron_ln_5754,0.7282006817034928
cauldron_ln_23839,0.6069451088671447
cauldron_ln_27506,0.767553027283221
mix_UI_ST_5400_1243,0.002282028929290484
mix_UI_ST_5400_76,0.001033941890897284
mix_SI_UT_5400_269,0.0012408716965164367
cauldron_ln_8533,0.7792951277534168
mix_SI_UT_5400_1040,0.0016517426551594199
mix_UI_ST_5400_1211,0.0015560940354581757
cauldron_ln_2986,0.783060685481148
cauldron_ln_907,0.7474691779958669
cauldron_ln_19397,0.764560197234742
cauldron_ln_27571,0.7722360166744895
cauldron_ln_14244,0.7252388867145214
mix_SI_UT_5400_486,0.0024645940768371383
cauldron_ln_1145,0.5929488100189291
cauldron_ln_18444,0.7582252337594713
cauldron_ln_1887,0.6517530856054675
mix_SI_UT_5400_400,0.0010377229104944878
mix_UI_ST_5400_347,0.0018236751546105866
mix_UI_ST_5400_807,0.0024618551642681436
cauldron_ln_29526,0.7075600124763731
mix_UI_ST_5400_1264,0.0017642825463399243
mix_SI_UT_5400_515,0.0011843290745872255
cauldron_ln_16634,0.693342898908082
mix_SI_UT_5400_588,0.001966078974844202
cauldron_ln_11925,0.5784538797489557
cauldron_ln_28010,0.68871456641827
mix_UI_ST_5400_317,0.0019575845424364513
mix_UI_ST_5400_299,0.0021609301354048763
mix_UI_ST_5400_1017,0.001685548943182142
cauldron_ln_15024,0.6487954655655167
cauldron_ln_10384,0.7578979748616529
cauldron_ln_20378,0.6531945810304574
cauldron_ln_2969,0.7072545953517471
cauldron_ln_27454,0.6806346169785568
mix_SI_UT_5400_533,0.001705719381196592
cauldron_ln_2106,0.712063410995099
mix_SI_UT_5400_1140,0.0011271724561007167
mix_SI_UT_5400_58,0.0020463397326780943
mix_SI_UT_5400_880,0.002002472208162871
mix_SI_UT_5400_166,0.0017436773951042524
cauldron_ln_29932,0.7749804089437898
mix_SI_UT_5400_315,0.0016477381072694162
cauldron_ln_12775,0.7973141889095244
mix_SI_UT_5400_1397,0.002027643319774361
mix_SI_UT_5400_528,0.0023803572226780132
cauldron_ln_23190,0.7704872263803149
mix_SI_UT_5400_146,0.0013925268801588586
cauldron_ln_27258,0.6406006062215157
mix_UI_ST_5400_966,0.0018432626668393394
mix_SI_UT_5400_403,0.0019947741733355767
mix_UI_ST_5400_844,0.002052342127962098
cauldron_ln_5051,0.7739844706586937
mix_SI_UT_5400_955,0.0011075653586584857
cauldron_ln_10741,0.638310925107303
cauldron_ln_15949,0.7191232262145072
cauldron_ln_19319,0.7629347623650168
cauldron_ln_18427,0.8285291894756475
mix_UI_ST_5400_487,0.0011203753670020503
cauldron_ln_19269,0.6810805702949551
cauldron_ln_11550,0.5611126359361209
cauldron_ln_3692,0.7607920512558501
cauldron_ln_14785,0.6635069149462253
mix_UI_ST_5400_822,0.0011034334635962992
cauldron_ln_10913,0.7221051596596055
cauldron_ln_607,0.7000010526457119
cauldron_ln_1630,0.6843489100937923
cauldron_ln_2488,0.6451283041005725
cauldron_ln_15622,0.7178336850636919
cauldron_ln_22881,0.6951122416725912
mix_SI_UT_5400_1154,0.0019011811315778485
cauldron_ln_29166,0.6655400371692548
cauldron_ln_19244,0.7982560402856205
mix_SI_UT_5400_1352,0.001941152748382956
cauldron_ln_9689,0.6390457693656147
cauldron_ln_15068,0.748367935895711
cauldron_ln_11868,0.7804258026224986
mix_SI_UT_5400_61,0.0018725079711575904
cauldron_ln_24541,0.7318138313758367
mix_SI_UT_5400_362,0.0014250230756098945
cauldron_ln_1728,0.6129811920428351
mix_SI_UT_5400_1003,0.0025798921914234603
cauldron_ln_21799,0.7333847155422142
cauldron_ln_8077,0.6231292059148438
mix_SI_UT_5400_1039,0.001266623897789328
mix_SI_UT_5400_1073,0.0018534241182579982
cauldron_ln_15986,0.7687722391910682
cauldron_ln_6543,0.7734541231426011
cauldron_ln_19956,0.6552616064882754
cauldron_ln_7175,0.7780457974556941
cauldron_ln_23407,0.7592564191109479
cauldron_ln_15369,0.7637216532210434
cauldron_ln_16554,0.7821755309915117
cauldron_ln_448,0.6581404013871861
mix_UI_ST_5400_417,0.0014663256033531438
cauldron_ln_22233,0.7941473789942577
cauldron_ln_26043,0.6456194515537726
cauldron_ln_16304,0.7712209295597174
cauldron_ln_14141,0.6930821118495942
cauldron_ln_23630,0.7034129344312031
mix_UI_ST_5400_710,0.0017955852625126663
cauldron_ln_8007,0.7547462339137845
mix_UI_ST_5400_590,0.0019386354024055938
mix_SI_UT_5400_410,0.0016984260421801971
cauldron_ln_24925,0.7643855164559245
cauldron_ln_27190,0.7586280375798893
mix_UI_ST_5400_1268,0.002314977967385668
mix_UI_ST_5400_685,0.0024100819898740383
cauldron_ln_1069,0.5968786367388913
mix_UI_ST_5400_827,0.002447940022584927
mix_SI_UT_5400_5,0.0017975887250051602
cauldron_ln_27839,0.7380039047590524
mix_SI_UT_5400_633,0.0015958992040027932
cauldron_ln_14133,0.8117816033463475
mix_UI_ST_5400_728,0.0022670518545566992
mix_UI_ST_5400_437,0.0019389732619107642
mix_SI_UT_5400_885,0.0021456836554429024
cauldron_ln_4311,0.7053729361142196
mix_SI_UT_5400_301,0.0031469915177835097
cauldron_ln_12842,0.7980031962477748
mix_UI_ST_5400_83,0.0018019229839644586
cauldron_ln_11288,0.8371569381600923
cauldron_ln_27828,0.6692819701541827
mix_SI_UT_5400_101,0.0019135282313216648
cauldron_ln_16476,0.7649512504125421
mix_UI_ST_5400_709,0.0019015204314077481
mix_SI_UT_5400_570,0.0013606135420899494
cauldron_ln_19540,0.6976470799347219
cauldron_ln_17829,0.7640156120317997
mix_UI_ST_5400_985,0.0015358942490869792
cauldron_ln_2288,0.7542404924022948
cauldron_ln_18551,0.7704144899586095
mix_SI_UT_5400_240,0.0021425865792132695
mix_SI_UT_5400_554,0.0018505333270847086
cauldron_ln_26336,0.7928078612875623
cauldron_ln_8102,0.6701179209709909
cauldron_ln_8498,0.5964064953611331
cauldron_ln_16991,0.7458791554906679
mix_UI_ST_5400_149,0.002304788328517322
cauldron_ln_22346,0.7742793016926689
mix_UI_ST_5400_256,0.0015620059493208166
mix_SI_UT_5400_337,0.0019882669639886916
mix_UI_ST_5400_456,0.001582704146148811
cauldron_ln_26480,0.732064466933352
cauldron_ln_29867,0.7835708966110244
mix_SI_UT_5400_1256,0.0012497078123007948
cauldron_ln_917,0.6483936414813593
mix_SI_UT_5400_1001,0.0015261215278006858
mix_SI_UT_5400_1141,0.0022082199944995196
cauldron_ln_28787,0.6274543187500077
cauldron_ln_28349,0.6482856440130125
mix_UI_ST_5400_753,0.0022374098062381415
mix_SI_UT_5400_1093,0.0018433951386076068
cauldron_ln_21991,0.6128519793714996
cauldron_ln_22152,0.7456743172094514
mix_SI_UT_5400_1370,0.001987378411813143
mix_UI_ST_5400_1039,0.0026027153039388357
mix_UI_ST_5400_240,0.0020854071886164706
mix_SI_UT_5400_767,0.001991920977673347
mix_UI_ST_5400_1093,0.0024140031277924217
cauldron_ln_9330,0.7394384809544343
mix_SI_UT_5400_1447,0.0019534224630688305
mix_SI_UT_5400_553,0.001994135909936504
cauldron_ln_8874,0.5296416938639501
cauldron_ln_21032,0.7569201816349671
mix_SI_UT_5400_1072,0.001202976416478757
cauldron_ln_10366,0.7678956771224379
mix_SI_UT_5400_497,0.0017161991927057926
mix_SI_UT_5400_59,0.001257768702581924
cauldron_ln_26771,0.5848266343802091
mix_SI_UT_5400_738,0.0015587390537879313
cauldron_ln_29306,0.6943265729033451
cauldron_ln_4556,0.739708421280836
cauldron_ln_26578,0.5302715614006415
mix_SI_UT_5400_485,0.002117968826840981
cauldron_ln_23109,0.7173248407560298
mix_SI_UT_5400_1198,0.0032177478756200465
cauldron_ln_7975,0.8082882685218895
mix_UI_ST_5400_972,0.0020912564490102293
mix_UI_ST_5400_1359,0.0023462702931331104
cauldron_ln_27987,0.7259027243613652
mix_UI_ST_5400_542,0.0020468220633411477
mix_SI_UT_5400_154,0.002046822778996437
cauldron_ln_22834,0.8148539279879087
cauldron_ln_24422,0.8042437792964784
cauldron_ln_13554,0.7855077247704103
mix_UI_ST_5400_1396,0.0020056164456806404
mix_SI_UT_5400_1412,0.0016523858620148672
mix_SI_UT_5400_123,0.002042717870773204
cauldron_ln_21902,0.5706117804827076
mix_SI_UT_5400_1438,0.00172888467977928
mix_SI_UT_5400_253,0.0014117363610940512
cauldron_ln_4461,0.7294191120127574
cauldron_ln_8537,0.7794824643714269
mix_SI_UT_5400_1480,0.0025805182148602745
mix_UI_ST_5400_1403,0.002351546396425806
cauldron_ln_4837,0.7224481429924214
mix_UI_ST_5400_1378,0.0016198412956525891
mix_SI_UT_5400_131,0.00210820544136667
mix_SI_UT_5400_634,0.002634653992632037
cauldron_ln_18548,0.7772941128180874
mix_UI_ST_5400_206,0.002211646189638008
mix_SI_UT_5400_1248,0.0012830143679939089
mix_UI_ST_5400_1242,0.0027003270104704975
mix_SI_UT_5400_113,0.001606553833590544
cauldron_ln_11500,0.8287661601689599
cauldron_ln_27731,0.8422401631341274
cauldron_ln_25656,0.695299154150262
mix_SI_UT_5400_495,0.0017906303904466167
mix_UI_ST_5400_1076,0.003050144586584046
mix_SI_UT_5400_1151,0.0012099072770163127
cauldron_ln_2570,0.7316995944215943
cauldron_ln_21811,0.7297610101078718
mix_UI_ST_5400_599,0.0011084013762440923
mix_SI_UT_5400_898,0.0019456915463665386
cauldron_ln_11448,0.5787099755451451
cauldron_ln_23188,0.7617201625181281
mix_SI_UT_5400_794,0.001923054942667293
mix_SI_UT_5400_76,0.001515249690244844
cauldron_ln_7577,0.7632010703547404
mix_UI_ST_5400_51,0.002042380896532735
mix_UI_ST_5400_501,0.0018406322901044503
cauldron_ln_4827,0.7511760743987275
mix_UI_ST_5400_698,0.0024247574901805472
cauldron_ln_5162,0.6575190999582963
cauldron_ln_23791,0.7612009726718075
cauldron_ln_15676,0.6423741634449306
cauldron_ln_22291,0.8033031003995398
mix_UI_ST_5400_968,0.0026869592564700297
mix_UI_ST_5400_243,0.0035211291395593944
cauldron_ln_19024,0.780057173175519
mix_UI_ST_5400_558,0.00157202293177729
mix_UI_ST_5400_637,0.001733472649855454
mix_UI_ST_5400_1104,0.001776192356358643
mix_SI_UT_5400_136,0.0024745350605481224
mix_UI_ST_5400_734,0.0024847438306859182
cauldron_ln_9269,0.681692802746247
cauldron_ln_29302,0.706986337030474
mix_SI_UT_5400_317,0.0020564578293703673
mix_UI_ST_5400_527,0.003088347597099194
cauldron_ln_13202,0.7837391833044912
mix_UI_ST_5400_786,0.001634806635574255
cauldron_ln_24382,0.7156846840847836
cauldron_ln_624,0.6822461409799762
cauldron_ln_17587,0.6610287377393735
mix_UI_ST_5400_15,0.0018366115612955913
cauldron_ln_11604,0.7342297121959106
mix_UI_ST_5400_399,0.0014717661217401442
mix_SI_UT_5400_389,0.0021967812946084393
mix_SI_UT_5400_812,0.0021183464514744513
mix_UI_ST_5400_697,0.0040218145375323245
cauldron_ln_9526,0.745317297198811
cauldron_ln_18362,0.8027984128470986
mix_SI_UT_5400_130,0.0018077660247152248
cauldron_ln_2881,0.5293364238693812
mix_SI_UT_5400_751,0.002006459428821838
cauldron_ln_10966,0.6409474502612627
cauldron_ln_16840,0.6389218330930617
cauldron_ln_799,0.7395527146818559
mix_SI_UT_5400_1136,0.002006046505313262
cauldron_ln_22111,0.6710080399547416
mix_SI_UT_5400_1066,0.00111179024694937
cauldron_ln_10806,0.781452297246112
cauldron_ln_12532,0.7160453989323593
mix_UI_ST_5400_41,0.0014712637500918517
cauldron_ln_13616,0.7183999909010006
mix_UI_ST_5400_897,0.0019774275544944104
mix_UI_ST_5400_1240,0.0019373095562353817
cauldron_ln_19787,0.7165087061201011
cauldron_ln_23476,0.7184886574826601
cauldron_ln_22959,0.7410581675697755
cauldron_ln_14947,0.7306497352753878
mix_UI_ST_5400_720,0.0016230696041521888
cauldron_ln_25188,0.49652523432755663
mix_SI_UT_5400_442,0.002379321143536159
mix_UI_ST_5400_876,0.0013113314103685026
cauldron_ln_11281,0.7543918096853244
cauldron_ln_5037,0.7528948537580443
cauldron_ln_28724,0.7233147943560482
mix_UI_ST_5400_1160,0.0024495125058242146
mix_SI_UT_5400_202,0.0023614014088323434
mix_UI_ST_5400_828,0.0025466393373456578
cauldron_ln_11913,0.8215346751384488
mix_SI_UT_5400_263,0.0019110099106919348
mix_UI_ST_5400_983,0.0024780271140465732
mix_SI_UT_5400_1368,0.002536689846053143
mix_UI_ST_5400_1489,0.0024491686466265334
cauldron_ln_12257,0.610393292285622
mix_UI_ST_5400_511,0.0011257536271516697
cauldron_ln_21796,0.6415888395847757
cauldron_ln_25860,0.681956848320068
mix_UI_ST_5400_260,0.0018954401777862382
mix_SI_UT_5400_958,0.0013695413641403337
mix_SI_UT_5400_55,0.0014246527682751351
cauldron_ln_23097,0.7880858842389281
mix_UI_ST_5400_257,0.0014617410965830292
mix_UI_ST_5400_24,0.0023098024790816664
mix_UI_ST_5400_583,0.0018448709281897267
mix_SI_UT_5400_844,0.001995158917713309
cauldron_ln_27256,0.7089108414326488
mix_SI_UT_5400_1290,0.001613435446138681
mix_SI_UT_5400_777,0.00152658992788224
cauldron_ln_11645,0.6001474613480613
mix_SI_UT_5400_1160,0.0017781075539760006
cauldron_ln_22026,0.604546253018652
cauldron_ln_12080,0.6905146337702804
mix_UI_ST_5400_1204,0.0027381829010582367
cauldron_ln_25532,0.7891427496058087
mix_SI_UT_5400_728,0.0016967506410027976
cauldron_ln_11946,0.48892560139185676
cauldron_ln_144,0.6711485529808926
mix_UI_ST_5400_598,0.0012537513015173699
mix_UI_ST_5400_1059,0.0013949342899073687
mix_SI_UT_5400_1096,0.001828949114418737
cauldron_ln_12129,0.7957205711893988
mix_UI_ST_5400_1219,0.0021193387571149546
cauldron_ln_13278,0.7339456996495207
mix_SI_UT_5400_1134,0.0021185175182392565
cauldron_ln_23317,0.6959381905555823
cauldron_ln_1570,0.6798994701206774
cauldron_ln_25425,0.757741885796832
mix_UI_ST_5400_245,0.0017436919560600908
cauldron_ln_2561,0.8004168750595946
cauldron_ln_13287,0.7710704564897501
mix_SI_UT_5400_339,0.0023532970205686864
mix_SI_UT_5400_1187,0.00226722237250418
mix_UI_ST_5400_1151,0.002441204981191004
mix_UI_ST_5400_403,0.0023514899862938825
mix_UI_ST_5400_1118,0.0020902351499074616
cauldron_ln_23250,0.7114595797674976
cauldron_ln_7535,0.7446797472602006
cauldron_ln_29018,0.7859677368855721
cauldron_ln_11047,0.7428965873427965
mix_UI_ST_5400_696,0.0010793057874015671
mix_SI_UT_5400_489,0.001939089044809244
mix_UI_ST_5400_1095,0.0014241538834451884
cauldron_ln_5366,0.7022472127443495
cauldron_ln_22210,0.6294302520579235
cauldron_ln_9069,0.8309104248580801
cauldron_ln_14098,0.575111353404835
cauldron_ln_22891,0.667903890033003
mix_UI_ST_5400_772,0.0019579443676041226
mix_SI_UT_5400_782,0.0016642441078697939
cauldron_ln_18035,0.6686624210483518
mix_UI_ST_5400_1244,0.0025566643246120123
mix_SI_UT_5400_788,0.0019061194315946484
cauldron_ln_14972,0.6123395804196238
cauldron_ln_27687,0.7773520027153185
cauldron_ln_13102,0.5172430354512239
cauldron_ln_26066,0.7527981209478484
mix_UI_ST_5400_885,0.001981281182713477
cauldron_ln_27591,0.7091335358412887
cauldron_ln_29575,0.5114430236125553
mix_SI_UT_5400_580,0.001519384332009136
cauldron_ln_679,0.51691456670874
mix_SI_UT_5400_643,0.0015995747076476127
mix_SI_UT_5400_168,0.0026535662514017033
cauldron_ln_23468,0.7785269270571874
cauldron_ln_3944,0.745044692179339
cauldron_ln_813,0.6761733764863346
mix_SI_UT_5400_730,0.0023273699904307263
mix_UI_ST_5400_749,0.001831158411478241
mix_UI_ST_5400_156,0.0019737034285730553
cauldron_ln_21960,0.6265408041711416
cauldron_ln_577,0.7200251309850664
cauldron_ln_1416,0.6762326371775589
cauldron_ln_5242,0.7869057851804006
mix_UI_ST_5400_167,0.0021332313877255632
cauldron_ln_4181,0.7439368465869189
mix_SI_UT_5400_1305,0.0026538344904274446
mix_UI_ST_5400_854,0.0025674776537241016
cauldron_ln_2751,0.7535113686964533
cauldron_ln_23293,0.6917247086828574
mix_SI_UT_5400_1366,0.0012855135643627335
cauldron_ln_3838,0.6826399950671379
cauldron_ln_16178,0.6812336547557846
cauldron_ln_100,0.7062356155952332
cauldron_ln_13803,0.791559725056213
mix_SI_UT_5400_278,0.002165081713031047
cauldron_ln_10579,0.7872823795183612
mix_UI_ST_5400_66,0.002201983221720835
cauldron_ln_17426,0.781133872269362
mix_UI_ST_5400_1090,0.0018435661113781903
cauldron_ln_13716,0.6682686544048289
cauldron_ln_15463,0.6413456178577776
mix_SI_UT_5400_304,0.0017318521308498445
mix_UI_ST_5400_217,0.0015375040847585395
mix_SI_UT_5400_524,0.0026119289583989877
cauldron_ln_21604,0.7675710319610083
mix_SI_UT_5400_1404,0.0020081095196173237
cauldron_ln_1517,0.737590648700504
mix_SI_UT_5400_1359,0.002587364778700786
mix_SI_UT_5400_804,0.0021705888548492294
cauldron_ln_6262,0.7431967206553135
cauldron_ln_27879,0.6735432826848925
mix_SI_UT_5400_865,0.001981286405834458
mix_SI_UT_5400_868,0.0027580573852819964
mix_SI_UT_5400_606,0.0021963316064982923
mix_UI_ST_5400_1273,0.0017652086637905203
mix_UI_ST_5400_825,0.0015627272479952865
mix_SI_UT_5400_370,0.0012906911293706495
mix_SI_UT_5400_1280,0.0015333562202930176
mix_SI_UT_5400_713,0.0016634779945807693
mix_UI_ST_5400_911,0.0014585423623595256
cauldron_ln_9162,0.6288408725307542
cauldron_ln_7894,0.6604613776528265
mix_UI_ST_5400_1196,0.001661502888174675
cauldron_ln_13609,0.7342367174359041
mix_SI_UT_5400_770,0.001468961737978687
cauldron_ln_17824,0.5749481996883054
cauldron_ln_4,0.5209752591883553
cauldron_ln_7184,0.7326633582406502
cauldron_ln_12131,0.5939805137164778
cauldron_ln_22906,0.6650792316665134
cauldron_ln_14765,0.6969432101123354
cauldron_ln_10161,0.5854267873546047
cauldron_ln_10400,0.7689367075188877
cauldron_ln_5688,0.7298975188327121
cauldron_ln_24335,0.8269896076509089
mix_UI_ST_5400_1279,0.0021780541453028514
cauldron_ln_10067,0.5795263817565415
mix_SI_UT_5400_358,0.002412683080254508
mix_UI_ST_5400_1290,0.0023606190519641452
cauldron_ln_22606,0.5611716953690956
cauldron_ln_8034,0.7027212299742349
mix_SI_UT_5400_246,0.0017563973204486622
cauldron_ln_11716,0.6826291752124123
cauldron_ln_26040,0.7559706782176517
cauldron_ln_26,0.6120458591448953
mix_SI_UT_5400_670,0.002406096027272077
mix_UI_ST_5400_473,0.0015541050766165114
mix_UI_ST_5400_255,0.0028701670158044366
mix_UI_ST_5400_326,0.0015178725846830882
cauldron_ln_27750,0.6815429934002839
cauldron_ln_5561,0.7339207604736471
cauldron_ln_8660,0.764143408632305
mix_SI_UT_5400_859,0.001985694045146787
cauldron_ln_23350,0.788312125081187
cauldron_ln_3842,0.7505372927821602
cauldron_ln_6538,0.6968061588798379
mix_SI_UT_5400_1217,0.001906455486148271
mix_UI_ST_5400_465,0.0014653793573129836
mix_SI_UT_5400_907,0.001600424274854285
cauldron_ln_24976,0.6630439021409527
cauldron_ln_1858,0.802401115603936
cauldron_ln_23568,0.7144322048563929
cauldron_ln_17953,0.7148417774615528
mix_SI_UT_5400_8,0.002187474182875205
cauldron_ln_28947,0.7146063320001411
mix_SI_UT_5400_1421,0.0020403027068285774
mix_SI_UT_5400_35,0.0018628310834920446
cauldron_ln_2613,0.6984613596185366
mix_UI_ST_5400_88,0.0026329904011149347
mix_UI_ST_5400_73,0.0018941065954788004
mix_UI_ST_5400_1370,0.0024240365164830795
mix_UI_ST_5400_196,0.0028474850597943486
mix_UI_ST_5400_408,0.0014570314601587131
mix_UI_ST_5400_651,0.002049063576599028
cauldron_ln_20260,0.8134101239786389
cauldron_ln_111,0.5505460662223288
cauldron_ln_20513,0.6802279417513216
cauldron_ln_3969,0.7431460904576154
cauldron_ln_11963,0.7927431859302673
cauldron_ln_12732,0.5905030615442457
mix_SI_UT_5400_1281,0.0028609037654162748
cauldron_ln_22788,0.7152194208563318
cauldron_ln_11793,0.7604646174110907
cauldron_ln_27061,0.8081367460070548
cauldron_ln_3418,0.7073900415434249
cauldron_ln_4130,0.7153519661409823
mix_SI_UT_5400_700,0.001487548414101133
mix_SI_UT_5400_184,0.0012036608850599202
mix_SI_UT_5400_1257,0.0015651852483728726
cauldron_ln_14787,0.7523763477568557
mix_UI_ST_5400_528,0.0019286407183735903
mix_UI_ST_5400_905,0.00227709474063259
mix_SI_UT_5400_925,0.0024818964381473395
cauldron_ln_707,0.5413062636620587
mix_SI_UT_5400_473,0.0019826771427047707
mix_SI_UT_5400_72,0.0019490076744952843
cauldron_ln_28407,0.681594144853476
mix_UI_ST_5400_634,0.0021145306653916167
cauldron_ln_26101,0.7827581330185958
mix_SI_UT_5400_1348,0.0011567025269897365
mix_SI_UT_5400_592,0.0019714001818573173
cauldron_ln_22926,0.6840323265247256
cauldron_ln_1577,0.72461984090683
cauldron_ln_3840,0.7085928625913339
cauldron_ln_10875,0.7435176572390525
mix_UI_ST_5400_1493,0.0018249687312289237
cauldron_ln_9804,0.7369239463108126
cauldron_ln_18037,0.6805886197429635
cauldron_ln_8844,0.7127957102374379
cauldron_ln_9144,0.785823136955
mix_UI_ST_5400_234,0.0014213546440657822
mix_SI_UT_5400_531,0.0006249558579722066
mix_SI_UT_5400_416,0.001542222841905775
mix_SI_UT_5400_1185,0.0014289227473489416
mix_UI_ST_5400_304,0.002564638163378822
mix_UI_ST_5400_1020,0.002718146967834939
cauldron_ln_21999,0.6765774717507238
mix_UI_ST_5400_272,0.0012261935704915062
mix_UI_ST_5400_139,0.0020080839594994824
cauldron_ln_16553,0.8216100792359798
mix_SI_UT_5400_764,0.002023232083481489
mix_SI_UT_5400_547,0.0020768045088717696
mix_UI_ST_5400_1184,0.0022389434312595387
mix_UI_ST_5400_1381,0.002367858032890599
mix_UI_ST_5400_1322,0.0014981092762173809
mix_SI_UT_5400_1041,0.002170957579505834
mix_SI_UT_5400_200,0.002328388238762022
cauldron_ln_17601,0.7118936533583413
cauldron_ln_28140,0.739724396190004
cauldron_ln_11792,0.7067117295058891
cauldron_ln_24762,0.7230817229635095
cauldron_ln_6564,0.8068197849792085
mix_UI_ST_5400_1349,0.002394717460369219
mix_SI_UT_5400_831,0.002196656182228355
cauldron_ln_24831,0.8501759595056158
cauldron_ln_11818,0.7498149460953688
mix_UI_ST_5400_1136,0.0020377472125150675
mix_UI_ST_5400_1087,0.0010256882669752308
cauldron_ln_23301,0.6936209556234273
cauldron_ln_4432,0.7582197223337972
mix_SI_UT_5400_1022,0.0015790626323279934
mix_UI_ST_5400_209,0.002752196676664101
cauldron_ln_14925,0.7217014011499496
cauldron_ln_14670,0.6098414613801697
cauldron_ln_29994,0.7449687324175022
mix_UI_ST_5400_1137,0.0016215242358138234
cauldron_ln_22708,0.6161998442642854
cauldron_ln_17068,0.7890254216836272
mix_SI_UT_5400_376,0.0019517713740131502
mix_UI_ST_5400_1161,0.0023227256559873095
cauldron_ln_21019,0.7896933856440405
mix_SI_UT_5400_818,0.0013324959898218384
cauldron_ln_10761,0.7042349521293894
cauldron_ln_21311,0.6641203755187475
mix_UI_ST_5400_261,0.00135365787979652
cauldron_ln_19211,0.5720972940667216
cauldron_ln_18887,0.7405666181794258
mix_UI_ST_5400_115,0.0015195265169307408
mix_UI_ST_5400_1144,0.0024239251664897902
cauldron_ln_28447,0.73731858088184
cauldron_ln_10020,0.6789131393161361
mix_SI_UT_5400_1382,0.0021313380970854607
cauldron_ln_4115,0.5464980886258369
cauldron_ln_22528,0.8012495909045089
mix_UI_ST_5400_259,0.0014603201129554007
mix_UI_ST_5400_1475,0.0013335284111630603
mix_UI_ST_5400_686,0.0018154334645488234
mix_UI_ST_5400_1267,0.0016677447438040677
mix_UI_ST_5400_1337,0.0020092356705778656
cauldron_ln_18384,0.713965482586435
mix_SI_UT_5400_395,0.002635830653172509
cauldron_ln_12872,0.804928342957799
cauldron_ln_12801,0.5695667490538499
mix_UI_ST_5400_495,0.0020545180275515803
mix_SI_UT_5400_1063,0.002118936370234798
mix_UI_ST_5400_1441,0.0022757950547829075
cauldron_ln_9897,0.7594551255810075
cauldron_ln_6637,0.6762640257136463
cauldron_ln_17975,0.7874791739904823
mix_SI_UT_5400_1000,0.002099653814379789
mix_SI_UT_5400_314,0.0016359785179120448
cauldron_ln_28730,0.8069322567871381
mix_SI_UT_5400_1418,0.0021288174752693997
cauldron_ln_14328,0.7391249315296717
cauldron_ln_9377,0.690950125423209
mix_SI_UT_5400_177,0.0020089476088211715
mix_SI_UT_5400_775,0.0017805593592301295
mix_UI_ST_5400_931,0.002695500949206002
cauldron_ln_24695,0.6177859069555616
cauldron_ln_27146,0.7586162590285835
mix_SI_UT_5400_229,0.002222086304625968
cauldron_ln_3454,0.709436949181911
mix_UI_ST_5400_117,0.0020464304567117115
mix_UI_ST_5400_264,0.0026035410717678087
mix_UI_ST_5400_699,0.0010699236292343553
cauldron_ln_7279,0.7648783616181274
cauldron_ln_3634,0.6711354072789648
mix_SI_UT_5400_355,0.0017629874400119986
mix_SI_UT_5400_1456,0.0010909552012295118
cauldron_ln_1775,0.5776487077807723
mix_UI_ST_5400_574,0.0017670132343029494
mix_SI_UT_5400_1375,0.0011565814780782429
cauldron_ln_15192,0.7424409593258138
mix_SI_UT_5400_957,0.0016095273541481825
mix_UI_ST_5400_1097,0.001899164952690478
cauldron_ln_19944,0.7139842822383404
mix_SI_UT_5400_642,0.002442521423768592
cauldron_ln_24871,0.6692183784304095
cauldron_ln_17845,0.7900281048540065
mix_UI_ST_5400_1200,0.0019517687910981742
mix_UI_ST_5400_1042,0.0018231097466245953
cauldron_ln_14225,0.603159034132565
mix_SI_UT_5400_46,0.002519407901543664
mix_SI_UT_5400_816,0.002465276694255511
cauldron_ln_7242,0.7542511633097034
mix_UI_ST_5400_576,0.0014505611408667464
cauldron_ln_23682,0.7982909314515604
cauldron_ln_282,0.5768266164574162
mix_UI_ST_5400_1298,0.0011875889498459832
mix_UI_ST_5400_951,0.0018421450758500958
cauldron_ln_27680,0.8298676826141911
cauldron_ln_9697,0.6982772618825522
cauldron_ln_4974,0.607964873752139
cauldron_ln_10928,0.740720208922473
mix_UI_ST_5400_852,0.0015725182533448305
cauldron_ln_19496,0.7114047113104703
cauldron_ln_21270,0.7290507736434204
mix_SI_UT_5400_881,0.0014459913190702175
cauldron_ln_11513,0.7848047750890197
cauldron_ln_4536,0.7483591075481022
cauldron_ln_267,0.5961722150164506
cauldron_ln_15229,0.7435626610205671
mix_UI_ST_5400_1088,0.0029773123989475713
cauldron_ln_20409,0.6172241341661204
cauldron_ln_24241,0.7414616356088857
mix_UI_ST_5400_173,0.0007805291665526255
cauldron_ln_2865,0.5561782622804039
cauldron_ln_21754,0.7760924097611474
mix_SI_UT_5400_1094,0.0014640236669781295
cauldron_ln_29473,0.7635622866733968
cauldron_ln_12952,0.7597773494749863
mix_SI_UT_5400_1057,0.0016815951788467824
mix_SI_UT_5400_842,0.0020556009916418935
mix_SI_UT_5400_199,0.0017123458442317588
mix_SI_UT_5400_947,0.001663885371426851
cauldron_ln_10261,0.6586818421636869
cauldron_ln_21853,0.7699593190627081
mix_UI_ST_5400_479,0.0034558541582847624
mix_SI_UT_5400_1484,0.001781258603663095
cauldron_ln_24500,0.8199470804487368
cauldron_ln_22470,0.7861352408736546
mix_SI_UT_5400_494,0.0021356167248980595
cauldron_ln_8989,0.7020136647466856
mix_SI_UT_5400_285,0.0021151892135191134
cauldron_ln_22366,0.6308230034212662
cauldron_ln_23547,0.6488121908672915
cauldron_ln_12077,0.6866208364162844
cauldron_ln_18287,0.6115040434573115
mix_SI_UT_5400_79,0.0020376792261363598
mix_SI_UT_5400_1274,0.0019274053341810347
mix_UI_ST_5400_135,0.0018352033426132222
mix_SI_UT_5400_4,0.0011228634639476173
mix_UI_ST_5400_313,0.001527007022004867
cauldron_ln_28239,0.8322822847457205
cauldron_ln_22435,0.6790321833299283
cauldron_ln_23955,0.7301808860084797
mix_UI_ST_5400_358,0.002227538872137495
cauldron_ln_15158,0.7158981260870202
cauldron_ln_28153,0.729749572830322
mix_UI_ST_5400_1306,0.0013704138080768689
cauldron_ln_27377,0.7464818295753777
mix_UI_ST_5400_1127,0.002271902850496931
cauldron_ln_22043,0.727472314080203
cauldron_ln_8148,0.7567560457625021
cauldron_ln_28423,0.7523734279795353
cauldron_ln_24261,0.6624939185030536
cauldron_ln_16295,0.42679755715938766
mix_SI_UT_5400_518,0.0023375941516324402
mix_UI_ST_5400_169,0.0015785220163694442
cauldron_ln_28681,0.4830901042686347
cauldron_ln_29551,0.6856691917144679
cauldron_ln_9613,0.581733411888755
cauldron_ln_28425,0.6755438271059244
cauldron_ln_27791,0.7234817545520611
mix_UI_ST_5400_664,0.002355248305544208
mix_SI_UT_5400_237,0.0018597295058978434
cauldron_ln_1061,0.6720128147777474
mix_SI_UT_5400_922,0.0013803569700665773
mix_SI_UT_5400_599,0.00110089441104504
cauldron_ln_16365,0.5660350341339536
cauldron_ln_12138,0.6567690474463235
mix_SI_UT_5400_211,0.001294321861012645
cauldron_ln_15360,0.7622003343869719
mix_SI_UT_5400_961,0.0014110895333804493
cauldron_ln_26558,0.7134767514120383
mix_SI_UT_5400_1319,0.0028579570769403247
mix_UI_ST_5400_166,0.0010967162805061584
mix_UI_ST_5400_1055,0.0014404500016104408
mix_UI_ST_5400_759,0.0013679268926475455
cauldron_ln_15915,0.7745621324667213
mix_SI_UT_5400_1182,0.0015188943139198597
cauldron_ln_19229,0.8351466240677996
cauldron_ln_13509,0.8163947848895388
cauldron_ln_14078,0.7969398623386864
cauldron_ln_21191,0.8028488529905675
cauldron_ln_16830,0.6136219071137845
cauldron_ln_2993,0.6628984030173738
mix_UI_ST_5400_1296,0.0017883819539458684
cauldron_ln_18156,0.6840426480828871
cauldron_ln_9290,0.6484641190556468
cauldron_ln_13313,0.5726568700185802
cauldron_ln_16479,0.6934038380684029
cauldron_ln_24995,0.5625264524874554
cauldron_ln_16468,0.841427892760878
mix_UI_ST_5400_952,0.001361036789884
mix_SI_UT_5400_974,0.002470563609283699
mix_UI_ST_5400_323,0.0015518799988753784
mix_SI_UT_5400_386,0.0014434112172047639
cauldron_ln_27476,0.5967477775432249
cauldron_ln_25385,0.7742300732350695
cauldron_ln_29764,0.5904571975112145
cauldron_ln_19917,0.7204528098071038
cauldron_ln_27383,0.7401390711127589
cauldron_ln_8051,0.7225901575399158
cauldron_ln_26037,0.732361262628624
mix_UI_ST_5400_1081,0.0021333628952003906
cauldron_ln_13295,0.6661803786291423
cauldron_ln_19275,0.7416972061830923
cauldron_ln_19672,0.7168305222983903
cauldron_ln_15785,0.7771112354574767
cauldron_ln_25528,0.7360326548157491
cauldron_ln_12592,0.7683090441821795
cauldron_ln_1072,0.5285327125892847
cauldron_ln_18180,0.7639482962658919
mix_UI_ST_5400_422,0.0020748387241305848
cauldron_ln_16366,0.6627717054617331
mix_SI_UT_5400_704,0.0018094106791122558
cauldron_ln_26356,0.5888534058606738
mix_SI_UT_5400_1258,0.0025716665694795367
cauldron_ln_5220,0.8168932086339804
mix_SI_UT_5400_32,0.001823415809681092
mix_SI_UT_5400_1278,0.0011548347800461277
cauldron_ln_12273,0.7735217347704376
mix_UI_ST_5400_1109,0.0018853368281280373
mix_SI_UT_5400_341,0.0011769497458447788
cauldron_ln_19988,0.5082584317466518
cauldron_ln_22714,0.6942903215993927
cauldron_ln_5466,0.7402233002837083
mix_UI_ST_5400_997,0.0016045466719696731
cauldron_ln_7087,0.7078189219237795
cauldron_ln_27022,0.6507724144922233
cauldron_ln_22263,0.7874212230344111
mix_UI_ST_5400_174,0.003076884407564055
mix_SI_UT_5400_1459,0.0024668131702288184
cauldron_ln_17682,0.7054033806727036
mix_UI_ST_5400_523,0.002070999884995945
cauldron_ln_23193,0.776316760601833
mix_SI_UT_5400_356,0.0020863724807889486
cauldron_ln_17012,0.8029399812110443
mix_UI_ST_5400_151,0.0015809726317324627
cauldron_ln_23472,0.8525593127828395
mix_UI_ST_5400_906,0.001463151953264497
mix_SI_UT_5400_589,0.002741627557091766
cauldron_ln_14928,0.6917103051858595
mix_UI_ST_5400_559,0.0014107509026215679
mix_UI_ST_5400_1178,0.0022074844461998323
mix_SI_UT_5400_381,0.0014376334004563582
mix_SI_UT_5400_15,0.001879642075069124
mix_UI_ST_5400_1336,0.001888456448073195
cauldron_ln_18212,0.7703387929746949
cauldron_ln_9393,0.69056482569145
mix_UI_ST_5400_1366,0.0020634691381950475
cauldron_ln_24724,0.7479873879491703
mix_UI_ST_5400_153,0.0021808989348261663
mix_SI_UT_5400_244,0.0017491731470703148
mix_UI_ST_5400_1182,0.0015723553119925111
cauldron_ln_29642,0.7285150171217141
mix_SI_UT_5400_1236,0.002357239544649298
cauldron_ln_17094,0.7116293616275008
mix_UI_ST_5400_769,0.001850138375203742
mix_SI_UT_5400_759,0.001240313285050157
mix_UI_ST_5400_963,0.0013272906056686678
mix_UI_ST_5400_486,0.00165094319950203
mix_SI_UT_5400_1498,0.0028919305026335975
mix_UI_ST_5400_941,0.0017997951769910382
mix_UI_ST_5400_273,0.0021635962067690345
cauldron_ln_1134,0.7347658496718448
cauldron_ln_17818,0.7808349037807498
cauldron_ln_8160,0.7815027516246714
mix_UI_ST_5400_379,0.001314009613958181
mix_SI_UT_5400_971,0.0014329911488901417
cauldron_ln_19128,0.7216653427356254
cauldron_ln_28319,0.6641253979120835
cauldron_ln_25271,0.7503035187865907
mix_SI_UT_5400_912,0.0015136463785930506
mix_SI_UT_5400_663,0.0019562347158678097
cauldron_ln_14414,0.7301657208799075
mix_SI_UT_5400_946,0.0015497541456478765
cauldron_ln_8837,0.6734885549779193
cauldron_ln_15060,0.5066872248871972
mix_UI_ST_5400_1451,0.0024785535734678146
cauldron_ln_7024,0.7192881510905867
cauldron_ln_12838,0.6730214178713237
cauldron_ln_27913,0.6662244596955743
cauldron_ln_6826,0.7653039689608736
cauldron_ln_1377,0.6111964108405081
mix_UI_ST_5400_1320,0.00237906287965461
cauldron_ln_17505,0.7072673153655838
mix_UI_ST_5400_242,0.002291667900400161
cauldron_ln_10498,0.7759405285133733
mix_UI_ST_5400_917,0.0018589787231810756
mix_UI_ST_5400_8,0.0022473288208755405
cauldron_ln_12260,0.6073994145814778
cauldron_ln_29081,0.8218010605848889
cauldron_ln_18880,0.7174885069206841
cauldron_ln_24910,0.6473799084280059
mix_SI_UT_5400_819,0.0013926919223229935
mix_SI_UT_5400_197,0.0019715668589074566
mix_SI_UT_5400_441,0.002408121477935303
mix_SI_UT_5400_365,0.0014225570094534418
mix_SI_UT_5400_1460,0.0016932568197296173
cauldron_ln_21085,0.7386930285121766
cauldron_ln_18882,0.7386627597023134
mix_SI_UT_5400_883,0.0023607902896789863
cauldron_ln_26626,0.7575187388663682
mix_UI_ST_5400_1354,0.00231211731853338
mix_UI_ST_5400_639,0.002181584917722547
cauldron_ln_19329,0.786533292247193
mix_SI_UT_5400_272,0.0020522816926216757
mix_UI_ST_5400_1301,0.001984246157227965
mix_SI_UT_5400_345,0.001264569523487502
cauldron_ln_27328,0.7791354992994788
cauldron_ln_760,0.6436295719771561
cauldron_ln_18194,0.8048070099877572
cauldron_ln_4923,0.7000163011201097
cauldron_ln_19815,0.8265520109991797
mix_UI_ST_5400_6,0.0016211056227238745
mix_UI_ST_5400_1107,0.0017897537897240785
mix_UI_ST_5400_767,0.0021340179227747496
mix_UI_ST_5400_707,0.0024382497773397637
mix_SI_UT_5400_1440,0.0014025777847973737
cauldron_ln_22592,0.6393619164579138
mix_SI_UT_5400_1153,0.0014278165878126973
mix_UI_ST_5400_1467,0.002148936359776514
cauldron_ln_6244,0.7213447041915308
cauldron_ln_952,0.4986602967733217
mix_UI_ST_5400_853,0.0030563552280076516
cauldron_ln_3367,0.6906929974618621
cauldron_ln_7909,0.6683699755063316
mix_UI_ST_5400_418,0.0028561803518381197
cauldron_ln_104,0.47793354436616975
mix_SI_UT_5400_690,0.0019297364455205584
mix_SI_UT_5400_1411,0.00188507117131654
cauldron_ln_21039,0.7355232618340689
cauldron_ln_19441,0.7642099494311219
mix_UI_ST_5400_126,0.001940081202386863
mix_UI_ST_5400_630,0.0016449825454870443
cauldron_ln_12871,0.6135064828166089
mix_SI_UT_5400_996,0.0016530487456926295
cauldron_ln_24918,0.6278833259804192
mix_UI_ST_5400_237,0.001869687406537209
mix_UI_ST_5400_25,0.0019214108041371004
mix_SI_UT_5400_766,0.0017425081349506128
cauldron_ln_2236,0.6624830663442715
mix_UI_ST_5400_469,0.0015601646694164133
cauldron_ln_4330,0.6629308109595526
mix_SI_UT_5400_1062,0.002278189180813935
cauldron_ln_15047,0.5568148802201769
mix_SI_UT_5400_913,0.0016992865390125004
mix_SI_UT_5400_1365,0.0022284603091784452
cauldron_ln_7687,0.6659109624905372
mix_UI_ST_5400_1116,0.0016093553613962133
cauldron_ln_28037,0.7708652232624268
cauldron_ln_24513,0.7554077191401197
cauldron_ln_17520,0.6291616465578839
mix_SI_UT_5400_1355,0.0021923455909393444
cauldron_ln_20164,0.7103934035986548
cauldron_ln_18029,0.7478782506656866
mix_SI_UT_5400_302,0.0032466106178462182
cauldron_ln_15831,0.748524171949308
mix_SI_UT_5400_293,0.001455628290229421
cauldron_ln_22601,0.8010350019260539
cauldron_ln_11875,0.7376416617324122
mix_SI_UT_5400_306,0.0013567773049834718
mix_UI_ST_5400_1492,0.0018153484877430112
mix_UI_ST_5400_904,0.0014895905890081227
cauldron_ln_17733,0.7890072643035538
cauldron_ln_5667,0.7690641637747652
cauldron_ln_11601,0.7608007082012206
cauldron_ln_2360,0.6849221830907181
mix_SI_UT_5400_1403,0.002217014275535617
mix_UI_ST_5400_600,0.002193713115960561
cauldron_ln_9932,0.7337980456449399
mix_UI_ST_5400_104,0.001392177234193754
cauldron_ln_713,0.7365380128862594
cauldron_ln_18329,0.7480131420737608
mix_UI_ST_5400_565,0.002507452594602723
cauldron_ln_2667,0.7947764174309901
cauldron_ln_17716,0.7898854739521489
mix_UI_ST_5400_878,0.002378496954784394
cauldron_ln_9780,0.8287082094131608
mix_SI_UT_5400_1074,0.0014028050440327196
cauldron_ln_17007,0.7275418775927912
mix_SI_UT_5400_521,0.0014095830987260222
mix_SI_UT_5400_322,0.0018623397005507127
mix_SI_UT_5400_988,0.0014795486874294144
mix_SI_UT_5400_864,0.002096669161717966
cauldron_ln_21908,0.7716024992529895
cauldron_ln_17746,0.7620097584759882
mix_UI_ST_5400_497,0.0022236861043520486
mix_UI_ST_5400_287,0.001715769838617252
mix_SI_UT_5400_1080,0.0015890757628850862
cauldron_ln_1913,0.734016176937926
cauldron_ln_4288,0.7499733006776538
mix_SI_UT_5400_192,0.002107399583361358
cauldron_ln_19235,0.7357760840710164
cauldron_ln_1322,0.47321585801815386
mix_SI_UT_5400_959,0.001430370394787229
mix_SI_UT_5400_507,0.0017318188301620897
cauldron_ln_532,0.6507804016017256
cauldron_ln_10236,0.7961213064233812
mix_SI_UT_5400_461,0.0015798750111322018
cauldron_ln_16031,0.8110810392718046
cauldron_ln_27268,0.7322981491990692
cauldron_ln_5530,0.7670334970966212
cauldron_ln_13757,0.6793240757628678
mix_UI_ST_5400_354,0.0018920937326533998
mix_UI_ST_5400_1348,0.001791841973604364
mix_UI_ST_5400_510,0.0015084323822159745
mix_UI_ST_5400_178,0.0009242720254743773
mix_UI_ST_5400_492,0.0025186496933739502
mix_UI_ST_5400_89,0.001544437591576968
cauldron_ln_28265,0.6882579814511525
cauldron_ln_29227,0.4099274646806688
cauldron_ln_21442,0.7661645282002797
cauldron_ln_5510,0.781686586325067
cauldron_ln_2423,0.7384324427690141
mix_UI_ST_5400_27,0.0018494239943167177
cauldron_ln_17678,0.7912093737591845
mix_UI_ST_5400_1486,0.001592141522417083
mix_UI_ST_5400_1164,0.0015491383625363222
mix_SI_UT_5400_14,0.0020995611301447285
cauldron_ln_12076,0.7990858975333555
cauldron_ln_24508,0.6454906226209667
mix_UI_ST_5400_895,0.0011587708265731866
cauldron_ln_28687,0.6997183619739696
cauldron_ln_18429,0.7731474839970875
mix_SI_UT_5400_548,0.002018492367588719
cauldron_ln_7694,0.7717072454986824
mix_UI_ST_5400_546,0.001480453972864253
cauldron_ln_1443,0.6275328276385815
mix_SI_UT_5400_85,0.0010780764365559
mix_UI_ST_5400_328,0.0015124066681161473
mix_UI_ST_5400_396,0.0020901531298186914
cauldron_ln_25899,0.7761346531291083
mix_SI_UT_5400_243,0.0025903259331355034
cauldron_ln_6814,0.7303883246775181
mix_UI_ST_5400_1371,0.0019118900840807375
cauldron_ln_22561,0.5223905552207843
mix_UI_ST_5400_526,0.0022211004710735163
mix_UI_ST_5400_953,0.0014500126462905143
cauldron_ln_9047,0.758029135093629
cauldron_ln_1851,0.7720921685093628
cauldron_ln_10148,0.7147157614370484
mix_SI_UT_5400_1163,0.00161208601746007
mix_SI_UT_5400_1222,0.0021699453186592257
mix_SI_UT_5400_791,0.0020595861716543374
mix_UI_ST_5400_1068,0.0020488925207203163
mix_SI_UT_5400_1117,0.0025642027426490206
mix_SI_UT_5400_797,0.0012529120359704425
mix_UI_ST_5400_1284,0.0022002403497297946
cauldron_ln_7231,0.7585168434883504
mix_SI_UT_5400_686,0.0020141459193423004
mix_UI_ST_5400_131,0.0016461483700603743
mix_UI_ST_5400_1304,0.0023345642758672894
mix_UI_ST_5400_205,0.001659678120157872
cauldron_ln_20637,0.7293673460444896
mix_SI_UT_5400_1331,0.002290322037324563
cauldron_ln_7840,0.5663394482432345
cauldron_ln_15445,0.6249389503992525
cauldron_ln_23019,0.7186290502625186
mix_UI_ST_5400_1415,0.0019427641661273914
mix_UI_ST_5400_218,0.0018840609539648432
cauldron_ln_12201,0.8097470955842964
mix_SI_UT_5400_221,0.0019086280873199582
cauldron_ln_22418,0.7273940048909865
mix_UI_ST_5400_607,0.0011871166004141535
mix_UI_ST_5400_228,0.001740266363136498
mix_SI_UT_5400_405,0.0035800912756033592
mix_UI_ST_5400_882,0.0017944124526615489
cauldron_ln_12261,0.7056517484869306
mix_SI_UT_5400_181,0.002537951354287319
mix_UI_ST_5400_222,0.002637061442893957
cauldron_ln_20062,0.7854214633552059
cauldron_ln_6613,0.7624088377886639
mix_SI_UT_5400_1216,0.002107837157204088
cauldron_ln_25459,0.7720926413171613
mix_UI_ST_5400_96,0.0030405423939338636
mix_SI_UT_5400_424,0.00212399169769434
mix_UI_ST_5400_703,0.0025413354381957453
cauldron_ln_17686,0.7971416753732729
cauldron_ln_14762,0.7315120995998413
mix_UI_ST_5400_1207,0.0021465721359695436
mix_UI_ST_5400_444,0.001802511281799714
cauldron_ln_22081,0.594732070822167
mix_UI_ST_5400_937,0.0021063596539564544
cauldron_ln_6114,0.8525011323995446
cauldron_ln_20165,0.6729125996774131
mix_SI_UT_5400_87,0.0020559485990397646
cauldron_ln_12084,0.7585391211169588
cauldron_ln_29534,0.8199938554201602
cauldron_ln_12057,0.7510225117724336
mix_SI_UT_5400_1175,0.001635252344679909
mix_SI_UT_5400_1318,0.0027686605983996736
mix_SI_UT_5400_330,0.002648849964320683
cauldron_ln_28234,0.7580786073465644
mix_SI_UT_5400_664,0.002344891792548809
mix_SI_UT_5400_893,0.002409022005224303
mix_UI_ST_5400_808,0.0018522216745333717
cauldron_ln_18590,0.6398932521878763
mix_UI_ST_5400_37,0.002658430565761933
cauldron_ln_14287,0.6602336119824234
mix_SI_UT_5400_1497,0.0038763038355312113
cauldron_ln_14646,0.7639584942528661
mix_UI_ST_5400_312,0.0015857595885443573
mix_UI_ST_5400_58,0.0025830437558903565
cauldron_ln_15106,0.7730066236605808
cauldron_ln_28937,0.6769005585236764
cauldron_ln_9068,0.749092064721482
mix_SI_UT_5400_1311,0.0021205254282909403
cauldron_ln_11543,0.7384504988535987
cauldron_ln_10436,0.7118250882245799
mix_UI_ST_5400_154,0.0026920000544946618
mix_UI_ST_5400_996,0.001960343106429866
cauldron_ln_5399,0.7447903227755358
mix_SI_UT_5400_714,0.001841683483023783
cauldron_ln_17677,0.6852917672239643
mix_UI_ST_5400_1206,0.0016477219454812792
cauldron_ln_17744,0.6609201224248566
mix_UI_ST_5400_361,0.00343040064957237
mix_UI_ST_5400_1232,0.002712922076244924
cauldron_ln_4159,0.7518927316164916
mix_SI_UT_5400_1379,0.0020910759036961804
mix_SI_UT_5400_122,0.0016633078261483324
mix_UI_ST_5400_1094,0.0017203873216018269
mix_UI_ST_5400_1157,0.0025437803821227256
mix_SI_UT_5400_618,0.003988000051002616
cauldron_ln_8745,0.6573834046031196
cauldron_ln_17018,0.6041943774884183
cauldron_ln_12142,0.44145040579487116
mix_UI_ST_5400_936,0.0014313644085525107
mix_UI_ST_5400_971,0.0019352804463594812
mix_UI_ST_5400_223,0.0014463311267418721
cauldron_ln_22955,0.7308785558763441
mix_UI_ST_5400_567,0.002608248251344709
mix_UI_ST_5400_85,0.0027594691161134484
cauldron_ln_3120,0.7398740894607266
mix_SI_UT_5400_1214,0.001962586898792297
cauldron_ln_4493,0.6215776282432245
cauldron_ln_2793,0.7312942311694709
cauldron_ln_22121,0.6441783140527136
mix_UI_ST_5400_348,0.002392681856086317
cauldron_ln_17747,0.8122683159997834
cauldron_ln_730,0.6930019329117847
mix_UI_ST_5400_1487,0.0022293969180105923
cauldron_ln_29277,0.6054792370648813
mix_SI_UT_5400_876,0.0013287394581098131
mix_UI_ST_5400_488,0.0023591409822982345
cauldron_ln_18272,0.6726815073476283
cauldron_ln_9694,0.5792578259083243
cauldron_ln_13224,0.8027940938044683
cauldron_ln_23804,0.734014063213489
cauldron_ln_10404,0.7607707259280648
cauldron_ln_21419,0.7493957314099855
mix_SI_UT_5400_1377,0.0019159050597710385
mix_UI_ST_5400_838,0.0022661910158989027
mix_UI_ST_5400_818,0.0019335277434883319
cauldron_ln_23068,0.7429350895498548
cauldron_ln_26121,0.7542507782373981
mix_SI_UT_5400_261,0.001952020199821998
cauldron_ln_22032,0.7575887106251308
cauldron_ln_13097,0.8489295654757686
cauldron_ln_9075,0.750323143900972
mix_UI_ST_5400_122,0.0019779377516018267
mix_SI_UT_5400_660,0.002628306265825493
cauldron_ln_4488,0.7471810124011493
cauldron_ln_15005,0.6298884787621968
cauldron_ln_13020,0.7382200792069782
cauldron_ln_23208,0.6825794938767499
cauldron_ln_19173,0.7332637145158286
mix_SI_UT_5400_1277,0.002269074336070789
cauldron_ln_20865,0.6840249177549419
mix_SI_UT_5400_707,0.0010208331608899425
mix_SI_UT_5400_722,0.0016555173810398178
mix_SI_UT_5400_595,0.0022341770107064127
mix_SI_UT_5400_1283,0.0025078009424024912
cauldron_ln_15404,0.6424157621260095
mix_UI_ST_5400_1346,0.00206100199801013
cauldron_ln_24589,0.7586368175371015
cauldron_ln_3273,0.7579479247142483
cauldron_ln_21894,0.7832039587638269
mix_SI_UT_5400_698,0.0016110735138864579
cauldron_ln_1926,0.7123022795190022
mix_SI_UT_5400_1137,0.0014241663738720333
mix_SI_UT_5400_562,0.002115177920004861
cauldron_ln_8737,0.7318986850186042
cauldron_ln_23765,0.7524056379740204
cauldron_ln_15423,0.6332943749237665
mix_UI_ST_5400_463,0.0015630413808810756
cauldron_ln_9152,0.6614913714747275
cauldron_ln_25713,0.6447029816318851
mix_UI_ST_5400_1340,0.0009311857015136507
mix_SI_UT_5400_1046,0.0021433521152904706
cauldron_ln_29737,0.7247219793024838
cauldron_ln_19616,0.7389895688971547
mix_UI_ST_5400_401,0.0011837811926015413
cauldron_ln_29855,0.830200628275233
mix_UI_ST_5400_293,0.0021139917346063787
mix_UI_ST_5400_152,0.0025936802825412965
cauldron_ln_4566,0.5912556435638017
cauldron_ln_26149,0.6203503699355819
cauldron_ln_3121,0.6578216238632778
mix_UI_ST_5400_467,0.0022587050003818982
cauldron_ln_783,0.4662146193174673
mix_SI_UT_5400_908,0.0018425640625477756
mix_UI_ST_5400_1122,0.001716858252242269
mix_SI_UT_5400_1303,0.002804608910057604
cauldron_ln_8140,0.6859564767839457
mix_SI_UT_5400_1239,0.002023317357753005
cauldron_ln_16842,0.6963268306120812
cauldron_ln_8211,0.6287931270870035
cauldron_ln_10395,0.7368932224163871
cauldron_ln_27965,0.6312326817986534
mix_SI_UT_5400_260,0.0018765258943654905
mix_UI_ST_5400_754,0.0023185635087994284
mix_UI_ST_5400_553,0.00122248471736614
cauldron_ln_18735,0.8185409719109373
mix_SI_UT_5400_1407,0.002613072952082732
mix_SI_UT_5400_1384,0.0029145088391159275
cauldron_ln_11923,0.5448069005059196
mix_UI_ST_5400_964,0.0015659952041613412
cauldron_ln_17263,0.8364789350375268
cauldron_ln_26409,0.5726857629432855
cauldron_ln_19755,0.4427347397243179
cauldron_ln_29941,0.6746507788091164
cauldron_ln_18758,0.6898332310687774
mix_UI_ST_5400_303,0.0013651348247585822
mix_UI_ST_5400_549,0.0018326458753650462
mix_SI_UT_5400_1344,0.0024742380720649076
mix_UI_ST_5400_1221,0.002362893325127948
cauldron_ln_11219,0.746464296516326
cauldron_ln_804,0.7493311639168523
mix_SI_UT_5400_924,0.0020231706646613662
mix_UI_ST_5400_266,0.0019676840347725316
mix_SI_UT_5400_897,0.0015753711560793956
cauldron_ln_14526,0.7050535601494888
mix_SI_UT_5400_431,0.002235329191696898
cauldron_ln_24533,0.7470636394716644
mix_SI_UT_5400_298,0.0023929929492969306
mix_SI_UT_5400_1304,0.0016200994178647904
cauldron_ln_12514,0.8082711217557761
mix_SI_UT_5400_1250,0.0017579648626595335
mix_SI_UT_5400_560,0.0012293255801888823
cauldron_ln_6322,0.647763814911388
cauldron_ln_7000,0.6629169693120486
cauldron_ln_26584,0.764217746174376
cauldron_ln_9776,0.7364601656170553
mix_UI_ST_5400_805,0.0010843840647628922
mix_UI_ST_5400_594,0.0013487154908111058
cauldron_ln_10902,0.7434775136022013
cauldron_ln_7101,0.8082397715609319
mix_SI_UT_5400_942,0.0016283012716996476
cauldron_ln_16806,0.8218364624424835
cauldron_ln_8162,0.7730744127055549
cauldron_ln_2732,0.6973269173672002
cauldron_ln_15859,0.4890766666437719
mix_UI_ST_5400_1124,0.002308858016723482
cauldron_ln_20975,0.6096940757471635
mix_UI_ST_5400_1397,0.0025485319883795706
mix_SI_UT_5400_434,0.0015996369452159762
mix_SI_UT_5400_1166,0.001440338184386602
cauldron_ln_17249,0.7955861419858562
mix_SI_UT_5400_126,0.0018373589545422919
cauldron_ln_20032,0.7501562907853954
mix_UI_ST_5400_220,0.0014537605720679634
mix_SI_UT_5400_326,0.002162425501391352
mix_SI_UT_5400_836,0.0018641925185590826
cauldron_ln_20845,0.6771967597961095
cauldron_ln_19643,0.8079454458380946
mix_UI_ST_5400_679,0.0018525460346651202
cauldron_ln_13175,0.6979166192805214
mix_SI_UT_5400_565,0.0022161535982668117
cauldron_ln_28208,0.7394183633522868
cauldron_ln_20628,0.7366579650024534
mix_SI_UT_5400_295,0.002210288657321968
mix_UI_ST_5400_208,0.0024817846419121466
mix_SI_UT_5400_758,0.0016122312201059042
mix_UI_ST_5400_1213,0.0012842550996687247
mix_SI_UT_5400_739,0.0021480560776298147
mix_SI_UT_5400_1360,0.0016929791177272124
cauldron_ln_12098,0.720643723427485
mix_UI_ST_5400_279,0.0019463641402472052
mix_SI_UT_5400_733,0.003582340794495995
cauldron_ln_23299,0.6925614278043373
cauldron_ln_12530,0.727642934927194
mix_SI_UT_5400_614,0.0031345276419389723
cauldron_ln_7503,0.6454509026146719
cauldron_ln_17327,0.7836065654358274
mix_UI_ST_5400_1460,0.003169926804537094
cauldron_ln_278,0.6141817070389776
cauldron_ln_23239,0.6252994498823413
mix_UI_ST_5400_582,0.00222226942432485
mix_SI_UT_5400_665,0.0016874098848515516
mix_SI_UT_5400_33,0.00120091616995242
cauldron_ln_9233,0.8412909326529926
mix_UI_ST_5400_1398,0.001215330488404004
cauldron_ln_15255,0.815120834750686
cauldron_ln_26580,0.7035635362841386
mix_UI_ST_5400_93,0.0018947798734093608
mix_UI_ST_5400_902,0.0019024774189551046
mix_SI_UT_5400_26,0.002181736801562996
mix_UI_ST_5400_294,0.0017439023302639224
mix_SI_UT_5400_736,0.0037219689124895934
cauldron_ln_8388,0.492036739871991
mix_SI_UT_5400_620,0.0012104910879284496
mix_UI_ST_5400_252,0.0019027333149705292
cauldron_ln_19102,0.6122091499316517
cauldron_ln_2280,0.6393477464168618
cauldron_ln_18189,0.47998846838296455
mix_UI_ST_5400_55,0.001993669877636249
cauldron_ln_4853,0.6667665263604243
cauldron_ln_15866,0.8376868959461992
mix_SI_UT_5400_667,0.0019978296301323252
cauldron_ln_27719,0.7246716343719897
mix_UI_ST_5400_612,0.002357198483961962
mix_SI_UT_5400_1298,0.003480639431992429
cauldron_ln_2287,0.5651700511475735
cauldron_ln_17282,0.7592991651956085
mix_SI_UT_5400_685,0.0014389702752190712
mix_UI_ST_5400_541,0.0014144786617407911
cauldron_ln_8711,0.8042077722172365
mix_UI_ST_5400_1432,0.0019603689411824524
mix_UI_ST_5400_1382,0.001542864710074443
mix_SI_UT_5400_1115,0.0013054632790520915
cauldron_ln_13196,0.7459025603920131
mix_UI_ST_5400_185,0.0018140025614154136
cauldron_ln_7583,0.7570369333399473
cauldron_ln_10496,0.6989189056721652
cauldron_ln_617,0.5950108680842834
mix_UI_ST_5400_161,0.0026573862760106036
mix_UI_ST_5400_761,0.0017658110094302887
cauldron_ln_14842,0.7745507640158305
mix_UI_ST_5400_1250,0.003411991727689644
cauldron_ln_7212,0.8155645233369979
cauldron_ln_14656,0.7458209411302301
cauldron_ln_7924,0.7409259523599345
mix_SI_UT_5400_699,0.0017996442649103428
mix_SI_UT_5400_436,0.0013239904385050796
cauldron_ln_19825,0.7703678382889729
mix_UI_ST_5400_504,0.0023828244545819072
cauldron_ln_19005,0.6423813353053102
cauldron_ln_7454,0.7974091114539695
mix_UI_ST_5400_535,0.0015839805381726588
cauldron_ln_10326,0.7863335173906743
cauldron_ln_12254,0.6477575258055202
mix_SI_UT_5400_935,0.002033219150336788
mix_UI_ST_5400_1199,0.0013655116969825624
cauldron_ln_14377,0.7105773001637441
mix_SI_UT_5400_342,0.0013716920401060212
mix_UI_ST_5400_683,0.0023759432539951914
mix_SI_UT_5400_430,0.001952177316968506
cauldron_ln_28229,0.7614108831382452
mix_UI_ST_5400_1231,0.0012713641585395934
mix_UI_ST_5400_1299,0.00156200708911413
mix_SI_UT_5400_857,0.002224642227559992
mix_UI_ST_5400_441,0.0018896390580638639
mix_SI_UT_5400_543,0.0014871804587773263
mix_SI_UT_5400_1069,0.0014652856292409987
mix_SI_UT_5400_1052,0.001151247230842053
mix_UI_ST_5400_649,0.002256187595116186
mix_SI_UT_5400_608,0.002012554007371987
cauldron_ln_14130,0.6786196171487984
mix_SI_UT_5400_940,0.002249461946213088
mix_UI_ST_5400_212,0.0017016733897116227
mix_UI_ST_5400_1141,0.0019441247835760202
mix_UI_ST_5400_741,0.0023783274976430604
mix_SI_UT_5400_828,0.002244574041471504
cauldron_ln_4509,0.6783515874237359
mix_SI_UT_5400_134,0.0018423463652005928
cauldron_ln_18419,0.6760479456882145
mix_SI_UT_5400_204,0.001826112993516936
cauldron_ln_27468,0.6775943816884399
cauldron_ln_226,0.7099488880353876
mix_UI_ST_5400_1025,0.00215360536665143
mix_SI_UT_5400_716,0.0024116271438419028
cauldron_ln_15743,0.7039736318066172
mix_UI_ST_5400_1056,0.002007987636714784
mix_SI_UT_5400_793,0.001671175648805057
cauldron_ln_3064,0.655424634079778
mix_SI_UT_5400_1015,0.002292101372800754
mix_UI_ST_5400_748,0.0017350625472512384
cauldron_ln_5547,0.6180675490428216
mix_SI_UT_5400_862,0.0020661958205891316
cauldron_ln_11313,0.7035029543084598
mix_UI_ST_5400_1327,0.001948114643400819
mix_UI_ST_5400_1021,0.002603789331674772
mix_UI_ST_5400_367,0.0023392109510760794
cauldron_ln_17980,0.7480716024280045
mix_UI_ST_5400_378,0.0015369102242273895
mix_SI_UT_5400_238,0.0020063090244514955
cauldron_ln_8671,0.6846144332393966
cauldron_ln_11814,0.6743015470462577
cauldron_ln_19722,0.8014686997548742
cauldron_ln_24194,0.7741328264090367
cauldron_ln_10608,0.6591058630127248
cauldron_ln_2292,0.559518887856501
cauldron_ln_579,0.7618579909421703
mix_SI_UT_5400_292,0.0017679036431940771
mix_SI_UT_5400_1376,0.0016385327431630591
cauldron_ln_6332,0.682220858006329
cauldron_ln_23111,0.747667260496826
mix_UI_ST_5400_329,0.0012813328848946164
cauldron_ln_11130,0.6777904108491165
cauldron_ln_12886,0.7667597263736544
cauldron_ln_25394,0.6568440671709692
cauldron_ln_23734,0.7476878328305763
cauldron_ln_549,0.7518585548696606
mix_SI_UT_5400_504,0.002091504657608979
mix_UI_ST_5400_48,0.0012950912606054697
mix_UI_ST_5400_180,0.002301055506481016
mix_SI_UT_5400_867,0.0016979628940355692
cauldron_ln_7519,0.7649954791960933
mix_UI_ST_5400_658,0.0024471681067326297
cauldron_ln_28961,0.6525981895816008
mix_SI_UT_5400_257,0.0016690271401568523
cauldron_ln_4877,0.4661657464040322
mix_SI_UT_5400_70,0.001515673716369503
mix_UI_ST_5400_1067,0.0024240171430325243
cauldron_ln_5180,0.6892218104272668
cauldron_ln_14553,0.6535896956168669
mix_UI_ST_5400_229,0.0021097786717050163
cauldron_ln_3857,0.7369139066927969
cauldron_ln_22582,0.737488132108271
mix_SI_UT_5400_455,0.0013565137684415898
cauldron_ln_23335,0.6806705755069324
cauldron_ln_21873,0.7413269229059148
mix_SI_UT_5400_681,0.0030189719052213515
mix_UI_ST_5400_1246,0.0018529655562769802
cauldron_ln_18153,0.8462393932607708
cauldron_ln_13185,0.625467334758245
cauldron_ln_22572,0.6833628433571786
cauldron_ln_11930,0.6686646659111256
mix_UI_ST_5400_724,0.002107088005405542
cauldron_ln_6146,0.7045901814721519
mix_UI_ST_5400_1484,0.002038959800354918
cauldron_ln_7131,0.5145330034819133
cauldron_ln_17082,0.7183233414762439
mix_UI_ST_5400_857,0.0016328788782438348
cauldron_ln_10088,0.7052717090248838
cauldron_ln_20,0.533789580276253
cauldron_ln_17378,0.7228019261399701
mix_UI_ST_5400_1108,0.0029852083226547363
mix_SI_UT_5400_849,0.002291855444024591
mix_UI_ST_5400_276,0.0019727860074146082
mix_UI_ST_5400_733,0.002021863427023943
mix_SI_UT_5400_1471,0.0026114999107030297
mix_UI_ST_5400_160,0.0027823911109783987
mix_UI_ST_5400_248,0.002358508222158083
mix_UI_ST_5400_1077,0.0021004114008587147
cauldron_ln_8419,0.7729790781217293
cauldron_ln_10618,0.7817854473463671
mix_UI_ST_5400_653,0.0022866524560050485
cauldron_ln_11161,0.6857983087583979
mix_SI_UT_5400_854,0.0016786451436126741
cauldron_ln_7483,0.7637034434156594
cauldron_ln_1950,0.6163013799743808
mix_UI_ST_5400_1145,0.0024883240812409715
cauldron_ln_3949,0.7362637053647538
mix_SI_UT_5400_1101,0.002544952592570392
cauldron_ln_19357,0.7313513359217418
mix_UI_ST_5400_349,0.0022599570564676395
cauldron_ln_8293,0.7480778229339783
mix_SI_UT_5400_385,0.001756817085601922
mix_UI_ST_5400_793,0.0013239079923144485
cauldron_ln_26692,0.807216906242856
mix_UI_ST_5400_1208,0.0015472842156676132
cauldron_ln_12082,0.7703583993665735
mix_UI_ST_5400_999,0.002616799609097017
cauldron_ln_26698,0.7791507985661771
cauldron_ln_2232,0.7703273797658081
mix_SI_UT_5400_874,0.0021883568468305946
mix_UI_ST_5400_524,0.0018844229191932007
cauldron_ln_4997,0.6616328183670191
mix_SI_UT_5400_726,0.00137913030150408
mix_SI_UT_5400_34,0.002048129217447924
mix_UI_ST_5400_1225,0.0031344102460624814
cauldron_ln_19681,0.7583492821944182
mix_SI_UT_5400_558,0.0009711525975181787
mix_SI_UT_5400_1402,0.0028842503894804354
mix_SI_UT_5400_439,0.0027018783128667876
mix_SI_UT_5400_1174,0.0014101784561729434
cauldron_ln_12748,0.7271810891224258
cauldron_ln_21006,0.7436099678467109
cauldron_ln_23999,0.7519213014583062
mix_SI_UT_5400_182,0.002733298168558129
cauldron_ln_8117,0.7906222407111584
mix_UI_ST_5400_1401,0.00242570173108898
mix_UI_ST_5400_1192,0.0020082571292024624
cauldron_ln_1175,0.6595573625278767
cauldron_ln_15358,0.6926657252661204
cauldron_ln_16952,0.6141913405775874
mix_SI_UT_5400_1409,0.0013899501913593778
mix_UI_ST_5400_239,0.0021246490811396923
mix_UI_ST_5400_531,0.0015471697572033017
cauldron_ln_1204,0.5909642079334454
mix_SI_UT_5400_1255,0.0017937298031458781
cauldron_ln_14922,0.7427758935919573
mix_SI_UT_5400_1381,0.0021098899136136754
mix_UI_ST_5400_1498,0.0022556799294840145
mix_SI_UT_5400_1008,0.002439468809000887
mix_UI_ST_5400_512,0.0012312432994611745
mix_UI_ST_5400_1234,0.002057775093149971
mix_SI_UT_5400_1441,0.002290620199132439
mix_UI_ST_5400_1408,0.0017391395080337442
mix_SI_UT_5400_1240,0.0012369157110795046
cauldron_ln_16567,0.7989572911517795
mix_UI_ST_5400_1265,0.0024488829307678693
mix_UI_ST_5400_12,0.0018210279567505694
cauldron_ln_25437,0.5797904359059811
cauldron_ln_14719,0.7567577060068961
mix_SI_UT_5400_340,0.001359742857684452
mix_UI_ST_5400_988,0.0011322702908441002
mix_SI_UT_5400_21,0.0021481483660304875
cauldron_ln_3141,0.6315933698734352
cauldron_ln_2644,0.7711555257908778
mix_SI_UT_5400_693,0.001190556722358558
mix_SI_UT_5400_419,0.002380927884542711
mix_SI_UT_5400_1086,0.001728223577882633
mix_UI_ST_5400_820,0.0017539753179714895
mix_SI_UT_5400_445,0.0019386414958359004
mix_UI_ST_5400_1255,0.0015570071396956203
mix_SI_UT_5400_872,0.0014356510796630971
cauldron_ln_2233,0.7118725687174831
cauldron_ln_21324,0.7695038861319854
cauldron_ln_25774,0.6586436044640082
mix_UI_ST_5400_737,0.0014938489903669144
cauldron_ln_7380,0.7354138918506598
cauldron_ln_17772,0.7836223764113465
mix_UI_ST_5400_1031,0.002465745032136723
cauldron_ln_15824,0.7590399181654363
cauldron_ln_25877,0.5894456999619461
mix_UI_ST_5400_1189,0.002927992671830735
cauldron_ln_503,0.6603697040959156
mix_UI_ST_5400_30,0.001457031279346163
mix_SI_UT_5400_1090,0.0015053019875425086
mix_UI_ST_5400_233,0.0024302648759584725
mix_UI_ST_5400_1099,0.0019189644308590648
cauldron_ln_19104,0.6587857228802085
mix_SI_UT_5400_144,0.002361937636897439
mix_UI_ST_5400_739,0.0017757613757450373
mix_SI_UT_5400_1061,0.0018887468409441788
mix_SI_UT_5400_336,0.0016594056544140165
mix_UI_ST_5400_150,0.0023067200553677013
mix_SI_UT_5400_813,0.0021222781345299974
cauldron_ln_12105,0.7518025271446968
cauldron_ln_15639,0.6958748492151954
cauldron_ln_26995,0.7243137445062948
mix_UI_ST_5400_1442,0.0015485471931544384
cauldron_ln_15908,0.506798414735095
mix_UI_ST_5400_752,0.0015091301205455059
cauldron_ln_2879,0.7267909183787798
cauldron_ln_3463,0.5954125609448829
mix_SI_UT_5400_406,0.0018687786468418802
mix_UI_ST_5400_251,0.001840792497545788
mix_UI_ST_5400_626,0.001980596906392016
cauldron_ln_25187,0.767006974292637
mix_SI_UT_5400_1138,0.002862650747521867
cauldron_ln_9383,0.7414042459056591
cauldron_ln_26538,0.753148538070116
cauldron_ln_5401,0.7750510326266579
cauldron_ln_19525,0.7461875515471825
cauldron_ln_15253,0.8064304334628011
mix_SI_UT_5400_469,0.002138781045351397
mix_SI_UT_5400_1466,0.00215220449169687
mix_UI_ST_5400_305,0.0021458019194515333
cauldron_ln_19569,0.6233373499078381
cauldron_ln_1288,0.680468817515973
mix_SI_UT_5400_1478,0.0019400127605071944
mix_UI_ST_5400_1194,0.0018843749113505771
cauldron_ln_27393,0.7725202132909477
cauldron_ln_20284,0.6789929123775877
cauldron_ln_18826,0.7183418076799013
mix_UI_ST_5400_540,0.0014226348894653897
cauldron_ln_1929,0.7778205506403465
mix_UI_ST_5400_944,0.0029759976367222576
cauldron_ln_11632,0.529908076011778
cauldron_ln_8504,0.7161529125394118
mix_UI_ST_5400_500,0.0020348990996324843
cauldron_ln_4126,0.6838956979397708
cauldron_ln_14120,0.7646149516921349
mix_SI_UT_5400_391,0.0014968257139951382
mix_UI_ST_5400_435,0.0024492665573060406
cauldron_ln_24721,0.7122681724327279
mix_UI_ST_5400_1065,0.0009689816201226633
mix_SI_UT_5400_335,0.0016481507582196775
mix_UI_ST_5400_766,0.0015849937918812657
mix_SI_UT_5400_525,0.001495167865278071
cauldron_ln_18260,0.7117525884496033
mix_SI_UT_5400_1477,0.001992318240830482
cauldron_ln_14036,0.8286314539489474
cauldron_ln_20104,0.7490476273507728
mix_SI_UT_5400_226,0.0017483794690006937
cauldron_ln_5414,0.6463831892995344
cauldron_ln_27037,0.7399399496693859
cauldron_ln_24239,0.8109905811794029
mix_UI_ST_5400_427,0.0029065335477749077
cauldron_ln_19371,0.7372114386312625
mix_SI_UT_5400_1204,0.001857238287143183
cauldron_ln_17052,0.8331890861362562
mix_UI_ST_5400_112,0.0018525293214557296
cauldron_ln_4146,0.7773526610364898
mix_SI_UT_5400_1065,0.0023805449207278066
cauldron_ln_22957,0.6706826426355311
cauldron_ln_696,0.6876839919573298
cauldron_ln_5478,0.7698307722909657
cauldron_ln_21933,0.6220821946098575
cauldron_ln_24256,0.6986327598830274
mix_UI_ST_5400_447,0.0013437329357233998
cauldron_ln_20151,0.7777165197664305
mix_UI_ST_5400_335,0.001936161556563017
cauldron_ln_6632,0.6781660046582276
mix_SI_UT_5400_1103,0.0021014991937311715
cauldron_ln_118,0.6382689429891596
mix_SI_UT_5400_1180,0.0013654413204376604
cauldron_ln_27674,0.766076775236775
mix_SI_UT_5400_673,0.0021970065267436557
cauldron_ln_10939,0.6371848703146507
mix_SI_UT_5400_36,0.0019299250832123434
mix_SI_UT_5400_156,0.001697535945385782
mix_SI_UT_5400_969,0.001659823803771845
mix_UI_ST_5400_4,0.0020765239724713732
cauldron_ln_28684,0.7177858067198055
cauldron_ln_9023,0.8175679999393441
cauldron_ln_17055,0.6112912733443436
mix_SI_UT_5400_978,0.0017264212909764156
cauldron_ln_10816,0.7511700619414923
cauldron_ln_28291,0.7930692500654759
mix_UI_ST_5400_560,0.0020129381426863793
cauldron_ln_23455,0.7433406774022752
mix_UI_ST_5400_779,0.0024638267908998726
cauldron_ln_15755,0.5615257407427298
mix_SI_UT_5400_218,0.001622137569483379
cauldron_ln_5683,0.6958534405250154
cauldron_ln_2669,0.6334244868469513
cauldron_ln_22045,0.7259297543362508
cauldron_ln_26360,0.7342271514101247
mix_UI_ST_5400_1019,0.003683976930670435
mix_UI_ST_5400_554,0.001252427126379305
cauldron_ln_28107,0.7649526139963573
mix_UI_ST_5400_1223,0.0020852580743666873
cauldron_ln_20051,0.7113166244250322
cauldron_ln_11953,0.7231988272793545
cauldron_ln_18517,0.6099148419543692
cauldron_ln_53,0.5832522773432957
mix_UI_ST_5400_1319,0.0026868019527110615
mix_UI_ST_5400_692,0.0016519831936015643
cauldron_ln_20319,0.7407876660395565
mix_UI_ST_5400_660,0.0018389436122971006
mix_UI_ST_5400_129,0.0022024306547161546
mix_SI_UT_5400_537,0.0011040337295086392
cauldron_ln_4878,0.7174790252623219
mix_UI_ST_5400_94,0.0017071702460349308
mix_SI_UT_5400_641,0.003465247456744566
cauldron_ln_16133,0.7356599610722063
cauldron_ln_19962,0.7506057179427406
cauldron_ln_20502,0.7444041864562865
mix_UI_ST_5400_482,0.0020198230430073225
cauldron_ln_10387,0.6919106128583947
cauldron_ln_19445,0.7749068917131713
mix_UI_ST_5400_581,0.0024313521661885004
cauldron_ln_28455,0.7070032258868525
cauldron_ln_14128,0.7709930615738502
mix_SI_UT_5400_585,0.0024539315332256927
cauldron_ln_12,0.7692199066536501
mix_UI_ST_5400_499,0.0012204874156889714
mix_UI_ST_5400_52,0.0014500981315814405
cauldron_ln_11576,0.7675246688819225
mix_UI_ST_5400_1239,0.0018391158231357554
cauldron_ln_25886,0.7721095016692141
cauldron_ln_17351,0.7494857202107035
cauldron_ln_23113,0.7409394864145419
cauldron_ln_17624,0.833644819710353
mix_SI_UT_5400_748,0.0019308216318201787
cauldron_ln_29672,0.6465604268644073
mix_SI_UT_5400_923,0.0010909608611201816
cauldron_ln_24844,0.6842541518749237
mix_SI_UT_5400_1452,0.0019004178664197157
mix_UI_ST_5400_45,0.0019337961785189396
cauldron_ln_29878,0.7931510439036341
cauldron_ln_8161,0.5261351566001721
mix_UI_ST_5400_360,0.001905655190123089
cauldron_ln_17838,0.7662154376150553
cauldron_ln_7617,0.7529872003553664
mix_SI_UT_5400_1289,0.0024263933906715192
mix_SI_UT_5400_790,0.0019053631421161266
mix_SI_UT_5400_919,0.001989053859818958
mix_UI_ST_5400_1237,0.002911511747004583
mix_SI_UT_5400_651,0.002443473546359124
mix_UI_ST_5400_655,0.0020582665680893403
mix_SI_UT_5400_1168,0.0023500610777973025
cauldron_ln_15858,0.75224034542825
cauldron_ln_23974,0.5315398067924209
mix_UI_ST_5400_918,0.0026709044911475055
cauldron_ln_9670,0.769786659981286
mix_SI_UT_5400_948,0.002347933983884762
cauldron_ln_18940,0.8203920558229114
cauldron_ln_15010,0.7527082613142867
cauldron_ln_4564,0.7941808722657056
cauldron_ln_14404,0.7128170654564084
cauldron_ln_22353,0.6965090182039306
cauldron_ln_5155,0.7432874918374281
mix_UI_ST_5400_1331,0.0017042585484986742
mix_SI_UT_5400_671,0.0025540582688539566
cauldron_ln_9455,0.750362707192182
cauldron_ln_11427,0.6795497593539188
cauldron_ln_19713,0.7530962404650087
mix_SI_UT_5400_408,0.002091578618024323
mix_SI_UT_5400_792,0.0019991474291203514
mix_SI_UT_5400_1238,0.0024641671806289074
mix_UI_ST_5400_714,0.0026093188392690096
cauldron_ln_8834,0.6955301310506032
cauldron_ln_21944,0.7075821476847699
mix_SI_UT_5400_1450,0.0021221199199934573
mix_UI_ST_5400_1143,0.002140593059119243
cauldron_ln_10045,0.5061080325960154
mix_UI_ST_5400_387,0.0016868269638530679
cauldron_ln_11657,0.7245928721840743
cauldron_ln_9358,0.6657530470920572
mix_SI_UT_5400_92,0.0024915001985521767
cauldron_ln_26416,0.738160882556676
mix_SI_UT_5400_1410,0.0020173356717735165
cauldron_ln_14413,0.8692937060324107
mix_SI_UT_5400_107,0.002098514909730335
cauldron_ln_13566,0.6985769476038669
cauldron_ln_28071,0.6604692820696292
mix_SI_UT_5400_579,0.0020499582470809596
mix_UI_ST_5400_31,0.0016613378845531206
cauldron_ln_2470,0.7590362809278324
mix_SI_UT_5400_574,0.001465106381956082
cauldron_ln_11177,0.6770695784635091
cauldron_ln_12571,0.6567878780153613
cauldron_ln_18766,0.7471332667038247
mix_UI_ST_5400_899,0.0020639026825382133
mix_UI_ST_5400_792,0.0018499381409470613
mix_UI_ST_5400_785,0.001583953848093958
cauldron_ln_24175,0.5732010958153635
mix_UI_ST_5400_1226,0.0015930606254599855
mix_UI_ST_5400_578,0.00221350912607
cauldron_ln_26611,0.7984123646432968
cauldron_ln_2126,0.600970266189592
cauldron_ln_749,0.6473146196521464
mix_SI_UT_5400_119,0.0016945461364779384
cauldron_ln_19477,0.7968698048570487
cauldron_ln_24211,0.7096939482824449
mix_SI_UT_5400_17,0.0010142619185587465
cauldron_ln_25331,0.7979940648413347
cauldron_ln_25151,0.7635767885550919
mix_UI_ST_5400_545,0.0023774931994308387
mix_UI_ST_5400_784,0.0021619303347210853
mix_UI_ST_5400_840,0.0011716907160988128
cauldron_ln_18368,0.6987632547729687
mix_SI_UT_5400_1485,0.0013363487171990536
cauldron_ln_334,0.5226426647805218
cauldron_ln_22940,0.7076446726816304
cauldron_ln_27311,0.606161980691785
cauldron_ln_29375,0.7497016522751032
mix_SI_UT_5400_1071,0.0018239157352107228
cauldron_ln_21790,0.6934847235643989
mix_UI_ST_5400_67,0.001986083316485583
mix_UI_ST_5400_1198,0.0016386476816028597
cauldron_ln_25505,0.6613089975330518
cauldron_ln_28981,0.6826234330879901
mix_UI_ST_5400_302,0.0022270778547267877
mix_UI_ST_5400_790,0.001341685322146366
mix_SI_UT_5400_1369,0.0017959340821438864
cauldron_ln_13110,0.7273162499439895
mix_SI_UT_5400_1490,0.001661639741832812
cauldron_ln_26330,0.6422643519195561
cauldron_ln_18480,0.5704310044245506
cauldron_ln_1097,0.6915599790925244
cauldron_ln_13875,0.7115997339392321
cauldron_ln_19327,0.6912200612049583
mix_UI_ST_5400_843,0.0010612614885688635
mix_UI_ST_5400_1044,0.003396125647323134
mix_UI_ST_5400_44,0.0014230443436712293
mix_SI_UT_5400_172,0.0013632593069873424
mix_UI_ST_5400_847,0.0023874118731206716
mix_UI_ST_5400_2,0.002207270949248481
mix_SI_UT_5400_468,0.003152624859004402
mix_SI_UT_5400_873,0.00278361936019977
mix_SI_UT_5400_840,0.002672556855243802
mix_UI_ST_5400_1474,0.0023904706188081996
mix_UI_ST_5400_21,0.0012832758219988114
mix_UI_ST_5400_431,0.0027411873142969595
cauldron_ln_20097,0.7115121523623202
cauldron_ln_4376,0.6478373763281664
mix_SI_UT_5400_1427,0.001876874944785407
mix_UI_ST_5400_687,0.0022057420470667586
mix_SI_UT_5400_1284,0.0024184841824740817
mix_UI_ST_5400_981,0.001954375218807386
cauldron_ln_11983,0.7419679630750535
mix_SI_UT_5400_331,0.0020170390388271034
cauldron_ln_22164,0.536990180360617
cauldron_ln_20479,0.6445470763640004
mix_SI_UT_5400_57,0.0021242184099196375
cauldron_ln_13765,0.7558900089904295
cauldron_ln_2757,0.783348209222984
mix_SI_UT_5400_1169,0.0031171917301450907
cauldron_ln_21667,0.5886283369866894
cauldron_ln_10895,0.745454215798314
mix_UI_ST_5400_285,0.001464580863536475
mix_SI_UT_5400_467,0.0018787047669682015
cauldron_ln_11370,0.752238409520362
cauldron_ln_21980,0.7592758208361456
cauldron_ln_29634,0.6382544554900825
mix_UI_ST_5400_1083,0.0016795343183838717
mix_SI_UT_5400_1243,0.0015141605488071253
mix_UI_ST_5400_1102,0.0024726698749180827
mix_UI_ST_5400_1469,0.0018382809326472648
cauldron_ln_19184,0.7018623387056119
cauldron_ln_11820,0.7364423249976431
cauldron_ln_2144,0.7223490200022623
cauldron_ln_5882,0.6942627320228977
mix_SI_UT_5400_1329,0.0012951717338395509
mix_SI_UT_5400_856,0.0022831794535656735
mix_SI_UT_5400_587,0.0018759065196173618
mix_SI_UT_5400_1105,0.001639339983851468
mix_UI_ST_5400_61,0.002623804475413485
cauldron_ln_27899,0.7487989352945468
mix_UI_ST_5400_5,0.0009446420131750836
mix_UI_ST_5400_1060,0.0024330036923800712
cauldron_ln_27053,0.7054608391057142
mix_SI_UT_5400_1327,0.0014187429806054492
mix_UI_ST_5400_1054,0.0016991702234735995
mix_UI_ST_5400_1276,0.001686885048213611
cauldron_ln_7919,0.7452575148788649
cauldron_ln_9133,0.7001543025164044
mix_SI_UT_5400_884,0.0018527552064632091
mix_UI_ST_5400_10,0.0023858865117589905
mix_UI_ST_5400_534,0.0018317322791951102
mix_UI_ST_5400_837,0.0015847132422238063
cauldron_ln_6416,0.6539762566037085
cauldron_ln_20460,0.6064600708550281
cauldron_ln_10373,0.6990760321196442
mix_UI_ST_5400_774,0.0016943030628843584
mix_SI_UT_5400_638,0.0017803441419486435
mix_UI_ST_5400_1334,0.001957053332980734
cauldron_ln_27783,0.6088419057085948
cauldron_ln_8996,0.7751772400293796
cauldron_ln_27574,0.5283230245732489
mix_SI_UT_5400_1332,0.002318990003497725
cauldron_ln_2167,0.6959924158544213
mix_SI_UT_5400_1425,0.002954458408229185
mix_UI_ST_5400_359,0.002588066014854646
mix_UI_ST_5400_806,0.0016185483011003123
mix_UI_ST_5400_263,0.0018819079993118927
cauldron_ln_11924,0.6721837065308514
cauldron_ln_24266,0.7541358682138704
cauldron_ln_6729,0.6129147396949566
mix_SI_UT_5400_604,0.0011867837750548745
mix_SI_UT_5400_916,0.002235433257054808
cauldron_ln_25080,0.7809141812244429
mix_SI_UT_5400_847,0.0018287175338351316
mix_SI_UT_5400_1036,0.0022841748865462634
cauldron_ln_2975,0.7023377951752366
mix_SI_UT_5400_1206,0.0011993238382876257
mix_SI_UT_5400_509,0.0018153308024144487
cauldron_ln_15790,0.7609656238156197
cauldron_ln_93,0.6932051878217182
mix_SI_UT_5400_1009,0.0023390143412825772
cauldron_ln_20364,0.7464205049708812
mix_UI_ST_5400_1491,0.003464988223263628
mix_UI_ST_5400_1248,0.0016714557996346992
mix_SI_UT_5400_201,0.001378306393548591
cauldron_ln_17571,0.7776803175836832
cauldron_ln_5774,0.5905636116287405
mix_UI_ST_5400_691,0.0022374201794840274
cauldron_ln_21600,0.5793184179935105
cauldron_ln_20619,0.7260776045566091
mix_SI_UT_5400_825,0.0016134644594767175
mix_UI_ST_5400_274,0.0015397184312490664
mix_UI_ST_5400_846,0.00262166509965502
mix_UI_ST_5400_380,0.003840903973721867
cauldron_ln_3346,0.5804150160125355
cauldron_ln_2430,0.7640021577122647
cauldron_ln_10798,0.7656295612535066
mix_UI_ST_5400_1166,0.0026860385156407623
cauldron_ln_7841,0.6385759900567802
cauldron_ln_21563,0.6921110473912909
cauldron_ln_25912,0.6169219012086368
mix_SI_UT_5400_1476,0.0017178772813920854
cauldron_ln_3228,0.6905729898328814
cauldron_ln_29946,0.6593992385712035
mix_SI_UT_5400_752,0.001653571782351985
cauldron_ln_25368,0.7243358622646914
cauldron_ln_4212,0.7043256560482245
cauldron_ln_14910,0.7654008586460117
mix_SI_UT_5400_1350,0.0024507654865389703
cauldron_ln_15566,0.7014223865324003
mix_UI_ST_5400_782,0.0018507590245693927
cauldron_ln_1149,0.6153710031691404
cauldron_ln_17316,0.6507993517916261
cauldron_ln_26560,0.7937215733260987
cauldron_ln_5855,0.7651368076135746
cauldron_ln_18472,0.7129968341653979
mix_UI_ST_5400_627,0.0023005205506816022
cauldron_ln_16670,0.6805161618269371
cauldron_ln_24126,0.8006209738898337
cauldron_ln_4341,0.7561548690112689
cauldron_ln_3617,0.7442650840767392
cauldron_ln_18545,0.7833690440847756
cauldron_ln_6170,0.5769890850084514
mix_UI_ST_5400_919,0.0020230431764711207
mix_SI_UT_5400_823,0.001449828813688575
cauldron_ln_24150,0.8212515463535045
mix_UI_ST_5400_241,0.002413757746610894
cauldron_ln_18121,0.7035282855693361
cauldron_ln_7456,0.7872836572651924
mix_SI_UT_5400_1458,0.0015437657332765527
mix_SI_UT_5400_438,0.0023872930408478945
mix_SI_UT_5400_352,0.0028970275501441056
mix_SI_UT_5400_827,0.0018685282293323597
mix_UI_ST_5400_633,0.0017948374736851843
mix_SI_UT_5400_598,0.0021661739501218536
mix_SI_UT_5400_377,0.002073175298533732
mix_UI_ST_5400_1373,0.0023373119701964487
mix_UI_ST_5400_1314,0.0025410103088113773
mix_SI_UT_5400_966,0.001485664509890585
mix_SI_UT_5400_571,0.0018076458913436713
mix_UI_ST_5400_1294,0.0019629316545964723
cauldron_ln_12913,0.6371948527946948
cauldron_ln_14545,0.7218677227844458
cauldron_ln_17890,0.4768742204353587
cauldron_ln_14721,0.6530051847922264
cauldron_ln_164,0.7851448704812111
mix_SI_UT_5400_193,0.0022437821975745827
cauldron_ln_9916,0.729407451258448
mix_UI_ST_5400_650,0.002169618641708387
mix_SI_UT_5400_1011,0.001626056951869883
mix_SI_UT_5400_37,0.0015652899018009554
cauldron_ln_6366,0.7340436099063581
cauldron_ln_18237,0.7690441821413444
cauldron_ln_12292,0.6587247172872686
mix_UI_ST_5400_986,0.0029076872346490198
cauldron_ln_2996,0.6778388797924858
cauldron_ln_1142,0.6820167245376533
mix_UI_ST_5400_675,0.0014144443072048284
mix_UI_ST_5400_1374,0.0025124941704945574
cauldron_ln_22103,0.7767011232578355
cauldron_ln_3258,0.7025355831434231
cauldron_ln_23557,0.8173262467930651
cauldron_ln_20257,0.7434009377212952
cauldron_ln_1302,0.5560555554871577
cauldron_ln_17854,0.7468815033462223
mix_UI_ST_5400_927,0.001579069107093315
mix_SI_UT_5400_133,0.0014614409012673826
cauldron_ln_15997,0.7462594792452483
mix_SI_UT_5400_609,0.001726798669274419
mix_SI_UT_5400_1227,0.0012338276221941734
cauldron_ln_11918,0.8267122506606219
mix_SI_UT_5400_1496,0.0036115445272348577
cauldron_ln_870,0.6702269119806368
mix_SI_UT_5400_607,0.0019378616204874478
cauldron_ln_29821,0.761099303251191
mix_UI_ST_5400_729,0.00210151434926259
cauldron_ln_2874,0.7556940703383853
cauldron_ln_685,0.43801213456949967
cauldron_ln_26917,0.6843723946303883
cauldron_ln_7778,0.6804751739800319
mix_UI_ST_5400_668,0.002246956727358934
mix_UI_ST_5400_308,0.00116239611920565
cauldron_ln_23034,0.8311677122385309
cauldron_ln_12857,0.753092129971013
cauldron_ln_622,0.6791807634811198
cauldron_ln_11708,0.702828048539854
cauldron_ln_3552,0.7681064768033765
mix_SI_UT_5400_1081,0.001138469566227271
mix_SI_UT_5400_624,0.002282334358549545
cauldron_ln_5252,0.8072003718627103
mix_SI_UT_5400_288,0.0023400350318710478
mix_UI_ST_5400_967,0.001433759242007779
mix_UI_ST_5400_421,0.001648492524519839
cauldron_ln_21135,0.7995044179865015
mix_UI_ST_5400_867,0.0016686188890551324
cauldron_ln_29229,0.7678922034143465
mix_SI_UT_5400_1271,0.0017603622363863598
cauldron_ln_1129,0.617864167752674
cauldron_ln_5319,0.7819638472513184
cauldron_ln_28637,0.7105549357424827
cauldron_ln_19265,0.6375923741737114
cauldron_ln_6621,0.6012989708464066
cauldron_ln_11729,0.8114558774758898
mix_SI_UT_5400_371,0.0017979357429645222
cauldron_ln_20200,0.8559838806663969
mix_SI_UT_5400_1302,0.0014389331743944887
cauldron_ln_16630,0.632777292426332
mix_UI_ST_5400_1113,0.0016859901710058994
cauldron_ln_24313,0.7552802647117748
cauldron_ln_13749,0.7265082590152308
mix_UI_ST_5400_834,0.001288612679455748
cauldron_ln_4879,0.6365406574937661
mix_SI_UT_5400_594,0.002049984110909896
mix_SI_UT_5400_1455,0.0019638553972232548
cauldron_ln_18849,0.6894057412984955
mix_SI_UT_5400_1116,0.002339556906670464
mix_UI_ST_5400_148,0.0015764353819776487
cauldron_ln_23344,0.7274414366976473
mix_SI_UT_5400_1315,0.002193766729950419
mix_SI_UT_5400_817,0.00170700495894322
cauldron_ln_29394,0.5917951124517714
cauldron_ln_23993,0.7555682505595653
cauldron_ln_26880,0.7246640075451456
cauldron_ln_28815,0.7476967636260201
mix_UI_ST_5400_1293,0.003304567750146449
cauldron_ln_20561,0.7767593202149601
mix_SI_UT_5400_1261,0.001818640927695606
cauldron_ln_4592,0.5265367899278127
cauldron_ln_25709,0.7664423263613738
cauldron_ln_21217,0.7010915990266879
cauldron_ln_20132,0.6761611449106951
mix_SI_UT_5400_1401,0.0033703812732245628
cauldron_ln_9892,0.6684210490027094
mix_UI_ST_5400_13,0.0014996851936093028
cauldron_ln_906,0.6708002210051774
cauldron_ln_20825,0.5682438240837933
cauldron_ln_3820,0.6658379295928569
cauldron_ln_22533,0.5173705989737931
cauldron_ln_21863,0.7926057080085704
mix_SI_UT_5400_448,0.002290474723475293
mix_UI_ST_5400_715,0.0011055250310090662
cauldron_ln_20603,0.6809889259062647
cauldron_ln_29800,0.7346222154640246
mix_UI_ST_5400_875,0.0015811205921407484
mix_UI_ST_5400_1478,0.0025078784463758003
mix_SI_UT_5400_45,0.0014872420688632018
cauldron_ln_15835,0.7406357837773359
cauldron_ln_12873,0.7942211575205248
mix_SI_UT_5400_353,0.0020051898076048824
mix_SI_UT_5400_234,0.0018490975706767527
cauldron_ln_12675,0.6873845353668944
mix_UI_ST_5400_334,0.0010647672919164221
mix_UI_ST_5400_454,0.0020176628166294736
cauldron_ln_12695,0.6751905911788046
mix_SI_UT_5400_1223,0.0017671313459613459
cauldron_ln_2206,0.5885885269202062
mix_SI_UT_5400_432,0.0026336467134705326
cauldron_ln_16596,0.766393401600742
mix_SI_UT_5400_380,0.0022899692080424823
mix_UI_ST_5400_318,0.0020963076210713683
cauldron_ln_25718,0.6676416416069586
cauldron_ln_2593,0.746099160307279
mix_UI_ST_5400_471,0.00149655452521521
cauldron_ln_14247,0.7596622056836435
mix_UI_ST_5400_1165,0.001550741876478392
mix_UI_ST_5400_168,0.00197183117146993
mix_SI_UT_5400_187,0.0015552016320740099
mix_UI_ST_5400_954,0.002359725836204654
mix_SI_UT_5400_762,0.0016748037922238222
cauldron_ln_12356,0.6993129358327159
cauldron_ln_24665,0.7856174671396866
cauldron_ln_3001,0.6539209096819251
cauldron_ln_1983,0.6461581989790892
mix_UI_ST_5400_1251,0.0019020901428606705
mix_SI_UT_5400_1099,0.00208987783982293
mix_SI_UT_5400_275,0.0020415493367239345
cauldron_ln_18330,0.7830383824130457
cauldron_ln_15323,0.69428844913329
cauldron_ln_7858,0.6474353740521234
mix_UI_ST_5400_1310,0.0016545239656976375
cauldron_ln_6728,0.5608230347502071
cauldron_ln_4796,0.7798096532015777
cauldron_ln_27944,0.7534505713180549
cauldron_ln_27262,0.6778041805340493
cauldron_ln_13546,0.5432700938216438
cauldron_ln_9751,0.5814484349673684
mix_SI_UT_5400_460,0.0012089349448413317
cauldron_ln_28906,0.7157773069975797
cauldron_ln_4842,0.6321413877695335
cauldron_ln_10128,0.6795089125045518
mix_SI_UT_5400_615,0.00226586986739462
mix_UI_ST_5400_1061,0.0015237170232684776
mix_SI_UT_5400_265,0.0012912604757544836
mix_UI_ST_5400_933,0.002951917186155665
cauldron_ln_28198,0.7259119200880565
mix_SI_UT_5400_329,0.0016997635972250183
mix_SI_UT_5400_1390,0.002448289142636044
mix_SI_UT_5400_452,0.0014626278060645476
mix_UI_ST_5400_877,0.003328104192483293
mix_UI_ST_5400_883,0.0014825975596575748
mix_SI_UT_5400_972,0.0014541387715517216
cauldron_ln_29968,0.5775904498020257
mix_UI_ST_5400_731,0.0014559208122724193
mix_SI_UT_5400_158,0.0016597119572780744
mix_UI_ST_5400_238,0.0016678510980698393
mix_SI_UT_5400_516,0.001837813994006014
cauldron_ln_8631,0.8196757840088678
mix_UI_ST_5400_1482,0.0013155746672678088
mix_UI_ST_5400_552,0.0019440404524144535
mix_UI_ST_5400_568,0.001833740800744022
cauldron_ln_26694,0.789863241283866
cauldron_ln_4333,0.697299010765252
cauldron_ln_16799,0.7129821592456967
cauldron_ln_26897,0.6942582138828955
cauldron_ln_21336,0.8037806741453295
mix_UI_ST_5400_159,0.0017472283827861478
cauldron_ln_15937,0.7970512635750625
mix_SI_UT_5400_520,0.0024908899252430454
cauldron_ln_23161,0.6994379785735801
mix_SI_UT_5400_669,0.0020590939136513353
mix_UI_ST_5400_1005,0.0011320627406260883
mix_SI_UT_5400_1399,0.0020222581937843335
mix_SI_UT_5400_861,0.0011284635561444084
mix_SI_UT_5400_284,0.002256889553085342
cauldron_ln_21041,0.6882382627515986
mix_SI_UT_5400_1170,0.002137334237582298
cauldron_ln_10438,0.7841804543978796
cauldron_ln_15156,0.6179483804580751
mix_SI_UT_5400_964,0.0016717047915461144
cauldron_ln_20471,0.5951237722896906
cauldron_ln_17506,0.8072241188774593
mix_UI_ST_5400_1236,0.0017164183376681083
mix_SI_UT_5400_900,0.0015482812199008056
cauldron_ln_29125,0.7176507186668777
cauldron_ln_5521,0.631705763414796
cauldron_ln_27172,0.7750082294496224
mix_UI_ST_5400_1287,0.0019259897540910653
mix_UI_ST_5400_298,0.0020711641655453204
mix_SI_UT_5400_1266,0.0022322422867927737
mix_UI_ST_5400_132,0.001379404043466548
cauldron_ln_24034,0.6818390599173101
mix_SI_UT_5400_1026,0.001659741595409188
cauldron_ln_27234,0.852281166135034
cauldron_ln_2239,0.7285108358716852
mix_UI_ST_5400_1210,0.002473822135931555
mix_SI_UT_5400_1251,0.0033126427918022477
cauldron_ln_2195,0.7295199557002771
mix_UI_ST_5400_476,0.003920725713881509
mix_UI_ST_5400_995,0.0024227614436083686
cauldron_ln_25330,0.7802085992063184
mix_SI_UT_5400_1432,0.002238155731655721
mix_UI_ST_5400_776,0.002062176840729851
cauldron_ln_7995,0.7499463147754367
cauldron_ln_17756,0.7328812159469223
cauldron_ln_14908,0.8031197001901468
cauldron_ln_4872,0.638284840804682
mix_UI_ST_5400_628,0.00220185187404321
cauldron_ln_16831,0.7382209983309236
cauldron_ln_1319,0.6994562112285444
cauldron_ln_6252,0.7113072764718716
cauldron_ln_12959,0.7655182026202254
mix_UI_ST_5400_1119,0.0018360528006815793
cauldron_ln_863,0.673529653792505
mix_SI_UT_5400_757,0.0022373146381022353
mix_SI_UT_5400_512,0.001784235068663142
cauldron_ln_26887,0.7722199863002559
cauldron_ln_13041,0.7787892191211919
cauldron_ln_26745,0.7273729945505321
mix_SI_UT_5400_853,0.0018652073631262147
mix_SI_UT_5400_746,0.0012293776079011593
mix_UI_ST_5400_383,0.0018483438117751253
cauldron_ln_15868,0.7625853741283385
cauldron_ln_10025,0.6077449335244326
mix_UI_ST_5400_344,0.0013996718341430917
cauldron_ln_5099,0.7580900510082971
cauldron_ln_24035,0.7054025797939946
mix_SI_UT_5400_1150,0.0017029536160625665
mix_SI_UT_5400_1247,0.001527474619287531
mix_SI_UT_5400_1392,0.0013184602678400304
cauldron_ln_3801,0.6935961969591631
cauldron_ln_12910,0.7443804593875146
cauldron_ln_10886,0.601300931559664
mix_SI_UT_5400_249,0.0018352215342202587
mix_UI_ST_5400_397,0.002872004945645305
mix_SI_UT_5400_1340,0.0022421357280700514
mix_UI_ST_5400_1168,0.002826746969774791
cauldron_ln_1375,0.732578477409989
mix_UI_ST_5400_493,0.0014859799344422127
mix_UI_ST_5400_1027,0.002758817746002678
mix_UI_ST_5400_1125,0.0019907945458058993
cauldron_ln_29914,0.5445402821949024
cauldron_ln_1988,0.7102129887655251
cauldron_ln_23157,0.6799122571517564
cauldron_ln_7036,0.7609685024737333
cauldron_ln_1914,0.7425880988173904
mix_SI_UT_5400_392,0.001694037395714215
mix_UI_ST_5400_1335,0.0022188773726473355
mix_UI_ST_5400_1462,0.0018515714247673213
mix_UI_ST_5400_50,0.0025279558317007787
mix_SI_UT_5400_779,0.002174571882192766
cauldron_ln_19609,0.7543591731905616
cauldron_ln_26889,0.720829056800351
cauldron_ln_14138,0.7494580027828724
cauldron_ln_29738,0.6739904150107129
mix_SI_UT_5400_1059,0.0013877844854163037
cauldron_ln_5333,0.7288125832154334
cauldron_ln_15679,0.7384106992792545
cauldron_ln_940,0.7069182198426118
mix_SI_UT_5400_1263,0.0014535436990570371
mix_SI_UT_5400_711,0.0022314828392930746
mix_UI_ST_5400_990,0.002511725878794551
cauldron_ln_4866,0.6270100864857613
mix_UI_ST_5400_1015,0.0028209202005259723
cauldron_ln_18516,0.6138019019104243
cauldron_ln_16575,0.6618298857084962
mix_UI_ST_5400_949,0.001703684267067467
cauldron_ln_9583,0.6151653708948277
mix_SI_UT_5400_1424,0.0022684168181641207
cauldron_ln_1090,0.6111317659910126
cauldron_ln_149,0.7321838528187151
mix_SI_UT_5400_29,0.001366935736462699
mix_SI_UT_5400_951,0.0019505116817809278
mix_SI_UT_5400_894,0.0018699405897257167
cauldron_ln_29175,0.6067470329553345
mix_SI_UT_5400_105,0.0017997211824278836
cauldron_ln_19793,0.7462445176853905
mix_SI_UT_5400_1386,0.001337464088218583
mix_UI_ST_5400_865,0.0017014293413981929
mix_SI_UT_5400_23,0.002384988251205983
mix_SI_UT_5400_1097,0.0022428495671395106
mix_SI_UT_5400_77,0.001650049369157583
mix_SI_UT_5400_1087,0.0029785565796525896
mix_UI_ST_5400_1437,0.001432732438469394
mix_SI_UT_5400_344,0.0019130796803866342
mix_SI_UT_5400_487,0.0017248020569565546
mix_UI_ST_5400_957,0.00210243009253489
cauldron_ln_7198,0.7931875541356598
mix_SI_UT_5400_1343,0.002425429992393713
mix_SI_UT_5400_44,0.0017947400617388289
cauldron_ln_23376,0.7265947869477142
cauldron_ln_19997,0.8064345813836089
cauldron_ln_14861,0.5867735291300298
cauldron_ln_22566,0.7898014299314584
mix_UI_ST_5400_7,0.001874786215511864
mix_SI_UT_5400_499,0.0016429471811707625
cauldron_ln_20643,0.6124896878933052
mix_UI_ST_5400_763,0.0016603953123258805
cauldron_ln_3666,0.7986724075960888
mix_SI_UT_5400_1408,0.0024726807051037914
mix_UI_ST_5400_477,0.0018483209885146107
mix_SI_UT_5400_995,0.0013619598260347556
mix_UI_ST_5400_230,0.002694054096939221
mix_SI_UT_5400_824,0.0021831314450136553
mix_UI_ST_5400_907,0.0016760016264900797
mix_SI_UT_5400_247,0.0014528198818519224
cauldron_ln_21403,0.6724748619507418
cauldron_ln_8480,0.6812162419445983
mix_UI_ST_5400_1413,0.0024010086994631155
mix_UI_ST_5400_1430,0.0014233663021313255
cauldron_ln_13144,0.7896331440557807
mix_SI_UT_5400_118,0.0014494661477649448
mix_SI_UT_5400_1378,0.002449115149967297
mix_UI_ST_5400_725,0.0014027990180978831
cauldron_ln_14601,0.7180102486057737
cauldron_ln_25527,0.7572748129906485
cauldron_ln_542,0.5830361839026892
mix_SI_UT_5400_282,0.0019710562927807962
cauldron_ln_6065,0.7166573550494603
mix_SI_UT_5400_212,0.001901957906670219
cauldron_ln_27316,0.7863007488780112
cauldron_ln_29747,0.7510426078032015
mix_SI_UT_5400_1436,0.0015196386956853828
mix_UI_ST_5400_836,0.002129045154884935
mix_SI_UT_5400_1279,0.001971710197927653
cauldron_ln_20663,0.6099950903553973
cauldron_ln_25201,0.8233019437178939
mix_UI_ST_5400_1072,0.0019012335793028295
mix_UI_ST_5400_84,0.00117205462211027
cauldron_ln_16818,0.7099553213374764
mix_SI_UT_5400_483,0.0019384170850214224
mix_SI_UT_5400_1406,0.001982183965283082
mix_SI_UT_5400_848,0.0016027509006664485
mix_UI_ST_5400_787,0.00132816874217056
mix_UI_ST_5400_1138,0.0032254787695948552
mix_UI_ST_5400_356,0.0017514711983115975
cauldron_ln_23893,0.7669861833591654
mix_UI_ST_5400_1148,0.0008005652275777776
mix_SI_UT_5400_672,0.00287541960284732
mix_SI_UT_5400_967,0.0017111433926324839
mix_SI_UT_5400_338,0.002704114498896959
cauldron_ln_4711,0.5627450173924513
mix_UI_ST_5400_1385,0.0017273725613640772
cauldron_ln_14187,0.6741578404291864
cauldron_ln_16565,0.7407840357851468
cauldron_ln_27773,0.7743409841992219
mix_SI_UT_5400_773,0.0020175579800785527
cauldron_ln_3633,0.7465341547963685
mix_SI_UT_5400_914,0.001281897704776255
cauldron_ln_24583,0.6438771603951323
cauldron_ln_25486,0.6903469303341985
cauldron_ln_310,0.6096416418721702
cauldron_ln_20369,0.7209824276110075
mix_SI_UT_5400_953,0.0018540513950393214
cauldron_ln_27853,0.7249907887109455
mix_SI_UT_5400_694,0.0020149319148543943
mix_UI_ST_5400_1289,0.0015993218830876242
mix_UI_ST_5400_332,0.0020371895757380293
mix_UI_ST_5400_1450,0.001633768400723897
mix_SI_UT_5400_491,0.001533154600403666
mix_UI_ST_5400_575,0.0021950018210131735
mix_UI_ST_5400_1078,0.002429332060131827
mix_SI_UT_5400_1202,0.0018230664471659793
cauldron_ln_5274,0.5528572748343372
mix_SI_UT_5400_749,0.0026304769035771325
cauldron_ln_12210,0.652984728875374
mix_UI_ST_5400_144,0.0016011504625653386
cauldron_ln_10920,0.8181357907827649
cauldron_ln_18423,0.7643140798544754
mix_SI_UT_5400_110,0.0017681523244438006
cauldron_ln_1527,0.7402907772835526
cauldron_ln_18494,0.6859260869451682
cauldron_ln_5584,0.7096143408544685
mix_UI_ST_5400_778,0.0015656645544239527
mix_SI_UT_5400_649,0.002553332375907009
cauldron_ln_11166,0.6306188207195268
mix_SI_UT_5400_372,0.0012686714282766094
mix_SI_UT_5400_78,0.001877409613801628
mix_UI_ST_5400_322,0.002190058985442669
mix_SI_UT_5400_414,0.001967741657151481
cauldron_ln_692,0.6984875894116898
cauldron_ln_12711,0.7024379153263556
mix_UI_ST_5400_929,0.0024659001586518716
cauldron_ln_7496,0.6433592363236168
mix_UI_ST_5400_350,0.002144973043792734
mix_SI_UT_5400_378,0.0018803988216679422
cauldron_ln_20025,0.7819783135836358
cauldron_ln_26249,0.7515690982957929
cauldron_ln_20293,0.6184825966109612
cauldron_ln_28354,0.72091468150077
cauldron_ln_28608,0.6987132240564742
mix_UI_ST_5400_1317,0.0021635239047529307
mix_UI_ST_5400_337,0.002546737300402657
cauldron_ln_24775,0.7614021201664843
cauldron_ln_10275,0.6871246412703592
cauldron_ln_977,0.6952714210765575
mix_UI_ST_5400_99,0.0035467768079375486
mix_SI_UT_5400_732,0.0011602607296236612
mix_SI_UT_5400_262,0.0023531282243385754
cauldron_ln_21014,0.7497342165516249
mix_SI_UT_5400_287,0.0023883037191293425
mix_SI_UT_5400_801,0.0016547027439921225
cauldron_ln_15487,0.6363794962390196
cauldron_ln_6743,0.8377578706731796
cauldron_ln_22571,0.7080205696831546
cauldron_ln_17898,0.7025678682545929
mix_SI_UT_5400_399,0.001972896541856043
mix_SI_UT_5400_934,0.002543245474516712
mix_SI_UT_5400_929,0.0020115760332029544
mix_SI_UT_5400_1276,0.0015101582405307326
cauldron_ln_1079,0.5999922558740399
mix_SI_UT_5400_1184,0.0010048535933967321
cauldron_ln_17352,0.6871895486083519
cauldron_ln_19507,0.7186343756512744
cauldron_ln_21120,0.7177092811799128
cauldron_ln_1797,0.5283045796412944
mix_UI_ST_5400_909,0.001957476399445469
cauldron_ln_10802,0.6740730680499375
cauldron_ln_29356,0.6755650962016045
mix_SI_UT_5400_1231,0.0025637959650395125
mix_UI_ST_5400_858,0.0019238851166803327
cauldron_ln_24406,0.6900037630445467
cauldron_ln_27636,0.8172869195070613
cauldron_ln_16618,0.8121857424989553
mix_UI_ST_5400_1420,0.0026768816779706005
mix_UI_ST_5400_1419,0.002752679622372477
mix_UI_ST_5400_705,0.0021336063748366107
mix_UI_ST_5400_28,0.0023768775748941374
cauldron_ln_15339,0.6636873764418666
mix_UI_ST_5400_625,0.0022095766223142197
mix_SI_UT_5400_366,0.002053913986120024
mix_UI_ST_5400_1187,0.0017910747756632915
cauldron_ln_18101,0.8111961681639431
mix_SI_UT_5400_535,0.002038265521765264
mix_UI_ST_5400_1315,0.002410795693342401
mix_SI_UT_5400_1259,0.0024687305220802806
cauldron_ln_29651,0.6214363228812081
cauldron_ln_18990,0.7789479525807271
cauldron_ln_19186,0.7302080109064422
mix_SI_UT_5400_980,0.0027992493733906714
cauldron_ln_27548,0.6854065697682962
cauldron_ln_5494,0.38251279140269073
cauldron_ln_1369,0.7052576344679456
mix_SI_UT_5400_93,0.0017466008201686212
mix_UI_ST_5400_1282,0.0020650115400945458
mix_UI_ST_5400_1471,0.002039849328761881
mix_UI_ST_5400_91,0.002787013053046448
mix_SI_UT_5400_1388,0.0018582342929312778
mix_UI_ST_5400_1368,0.0019399674873585829
mix_UI_ST_5400_717,0.003414690976190381
mix_UI_ST_5400_796,0.0019888794717276468
mix_UI_ST_5400_962,0.0019754393107472086
mix_SI_UT_5400_112,0.0023920818658230225
mix_UI_ST_5400_1075,0.0017121755169290337
cauldron_ln_22324,0.6901335933426431
cauldron_ln_26808,0.7732826017480346
cauldron_ln_25079,0.6948208497021406
mix_UI_ST_5400_539,0.0031732092879925887
cauldron_ln_4806,0.8605382354427148
cauldron_ln_21746,0.7453699255490819
cauldron_ln_23661,0.4706045280533395
cauldron_ln_8070,0.7222694001871094
mix_UI_ST_5400_1495,0.003426549619315633
mix_UI_ST_5400_353,0.0017036389163866445
mix_SI_UT_5400_418,0.0020051261933880155
cauldron_ln_19799,0.6006321045854104
mix_SI_UT_5400_155,0.001656671086577567
mix_UI_ST_5400_1326,0.0021651284929327897
mix_UI_ST_5400_1150,0.0022269689442031373
mix_UI_ST_5400_556,0.002379636996595413
mix_SI_UT_5400_396,0.0019007313330729912
cauldron_ln_16482,0.5422424117876745
cauldron_ln_3400,0.6001985453709684
mix_SI_UT_5400_1342,0.002196272210612325
mix_UI_ST_5400_459,0.0013013870940407563
cauldron_ln_13717,0.7611079744012148
mix_UI_ST_5400_777,0.002000317749989669
mix_UI_ST_5400_1479,0.0016348787896034171
cauldron_ln_29216,0.7532813752630594
cauldron_ln_5498,0.8198625712523591
mix_UI_ST_5400_1170,0.0020179319901141644
cauldron_ln_13897,0.8170488672144918
cauldron_ln_5820,0.7732731450781514
mix_SI_UT_5400_887,0.001067374170184093
mix_UI_ST_5400_246,0.0012877905926065288
mix_SI_UT_5400_1312,0.0019210280493180104
cauldron_ln_8647,0.8024917157506247
cauldron_ln_8401,0.7603886382624557
cauldron_ln_18002,0.7723653367014929
cauldron_ln_26865,0.6521107626722604
cauldron_ln_5181,0.6743289039405594
cauldron_ln_4013,0.7293175099376087
cauldron_ln_6270,0.757581275322008
mix_SI_UT_5400_795,0.0024122333958214214
cauldron_ln_27875,0.7678095960615174
cauldron_ln_3849,0.7845742582396007
mix_SI_UT_5400_931,0.0024079248813923507
cauldron_ln_12360,0.6605606199134489
mix_SI_UT_5400_1111,0.002135619287437913
cauldron_ln_24349,0.805328116617399
cauldron_ln_7009,0.6297674316931519
mix_UI_ST_5400_170,0.0013423664108057755
mix_SI_UT_5400_16,0.0025616495489723824
mix_SI_UT_5400_351,0.0017424967055485502
cauldron_ln_25343,0.7485724172557077
mix_UI_ST_5400_172,0.0018584315777624588
mix_UI_ST_5400_1197,0.0022901068002676096
cauldron_ln_21605,0.5945590876573492
mix_SI_UT_5400_1209,0.0023973737459910306
cauldron_ln_6458,0.5958107154852369
cauldron_ln_28692,0.6787518008142646
mix_SI_UT_5400_952,0.002061521828336582
cauldron_ln_11781,0.709087320845782
mix_SI_UT_5400_744,0.0027699029111492874
mix_UI_ST_5400_281,0.0015077732730630967
mix_SI_UT_5400_987,0.002338365429630694
cauldron_ln_6449,0.6989873482025041
mix_SI_UT_5400_1446,0.002757287543730987
cauldron_ln_4134,0.7726567461103044
cauldron_ln_2203,0.810039766075142
cauldron_ln_22034,0.6802016438405416
mix_SI_UT_5400_276,0.0026268372034436442
mix_SI_UT_5400_741,0.0015754749427981374
mix_SI_UT_5400_279,0.0028568425242392736
cauldron_ln_3449,0.6964826486457124
cauldron_ln_9885,0.8315473426650576
mix_UI_ST_5400_617,0.001347548058347727
cauldron_ln_2002,0.6707986858234032
mix_SI_UT_5400_815,0.0019925800197628943
mix_UI_ST_5400_460,0.0016757438134177318
mix_UI_ST_5400_189,0.0015972362569542358
mix_UI_ST_5400_984,0.0017782522233191545
mix_SI_UT_5400_1356,0.0020938310628050806
cauldron_ln_12288,0.6937729936818983
mix_SI_UT_5400_1139,0.002481585358044858
mix_SI_UT_5400_656,0.0014981497415086048
cauldron_ln_14956,0.6439523744443424
mix_UI_ST_5400_920,0.002119927982492697
cauldron_ln_13370,0.7252918522654042
mix_UI_ST_5400_1245,0.0013098698931132851
mix_SI_UT_5400_84,0.0018961719170533194
mix_UI_ST_5400_386,0.0016842252409065297
cauldron_ln_2323,0.7460590348944343
cauldron_ln_10948,0.6226907192831773
cauldron_ln_12538,0.5686878648648718
mix_UI_ST_5400_813,0.0023509512938604186
cauldron_ln_10207,0.7876717298321034
mix_SI_UT_5400_654,0.001793641958452095
cauldron_ln_8451,0.6196659844599687
mix_SI_UT_5400_216,0.00142712716830269
mix_UI_ST_5400_1233,0.0017666088814184688
cauldron_ln_150,0.6136928969410601
mix_UI_ST_5400_616,0.002255607792259064
cauldron_ln_1364,0.5904156592839074
cauldron_ln_23121,0.7701485123482309
cauldron_ln_22401,0.8002531709961523
cauldron_ln_502,0.6361715024716703
mix_SI_UT_5400_270,0.002723379433162327
mix_UI_ST_5400_409,0.002176172348427653
cauldron_ln_16609,0.7571427266842408
mix_SI_UT_5400_684,0.001955390553119306
cauldron_ln_17353,0.4135642602470749
cauldron_ln_7453,0.7095658177379103
cauldron_ln_11055,0.6355497240018733
cauldron_ln_343,0.7205415753418092
mix_SI_UT_5400_903,0.002577119232713973
cauldron_ln_467,0.6446304027036129
mix_UI_ST_5400_689,0.002175031715595144
mix_UI_ST_5400_1367,0.00276255392099748
mix_SI_UT_5400_1299,0.0009254181024558706
cauldron_ln_22910,0.6256948601154616
mix_SI_UT_5400_701,0.0020205128919238255
cauldron_ln_23748,0.8054536391127534
cauldron_ln_17549,0.7293338703031392
mix_SI_UT_5400_268,0.001645441019297521
mix_SI_UT_5400_242,0.002656418572516271
cauldron_ln_4812,0.791932841884259
cauldron_ln_1500,0.539569101734355
mix_SI_UT_5400_121,0.002141631994280169
cauldron_ln_14570,0.7183020799101087
mix_SI_UT_5400_806,0.0014539272202819214
mix_UI_ST_5400_405,0.001486718700025493
cauldron_ln_18503,0.8106245784231023
cauldron_ln_12414,0.6854693219658426
mix_SI_UT_5400_1004,0.0012287326385632172
cauldron_ln_8491,0.703293661538072
mix_SI_UT_5400_180,0.0013538346159865766
mix_SI_UT_5400_1265,0.0024773918372594126
cauldron_ln_1792,0.7643113290867358
mix_SI_UT_5400_676,0.0025657812892585547
mix_SI_UT_5400_943,0.001562861139421253
cauldron_ln_26109,0.8159841467418877
mix_UI_ST_5400_176,0.001594223995124254
cauldron_ln_17335,0.6395624278837158
cauldron_ln_21500,0.7850496402031488
cauldron_ln_6716,0.685092486350901
cauldron_ln_8570,0.6345310717809219
cauldron_ln_27679,0.6945354948297177
mix_SI_UT_5400_756,0.0019363333160244407
mix_SI_UT_5400_549,0.0014625547562525571
mix_SI_UT_5400_195,0.0017255133035322344
mix_SI_UT_5400_834,0.0014939793999103103
mix_UI_ST_5400_270,0.0023787308013700085
mix_UI_ST_5400_593,0.002200197784315742
mix_SI_UT_5400_653,0.0011037299539577564
cauldron_ln_14273,0.6839097988181992
cauldron_ln_23579,0.6086735552390953
cauldron_ln_19820,0.7831611209054052
mix_UI_ST_5400_268,0.0027882529662326405
mix_SI_UT_5400_1389,0.002278989076092266
mix_SI_UT_5400_40,0.0024758526052633717
cauldron_ln_2401,0.5847775416742844
cauldron_ln_23793,0.7989311205281617
mix_SI_UT_5400_1226,0.0016356883696875093
mix_UI_ST_5400_916,0.0025164394409950956
cauldron_ln_6741,0.6820432506339102
mix_SI_UT_5400_310,0.001269447976401941
mix_UI_ST_5400_632,0.0013855780841335646
mix_SI_UT_5400_1387,0.0022074230027439574
mix_SI_UT_5400_459,0.002685299021694206
cauldron_ln_20666,0.7421940231200459
cauldron_ln_9843,0.7430795590787614
mix_UI_ST_5400_343,0.0018373917184008341
cauldron_ln_23338,0.7132769447918956
cauldron_ln_28999,0.7633624248912243
mix_SI_UT_5400_1142,0.0020628494854455963
cauldron_ln_9612,0.5849068165322557
mix_UI_ST_5400_271,0.002211200812552605
mix_SI_UT_5400_901,0.0025336519330670148
cauldron_ln_16289,0.8231080681740726
cauldron_ln_2351,0.7452007333591266
cauldron_ln_24157,0.7055870486258013
cauldron_ln_26790,0.8178817184808759
mix_SI_UT_5400_232,0.0024720135189593537
mix_UI_ST_5400_1181,0.0018947400992836846
cauldron_ln_21779,0.8241593083096885
mix_UI_ST_5400_804,0.0026706851566490786
cauldron_ln_20486,0.7555090320048699
mix_SI_UT_5400_956,0.0022878841661129077
mix_SI_UT_5400_412,0.0022154324233177184
mix_SI_UT_5400_616,0.001860634999030632
mix_UI_ST_5400_1024,0.001739760442630368
cauldron_ln_11372,0.7742343060791154
cauldron_ln_25415,0.7514209673367066
cauldron_ln_29622,0.7122936902231589
mix_SI_UT_5400_811,0.002049994872426663
cauldron_ln_28316,0.7337004429436677
mix_SI_UT_5400_359,0.001801865917900315
cauldron_ln_4601,0.7046564039874652
mix_SI_UT_5400_1173,0.001980785516072969
mix_UI_ST_5400_391,0.001995201732360339
mix_SI_UT_5400_1076,0.002367338415878832
cauldron_ln_28875,0.8027563581478523
cauldron_ln_1347,0.5801241296844089
cauldron_ln_5432,0.7068356064334504
mix_UI_ST_5400_1202,0.002894796582996191
cauldron_ln_19328,0.7822534894108274
cauldron_ln_5824,0.6761291816169669
mix_SI_UT_5400_890,0.00216534900133198
mix_UI_ST_5400_1049,0.0030652032460768493
mix_SI_UT_5400_552,0.0017405267589826827
cauldron_ln_3669,0.6239094508437463
cauldron_ln_10422,0.7589305142940688
cauldron_ln_27207,0.7885872469057726
cauldron_ln_14344,0.7916762357091572
cauldron_ln_15718,0.7543549845972984
mix_UI_ST_5400_16,0.0016110697949344053
cauldron_ln_16775,0.5828987959148549
mix_SI_UT_5400_780,0.00209332114720392
mix_SI_UT_5400_796,0.0021627106640857378
cauldron_ln_1525,0.6993578498115207
mix_UI_ST_5400_855,0.0017550028357029026
cauldron_ln_14748,0.7770642630710162
cauldron_ln_4300,0.65765179151695
cauldron_ln_29761,0.650205485161904
mix_UI_ST_5400_1412,0.003122570475198793
mix_UI_ST_5400_573,0.0016363059834844376
mix_SI_UT_5400_462,0.0018388333213754215
cauldron_ln_25295,0.7597391954678718
cauldron_ln_7238,0.7246523020659539
cauldron_ln_28503,0.5950442912564378
cauldron_ln_24761,0.7893105380651498
cauldron_ln_16001,0.6684846739744446
cauldron_ln_19262,0.8064767354085187
cauldron_ln_20349,0.7565790261612991
cauldron_ln_5376,0.7271116245896947
mix_UI_ST_5400_1249,0.0020630502563842652
cauldron_ln_8022,0.755049074142084
cauldron_ln_29615,0.6216275094749103
mix_UI_ST_5400_1203,0.003041195404825693
cauldron_ln_28377,0.6959330506121225
mix_SI_UT_5400_147,0.0022556362013742555
mix_UI_ST_5400_23,0.0016379477283336736
cauldron_ln_11262,0.7061620196255562
cauldron_ln_6588,0.7473761536059497
mix_SI_UT_5400_6,0.0018683396524890668
cauldron_ln_2724,0.7697755595122375
cauldron_ln_3229,0.7315408780671194
cauldron_ln_5163,0.8065952383457968
mix_UI_ST_5400_39,0.0011782473092135461
mix_SI_UT_5400_763,0.0022008007158378505
cauldron_ln_20248,0.626751719859701
mix_SI_UT_5400_937,0.002524893585025147
cauldron_ln_1321,0.7641689295813183
mix_SI_UT_5400_569,0.0019710364940143
mix_SI_UT_5400_717,0.0018564163796263447
cauldron_ln_23410,0.6489230890266864
mix_SI_UT_5400_877,0.001474565359388988
cauldron_ln_16176,0.6332663299768264
cauldron_ln_24111,0.6057948500281467
cauldron_ln_556,0.61676723740992
mix_SI_UT_5400_1495,0.0009679130689659824
cauldron_ln_6787,0.7378330414273646
cauldron_ln_24473,0.6601758466780943
mix_UI_ST_5400_812,0.002369420829884032
mix_SI_UT_5400_657,0.0023567621931127923
cauldron_ln_15448,0.7806821770407807
mix_SI_UT_5400_551,0.002857207504466573
cauldron_ln_14578,0.7582392454128078
cauldron_ln_26015,0.7781351784822583
cauldron_ln_21087,0.6647331929742182
cauldron_ln_11659,0.8322867077834762
cauldron_ln_8291,0.617360965776347
mix_UI_ST_5400_345,0.0014436750830645773
cauldron_ln_21328,0.712170182865261
cauldron_ln_24870,0.6347510367711817
mix_UI_ST_5400_133,0.0008915011280167639
cauldron_ln_17563,0.7996667917874828
mix_SI_UT_5400_245,0.002182077743647652
cauldron_ln_28317,0.7557327841409952
mix_UI_ST_5400_521,0.001750607813120796
cauldron_ln_4967,0.7201523250231422
mix_UI_ST_5400_142,0.0021805524759421395
mix_UI_ST_5400_1355,0.0025859824484990765
mix_UI_ST_5400_816,0.003078353694569673
cauldron_ln_15062,0.7174666741148467
mix_UI_ST_5400_943,0.0019384578886771212
cauldron_ln_8221,0.5872771439872359
mix_UI_ST_5400_100,0.0018429431339398652
cauldron_ln_29283,0.4754584966128863
mix_SI_UT_5400_561,0.0017279413479122567
mix_UI_ST_5400_762,0.002417193196662269
mix_UI_ST_5400_1008,0.002589598814534981
cauldron_ln_3750,0.7077501380421231
cauldron_ln_20592,0.7115414048986783
mix_SI_UT_5400_332,0.0009879174517467032
cauldron_ln_15756,0.7477065242461539
cauldron_ln_11736,0.7519552621243217
mix_UI_ST_5400_654,0.0025316527447474344
cauldron_ln_10475,0.7651186029920931
mix_SI_UT_5400_75,0.0026008139579436038
cauldron_ln_23924,0.7644988083373785
mix_SI_UT_5400_1448,0.002065767589507369
mix_SI_UT_5400_18,0.0015400272849155
mix_UI_ST_5400_693,0.0035028983514883718
cauldron_ln_4903,0.7291432963085178
mix_SI_UT_5400_1358,0.0018134664616770108
cauldron_ln_10095,0.7270894697859148
cauldron_ln_9570,0.6395147130113575
mix_SI_UT_5400_799,0.0023928388468502635
cauldron_ln_497,0.6576092603256153
cauldron_ln_6786,0.6812942235956425
cauldron_ln_27321,0.7217214701093569
cauldron_ln_8876,0.5947867927591265
cauldron_ln_11379,0.6276350264874053
cauldron_ln_2483,0.45077270915787
cauldron_ln_5447,0.6607108200781829
cauldron_ln_17031,0.7307470384014264
mix_UI_ST_5400_1285,0.0017667935654270932
mix_UI_ST_5400_366,0.0012782056822376832
cauldron_ln_17538,0.8071290271415844
mix_UI_ST_5400_186,0.0018716412052133366
cauldron_ln_3038,0.7284457618547835
mix_SI_UT_5400_451,0.0011203744286366992
mix_SI_UT_5400_420,0.0016517477200026463
cauldron_ln_9299,0.7377613381014763
cauldron_ln_12303,0.6904069378521901
cauldron_ln_24784,0.8016544574624814
cauldron_ln_10797,0.7133101303856986
mix_SI_UT_5400_1245,0.0019513236084073768
cauldron_ln_13724,0.7445363236223081
mix_SI_UT_5400_387,0.002064019313718756
mix_UI_ST_5400_1384,0.0018699232169166182
cauldron_ln_14649,0.7456442683271021
mix_UI_ST_5400_193,0.001827174608914329
mix_SI_UT_5400_1048,0.0014199631544271824
cauldron_ln_1764,0.6786971650745264
mix_SI_UT_5400_125,0.0010820078550564309
cauldron_ln_11048,0.7020242472407169
cauldron_ln_19348,0.7691623689339537
mix_SI_UT_5400_936,0.00226093672517311
cauldron_ln_17918,0.6557816536210735
mix_SI_UT_5400_715,0.0018337174146401962
mix_UI_ST_5400_309,0.0031785913654534706
cauldron_ln_4397,0.6508645102437344
mix_SI_UT_5400_1122,0.0022902894381445164
mix_SI_UT_5400_1129,0.0015312891469821568
cauldron_ln_26647,0.54595255392759
cauldron_ln_11006,0.7834928336800019
cauldron_ln_3529,0.7406410932802402
mix_UI_ST_5400_1291,0.0013180666821563803
mix_UI_ST_5400_1179,0.0021831740030864755
mix_SI_UT_5400_1224,0.001567689657861546
cauldron_ln_25808,0.8035146425138049
cauldron_ln_740,0.6807827741616103
mix_SI_UT_5400_394,0.0026530517308380407
mix_SI_UT_5400_519,0.0012452365723607372
mix_SI_UT_5400_148,0.0018530196062842323
cauldron_ln_25565,0.8039426595939128
cauldron_ln_28494,0.7752303685318997
mix_SI_UT_5400_390,0.0024545603886182554
cauldron_ln_11506,0.6552033984452854
cauldron_ln_16003,0.7848838602131039
mix_SI_UT_5400_252,0.002711333010519156
cauldron_ln_13721,0.7413179203279017
mix_SI_UT_5400_1225,0.0011240817295009385
cauldron_ln_5291,0.6562163184296814
mix_UI_ST_5400_1308,0.0017817524556331184
mix_SI_UT_5400_1468,0.0022054716510830643
cauldron_ln_1406,0.6506415004921858
cauldron_ln_15481,0.8169436680559496
cauldron_ln_9301,0.6719949400431656
mix_UI_ST_5400_351,0.0011678561281364774
mix_UI_ST_5400_1084,0.0018961559009472591
mix_SI_UT_5400_493,0.0020329840263422667
mix_SI_UT_5400_712,0.001219175493621865
mix_SI_UT_5400_254,0.0019357588142146236
mix_UI_ST_5400_214,0.002743214726384192
mix_UI_ST_5400_1312,0.0043420126813254354
cauldron_ln_22230,0.7424285668845898
cauldron_ln_16143,0.6897305674317397
mix_SI_UT_5400_1070,0.0020372423893756865
mix_SI_UT_5400_695,0.002204015743319151
cauldron_ln_11668,0.7063564507498235
mix_SI_UT_5400_149,0.0017695558549658155
mix_UI_ST_5400_640,0.002220542512978832
cauldron_ln_23296,0.7764052609441565
mix_SI_UT_5400_776,0.0017068320593860288
mix_SI_UT_5400_1242,0.0025202910381346443
cauldron_ln_17734,0.6618404047727743
cauldron_ln_26539,0.4974152303442315
cauldron_ln_5756,0.8310057368244772
mix_SI_UT_5400_613,0.0022539906376597687
cauldron_ln_2252,0.4670277514308944
mix_UI_ST_5400_179,0.002685255372472882
mix_SI_UT_5400_719,0.001901880318401352
mix_UI_ST_5400_1444,0.002082098014025671
cauldron_ln_12070,0.7419365089967476
mix_SI_UT_5400_505,0.002070155065154479
mix_UI_ST_5400_1043,0.001688049782684215
mix_UI_ST_5400_860,0.0020334379439953783
mix_UI_ST_5400_194,0.0019354463448823292
mix_UI_ST_5400_1133,0.002034234007871161
cauldron_ln_22821,0.7529009014765633
mix_SI_UT_5400_415,0.0018236660055918044
cauldron_ln_7580,0.5952418186235527
mix_SI_UT_5400_1107,0.0008521877047874761
mix_UI_ST_5400_480,0.001967589070198563
cauldron_ln_23885,0.5815578686841143
cauldron_ln_23570,0.7178522987487372
mix_SI_UT_5400_1385,0.0017559484822852907
mix_SI_UT_5400_625,0.0017210060281669342
cauldron_ln_21899,0.7609895671078795
mix_UI_ST_5400_1069,0.0012949260868337653
mix_SI_UT_5400_1492,0.0020089873399936615
cauldron_ln_17077,0.7023830187057635
cauldron_ln_6257,0.6981871903296142
mix_SI_UT_5400_213,0.00281100977949648
cauldron_ln_17715,0.7264137837384845
cauldron_ln_19637,0.807111192294337
mix_SI_UT_5400_1188,0.002545579055036362
cauldron_ln_7098,0.7375371822898108
cauldron_ln_7178,0.6254473972151197
mix_UI_ST_5400_669,0.001389629541507041
cauldron_ln_21883,0.8050464302539607
cauldron_ln_17536,0.7454123750772841
cauldron_ln_22977,0.7721414660255849
cauldron_ln_11369,0.7164650931470925
mix_SI_UT_5400_830,0.0024675394541188974
cauldron_ln_21337,0.8179381574733005
cauldron_ln_5520,0.7431982880160458
mix_UI_ST_5400_529,0.0026788827236465876
mix_SI_UT_5400_109,0.0011916893154341488
cauldron_ln_25740,0.77225401336414
mix_SI_UT_5400_636,0.001966832775303331
cauldron_ln_25308,0.7372402248401915
mix_SI_UT_5400_1010,0.0023608644033451544
cauldron_ln_18008,0.7114417923774079
mix_SI_UT_5400_1326,0.0026740387753158928
mix_SI_UT_5400_915,0.0013599677662617226
cauldron_ln_17195,0.6885645008604392
cauldron_ln_13341,0.7899413704757534
mix_SI_UT_5400_1124,0.002987306175326236
cauldron_ln_3245,0.7617270942608039
cauldron_ln_8172,0.6987523264218939
mix_UI_ST_5400_926,0.0017763755157723354
cauldron_ln_4876,0.6319133333554061
mix_UI_ST_5400_751,0.0013030013847201713
mix_SI_UT_5400_1374,0.0023035739500897076
mix_UI_ST_5400_975,0.0027623933384352344
mix_SI_UT_5400_1405,0.00228660366985251
cauldron_ln_24849,0.7643409305564721
cauldron_ln_16941,0.5697078097013948
mix_SI_UT_5400_591,0.0016764956942403625
cauldron_ln_15085,0.6282752633028942
mix_SI_UT_5400_596,0.002568574989787117
mix_UI_ST_5400_622,0.0021121580226970203
cauldron_ln_11887,0.7297618167657843
cauldron_ln_106,0.6157769244013797
cauldron_ln_13192,0.6662270607490527
cauldron_ln_22696,0.8091348200543764
cauldron_ln_29285,0.7405606081567441
mix_SI_UT_5400_470,0.0020204195298965384
cauldron_ln_6912,0.7211153729945644
cauldron_ln_9522,0.7347546867788326
mix_UI_ST_5400_1132,0.0019437714916228632
cauldron_ln_28412,0.7757876654892528
mix_UI_ST_5400_221,0.001919889783257607
mix_SI_UT_5400_1045,0.0020112002370553253
cauldron_ln_16172,0.5339732351927607
cauldron_ln_14103,0.7986824997648735
mix_UI_ST_5400_1071,0.003764404929952937
mix_SI_UT_5400_1233,0.00186334935367788
mix_SI_UT_5400_111,0.001261111802666391
mix_SI_UT_5400_324,0.0017590162413395956
mix_SI_UT_5400_116,0.002964515905801359
cauldron_ln_1235,0.6270381752850347
cauldron_ln_24255,0.6452711103797041
cauldron_ln_15710,0.7055765787537277
mix_SI_UT_5400_51,0.0014406912297312156
cauldron_ln_20644,0.6315338516813972
cauldron_ln_21833,0.7589480795436153
cauldron_ln_23944,0.718389231808704
mix_SI_UT_5400_308,0.0017727172330989948
cauldron_ln_25956,0.6880903483249813
cauldron_ln_15934,0.7043184211809036
mix_UI_ST_5400_1159,0.00431073241348932
cauldron_ln_24050,0.7360561416500399
mix_SI_UT_5400_190,0.0011206587377879818
cauldron_ln_6763,0.7877810611689983
mix_SI_UT_5400_2,0.0013263266478435209
mix_UI_ST_5400_457,0.0018162057882223671
mix_UI_ST_5400_1224,0.002264768059500881
cauldron_ln_16339,0.6600343117214773
cauldron_ln_5773,0.6991346325938271
mix_UI_ST_5400_1447,0.002291865888317719
mix_UI_ST_5400_956,0.0008021532420524519
cauldron_ln_2312,0.7687040142193428
mix_UI_ST_5400_1003,0.002022546838053533
mix_UI_ST_5400_1425,0.003201578400971912
cauldron_ln_24204,0.7631605063628958
cauldron_ln_1617,0.745500959277735
mix_SI_UT_5400_1050,0.0025264682134922734
cauldron_ln_20936,0.7935047254377547
cauldron_ln_22017,0.7491935854699074
cauldron_ln_23477,0.7279165523492446
mix_SI_UT_5400_1038,0.0025677930748419426
cauldron_ln_26664,0.6400456707245571
cauldron_ln_10615,0.689776595456371
cauldron_ln_1497,0.7154216455424677
mix_SI_UT_5400_892,0.0014963949803447197
mix_UI_ST_5400_1230,0.0019353960537771533
mix_UI_ST_5400_1286,0.002149192576387793
cauldron_ln_19657,0.6838704336892479
cauldron_ln_6233,0.7354542309699719
cauldron_ln_1337,0.7500390909340214
cauldron_ln_28617,0.7287315223448012
cauldron_ln_808,0.6759836427519298
cauldron_ln_29971,0.7235802945287584
mix_UI_ST_5400_1456,0.0027883840217479213
mix_UI_ST_5400_1155,0.0015434979444053044
cauldron_ln_22663,0.6114215965808361
cauldron_ln_19031,0.7584003128715119
mix_SI_UT_5400_688,0.0019240132172280028
cauldron_ln_12081,0.7274218445419487
mix_UI_ST_5400_1440,0.0023843259746559845
mix_UI_ST_5400_311,0.0020960268103322193
mix_SI_UT_5400_1337,0.0021636282123038445
cauldron_ln_8006,0.8049240594835115
cauldron_ln_10427,0.7406341739115525
cauldron_ln_4976,0.6437091661503346
mix_SI_UT_5400_878,0.0019329542566735782
mix_UI_ST_5400_688,0.0024038580517916136
cauldron_ln_397,0.6453923971027672
cauldron_ln_520,0.5503812000151725
mix_UI_ST_5400_1063,0.002058846230419458
cauldron_ln_17300,0.8175325752710788
cauldron_ln_13607,0.6431787430185544
cauldron_ln_27780,0.7173974944260487
mix_UI_ST_5400_636,0.0019203204648539356
mix_SI_UT_5400_1106,0.002054241128950708
mix_SI_UT_5400_343,0.0013740505939979439
mix_UI_ST_5400_1146,0.0015733597077052114
mix_SI_UT_5400_1025,0.0016419170975796795
mix_UI_ST_5400_514,0.0020137174481678548
cauldron_ln_10504,0.6768878176234365
mix_SI_UT_5400_1473,0.0025937005967738005
cauldron_ln_6725,0.7124256956577638
mix_UI_ST_5400_470,0.0019475382206858214
mix_SI_UT_5400_140,0.0015410076353801786
mix_UI_ST_5400_977,0.0024781750914997483
mix_SI_UT_5400_1017,0.0024327678927787305
mix_SI_UT_5400_1489,0.0014482661698957582
mix_UI_ST_5400_106,0.0023518698322789805
mix_UI_ST_5400_423,0.0027962437993671032
cauldron_ln_6123,0.6801436939958199
mix_SI_UT_5400_977,0.0016062852253118792
mix_SI_UT_5400_10,0.001648808948695031
mix_SI_UT_5400_1451,0.001625840941531123
cauldron_ln_10640,0.6344838941031091
mix_UI_ST_5400_969,0.002053748209676083
mix_SI_UT_5400_1235,0.002012671858914206
mix_UI_ST_5400_265,0.0014576421288904542
cauldron_ln_16356,0.8193497575944395
mix_UI_ST_5400_288,0.0014727602647700315
mix_SI_UT_5400_899,0.002355871869532745
cauldron_ln_12458,0.7298075341285767
mix_UI_ST_5400_898,0.002036044539343695
cauldron_ln_13902,0.7633063825675644
mix_SI_UT_5400_141,0.0012614649859343094
mix_UI_ST_5400_1006,0.001397837902550267
cauldron_ln_174,0.5886911068776358
mix_UI_ST_5400_1329,0.002489151113680354
mix_UI_ST_5400_1269,0.0010884911197027098
mix_SI_UT_5400_289,0.0022758177546332347
cauldron_ln_2976,0.6855890372630824
cauldron_ln_2421,0.6144821389190805
cauldron_ln_17143,0.6171921191097517
mix_UI_ST_5400_1190,0.0017492365346275646
cauldron_ln_375,0.6274981398774663
cauldron_ln_17658,0.6974912938564558
cauldron_ln_4526,0.6989493463896093
mix_SI_UT_5400_176,0.0020659559786498334
mix_SI_UT_5400_1372,0.0012806266163794167
cauldron_ln_15776,0.6205552202314368
mix_UI_ST_5400_624,0.001612132041410553
mix_SI_UT_5400_648,0.0019454355471850288
cauldron_ln_3352,0.7373689360336323
mix_UI_ST_5400_532,0.001937933410524758
mix_SI_UT_5400_822,0.002490958139451682
cauldron_ln_7366,0.7391800524653956
cauldron_ln_21184,0.6290977537360892
mix_UI_ST_5400_1092,0.0015776748601504735
cauldron_ln_15774,0.7010015211562913
mix_UI_ST_5400_1496,0.0019471870319390872
cauldron_ln_15467,0.7508091935999506
mix_UI_ST_5400_1452,0.0015493258074567885
mix_UI_ST_5400_1338,0.0025669216183815363
cauldron_ln_8632,0.8902421648738639
mix_SI_UT_5400_307,0.0019068264235938624
cauldron_ln_7974,0.6226561757225623
mix_UI_ST_5400_284,0.003039167691026884
mix_UI_ST_5400_1341,0.00258482929100003
mix_SI_UT_5400_760,0.0014762977961215085
mix_SI_UT_5400_778,0.002265414119147907
mix_SI_UT_5400_1264,0.0017433594228596053
mix_SI_UT_5400_1100,0.0017892555200071409
cauldron_ln_11907,0.7570031743593294
cauldron_ln_9012,0.7870074228545656
mix_UI_ST_5400_1309,0.0022834082911449014
mix_SI_UT_5400_277,0.002500676440441539
mix_UI_ST_5400_197,0.0021070309567084774
mix_UI_ST_5400_125,0.0020885242795150197
cauldron_ln_12958,0.6478455337493411
mix_UI_ST_5400_1262,0.002343583504387867
cauldron_ln_29307,0.5914955295832941
mix_UI_ST_5400_1449,0.001368837968476855
cauldron_ln_7312,0.7969961884874285
mix_SI_UT_5400_1146,0.0016616390962836377
cauldron_ln_20680,0.6271775583211331
mix_UI_ST_5400_596,0.001303220796417011
mix_UI_ST_5400_942,0.002426447645063516
mix_SI_UT_5400_564,0.001114802344654947
cauldron_ln_18293,0.668652261720064
cauldron_ln_2234,0.6874552297489844
mix_SI_UT_5400_354,0.0016766786950650344
mix_SI_UT_5400_1330,0.002356626296280367
mix_UI_ST_5400_1066,0.003884922624185971
cauldron_ln_25988,0.8207051367231426
cauldron_ln_28634,0.7452365385550579
cauldron_ln_26039,0.6102253280045707
mix_UI_ST_5400_992,0.0015439032384166101
mix_SI_UT_5400_401,0.0014365190527937735
mix_SI_UT_5400_217,0.0031569835275296267
cauldron_ln_2942,0.6371045002177169
mix_UI_ST_5400_496,0.0015276895805664212
cauldron_ln_12358,0.7963734976746274
cauldron_ln_13661,0.6617504012315721
mix_UI_ST_5400_211,0.002100948365901115
mix_SI_UT_5400_465,0.0024177815906333984
mix_UI_ST_5400_1106,0.0025789059678439225
cauldron_ln_20658,0.7011941301667421
cauldron_ln_6279,0.6840692412272469
cauldron_ln_22994,0.7753805170114273
cauldron_ln_13194,0.7141698033710764
cauldron_ln_5658,0.6515978305345888
cauldron_ln_2476,0.6946636040875509
mix_UI_ST_5400_68,0.0018569978043858782
cauldron_ln_1459,0.49826844584322905
mix_UI_ST_5400_247,0.002165798570899455
mix_SI_UT_5400_503,0.0014708605415938213
mix_UI_ST_5400_736,0.0018436181634905043
cauldron_ln_21708,0.7735827395625542
cauldron_ln_28901,0.6237204971761815
cauldron_ln_1447,0.47804087257993505
mix_UI_ST_5400_53,0.0024048283891348813
mix_SI_UT_5400_325,0.0020762253462896212
mix_UI_ST_5400_1480,0.0023651028627519623
mix_SI_UT_5400_38,0.001051446893870578
mix_SI_UT_5400_128,0.001159808445062413
mix_UI_ST_5400_1302,0.0027714537416510003
mix_SI_UT_5400_1,0.0015409333738698656
mix_SI_UT_5400_629,0.001969425537062714
mix_UI_ST_5400_40,0.0019912767872225855
cauldron_ln_13116,0.7225739436451589
cauldron_ln_8125,0.7739300629342485
mix_SI_UT_5400_222,0.0010204256716965922
cauldron_ln_12749,0.8187739550374353
mix_SI_UT_5400_590,0.001385574377066348
cauldron_ln_6846,0.7260375932189961
cauldron_ln_11275,0.7882244056542115
mix_SI_UT_5400_807,0.0009707522939218028
mix_UI_ST_5400_19,0.0011119758908866954
mix_SI_UT_5400_511,0.0019301044547424002
cauldron_ln_17348,0.7766608329391438
cauldron_ln_17202,0.789552242338014
mix_SI_UT_5400_1285,0.002125021467719797
mix_SI_UT_5400_622,0.0024189812459123852
cauldron_ln_8394,0.7945486626995932
mix_UI_ST_5400_695,0.00242049844693625
mix_SI_UT_5400_1119,0.0016270858604818935
mix_UI_ST_5400_832,0.0014067652212888847
mix_UI_ST_5400_1096,0.0030387632831878684
cauldron_ln_25019,0.708668305472531
mix_SI_UT_5400_464,0.0023909099385158493
mix_UI_ST_5400_134,0.0022738846996950544
cauldron_ln_21512,0.7263536674124946
cauldron_ln_2457,0.6993092069492806
mix_UI_ST_5400_1131,0.0024801943000092508
mix_UI_ST_5400_466,0.002399770924307702
cauldron_ln_7199,0.767203381964812
cauldron_ln_9750,0.7696756328271186
mix_UI_ST_5400_59,0.0016381786337512955
cauldron_ln_13692,0.7609778542341883
cauldron_ln_3244,0.6373640869381529
mix_UI_ST_5400_1220,0.0019247667888698196
cauldron_ln_8784,0.727230817386695
cauldron_ln_1227,0.6858797011564337
cauldron_ln_23463,0.7534906017758344
mix_SI_UT_5400_47,0.002468615015349698
cauldron_ln_4776,0.7342067439852589
mix_SI_UT_5400_839,0.0022976313612879996
cauldron_ln_21360,0.7091061965555033
mix_SI_UT_5400_1143,0.0018505771740140256
mix_SI_UT_5400_25,0.001211316480619739
mix_SI_UT_5400_1395,0.0022294735124064645
mix_SI_UT_5400_205,0.0021701358895126217
mix_SI_UT_5400_346,0.001885026834525041
cauldron_ln_6760,0.6368159480980744
cauldron_ln_15478,0.6833754882349209
mix_UI_ST_5400_509,0.001698939766018321
mix_UI_ST_5400_868,0.0013528723081754931
mix_UI_ST_5400_78,0.0012369374981566128
cauldron_ln_9173,0.7403236525151964
mix_UI_ST_5400_938,0.0016949404905563603
mix_SI_UT_5400_1253,0.0023674122782672354
cauldron_ln_2553,0.6820534779117947
cauldron_ln_11528,0.816896023500619
cauldron_ln_24903,0.7594895356411909
mix_UI_ST_5400_928,0.002454650600735216
cauldron_ln_27318,0.7441924021452884
cauldron_ln_6181,0.6782781635963538
mix_SI_UT_5400_1021,0.002330934749193167
mix_UI_ST_5400_801,0.001959620392305905
cauldron_ln_29752,0.6329376702318383
mix_UI_ST_5400_192,0.0014203057912388693
cauldron_ln_18012,0.6986404245408888
cauldron_ln_28399,0.7471832601990166
cauldron_ln_7291,0.7839014998656323
mix_SI_UT_5400_679,0.0016795618636265427
cauldron_ln_2145,0.7199931945523768
cauldron_ln_8364,0.778147176151893
mix_SI_UT_5400_258,0.001256108037518544
mix_UI_ST_5400_1135,0.0019176723202895835
mix_SI_UT_5400_810,0.001650246481660494
cauldron_ln_18633,0.7263040908321963
mix_UI_ST_5400_204,0.0015019146379642535
cauldron_ln_12724,0.7311012669726904
cauldron_ln_11569,0.7138303272350512
mix_SI_UT_5400_74,0.0010747892367087798
cauldron_ln_13789,0.7252903202915998
mix_UI_ST_5400_1407,0.0026187195389099434
cauldron_ln_22656,0.7468402817161962
cauldron_ln_18909,0.815167126624883
cauldron_ln_7647,0.734938155237947
cauldron_ln_9398,0.7458444185626725
cauldron_ln_17570,0.7472095602049744
cauldron_ln_25814,0.6631966731784699
mix_UI_ST_5400_602,0.002112507111151666
cauldron_ln_15559,0.7733405414492963
mix_UI_ST_5400_611,0.002316499403909734
mix_SI_UT_5400_433,0.0021204511306508146
cauldron_ln_26233,0.7446295451456096
mix_SI_UT_5400_393,0.0015509892236732475
mix_SI_UT_5400_214,0.0019448809959869986
cauldron_ln_22682,0.7263003031810938
mix_SI_UT_5400_477,0.0013837437832335258
cauldron_ln_18544,0.6508938594668133
cauldron_ln_23923,0.7373543469541222
cauldron_ln_14189,0.7856142710733159
cauldron_ln_10908,0.7654164484519137
cauldron_ln_13971,0.7000930057527979
cauldron_ln_19625,0.7738969957580083
mix_UI_ST_5400_537,0.0011518083780292694
mix_UI_ST_5400_1195,0.0025515202549893233
cauldron_ln_26739,0.7869351651008814
cauldron_ln_24131,0.6706280962308575
mix_SI_UT_5400_920,0.0019889342611253726
mix_SI_UT_5400_1383,0.0013745724205665422
mix_SI_UT_5400_1293,0.002439908731845547
mix_UI_ST_5400_610,0.0014193181751110148
cauldron_ln_14300,0.7521980985169295
cauldron_ln_5972,0.7211464905443945
cauldron_ln_22355,0.7676744735766783
mix_UI_ST_5400_485,0.001235430928646767
mix_SI_UT_5400_281,0.0016321060233333632
cauldron_ln_15100,0.5998021089779965
mix_UI_ST_5400_1241,0.0018677336349606668
mix_UI_ST_5400_1428,0.0020479169845837963
cauldron_ln_13948,0.7650202432233351
mix_UI_ST_5400_60,0.0013636075865295129
cauldron_ln_2574,0.6659157567268318
cauldron_ln_19196,0.7874389862206281
cauldron_ln_2618,0.7696075718864053
cauldron_ln_5056,0.6014362730384406
cauldron_ln_15189,0.6806410745831766
mix_UI_ST_5400_817,0.0021708584864858025
mix_SI_UT_5400_572,0.0019656201481585028
mix_UI_ST_5400_732,0.0022413183992812166
cauldron_ln_9703,0.6692992321929248
mix_UI_ST_5400_1423,0.0016905471807044051
mix_UI_ST_5400_158,0.002738095004538065
mix_UI_ST_5400_183,0.0032190177885690298
mix_UI_ST_5400_891,0.0014552752804114953
cauldron_ln_9045,0.6938332607994049
mix_SI_UT_5400_1044,0.002629831476373389
mix_UI_ST_5400_1325,0.001338774849849062
mix_SI_UT_5400_708,0.0017749067603073268
cauldron_ln_28990,0.713906838626799
cauldron_ln_28089,0.7491214240712397
mix_UI_ST_5400_572,0.0023141191457515284
cauldron_ln_15138,0.6719903217870025
cauldron_ln_22698,0.7833492815660006
cauldron_ln_2226,0.7161900778316168
mix_SI_UT_5400_1249,0.0031804689796488647
mix_UI_ST_5400_1235,0.0033017619369196385
mix_UI_ST_5400_879,0.001678814808142643
cauldron_ln_7248,0.7730479094227385
cauldron_ln_6328,0.6997309212791987
cauldron_ln_24676,0.8087127375095904
mix_UI_ST_5400_656,0.0024120352090950684
mix_SI_UT_5400_256,0.0020302633817653667
cauldron_ln_25223,0.822473158081897
mix_UI_ST_5400_92,0.0017672896578752066
mix_UI_ST_5400_903,0.0019448969562111903
mix_UI_ST_5400_589,0.0017380615357222339
mix_UI_ST_5400_538,0.0017535269492127404
cauldron_ln_16542,0.7167289258229476
cauldron_ln_3853,0.5832367484264086
cauldron_ln_28794,0.7859208400490807
mix_UI_ST_5400_1439,0.002226401465626237
cauldron_ln_4530,0.7369130897927941
mix_UI_ST_5400_861,0.001724958928447527
mix_UI_ST_5400_713,0.0012099164972618375
cauldron_ln_14176,0.72415861342289
cauldron_ln_17782,0.8261478637122676
cauldron_ln_1393,0.6429557631868358
cauldron_ln_23286,0.7794843284345949
cauldron_ln_7997,0.6713344899153549
mix_SI_UT_5400_1005,0.0022332424096575152
cauldron_ln_4803,0.7046445981159043
cauldron_ln_14593,0.5476337969428099
mix_UI_ST_5400_802,0.0035115076556327556
mix_SI_UT_5400_427,0.0015535827558203446
mix_UI_ST_5400_331,0.0021040701755423888
mix_SI_UT_5400_1272,0.001732984842836499
mix_UI_ST_5400_1121,0.002178661769172211
cauldron_ln_27118,0.6550682571474236
mix_SI_UT_5400_772,0.0021310570933662366
cauldron_ln_9756,0.6626613682063068
cauldron_ln_1185,0.6251202627991193
cauldron_ln_26533,0.7508135198711758
mix_SI_UT_5400_1178,0.0012761107630578652
mix_SI_UT_5400_223,0.0016349700099609428
mix_SI_UT_5400_68,0.0029161193602496097
cauldron_ln_29323,0.7112945251512924
mix_UI_ST_5400_1128,0.0014345855494002238
cauldron_ln_12498,0.7260699007938917
cauldron_ln_17248,0.7507542107676637
mix_SI_UT_5400_626,0.0026127719489462053
mix_SI_UT_5400_492,0.0023729432473588016
mix_UI_ST_5400_874,0.0019708342146134584
mix_UI_ST_5400_47,0.00186934040314318
cauldron_ln_17175,0.7756705625092052
cauldron_ln_27901,0.7375548222399221
mix_UI_ST_5400_54,0.002574875677117471
mix_SI_UT_5400_1130,0.0015831420656183843
cauldron_ln_10232,0.767683383820357
cauldron_ln_11586,0.7253086778512303
mix_SI_UT_5400_12,0.0017904392016079374
cauldron_ln_4885,0.7534537571524239
cauldron_ln_25377,0.7779329019995859
mix_UI_ST_5400_498,0.002758741669723615
cauldron_ln_9821,0.7497188728585878
cauldron_ln_2475,0.778185011072631
cauldron_ln_10469,0.7720030662498832
cauldron_ln_26085,0.6021315406588705
mix_UI_ST_5400_402,0.002066293590826738
mix_UI_ST_5400_105,0.0021306632844658164
mix_SI_UT_5400_82,0.001582966508880374
cauldron_ln_18661,0.7990870311288364
mix_UI_ST_5400_798,0.003007174933043918
mix_UI_ST_5400_1339,0.002473816251394729
mix_UI_ST_5400_145,0.002263055741314705
cauldron_ln_29522,0.650562054243128
mix_UI_ST_5400_1156,0.0016844400776341675
mix_SI_UT_5400_534,0.002264620817337082
mix_SI_UT_5400_720,0.0023783784363463766
mix_SI_UT_5400_835,0.0017290125278904933
cauldron_ln_24137,0.7655529496984952
cauldron_ln_18578,0.6868760103615626
mix_SI_UT_5400_479,0.0011328385729077774
mix_UI_ST_5400_82,0.0016179467900747642
mix_UI_ST_5400_232,0.0019023875674108212
mix_SI_UT_5400_185,0.0014051530477611944
cauldron_ln_22354,0.7776463015956705
cauldron_ln_27299,0.5353558761781959
mix_SI_UT_5400_517,0.001463571652900322
cauldron_ln_16637,0.6413620849740552
mix_UI_ST_5400_165,0.0023275254577136335
mix_SI_UT_5400_379,0.003232160039818799
mix_UI_ST_5400_887,0.0016635119055920698
mix_SI_UT_5400_1207,0.002497513926296547
cauldron_ln_4243,0.7394225047151196
mix_UI_ST_5400_280,0.002007329422161839
mix_SI_UT_5400_62,0.0015011328959871697
mix_SI_UT_5400_803,0.002809329994728065
cauldron_ln_11317,0.7410291940180906
cauldron_ln_882,0.5300225915887162
cauldron_ln_18528,0.7513997103209463
cauldron_ln_14134,0.7236317426220348
mix_UI_ST_5400_249,0.0012589533844867423
cauldron_ln_501,0.7518004666815695
cauldron_ln_16919,0.5315766737261929
mix_UI_ST_5400_275,0.0013696130959198868
mix_SI_UT_5400_259,0.0021890751092305447
cauldron_ln_10414,0.8034642049903215
mix_SI_UT_5400_135,0.0025406521501513124
cauldron_ln_23891,0.7737394717614495
cauldron_ln_12781,0.7442154972675922
cauldron_ln_27869,0.6840002077721893
cauldron_ln_24381,0.7426685758832022
cauldron_ln_12780,0.7296151855482335
cauldron_ln_18038,0.6965938813401845
mix_UI_ST_5400_262,0.002038814222191225
cauldron_ln_11847,0.732512014545977
cauldron_ln_11836,0.7899206926758331
cauldron_ln_11169,0.7859498800376962
cauldron_ln_21971,0.7052926315454154
cauldron_ln_19829,0.6978357280060042
mix_UI_ST_5400_244,0.0016196309398854468
mix_SI_UT_5400_1200,0.002291455061076222
cauldron_ln_24272,0.7897021625131658
mix_UI_ST_5400_426,0.002207038172531187
mix_UI_ST_5400_570,0.0022121058101680453
mix_SI_UT_5400_368,0.001846437013469573
cauldron_ln_24774,0.8030346999414129
cauldron_ln_12521,0.5254205285912152
cauldron_ln_858,0.719667499417993
cauldron_ln_11780,0.7833239200237906
cauldron_ln_12304,0.6731571600176816
cauldron_ln_5062,0.7368701726610924
mix_UI_ST_5400_1217,0.0026417759502986543
mix_UI_ST_5400_803,0.0020594319854400733
cauldron_ln_7069,0.7966207013792005
mix_SI_UT_5400_941,0.0026165981153938784
mix_SI_UT_5400_1013,0.0018024426187918184
cauldron_ln_25063,0.7599938484839313
cauldron_ln_23458,0.7357193674178468
cauldron_ln_12346,0.777673505211103
mix_SI_UT_5400_1428,0.0016336304896193137
mix_UI_ST_5400_991,0.0022080864099466957
cauldron_ln_23973,0.7384239448403473
mix_SI_UT_5400_814,0.001161017897687213
cauldron_ln_9442,0.6795670626092577
cauldron_ln_29044,0.5488121560121135
mix_SI_UT_5400_668,0.0011916504640612938
cauldron_ln_28573,0.7002717104676928
cauldron_ln_10839,0.7288649985831743
cauldron_ln_234,0.6428004311882068
cauldron_ln_14738,0.6955401961317488
mix_UI_ST_5400_1033,0.002755565595025362
cauldron_ln_15645,0.680391578384004
cauldron_ln_9430,0.7738079583311469
mix_UI_ST_5400_433,0.0019020992698699235
cauldron_ln_13414,0.7458144334807091
mix_UI_ST_5400_1453,0.0020443778937334492
cauldron_ln_1336,0.7256544455441657
mix_SI_UT_5400_115,0.0021634426217290105
mix_SI_UT_5400_754,0.0013533743821935932
mix_SI_UT_5400_1172,0.00219151905012002
cauldron_ln_381,0.6873524746621917
cauldron_ln_4175,0.7415452397589863
mix_UI_ST_5400_424,0.0016956054156734872
cauldron_ln_27310,0.6183970684017817
mix_UI_ST_5400_701,0.0018569264695962812
cauldron_ln_29200,0.7579847881614002
cauldron_ln_13571,0.677158569486752
mix_UI_ST_5400_1111,0.0025084006609803326
mix_UI_ST_5400_425,0.001532991233081914
cauldron_ln_11832,0.7910162018956322
cauldron_ln_253,0.6786303823086408
cauldron_ln_2261,0.6476790257805509
mix_UI_ST_5400_1324,0.002050333752489023
cauldron_ln_24226,0.5566938419683014
mix_SI_UT_5400_1144,0.002188633654553294
mix_UI_ST_5400_592,0.0030470826976765142
cauldron_ln_15446,0.7737283319840976
cauldron_ln_13905,0.776157004382943
mix_SI_UT_5400_383,0.0010372727280382429
cauldron_ln_1188,0.5729566341215824
mix_SI_UT_5400_879,0.0017477982635829602
cauldron_ln_15180,0.6663484994859383
cauldron_ln_7912,0.7798948313776324
cauldron_ln_6005,0.7960660428497844
mix_SI_UT_5400_617,0.0015402836988856173
cauldron_ln_17731,0.7180852321440472
cauldron_ln_14600,0.7339667984926879
cauldron_ln_18804,0.7149614807162578
mix_SI_UT_5400_1481,0.001553141737906428
cauldron_ln_2384,0.6037727361787991
mix_UI_ST_5400_1275,0.0029281853242969593
mix_UI_ST_5400_1280,0.0018262520103297889
cauldron_ln_2864,0.5734094396582178
mix_UI_ST_5400_458,0.0018621896911103347
cauldron_ln_23437,0.6773846048821264
mix_SI_UT_5400_675,0.0019940572756640945
cauldron_ln_8005,0.7558871277622097
cauldron_ln_14689,0.8073919169865504
cauldron_ln_1264,0.6962937402234938
cauldron_ln_5624,0.6253317329569703
mix_SI_UT_5400_1098,0.0034734019010046096
cauldron_ln_10737,0.7553981722188419
mix_SI_UT_5400_602,0.0013096143540748438
mix_SI_UT_5400_1118,0.0019675913575984984
mix_UI_ST_5400_571,0.0019998753329653843
cauldron_ln_782,0.7794158967808128
mix_SI_UT_5400_683,0.001709685941558564
mix_UI_ST_5400_845,0.0015242810919562266
cauldron_ln_9467,0.825656525331082
mix_SI_UT_5400_586,0.0013553789647613023
cauldron_ln_18317,0.6942425013119412
mix_UI_ST_5400_603,0.0018444494517147
cauldron_ln_10364,0.7069696180348295
cauldron_ln_21951,0.8050814255881904
cauldron_ln_6832,0.7194563445215572
cauldron_ln_22126,0.6700532081174762
mix_UI_ST_5400_859,0.0013313324582987817
mix_SI_UT_5400_65,0.002198483928674513
cauldron_ln_28308,0.742127620960043
cauldron_ln_16945,0.6560797133632728
cauldron_ln_22718,0.7059644864257445
cauldron_ln_9608,0.7232190602440834
cauldron_ln_23386,0.7609822999314927
mix_UI_ST_5400_184,0.0025524378245415738
cauldron_ln_25880,0.7838398895494884
mix_UI_ST_5400_1297,0.0022012297416202807
cauldron_ln_7957,0.6764115311539883
mix_UI_ST_5400_18,0.0013969901437104922
mix_SI_UT_5400_1324,0.0018883085862825438
cauldron_ln_26789,0.7203535777856928
cauldron_ln_12315,0.7844617510532103
cauldron_ln_3659,0.7554612790914789
mix_UI_ST_5400_958,0.001954933913767844
mix_SI_UT_5400_975,0.00229385321432097
cauldron_ln_11223,0.8056973330510024
cauldron_ln_19762,0.738632167736271
mix_UI_ST_5400_118,0.0018797191703959636
mix_UI_ST_5400_1012,0.0012564161912932506
cauldron_ln_14800,0.7390882963757706
mix_UI_ST_5400_1209,0.0023634453595920285
mix_SI_UT_5400_550,0.002631085843789115
cauldron_ln_20840,0.6904713689481002
cauldron_ln_23550,0.7041583718309046
mix_SI_UT_5400_692,0.0016407623144735627
cauldron_ln_23578,0.7009881014658216
mix_SI_UT_5400_98,0.001251308348876537
mix_UI_ST_5400_282,0.0021731085339049263
mix_SI_UT_5400_999,0.0016047816747616652
mix_UI_ST_5400_1386,0.0017613868347493538
cauldron_ln_19738,0.7951551939652198
cauldron_ln_10862,0.7613263764668665
mix_UI_ST_5400_127,0.0027148263199110946
cauldron_ln_18648,0.8064576079264486
cauldron_ln_21046,0.6811539219396644
mix_SI_UT_5400_363,0.002752328331013644
cauldron_ln_24064,0.827383875863286
mix_UI_ST_5400_1001,0.0016376484221076993
mix_SI_UT_5400_160,0.0025852696605354318
cauldron_ln_10663,0.6027225751474274
cauldron_ln_24796,0.6865699423862203
mix_UI_ST_5400_187,0.0024313218525945017
mix_SI_UT_5400_496,0.0016189095970798176
mix_SI_UT_5400_407,0.0019714382872768306
mix_UI_ST_5400_404,0.0017682248147254409
cauldron_ln_15959,0.6705995906664718
cauldron_ln_6649,0.6069877709721142
cauldron_ln_3549,0.7259174946564482
cauldron_ln_1293,0.6128898731288289
mix_UI_ST_5400_831,0.0034869150258849927
cauldron_ln_7631,0.6310210583849617
cauldron_ln_19177,0.7770452071591354
mix_SI_UT_5400_994,0.002614162591585008
mix_UI_ST_5400_939,0.001837605698138255
mix_SI_UT_5400_689,0.0016850586189847737
cauldron_ln_9724,0.7984337985204112
cauldron_ln_23057,0.672574464082199
cauldron_ln_10321,0.7942128824055696
mix_SI_UT_5400_696,0.0018597082887601192
cauldron_ln_29500,0.7324864242665948
cauldron_ln_19512,0.5968139987964156
mix_SI_UT_5400_350,0.002125532730636306
cauldron_ln_1469,0.6398653280704567
mix_UI_ST_5400_200,0.0016338153834223356
mix_SI_UT_5400_95,0.0016215771362714719
cauldron_ln_19981,0.7786113698127591
mix_UI_ST_5400_1411,0.0015131783650947981
cauldron_ln_408,0.6744478987798835
cauldron_ln_28898,0.7331525197208296
mix_SI_UT_5400_724,0.0017328573824140334
mix_SI_UT_5400_639,0.002549259006580653
mix_UI_ST_5400_631,0.0018660014321836976
mix_UI_ST_5400_377,0.00148363996709042
cauldron_ln_27294,0.6166160596621749
mix_SI_UT_5400_143,0.002158963963239471
cauldron_ln_24813,0.780377252809845
mix_UI_ST_5400_641,0.0021578933487912066
mix_UI_ST_5400_9,0.0025625681609274475
cauldron_ln_11173,0.801293251369524
cauldron_ln_17417,0.5790756736082298
mix_UI_ST_5400_225,0.001279803703425096
mix_SI_UT_5400_523,0.001937289214512211
cauldron_ln_28689,0.7938880021408479
mix_UI_ST_5400_289,0.0025298848528572523
cauldron_ln_13302,0.7670626007050482
cauldron_ln_24045,0.6746404025600168
cauldron_ln_15030,0.8177919561744661
mix_SI_UT_5400_932,0.0017536284359533341
mix_UI_ST_5400_1036,0.002259440942090063
cauldron_ln_25474,0.6082480448634986
cauldron_ln_19242,0.7372812785474752
mix_UI_ST_5400_1356,0.0018220557248310573
cauldron_ln_18842,0.6646110199129425
mix_UI_ST_5400_810,0.0016653674245232174
mix_SI_UT_5400_1192,0.0014751798220917678
cauldron_ln_15190,0.6379080970905395
mix_UI_ST_5400_190,0.002237561528593265
cauldron_ln_7913,0.7408472987338529
mix_SI_UT_5400_1423,0.0017790878076424062
cauldron_ln_5862,0.7031410247722129
cauldron_ln_11295,0.7377354701314077
mix_SI_UT_5400_11,0.001623118176672097
cauldron_ln_8670,0.759356502317408
cauldron_ln_2090,0.7257096626510251
cauldron_ln_6659,0.7513924048927259
mix_UI_ST_5400_57,0.0026102458675020626
cauldron_ln_25926,0.7094616730700931
cauldron_ln_15974,0.8068747235039668
mix_SI_UT_5400_22,0.0019067853471326157
cauldron_ln_21956,0.6734361871368713
cauldron_ln_22029,0.7609826344779362
cauldron_ln_1276,0.7164838750570972
mix_UI_ST_5400_1171,0.00259987510242028
cauldron_ln_27456,0.7755801518944597
mix_SI_UT_5400_891,0.002042213210383188
cauldron_ln_22474,0.6762848415607555
cauldron_ln_23939,0.5931596960304504
mix_UI_ST_5400_795,0.0017890013788456687
cauldron_ln_24077,0.6176092600686729
cauldron_ln_11910,0.6656117074747574
cauldron_ln_22225,0.7455074740244879
cauldron_ln_6936,0.7512832353752196
mix_UI_ST_5400_604,0.0018122978510537726
cauldron_ln_20698,0.7638235962437658
mix_UI_ST_5400_1263,0.0019770102871767255
cauldron_ln_26056,0.7400808093744325
cauldron_ln_18112,0.8190525908179844
cauldron_ln_998,0.6253326691028942
cauldron_ln_14833,0.5663914449541508
cauldron_ln_17237,0.6882520068331632
mix_UI_ST_5400_231,0.0021574941748511707
mix_SI_UT_5400_601,0.0017816886407474592
cauldron_ln_6138,0.7351711087685441
mix_SI_UT_5400_291,0.0014839073497464187
mix_SI_UT_5400_514,0.002051231482034143
cauldron_ln_10250,0.5868256076571232
mix_UI_ST_5400_1212,0.002069693612352189
cauldron_ln_17851,0.7568874905959526
mix_SI_UT_5400_305,0.0018731926542402072
mix_UI_ST_5400_1227,0.0018848282118314851
cauldron_ln_14348,0.6333815732782692
mix_SI_UT_5400_846,0.002385454680953424
mix_UI_ST_5400_672,0.0028775248475338177
mix_SI_UT_5400_1113,0.002886511546473181
mix_SI_UT_5400_539,0.0016747972128466706
mix_UI_ST_5400_543,0.0022506442028742916
mix_SI_UT_5400_875,0.0022333861217002124
cauldron_ln_29643,0.7241083741531746
mix_SI_UT_5400_765,0.0022296843667977493
mix_SI_UT_5400_584,0.0017047118442564272
cauldron_ln_8539,0.6855844652663422
mix_SI_UT_5400_456,0.0021448991622479542
mix_UI_ST_5400_666,0.001395352584047738
mix_UI_ST_5400_286,0.0019609193923713015
mix_UI_ST_5400_663,0.0011199696651343423
cauldron_ln_14523,0.7607483268359927
cauldron_ln_16505,0.7313955284084883
mix_UI_ST_5400_182,0.0019123985770533687
cauldron_ln_29683,0.5610030778207813
cauldron_ln_23143,0.7890304984973304
cauldron_ln_16564,0.7493809821577465
cauldron_ln_16142,0.6926640154061036
cauldron_ln_20435,0.7563123085776817
mix_UI_ST_5400_438,0.002162216045197572
mix_UI_ST_5400_1465,0.002195167845754556
mix_SI_UT_5400_53,0.0018105888276099933
mix_SI_UT_5400_476,0.0012490508484114154
cauldron_ln_21716,0.7939841112703785
mix_UI_ST_5400_330,0.0018139327974212426
cauldron_ln_15851,0.67467817916736
cauldron_ln_17600,0.6950603685668121
cauldron_ln_10167,0.7082169176009451
cauldron_ln_10237,0.7276632609738358
cauldron_ln_29619,0.682440063942773
mix_UI_ST_5400_1139,0.0021395220526349034
mix_SI_UT_5400_1380,0.002339805410865675
mix_SI_UT_5400_1177,0.0014229666506279414
cauldron_ln_5002,0.6944471272011369
cauldron_ln_22262,0.7791185318124083
cauldron_ln_26489,0.7356794879919558
mix_SI_UT_5400_1426,0.0020852755128605723
mix_UI_ST_5400_1288,0.001455621965121671
cauldron_ln_2508,0.7800909414607253
mix_UI_ST_5400_448,0.002173529347556776
cauldron_ln_14426,0.6602690457840282
cauldron_ln_16971,0.531433271869556
cauldron_ln_5519,0.8173300588361281
cauldron_ln_9418,0.8162652405411384
cauldron_ln_13091,0.5198230808308643
cauldron_ln_14406,0.7366809212844238
mix_UI_ST_5400_750,0.0013889908213160851
cauldron_ln_240,0.711358994739064
cauldron_ln_1610,0.710863913887569
mix_UI_ST_5400_670,0.0020163700648781957
mix_UI_ST_5400_315,0.002174113222142672
cauldron_ln_29830,0.668609198909328
mix_SI_UT_5400_1120,0.001448336660143414
mix_SI_UT_5400_718,0.002017241478629507
mix_SI_UT_5400_435,0.0022066298005854693
mix_SI_UT_5400_171,0.0019325462065035014
cauldron_ln_16878,0.7207913104111621
mix_SI_UT_5400_1288,0.002602163035553802
cauldron_ln_24518,0.6737757097785265
mix_SI_UT_5400_151,0.0025535801625785376
cauldron_ln_12839,0.7673086677072055
cauldron_ln_12600,0.7344274567967922
cauldron_ln_16593,0.6206824977577031
mix_UI_ST_5400_412,0.0024114070968251655
cauldron_ln_14539,0.8570253946488082
cauldron_ln_12908,0.7804651356831329
cauldron_ln_16152,0.786290672924667
cauldron_ln_19101,0.6715610000180297
cauldron_ln_6309,0.6673390335396872
cauldron_ln_7531,0.845725739308643
cauldron_ln_15199,0.570190074417812
mix_SI_UT_5400_1088,0.0015410133076494306
mix_UI_ST_5400_124,0.0026274675861297377
mix_SI_UT_5400_637,0.0016117100995329955
mix_UI_ST_5400_530,0.001746394580138343
mix_SI_UT_5400_1230,0.003201329021489398
mix_UI_ST_5400_1361,0.0023396155550881145
mix_UI_ST_5400_1228,0.001945038215077217
mix_UI_ST_5400_544,0.0021876501375756112
cauldron_ln_12631,0.6212813984534131
mix_UI_ST_5400_1174,0.00223987973643399
mix_UI_ST_5400_1433,0.0018161536676884952
mix_UI_ST_5400_390,0.001599750810163116
mix_UI_ST_5400_848,0.002614419660074776
cauldron_ln_6134,0.6860681137364888
mix_UI_ST_5400_850,0.0027106664675702065
mix_SI_UT_5400_783,0.0021024814587250924
mix_SI_UT_5400_209,0.0012765499288388495
cauldron_ln_24332,0.6906897902125574
mix_UI_ST_5400_1438,0.0013752492212599386
mix_UI_ST_5400_1041,0.0014951415294414236
mix_SI_UT_5400_290,0.001810236332793769
cauldron_ln_25639,0.6674210547269381
mix_UI_ST_5400_1468,0.003290368725564703
mix_UI_ST_5400_665,0.002137975020296788
mix_UI_ST_5400_566,0.0019499430771431755
mix_UI_ST_5400_1281,0.002170964264061926
mix_SI_UT_5400_159,0.0014358866873026568
cauldron_ln_1423,0.8208352001730966
cauldron_ln_18969,0.5979096445472334
mix_SI_UT_5400_1218,0.0017898874186465085
cauldron_ln_12297,0.6228034614155585
cauldron_ln_3945,0.6016079719427267
cauldron_ln_8030,0.8057517167584716
mix_UI_ST_5400_580,0.001954482829324752
mix_UI_ST_5400_235,0.002131879406538082
cauldron_ln_14083,0.7978410710356737
mix_UI_ST_5400_42,0.0031580017290554316
cauldron_ln_14162,0.7753229308781977
mix_UI_ST_5400_1062,0.0022788730692397435
mix_UI_ST_5400_645,0.0015265502178630221
cauldron_ln_16338,0.7383864041025673
mix_UI_ST_5400_738,0.001793136808271824
mix_SI_UT_5400_1493,0.0027726136894283765
cauldron_ln_2951,0.7544509314094832
mix_UI_ST_5400_519,0.001270943858205358
cauldron_ln_20137,0.7063510623980673
mix_SI_UT_5400_910,0.0015039103192756673
cauldron_ln_24018,0.7315059585347689
cauldron_ln_14716,0.7616844757215613
mix_UI_ST_5400_120,0.0015053325386841607
cauldron_ln_996,0.5948001653707007
cauldron_ln_17297,0.7399438997080969
cauldron_ln_7501,0.6839264172999063
mix_SI_UT_5400_805,0.0012486254602520432
mix_SI_UT_5400_108,0.0016627936045171547
mix_SI_UT_5400_367,0.0018419159689815757
mix_SI_UT_5400_939,0.001171321087695771
cauldron_ln_8124,0.6101970898752328
cauldron_ln_4558,0.7344698945577433
mix_UI_ST_5400_789,0.002115583029262972
cauldron_ln_7869,0.6154759217902931
cauldron_ln_25700,0.6580086679286128
cauldron_ln_19547,0.6883339301000115
mix_SI_UT_5400_43,0.0014130247669633302
cauldron_ln_24786,0.7459176878889314
cauldron_ln_23928,0.5749694782975674
mix_SI_UT_5400_687,0.0016247338160421923
cauldron_ln_22802,0.5914465690711842
mix_SI_UT_5400_740,0.0015041458582161866
mix_SI_UT_5400_162,0.0016482025175742357
mix_UI_ST_5400_213,0.0022635143117757436
cauldron_ln_1853,0.705892809352028
mix_SI_UT_5400_446,0.002759724730663175
cauldron_ln_14026,0.7687222905012296
mix_UI_ST_5400_1260,0.0014497089184748893
cauldron_ln_21653,0.7064885654994495
mix_SI_UT_5400_508,0.002236464078712457
mix_SI_UT_5400_532,0.0022800540024436287
cauldron_ln_16789,0.7633643994646231
mix_UI_ST_5400_856,0.001988134492296443
mix_UI_ST_5400_1034,0.004042066280312494
cauldron_ln_11205,0.6197508725437905
mix_UI_ST_5400_562,0.0024481307928175553
mix_UI_ST_5400_1261,0.0023972806101407998
mix_SI_UT_5400_962,0.0023268616432467774
mix_UI_ST_5400_478,0.0016362547036203343
mix_SI_UT_5400_99,0.002029642101943787
cauldron_ln_12588,0.6995668247118968
mix_UI_ST_5400_143,0.0013706714939484758
mix_UI_ST_5400_108,0.0018595525450324955
mix_UI_ST_5400_201,0.002800612853683275
mix_UI_ST_5400_934,0.0022029951570232843
cauldron_ln_24658,0.6931612816664231
cauldron_ln_4606,0.7606603169696612
cauldron_ln_4370,0.5715756028084601
cauldron_ln_15212,0.7229767530841364
mix_SI_UT_5400_273,0.0017539706948726413
mix_SI_UT_5400_1282,0.001350820446889341
mix_SI_UT_5400_1461,0.002123086577108155
cauldron_ln_4611,0.6924679838147406
cauldron_ln_148,0.5943052170982895
mix_UI_ST_5400_171,0.0012718515644832124
cauldron_ln_29330,0.7519710633387993
mix_SI_UT_5400_1444,0.0030107452255302546
cauldron_ln_15849,0.7785620176751629
mix_SI_UT_5400_1079,0.0022379342200809418
cauldron_ln_27996,0.7153865505751857
mix_UI_ST_5400_1328,0.002515727741745358
cauldron_ln_308,0.5981075667712098
cauldron_ln_1385,0.6685695877501726
cauldron_ln_13559,0.8031469967930029
cauldron_ln_24016,0.693194466793673
mix_SI_UT_5400_1437,0.0012255051414828506
mix_SI_UT_5400_1417,0.0014849799083774201
mix_UI_ST_5400_608,0.0017115875694678198
cauldron_ln_26962,0.7152500230066928
mix_UI_ST_5400_1431,0.001674864056034981
cauldron_ln_4251,0.46658906637862174
cauldron_ln_7620,0.6410697162913929
mix_UI_ST_5400_866,0.0010855689514750711
cauldron_ln_28642,0.686056611160547
cauldron_ln_4319,0.6007152470883248
mix_SI_UT_5400_747,0.0015714340349442133
mix_UI_ST_5400_976,0.0019055046642948317
cauldron_ln_20184,0.7230496198419717
mix_SI_UT_5400_769,0.001565623251443337
mix_SI_UT_5400_1338,0.0017093949318164818
cauldron_ln_1588,0.666678268539365
mix_UI_ST_5400_1416,0.0023641276410426913
cauldron_ln_9076,0.756931625573132
cauldron_ln_21341,0.8099869808957513
mix_UI_ST_5400_1172,0.0025982832297204495
mix_SI_UT_5400_443,0.0019964229158004627
cauldron_ln_17500,0.6695852229604708
cauldron_ln_7511,0.7447423806695009
cauldron_ln_10086,0.7831285164770907
mix_UI_ST_5400_671,0.0015545908586663284
mix_SI_UT_5400_1413,0.00250933210354179
mix_SI_UT_5400_440,0.0013838549146379694
cauldron_ln_23100,0.7826344148569249
cauldron_ln_16900,0.656421055844517
mix_SI_UT_5400_1267,0.002327647060439979
mix_SI_UT_5400_555,0.0012354556280136408
cauldron_ln_26119,0.7429188967888755
mix_SI_UT_5400_196,0.0016169670416575196
mix_SI_UT_5400_0,0.0012552006490643823
cauldron_ln_18068,0.5952431494929713
mix_SI_UT_5400_1443,0.002168032115476521
mix_UI_ST_5400_910,0.0015704407398820755
mix_SI_UT_5400_930,0.0022709640489477676
cauldron_ln_5488,0.7780463097250379
cauldron_ln_4996,0.7667989297079666
mix_SI_UT_5400_1064,0.0025106493816932263
mix_UI_ST_5400_1446,0.0018296946295748968
mix_UI_ST_5400_1421,0.0018852900161257795
mix_SI_UT_5400_965,0.0021875246151838576
mix_UI_ST_5400_306,0.001669789289432662
cauldron_ln_26059,0.7533503836370248
cauldron_ln_21753,0.7140177516108115
cauldron_ln_29556,0.6918170519554873
cauldron_ln_23054,0.7230881230905218
cauldron_ln_3408,0.6868955688725727
cauldron_ln_23291,0.7270383579613221
cauldron_ln_8958,0.804635845117081
mix_SI_UT_5400_1345,0.0021481884696663827
cauldron_ln_3256,0.7528955170457559
mix_UI_ST_5400_595,0.0015852633947105637
cauldron_ln_25118,0.8194086503151214
cauldron_ln_15965,0.7456104118447728
mix_SI_UT_5400_321,0.0011091789141042332
cauldron_ln_12660,0.6643163486845823
cauldron_ln_27846,0.7317088577547053
cauldron_ln_25807,0.7824657568600307
mix_SI_UT_5400_1309,0.0017231533593956
cauldron_ln_17901,0.7698530605288183
cauldron_ln_29501,0.7719210560630453
mix_SI_UT_5400_911,0.0010686815959159508
cauldron_ln_595,0.721118127045047
cauldron_ln_3863,0.7327475950714208
mix_UI_ST_5400_914,0.002169781374036925
cauldron_ln_12357,0.6272065443458814
cauldron_ln_17390,0.7040253534952315
mix_SI_UT_5400_1195,0.002665123372251462
mix_UI_ST_5400_461,0.0024048712566735585
mix_SI_UT_5400_103,0.0023156487325860686
mix_UI_ST_5400_1222,0.0022044587097185928
mix_UI_ST_5400_17,0.0020733160332146766
cauldron_ln_3480,0.48781505062218955
mix_UI_ST_5400_842,0.002236641299805922
cauldron_ln_4383,0.6791014082576299
cauldron_ln_20799,0.7350105317583727
mix_UI_ST_5400_1387,0.0022496894687840563
mix_UI_ST_5400_483,0.0014425605483936647
mix_UI_ST_5400_1424,0.001998317555631369
mix_UI_ST_5400_392,0.0022951537498029765
mix_UI_ST_5400_1256,0.0020689370621089797
mix_SI_UT_5400_501,0.0020230294000137252
mix_UI_ST_5400_1477,0.0021389067878222656
mix_SI_UT_5400_31,0.0007885889312146753
mix_UI_ST_5400_36,0.0017755538827393124
mix_SI_UT_5400_1273,0.0010661524739421053
mix_SI_UT_5400_1482,0.0021525459970130013
cauldron_ln_21286,0.8078740063315021
mix_SI_UT_5400_998,0.002116417645532072
cauldron_ln_18816,0.7109293881343769
cauldron_ln_1133,0.6258064562715417
cauldron_ln_15388,0.7700353458963487
mix_SI_UT_5400_233,0.002011854105797811
cauldron_ln_14165,0.7248515038631557
mix_SI_UT_5400_360,0.0017920367635211132
cauldron_ln_18780,0.769362594180421
cauldron_ln_25942,0.8156238197237798
cauldron_ln_23565,0.6675939764774003
mix_UI_ST_5400_1388,0.003588027738802424
mix_UI_ST_5400_368,0.001968484323695842
cauldron_ln_14906,0.8158438298462186
mix_UI_ST_5400_474,0.00217944848095382
mix_SI_UT_5400_1270,0.0020807000047525356
mix_UI_ST_5400_925,0.0020468508863279097
mix_SI_UT_5400_120,0.0018245038022456854
mix_UI_ST_5400_253,0.001665301918742428
mix_SI_UT_5400_798,0.0016555473013800046
mix_UI_ST_5400_188,0.002696979992600687
cauldron_ln_20716,0.8231605942615613
mix_UI_ST_5400_755,0.0019619273013491596
mix_SI_UT_5400_1006,0.00238043143474153
mix_SI_UT_5400_1215,0.002597134767524943
cauldron_ln_26624,0.5266564884047406
cauldron_ln_209,0.6395097853470272
cauldron_ln_21636,0.6325720106500697
cauldron_ln_27646,0.7373188194388279
mix_UI_ST_5400_1058,0.002588509024226198
cauldron_ln_7404,0.823019968036276
mix_SI_UT_5400_725,0.0013047444363603416
cauldron_ln_29835,0.7717125606664388
mix_SI_UT_5400_89,0.002125879513091568
mix_UI_ST_5400_49,0.0017420204018119261
cauldron_ln_22002,0.7983334143456665
cauldron_ln_15013,0.7436414473828045
cauldron_ln_23439,0.7321702644307392
mix_UI_ST_5400_873,0.0019080249656232414
mix_UI_ST_5400_516,0.001930607702244284
cauldron_ln_8154,0.6101043230628583
mix_UI_ST_5400_81,0.002458047013437492
mix_SI_UT_5400_1203,0.0018337769095689083
cauldron_ln_27451,0.7470243426717004
mix_UI_ST_5400_1040,0.0026630542189807825
cauldron_ln_1404,0.5232451419569554
mix_UI_ST_5400_760,0.002564500262659816
mix_SI_UT_5400_96,0.0015026208918805907
cauldron_ln_13365,0.7658036290773393
mix_SI_UT_5400_224,0.002250506712435712
cauldron_ln_22626,0.7587362105800864
cauldron_ln_2408,0.7403513667105687
mix_SI_UT_5400_655,0.0013071507880733266
mix_SI_UT_5400_425,0.0022295072639909462
mix_SI_UT_5400_1321,0.0025306743945048876
mix_UI_ST_5400_955,0.0013510742163803857
cauldron_ln_5592,0.7105455112885062
mix_UI_ST_5400_128,0.001044650178016174
mix_SI_UT_5400_428,0.0019212439742166655
cauldron_ln_11037,0.7460018457418778
cauldron_ln_6711,0.719263570785896
mix_SI_UT_5400_80,0.00258203412653262
mix_UI_ST_5400_783,0.0019261702510550893
mix_UI_ST_5400_1120,0.0020908876433408633
mix_SI_UT_5400_680,0.0019757224817220013
mix_UI_ST_5400_62,0.0011737628326614325
cauldron_ln_18773,0.7544580370893955
cauldron_ln_12062,0.7778956227124795
cauldron_ln_2587,0.7324088258898345
cauldron_ln_8513,0.7635492547951835
cauldron_ln_23014,0.6563438995419564
cauldron_ln_3366,0.5647900887468602
mix_SI_UT_5400_71,0.0016268294232656953
mix_SI_UT_5400_1018,0.0016033745553329067
mix_UI_ST_5400_297,0.001966923734183831
cauldron_ln_10125,0.6002886552431625
cauldron_ln_13072,0.7740618722415736
cauldron_ln_6713,0.6211452757445174
cauldron_ln_17171,0.7040461280600643
mix_SI_UT_5400_1252,0.001634678903594068
mix_SI_UT_5400_266,0.0014822559424271262
mix_UI_ST_5400_1051,0.0016033620527157615
cauldron_ln_15015,0.7962338330161058
cauldron_ln_28632,0.7354470368551105
mix_SI_UT_5400_917,0.0015248580119790627
mix_SI_UT_5400_348,0.0020290075642677126
cauldron_ln_18641,0.6743927793694021
cauldron_ln_1759,0.613480227145772
mix_UI_ST_5400_684,0.0026236318135261514
cauldron_ln_17447,0.7208731340446378
cauldron_ln_8751,0.6975367166197245
mix_UI_ST_5400_394,0.00101626564646253
mix_UI_ST_5400_301,0.0030107619231941043
mix_SI_UT_5400_73,0.0018370943671422967
cauldron_ln_9351,0.7245666984910325
cauldron_ln_16813,0.7374252838600881
mix_SI_UT_5400_682,0.0024873254060736216
cauldron_ln_28248,0.6066919974624293
cauldron_ln_27142,0.7524832633964352
mix_SI_UT_5400_1429,0.002887829378538189
mix_SI_UT_5400_374,0.0018262683824333114
cauldron_ln_16067,0.6460908926144084
cauldron_ln_13320,0.6847231447298279
mix_SI_UT_5400_280,0.00217781205326619
cauldron_ln_7749,0.5423162990359054
mix_SI_UT_5400_13,0.0012617276603707048
mix_SI_UT_5400_173,0.0016189750320960478
cauldron_ln_8325,0.8224717018175008
cauldron_ln_6180,0.7086648963890984
mix_UI_ST_5400_764,0.002434057654289913
cauldron_ln_22690,0.7126933352938187
cauldron_ln_18143,0.794202473341646
mix_UI_ST_5400_291,0.001905783516198059
cauldron_ln_26253,0.6309217826645065
cauldron_ln_16210,0.8184991177154902
cauldron_ln_17795,0.7842500141837861
mix_UI_ST_5400_443,0.0015534429093236226
mix_UI_ST_5400_1089,0.0020744092624191204
cauldron_ln_28264,0.7314995754291655
mix_UI_ST_5400_908,0.0018770042885053696
mix_SI_UT_5400_945,0.0021285308512220594
mix_UI_ST_5400_227,0.0012321778530115092
mix_SI_UT_5400_1148,0.00195924361014111
mix_UI_ST_5400_1185,0.0025030644492349385
mix_UI_ST_5400_1247,0.0035334883296063305
cauldron_ln_3906,0.7345338213958587
mix_SI_UT_5400_1313,0.001725701178336921
cauldron_ln_9806,0.5586718105589017
mix_UI_ST_5400_1454,0.0019134914212507045
mix_SI_UT_5400_1415,0.0017345146607322648
mix_UI_ST_5400_993,0.0024286754653166723
mix_UI_ST_5400_369,0.0011720489474596999
mix_SI_UT_5400_742,0.0019709894456858904
mix_UI_ST_5400_965,0.002070208928557004
mix_SI_UT_5400_1159,0.002293643520972935
cauldron_ln_29559,0.4448303232031594
mix_SI_UT_5400_888,0.002451743799335244
mix_SI_UT_5400_855,0.001898556490175252
cauldron_ln_13165,0.781123191795704
cauldron_ln_24218,0.7105659077330505
mix_SI_UT_5400_1414,0.0014901069341835592
cauldron_ln_8928,0.6955057001295064
mix_SI_UT_5400_650,0.0016442587136670007
mix_UI_ST_5400_1271,0.0019023185961107053
mix_SI_UT_5400_1316,0.0021733992350967063
mix_UI_ST_5400_661,0.002185627493012802
mix_UI_ST_5400_978,0.0019813068924145936
mix_SI_UT_5400_417,0.0016664294257960088
cauldron_ln_23135,0.5943483219676986
mix_UI_ST_5400_398,0.0023281247939984226
cauldron_ln_8244,0.7963293387580765
mix_SI_UT_5400_1347,0.0023101004668756937
cauldron_ln_23130,0.7586462014590843
mix_UI_ST_5400_1358,0.0020920947502627526
mix_SI_UT_5400_871,0.001830073158295396
mix_SI_UT_5400_1164,0.00172466267811764
cauldron_ln_29887,0.8241085707723353
cauldron_ln_3388,0.7600484064695717
cauldron_ln_12944,0.6140602281926737
mix_UI_ST_5400_505,0.0010738232231229815
cauldron_ln_4161,0.8060720400147573
cauldron_ln_7445,0.6968216046916709
mix_UI_ST_5400_1391,0.002272290050665843
mix_SI_UT_5400_1354,0.0018758471222590255
mix_UI_ST_5400_155,0.0020078089331126065
cauldron_ln_17399,0.6815501149045322
cauldron_ln_6777,0.6569421216789533
cauldron_ln_3869,0.7663873679192287
mix_SI_UT_5400_632,0.002051672173426236
mix_SI_UT_5400_944,0.001849294818864148
mix_SI_UT_5400_1109,0.0023174253538692244
mix_UI_ST_5400_960,0.0014460223021835487
mix_SI_UT_5400_710,0.0016381631120494363
cauldron_ln_18378,0.7226820187459383
cauldron_ln_13816,0.6941326245530842
cauldron_ln_21654,0.7944724606967818
cauldron_ln_14213,0.7297691245382357
cauldron_ln_16706,0.8083508301812816
cauldron_ln_18622,0.764945673069248
cauldron_ln_22995,0.6300044448784664
cauldron_ln_6518,0.788797022803163
mix_UI_ST_5400_1352,0.002006206958617555
mix_UI_ST_5400_586,0.001832887888250203
mix_UI_ST_5400_700,0.0020837848394071046
cauldron_ln_17240,0.5461004879190771
cauldron_ln_27730,0.7109723596805934
mix_UI_ST_5400_508,0.0021453598265285785
cauldron_ln_11336,0.6869628774686034
mix_UI_ST_5400_1380,0.0010759367875702033
cauldron_ln_26964,0.7847329912524278
cauldron_ln_15771,0.7629616948785861
mix_UI_ST_5400_635,0.002445299930152482
cauldron_ln_15546,0.6698799270111959
cauldron_ln_14366,0.7180714538495753
cauldron_ln_25571,0.7090511249825581
cauldron_ln_9580,0.5501228745108796
cauldron_ln_1147,0.6525096856947101
cauldron_ln_11375,0.7741256633676243
cauldron_ln_20179,0.6765590775760624
mix_SI_UT_5400_540,0.001776890121958993
mix_UI_ST_5400_98,0.0015683417885914946
mix_SI_UT_5400_826,0.0009840940427708143
mix_UI_ST_5400_1126,0.0015360844559675845
cauldron_ln_22598,0.6682577482069728
mix_SI_UT_5400_1442,0.002847014840504984
mix_SI_UT_5400_1033,0.002719991404233775
mix_UI_ST_5400_1333,0.0022810481062525852
mix_UI_ST_5400_77,0.0014398613439817365
mix_UI_ST_5400_43,0.001627468921166748
mix_UI_ST_5400_1004,0.002968614970367724
mix_UI_ST_5400_563,0.0014992902315975833
cauldron_ln_3996,0.7588832156297987
cauldron_ln_24640,0.7709602500302509
cauldron_ln_19145,0.6537106690381568
mix_UI_ST_5400_11,0.0016998242093685802
cauldron_ln_26738,0.6057793916575831
mix_SI_UT_5400_373,0.002316084376927232
mix_SI_UT_5400_1320,0.0016656601104801496
mix_UI_ST_5400_56,0.0029790949222120904
mix_UI_ST_5400_1323,0.0013456131369327193
cauldron_ln_4946,0.7589041205254362
mix_SI_UT_5400_230,0.0013552705561361885
cauldron_ln_13563,0.7543572091593242
cauldron_ln_23479,0.7553648577252735
mix_UI_ST_5400_1283,0.0012515794658729375
cauldron_ln_28267,0.735134268863057
cauldron_ln_24420,0.42310205245539934
mix_SI_UT_5400_981,0.0014225811409278055
mix_SI_UT_5400_1396,0.0018161468944482182
cauldron_ln_27807,0.6968616092048104
cauldron_ln_22265,0.47131259651125523
cauldron_ln_21549,0.722587661415566
cauldron_ln_24567,0.6824386571627722
cauldron_ln_25451,0.8049461332259576
mix_SI_UT_5400_567,0.002142182038206272
mix_SI_UT_5400_311,0.0014091128939976042
mix_UI_ST_5400_376,0.0015391092847526916
mix_UI_ST_5400_1147,0.0018000350007557227
mix_SI_UT_5400_1167,0.002226827366242677
mix_UI_ST_5400_436,0.0020037343831040507
cauldron_ln_19527,0.7912182107621882
cauldron_ln_16475,0.7697613433736101
cauldron_ln_2730,0.7167921125794057
cauldron_ln_28871,0.7954658509159531
mix_UI_ST_5400_886,0.0015834337481464781
cauldron_ln_6014,0.7196176779466551
cauldron_ln_7530,0.6946220541129193
cauldron_ln_11799,0.812841542608298
cauldron_ln_12531,0.8153272915516173
cauldron_ln_23062,0.6095724893802025
mix_SI_UT_5400_1054,0.001662207792334595
cauldron_ln_6417,0.7798477107964705
mix_UI_ST_5400_1115,0.002205525408075716
cauldron_ln_17894,0.5669324982560356
mix_SI_UT_5400_1104,0.0023199145798901283
mix_UI_ST_5400_1418,0.0015736425050986691
mix_UI_ST_5400_945,0.0020248338440879182
cauldron_ln_15376,0.8039346626339474
mix_SI_UT_5400_851,0.0019218530414500045
cauldron_ln_4105,0.7709882186930878
mix_UI_ST_5400_138,0.0019539210384679827
cauldron_ln_14698,0.7250813736690742
cauldron_ln_6529,0.5773687471265272
cauldron_ln_7990,0.550798495743695
mix_SI_UT_5400_60,0.0024517398654111135
cauldron_ln_1645,0.7016858532367825
mix_UI_ST_5400_395,0.0023069541739390064
cauldron_ln_2487,0.7300740417278777
mix_SI_UT_5400_20,0.002434335005410781
cauldron_ln_12867,0.7243150463333974
mix_UI_ST_5400_711,0.0016347841045259953
cauldron_ln_12122,0.6945102299210775
cauldron_ln_16734,0.6682734488837315
mix_SI_UT_5400_207,0.0017642384792565836
cauldron_ln_5697,0.8180820936073452
cauldron_ln_3185,0.6885988939680501
mix_SI_UT_5400_388,0.002195793641174139
mix_UI_ST_5400_1002,0.0023238478975184263
mix_SI_UT_5400_927,0.00169544538110663
mix_SI_UT_5400_1221,0.0017540130832127663
cauldron_ln_3613,0.6591116008686361
cauldron_ln_5046,0.6230258866576888
cauldron_ln_22967,0.7308531961082525
cauldron_ln_3533,0.7407198785099721
cauldron_ln_15775,0.7220167225959478
cauldron_ln_6282,0.7711297009242696
mix_UI_ST_5400_1011,0.0017548404926422925
mix_SI_UT_5400_909,0.002012572634859609
cauldron_ln_10239,0.7125496347602398
mix_UI_ST_5400_896,0.0020166319128948245
mix_SI_UT_5400_529,0.0017461915000155045
mix_SI_UT_5400_454,0.002003751022263682
cauldron_ln_1868,0.7539231678132011
mix_SI_UT_5400_545,0.001636818717015996
cauldron_ln_17475,0.6906112267513441
mix_UI_ST_5400_1383,0.0018699789202142232
mix_SI_UT_5400_991,0.002031710304154334
mix_SI_UT_5400_274,0.0022273658464374286
cauldron_ln_14761,0.7958306048933675
mix_UI_ST_5400_449,0.001972677421888855
cauldron_ln_28224,0.7108853775086148
mix_SI_UT_5400_1152,0.002047986433702654
cauldron_ln_1267,0.7498057488311999
mix_UI_ST_5400_451,0.00242986612401628
mix_SI_UT_5400_1260,0.0018248195091171429
cauldron_ln_26791,0.6692204989813374
cauldron_ln_21868,0.7158824614017674
mix_UI_ST_5400_385,0.001803813127882321
mix_UI_ST_5400_1332,0.0018739862421371498
mix_UI_ST_5400_1080,0.001426636284680686
cauldron_ln_9876,0.8471633694484465
cauldron_ln_3389,0.6302114041676332
cauldron_ln_3419,0.6877300411985416
cauldron_ln_7377,0.7607219078393268
mix_SI_UT_5400_727,0.0022654772397256192
cauldron_ln_15394,0.635420491042961
cauldron_ln_6749,0.7763443893138543
mix_SI_UT_5400_1197,0.0015933195521742765
cauldron_ln_20334,0.7985669055870972
cauldron_ln_23163,0.7666717487094388
mix_UI_ST_5400_947,0.0022178283064125137
cauldron_ln_6764,0.6505320177788387
mix_UI_ST_5400_601,0.0014152932275134002
cauldron_ln_13822,0.7351671182033643
mix_SI_UT_5400_271,0.002127807442296376
cauldron_ln_445,0.7226506541922048
cauldron_ln_27272,0.7653613580178152
cauldron_ln_14965,0.6888751112062296
mix_UI_ST_5400_136,0.001810014059950601
mix_UI_ST_5400_123,0.001456177848582359
cauldron_ln_21529,0.7016809568880378
mix_UI_ST_5400_614,0.001737913991020627
cauldron_ln_14892,0.6847065261924228
mix_UI_ST_5400_34,0.0019647604020978002
cauldron_ln_12009,0.711813125709779
mix_UI_ST_5400_1472,0.002320326624499616
mix_SI_UT_5400_364,0.001594973054147557
cauldron_ln_15396,0.626534481885752
cauldron_ln_4362,0.7202670675071243
mix_UI_ST_5400_71,0.0012761753323304774
mix_UI_ST_5400_365,0.0010995802012642461
mix_SI_UT_5400_789,0.0020278771507495847
mix_UI_ST_5400_346,0.0014529987835117419
mix_SI_UT_5400_809,0.0022910164444381697
mix_UI_ST_5400_644,0.0019397673974933844
cauldron_ln_25862,0.824722391373997
cauldron_ln_11830,0.6356848187763549
cauldron_ln_21208,0.6778791407609915
mix_SI_UT_5400_1300,0.0018250351356604985
cauldron_ln_3110,0.4576187920452189
mix_SI_UT_5400_1058,0.001755812749619107
mix_SI_UT_5400_556,0.0013384510934379226
mix_UI_ST_5400_22,0.0014523210251424915
mix_SI_UT_5400_691,0.0030534712766245617
cauldron_ln_8414,0.5949339430794591
cauldron_ln_12572,0.7051639123472607
mix_SI_UT_5400_1032,0.002010493833618784
mix_SI_UT_5400_444,0.002173155556369161
mix_SI_UT_5400_1186,0.0024263316676577415
cauldron_ln_13048,0.6530064392656375
cauldron_ln_15964,0.7798184235168756
cauldron_ln_153,0.6421878474707605
mix_SI_UT_5400_1262,0.0026701064059437584
cauldron_ln_15623,0.8237973818212805
cauldron_ln_24285,0.6828952208887756
mix_UI_ST_5400_325,0.002042635583963767
cauldron_ln_28917,0.7013247436407234
cauldron_ln_29924,0.7271177793952796
mix_SI_UT_5400_474,0.0017608158552706885
cauldron_ln_925,0.6370129076158582
mix_SI_UT_5400_490,0.0039336971037299264
cauldron_ln_20811,0.7993215526993975
cauldron_ln_15907,0.7838363216487021
cauldron_ln_5986,0.6761292397243265
mix_SI_UT_5400_1361,0.002517345052473556
mix_SI_UT_5400_1029,0.00170359837050795
mix_SI_UT_5400_1147,0.0018053738223186646
mix_SI_UT_5400_729,0.0018781743461626958
mix_SI_UT_5400_267,0.0022638299613461444
mix_SI_UT_5400_1398,0.0022387149823873635
cauldron_ln_20681,0.6438352969948534
mix_SI_UT_5400_979,0.0008895171077915356
mix_SI_UT_5400_753,0.0017884105579939178
cauldron_ln_15815,0.7227947099381569
cauldron_ln_17140,0.8128526887420755
mix_SI_UT_5400_303,0.0026202130638441957
mix_SI_UT_5400_928,0.0024266324045152474
mix_UI_ST_5400_1153,0.0031344855990427965
cauldron_ln_27753,0.6970770105823612
cauldron_ln_21153,0.7478859758632678
mix_UI_ST_5400_393,0.0017219637538212278
mix_SI_UT_5400_1190,0.0025479478382515863
cauldron_ln_18592,0.7067518448565462
cauldron_ln_19629,0.7077431212070516
mix_UI_ST_5400_712,0.0017192008575774064
cauldron_ln_5853,0.551390311384775
mix_UI_ST_5400_503,0.003049324779550138
mix_UI_ST_5400_1188,0.00238204867689472
cauldron_ln_27931,0.6827571163620622
cauldron_ln_9883,0.7439548081462437
mix_UI_ST_5400_718,0.00161783027455418
mix_UI_ST_5400_1112,0.0031417253051548486
cauldron_ln_21807,0.7488049897175385
mix_SI_UT_5400_1400,0.0014843648981000793
cauldron_ln_18891,0.758127620536081
cauldron_ln_26788,0.6381315655755756
mix_SI_UT_5400_578,0.0017776200781056603
mix_UI_ST_5400_1372,0.0015277495472263627
mix_SI_UT_5400_631,0.002026455333816453
cauldron_ln_9334,0.8068359165182466
mix_SI_UT_5400_1371,0.0032536891934363725
cauldron_ln_3453,0.7656863071102554
cauldron_ln_4110,0.7304443963393946
cauldron_ln_19238,0.6743963328875885
cauldron_ln_20095,0.6603606327244571
cauldron_ln_9407,0.816380055692144
cauldron_ln_23229,0.6770229720954885
cauldron_ln_14042,0.6457199176771866
mix_UI_ST_5400_1123,0.0025127094301922157
mix_SI_UT_5400_721,0.0019535309913253527
mix_SI_UT_5400_1189,0.0020609162432240606
cauldron_ln_5979,0.6383588580042336
cauldron_ln_18314,0.7337479179598234
cauldron_ln_29373,0.6918549642662789
mix_SI_UT_5400_1322,0.001924264786426586
mix_UI_ST_5400_826,0.002106000717923287
mix_UI_ST_5400_506,0.001664450226272594
mix_SI_UT_5400_1465,0.0017092181052455072
mix_UI_ST_5400_799,0.002240665532990607
cauldron_ln_1033,0.7609791156673312
mix_SI_UT_5400_1454,0.0019434788904092984
cauldron_ln_16680,0.7484850631887667
mix_UI_ST_5400_1158,0.0012882679777045463
mix_UI_ST_5400_111,0.0021566098126892578
cauldron_ln_24909,0.7527562102536869
cauldron_ln_24503,0.6472903491126463
mix_SI_UT_5400_666,0.0015411022148333466
mix_UI_ST_5400_869,0.0018725149017167438
mix_UI_ST_5400_1186,0.003244183507624859
cauldron_ln_23459,0.6728184582004706
cauldron_ln_10632,0.6126182721312894
mix_SI_UT_5400_250,0.0015538455884603183
cauldron_ln_7509,0.7327264465791915
mix_UI_ST_5400_371,0.0019582309496088976
mix_SI_UT_5400_1092,0.0014446062205777349
mix_SI_UT_5400_1286,0.0021683326598132004
cauldron_ln_4117,0.8170402836875594
mix_SI_UT_5400_24,0.0014526145640692803
mix_SI_UT_5400_102,0.0018680828108943845
cauldron_ln_17,0.6849511159087491
cauldron_ln_26430,0.6433772743582548
mix_SI_UT_5400_575,0.00389627482306932
cauldron_ln_13979,0.5313526333906315
mix_SI_UT_5400_774,0.0017316553718467289
cauldron_ln_22954,0.5623583024577955
cauldron_ln_2880,0.7582040613789447
cauldron_ln_10776,0.7573617616912205
cauldron_ln_16517,0.6269805251885789
mix_SI_UT_5400_174,0.0020488180795188733
cauldron_ln_6622,0.7936586851452545
mix_UI_ST_5400_389,0.0017447726818601243
mix_SI_UT_5400_926,0.0012992416428410092
cauldron_ln_2001,0.5542994652194504
mix_UI_ST_5400_452,0.0016689809644123525
cauldron_ln_2026,0.6477662811089606
mix_SI_UT_5400_950,0.001867116162259895
mix_UI_ST_5400_269,0.0014260670801649446
cauldron_ln_14830,0.7636184619301045
mix_SI_UT_5400_1367,0.002502052780406474
mix_SI_UT_5400_239,0.0020666441933404616
cauldron_ln_23040,0.6995743891850189
mix_UI_ST_5400_773,0.0020757062584024766
mix_UI_ST_5400_333,0.002550848451809003
mix_UI_ST_5400_342,0.001630352445222108
mix_UI_ST_5400_745,0.0018175055454071286
mix_UI_ST_5400_439,0.0020137133432332937
cauldron_ln_8752,0.7536584322840599
mix_UI_ST_5400_75,0.0023801032285973556
mix_SI_UT_5400_566,0.0018650680731364395
mix_UI_ST_5400_522,0.001329164002346817
cauldron_ln_25813,0.7377552355466617
mix_SI_UT_5400_334,0.002177773323096285
cauldron_ln_16716,0.6437901912879225
mix_UI_ST_5400_411,0.00204914314768679
mix_UI_ST_5400_314,0.0015749596907446944
cauldron_ln_16863,0.7904838640156924
cauldron_ln_11245,0.7687411502283971
cauldron_ln_24618,0.7762948302240815
cauldron_ln_13684,0.660147778430482
mix_SI_UT_5400_976,0.0018747388238080998
cauldron_ln_11231,0.6329164431985796
mix_UI_ST_5400_946,0.0023401559111795567
cauldron_ln_8563,0.8064475268730537
mix_UI_ST_5400_86,0.0018556838885305208
mix_SI_UT_5400_264,0.0017029324617889726
cauldron_ln_13845,0.7461306494091926
mix_SI_UT_5400_583,0.0017056177636558766
mix_UI_ST_5400_1064,0.0014317721673892368
cauldron_ln_16452,0.7001836380748326
mix_SI_UT_5400_838,0.001261119679510042
mix_SI_UT_5400_183,0.0015869184476472078
mix_UI_ST_5400_157,0.0014263223060349273
mix_SI_UT_5400_1296,0.002641280367725687
mix_UI_ST_5400_1163,0.0018190466538390432
mix_SI_UT_5400_1108,0.0018420534296933531
cauldron_ln_14314,0.8092249368793776
mix_SI_UT_5400_527,0.0016485149622963277
mix_UI_ST_5400_1362,0.0012585158010891793
mix_UI_ST_5400_998,0.0017998401510907576
cauldron_ln_16903,0.6805134759658116
cauldron_ln_29432,0.6202417302950766
cauldron_ln_29917,0.7100951398090479
cauldron_ln_13460,0.7418133444299962
mix_SI_UT_5400_904,0.002456271351108718
cauldron_ln_17684,0.6711990151912924
cauldron_ln_27781,0.7404119162728588
mix_SI_UT_5400_203,0.0012340057619382437
cauldron_ln_9678,0.7683223904409574
mix_UI_ST_5400_446,0.002216483205124674
mix_UI_ST_5400_33,0.002019320230336305
cauldron_ln_766,0.719473731038641
cauldron_ln_25560,0.6467690606975829
mix_SI_UT_5400_661,0.0025586737978322447
cauldron_ln_15846,0.6701542182243663
cauldron_ln_11095,0.7118447808782205
mix_UI_ST_5400_1191,0.001648326331278248
mix_SI_UT_5400_1314,0.0018602723518095453
mix_UI_ST_5400_615,0.0012321741216685556
mix_SI_UT_5400_1470,0.0024429305263799477
mix_UI_ST_5400_1180,0.0018979171245450187
cauldron_ln_5041,0.8239662814592761
mix_SI_UT_5400_1237,0.0013411540122636046
cauldron_ln_3813,0.7941557469212887
cauldron_ln_29269,0.6988247225894332
mix_UI_ST_5400_321,0.0019748607815634907
mix_UI_ST_5400_1463,0.0017721967667114862
cauldron_ln_6549,0.7860484715146798
cauldron_ln_378,0.7239844272977414
mix_UI_ST_5400_682,0.002246412412192568
mix_SI_UT_5400_1194,0.002142128052440618
mix_SI_UT_5400_1012,0.00160570103788763
mix_SI_UT_5400_1232,0.0037547912342735814
cauldron_ln_2584,0.4754191436949906
cauldron_ln_25772,0.7317120416665936
cauldron_ln_10435,0.7431704648508349
mix_UI_ST_5400_982,0.0019671434957062328
cauldron_ln_1798,0.8050281207267783
mix_SI_UT_5400_1043,0.002217944702275453
cauldron_ln_28090,0.6617832562361491
cauldron_ln_3973,0.6297354063367898
cauldron_ln_16538,0.6112759613839068
cauldron_ln_14237,0.7203926639846617
cauldron_ln_15038,0.6031565785681109
cauldron_ln_13169,0.6919275710103715
mix_SI_UT_5400_542,0.002710916031157715
mix_SI_UT_5400_734,0.002201415538521926
cauldron_ln_29759,0.7221667939856702
cauldron_ln_6033,0.7583434272204884
cauldron_ln_9891,0.7413593219270835
cauldron_ln_26583,0.77991348642545
cauldron_ln_23047,0.577127216950356
mix_UI_ST_5400_1318,0.002052907855278382
cauldron_ln_19519,0.7720495427829767
cauldron_ln_20677,0.8375450023564289
mix_SI_UT_5400_1125,0.0026753173062060405
mix_SI_UT_5400_369,0.0017987464599851406
cauldron_ln_29278,0.7626874319087373
cauldron_ln_13801,0.6644210032094077
mix_SI_UT_5400_706,0.0021097672393641815
mix_UI_ST_5400_1000,0.0027278625826197794
mix_UI_ST_5400_721,0.0017916928515909019
cauldron_ln_20615,0.7418255172730505
mix_SI_UT_5400_458,0.0028806574373720774
mix_UI_ST_5400_794,0.0025479585387238003
mix_SI_UT_5400_1419,0.0022021645192254777
cauldron_ln_1740,0.784809823376081
cauldron_ln_9096,0.6401173234225968
cauldron_ln_24457,0.6869397630004704
cauldron_ln_15048,0.7270338781253732
mix_UI_ST_5400_1345,0.0020592715347737614
mix_UI_ST_5400_413,0.0030424843092811587
mix_SI_UT_5400_1479,0.0015889312999488728
cauldron_ln_1567,0.7436132640683295
mix_UI_ST_5400_694,0.0019049814871054257
mix_SI_UT_5400_1254,0.0019381077196458142
cauldron_ln_5806,0.713640992974615
cauldron_ln_3373,0.7884405886364262
cauldron_ln_11356,0.7424580978808549
cauldron_ln_4588,0.6012125898394609
mix_UI_ST_5400_1436,0.0014718586795375976
cauldron_ln_17179,0.6714655865547945
mix_UI_ST_5400_1238,0.002882908333024558
mix_UI_ST_5400_1457,0.00269360698473486
mix_SI_UT_5400_1014,0.0027890477001839315
cauldron_ln_878,0.568918661680463
cauldron_ln_7376,0.7444190248620101
cauldron_ln_19850,0.7534948460734433
mix_SI_UT_5400_619,0.001098290805809351
cauldron_ln_27085,0.8022462053844674
cauldron_ln_18818,0.7848259765078184
cauldron_ln_21664,0.732340186711775
mix_SI_UT_5400_139,0.001849578804017732
mix_UI_ST_5400_462,0.0014992448242426577
cauldron_ln_12636,0.7391815778909945
mix_SI_UT_5400_837,0.0016350340146163733
cauldron_ln_6348,0.7042244282972556
mix_UI_ST_5400_202,0.001763166190838982
mix_UI_ST_5400_1086,0.001884147226473066
cauldron_ln_25152,0.720948672778983
mix_SI_UT_5400_993,0.0018075108395026996
mix_UI_ST_5400_1130,0.0019939530747850923
cauldron_ln_3984,0.59561149718363
cauldron_ln_21400,0.7025692393296484
cauldron_ln_7605,0.7991763727694211
cauldron_ln_23746,0.6838882281265473
cauldron_ln_11274,0.6908861432212202
mix_UI_ST_5400_561,0.0025054973042490294
cauldron_ln_3589,0.651761838108786
mix_SI_UT_5400_869,0.0007615556117029844
cauldron_ln_4405,0.7812687971887649
mix_UI_ST_5400_609,0.0017946562313475578
cauldron_ln_7489,0.8059508262519244
cauldron_ln_4448,0.6747378810721602
mix_SI_UT_5400_153,0.0015841438611677407
mix_SI_UT_5400_1155,0.0020894035038387924
cauldron_ln_4788,0.7719126695527978
mix_UI_ST_5400_362,0.001323026711812389
cauldron_ln_4210,0.5383074819984739
mix_SI_UT_5400_858,0.002014969180543579
cauldron_ln_21458,0.7244904196014779
cauldron_ln_14494,0.6896117791231264
mix_SI_UT_5400_808,0.0025998909523846617
cauldron_ln_7597,0.7142990918577032
cauldron_ln_24788,0.7793361401440893
mix_UI_ST_5400_1292,0.0009558687871014594
mix_UI_ST_5400_1395,0.001909343175196762
mix_UI_ST_5400_647,0.001314134649375064
cauldron_ln_11680,0.7050547813944403
mix_SI_UT_5400_104,0.0020672827645424135
mix_SI_UT_5400_423,0.0032901860898668306
cauldron_ln_10967,0.718339089156692
cauldron_ln_370,0.728621101526854
mix_SI_UT_5400_1430,0.0014264712464118448
mix_UI_ST_5400_930,0.002122024467973542
mix_SI_UT_5400_138,0.002046145407728762
mix_UI_ST_5400_1470,0.0026524799546308164
mix_UI_ST_5400_339,0.001291630577640068
mix_UI_ST_5400_1343,0.0018181247696320204
cauldron_ln_27968,0.6770477627946683
mix_UI_ST_5400_690,0.0016358284687697261
mix_SI_UT_5400_1341,0.0016343194462435768
mix_UI_ST_5400_1023,0.0014875463064092528
mix_UI_ST_5400_445,0.0024354084867763085
cauldron_ln_18874,0.5852030056772315
cauldron_ln_12653,0.7344748563019988
mix_UI_ST_5400_932,0.0019858386601069996
mix_SI_UT_5400_1475,0.0021658018789775186
cauldron_ln_9264,0.6250628822991319
cauldron_ln_18917,0.8180043602923702
mix_SI_UT_5400_296,0.002493899493424816
mix_UI_ST_5400_894,0.0021284221791623833
cauldron_ln_17043,0.7163004925556803
cauldron_ln_4316,0.713772241838547
mix_SI_UT_5400_1292,0.0032875372556051465
mix_UI_ST_5400_1461,0.0014458744253541655
cauldron_ln_12090,0.6357192133088967
mix_SI_UT_5400_970,0.0018112577799373755
cauldron_ln_11756,0.7360974236578437
cauldron_ln_24931,0.6385336583485173
mix_SI_UT_5400_86,0.0016204677565336335
cauldron_ln_1229,0.6339503625230609
cauldron_ln_2777,0.6242724190737371
cauldron_ln_23643,0.5745620804931932
cauldron_ln_5672,0.6528368564035877
mix_UI_ST_5400_414,0.002186406761048717
mix_SI_UT_5400_559,0.002761106659109832
mix_UI_ST_5400_901,0.0019228361754070765
cauldron_ln_15411,0.7945589687587231
cauldron_ln_7164,0.7380647739959316
cauldron_ln_14722,0.6824328348806126
mix_SI_UT_5400_1234,0.0017322891290851893
cauldron_ln_19405,0.6848930602537838
cauldron_ln_18743,0.776704830003391
cauldron_ln_15670,0.7241409103214453
cauldron_ln_9942,0.7785238952282975
cauldron_ln_16362,0.67737454660099
cauldron_ln_29872,0.7474112252307225
cauldron_ln_8437,0.8202122422793727
mix_SI_UT_5400_382,0.0017671547622289555
cauldron_ln_25854,0.8068898441979893
mix_UI_ST_5400_374,0.0014326112338469367
mix_UI_ST_5400_921,0.0030997009766755056
cauldron_ln_22652,0.8127012229238261
cauldron_ln_18215,0.7692189521604269
mix_SI_UT_5400_1362,0.0018829492230693521
mix_UI_ST_5400_219,0.001403452825983115
mix_SI_UT_5400_1433,0.001809878207569695
mix_UI_ST_5400_319,0.002125154522522219
mix_SI_UT_5400_97,0.0010881678677087613
mix_SI_UT_5400_802,0.001490493756893883
cauldron_ln_17334,0.7467312067961651
mix_UI_ST_5400_1007,0.0023051367999708094
cauldron_ln_9911,0.7455441788151698
mix_SI_UT_5400_52,0.0014964530218777939
cauldron_ln_9157,0.6838487557409447
cauldron_ln_7487,0.6424796651648874
cauldron_ln_7852,0.6811315301690969
mix_SI_UT_5400_1357,0.0016684968593026499
mix_SI_UT_5400_189,0.001441407204631664
mix_SI_UT_5400_316,0.0015205604229317857
mix_SI_UT_5400_702,0.0016603561766728248
cauldron_ln_3676,0.7148455785782879
cauldron_ln_14951,0.7391016712594417
cauldron_ln_3211,0.5780378164030561
mix_SI_UT_5400_513,0.0034858851731937564
cauldron_ln_3063,0.7336679230493309
mix_SI_UT_5400_248,0.0019061710530020087
cauldron_ln_15505,0.6860074952113465
cauldron_ln_11182,0.731486316889443
cauldron_ln_3677,0.8242880323267868
mix_SI_UT_5400_1346,0.002062971282110001
cauldron_ln_17074,0.6969776020375594
cauldron_ln_19091,0.6392999782429503
mix_UI_ST_5400_1254,0.0017082979332843223
mix_SI_UT_5400_678,0.002125563794076453
cauldron_ln_26099,0.7651340201065715
mix_UI_ST_5400_1393,0.0019051884566000043
mix_SI_UT_5400_164,0.002058849990314907
mix_SI_UT_5400_581,0.001723192465550854
cauldron_ln_20676,0.624080962759479
mix_SI_UT_5400_1042,0.0029567460014909216
mix_SI_UT_5400_475,0.002864920604607882
mix_SI_UT_5400_357,0.0022168769493943457
cauldron_ln_2246,0.7720692530430477
mix_UI_ST_5400_1016,0.0021624795283471153
cauldron_ln_16589,0.6532924962917686
cauldron_ln_17379,0.6211787436873966
mix_SI_UT_5400_129,0.0022680672054310497
mix_UI_ST_5400_923,0.0025399902108506458
cauldron_ln_17710,0.5555182069380081
mix_UI_ST_5400_648,0.0015383413550387384
mix_UI_ST_5400_555,0.0024432017905161975
cauldron_ln_26682,0.7239382993310433
cauldron_ln_16763,0.6994198595684425
cauldron_ln_28034,0.752361461890349
cauldron_ln_23349,0.7629483121044308
cauldron_ln_14415,0.6932751519798926
mix_SI_UT_5400_1472,0.0020348650458971275
mix_UI_ST_5400_300,0.0025471289226205508
mix_SI_UT_5400_124,0.0016398134923135497
mix_UI_ST_5400_1409,0.0014621444828228037
mix_UI_ST_5400_1013,0.001958062414892642
cauldron_ln_18111,0.704439141380833
mix_SI_UT_5400_1306,0.0015160929012325481
cauldron_ln_4359,0.5995938247576076
mix_SI_UT_5400_50,0.001436488861933074
mix_SI_UT_5400_323,0.002269046649091413
cauldron_ln_18951,0.7986159932056227
cauldron_ln_860,0.725457758453613
mix_SI_UT_5400_1085,0.0024677453483760835
mix_UI_ST_5400_1363,0.0019831622642639468
mix_SI_UT_5400_502,0.002010382211725099
mix_UI_ST_5400_770,0.001397316331270487
cauldron_ln_13636,0.6355970310188375
mix_UI_ST_5400_994,0.002484733887364803
cauldron_ln_14504,0.704148043003495
mix_SI_UT_5400_573,0.0014196682854445504
mix_SI_UT_5400_845,0.001960192422222501
cauldron_ln_23336,0.7369190675848716
cauldron_ln_10507,0.6826051513456655
mix_SI_UT_5400_349,0.0020696058375719657
mix_SI_UT_5400_1056,0.0017002908234581807
cauldron_ln_7437,0.7863345180905469
cauldron_ln_13007,0.746469800790702
cauldron_ln_11676,0.8048102938471069
mix_UI_ST_5400_1427,0.0018747677157236692
cauldron_ln_15198,0.7332996478049111
cauldron_ln_6053,0.8145053301387384
mix_SI_UT_5400_568,0.002265471262233744
cauldron_ln_14774,0.7491315591918293
cauldron_ln_421,0.5248674516965343
cauldron_ln_6210,0.6546985852248836
cauldron_ln_13819,0.48473157984639204
mix_SI_UT_5400_210,0.0018689877576766245
cauldron_ln_9651,0.7673500828880047
cauldron_ln_16083,0.7645635851297519
cauldron_ln_15536,0.795132706941827
mix_UI_ST_5400_747,0.0016988218336366164
cauldron_ln_21235,0.7290011987555458
mix_SI_UT_5400_194,0.0011972385632462806
cauldron_ln_15802,0.6555045916208556
mix_UI_ST_5400_1429,0.0023833937123012264
mix_SI_UT_5400_886,0.001857989831397941
mix_SI_UT_5400_127,0.0020233724946246787
cauldron_ln_19596,0.7265718083994522
mix_SI_UT_5400_402,0.0013761279652139756
cauldron_ln_18022,0.6570020581382376
mix_SI_UT_5400_1457,0.002436601214882447
mix_SI_UT_5400_1199,0.0021522470829927246
cauldron_ln_11442,0.7900515046717623
mix_SI_UT_5400_178,0.001600818258156966
mix_UI_ST_5400_864,0.0026420016257678253
mix_SI_UT_5400_241,0.002949146595724544
mix_UI_ST_5400_277,0.0027574545403951187
mix_SI_UT_5400_860,0.001611158656971179
mix_UI_ST_5400_973,0.0014241435428499715
cauldron_ln_6867,0.76611726449846
mix_UI_ST_5400_758,0.00340139570307532
cauldron_ln_17831,0.7932184391969181
mix_SI_UT_5400_1269,0.0021377565122238157
cauldron_ln_14522,0.7543450952353994
cauldron_ln_6223,0.6770251428760085
cauldron_ln_24821,0.6384476835651005
cauldron_ln_17435,0.7625404216610087
mix_SI_UT_5400_1110,0.0017542935425377837
mix_UI_ST_5400_1142,0.0013565800261513886
cauldron_ln_5819,0.7348168306219335
cauldron_ln_4761,0.6071786020424541
cauldron_ln_27023,0.7756483892292209
mix_UI_ST_5400_623,0.0022061492843132276
cauldron_ln_9369,0.7581896353423458
mix_UI_ST_5400_551,0.001988266292694788
cauldron_ln_24753,0.7238696932563445
cauldron_ln_21612,0.7512726107339794
cauldron_ln_8713,0.7700744265572979
mix_SI_UT_5400_186,0.0011388466414616978
cauldron_ln_2877,0.7196263206192398
mix_UI_ST_5400_788,0.002192006538110576
mix_UI_ST_5400_1214,0.0023218602120312713
cauldron_ln_29736,0.6878219903854831
cauldron_ln_26010,0.7131885310533531
mix_UI_ST_5400_1162,0.0037015378131299735
mix_SI_UT_5400_905,0.0018847052831859415
cauldron_ln_177,0.6767840745214392
mix_UI_ST_5400_147,0.0017414294050991312
mix_UI_ST_5400_146,0.0014342233857450894
mix_UI_ST_5400_384,0.0023245317409498665
mix_UI_ST_5400_862,0.0020247424382649386
cauldron_ln_19632,0.7899534416774505
mix_UI_ST_5400_1488,0.00231138917992603
mix_UI_ST_5400_584,0.0016941547047719704
cauldron_ln_3883,0.7758892067209631
mix_UI_ST_5400_295,0.001332505254792036
mix_SI_UT_5400_1434,0.0025825205666792305
cauldron_ln_6698,0.6365988471455734
cauldron_ln_16987,0.7178667034095431
cauldron_ln_4539,0.6757037974347923
mix_UI_ST_5400_835,0.0022143707693517817
cauldron_ln_12698,0.6107625336999566
cauldron_ln_23389,0.6072154193617384
mix_UI_ST_5400_450,0.0027901019917464117
cauldron_ln_12902,0.7349719031947012
cauldron_ln_13564,0.7846062231715569
mix_UI_ST_5400_880,0.0018312077351045647
mix_SI_UT_5400_1191,0.0023080211093522715
mix_SI_UT_5400_522,0.0023189118569932744
mix_UI_ST_5400_468,0.0015514250839596322
cauldron_ln_4153,0.7408236258379132
mix_SI_UT_5400_142,0.001734528770082355
mix_UI_ST_5400_1079,0.0025728998476800607
mix_SI_UT_5400_918,0.0010268990307445644
mix_SI_UT_5400_294,0.002340234799643529
mix_UI_ST_5400_889,0.002098752875943233
cauldron_ln_20366,0.5615415192708832
cauldron_ln_26793,0.7376567520732207
cauldron_ln_19239,0.649660502011472
mix_UI_ST_5400_434,0.0018449421604711106
mix_SI_UT_5400_997,0.0018007112057891535
mix_SI_UT_5400_206,0.0017760787664294843
mix_UI_ST_5400_163,0.002623986428081212
cauldron_ln_6069,0.7052649106554181
mix_UI_ST_5400_1154,0.0033054177152464282
cauldron_ln_16888,0.5910363942754631
cauldron_ln_17608,0.5911143853603534
cauldron_ln_11615,0.6845882008287562
cauldron_ln_8564,0.7318000976898421
mix_UI_ST_5400_743,0.0024883352787911216
cauldron_ln_16933,0.7618840467354391
cauldron_ln_16783,0.7654746241653886
mix_UI_ST_5400_620,0.0016779123577394855
mix_SI_UT_5400_906,0.0021082257630864686
mix_SI_UT_5400_600,0.0019149698485797428
cauldron_ln_18123,0.8066966276546256
mix_SI_UT_5400_963,0.0026514528244382563
mix_UI_ST_5400_681,0.0017330303869277051
cauldron_ln_16186,0.5373385887183728
mix_SI_UT_5400_9,0.0014120158540135263
mix_UI_ST_5400_1218,0.002027163005642328
mix_UI_ST_5400_740,0.0014941643067827221
mix_UI_ST_5400_428,0.0024769952785968453
cauldron_ln_20311,0.5086174107242902
mix_SI_UT_5400_610,0.001987637394438544
cauldron_ln_13634,0.7532002613470548
mix_UI_ST_5400_406,0.001470825965776217
mix_SI_UT_5400_829,0.001679628346286865
cauldron_ln_16070,0.7652307955640725
mix_UI_ST_5400_870,0.0021426746816684077
mix_SI_UT_5400_1328,0.0016138309546433773
mix_UI_ST_5400_216,0.0020224160575595283
cauldron_ln_8369,0.7700008693348019
mix_SI_UT_5400_612,0.0017466161457357736
mix_UI_ST_5400_1047,0.0019540645803736018
mix_SI_UT_5400_1469,0.0015839914775808333
cauldron_ln_27013,0.670351191236799
mix_SI_UT_5400_833,0.0017041866344431832
cauldron_ln_21736,0.6754942894802112
mix_UI_ST_5400_667,0.0026919813050893587
mix_UI_ST_5400_410,0.002064599717829886
cauldron_ln_20031,0.7637007816019791
cauldron_ln_7481,0.6912245482888202
mix_UI_ST_5400_320,0.002057123427033914
mix_UI_ST_5400_814,0.0008882415200804004
mix_UI_ST_5400_513,0.002497573725080634
mix_UI_ST_5400_1029,0.0015840374476711722
mix_SI_UT_5400_1089,0.0019098364058380733
mix_SI_UT_5400_1464,0.002255716899333653
cauldron_ln_15914,0.7386376511438286
cauldron_ln_22809,0.7530208563279996
cauldron_ln_8604,0.6616609110922776
mix_UI_ST_5400_375,0.002255406121118226
cauldron_ln_9296,0.794070389820149
mix_SI_UT_5400_1035,0.0029988497215786137
cauldron_ln_9555,0.8018354040137781
mix_UI_ST_5400_1497,0.0026144937502813777
cauldron_ln_14040,0.7022009252325259
cauldron_ln_16431,0.522744320760186
mix_SI_UT_5400_500,0.002708673317272641
cauldron_ln_26292,0.770031115891081
mix_SI_UT_5400_283,0.0022945597676599506
mix_SI_UT_5400_1431,0.001232580931589078
mix_UI_ST_5400_1,0.001367462962288684
mix_SI_UT_5400_1353,0.002220791151326788
cauldron_ln_1981,0.7578616510181727
mix_UI_ST_5400_210,0.002309858920075023
cauldron_ln_13884,0.6899810546642748
mix_UI_ST_5400_292,0.0019580048610870282
mix_SI_UT_5400_644,0.0013680424419321132
cauldron_ln_29798,0.5079403534324558
mix_UI_ST_5400_1114,0.0021147635610959084
mix_SI_UT_5400_328,0.002301160384801317
mix_UI_ST_5400_97,0.0017097146896310402
mix_SI_UT_5400_1307,0.0020115668369979104
cauldron_ln_18108,0.6431787522783801
mix_SI_UT_5400_117,0.00170854438495162
cauldron_ln_17470,0.6648066204020607
cauldron_ln_28348,0.7081109993147354
cauldron_ln_18947,0.6647659988903308
mix_UI_ST_5400_657,0.002697431966486148
mix_SI_UT_5400_530,0.002002698334888657
cauldron_ln_3785,0.720421056499999
mix_UI_ST_5400_708,0.0013257865058459394
mix_SI_UT_5400_781,0.0018345563521459654
cauldron_ln_13700,0.8057007506071462
cauldron_ln_25001,0.6121629320146135
cauldron_ln_19817,0.7953562330629583
cauldron_ln_14818,0.7336853728337268
cauldron_ln_21228,0.6634992969371136
mix_UI_ST_5400_1414,0.0037446223508190734
cauldron_ln_19274,0.7635400573885877
cauldron_ln_6825,0.7673746948864959
cauldron_ln_7736,0.7353173959736298
mix_UI_ST_5400_1257,0.0018251820637515653
mix_UI_ST_5400_415,0.0016012538770225728
mix_SI_UT_5400_1193,0.002436161618124187
mix_UI_ST_5400_14,0.002522372879683426
cauldron_ln_1790,0.6892639857840683
cauldron_ln_12661,0.6421804811200457
cauldron_ln_13082,0.6579318525865285
cauldron_ln_9158,0.7408033098840603
mix_UI_ST_5400_1300,0.0019335707937148789
mix_SI_UT_5400_984,0.0020742211458361116
mix_SI_UT_5400_3,0.0021981479480385666
cauldron_ln_2197,0.8039139393038506
mix_UI_ST_5400_979,0.0010825636266884714
mix_UI_ST_5400_72,0.0010805350330577717
mix_SI_UT_5400_488,0.0024731845108681
mix_UI_ST_5400_324,0.0010189263920882743
mix_UI_ST_5400_1205,0.001693037333028011
cauldron_ln_13474,0.7738360696361598
mix_SI_UT_5400_54,0.001959490845795895
mix_UI_ST_5400_716,0.002635271498164482
cauldron_ln_15320,0.6719492453176685
cauldron_ln_15549,0.680817773670343
mix_UI_ST_5400_1103,0.002650254269351144
cauldron_ln_19448,0.7091337071199466
cauldron_ln_26571,0.7623128499966124
cauldron_ln_29873,0.7210073167087727
cauldron_ln_16916,0.7348898455182545
cauldron_ln_12019,0.7548263385580531
cauldron_ln_22928,0.7184017831722759
cauldron_ln_7249,0.7422020496250392
mix_UI_ST_5400_719,0.001643752921114339
cauldron_ln_2077,0.6487377470818739
cauldron_ln_19851,0.564420918063081
mix_SI_UT_5400_27,0.0014528816836728894
mix_SI_UT_5400_921,0.0017557883952280474
mix_SI_UT_5400_1445,0.0019231910479595633
cauldron_ln_9940,0.7242374369654008
cauldron_ln_29999,0.6077363697749151
cauldron_ln_15196,0.7955501735549538
cauldron_ln_5789,0.8105473362197795
cauldron_ln_26432,0.7500439775749312
cauldron_ln_7644,0.6232389502711506
mix_SI_UT_5400_1310,0.0014708392766775026
mix_SI_UT_5400_41,0.0020356011697738275
cauldron_ln_5555,0.7148657293704048
cauldron_ln_21874,0.5870488087323149
mix_SI_UT_5400_313,0.0019873480102504345
cauldron_ln_20892,0.7579071131159506
mix_SI_UT_5400_409,0.0027079166800066143
mix_UI_ST_5400_1278,0.0023081514600084485
mix_UI_ST_5400_1394,0.0015608957951726205
cauldron_ln_12561,0.7991591732283545
mix_SI_UT_5400_949,0.002316123021659061
mix_SI_UT_5400_1132,0.001961394195083657
cauldron_ln_26644,0.6541583888345306
cauldron_ln_8565,0.5289793606828317
cauldron_ln_14144,0.6149065856724629
mix_SI_UT_5400_481,0.0015051247053022515
cauldron_ln_6571,0.7437553285798401
cauldron_ln_13804,0.7971574313742325
mix_SI_UT_5400_1128,0.0019799660623858184
mix_SI_UT_5400_179,0.0012143756556527614
cauldron_ln_15164,0.7551263923249807
cauldron_ln_27863,0.7661812298369521
cauldron_ln_404,0.532942528593341
mix_SI_UT_5400_546,0.0025079228154771234
mix_UI_ST_5400_224,0.0016196006066119247
cauldron_ln_28033,0.6776092149090033
cauldron_ln_16488,0.7371366471056328
cauldron_ln_28640,0.623616533701537
cauldron_ln_25499,0.7845197530512397
mix_UI_ST_5400_680,0.0016906382114856879
cauldron_ln_2780,0.7015377352610684
mix_UI_ST_5400_307,0.001997971275175053
cauldron_ln_28054,0.7612671827836308
cauldron_ln_23972,0.6351749278199874
cauldron_ln_23194,0.7401840555223183
mix_SI_UT_5400_1084,0.0026500982138285764
mix_SI_UT_5400_705,0.0017103855137567676
mix_UI_ST_5400_1321,0.001707016265323434
cauldron_ln_10760,0.7715299254395324
cauldron_ln_10917,0.8069586821500054
cauldron_ln_14306,0.6073580054740604
cauldron_ln_1329,0.5075165123481776
cauldron_ln_17719,0.4424798841423113
cauldron_ln_4393,0.7361714806330486
mix_SI_UT_5400_1244,0.0019205247775599921
cauldron_ln_29431,0.6522987692782161
mix_SI_UT_5400_662,0.001735954933341691
mix_UI_ST_5400_678,0.0023028165294065096
mix_UI_ST_5400_1473,0.0018972558116664851
cauldron_ln_11681,0.7810158211220998
mix_UI_ST_5400_420,0.0015559249004879882
mix_UI_ST_5400_373,0.002036228241669594
cauldron_ln_16984,0.694978225921502
cauldron_ln_24697,0.7992483733136946
cauldron_ln_19256,0.732775502356224
cauldron_ln_9960,0.6916123188928477
mix_SI_UT_5400_1220,0.001267779609010734
mix_UI_ST_5400_533,0.0016950224112261929
cauldron_ln_13809,0.7148224262882633
cauldron_ln_19660,0.6538454316367703
mix_UI_ST_5400_1216,0.001771789562616663
mix_UI_ST_5400_872,0.001973329406652249
mix_UI_ST_5400_1082,0.00188949375107847
mix_UI_ST_5400_1046,0.0022855456025411796
mix_SI_UT_5400_1114,0.0023450859697596647
cauldron_ln_2829,0.6966747372516319
mix_UI_ST_5400_1176,0.0012179903852610127
cauldron_ln_2053,0.7435506126595768
mix_SI_UT_5400_1499,0.0033389529959711216
cauldron_ln_24293,0.7028038989775631
cauldron_ln_17144,0.7257874839616563
cauldron_ln_8179,0.6531245714474607
mix_SI_UT_5400_157,0.0015111638324166244
mix_UI_ST_5400_489,0.0018288646252248954
cauldron_ln_23246,0.7345687109947134
mix_UI_ST_5400_1173,0.002608260414650123
mix_SI_UT_5400_299,0.0019568457298565437
cauldron_ln_8985,0.718599087891
cauldron_ln_6677,0.763750632228021
cauldron_ln_5292,0.6198715260430383
mix_UI_ST_5400_236,0.0018808820919148997
mix_UI_ST_5400_267,0.001452890464715929
mix_UI_ST_5400_821,0.0018487451843583432
cauldron_ln_17652,0.82432307726777
mix_SI_UT_5400_225,0.0021808474176992923
cauldron_ln_18855,0.7827337875223517
mix_SI_UT_5400_1268,0.0020397770652759066
mix_SI_UT_5400_821,0.00245549016726553
cauldron_ln_8107,0.65833063587197
mix_UI_ST_5400_1134,0.0017618324190087496
cauldron_ln_27277,0.8014844494935799
cauldron_ln_26657,0.7614007510472425
cauldron_ln_29048,0.7175201426128683
cauldron_ln_29641,0.8009322481515667
mix_UI_ST_5400_110,0.0020347791710709365
cauldron_ln_23096,0.7944375685014986
mix_SI_UT_5400_132,0.0017603531563305196
mix_UI_ST_5400_1105,0.0014992189656780834
cauldron_ln_27854,0.7193673191844541
cauldron_ln_3099,0.6704242507921837
cauldron_ln_8470,0.6682294684552513
cauldron_ln_29646,0.6653023777291709
mix_UI_ST_5400_989,0.0018792189608137335
cauldron_ln_10382,0.7593986374498713
mix_UI_ST_5400_364,0.002322313197643845
cauldron_ln_17765,0.670369754692279
cauldron_ln_19154,0.7429947336322869
cauldron_ln_11852,0.5843142449465559
mix_UI_ST_5400_79,0.002133913321812554
cauldron_ln_11481,0.7531039705672266
cauldron_ln_12863,0.783828022178095
mix_UI_ST_5400_1253,0.0016661821066164565
cauldron_ln_26204,0.8196340744539915
cauldron_ln_6788,0.6732109846471694
mix_SI_UT_5400_627,0.0020105867106763407
cauldron_ln_10924,0.721610701101164
cauldron_ln_13648,0.7280702856507772
cauldron_ln_24598,0.6730905463870311
cauldron_ln_20014,0.8054542419938303
mix_SI_UT_5400_737,0.0021676526447658552
mix_UI_ST_5400_839,0.0019039157872440134
mix_SI_UT_5400_482,0.002790516926417496
cauldron_ln_18323,0.5092061900892737
cauldron_ln_9762,0.6575249344852122
mix_SI_UT_5400_236,0.0019759156940965853
cauldron_ln_22583,0.6940416208697605
mix_SI_UT_5400_1391,0.001589324297765452
mix_UI_ST_5400_1070,0.0017483009739690668
cauldron_ln_1782,0.6078123322867979
mix_UI_ST_5400_1344,0.0016382983045026306
cauldron_ln_17611,0.7140730775067321
cauldron_ln_16644,0.7158477650566383
mix_UI_ST_5400_203,0.0017346477169161063
mix_SI_UT_5400_784,0.0019089852571724675
mix_UI_ST_5400_26,0.001999336086386101
mix_UI_ST_5400_130,0.0017834234998628652
mix_SI_UT_5400_1121,0.001617311435082854
mix_SI_UT_5400_152,0.0015049692196370825
cauldron_ln_26466,0.7569174346348228
mix_SI_UT_5400_81,0.0016331406489298174
cauldron_ln_26596,0.7049386974276364
cauldron_ln_11921,0.7590356939462026
mix_UI_ST_5400_370,0.0020814845969263163
mix_UI_ST_5400_892,0.0018471911173976946
cauldron_ln_26434,0.7598280511244554
mix_UI_ST_5400_702,0.0017335367683612099
mix_SI_UT_5400_1453,0.002406148901958143
cauldron_ln_28653,0.7390383739270673
cauldron_ln_17423,0.8191810938791338
cauldron_ln_8782,0.753424682693281
mix_UI_ST_5400_199,0.0024700675657037844
cauldron_ln_13080,0.7547894342037427
cauldron_ln_8145,0.8384867306470871
mix_UI_ST_5400_1443,0.0021200433407835635
mix_SI_UT_5400_49,0.0008257254394409765
cauldron_ln_6012,0.7445211220097855
cauldron_ln_19709,0.8037120596936629
cauldron_ln_21574,0.7579844232237829
mix_SI_UT_5400_1334,0.0022543130845043198
cauldron_ln_23446,0.7184918590344228
cauldron_ln_2872,0.6392955649644657
mix_UI_ST_5400_674,0.001457306513356179
cauldron_ln_6406,0.6861986688884428
cauldron_ln_4547,0.7193750985689406
mix_SI_UT_5400_645,0.002948697052145906
cauldron_ln_11633,0.8012291731518854
mix_UI_ST_5400_1402,0.0018073900990148322
cauldron_ln_19308,0.7490016567249345
mix_SI_UT_5400_404,0.002354742190187591
mix_UI_ST_5400_207,0.0022281572148860345
cauldron_ln_20103,0.6524664384514088
mix_UI_ST_5400_419,0.0020949026405547196
cauldron_ln_3654,0.6707952505610801
mix_UI_ST_5400_781,0.0016624013412393564
mix_SI_UT_5400_563,0.0018195493357069075
cauldron_ln_2740,0.7527276628089213
mix_SI_UT_5400_1091,0.0021978121886943305
cauldron_ln_6341,0.7668716122790443
mix_UI_ST_5400_372,0.0013937370132192386
cauldron_ln_2979,0.7653993150994794
mix_SI_UT_5400_1210,0.001974567945826906
cauldron_ln_28560,0.7769843046922791
mix_UI_ST_5400_619,0.002012689082148758
cauldron_ln_27840,0.7367622231435127
cauldron_ln_23782,0.8034099921092062
cauldron_ln_2910,0.7740998027191667
cauldron_ln_11028,0.7128350809264743
mix_UI_ST_5400_1389,0.0013454243615707462
cauldron_ln_18802,0.6300746589411501
cauldron_ln_23051,0.8103741259948682
cauldron_ln_7951,0.6280937266056724
cauldron_ln_28881,0.6036872771867768
cauldron_ln_10666,0.6887470270044833
mix_UI_ST_5400_137,0.0021413349980606454
mix_SI_UT_5400_852,0.0015158371349705483
cauldron_ln_16855,0.656372652741055
cauldron_ln_10076,0.6314307997370568
cauldron_ln_3816,0.7764986812060021
cauldron_ln_2040,0.6779206416681043
mix_UI_ST_5400_1464,0.0018225927972583293
cauldron_ln_28430,0.7294027866979272
mix_SI_UT_5400_902,0.0014820776134892102
cauldron_ln_1260,0.7633125812638334
mix_SI_UT_5400_603,0.0022776112871790264
cauldron_ln_5279,0.6690399181841814
mix_UI_ST_5400_851,0.0017365845003580152
cauldron_ln_7591,0.7863481105671577
mix_UI_ST_5400_621,0.0040471867755637065
cauldron_ln_27983,0.7570500935464862
mix_UI_ST_5400_1400,0.00246357780765566
cauldron_ln_5637,0.7678603270672792
mix_SI_UT_5400_453,0.0014890355490906415
cauldron_ln_14175,0.7269809515203451
mix_SI_UT_5400_169,0.0019497953067576738
cauldron_ln_21850,0.6495417421145161
mix_UI_ST_5400_1476,0.002380436524979477
mix_UI_ST_5400_1050,0.0021642616126673724
cauldron_ln_1979,0.7859935840807492
mix_UI_ST_5400_507,0.001682648846283976
mix_UI_ST_5400_800,0.002467451768595106
cauldron_ln_11318,0.8010745260478997
cauldron_ln_22285,0.6420589901880235
cauldron_ln_11152,0.6377029029300101
mix_UI_ST_5400_547,0.0019020770916667999
cauldron_ln_2496,0.7197605362094976
cauldron_ln_5623,0.6468353994835917
mix_UI_ST_5400_517,0.0017590371079272283
cauldron_ln_27486,0.6480569781519168
mix_SI_UT_5400_1416,0.0013975633457771089
cauldron_ln_11789,0.5476119608831319
cauldron_ln_23326,0.7528404825832758
cauldron_ln_11838,0.673797759066943
cauldron_ln_29771,0.7123634257626686
cauldron_ln_13953,0.665108265594678
cauldron_ln_20633,0.6753775970348227
mix_UI_ST_5400_1295,0.0021519489121314766
cauldron_ln_10213,0.7742712934477358
cauldron_ln_1689,0.8186735238907664
cauldron_ln_11123,0.7133171757262663
cauldron_ln_29523,0.7783419506426857
mix_UI_ST_5400_704,0.002239461521811015
cauldron_ln_13903,0.7053909704025901
cauldron_ln_3041,0.694595843388942
cauldron_ln_10998,0.7842832198741981
cauldron_ln_1872,0.759356292362525
cauldron_ln_21548,0.6763463134694018
mix_SI_UT_5400_735,0.002798198029890265
cauldron_ln_6732,0.7524571837596169
cauldron_ln_11141,0.6789497196136178
cauldron_ln_9267,0.619329777760619
mix_SI_UT_5400_1019,0.0015853327597392072
cauldron_ln_13584,0.7746256124495219
cauldron_ln_22692,0.7529328076720434
mix_SI_UT_5400_1053,0.0018864563162812467
cauldron_ln_13337,0.6442176207279647
mix_SI_UT_5400_1420,0.0014178664106613047
cauldron_ln_484,0.7494658783126499
cauldron_ln_5365,0.7502843162826064
cauldron_ln_1491,0.7049812042574629
mix_UI_ST_5400_520,0.001529796112853534
mix_SI_UT_5400_743,0.002252861236019606
cauldron_ln_9258,0.6849077147145887
mix_SI_UT_5400_1007,0.001710557526570835
cauldron_ln_5068,0.5913361489979619
mix_UI_ST_5400_455,0.0016641357120086972
cauldron_ln_12465,0.7512434566981823
mix_UI_ST_5400_107,0.0012188771058814212
mix_SI_UT_5400_882,0.001561415790895187
cauldron_ln_16967,0.6992057298063185
mix_UI_ST_5400_87,0.0019706429208767528
mix_UI_ST_5400_548,0.0017191750427951846
mix_SI_UT_5400_198,0.0013025980744826588
mix_UI_ST_5400_564,0.0016379829232262496
mix_SI_UT_5400_28,0.0017025459246138464
mix_SI_UT_5400_1102,0.0029638592471250046
mix_UI_ST_5400_970,0.0019014787252362327
mix_UI_ST_5400_585,0.0018730437890695274
mix_UI_ST_5400_913,0.0009613998302381492
mix_UI_ST_5400_175,0.001516370538913261
cauldron_ln_26401,0.6797306342089859
cauldron_ln_28161,0.7256880043399014
mix_UI_ST_5400_1377,0.0020273773879146474
mix_UI_ST_5400_341,0.001514319533704244
mix_UI_ST_5400_1392,0.003330045976913246
cauldron_ln_9207,0.813602265168204
mix_SI_UT_5400_611,0.0014619956976974304
mix_SI_UT_5400_731,0.002260801147743146
mix_UI_ST_5400_824,0.0022627443600561465
cauldron_ln_25254,0.7830904447437845
cauldron_ln_13600,0.7736465981598887
cauldron_ln_26891,0.7021797435918304
cauldron_ln_10523,0.7750154489550928
cauldron_ln_12106,0.713446671981008
mix_UI_ST_5400_0,0.0009853465341924366
mix_UI_ST_5400_950,0.0014952342608340555
cauldron_ln_14467,0.7841997964099394
cauldron_ln_6405,0.7483093402429154
mix_SI_UT_5400_593,0.002220411785299999
cauldron_ln_6650,0.7109979560057216
cauldron_ln_22637,0.7618454766636736
mix_SI_UT_5400_1047,0.0017651401513476615
cauldron_ln_6415,0.7069547083371505
cauldron_ln_7318,0.765378575276892
cauldron_ln_22781,0.7835637608781538
mix_SI_UT_5400_1024,0.002135285393088479
mix_UI_ST_5400_1091,0.0019132631137674103
mix_UI_ST_5400_502,0.0015131526651681508
mix_UI_ST_5400_90,0.0012674365892145244
cauldron_ln_20857,0.7560830096071878
mix_SI_UT_5400_597,0.0019639473728682503
cauldron_ln_8259,0.6210358523659164
cauldron_ln_9356,0.7622034620219038
cauldron_ln_19336,0.6893581759931964
cauldron_ln_20463,0.7225006527928257
cauldron_ln_16227,0.7107178622125454
mix_SI_UT_5400_384,0.00265066632304894
cauldron_ln_20135,0.6984364402413811
cauldron_ln_26495,0.7522294147657879
cauldron_ln_5325,0.6903956174639874
mix_UI_ST_5400_1149,0.001842296215615758
cauldron_ln_22270,0.5554610099856316
cauldron_ln_17453,0.7285094568139335
cauldron_ln_1281,0.6815852746383615
cauldron_ln_2774,0.7610113483684697
mix_SI_UT_5400_771,0.002033790875081025
mix_UI_ST_5400_162,0.0014629198115096585
cauldron_ln_10441,0.7589089562178706
cauldron_ln_15689,0.7559018820423788
cauldron_ln_19565,0.6856304012609374
cauldron_ln_20329,0.8027291737278326
cauldron_ln_17860,0.708151170840855
cauldron_ln_3512,0.702343085844515
mix_UI_ST_5400_1085,0.0023865114231346168
mix_SI_UT_5400_1339,0.002049349413049558
mix_SI_UT_5400_1135,0.002219032763174019
cauldron_ln_11032,0.6461200460725651
mix_UI_ST_5400_494,0.001667847243121644
cauldron_ln_26370,0.693326583035324
mix_SI_UT_5400_327,0.0016618907000836348
mix_SI_UT_5400_1208,0.0020731161063564027
cauldron_ln_9468,0.6123998739308579
mix_UI_ST_5400_296,0.0016094659698012712
mix_UI_ST_5400_706,0.0009785518782080046
mix_SI_UT_5400_785,0.002264890954223525
cauldron_ln_3780,0.6576275574116924
mix_UI_ST_5400_1390,0.0013613745018013002
mix_SI_UT_5400_1229,0.0023765981688845224
mix_SI_UT_5400_1483,0.002123832860765755
mix_UI_ST_5400_948,0.0014716976706493894
cauldron_ln_1666,0.6162437027107437
mix_SI_UT_5400_457,0.0025298118208113094
cauldron_ln_16721,0.6699444592428669
mix_UI_ST_5400_70,0.0010684819635259262
mix_UI_ST_5400_912,0.002049609229005972
mix_UI_ST_5400_841,0.0015802251365228902
mix_SI_UT_5400_449,0.0022297567651369055
mix_SI_UT_5400_421,0.001377653202911788
cauldron_ln_15389,0.7154620770303676
cauldron_ln_7316,0.8219745213313264
mix_UI_ST_5400_1028,0.002103349446070442
mix_SI_UT_5400_309,0.0019231383677540265
mix_SI_UT_5400_231,0.002335492133606682
cauldron_ln_27417,0.74388466976333
mix_UI_ST_5400_336,0.0017651684319826228
mix_SI_UT_5400_219,0.002021376809788672
mix_UI_ST_5400_1258,0.002494637330381289
cauldron_ln_4723,0.8049418962009512
mix_SI_UT_5400_895,0.0025545545787282764
mix_SI_UT_5400_1055,0.0020663525445254586
cauldron_ln_26520,0.817279118832301
mix_UI_ST_5400_775,0.0022076244721982233
mix_UI_ST_5400_121,0.002175424133294086
mix_SI_UT_5400_866,0.0016408701831992147
mix_SI_UT_5400_1211,0.0020274450038725313
cauldron_ln_17134,0.6779103724194051
mix_SI_UT_5400_1127,0.001952294267574717
mix_UI_ST_5400_1350,0.0022391585667535696
cauldron_ln_24520,0.6758218121304265
cauldron_ln_8373,0.7387753080331043
cauldron_ln_15240,0.779286375645264
mix_SI_UT_5400_623,0.0017783586679890498
cauldron_ln_14417,0.7716890992022866
cauldron_ln_7665,0.6662671471141666
mix_UI_ST_5400_1445,0.0023203949741149284
cauldron_ln_17054,0.7776399763076585
mix_UI_ST_5400_746,0.0018149778689830018
mix_UI_ST_5400_557,0.0019804067721675145
cauldron_ln_2381,0.8087214488286941
cauldron_ln_7346,0.6822413454185441
mix_SI_UT_5400_411,0.001937488116596621
mix_SI_UT_5400_1051,0.0019786829412708653
cauldron_ln_20476,0.6330310220004767
cauldron_ln_8736,0.7530354880953426
mix_UI_ST_5400_550,0.001493598674816206
mix_SI_UT_5400_1181,0.001820988419341113
mix_SI_UT_5400_320,0.0015520028182206104
cauldron_ln_8669,0.730707628548065
cauldron_ln_21852,0.5160981813869924
mix_SI_UT_5400_422,0.003119577990094899
cauldron_ln_22000,0.676515527482724
mix_UI_ST_5400_771,0.0018170659003182558
mix_UI_ST_5400_1272,0.0022240320924127323
cauldron_ln_9793,0.616653852498672
mix_SI_UT_5400_674,0.0025572480152804195
cauldron_ln_9271,0.714088342564138
cauldron_ln_818,0.6334720792280812
mix_UI_ST_5400_577,0.0020887440337320736
mix_SI_UT_5400_472,0.0018447006457119745
cauldron_ln_1675,0.6988216721202603
mix_UI_ST_5400_1494,0.001987472661930349
mix_UI_ST_5400_113,0.0015667927971397633
mix_UI_ST_5400_1129,0.0019585464550963354
mix_SI_UT_5400_1002,0.002227337129348368
cauldron_ln_16676,0.7149113048333308
cauldron_ln_15061,0.6135547973747222
cauldron_ln_16651,0.7935579873759048
cauldron_ln_21197,0.7454761917640609
mix_UI_ST_5400_791,0.0014294826986572427
cauldron_ln_21171,0.6535657622548032
mix_SI_UT_5400_463,0.00206214980383267
mix_SI_UT_5400_1126,0.0012260916049115702
cauldron_ln_7165,0.615296999676035
mix_SI_UT_5400_361,0.0013089605708598488
cauldron_ln_21692,0.7241773807343226
mix_UI_ST_5400_63,0.0017375277682324857
cauldron_ln_10304,0.739162247650131
mix_SI_UT_5400_1325,0.0021605613939232778
mix_SI_UT_5400_968,0.002235884453758659
cauldron_ln_21834,0.7873583196850508
mix_UI_ST_5400_1052,0.0022976093358417268
cauldron_ln_18910,0.6719640921930573
cauldron_ln_22299,0.8021664516352431
mix_SI_UT_5400_480,0.0017650575716267084
mix_UI_ST_5400_1422,0.001054725390337125
mix_SI_UT_5400_429,0.0017403190311016412
mix_UI_ST_5400_1404,0.0014881147440309356
cauldron_ln_25262,0.7002246776686762
mix_UI_ST_5400_250,0.00316120152429657
mix_UI_ST_5400_849,0.0016711096777293657
cauldron_ln_11,0.6525868366420977
mix_UI_ST_5400_1490,0.002746379443883489
cauldron_ln_14832,0.7101678703519719
mix_SI_UT_5400_768,0.0032090371277173416
mix_UI_ST_5400_819,0.002355144908488493
cauldron_ln_11845,0.83405293609982
mix_UI_ST_5400_1351,0.0019984997807645562
cauldron_ln_19653,0.7925762863293799
mix_SI_UT_5400_576,0.0018049763390828345
cauldron_ln_26756,0.7565691104537051
mix_SI_UT_5400_1112,0.002651715284071067
mix_UI_ST_5400_357,0.003384700572147529
mix_SI_UT_5400_251,0.0012320227300709292
cauldron_ln_13141,0.7368055171061481
cauldron_ln_26033,0.8093922413135282
cauldron_ln_14831,0.7080789557356506
cauldron_ln_16939,0.7770476872810563
cauldron_ln_15206,0.738903288510047
cauldron_ln_25650,0.7901303780245341
mix_UI_ST_5400_1307,0.002170553650026028
cauldron_ln_19733,0.7213805650480448
mix_SI_UT_5400_621,0.0023983912915482605
mix_SI_UT_5400_1335,0.0028501448851357726
cauldron_ln_3539,0.7183824904345598
mix_SI_UT_5400_1027,0.002167300581811296
mix_UI_ST_5400_1342,0.002182959669108166
cauldron_ln_10196,0.7075768509402235
cauldron_ln_2044,0.709091284886545
cauldron_ln_13161,0.610839985146958
cauldron_ln_9533,0.5379512963705766
cauldron_ln_28475,0.6566507750554761
cauldron_ln_1471,0.7564805706772109
mix_SI_UT_5400_215,0.0018215622857348625
cauldron_ln_18903,0.7998843572092895
mix_UI_ST_5400_569,0.0024982893351033777
mix_UI_ST_5400_1481,0.0021830873823225215
cauldron_ln_3985,0.6543411640922859
mix_SI_UT_5400_1349,0.0022341237919539067
mix_UI_ST_5400_525,0.0016741872616130161
cauldron_ln_15160,0.7523252492686564
mix_SI_UT_5400_167,0.0024557426974324134
cauldron_ln_918,0.5398867963177642
mix_SI_UT_5400_697,0.0029226056687826634
mix_SI_UT_5400_1487,0.0014620886266761143
mix_UI_ST_5400_588,0.0021352823945986485
cauldron_ln_9625,0.7453665314750606
cauldron_ln_3905,0.7033586315144977
cauldron_ln_15538,0.7808864777893949
mix_UI_ST_5400_114,0.002532108200959248
mix_UI_ST_5400_475,0.0013922700968115387
mix_SI_UT_5400_1449,0.0024098364091277957
cauldron_ln_13108,0.7769549097845992
cauldron_ln_29882,0.7946502842968736
mix_UI_ST_5400_888,0.0016479106685207549
mix_UI_ST_5400_922,0.0015902746048928362
cauldron_ln_29688,0.5389246872877744
mix_SI_UT_5400_1363,0.0021825833776280374
cauldron_ln_8510,0.6701235151480417
mix_SI_UT_5400_800,0.001397508309313205
cauldron_ln_14074,0.7155646302011073
cauldron_ln_19316,0.7138043001111293
cauldron_ln_12289,0.8166246817529416
cauldron_ln_7807,0.7155766785803563
mix_SI_UT_5400_557,0.0013553182615088086
mix_UI_ST_5400_352,0.0006927622064231315
cauldron_ln_8328,0.677136329087609
mix_SI_UT_5400_1028,0.0018184311956739873
mix_UI_ST_5400_141,0.002108457573407364
mix_UI_ST_5400_652,0.003284710867412412
mix_SI_UT_5400_1301,0.0023119455817597985
cauldron_ln_19666,0.7441344927473283
mix_SI_UT_5400_1075,0.002092731376068748
mix_SI_UT_5400_1364,0.0016507966548548018
mix_UI_ST_5400_1152,0.0010586962111787449
cauldron_ln_2837,0.6702939887756969
mix_UI_ST_5400_382,0.002190153519314727
mix_UI_ST_5400_1009,0.0013329111597328207
cauldron_ln_7360,0.7818918232576602
mix_SI_UT_5400_1179,0.0017877397044886146
cauldron_ln_9591,0.637481356891287
cauldron_ln_16368,0.48480896550345065
cauldron_ln_4940,0.6389209069284317
mix_UI_ST_5400_442,0.0020191911543318147
cauldron_ln_4480,0.7945253922796862
cauldron_ln_15455,0.7604054921186862
mix_UI_ST_5400_744,0.00157299765174936
mix_UI_ST_5400_642,0.0019303477468134626
mix_UI_ST_5400_1399,0.002097236178765426
cauldron_ln_3823,0.5689963216176186
mix_SI_UT_5400_1037,0.002308053612153906
cauldron_ln_29573,0.7049977238899633
mix_UI_ST_5400_959,0.0021175037033604274
mix_UI_ST_5400_388,0.0016934418672073096
mix_SI_UT_5400_1123,0.001995219856343218
mix_UI_ST_5400_980,0.0020644283389311745
mix_UI_ST_5400_1030,0.0024370659297881245
cauldron_ln_8644,0.6561435622968385
cauldron_ln_20564,0.7316250200330259
cauldron_ln_8233,0.7067997514895776
mix_SI_UT_5400_1023,0.001512196798209565
cauldron_ln_5573,0.7131835378992678
cauldron_ln_8296,0.668674069547634
mix_UI_ST_5400_1347,0.0017550994540213387
cauldron_ln_13228,0.7646780149709881
mix_UI_ST_5400_1303,0.0012002642882267356
mix_SI_UT_5400_286,0.0016045830149514018
cauldron_ln_21227,0.7153816183304443
cauldron_ln_15532,0.67328356708162
mix_UI_ST_5400_823,0.0021309185738893318
mix_SI_UT_5400_1488,0.002513082254208008
mix_UI_ST_5400_1417,0.0024693022344484624
cauldron_ln_19723,0.7057647688281903
cauldron_ln_22974,0.6937943774281696
cauldron_ln_15569,0.7387857076124947
cauldron_ln_26382,0.7892454620018865
cauldron_ln_2211,0.7292685437079864
mix_UI_ST_5400_606,0.0023844613025733735
mix_UI_ST_5400_1435,0.0018608937461995522
cauldron_ln_27016,0.5465708365609063
mix_UI_ST_5400_181,0.0020192181406241435
cauldron_ln_9014,0.7803166191066947
cauldron_ln_25492,0.7682356666822642
cauldron_ln_22049,0.7737874867798461
mix_SI_UT_5400_658,0.0025068481701533423
mix_SI_UT_5400_983,0.0018184916927064918
mix_SI_UT_5400_933,0.002226188068597142
cauldron_ln_29687,0.5935985971929592
cauldron_ln_25374,0.706797780683606
mix_SI_UT_5400_333,0.00203098555829185
cauldron_ln_29681,0.6621339075945079
cauldron_ln_27090,0.7518238674779493
mix_SI_UT_5400_1205,0.00164577638775128
mix_UI_ST_5400_1458,0.002609720875287814
mix_UI_ST_5400_515,0.0020445455413293763
cauldron_ln_14329,0.6128969224335247
cauldron_ln_20222,0.7428852150812305
cauldron_ln_19058,0.8216190578551614
mix_UI_ST_5400_1311,0.0025659117628792022
cauldron_ln_26787,0.5455362982815017
cauldron_ln_5975,0.7528643056752053
mix_UI_ST_5400_815,0.0018680252656914345
cauldron_ln_20769,0.6989780207682655
cauldron_ln_5934,0.7686204238057592
cauldron_ln_7235,0.6255573259658366
cauldron_ln_10535,0.8476523978166924
cauldron_ln_15308,0.6301505379916397
mix_UI_ST_5400_140,0.003078790874108105
cauldron_ln_14610,0.7684566779154521
cauldron_ln_17525,0.7279386581982833
mix_UI_ST_5400_1183,0.0016618060668874988
mix_UI_ST_5400_340,0.0014139192483813476
mix_SI_UT_5400_1297,0.0024635757314868667
mix_SI_UT_5400_723,0.0028078551140048352
cauldron_ln_16649,0.7691112849678539
cauldron_ln_25084,0.6886312618425807
mix_SI_UT_5400_39,0.0015485307500885386
mix_SI_UT_5400_175,0.0020618560627792136
cauldron_ln_29494,0.6734621345743962
cauldron_ln_5166,0.5033277930068537
cauldron_ln_8286,0.7791857432772935
cauldron_ln_10043,0.7348335451544366
cauldron_ln_12975,0.7867881463003442
mix_UI_ST_5400_677,0.001172241992452549
cauldron_ln_19424,0.6842583454124725
cauldron_ln_9227,0.7903564030105253
cauldron_ln_18688,0.7305911203140305
cauldron_ln_14727,0.6303364405291024
cauldron_ln_4613,0.8169111801690357
mix_UI_ST_5400_961,0.002629776559803635
cauldron_ln_29632,0.7271178427824732
cauldron_ln_20245,0.7127856541608241
mix_UI_ST_5400_490,0.0014026727282218851
cauldron_ln_19982,0.8056007894773535
cauldron_ln_19860,0.6479545602823258
cauldron_ln_12567,0.6379103429812691
cauldron_ln_10960,0.6858105618184018
cauldron_ln_292,0.6817009832058408
cauldron_ln_8476,0.5318534458451666
mix_UI_ST_5400_290,0.0022270462206764106
cauldron_ln_7469,0.5512748839762667
mix_SI_UT_5400_1463,0.0023441887781111763
cauldron_ln_3301,0.778323791913284
mix_SI_UT_5400_1156,0.002351274715013342
mix_UI_ST_5400_1037,0.002853359507837351
mix_UI_ST_5400_884,0.0012809141304498566
cauldron_ln_14272,0.734553726973221
cauldron_ln_9797,0.659064087816217
cauldron_ln_10093,0.7506372107422564
cauldron_ln_22978,0.7961052119522346
mix_UI_ST_5400_1057,0.0018440915464557673
mix_UI_ST_5400_1038,0.0013602157383396608
cauldron_ln_28643,0.8520992873846134
cauldron_ln_29837,0.7211947147991254
cauldron_ln_5467,0.7999547708755421
mix_UI_ST_5400_1406,0.0024570286104258028
mix_SI_UT_5400_703,0.0014053642156886034
cauldron_ln_6245,0.7276984365288383
cauldron_ln_9488,0.7534194441239811
mix_UI_ST_5400_1074,0.0018294543343111288
mix_SI_UT_5400_990,0.0016646668755439984
cauldron_ln_19042,0.7445796963710305
cauldron_ln_1905,0.5476389272757543
cauldron_ln_17257,0.5471109910099782
mix_SI_UT_5400_163,0.0017979896118831805
mix_SI_UT_5400_56,0.0009025117508354216
mix_SI_UT_5400_1275,0.002621918158987384
mix_UI_ST_5400_756,0.0014347188003773618
mix_UI_ST_5400_871,0.001498828968755154
cauldron_ln_11812,0.79053580451327
cauldron_ln_21560,0.8063167015865649
mix_UI_ST_5400_940,0.0009899953178193616
mix_UI_ST_5400_1053,0.002489234609780748
cauldron_ln_4696,0.7614785834540322
cauldron_ln_6195,0.7625298669167029
cauldron_ln_3023,0.6808961960607184
mix_SI_UT_5400_992,0.0014856898781904105
cauldron_ln_27398,0.6707899165596105
mix_SI_UT_5400_63,0.0025236173686582733
mix_SI_UT_5400_94,0.0017301514527669247
mix_SI_UT_5400_318,0.002281923075901099
mix_SI_UT_5400_1323,0.0029536165133387596
mix_UI_ST_5400_1032,0.002267385528582415
mix_UI_ST_5400_103,0.0031068899853108007
cauldron_ln_26420,0.574249822870833
cauldron_ln_2552,0.6320441705485238
cauldron_ln_5154,0.5732698835196748
cauldron_ln_11406,0.6952759537519704
mix_SI_UT_5400_750,0.0010219918503119839
cauldron_ln_2617,0.7529480150378558
cauldron_ln_11091,0.749040456584529
mix_UI_ST_5400_1316,0.003314730895611147
cauldron_ln_17313,0.7912067465284008
cauldron_ln_19227,0.749184557955031
mix_UI_ST_5400_797,0.0015599639121861026
cauldron_ln_3934,0.7511146355147212
mix_UI_ST_5400_890,0.0009026336753696387
cauldron_ln_13483,0.7782396671298096
mix_SI_UT_5400_347,0.0019079094869040073
mix_UI_ST_5400_1376,0.0017822415803933306
cauldron_ln_27786,0.6794355646463445
mix_SI_UT_5400_1176,0.0023888243310080906
mix_SI_UT_5400_709,0.002149634521447639
mix_UI_ST_5400_1305,0.0015012364294643011
mix_SI_UT_5400_1196,0.0019868686486203815
mix_SI_UT_5400_66,0.0013690845202526515
cauldron_ln_2952,0.7487417595456457
mix_SI_UT_5400_820,0.0024122808464692867
mix_UI_ST_5400_1215,0.001813239693265994
mix_UI_ST_5400_587,0.0019335472627851676
mix_UI_ST_5400_119,0.0015392126697316173
cauldron_ln_8595,0.695848930732795
cauldron_ln_21572,0.7979551958781874
mix_SI_UT_5400_506,0.0023032193512462227
cauldron_ln_9129,0.7080555137073684
mix_UI_ST_5400_1448,0.0014247267284286866
mix_SI_UT_5400_1287,0.0024819070261149086
mix_SI_UT_5400_1171,0.0018714770382428556
cauldron_ln_10294,0.7268573240446096
cauldron_ln_2792,0.6617771628194002
mix_UI_ST_5400_1117,0.0022136512132993704
mix_SI_UT_5400_1162,0.002288385459566005
mix_SI_UT_5400_647,0.001958642431932681
cauldron_ln_1737,0.753212128423179
cauldron_ln_26629,0.660686728319038
mix_UI_ST_5400_536,0.0020292312338300654
cauldron_ln_8951,0.5641624355463822
cauldron_ln_18333,0.7575310472894661
mix_SI_UT_5400_90,0.0016040253452094208
mix_SI_UT_5400_398,0.0033852166070828726
mix_UI_ST_5400_20,0.0014672033728664266
mix_SI_UT_5400_510,0.001711833021675927
cauldron_ln_11316,0.6714949953639
mix_SI_UT_5400_1034,0.00200039348024333
cauldron_ln_15570,0.7295692230392608
mix_SI_UT_5400_605,0.0013323682941310342
mix_UI_ST_5400_400,0.0022726165754068366
mix_UI_ST_5400_1313,0.001909631135691797
cauldron_ln_12526,0.6684328353630344
mix_UI_ST_5400_65,0.001947252737381389
cauldron_ln_12524,0.6926247294129669
mix_UI_ST_5400_618,0.0020302219348053794
mix_UI_ST_5400_1022,0.0019469802048810993
cauldron_ln_11197,0.7110168602645484
mix_UI_ST_5400_935,0.002566411876488461
mix_SI_UT_5400_1060,0.0013268849054259022
mix_UI_ST_5400_1499,0.0021199768411466944
cauldron_ln_16151,0.7804157209057571
cauldron_ln_28695,0.7595308450826858
mix_SI_UT_5400_1201,0.0020732131859492885
mix_SI_UT_5400_677,0.0016383312902718693
cauldron_ln_21122,0.6962268307089503
cauldron_ln_17941,0.7243389739280847
mix_UI_ST_5400_109,0.0017038292758105868
mix_UI_ST_5400_1369,0.0019463134352862889
cauldron_ln_11206,0.7987638640324419
mix_UI_ST_5400_363,0.002057270970182669
cauldron_ln_18889,0.667132704461707
cauldron_ln_16627,0.6560646162194019
mix_UI_ST_5400_215,0.0017920305071279844
mix_SI_UT_5400_787,0.002069702620773276
cauldron_ln_19188,0.697957829731598
mix_UI_ST_5400_727,0.002108451979148029
mix_SI_UT_5400_1291,0.001835644480219317
cauldron_ln_16876,0.7811956656564483
mix_SI_UT_5400_628,0.001323354423966863
mix_SI_UT_5400_1491,0.002089085783332271
mix_UI_ST_5400_116,0.0015013557284310032
mix_SI_UT_5400_165,0.0012965728045815034
mix_UI_ST_5400_310,0.002203396679643293
mix_SI_UT_5400_42,0.0014423315307856349
cauldron_ln_10702,0.7050182200793779
cauldron_ln_551,0.5866294920239125
mix_SI_UT_5400_1095,0.001512197172121214
mix_UI_ST_5400_1375,0.002142616905499037
mix_SI_UT_5400_227,0.00140622770717401
cauldron_ln_12856,0.7948357075979039
cauldron_ln_16814,0.6949168691694483
mix_SI_UT_5400_1067,0.001634944649641539
mix_SI_UT_5400_761,0.002379077526977866
mix_UI_ST_5400_638,0.0024606282338018783
cauldron_ln_8354,0.5901006287748874
mix_SI_UT_5400_870,0.0018219314721485893
cauldron_ln_20532,0.5442465475350409
mix_SI_UT_5400_1131,0.0020130541482042217
cauldron_ln_16990,0.7798720797614836
mix_UI_ST_5400_453,0.002493538403446279
cauldron_ln_27341,0.724009702610218
mix_UI_ST_5400_742,0.0018370570862794725
cauldron_ln_10102,0.663078890561628
cauldron_ln_19268,0.7189265489398976
mix_SI_UT_5400_1020,0.0019249151767355573
mix_SI_UT_5400_640,0.0023939633107270208
cauldron_ln_24030,0.6906294578928075
cauldron_ln_22734,0.6473870783073242
mix_SI_UT_5400_297,0.0014388915391823375
cauldron_ln_28191,0.7290330813392649
mix_UI_ST_5400_987,0.002312329060488536
mix_UI_ST_5400_1330,0.0014036221861720884
mix_UI_ST_5400_1365,0.0022694926694484447
mix_UI_ST_5400_646,0.0016484188589023516
mix_UI_ST_5400_1177,0.0026202510744268836
mix_SI_UT_5400_466,0.0020530380590153647
mix_SI_UT_5400_1030,0.002702307565858892
cauldron_ln_22793,0.7166067671775083
mix_SI_UT_5400_191,0.0018481900738872706
cauldron_ln_16120,0.802621645699098
cauldron_ln_14405,0.7232193067806186
mix_SI_UT_5400_1016,0.0017470109630546926
cauldron_ln_2353,0.7887982347940731
cauldron_ln_12156,0.7381111301217665
mix_SI_UT_5400_1165,0.0018063056032610917
cauldron_ln_2849,0.7861684336253809
cauldron_ln_21994,0.718710184655169
mix_UI_ST_5400_518,0.002086267897575058
mix_UI_ST_5400_102,0.0013756095600278746
cauldron_ln_6351,0.7930710707073679
mix_UI_ST_5400_1455,0.002421229715213769
cauldron_ln_23178,0.7168957396723035
cauldron_ln_27407,0.6507822170657233
mix_UI_ST_5400_191,0.001184151809007979
mix_SI_UT_5400_1077,0.0017781843695986964
mix_SI_UT_5400_1133,0.001301620345398301
cauldron_ln_4938,0.6279805710008811
cauldron_ln_21921,0.7017287979974817
cauldron_ln_13541,0.741147165772235
mix_SI_UT_5400_1083,0.0015296714338212882
mix_SI_UT_5400_982,0.0030566465729042584
mix_UI_ST_5400_1274,0.0024573174702265327
mix_SI_UT_5400_319,0.0017852661875588786
cauldron_ln_14617,0.7509712413383345
cauldron_ln_8799,0.7765280608532704
cauldron_ln_28059,0.7111627210568638
cauldron_ln_4886,0.7211124908845558
cauldron_ln_28020,0.75049123349806
cauldron_ln_16757,0.7581022605582752
mix_SI_UT_5400_447,0.0014934654568011054
cauldron_ln_18251,0.7425480398111275
cauldron_ln_388,0.6514969913847197
mix_UI_ST_5400_765,0.0016441043377952587
mix_UI_ST_5400_1459,0.0013408935868531968
cauldron_ln_4616,0.7303139019431255
mix_UI_ST_5400_80,0.0027746242717760733
cauldron_ln_14057,0.6794042768105801
cauldron_ln_27635,0.6214869459806512
cauldron_ln_5993,0.6279052870174322
mix_UI_ST_5400_1485,0.0011130535729965492
cauldron_ln_1085,0.5753831008232997
mix_SI_UT_5400_145,0.0015460768032785114
mix_UI_ST_5400_338,0.0019007445144353383
mix_SI_UT_5400_1474,0.0026486782298663497
cauldron_ln_29757,0.7381706498862608
mix_UI_ST_5400_177,0.002094129493349546
mix_UI_ST_5400_1360,0.0015218450299981242
cauldron_ln_6321,0.7778244441540842
mix_SI_UT_5400_170,0.00202572556635934
mix_UI_ST_5400_101,0.00168604953942997
cauldron_ln_13567,0.7774241018612854
mix_UI_ST_5400_64,0.0021019655950819836
mix_SI_UT_5400_1031,0.0016106181916353808
mix_SI_UT_5400_1394,0.0026737905854990122
mix_UI_ST_5400_915,0.002633400529409479
cauldron_ln_22282,0.7689240396941612
mix_SI_UT_5400_985,0.002270160229305302
mix_SI_UT_5400_843,0.001220128730775703
mix_UI_ST_5400_164,0.002117954783220811
cauldron_ln_5061,0.7639917648777405
mix_SI_UT_5400_1161,0.0021143311794228395
mix_SI_UT_5400_1295,0.0026131197684020305
cauldron_ln_17267,0.7520100423003703
mix_UI_ST_5400_1201,0.0024778786583165113
mix_UI_ST_5400_1100,0.002264468278114838
cauldron_ln_12219,0.7902556111140407
mix_UI_ST_5400_924,0.0018933184630406793
cauldron_ln_22117,0.6304851038145517
mix_SI_UT_5400_1294,0.0020719541815077693
cauldron_ln_26785,0.7903332179752611
mix_UI_ST_5400_881,0.001354047142299441
cauldron_ln_13187,0.6968447917455899
mix_UI_ST_5400_258,0.0025689208867979456
mix_SI_UT_5400_1149,0.0017389778297131782
cauldron_ln_9727,0.7259471532490257
cauldron_ln_13883,0.7360407480216717
cauldron_ln_19802,0.8220706036468316
mix_SI_UT_5400_484,0.002792412225954292
cauldron_ln_9822,0.7494232466909128
mix_UI_ST_5400_613,0.0013905145030030535
cauldron_ln_12663,0.6242726033638454
cauldron_ln_21390,0.7860796675946118
cauldron_ln_23171,0.642070691132722
cauldron_ln_8811,0.829725112099601
cauldron_ln_22196,0.6185128347975049
mix_UI_ST_5400_416,0.0023776822363341488
mix_SI_UT_5400_841,0.0019409412635025595
cauldron_ln_1700,0.6608544191172566
cauldron_ln_13873,0.7161861801330373
mix_UI_ST_5400_74,0.002509243349494703
cauldron_ln_14550,0.722953090307905
mix_UI_ST_5400_32,0.0013629614352837502
cauldron_ln_3115,0.708954455714327
cauldron_ln_24374,0.7801410700358778
mix_UI_ST_5400_833,0.002002636107005674
cauldron_ln_13932,0.5424286994488507
cauldron_ln_6254,0.7309892842682546
mix_UI_ST_5400_605,0.00201145665911521
mix_SI_UT_5400_1373,0.0024218791520557994
cauldron_ln_10763,0.7369204842182727
mix_SI_UT_5400_850,0.0012564489623613452
mix_SI_UT_5400_1228,0.0016294332456279136
cauldron_ln_46,0.6457373856281095
cauldron_ln_11565,0.7565984335375766
cauldron_ln_13222,0.7837487664177905
cauldron_ln_6110,0.7260689920564628
cauldron_ln_10651,0.7886079374395448
mix_SI_UT_5400_235,0.0015865397859143198
mix_UI_ST_5400_1018,0.0028152888085939483
cauldron_ln_17703,0.7995229653134582
mix_SI_UT_5400_312,0.002265135292664605
mix_UI_ST_5400_327,0.00167783381997459
cauldron_ln_29565,0.672211120666938
mix_SI_UT_5400_954,0.0018394540293993876
cauldron_ln_26361,0.6948705290508879
mix_UI_ST_5400_430,0.0013817000468851549
cauldron_ln_9214,0.6958263268871794
cauldron_ln_23483,0.7478121977712859
mix_UI_ST_5400_893,0.002824485741135783
cauldron_ln_3213,0.7404959655978035
mix_SI_UT_5400_188,0.002463993466867098
mix_UI_ST_5400_900,0.002004217329244363
cauldron_ln_2426,0.7587338306439415
cauldron_ln_4730,0.7378111302212308
cauldron_ln_26556,0.7379274475544462
mix_SI_UT_5400_498,0.0010099003958764232
cauldron_ln_13210,0.6613557664464169
cauldron_ln_8709,0.7841262511548112
cauldron_ln_16171,0.7544529775062007
cauldron_ln_19077,0.7201131434543744
mix_UI_ST_5400_809,0.0020736309510855123
cauldron_ln_11755,0.7429742452608666
cauldron_ln_1604,0.6914942467984563
mix_SI_UT_5400_986,0.001875016695800192
cauldron_ln_10112,0.7525920636822714
cauldron_ln_5193,0.7518258416749595
cauldron_ln_4279,0.7640751217554465
mix_UI_ST_5400_1259,0.0017703926807241493
mix_SI_UT_5400_1486,0.0031704707803799858
cauldron_ln_16846,0.5301874488733318
mix_UI_ST_5400_1098,0.0027643927429520333
cauldron_ln_24733,0.6178636088771715
cauldron_ln_201,0.7198421031876236
cauldron_ln_18456,0.7522347965234146
cauldron_ln_17192,0.7489888476398001
cauldron_ln_3742,0.6255807125757479
cauldron_ln_17663,0.6976408261340191
cauldron_ln_29513,0.7322419980332555
cauldron_ln_903,0.743241543567119
cauldron_ln_5296,0.7637685256597471
mix_SI_UT_5400_582,0.0025792851369600424
mix_SI_UT_5400_114,0.0019337712028815715
mix_SI_UT_5400_450,0.0014143199508847414
cauldron_ln_24575,0.7669264682864217
cauldron_ln_22199,0.6752062740941763
cauldron_ln_2750,0.7956418325789776
cauldron_ln_15721,0.7414285571515175
cauldron_ln_17286,0.5711726685938304
mix_SI_UT_5400_1308,0.0009389324164740065
cauldron_ln_4939,0.6837047069896417
cauldron_ln_8584,0.6789025832662854
cauldron_ln_20168,0.6987914776339275
mix_SI_UT_5400_88,0.002198113469870636
mix_UI_ST_5400_673,0.0024189426069949806
mix_SI_UT_5400_536,0.001129829054814646
mix_UI_ST_5400_811,0.002469354314431094
mix_SI_UT_5400_989,0.0016812729434330786
mix_SI_UT_5400_1213,0.0012860143587641024
mix_SI_UT_5400_1439,0.0016324609152676046
cauldron_ln_25128,0.7359594166374329
mix_UI_ST_5400_3,0.002191639371745713
mix_SI_UT_5400_1494,0.00173337658269823
mix_SI_UT_5400_471,0.00290454641405077
cauldron_ln_270,0.5905658887222911
mix_UI_ST_5400_429,0.0018663710263581153
mix_UI_ST_5400_1379,0.0019307188429562002
cauldron_ln_26893,0.7340622110117
cauldron_ln_26286,0.7446218492764869
cauldron_ln_25156,0.6776956872330816
mix_UI_ST_5400_226,0.0020329763057462197
cauldron_ln_5691,0.7833771575227926
mix_SI_UT_5400_7,0.001496682864162031
cauldron_ln_4943,0.7500154545801572
cauldron_ln_22661,0.7462198759988762
cauldron_ln_11972,0.6351697260661407
cauldron_ln_13201,0.767515772349644
cauldron_ln_10874,0.5472567800811325
cauldron_ln_20523,0.666573290876337
mix_SI_UT_5400_1183,0.0018771315437421522
cauldron_ln_26443,0.7063278906169639
cauldron_ln_29537,0.748782147967816
cauldron_ln_24190,0.8364859425720232
cauldron_ln_7865,0.5721696277696027
mix_UI_ST_5400_722,0.002774887370679441
cauldron_ln_21891,0.7722128286574845
mix_SI_UT_5400_375,0.0014648061527136828
mix_SI_UT_5400_1467,0.0017010678674492434
cauldron_ln_9287,0.48030641998323875
cauldron_ln_25674,0.6506226823573937
cauldron_ln_529,0.6102129082584278
cauldron_ln_26169,0.60262793912956
cauldron_ln_27183,0.8445821389176463
mix_UI_ST_5400_1110,0.0016991538831174103
cauldron_ln_9816,0.7034436770749007
cauldron_ln_8424,0.7541196085844432
cauldron_ln_10420,0.7507130561820632
cauldron_ln_13707,0.6489889278072736
mix_UI_ST_5400_195,0.002606309260665409
mix_UI_ST_5400_1270,0.0019190079707174699
mix_SI_UT_5400_1462,0.0014778442112235316
mix_SI_UT_5400_863,0.0018645066196963634
cauldron_ln_24863,0.7505975880967863
cauldron_ln_20568,0.7279785378096492
cauldron_ln_21554,0.6716669792426155
mix_UI_ST_5400_407,0.0016284460953164572
cauldron_ln_6392,0.6728022470689842
cauldron_ln_2802,0.5130210778723687
mix_SI_UT_5400_630,0.0012864778654427455
mix_SI_UT_5400_659,0.001885116865302366
cauldron_ln_28231,0.7976762883368775
cauldron_ln_26508,0.6906496023352509
cauldron_ln_6278,0.7442724846586087
mix_SI_UT_5400_1317,0.0012303169521314398
mix_SI_UT_5400_1145,0.0022745984722257915
cauldron_ln_6555,0.5086546490014607
mix_SI_UT_5400_100,0.001770264050438365
cauldron_ln_5877,0.6880418976773172
cauldron_ln_17291,0.6429431492336001
cauldron_ln_22147,0.7433300736960136
mix_SI_UT_5400_64,0.001746470177522691
mix_SI_UT_5400_1157,0.0020066312881956714
mix_SI_UT_5400_786,0.002341281060381389
cauldron_ln_23534,0.7096662282402821
mix_UI_ST_5400_1167,0.002609206641232726
mix_UI_ST_5400_38,0.002503050545288632
mix_UI_ST_5400_768,0.0014701729424866626
cauldron_ln_2478,0.8218100671667663
cauldron_ln_29659,0.7130129364682329
cauldron_ln_7994,0.7950196060652215
cauldron_ln_26442,0.7312837958830845
cauldron_ln_22144,0.8231201764805971
cauldron_ln_16059,0.793504659455493
cauldron_ln_25931,0.7211472730769591
mix_UI_ST_5400_597,0.001478056000188131
mix_UI_ST_5400_440,0.0015948268514334102
mix_UI_ST_5400_464,0.0025597180991719743
cauldron_ln_9243,0.674790792697521
cauldron_ln_237,0.5825472585655284
cauldron_ln_29412,0.7553285443434475
mix_UI_ST_5400_974,0.0023401734322471565
mix_UI_ST_5400_1014,0.002115792479033054
cauldron_ln_24161,0.6801440791541579
cauldron_ln_10127,0.6937590728072917
mix_UI_ST_5400_1229,0.002017484251172947
cauldron_ln_1812,0.7669327098064475
mix_SI_UT_5400_544,0.0012840080525602627
cauldron_ln_17581,0.7032144242608384
cauldron_ln_5294,0.6429207604677178
cauldron_ln_1885,0.7596572603034017
cauldron_ln_1118,0.5755748222240002
mix_UI_ST_5400_1364,0.0018277780398764636
mix_SI_UT_5400_889,0.002588099871412403
mix_UI_ST_5400_863,0.0026088038620029333
mix_UI_ST_5400_29,0.0018175267018730346
cauldron_ln_27981,0.7181060908171426
cauldron_ln_8018,0.676236227451063
mix_SI_UT_5400_938,0.0015518022401403403
cauldron_ln_29407,0.6117312175352051
mix_UI_ST_5400_1405,0.002661869971376017
mix_UI_ST_5400_1175,0.0015212542390318753
mix_SI_UT_5400_960,0.0026698528845336715
mix_UI_ST_5400_579,0.0016235477762132258
cauldron_ln_11900,0.7392071885457059
cauldron_ln_2799,0.8051183858238441
cauldron_ln_10230,0.7028400504151607
cauldron_ln_13334,0.7446622746399227
mix_UI_ST_5400_355,0.002462824590467156
cauldron_ln_15714,0.6058051752328806
cauldron_ln_14457,0.7191432447875626
mix_UI_ST_5400_1410,0.0020660173391599847
cauldron_ln_11447,0.752980371143928
mix_UI_ST_5400_757,0.0025096480891220684
cauldron_ln_304,0.7095807377653175
cauldron_ln_11256,0.718823460571902
mix_UI_ST_5400_1101,0.0023068222880481067
cauldron_ln_15585,0.5354670536611956
cauldron_ln_29751,0.7182906891796748
cauldron_ln_3304,0.7795176227264835
cauldron_ln_24073,0.6541965953828427
cauldron_ln_3622,0.660043916558966
cauldron_ln_14132,0.7598366720553699
cauldron_ln_20207,0.7407402220988917
cauldron_ln_10890,0.7682464578885351
mix_SI_UT_5400_137,0.0025504339036604646
cauldron_ln_28924,0.7156267286373924
mix_UI_ST_5400_829,0.002143210246845057
cauldron_ln_20124,0.6287743342208063
cauldron_ln_14766,0.7705723543338308
cauldron_ln_25892,0.6754106854917504
cauldron_ln_10053,0.7473341962035085
cauldron_ln_13970,0.6478377922171124
mix_UI_ST_5400_1277,0.002496643127585225
mix_UI_ST_5400_643,0.0035317324809706766
cauldron_ln_853,0.6251229376811662
mix_SI_UT_5400_1246,0.0023247813284031286
mix_SI_UT_5400_745,0.0011663734450791205
cauldron_ln_23133,0.5811026357554809
mix_UI_ST_5400_35,0.002871330889758515
cauldron_ln_2988,0.7714890342002821
cauldron_ln_22539,0.5670219637361357
cauldron_ln_4695,0.5708034809397163
mix_UI_ST_5400_316,0.0019333751158343623
mix_SI_UT_5400_1082,0.0020263639620686155
mix_SI_UT_5400_1393,0.0033832958207984346
cauldron_ln_6003,0.6962090232155713
cauldron_ln_19998,0.7916158057477161
cauldron_ln_14071,0.6846380195816296
cauldron_ln_27368,0.7743958719704148
cauldron_ln_23341,0.6322891243462498
cauldron_ln_28823,0.6464508023505099
mix_SI_UT_5400_1351,0.0023102333002609702
cauldron_ln_184,0.6245684289558976
cauldron_ln_23698,0.6968429934972616
mix_SI_UT_5400_1049,0.001935328988530809
mix_SI_UT_5400_150,0.001444091442065716
mix_SI_UT_5400_228,0.002718639513154576
cauldron_ln_7985,0.7671944288901998
cauldron_ln_5276,0.4799472180809966
cauldron_ln_9809,0.6224867440772862
mix_UI_ST_5400_830,0.0020801093258460044
cauldron_ln_18554,0.7710507312275088
mix_SI_UT_5400_1219,0.0016848091135160711
cauldron_ln_13949,0.7061556784074479
cauldron_ln_12345,0.725646915405826
cauldron_ln_258,0.6181674866862712
mix_SI_UT_5400_1212,0.001365904393215787
cauldron_ln_85,0.6382394867081502
mix_SI_UT_5400_577,0.0017878062270943187
mix_SI_UT_5400_652,0.0018351700845400626
cauldron_ln_28833,0.7300937357038988
cauldron_ln_27481,0.7385238481545829
mix_SI_UT_5400_973,0.0012044151399316161
mix_SI_UT_5400_1241,0.0018183482780018525
cauldron_ln_15933,0.7310908380053781
mix_UI_ST_5400_69,0.001198323500535262
cauldron_ln_18595,0.7411060673066533
mix_UI_ST_5400_1193,0.0018131694859949675
cauldron_ln_673,0.6766135231341294
mix_UI_ST_5400_472,0.0019950188822693226
cauldron_ln_1036,0.6660184738687068
cauldron_ln_20242,0.7009498490346571
mix_SI_UT_5400_755,0.002353071680497651
mix_UI_ST_5400_1252,0.0019637477875610477
cauldron_ln_21271,0.8252773490477754
mix_UI_ST_5400_780,0.0015223539773678873
cauldron_ln_8577,0.6715792307034957
cauldron_ln_5176,0.7148154468208489
mix_UI_ST_5400_484,0.0027216969968895436
cauldron_ln_3251,0.6938546173965088
cauldron_ln_11850,0.7150810348555954
cauldron_ln_11722,0.6544799287989386
cauldron_ln_17841,0.7123353347773321
cauldron_ln_10141,0.6735086617688016
mix_SI_UT_5400_255,0.0017618952840239635
mix_SI_UT_5400_48,0.0016980043508293483
mix_UI_ST_5400_723,0.0017571210976115384
mix_SI_UT_5400_1333,0.0018459529891265917
mix_UI_ST_5400_254,0.002533380692083122
cauldron_ln_8812,0.6603680683909586
mix_SI_UT_5400_1422,0.002956871158134994
mix_SI_UT_5400_83,0.0008533314712396938
cauldron_ln_10775,0.7156910204934149
mix_SI_UT_5400_541,0.0018248362714828935
mix_UI_ST_5400_730,0.002655639540119859
mix_SI_UT_5400_91,0.0016560983883494485
mix_UI_ST_5400_1357,0.0024083603511317313
mix_SI_UT_5400_220,0.0018241842951333158
mix_UI_ST_5400_1266,0.0020055289081063517
cauldron_ln_19902,0.765038843644499
mix_SI_UT_5400_426,0.0015688169563115107
mix_SI_UT_5400_1435,0.0019021876111441924
mix_SI_UT_5400_69,0.0019777210995685023
mix_UI_ST_5400_659,0.0025362397890017663
mix_SI_UT_5400_161,0.0013324747150614664
mix_SI_UT_5400_1068,0.0023050629630460063
mix_SI_UT_5400_646,0.0018667469260066215
mix_UI_ST_5400_283,0.0019361224269627162
mix_SI_UT_5400_538,0.0010284729466204245
cauldron_ln_17393,0.8027842599018254
