id,is_member
cauldron_ln_8044,0.6618928
cauldron_ln_7863,0.77740514
mix_SI_UT_5400_19,0.0031798286
mix_SI_UT_5400_896,0.0014704698
cauldron_ln_17842,0.6451147
mix_UI_ST_5400_1010,0.0019722371
mix_SI_UT_5400_1158,0.0013810758
cauldron_ln_5492,0.649243
cauldron_ln_28055,0.81014895
cauldron_ln_15782,0.6280432
cauldron_ln_10896,0.7664176
mix_UI_ST_5400_198,0.002001481
cauldron_ln_14683,0.63124824
mix_UI_ST_5400_1434,0.0018966185
cauldron_ln_15146,0.5190498
cauldron_ln_11421,0.3164343
cauldron_ln_9412,0.6902393
cauldron_ln_23873,0.5658012
cauldron_ln_21744,0.6887149
mix_UI_ST_5400_591,0.0013497126
mix_UI_ST_5400_1048,0.0018817318
cauldron_ln_1835,0.69205934
mix_UI_ST_5400_1353,0.002243596
cauldron_ln_14310,0.70670575
mix_UI_ST_5400_432,0.0018340703
mix_UI_ST_5400_481,0.0021137835
cauldron_ln_12651,0.7531595
cauldron_ln_9528,0.7296736
cauldron_ln_28369,0.60927266
mix_UI_ST_5400_381,0.0011338358
mix_SI_UT_5400_413,0.0028264457
cauldron_ln_11962,0.76346093
cauldron_ln_14987,0.83568937
cauldron_ln_10926,0.5750492
mix_UI_ST_5400_491,0.0015368134
cauldron_ln_7384,0.54726464
mix_UI_ST_5400_1466,0.002271599
mix_UI_ST_5400_1426,0.0025184313
cauldron_ln_29607,0.5750469
cauldron_ln_12404,0.7656836
cauldron_ln_4937,0.64265746
cauldron_ln_10260,0.570183
mix_SI_UT_5400_526,0.0032837007
cauldron_ln_16527,0.8686726
mix_UI_ST_5400_662,0.0026976818
mix_SI_UT_5400_437,0.0022623676
mix_SI_UT_5400_106,0.0015912433
cauldron_ln_7890,0.7095894
mix_SI_UT_5400_1078,0.0016363155
cauldron_ln_11429,0.6691405
mix_SI_UT_5400_30,0.0016282364
mix_UI_ST_5400_1483,0.0024944462
cauldron_ln_7449,0.7037026
mix_UI_ST_5400_1140,0.0021261242
cauldron_ln_24003,0.6823629
cauldron_ln_9540,0.71328896
cauldron_ln_22660,0.83285576
cauldron_ln_1774,0.6796429
mix_UI_ST_5400_629,0.0019094151
cauldron_ln_16259,0.77763706
cauldron_ln_17752,0.8307943
mix_UI_ST_5400_1073,0.0019474549
mix_UI_ST_5400_735,0.0023754102
mix_UI_ST_5400_1045,0.0019061301
mix_SI_UT_5400_397,0.0016454362
cauldron_ln_14219,0.8137732
cauldron_ln_2781,0.5443708
cauldron_ln_22647,0.7166674
cauldron_ln_27463,0.58934015
mix_UI_ST_5400_278,0.0009055764
mix_SI_UT_5400_67,0.0006095701
cauldron_ln_19954,0.60670835
cauldron_ln_14482,0.7932424
mix_UI_ST_5400_1035,0.0015554227
cauldron_ln_27388,0.5788349
mix_UI_ST_5400_95,0.002969417
mix_UI_ST_5400_1026,0.0013491896
mix_SI_UT_5400_300,0.0016927666
cauldron_ln_6757,0.7665918
mix_UI_ST_5400_1169,0.0025900195
mix_SI_UT_5400_635,0.0023539304
mix_SI_UT_5400_478,0.001487164
cauldron_ln_21010,0.5886484
cauldron_ln_17103,0.7492922
cauldron_ln_10561,0.882874
mix_UI_ST_5400_726,0.00241866
mix_UI_ST_5400_676,0.0017236924
cauldron_ln_15332,0.661798
cauldron_ln_23958,0.8368749
cauldron_ln_24104,0.81781346
cauldron_ln_10117,0.6668478
cauldron_ln_23357,0.7789959
mix_SI_UT_5400_208,0.0024321852
cauldron_ln_4968,0.68179935
cauldron_ln_18453,0.76838034
cauldron_ln_28882,0.49058843
mix_UI_ST_5400_46,0.0013006155
cauldron_ln_22611,0.7608617
mix_SI_UT_5400_1336,0.0017173084
cauldron_ln_6047,0.8482064
cauldron_ln_338,0.51928115
cauldron_ln_11367,0.8212709
mix_SI_UT_5400_832,0.002422991
cauldron_ln_5754,0.73501855
cauldron_ln_23839,0.5614643
cauldron_ln_27506,0.773844
mix_UI_ST_5400_1243,0.0020515556
mix_UI_ST_5400_76,0.0010340913
mix_SI_UT_5400_269,0.0013041564
cauldron_ln_8533,0.8016736
mix_SI_UT_5400_1040,0.0011842517
mix_UI_ST_5400_1211,0.0010635782
cauldron_ln_2986,0.80870014
cauldron_ln_907,0.7544177
cauldron_ln_19397,0.77955073
cauldron_ln_27571,0.79855055
cauldron_ln_14244,0.72689617
mix_SI_UT_5400_486,0.0022645483
cauldron_ln_1145,0.5186654
cauldron_ln_18444,0.7887125
cauldron_ln_1887,0.6194735
mix_SI_UT_5400_400,0.0011214975
mix_UI_ST_5400_347,0.002178674
mix_UI_ST_5400_807,0.0025459148
cauldron_ln_29526,0.70375997
mix_UI_ST_5400_1264,0.0015093912
mix_SI_UT_5400_515,0.001089043
cauldron_ln_16634,0.6741287
mix_SI_UT_5400_588,0.0019652748
cauldron_ln_11925,0.4983034
cauldron_ln_28010,0.6777839
mix_UI_ST_5400_317,0.001289144
mix_UI_ST_5400_299,0.0022383248
mix_UI_ST_5400_1017,0.0015259709
cauldron_ln_15024,0.6263181
cauldron_ln_10384,0.783327
cauldron_ln_20378,0.6180847
cauldron_ln_2969,0.699801
cauldron_ln_27454,0.6638487
mix_SI_UT_5400_533,0.0016474772
cauldron_ln_2106,0.7415059
mix_SI_UT_5400_1140,0.00086326845
mix_SI_UT_5400_58,0.0021540043
mix_SI_UT_5400_880,0.0016932816
mix_SI_UT_5400_166,0.0018878729
cauldron_ln_29932,0.79077405
mix_SI_UT_5400_315,0.0016583265
cauldron_ln_12775,0.8252031
mix_SI_UT_5400_1397,0.0019048605
mix_SI_UT_5400_528,0.0026951712
cauldron_ln_23190,0.77784723
mix_SI_UT_5400_146,0.001001679
cauldron_ln_27258,0.62685734
mix_UI_ST_5400_966,0.0016739744
mix_SI_UT_5400_403,0.0019528489
mix_UI_ST_5400_844,0.0017750324
cauldron_ln_5051,0.7775458
mix_SI_UT_5400_955,0.00068572786
cauldron_ln_10741,0.58945364
cauldron_ln_15949,0.71358985
cauldron_ln_19319,0.77724874
cauldron_ln_18427,0.8786241
mix_UI_ST_5400_487,0.0011397902
cauldron_ln_19269,0.6634633
cauldron_ln_11550,0.51195675
cauldron_ln_3692,0.77914196
cauldron_ln_14785,0.63449425
mix_UI_ST_5400_822,0.0008808315
cauldron_ln_10913,0.7342347
cauldron_ln_607,0.7306521
cauldron_ln_1630,0.69186187
cauldron_ln_2488,0.60975635
cauldron_ln_15622,0.715953
cauldron_ln_22881,0.6655341
mix_SI_UT_5400_1154,0.0019581115
cauldron_ln_29166,0.68227446
cauldron_ln_19244,0.8110903
mix_SI_UT_5400_1352,0.0017704826
cauldron_ln_9689,0.6037973
cauldron_ln_15068,0.76123744
cauldron_ln_11868,0.800465
mix_SI_UT_5400_61,0.0021519933
cauldron_ln_24541,0.7234542
mix_SI_UT_5400_362,0.0013823365
cauldron_ln_1728,0.5464376
mix_SI_UT_5400_1003,0.0024199663
cauldron_ln_21799,0.74825656
cauldron_ln_8077,0.57654375
mix_SI_UT_5400_1039,0.0009281952
mix_SI_UT_5400_1073,0.0014020636
cauldron_ln_15986,0.77633315
cauldron_ln_6543,0.8324483
cauldron_ln_19956,0.6151541
cauldron_ln_7175,0.7770321
cauldron_ln_23407,0.7879303
cauldron_ln_15369,0.7593048
cauldron_ln_16554,0.7972023
cauldron_ln_448,0.6127862
mix_UI_ST_5400_417,0.0009927517
cauldron_ln_22233,0.83568263
cauldron_ln_26043,0.60650826
cauldron_ln_16304,0.7868439
cauldron_ln_14141,0.68130684
cauldron_ln_23630,0.6819512
mix_UI_ST_5400_710,0.0015194374
cauldron_ln_8007,0.77624923
mix_UI_ST_5400_590,0.0016874293
mix_SI_UT_5400_410,0.001619258
cauldron_ln_24925,0.7857997
cauldron_ln_27190,0.77087885
mix_UI_ST_5400_1268,0.0023228785
mix_UI_ST_5400_685,0.0026252985
cauldron_ln_1069,0.52695787
mix_UI_ST_5400_827,0.0024015014
mix_SI_UT_5400_5,0.0020832345
cauldron_ln_27839,0.728877
mix_SI_UT_5400_633,0.0013485297
cauldron_ln_14133,0.83940566
mix_UI_ST_5400_728,0.0019997787
mix_UI_ST_5400_437,0.0022171258
mix_SI_UT_5400_885,0.0020804447
cauldron_ln_4311,0.681681
mix_SI_UT_5400_301,0.002724183
cauldron_ln_12842,0.82153624
mix_UI_ST_5400_83,0.002028024
cauldron_ln_11288,0.871576
cauldron_ln_27828,0.6786988
mix_SI_UT_5400_101,0.0016942458
cauldron_ln_16476,0.79429376
mix_UI_ST_5400_709,0.0020405885
mix_SI_UT_5400_570,0.0011399504
cauldron_ln_19540,0.71319693
cauldron_ln_17829,0.7636811
mix_UI_ST_5400_985,0.0012005834
cauldron_ln_2288,0.766989
cauldron_ln_18551,0.77626455
mix_SI_UT_5400_240,0.0024539523
mix_SI_UT_5400_554,0.001790801
cauldron_ln_26336,0.81810033
cauldron_ln_8102,0.66337395
cauldron_ln_8498,0.53843427
cauldron_ln_16991,0.75400126
mix_UI_ST_5400_149,0.0025231913
cauldron_ln_22346,0.7917202
mix_UI_ST_5400_256,0.0013093549
mix_SI_UT_5400_337,0.0015961257
mix_UI_ST_5400_456,0.0015535962
cauldron_ln_26480,0.7468112
cauldron_ln_29867,0.80637395
mix_SI_UT_5400_1256,0.0011020341
cauldron_ln_917,0.60882664
mix_SI_UT_5400_1001,0.001352461
mix_SI_UT_5400_1141,0.0018815902
cauldron_ln_28787,0.6012858
cauldron_ln_28349,0.6167337
mix_UI_ST_5400_753,0.0015485295
mix_SI_UT_5400_1093,0.0012703036
cauldron_ln_21991,0.5552808
cauldron_ln_22152,0.7381848
mix_SI_UT_5400_1370,0.0018340652
mix_UI_ST_5400_1039,0.0026109149
mix_UI_ST_5400_240,0.0021261526
mix_SI_UT_5400_767,0.0020412917
mix_UI_ST_5400_1093,0.0026164127
cauldron_ln_9330,0.73365134
mix_SI_UT_5400_1447,0.0017541794
mix_SI_UT_5400_553,0.0016320926
cauldron_ln_8874,0.46714017
cauldron_ln_21032,0.75469786
mix_SI_UT_5400_1072,0.0010421125
cauldron_ln_10366,0.7775435
mix_SI_UT_5400_497,0.0013561293
mix_SI_UT_5400_59,0.001152352
cauldron_ln_26771,0.52935594
mix_SI_UT_5400_738,0.0017059896
cauldron_ln_29306,0.6823304
cauldron_ln_4556,0.7394913
cauldron_ln_26578,0.4718086
mix_SI_UT_5400_485,0.0019150823
cauldron_ln_23109,0.7277785
mix_SI_UT_5400_1198,0.0031135962
cauldron_ln_7975,0.83973217
mix_UI_ST_5400_972,0.0020010513
mix_UI_ST_5400_1359,0.0022799259
cauldron_ln_27987,0.7244778
mix_UI_ST_5400_542,0.0020228848
mix_SI_UT_5400_154,0.0019790113
cauldron_ln_22834,0.8476257
cauldron_ln_24422,0.82888806
cauldron_ln_13554,0.8096676
mix_UI_ST_5400_1396,0.0017696442
mix_SI_UT_5400_1412,0.0016764977
mix_SI_UT_5400_123,0.001892433
cauldron_ln_21902,0.5168464
mix_SI_UT_5400_1438,0.0016172188
mix_SI_UT_5400_253,0.0011899525
cauldron_ln_4461,0.72748554
cauldron_ln_8537,0.80994475
mix_SI_UT_5400_1480,0.002233441
mix_UI_ST_5400_1403,0.0022092422
cauldron_ln_4837,0.7253412
mix_UI_ST_5400_1378,0.0018161729
mix_SI_UT_5400_131,0.0022212532
mix_SI_UT_5400_634,0.0029580463
cauldron_ln_18548,0.8156559
mix_UI_ST_5400_206,0.0022144904
mix_SI_UT_5400_1248,0.001148062
mix_UI_ST_5400_1242,0.0027415024
mix_SI_UT_5400_113,0.0016776562
cauldron_ln_11500,0.8653994
cauldron_ln_27731,0.8745755
cauldron_ln_25656,0.7083731
mix_SI_UT_5400_495,0.0016260225
mix_UI_ST_5400_1076,0.0029926028
mix_SI_UT_5400_1151,0.0008996105
cauldron_ln_2570,0.71090966
cauldron_ln_21811,0.72781605
mix_UI_ST_5400_599,0.0009914458
mix_SI_UT_5400_898,0.0021601336
cauldron_ln_11448,0.5383914
cauldron_ln_23188,0.78903866
mix_SI_UT_5400_794,0.0019629279
mix_SI_UT_5400_76,0.0013448226
cauldron_ln_7577,0.8047207
mix_UI_ST_5400_51,0.0021505735
mix_UI_ST_5400_501,0.0017554582
cauldron_ln_4827,0.74744594
mix_UI_ST_5400_698,0.0023916182
cauldron_ln_5162,0.6365552
cauldron_ln_23791,0.77862406
cauldron_ln_15676,0.6175592
cauldron_ln_22291,0.8292458
mix_UI_ST_5400_968,0.0029566642
mix_UI_ST_5400_243,0.002649596
cauldron_ln_19024,0.7930541
mix_UI_ST_5400_558,0.0012144783
mix_UI_ST_5400_637,0.0018393813
mix_UI_ST_5400_1104,0.0018634072
mix_SI_UT_5400_136,0.0026927025
mix_UI_ST_5400_734,0.0026737892
cauldron_ln_9269,0.6629778
cauldron_ln_29302,0.6932908
mix_SI_UT_5400_317,0.0020103632
mix_UI_ST_5400_527,0.003415055
cauldron_ln_13202,0.81284195
mix_UI_ST_5400_786,0.0017420049
cauldron_ln_24382,0.72752875
cauldron_ln_624,0.68883914
cauldron_ln_17587,0.6380318
mix_UI_ST_5400_15,0.0018838914
cauldron_ln_11604,0.7438839
mix_UI_ST_5400_399,0.0011580316
mix_SI_UT_5400_389,0.00224769
mix_SI_UT_5400_812,0.0023988022
mix_UI_ST_5400_697,0.004803981
cauldron_ln_9526,0.7459693
cauldron_ln_18362,0.8365505
mix_SI_UT_5400_130,0.0018607909
cauldron_ln_2881,0.45085868
mix_SI_UT_5400_751,0.0022624787
cauldron_ln_10966,0.6249496
cauldron_ln_16840,0.59732896
cauldron_ln_799,0.73999155
mix_SI_UT_5400_1136,0.0015630719
cauldron_ln_22111,0.638291
mix_SI_UT_5400_1066,0.0010323982
cauldron_ln_10806,0.8058734
cauldron_ln_12532,0.6961728
mix_UI_ST_5400_41,0.0013319231
cauldron_ln_13616,0.7102963
mix_UI_ST_5400_897,0.0015795631
mix_UI_ST_5400_1240,0.0017134292
cauldron_ln_19787,0.71946514
cauldron_ln_23476,0.73838454
cauldron_ln_22959,0.74946123
cauldron_ln_14947,0.7203169
mix_UI_ST_5400_720,0.001667233
cauldron_ln_25188,0.42556584
mix_SI_UT_5400_442,0.0024614106
mix_UI_ST_5400_876,0.0008633363
cauldron_ln_11281,0.7574986
cauldron_ln_5037,0.75397104
cauldron_ln_28724,0.7020712
mix_UI_ST_5400_1160,0.0027556063
mix_SI_UT_5400_202,0.0022383844
mix_UI_ST_5400_828,0.0025254246
cauldron_ln_11913,0.8464328
mix_SI_UT_5400_263,0.0016020417
mix_UI_ST_5400_983,0.0026052461
mix_SI_UT_5400_1368,0.002116528
mix_UI_ST_5400_1489,0.0025916435
cauldron_ln_12257,0.53966683
mix_UI_ST_5400_511,0.001278005
cauldron_ln_21796,0.5986462
cauldron_ln_25860,0.6581483
mix_UI_ST_5400_260,0.0020564417
mix_SI_UT_5400_958,0.0015183273
mix_SI_UT_5400_55,0.0012813958
cauldron_ln_23097,0.80713207
mix_UI_ST_5400_257,0.001544658
mix_UI_ST_5400_24,0.002618417
mix_UI_ST_5400_583,0.0018571527
mix_SI_UT_5400_844,0.0020238266
cauldron_ln_27256,0.6721546
mix_SI_UT_5400_1290,0.0014918254
mix_SI_UT_5400_777,0.0015303851
cauldron_ln_11645,0.51137775
mix_SI_UT_5400_1160,0.0017030516
cauldron_ln_22026,0.58374035
cauldron_ln_12080,0.66000694
mix_UI_ST_5400_1204,0.0029556465
cauldron_ln_25532,0.7996892
mix_SI_UT_5400_728,0.0014900295
cauldron_ln_11946,0.36444694
cauldron_ln_144,0.66222376
mix_UI_ST_5400_598,0.0011155221
mix_UI_ST_5400_1059,0.0012547224
mix_SI_UT_5400_1096,0.0016802577
cauldron_ln_12129,0.82818466
mix_UI_ST_5400_1219,0.0017884108
cauldron_ln_13278,0.73524106
mix_SI_UT_5400_1134,0.0021354244
cauldron_ln_23317,0.6830882
cauldron_ln_1570,0.68566924
cauldron_ln_25425,0.7725825
mix_UI_ST_5400_245,0.0014066409
cauldron_ln_2561,0.8412033
cauldron_ln_13287,0.7672821
mix_SI_UT_5400_339,0.0022662308
mix_SI_UT_5400_1187,0.0022245243
mix_UI_ST_5400_1151,0.002072769
mix_UI_ST_5400_403,0.0026302664
mix_UI_ST_5400_1118,0.0028052041
cauldron_ln_23250,0.6917579
cauldron_ln_7535,0.7528377
cauldron_ln_29018,0.78597283
cauldron_ln_11047,0.74282265
mix_UI_ST_5400_696,0.0010027579
mix_SI_UT_5400_489,0.0019535294
mix_UI_ST_5400_1095,0.0015306963
cauldron_ln_5366,0.6929029
cauldron_ln_22210,0.5917713
cauldron_ln_9069,0.8796247
cauldron_ln_14098,0.53563136
cauldron_ln_22891,0.629131
mix_UI_ST_5400_772,0.0018170375
mix_SI_UT_5400_782,0.0013844847
cauldron_ln_18035,0.7018746
mix_UI_ST_5400_1244,0.0029513035
mix_SI_UT_5400_788,0.001694984
cauldron_ln_14972,0.5758407
cauldron_ln_27687,0.7996161
cauldron_ln_13102,0.4256046
cauldron_ln_26066,0.77207166
mix_UI_ST_5400_885,0.0020818897
cauldron_ln_27591,0.69713473
cauldron_ln_29575,0.39894494
mix_SI_UT_5400_580,0.0014424078
cauldron_ln_679,0.40805456
mix_SI_UT_5400_643,0.0015488983
mix_SI_UT_5400_168,0.0027886038
cauldron_ln_23468,0.78562766
cauldron_ln_3944,0.7598874
cauldron_ln_813,0.6698103
mix_SI_UT_5400_730,0.0022751344
mix_UI_ST_5400_749,0.001813344
mix_UI_ST_5400_156,0.0017219646
cauldron_ln_21960,0.625675
cauldron_ln_577,0.7287923
cauldron_ln_1416,0.6553304
cauldron_ln_5242,0.80731153
mix_UI_ST_5400_167,0.002208599
cauldron_ln_4181,0.7412497
mix_SI_UT_5400_1305,0.0026458886
mix_UI_ST_5400_854,0.0026069407
cauldron_ln_2751,0.753875
cauldron_ln_23293,0.66148525
mix_SI_UT_5400_1366,0.0009562543
cauldron_ln_3838,0.6705777
cauldron_ln_16178,0.64107835
cauldron_ln_100,0.71567094
cauldron_ln_13803,0.8226962
mix_SI_UT_5400_278,0.0024477374
cauldron_ln_10579,0.80683714
mix_UI_ST_5400_66,0.0025226346
cauldron_ln_17426,0.8053057
mix_UI_ST_5400_1090,0.0012274857
cauldron_ln_13716,0.61680806
cauldron_ln_15463,0.6193517
mix_SI_UT_5400_304,0.0016269262
mix_UI_ST_5400_217,0.0012761172
mix_SI_UT_5400_524,0.002385595
cauldron_ln_21604,0.79841286
mix_SI_UT_5400_1404,0.002016883
cauldron_ln_1517,0.73050654
mix_SI_UT_5400_1359,0.0025113858
mix_SI_UT_5400_804,0.0021746662
cauldron_ln_6262,0.75102365
cauldron_ln_27879,0.65653014
mix_SI_UT_5400_865,0.0020018981
mix_SI_UT_5400_868,0.0031261055
mix_SI_UT_5400_606,0.0025361641
mix_UI_ST_5400_1273,0.0016693654
mix_UI_ST_5400_825,0.0013992265
mix_SI_UT_5400_370,0.0010799669
mix_SI_UT_5400_1280,0.0012487735
mix_SI_UT_5400_713,0.0017363755
mix_UI_ST_5400_911,0.0013517482
cauldron_ln_9162,0.58046716
cauldron_ln_7894,0.6670319
mix_UI_ST_5400_1196,0.001194594
cauldron_ln_13609,0.7391472
mix_SI_UT_5400_770,0.0012932749
cauldron_ln_17824,0.4959575
cauldron_ln_4,0.44981682
cauldron_ln_7184,0.72688144
cauldron_ln_12131,0.55213267
cauldron_ln_22906,0.65500486
cauldron_ln_14765,0.6941141
cauldron_ln_10161,0.50656205
cauldron_ln_10400,0.79528743
cauldron_ln_5688,0.72361547
cauldron_ln_24335,0.8470573
mix_UI_ST_5400_1279,0.002047932
cauldron_ln_10067,0.51781416
mix_SI_UT_5400_358,0.002311942
mix_UI_ST_5400_1290,0.0022994385
cauldron_ln_22606,0.46338272
cauldron_ln_8034,0.6896529
mix_SI_UT_5400_246,0.001494633
cauldron_ln_11716,0.650851
cauldron_ln_26040,0.7612943
cauldron_ln_26,0.57068425
mix_SI_UT_5400_670,0.002685573
mix_UI_ST_5400_473,0.0011444079
mix_UI_ST_5400_255,0.0030775869
mix_UI_ST_5400_326,0.0016560591
cauldron_ln_27750,0.6751108
cauldron_ln_5561,0.74644613
cauldron_ln_8660,0.76716906
mix_SI_UT_5400_859,0.001761795
cauldron_ln_23350,0.80096763
cauldron_ln_3842,0.7798282
cauldron_ln_6538,0.6565389
mix_SI_UT_5400_1217,0.0015111422
mix_UI_ST_5400_465,0.0012501981
mix_SI_UT_5400_907,0.0014711306
cauldron_ln_24976,0.6181732
cauldron_ln_1858,0.8427897
cauldron_ln_23568,0.7230321
cauldron_ln_17953,0.71270365
mix_SI_UT_5400_8,0.0026193396
cauldron_ln_28947,0.7177832
mix_SI_UT_5400_1421,0.0015451757
mix_SI_UT_5400_35,0.0020473367
cauldron_ln_2613,0.6777598
mix_UI_ST_5400_88,0.0029075919
mix_UI_ST_5400_73,0.0019094517
mix_UI_ST_5400_1370,0.0020051359
mix_UI_ST_5400_196,0.003167629
mix_UI_ST_5400_408,0.0012748872
mix_UI_ST_5400_651,0.002211758
cauldron_ln_20260,0.83082455
cauldron_ln_111,0.47249296
cauldron_ln_20513,0.6556693
cauldron_ln_3969,0.7393245
cauldron_ln_11963,0.8179149
cauldron_ln_12732,0.5251445
mix_SI_UT_5400_1281,0.003312067
cauldron_ln_22788,0.6843358
cauldron_ln_11793,0.7694154
cauldron_ln_27061,0.84528095
cauldron_ln_3418,0.68977624
cauldron_ln_4130,0.74025804
mix_SI_UT_5400_700,0.0014836998
mix_SI_UT_5400_184,0.001183826
mix_SI_UT_5400_1257,0.0012977194
cauldron_ln_14787,0.8182884
mix_UI_ST_5400_528,0.0018841451
mix_UI_ST_5400_905,0.0022102303
mix_SI_UT_5400_925,0.0025299499
cauldron_ln_707,0.4383616
mix_SI_UT_5400_473,0.002160662
mix_SI_UT_5400_72,0.0019448262
cauldron_ln_28407,0.66667444
mix_UI_ST_5400_634,0.0021162995
cauldron_ln_26101,0.7947292
mix_SI_UT_5400_1348,0.0009940625
mix_SI_UT_5400_592,0.0018275959
cauldron_ln_22926,0.6700412
cauldron_ln_1577,0.7301439
cauldron_ln_3840,0.7176168
cauldron_ln_10875,0.73316073
mix_UI_ST_5400_1493,0.0015288558
cauldron_ln_9804,0.74135923
cauldron_ln_18037,0.6964045
cauldron_ln_8844,0.7169511
cauldron_ln_9144,0.81472546
mix_UI_ST_5400_234,0.0010852804
mix_SI_UT_5400_531,0.0007560603
mix_SI_UT_5400_416,0.0013897576
mix_SI_UT_5400_1185,0.0013279269
mix_UI_ST_5400_304,0.0027347694
mix_UI_ST_5400_1020,0.0027480833
cauldron_ln_21999,0.6641963
mix_UI_ST_5400_272,0.0011920143
mix_UI_ST_5400_139,0.0018367375
cauldron_ln_16553,0.8474254
mix_SI_UT_5400_764,0.0021941524
mix_SI_UT_5400_547,0.0021025215
mix_UI_ST_5400_1184,0.0020541619
mix_UI_ST_5400_1381,0.0022634852
mix_UI_ST_5400_1322,0.0013682239
mix_SI_UT_5400_1041,0.0021414103
mix_SI_UT_5400_200,0.0022186348
cauldron_ln_17601,0.69394624
cauldron_ln_28140,0.7495505
cauldron_ln_11792,0.68367255
cauldron_ln_24762,0.72000813
cauldron_ln_6564,0.8325316
mix_UI_ST_5400_1349,0.0025136254
mix_SI_UT_5400_831,0.002181123
cauldron_ln_24831,0.90152293
cauldron_ln_11818,0.74930304
mix_UI_ST_5400_1136,0.0018132766
mix_UI_ST_5400_1087,0.0009204947
cauldron_ln_23301,0.6982667
cauldron_ln_4432,0.7745146
mix_SI_UT_5400_1022,0.0017005622
mix_UI_ST_5400_209,0.0030806814
cauldron_ln_14925,0.73187554
cauldron_ln_14670,0.54844475
cauldron_ln_29994,0.7590858
mix_UI_ST_5400_1137,0.001548094
cauldron_ln_22708,0.57314
cauldron_ln_17068,0.8156264
mix_SI_UT_5400_376,0.0021697083
mix_UI_ST_5400_1161,0.002444461
cauldron_ln_21019,0.8124407
mix_SI_UT_5400_818,0.0011574952
cauldron_ln_10761,0.6937999
cauldron_ln_21311,0.6457374
mix_UI_ST_5400_261,0.0012369821
cauldron_ln_19211,0.4964037
cauldron_ln_18887,0.71533227
mix_UI_ST_5400_115,0.0013456765
mix_UI_ST_5400_1144,0.0028639555
cauldron_ln_28447,0.73008806
cauldron_ln_10020,0.71804327
mix_SI_UT_5400_1382,0.002044412
cauldron_ln_4115,0.4804918
cauldron_ln_22528,0.8312286
mix_UI_ST_5400_259,0.0012966397
mix_UI_ST_5400_1475,0.0011194278
mix_UI_ST_5400_686,0.0019717594
mix_UI_ST_5400_1267,0.0015753756
mix_UI_ST_5400_1337,0.0021300279
cauldron_ln_18384,0.69880885
mix_SI_UT_5400_395,0.0028526534
cauldron_ln_12872,0.83561087
cauldron_ln_12801,0.49070528
mix_UI_ST_5400_495,0.002168769
mix_SI_UT_5400_1063,0.0019573448
mix_UI_ST_5400_1441,0.0022102892
cauldron_ln_9897,0.77016616
cauldron_ln_6637,0.6695373
cauldron_ln_17975,0.8013309
mix_SI_UT_5400_1000,0.0020282422
mix_SI_UT_5400_314,0.001725082
cauldron_ln_28730,0.85915047
mix_SI_UT_5400_1418,0.0016663315
cauldron_ln_14328,0.73123646
cauldron_ln_9377,0.6692556
mix_SI_UT_5400_177,0.0017554065
mix_SI_UT_5400_775,0.0013526942
mix_UI_ST_5400_931,0.0031826168
cauldron_ln_24695,0.55947673
cauldron_ln_27146,0.7682276
mix_SI_UT_5400_229,0.002140561
cauldron_ln_3454,0.70129275
mix_UI_ST_5400_117,0.002251994
mix_UI_ST_5400_264,0.0026498907
mix_UI_ST_5400_699,0.0008535306
cauldron_ln_7279,0.7805455
cauldron_ln_3634,0.65089756
mix_SI_UT_5400_355,0.0019324973
mix_SI_UT_5400_1456,0.0007926516
cauldron_ln_1775,0.51626706
mix_UI_ST_5400_574,0.0013673628
mix_SI_UT_5400_1375,0.00084704946
cauldron_ln_15192,0.74597234
mix_SI_UT_5400_957,0.0009740494
mix_UI_ST_5400_1097,0.0017423028
cauldron_ln_19944,0.70438826
mix_SI_UT_5400_642,0.0026947637
cauldron_ln_24871,0.6475015
cauldron_ln_17845,0.81709677
mix_UI_ST_5400_1200,0.00194442
mix_UI_ST_5400_1042,0.0015215338
cauldron_ln_14225,0.5363998
mix_SI_UT_5400_46,0.002727097
mix_SI_UT_5400_816,0.002909438
cauldron_ln_7242,0.7703857
mix_UI_ST_5400_576,0.0013341486
cauldron_ln_23682,0.8234345
cauldron_ln_282,0.51558447
mix_UI_ST_5400_1298,0.0011069841
mix_UI_ST_5400_951,0.0017851917
cauldron_ln_27680,0.86272144
cauldron_ln_9697,0.68077856
cauldron_ln_4974,0.5447456
cauldron_ln_10928,0.75246936
mix_UI_ST_5400_852,0.0016499503
cauldron_ln_19496,0.69208676
cauldron_ln_21270,0.75322646
mix_SI_UT_5400_881,0.0017153411
cauldron_ln_11513,0.82550323
cauldron_ln_4536,0.7575906
cauldron_ln_267,0.5254559
cauldron_ln_15229,0.75107676
mix_UI_ST_5400_1088,0.0024695683
cauldron_ln_20409,0.55963004
cauldron_ln_24241,0.7547474
mix_UI_ST_5400_173,0.0005634621
cauldron_ln_2865,0.50992763
cauldron_ln_21754,0.793147
mix_SI_UT_5400_1094,0.0013358752
cauldron_ln_29473,0.78065014
cauldron_ln_12952,0.7890034
mix_SI_UT_5400_1057,0.0010953633
mix_SI_UT_5400_842,0.0020562655
mix_SI_UT_5400_199,0.0019541606
mix_SI_UT_5400_947,0.0017710278
cauldron_ln_10261,0.62719136
cauldron_ln_21853,0.7859859
mix_UI_ST_5400_479,0.003714449
mix_SI_UT_5400_1484,0.0015712656
cauldron_ln_24500,0.85961753
cauldron_ln_22470,0.8158188
mix_SI_UT_5400_494,0.002038394
cauldron_ln_8989,0.69879305
mix_SI_UT_5400_285,0.0022659386
cauldron_ln_22366,0.6011734
cauldron_ln_23547,0.6592787
cauldron_ln_12077,0.66768444
cauldron_ln_18287,0.55222064
mix_SI_UT_5400_79,0.0021917077
mix_SI_UT_5400_1274,0.0018287923
mix_UI_ST_5400_135,0.0018961827
mix_SI_UT_5400_4,0.0011487883
mix_UI_ST_5400_313,0.0014995327
cauldron_ln_28239,0.8745509
cauldron_ln_22435,0.65639627
cauldron_ln_23955,0.7227614
mix_UI_ST_5400_358,0.0022372014
cauldron_ln_15158,0.7150807
cauldron_ln_28153,0.7411997
mix_UI_ST_5400_1306,0.0012056401
cauldron_ln_27377,0.7391907
mix_UI_ST_5400_1127,0.0017419254
cauldron_ln_22043,0.7201686
cauldron_ln_8148,0.7690409
cauldron_ln_28423,0.77600837
cauldron_ln_24261,0.63802123
cauldron_ln_16295,0.28900608
mix_SI_UT_5400_518,0.0024014555
mix_UI_ST_5400_169,0.0015829523
cauldron_ln_28681,0.38951612
cauldron_ln_29551,0.6805734
cauldron_ln_9613,0.5133762
cauldron_ln_28425,0.66488326
cauldron_ln_27791,0.70476085
mix_UI_ST_5400_664,0.002288598
mix_SI_UT_5400_237,0.0019484264
cauldron_ln_1061,0.649198
mix_SI_UT_5400_922,0.0014484008
mix_SI_UT_5400_599,0.000773623
cauldron_ln_16365,0.49765748
cauldron_ln_12138,0.6398512
mix_SI_UT_5400_211,0.001168132
cauldron_ln_15360,0.76638883
mix_SI_UT_5400_961,0.0012098403
cauldron_ln_26558,0.7090044
mix_SI_UT_5400_1319,0.003033735
mix_UI_ST_5400_166,0.00096736796
mix_UI_ST_5400_1055,0.0012316768
mix_UI_ST_5400_759,0.0013342757
cauldron_ln_15915,0.7898766
mix_SI_UT_5400_1182,0.0014132054
cauldron_ln_19229,0.85364395
cauldron_ln_13509,0.85580224
cauldron_ln_14078,0.80944794
cauldron_ln_21191,0.8353709
cauldron_ln_16830,0.5445898
cauldron_ln_2993,0.6594187
mix_UI_ST_5400_1296,0.0016254908
cauldron_ln_18156,0.6754956
cauldron_ln_9290,0.60683167
cauldron_ln_13313,0.4922883
cauldron_ln_16479,0.66053766
cauldron_ln_24995,0.48662487
cauldron_ln_16468,0.867436
mix_UI_ST_5400_952,0.0013602037
mix_SI_UT_5400_974,0.0021880548
mix_UI_ST_5400_323,0.0018044963
mix_SI_UT_5400_386,0.0010311519
cauldron_ln_27476,0.54968137
cauldron_ln_25385,0.78623235
cauldron_ln_29764,0.5222929
cauldron_ln_19917,0.7231862
cauldron_ln_27383,0.7388034
cauldron_ln_8051,0.7069478
cauldron_ln_26037,0.72746867
mix_UI_ST_5400_1081,0.0019172509
cauldron_ln_13295,0.63053364
cauldron_ln_19275,0.78108615
cauldron_ln_19672,0.7029846
cauldron_ln_15785,0.7942285
cauldron_ln_25528,0.7396445
cauldron_ln_12592,0.7853288
cauldron_ln_1072,0.44237217
cauldron_ln_18180,0.75615406
mix_UI_ST_5400_422,0.0019610417
cauldron_ln_16366,0.63762224
mix_SI_UT_5400_704,0.0019043111
cauldron_ln_26356,0.5580867
mix_SI_UT_5400_1258,0.002361874
cauldron_ln_5220,0.8448452
mix_SI_UT_5400_32,0.0017707262
mix_SI_UT_5400_1278,0.0007395328
cauldron_ln_12273,0.7900087
mix_UI_ST_5400_1109,0.0017932643
mix_SI_UT_5400_341,0.0012445345
cauldron_ln_19988,0.39052618
cauldron_ln_22714,0.676871
cauldron_ln_5466,0.72538716
mix_UI_ST_5400_997,0.0011304332
cauldron_ln_7087,0.7110496
cauldron_ln_27022,0.62935627
cauldron_ln_22263,0.8019968
mix_UI_ST_5400_174,0.003714959
mix_SI_UT_5400_1459,0.0024970828
cauldron_ln_17682,0.7011433
mix_UI_ST_5400_523,0.0023090446
cauldron_ln_23193,0.799106
mix_SI_UT_5400_356,0.0018622963
cauldron_ln_17012,0.84159005
mix_UI_ST_5400_151,0.0018583172
cauldron_ln_23472,0.8985298
mix_UI_ST_5400_906,0.001320113
mix_SI_UT_5400_589,0.0033916943
cauldron_ln_14928,0.67115736
mix_UI_ST_5400_559,0.0017790053
mix_UI_ST_5400_1178,0.0020863505
mix_SI_UT_5400_381,0.001458625
mix_SI_UT_5400_15,0.0018241553
mix_UI_ST_5400_1336,0.0011862506
cauldron_ln_18212,0.7834148
cauldron_ln_9393,0.6923701
mix_UI_ST_5400_1366,0.0017109978
cauldron_ln_24724,0.75976557
mix_UI_ST_5400_153,0.0023863532
mix_SI_UT_5400_244,0.0017399323
mix_UI_ST_5400_1182,0.0012816833
cauldron_ln_29642,0.7401634
mix_SI_UT_5400_1236,0.002969804
cauldron_ln_17094,0.6951526
mix_UI_ST_5400_769,0.0017506134
mix_SI_UT_5400_759,0.0011885585
mix_UI_ST_5400_963,0.0012095713
mix_UI_ST_5400_486,0.0016235729
mix_SI_UT_5400_1498,0.0035991322
mix_UI_ST_5400_941,0.0017242513
mix_UI_ST_5400_273,0.0020837092
cauldron_ln_1134,0.7195013
cauldron_ln_17818,0.78566355
cauldron_ln_8160,0.81956226
mix_UI_ST_5400_379,0.0014527203
mix_SI_UT_5400_971,0.0014517668
cauldron_ln_19128,0.72837245
cauldron_ln_28319,0.66044855
cauldron_ln_25271,0.758126
mix_SI_UT_5400_912,0.0015351892
mix_SI_UT_5400_663,0.001566164
cauldron_ln_14414,0.73990256
mix_SI_UT_5400_946,0.0012524996
cauldron_ln_8837,0.6452384
cauldron_ln_15060,0.41465876
mix_UI_ST_5400_1451,0.0024613359
cauldron_ln_7024,0.71187603
cauldron_ln_12838,0.6501659
cauldron_ln_27913,0.62879103
cauldron_ln_6826,0.7877523
cauldron_ln_1377,0.5532551
mix_UI_ST_5400_1320,0.0020396314
cauldron_ln_17505,0.700972
mix_UI_ST_5400_242,0.0020299843
cauldron_ln_10498,0.79686576
mix_UI_ST_5400_917,0.0014313189
mix_UI_ST_5400_8,0.0025337925
cauldron_ln_12260,0.5566867
cauldron_ln_29081,0.8459857
cauldron_ln_18880,0.75586915
cauldron_ln_24910,0.62369883
mix_SI_UT_5400_819,0.0017017177
mix_SI_UT_5400_197,0.0021312342
mix_SI_UT_5400_441,0.002942063
mix_SI_UT_5400_365,0.0012973079
mix_SI_UT_5400_1460,0.0015621955
cauldron_ln_21085,0.7383727
cauldron_ln_18882,0.7260095
mix_SI_UT_5400_883,0.0025124766
cauldron_ln_26626,0.7707524
mix_UI_ST_5400_1354,0.002473909
mix_UI_ST_5400_639,0.0022939404
cauldron_ln_19329,0.7812806
mix_SI_UT_5400_272,0.0019439491
mix_UI_ST_5400_1301,0.0014106479
mix_SI_UT_5400_345,0.0012492012
cauldron_ln_27328,0.8162396
cauldron_ln_760,0.61317354
cauldron_ln_18194,0.82620704
cauldron_ln_4923,0.719272
cauldron_ln_19815,0.8689659
mix_UI_ST_5400_6,0.0017587726
mix_UI_ST_5400_1107,0.0013443852
mix_UI_ST_5400_767,0.0018426224
mix_UI_ST_5400_707,0.0024619598
mix_SI_UT_5400_1440,0.0011884171
cauldron_ln_22592,0.59359443
mix_SI_UT_5400_1153,0.0010633573
mix_UI_ST_5400_1467,0.002237439
cauldron_ln_6244,0.7147293
cauldron_ln_952,0.39574897
mix_UI_ST_5400_853,0.003239218
cauldron_ln_3367,0.6610295
cauldron_ln_7909,0.6331004
mix_UI_ST_5400_418,0.003510846
cauldron_ln_104,0.3665656
mix_SI_UT_5400_690,0.0016161351
mix_SI_UT_5400_1411,0.002228287
cauldron_ln_21039,0.70618707
cauldron_ln_19441,0.7748925
mix_UI_ST_5400_126,0.0017413517
mix_UI_ST_5400_630,0.0012108543
cauldron_ln_12871,0.56035274
mix_SI_UT_5400_996,0.0016098861
cauldron_ln_24918,0.5850078
mix_UI_ST_5400_237,0.0017694556
mix_UI_ST_5400_25,0.0020786251
mix_SI_UT_5400_766,0.0018299827
cauldron_ln_2236,0.6554131
mix_UI_ST_5400_469,0.0012249144
cauldron_ln_4330,0.62294143
mix_SI_UT_5400_1062,0.0019690702
cauldron_ln_15047,0.50103945
mix_SI_UT_5400_913,0.001756671
mix_SI_UT_5400_1365,0.0020346087
cauldron_ln_7687,0.64259124
mix_UI_ST_5400_1116,0.0016281683
cauldron_ln_28037,0.7964571
cauldron_ln_24513,0.76118267
cauldron_ln_17520,0.585401
mix_SI_UT_5400_1355,0.001764253
cauldron_ln_20164,0.6876445
cauldron_ln_18029,0.74373
mix_SI_UT_5400_302,0.003440475
cauldron_ln_15831,0.7729303
mix_SI_UT_5400_293,0.00089964876
cauldron_ln_22601,0.83464867
cauldron_ln_11875,0.73442703
mix_SI_UT_5400_306,0.00095288333
mix_UI_ST_5400_1492,0.0016985969
mix_UI_ST_5400_904,0.0014267926
cauldron_ln_17733,0.8183979
cauldron_ln_5667,0.77778476
cauldron_ln_11601,0.77689546
cauldron_ln_2360,0.6906562
mix_SI_UT_5400_1403,0.0021165675
mix_UI_ST_5400_600,0.0022186434
cauldron_ln_9932,0.73874515
mix_UI_ST_5400_104,0.0011931901
cauldron_ln_713,0.7671409
cauldron_ln_18329,0.7513998
mix_UI_ST_5400_565,0.002239343
cauldron_ln_2667,0.83011496
cauldron_ln_17716,0.83922946
mix_UI_ST_5400_878,0.0026024005
cauldron_ln_9780,0.8922255
mix_SI_UT_5400_1074,0.0011339157
cauldron_ln_17007,0.7276467
mix_SI_UT_5400_521,0.0014915044
mix_SI_UT_5400_322,0.001979127
mix_SI_UT_5400_988,0.0014201191
mix_SI_UT_5400_864,0.001953283
cauldron_ln_21908,0.78653044
cauldron_ln_17746,0.7947799
mix_UI_ST_5400_497,0.0023279872
mix_UI_ST_5400_287,0.00206385
mix_SI_UT_5400_1080,0.0014328859
cauldron_ln_1913,0.74374855
cauldron_ln_4288,0.7435504
mix_SI_UT_5400_192,0.0018932304
cauldron_ln_19235,0.72462976
cauldron_ln_1322,0.3835714
mix_SI_UT_5400_959,0.0013322326
mix_SI_UT_5400_507,0.0013013856
cauldron_ln_532,0.63615626
cauldron_ln_10236,0.8237614
mix_SI_UT_5400_461,0.0014708268
cauldron_ln_16031,0.8290483
cauldron_ln_27268,0.7296343
cauldron_ln_5530,0.7726625
cauldron_ln_13757,0.66426873
mix_UI_ST_5400_354,0.0018040746
mix_UI_ST_5400_1348,0.0016298116
mix_UI_ST_5400_510,0.0013197679
mix_UI_ST_5400_178,0.00089098915
mix_UI_ST_5400_492,0.0023919996
mix_UI_ST_5400_89,0.0012280178
cauldron_ln_28265,0.66828775
cauldron_ln_29227,0.29235044
cauldron_ln_21442,0.7888021
cauldron_ln_5510,0.7945115
cauldron_ln_2423,0.7457467
mix_UI_ST_5400_27,0.002088939
cauldron_ln_17678,0.8194636
mix_UI_ST_5400_1486,0.001896142
mix_UI_ST_5400_1164,0.0012600884
mix_SI_UT_5400_14,0.002192683
cauldron_ln_12076,0.82298905
cauldron_ln_24508,0.60136265
mix_UI_ST_5400_895,0.00094909547
cauldron_ln_28687,0.68465793
cauldron_ln_18429,0.7837765
mix_SI_UT_5400_548,0.0019943092
cauldron_ln_7694,0.7971075
mix_UI_ST_5400_546,0.0018296805
cauldron_ln_1443,0.57297766
mix_SI_UT_5400_85,0.00075905985
mix_UI_ST_5400_328,0.0013618214
mix_UI_ST_5400_396,0.0022217731
cauldron_ln_25899,0.80104697
mix_SI_UT_5400_243,0.0025575696
cauldron_ln_6814,0.7341231
mix_UI_ST_5400_1371,0.0015948322
cauldron_ln_22561,0.41472882
mix_UI_ST_5400_526,0.0023122765
mix_UI_ST_5400_953,0.0013405611
cauldron_ln_9047,0.77099675
cauldron_ln_1851,0.8062979
cauldron_ln_10148,0.7438632
mix_SI_UT_5400_1163,0.0014468479
mix_SI_UT_5400_1222,0.0018408893
mix_SI_UT_5400_791,0.0021532122
mix_UI_ST_5400_1068,0.0018117134
mix_SI_UT_5400_1117,0.0027449098
mix_SI_UT_5400_797,0.0013715312
mix_UI_ST_5400_1284,0.0018944507
cauldron_ln_7231,0.7617615
mix_SI_UT_5400_686,0.0017126348
mix_UI_ST_5400_131,0.0015585352
mix_UI_ST_5400_1304,0.0024059033
mix_UI_ST_5400_205,0.001825207
cauldron_ln_20637,0.7425868
mix_SI_UT_5400_1331,0.002478025
cauldron_ln_7840,0.4927483
cauldron_ln_15445,0.5737077
cauldron_ln_23019,0.7124575
mix_UI_ST_5400_1415,0.0017185989
mix_UI_ST_5400_218,0.001887757
cauldron_ln_12201,0.8322674
mix_SI_UT_5400_221,0.0018910214
cauldron_ln_22418,0.74271536
mix_UI_ST_5400_607,0.0011197723
mix_UI_ST_5400_228,0.0015138247
mix_SI_UT_5400_405,0.003392992
mix_UI_ST_5400_882,0.0018353594
cauldron_ln_12261,0.6904872
mix_SI_UT_5400_181,0.0031149657
mix_UI_ST_5400_222,0.0030837127
cauldron_ln_20062,0.81690055
cauldron_ln_6613,0.7816871
mix_SI_UT_5400_1216,0.0018730012
cauldron_ln_25459,0.79544854
mix_UI_ST_5400_96,0.003179402
mix_SI_UT_5400_424,0.0014913873
mix_UI_ST_5400_703,0.002089137
cauldron_ln_17686,0.8198977
cauldron_ln_14762,0.73851013
mix_UI_ST_5400_1207,0.0017569202
mix_UI_ST_5400_444,0.0019452568
cauldron_ln_22081,0.536162
mix_UI_ST_5400_937,0.0022087144
cauldron_ln_6114,0.8915785
cauldron_ln_20165,0.6385776
mix_SI_UT_5400_87,0.0021315464
cauldron_ln_12084,0.7652359
cauldron_ln_29534,0.8482509
cauldron_ln_12057,0.7586738
mix_SI_UT_5400_1175,0.0011872342
mix_SI_UT_5400_1318,0.0029113144
mix_SI_UT_5400_330,0.003085198
cauldron_ln_28234,0.7592115
mix_SI_UT_5400_664,0.0025807593
mix_SI_UT_5400_893,0.00253845
mix_UI_ST_5400_808,0.0022309092
cauldron_ln_18590,0.67044175
mix_UI_ST_5400_37,0.0029381197
cauldron_ln_14287,0.6057854
mix_SI_UT_5400_1497,0.0045708865
cauldron_ln_14646,0.78656274
mix_UI_ST_5400_312,0.0014936321
mix_UI_ST_5400_58,0.0028113842
cauldron_ln_15106,0.7743557
cauldron_ln_28937,0.66073453
cauldron_ln_9068,0.7598098
mix_SI_UT_5400_1311,0.0016556847
cauldron_ln_11543,0.74523604
cauldron_ln_10436,0.70568234
mix_UI_ST_5400_154,0.002846413
mix_UI_ST_5400_996,0.0020531223
cauldron_ln_5399,0.74398744
mix_SI_UT_5400_714,0.0013233803
cauldron_ln_17677,0.65560895
mix_UI_ST_5400_1206,0.0015246891
cauldron_ln_17744,0.63442373
mix_UI_ST_5400_361,0.0032667506
mix_UI_ST_5400_1232,0.002194193
cauldron_ln_4159,0.7572988
mix_SI_UT_5400_1379,0.00208712
mix_SI_UT_5400_122,0.0012904819
mix_UI_ST_5400_1094,0.0014657241
mix_UI_ST_5400_1157,0.0026516921
mix_SI_UT_5400_618,0.0047313008
cauldron_ln_8745,0.6359936
cauldron_ln_17018,0.54542416
cauldron_ln_12142,0.31174964
mix_UI_ST_5400_936,0.0014390306
mix_UI_ST_5400_971,0.0016875812
mix_UI_ST_5400_223,0.001286252
cauldron_ln_22955,0.7298267
mix_UI_ST_5400_567,0.0028869198
mix_UI_ST_5400_85,0.0033178453
cauldron_ln_3120,0.7251428
mix_SI_UT_5400_1214,0.0018122697
cauldron_ln_4493,0.5884299
cauldron_ln_2793,0.749515
cauldron_ln_22121,0.6033753
mix_UI_ST_5400_348,0.0024856308
cauldron_ln_17747,0.8401688
cauldron_ln_730,0.7195541
mix_UI_ST_5400_1487,0.002184466
cauldron_ln_29277,0.546285
mix_SI_UT_5400_876,0.0011824341
mix_UI_ST_5400_488,0.0026160718
cauldron_ln_18272,0.6659214
cauldron_ln_9694,0.5379516
cauldron_ln_13224,0.8217995
cauldron_ln_23804,0.7386301
cauldron_ln_10404,0.77392656
cauldron_ln_21419,0.7620979
mix_SI_UT_5400_1377,0.0014933015
mix_UI_ST_5400_838,0.002408348
mix_UI_ST_5400_818,0.0019135535
cauldron_ln_23068,0.74208343
cauldron_ln_26121,0.7699472
mix_SI_UT_5400_261,0.0015618979
cauldron_ln_22032,0.7600153
cauldron_ln_13097,0.88126653
cauldron_ln_9075,0.75450885
mix_UI_ST_5400_122,0.0018107083
mix_SI_UT_5400_660,0.0025988433
cauldron_ln_4488,0.77254534
cauldron_ln_15005,0.56861323
cauldron_ln_13020,0.7458707
cauldron_ln_23208,0.6447142
cauldron_ln_19173,0.7359036
mix_SI_UT_5400_1277,0.0021995762
cauldron_ln_20865,0.7098037
mix_SI_UT_5400_707,0.0010288091
mix_SI_UT_5400_722,0.001559224
mix_SI_UT_5400_595,0.0020184154
mix_SI_UT_5400_1283,0.002526524
cauldron_ln_15404,0.5903345
mix_UI_ST_5400_1346,0.0018617795
cauldron_ln_24589,0.7633063
cauldron_ln_3273,0.7653572
cauldron_ln_21894,0.8087946
mix_SI_UT_5400_698,0.0013830898
cauldron_ln_1926,0.72446895
mix_SI_UT_5400_1137,0.0015974379
mix_SI_UT_5400_562,0.002260386
cauldron_ln_8737,0.72702426
cauldron_ln_23765,0.7783173
cauldron_ln_15423,0.6064731
mix_UI_ST_5400_463,0.0019973617
cauldron_ln_9152,0.6155079
cauldron_ln_25713,0.59288335
mix_UI_ST_5400_1340,0.00083637034
mix_SI_UT_5400_1046,0.0020056723
cauldron_ln_29737,0.7166864
cauldron_ln_19616,0.733191
mix_UI_ST_5400_401,0.0009225963
cauldron_ln_29855,0.8769281
mix_UI_ST_5400_293,0.0020945729
mix_UI_ST_5400_152,0.0028116487
cauldron_ln_4566,0.51565915
cauldron_ln_26149,0.56299883
cauldron_ln_3121,0.64434534
mix_UI_ST_5400_467,0.0025255794
cauldron_ln_783,0.3706364
mix_SI_UT_5400_908,0.0015738088
mix_UI_ST_5400_1122,0.0012302048
mix_SI_UT_5400_1303,0.0029751344
cauldron_ln_8140,0.66213083
mix_SI_UT_5400_1239,0.002095486
cauldron_ln_16842,0.6802315
cauldron_ln_8211,0.5936345
cauldron_ln_10395,0.73800087
cauldron_ln_27965,0.59301203
mix_SI_UT_5400_260,0.0020791632
mix_UI_ST_5400_754,0.0020681147
mix_UI_ST_5400_553,0.001003696
cauldron_ln_18735,0.8734817
mix_SI_UT_5400_1407,0.0029095737
mix_SI_UT_5400_1384,0.0026342233
cauldron_ln_11923,0.45081052
mix_UI_ST_5400_964,0.0011721657
cauldron_ln_17263,0.87725693
cauldron_ln_26409,0.51304144
cauldron_ln_19755,0.30477336
cauldron_ln_29941,0.6530305
cauldron_ln_18758,0.6666723
mix_UI_ST_5400_303,0.0014457714
mix_UI_ST_5400_549,0.00173068
mix_SI_UT_5400_1344,0.002456677
mix_UI_ST_5400_1221,0.0026731573
cauldron_ln_11219,0.76361537
cauldron_ln_804,0.7269496
mix_SI_UT_5400_924,0.0015850171
mix_UI_ST_5400_266,0.0019416673
mix_SI_UT_5400_897,0.0012584452
cauldron_ln_14526,0.69968915
mix_SI_UT_5400_431,0.0020019333
cauldron_ln_24533,0.73406726
mix_SI_UT_5400_298,0.0025621867
mix_SI_UT_5400_1304,0.0015756472
cauldron_ln_12514,0.834254
mix_SI_UT_5400_1250,0.0017862865
mix_SI_UT_5400_560,0.00078313873
cauldron_ln_6322,0.58336884
cauldron_ln_7000,0.6288256
cauldron_ln_26584,0.785131
cauldron_ln_9776,0.7433091
mix_UI_ST_5400_805,0.0010072206
mix_UI_ST_5400_594,0.0015614674
cauldron_ln_10902,0.73502386
cauldron_ln_7101,0.8444912
mix_SI_UT_5400_942,0.0017960304
cauldron_ln_16806,0.8536738
cauldron_ln_8162,0.7914324
cauldron_ln_2732,0.681299
cauldron_ln_15859,0.37446842
mix_UI_ST_5400_1124,0.0021311755
cauldron_ln_20975,0.5482531
mix_UI_ST_5400_1397,0.002508109
mix_SI_UT_5400_434,0.0016047843
mix_SI_UT_5400_1166,0.0009922292
cauldron_ln_17249,0.8146035
mix_SI_UT_5400_126,0.0018288872
cauldron_ln_20032,0.7507028
mix_UI_ST_5400_220,0.001573343
mix_SI_UT_5400_326,0.0019547364
mix_SI_UT_5400_836,0.002008121
cauldron_ln_20845,0.63979185
cauldron_ln_19643,0.8381612
mix_UI_ST_5400_679,0.0018644886
cauldron_ln_13175,0.669711
mix_SI_UT_5400_565,0.0022247403
cauldron_ln_28208,0.75349724
cauldron_ln_20628,0.7246283
mix_SI_UT_5400_295,0.0020122898
mix_UI_ST_5400_208,0.0023431424
mix_SI_UT_5400_758,0.0017648014
mix_UI_ST_5400_1213,0.0010063037
mix_SI_UT_5400_739,0.001947312
mix_SI_UT_5400_1360,0.0016219397
cauldron_ln_12098,0.7225229
mix_UI_ST_5400_279,0.002007689
mix_SI_UT_5400_733,0.0038759746
cauldron_ln_23299,0.68058133
cauldron_ln_12530,0.72799706
mix_SI_UT_5400_614,0.0034322974
cauldron_ln_7503,0.65288585
cauldron_ln_17327,0.8053986
mix_UI_ST_5400_1460,0.0028790187
cauldron_ln_278,0.55164415
cauldron_ln_23239,0.56111896
mix_UI_ST_5400_582,0.0018249429
mix_SI_UT_5400_665,0.0016244171
mix_SI_UT_5400_33,0.0013192194
cauldron_ln_9233,0.8791453
mix_UI_ST_5400_1398,0.0015497406
cauldron_ln_15255,0.84405136
cauldron_ln_26580,0.6866502
mix_UI_ST_5400_93,0.001930338
mix_UI_ST_5400_902,0.0015396351
mix_SI_UT_5400_26,0.0020732838
mix_UI_ST_5400_294,0.0014227228
mix_SI_UT_5400_736,0.004369077
cauldron_ln_8388,0.45283583
mix_SI_UT_5400_620,0.0011862348
mix_UI_ST_5400_252,0.0019300864
cauldron_ln_19102,0.57159114
cauldron_ln_2280,0.5997413
cauldron_ln_18189,0.37132666
mix_UI_ST_5400_55,0.0018134044
cauldron_ln_4853,0.64224297
cauldron_ln_15866,0.869674
mix_SI_UT_5400_667,0.0020667964
cauldron_ln_27719,0.70603067
mix_UI_ST_5400_612,0.0026004666
mix_SI_UT_5400_1298,0.003646569
cauldron_ln_2287,0.4837934
cauldron_ln_17282,0.75638187
mix_SI_UT_5400_685,0.0013024849
mix_UI_ST_5400_541,0.0011675117
cauldron_ln_8711,0.84278905
mix_UI_ST_5400_1432,0.0019047862
mix_UI_ST_5400_1382,0.0010902155
mix_SI_UT_5400_1115,0.0012285449
cauldron_ln_13196,0.75799966
mix_UI_ST_5400_185,0.0016157074
cauldron_ln_7583,0.7955336
cauldron_ln_10496,0.67803246
cauldron_ln_617,0.5290537
mix_UI_ST_5400_161,0.0027113652
mix_UI_ST_5400_761,0.0013199112
cauldron_ln_14842,0.7873716
mix_UI_ST_5400_1250,0.0032268385
cauldron_ln_7212,0.84045786
cauldron_ln_14656,0.73988223
cauldron_ln_7924,0.7553621
mix_SI_UT_5400_699,0.0014791412
mix_SI_UT_5400_436,0.00084090733
cauldron_ln_19825,0.7799396
mix_UI_ST_5400_504,0.002518229
cauldron_ln_19005,0.6110917
cauldron_ln_7454,0.81807745
mix_UI_ST_5400_535,0.0013010944
cauldron_ln_10326,0.7977875
cauldron_ln_12254,0.59865093
mix_SI_UT_5400_935,0.0019911446
mix_UI_ST_5400_1199,0.0011652125
cauldron_ln_14377,0.7215734
mix_SI_UT_5400_342,0.0012296846
mix_UI_ST_5400_683,0.002835656
mix_SI_UT_5400_430,0.0018677749
cauldron_ln_28229,0.77023387
mix_UI_ST_5400_1231,0.0010849517
mix_UI_ST_5400_1299,0.0015795903
mix_SI_UT_5400_857,0.0025835373
mix_UI_ST_5400_441,0.0017782891
mix_SI_UT_5400_543,0.00132517
mix_SI_UT_5400_1069,0.0016311614
mix_SI_UT_5400_1052,0.0007997155
mix_UI_ST_5400_649,0.0023146416
mix_SI_UT_5400_608,0.0021330512
cauldron_ln_14130,0.6500768
mix_SI_UT_5400_940,0.0024746729
mix_UI_ST_5400_212,0.0016247049
mix_UI_ST_5400_1141,0.0019017978
mix_UI_ST_5400_741,0.0020994532
mix_SI_UT_5400_828,0.0024285065
cauldron_ln_4509,0.64738655
mix_SI_UT_5400_134,0.0017285517
cauldron_ln_18419,0.6267014
mix_SI_UT_5400_204,0.0018584472
cauldron_ln_27468,0.64646053
cauldron_ln_226,0.69461143
mix_UI_ST_5400_1025,0.002113876
mix_SI_UT_5400_716,0.00225295
cauldron_ln_15743,0.71031016
mix_UI_ST_5400_1056,0.0018135381
mix_SI_UT_5400_793,0.0016159266
cauldron_ln_3064,0.63994217
mix_SI_UT_5400_1015,0.0024625184
mix_UI_ST_5400_748,0.0014683197
cauldron_ln_5547,0.5909071
mix_SI_UT_5400_862,0.0022326908
cauldron_ln_11313,0.69728476
mix_UI_ST_5400_1327,0.0020950842
mix_UI_ST_5400_1021,0.0024268369
mix_UI_ST_5400_367,0.0023799266
cauldron_ln_17980,0.77834177
mix_UI_ST_5400_378,0.001396157
mix_SI_UT_5400_238,0.0021165705
cauldron_ln_8671,0.68225986
cauldron_ln_11814,0.64949274
cauldron_ln_19722,0.82922167
cauldron_ln_24194,0.76909107
cauldron_ln_10608,0.6783703
cauldron_ln_2292,0.4771757
cauldron_ln_579,0.767638
mix_SI_UT_5400_292,0.0016432006
mix_SI_UT_5400_1376,0.0014814403
cauldron_ln_6332,0.66441303
cauldron_ln_23111,0.74382025
mix_UI_ST_5400_329,0.0012433999
cauldron_ln_11130,0.6492724
cauldron_ln_12886,0.76171905
cauldron_ln_25394,0.63065976
cauldron_ln_23734,0.81133825
cauldron_ln_549,0.7545379
mix_SI_UT_5400_504,0.0022064953
mix_UI_ST_5400_48,0.0012277886
mix_UI_ST_5400_180,0.002075321
mix_SI_UT_5400_867,0.0018683048
cauldron_ln_7519,0.78809184
mix_UI_ST_5400_658,0.0025093213
cauldron_ln_28961,0.59458613
mix_SI_UT_5400_257,0.0014915088
cauldron_ln_4877,0.3335268
mix_SI_UT_5400_70,0.001404328
mix_UI_ST_5400_1067,0.002619051
cauldron_ln_5180,0.6971793
cauldron_ln_14553,0.61330664
mix_UI_ST_5400_229,0.0018375237
cauldron_ln_3857,0.7555182
cauldron_ln_22582,0.7401671
mix_SI_UT_5400_455,0.0013473135
cauldron_ln_23335,0.67781013
cauldron_ln_21873,0.73496616
mix_SI_UT_5400_681,0.0028829172
mix_UI_ST_5400_1246,0.0017273616
cauldron_ln_18153,0.8770719
cauldron_ln_13185,0.5968454
cauldron_ln_22572,0.66016567
cauldron_ln_11930,0.62839526
mix_UI_ST_5400_724,0.002497702
cauldron_ln_6146,0.7012953
mix_UI_ST_5400_1484,0.0015660842
cauldron_ln_7131,0.45066974
cauldron_ln_17082,0.7249711
mix_UI_ST_5400_857,0.0015196769
cauldron_ln_10088,0.6922286
cauldron_ln_20,0.46982148
cauldron_ln_17378,0.7161836
mix_UI_ST_5400_1108,0.0027685487
mix_SI_UT_5400_849,0.0025011327
mix_UI_ST_5400_276,0.0019254046
mix_UI_ST_5400_733,0.002051664
mix_SI_UT_5400_1471,0.0021238653
mix_UI_ST_5400_160,0.0029584877
mix_UI_ST_5400_248,0.0025250413
mix_UI_ST_5400_1077,0.0019548305
cauldron_ln_8419,0.8021837
cauldron_ln_10618,0.81892407
mix_UI_ST_5400_653,0.002195601
cauldron_ln_11161,0.6488055
mix_SI_UT_5400_854,0.0017890579
cauldron_ln_7483,0.7886181
cauldron_ln_1950,0.55384696
mix_UI_ST_5400_1145,0.0023822917
cauldron_ln_3949,0.73282003
mix_SI_UT_5400_1101,0.0028309787
cauldron_ln_19357,0.7282724
mix_UI_ST_5400_349,0.0024180238
cauldron_ln_8293,0.76074
mix_SI_UT_5400_385,0.001777415
mix_UI_ST_5400_793,0.0012499392
cauldron_ln_26692,0.8539793
mix_UI_ST_5400_1208,0.0015070101
cauldron_ln_12082,0.77644646
mix_UI_ST_5400_999,0.0026617378
cauldron_ln_26698,0.8029586
cauldron_ln_2232,0.7994864
mix_SI_UT_5400_874,0.0023001716
mix_UI_ST_5400_524,0.00230086
cauldron_ln_4997,0.65605664
mix_SI_UT_5400_726,0.0014799675
mix_SI_UT_5400_34,0.002312644
mix_UI_ST_5400_1225,0.0026885082
cauldron_ln_19681,0.7623885
mix_SI_UT_5400_558,0.00081395975
mix_SI_UT_5400_1402,0.003179789
mix_SI_UT_5400_439,0.0028529086
mix_SI_UT_5400_1174,0.0010684533
cauldron_ln_12748,0.72810346
cauldron_ln_21006,0.7402902
cauldron_ln_23999,0.74874955
mix_SI_UT_5400_182,0.003302306
cauldron_ln_8117,0.81671643
mix_UI_ST_5400_1401,0.002641354
mix_UI_ST_5400_1192,0.0017017631
cauldron_ln_1175,0.615432
cauldron_ln_15358,0.68763894
cauldron_ln_16952,0.5651962
mix_SI_UT_5400_1409,0.0007627684
mix_UI_ST_5400_239,0.0021912176
mix_UI_ST_5400_531,0.0015026947
cauldron_ln_1204,0.5327927
mix_SI_UT_5400_1255,0.0017842886
cauldron_ln_14922,0.737984
mix_SI_UT_5400_1381,0.0019030464
mix_UI_ST_5400_1498,0.0024114938
mix_SI_UT_5400_1008,0.0023706397
mix_UI_ST_5400_512,0.0009137074
mix_UI_ST_5400_1234,0.0020283088
mix_SI_UT_5400_1441,0.0019808467
mix_UI_ST_5400_1408,0.0015588491
mix_SI_UT_5400_1240,0.0012927386
cauldron_ln_16567,0.83215255
mix_UI_ST_5400_1265,0.0023860887
mix_UI_ST_5400_12,0.0017683661
cauldron_ln_25437,0.52929157
cauldron_ln_14719,0.7652214
mix_SI_UT_5400_340,0.0014608254
mix_UI_ST_5400_988,0.0010058978
mix_SI_UT_5400_21,0.0023641405
cauldron_ln_3141,0.6008639
cauldron_ln_2644,0.7948024
mix_SI_UT_5400_693,0.0010796331
mix_SI_UT_5400_419,0.0027252184
mix_SI_UT_5400_1086,0.0017693343
mix_UI_ST_5400_820,0.0019093435
mix_SI_UT_5400_445,0.0021220935
mix_UI_ST_5400_1255,0.001519996
mix_SI_UT_5400_872,0.0011798465
cauldron_ln_2233,0.7019276
cauldron_ln_21324,0.78177845
cauldron_ln_25774,0.6415044
mix_UI_ST_5400_737,0.0010870338
cauldron_ln_7380,0.7523121
cauldron_ln_17772,0.81112784
mix_UI_ST_5400_1031,0.002592963
cauldron_ln_15824,0.76745623
cauldron_ln_25877,0.52053785
mix_UI_ST_5400_1189,0.0026064161
cauldron_ln_503,0.6492366
mix_UI_ST_5400_30,0.0016260173
mix_SI_UT_5400_1090,0.0014291137
mix_UI_ST_5400_233,0.0025467277
mix_UI_ST_5400_1099,0.0017445019
cauldron_ln_19104,0.60629475
mix_SI_UT_5400_144,0.0025394654
mix_UI_ST_5400_739,0.0019593486
mix_SI_UT_5400_1061,0.0017760457
mix_SI_UT_5400_336,0.0014410733
mix_UI_ST_5400_150,0.0023815574
mix_SI_UT_5400_813,0.0021942297
cauldron_ln_12105,0.75411135
cauldron_ln_15639,0.67829144
cauldron_ln_26995,0.7515476
mix_UI_ST_5400_1442,0.0013880387
cauldron_ln_15908,0.40232626
mix_UI_ST_5400_752,0.001507122
cauldron_ln_2879,0.70612305
cauldron_ln_3463,0.5832593
mix_SI_UT_5400_406,0.0016554829
mix_UI_ST_5400_251,0.0019430945
mix_UI_ST_5400_626,0.0020636457
cauldron_ln_25187,0.76719975
mix_SI_UT_5400_1138,0.0027585942
cauldron_ln_9383,0.7433471
cauldron_ln_26538,0.75410473
cauldron_ln_5401,0.7690327
cauldron_ln_19525,0.7624111
cauldron_ln_15253,0.8480637
mix_SI_UT_5400_469,0.0017002489
mix_SI_UT_5400_1466,0.0019315179
mix_UI_ST_5400_305,0.0019394848
cauldron_ln_19569,0.5733762
cauldron_ln_1288,0.64695114
mix_SI_UT_5400_1478,0.0020225334
mix_UI_ST_5400_1194,0.0017384288
cauldron_ln_27393,0.79094994
cauldron_ln_20284,0.6480879
cauldron_ln_18826,0.7147953
mix_UI_ST_5400_540,0.0011972232
cauldron_ln_1929,0.79860365
mix_UI_ST_5400_944,0.0031004278
cauldron_ln_11632,0.45757753
cauldron_ln_8504,0.69703263
mix_UI_ST_5400_500,0.001958204
cauldron_ln_4126,0.6795012
cauldron_ln_14120,0.766169
mix_SI_UT_5400_391,0.0011538706
mix_UI_ST_5400_435,0.002122453
cauldron_ln_24721,0.71244437
mix_UI_ST_5400_1065,0.0010184849
mix_SI_UT_5400_335,0.0016427485
mix_UI_ST_5400_766,0.0014655021
mix_SI_UT_5400_525,0.0011944018
cauldron_ln_18260,0.7102381
mix_SI_UT_5400_1477,0.002113169
cauldron_ln_14036,0.8701041
cauldron_ln_20104,0.7604009
mix_SI_UT_5400_226,0.0012635678
cauldron_ln_5414,0.61975276
cauldron_ln_27037,0.73922783
cauldron_ln_24239,0.8443567
mix_UI_ST_5400_427,0.0024967564
cauldron_ln_19371,0.74904186
mix_SI_UT_5400_1204,0.0015123341
cauldron_ln_17052,0.8956741
mix_UI_ST_5400_112,0.0013977095
cauldron_ln_4146,0.7984705
mix_SI_UT_5400_1065,0.0021134748
cauldron_ln_22957,0.6667953
cauldron_ln_696,0.6727864
cauldron_ln_5478,0.838336
cauldron_ln_21933,0.59789205
cauldron_ln_24256,0.7060241
mix_UI_ST_5400_447,0.0013339499
cauldron_ln_20151,0.7973141
mix_UI_ST_5400_335,0.0020030197
cauldron_ln_6632,0.68617845
mix_SI_UT_5400_1103,0.0022565736
cauldron_ln_118,0.6209894
mix_SI_UT_5400_1180,0.0013537974
cauldron_ln_27674,0.76377606
mix_SI_UT_5400_673,0.0020506266
cauldron_ln_10939,0.59014404
mix_SI_UT_5400_36,0.0020065047
mix_SI_UT_5400_156,0.0017404641
mix_SI_UT_5400_969,0.0015905618
mix_UI_ST_5400_4,0.0023798065
cauldron_ln_28684,0.7081254
cauldron_ln_9023,0.846528
cauldron_ln_17055,0.60080177
mix_SI_UT_5400_978,0.0017318826
cauldron_ln_10816,0.7694112
cauldron_ln_28291,0.81358624
mix_UI_ST_5400_560,0.0018341463
cauldron_ln_23455,0.740377
mix_UI_ST_5400_779,0.0025996247
cauldron_ln_15755,0.4751365
mix_SI_UT_5400_218,0.0013852048
cauldron_ln_5683,0.6900978
cauldron_ln_2669,0.5823772
cauldron_ln_22045,0.73057765
cauldron_ln_26360,0.735602
mix_UI_ST_5400_1019,0.00469992
mix_UI_ST_5400_554,0.0010267798
cauldron_ln_28107,0.7745678
mix_UI_ST_5400_1223,0.0017235571
cauldron_ln_20051,0.69772184
cauldron_ln_11953,0.7106681
cauldron_ln_18517,0.53652185
cauldron_ln_53,0.530407
mix_UI_ST_5400_1319,0.0027512098
mix_UI_ST_5400_692,0.0013658901
cauldron_ln_20319,0.7603423
mix_UI_ST_5400_660,0.0018506857
mix_UI_ST_5400_129,0.0021342167
mix_SI_UT_5400_537,0.0011247805
cauldron_ln_4878,0.7123101
mix_UI_ST_5400_94,0.0019173477
mix_SI_UT_5400_641,0.0041266796
cauldron_ln_16133,0.7395728
cauldron_ln_19962,0.7609226
cauldron_ln_20502,0.74676466
mix_UI_ST_5400_482,0.0015009135
cauldron_ln_10387,0.6586023
cauldron_ln_19445,0.79298353
mix_UI_ST_5400_581,0.0024572287
cauldron_ln_28455,0.6902494
cauldron_ln_14128,0.7811351
mix_SI_UT_5400_585,0.002543498
cauldron_ln_12,0.7911239
mix_UI_ST_5400_499,0.0011600803
mix_UI_ST_5400_52,0.0014902147
cauldron_ln_11576,0.77485585
mix_UI_ST_5400_1239,0.0019059143
cauldron_ln_25886,0.76397663
cauldron_ln_17351,0.75306064
cauldron_ln_23113,0.74921525
cauldron_ln_17624,0.87235594
mix_SI_UT_5400_748,0.0019636548
cauldron_ln_29672,0.626182
mix_SI_UT_5400_923,0.0013338545
cauldron_ln_24844,0.6650729
mix_SI_UT_5400_1452,0.0015143063
mix_UI_ST_5400_45,0.0018348643
cauldron_ln_29878,0.8137484
cauldron_ln_8161,0.43870696
mix_UI_ST_5400_360,0.0018565737
cauldron_ln_17838,0.79009235
cauldron_ln_7617,0.7603167
mix_SI_UT_5400_1289,0.0024987438
mix_SI_UT_5400_790,0.0015211218
mix_SI_UT_5400_919,0.0020992325
mix_UI_ST_5400_1237,0.0029900558
mix_SI_UT_5400_651,0.002312799
mix_UI_ST_5400_655,0.0014348836
mix_SI_UT_5400_1168,0.002272067
cauldron_ln_15858,0.7643224
cauldron_ln_23974,0.4446298
mix_UI_ST_5400_918,0.0028750587
cauldron_ln_9670,0.7785509
mix_SI_UT_5400_948,0.002488874
cauldron_ln_18940,0.86855
cauldron_ln_15010,0.75226027
cauldron_ln_4564,0.8119279
cauldron_ln_14404,0.6981618
cauldron_ln_22353,0.6683033
cauldron_ln_5155,0.73945165
mix_UI_ST_5400_1331,0.0017643294
mix_SI_UT_5400_671,0.0023351437
cauldron_ln_9455,0.7487202
cauldron_ln_11427,0.6359713
cauldron_ln_19713,0.7981116
mix_SI_UT_5400_408,0.0020896262
mix_SI_UT_5400_792,0.0020326308
mix_SI_UT_5400_1238,0.0021627706
mix_UI_ST_5400_714,0.0027215262
cauldron_ln_8834,0.6824061
cauldron_ln_21944,0.6962683
mix_SI_UT_5400_1450,0.0019245854
mix_UI_ST_5400_1143,0.0017982415
cauldron_ln_10045,0.4060136
mix_UI_ST_5400_387,0.001923257
cauldron_ln_11657,0.7179646
cauldron_ln_9358,0.6371216
mix_SI_UT_5400_92,0.002773982
cauldron_ln_26416,0.76099926
mix_SI_UT_5400_1410,0.0015043734
cauldron_ln_14413,0.91074175
mix_SI_UT_5400_107,0.0022280228
cauldron_ln_13566,0.6802288
cauldron_ln_28071,0.6296036
mix_SI_UT_5400_579,0.001962643
mix_UI_ST_5400_31,0.0012484132
cauldron_ln_2470,0.7498671
mix_SI_UT_5400_574,0.0016737371
cauldron_ln_11177,0.6670355
cauldron_ln_12571,0.63389885
cauldron_ln_18766,0.7493971
mix_UI_ST_5400_899,0.001842078
mix_UI_ST_5400_792,0.0014978317
mix_UI_ST_5400_785,0.0015276908
cauldron_ln_24175,0.5205772
mix_UI_ST_5400_1226,0.001418749
mix_UI_ST_5400_578,0.0024661254
cauldron_ln_26611,0.82863104
cauldron_ln_2126,0.53260803
cauldron_ln_749,0.6188609
mix_SI_UT_5400_119,0.0016825629
cauldron_ln_19477,0.8143793
cauldron_ln_24211,0.6867216
mix_SI_UT_5400_17,0.0006786434
cauldron_ln_25331,0.8290908
cauldron_ln_25151,0.7747172
mix_UI_ST_5400_545,0.0022871352
mix_UI_ST_5400_784,0.0020846238
mix_UI_ST_5400_840,0.0008044385
cauldron_ln_18368,0.6867686
mix_SI_UT_5400_1485,0.0010249072
cauldron_ln_334,0.47266442
cauldron_ln_22940,0.69499594
cauldron_ln_27311,0.5710182
cauldron_ln_29375,0.7491934
mix_SI_UT_5400_1071,0.0019773827
cauldron_ln_21790,0.6944197
mix_UI_ST_5400_67,0.0021328167
mix_UI_ST_5400_1198,0.0013417521
cauldron_ln_25505,0.6210881
cauldron_ln_28981,0.6724365
mix_UI_ST_5400_302,0.0023185816
mix_UI_ST_5400_790,0.0013845777
mix_SI_UT_5400_1369,0.0018480971
cauldron_ln_13110,0.7131222
mix_SI_UT_5400_1490,0.0012407162
cauldron_ln_26330,0.6181082
cauldron_ln_18480,0.4968834
cauldron_ln_1097,0.6701963
cauldron_ln_13875,0.7249834
cauldron_ln_19327,0.67564213
mix_UI_ST_5400_843,0.0008600311
mix_UI_ST_5400_1044,0.0036479863
mix_UI_ST_5400_44,0.000998952
mix_SI_UT_5400_172,0.0012810029
mix_UI_ST_5400_847,0.0027154877
mix_UI_ST_5400_2,0.002570961
mix_SI_UT_5400_468,0.0031961147
mix_SI_UT_5400_873,0.0030886126
mix_SI_UT_5400_840,0.0032071432
mix_UI_ST_5400_1474,0.002210428
mix_UI_ST_5400_21,0.0013139258
mix_UI_ST_5400_431,0.0028786683
cauldron_ln_20097,0.70435053
cauldron_ln_4376,0.61114115
mix_SI_UT_5400_1427,0.0014674552
mix_UI_ST_5400_687,0.0025389486
mix_SI_UT_5400_1284,0.0022139046
mix_UI_ST_5400_981,0.0019887877
cauldron_ln_11983,0.73638463
mix_SI_UT_5400_331,0.0020831968
cauldron_ln_22164,0.44448146
cauldron_ln_20479,0.60695815
mix_SI_UT_5400_57,0.0019043512
cauldron_ln_13765,0.77862614
cauldron_ln_2757,0.7935382
mix_SI_UT_5400_1169,0.0028380072
cauldron_ln_21667,0.5180706
cauldron_ln_10895,0.7478793
mix_UI_ST_5400_285,0.0016727557
mix_SI_UT_5400_467,0.001934958
cauldron_ln_11370,0.7596747
cauldron_ln_21980,0.77021253
cauldron_ln_29634,0.60215014
mix_UI_ST_5400_1083,0.0016076871
mix_SI_UT_5400_1243,0.0013525834
mix_UI_ST_5400_1102,0.002082606
mix_UI_ST_5400_1469,0.0014194557
cauldron_ln_19184,0.68436736
cauldron_ln_11820,0.71446323
cauldron_ln_2144,0.7356015
cauldron_ln_5882,0.68243927
mix_SI_UT_5400_1329,0.001262719
mix_SI_UT_5400_856,0.0024351187
mix_SI_UT_5400_587,0.0018582563
mix_SI_UT_5400_1105,0.001342576
mix_UI_ST_5400_61,0.002945391
cauldron_ln_27899,0.7411512
mix_UI_ST_5400_5,0.0009730097
mix_UI_ST_5400_1060,0.0025912332
cauldron_ln_27053,0.692409
mix_SI_UT_5400_1327,0.0008991311
mix_UI_ST_5400_1054,0.0014068123
mix_UI_ST_5400_1276,0.0016083355
cauldron_ln_7919,0.770968
cauldron_ln_9133,0.70313317
mix_SI_UT_5400_884,0.0017341849
mix_UI_ST_5400_10,0.002142394
mix_UI_ST_5400_534,0.0020018038
mix_UI_ST_5400_837,0.0012166094
cauldron_ln_6416,0.6377104
cauldron_ln_20460,0.58464557
cauldron_ln_10373,0.6709766
mix_UI_ST_5400_774,0.0015814014
mix_SI_UT_5400_638,0.0017367565
mix_UI_ST_5400_1334,0.0019447773
cauldron_ln_27783,0.5756048
cauldron_ln_8996,0.8024506
cauldron_ln_27574,0.4428754
mix_SI_UT_5400_1332,0.0020999599
cauldron_ln_2167,0.6618953
mix_SI_UT_5400_1425,0.0029278912
mix_UI_ST_5400_359,0.002284948
mix_UI_ST_5400_806,0.0018531663
mix_UI_ST_5400_263,0.0020820699
cauldron_ln_11924,0.67171556
cauldron_ln_24266,0.77285933
cauldron_ln_6729,0.58416826
mix_SI_UT_5400_604,0.0012206598
mix_SI_UT_5400_916,0.002180684
cauldron_ln_25080,0.81290084
mix_SI_UT_5400_847,0.0017926482
mix_SI_UT_5400_1036,0.0024721457
cauldron_ln_2975,0.7051968
mix_SI_UT_5400_1206,0.0012657064
mix_SI_UT_5400_509,0.0017097252
cauldron_ln_15790,0.7845703
cauldron_ln_93,0.69622713
mix_SI_UT_5400_1009,0.0021526979
cauldron_ln_20364,0.7563211
mix_UI_ST_5400_1491,0.0035101788
mix_UI_ST_5400_1248,0.0015370585
mix_SI_UT_5400_201,0.0012576459
cauldron_ln_17571,0.7893415
cauldron_ln_5774,0.5320945
mix_UI_ST_5400_691,0.0026158195
cauldron_ln_21600,0.52755845
cauldron_ln_20619,0.7280069
mix_SI_UT_5400_825,0.0017438004
mix_UI_ST_5400_274,0.0015825944
mix_UI_ST_5400_846,0.0027391554
mix_UI_ST_5400_380,0.004175634
cauldron_ln_3346,0.51584613
cauldron_ln_2430,0.8064246
cauldron_ln_10798,0.7705701
mix_UI_ST_5400_1166,0.0023953721
cauldron_ln_7841,0.5989891
cauldron_ln_21563,0.65510285
cauldron_ln_25912,0.56029403
mix_SI_UT_5400_1476,0.0016895295
cauldron_ln_3228,0.6829698
cauldron_ln_29946,0.61314154
mix_SI_UT_5400_752,0.0015532797
cauldron_ln_25368,0.7214009
cauldron_ln_4212,0.70707005
cauldron_ln_14910,0.7821993
mix_SI_UT_5400_1350,0.0020767427
cauldron_ln_15566,0.6852083
mix_UI_ST_5400_782,0.0018396073
cauldron_ln_1149,0.5683457
cauldron_ln_17316,0.63122916
cauldron_ln_26560,0.8139069
cauldron_ln_5855,0.80256027
cauldron_ln_18472,0.70419925
mix_UI_ST_5400_627,0.0024137087
cauldron_ln_16670,0.6490476
cauldron_ln_24126,0.82539123
cauldron_ln_4341,0.7715152
cauldron_ln_3617,0.7498689
cauldron_ln_18545,0.7853815
cauldron_ln_6170,0.5180435
mix_UI_ST_5400_919,0.002144992
mix_SI_UT_5400_823,0.0010512037
cauldron_ln_24150,0.86845237
mix_UI_ST_5400_241,0.0029473521
cauldron_ln_18121,0.69960135
cauldron_ln_7456,0.8278544
mix_SI_UT_5400_1458,0.0013671442
mix_SI_UT_5400_438,0.0025024025
mix_SI_UT_5400_352,0.002521489
mix_SI_UT_5400_827,0.0019635342
mix_UI_ST_5400_633,0.0016802448
mix_SI_UT_5400_598,0.0021073692
mix_SI_UT_5400_377,0.002138947
mix_UI_ST_5400_1373,0.002186581
mix_UI_ST_5400_1314,0.0027970034
mix_SI_UT_5400_966,0.001124623
mix_SI_UT_5400_571,0.0016671409
mix_UI_ST_5400_1294,0.0019202132
cauldron_ln_12913,0.6115192
cauldron_ln_14545,0.7428175
cauldron_ln_17890,0.36847037
cauldron_ln_14721,0.60092735
cauldron_ln_164,0.7987588
mix_SI_UT_5400_193,0.0023537625
cauldron_ln_9916,0.736643
mix_UI_ST_5400_650,0.0021038374
mix_SI_UT_5400_1011,0.0012399264
mix_SI_UT_5400_37,0.0017354351
cauldron_ln_6366,0.75809515
cauldron_ln_18237,0.77811104
cauldron_ln_12292,0.6427622
mix_UI_ST_5400_986,0.0029661085
cauldron_ln_2996,0.65052545
cauldron_ln_1142,0.6450298
mix_UI_ST_5400_675,0.0013318514
mix_UI_ST_5400_1374,0.0027609367
cauldron_ln_22103,0.7731177
cauldron_ln_3258,0.678524
cauldron_ln_23557,0.8360727
cauldron_ln_20257,0.7448647
cauldron_ln_1302,0.46798006
cauldron_ln_17854,0.75421184
mix_UI_ST_5400_927,0.001349512
mix_SI_UT_5400_133,0.0011719102
cauldron_ln_15997,0.74897295
mix_SI_UT_5400_609,0.0016889313
mix_SI_UT_5400_1227,0.0009564106
cauldron_ln_11918,0.85299057
mix_SI_UT_5400_1496,0.0036807605
cauldron_ln_870,0.6417747
mix_SI_UT_5400_607,0.0019457965
cauldron_ln_29821,0.76309514
mix_UI_ST_5400_729,0.0023769282
cauldron_ln_2874,0.7636188
cauldron_ln_685,0.30033222
cauldron_ln_26917,0.6736598
cauldron_ln_7778,0.67628187
mix_UI_ST_5400_668,0.0023055123
mix_UI_ST_5400_308,0.0011419257
cauldron_ln_23034,0.8615576
cauldron_ln_12857,0.7675741
cauldron_ln_622,0.66553444
cauldron_ln_11708,0.68530405
cauldron_ln_3552,0.7789003
mix_SI_UT_5400_1081,0.0009217049
mix_SI_UT_5400_624,0.002282372
cauldron_ln_5252,0.8547608
mix_SI_UT_5400_288,0.002258364
mix_UI_ST_5400_967,0.0015322195
mix_UI_ST_5400_421,0.0015076482
cauldron_ln_21135,0.8492749
mix_UI_ST_5400_867,0.0018103016
cauldron_ln_29229,0.7831199
mix_SI_UT_5400_1271,0.001512267
cauldron_ln_1129,0.5602531
cauldron_ln_5319,0.78700644
cauldron_ln_28637,0.70779663
cauldron_ln_19265,0.6190815
cauldron_ln_6621,0.5337898
cauldron_ln_11729,0.8210897
mix_SI_UT_5400_371,0.0017680933
cauldron_ln_20200,0.9127952
mix_SI_UT_5400_1302,0.0011679278
cauldron_ln_16630,0.6016279
mix_UI_ST_5400_1113,0.0013521976
cauldron_ln_24313,0.7652354
cauldron_ln_13749,0.7237607
mix_UI_ST_5400_834,0.0010791159
cauldron_ln_4879,0.5985711
mix_SI_UT_5400_594,0.002201708
mix_SI_UT_5400_1455,0.001859393
cauldron_ln_18849,0.6859802
mix_SI_UT_5400_1116,0.002156961
mix_UI_ST_5400_148,0.0014327372
cauldron_ln_23344,0.73486876
mix_SI_UT_5400_1315,0.0021506085
mix_SI_UT_5400_817,0.0015138491
cauldron_ln_29394,0.5190658
cauldron_ln_23993,0.77195996
cauldron_ln_26880,0.7315517
cauldron_ln_28815,0.7411856
mix_UI_ST_5400_1293,0.0033221894
cauldron_ln_20561,0.7874051
mix_SI_UT_5400_1261,0.0018403832
cauldron_ln_4592,0.47182867
cauldron_ln_25709,0.7860126
cauldron_ln_21217,0.6824959
cauldron_ln_20132,0.6633078
mix_SI_UT_5400_1401,0.0030615737
cauldron_ln_9892,0.64746314
mix_UI_ST_5400_13,0.0014459994
cauldron_ln_906,0.63924855
cauldron_ln_20825,0.48714253
cauldron_ln_3820,0.6415762
cauldron_ln_22533,0.43127882
cauldron_ln_21863,0.813413
mix_SI_UT_5400_448,0.0025234853
mix_UI_ST_5400_715,0.0009370008
cauldron_ln_20603,0.6528207
cauldron_ln_29800,0.72996354
mix_UI_ST_5400_875,0.0015386137
mix_UI_ST_5400_1478,0.0022236789
mix_SI_UT_5400_45,0.001265026
cauldron_ln_15835,0.74432117
cauldron_ln_12873,0.82020843
mix_SI_UT_5400_353,0.0018382681
mix_SI_UT_5400_234,0.0017238994
cauldron_ln_12675,0.68580645
mix_UI_ST_5400_334,0.0010860178
mix_UI_ST_5400_454,0.0021892313
cauldron_ln_12695,0.68060577
mix_SI_UT_5400_1223,0.0015224325
cauldron_ln_2206,0.53079855
mix_SI_UT_5400_432,0.0018339936
cauldron_ln_16596,0.7719472
mix_SI_UT_5400_380,0.002431393
mix_UI_ST_5400_318,0.0021678137
cauldron_ln_25718,0.6220902
cauldron_ln_2593,0.7490005
mix_UI_ST_5400_471,0.0016527016
cauldron_ln_14247,0.77632165
mix_UI_ST_5400_1165,0.0014011892
mix_UI_ST_5400_168,0.0019057166
mix_SI_UT_5400_187,0.0014897464
mix_UI_ST_5400_954,0.0021696535
mix_SI_UT_5400_762,0.0015285093
cauldron_ln_12356,0.6777915
cauldron_ln_24665,0.8127917
cauldron_ln_3001,0.58422416
cauldron_ln_1983,0.60244364
mix_UI_ST_5400_1251,0.0014401225
mix_SI_UT_5400_1099,0.0021671278
mix_SI_UT_5400_275,0.0015620698
cauldron_ln_18330,0.8059017
cauldron_ln_15323,0.6925593
cauldron_ln_7858,0.6199335
mix_UI_ST_5400_1310,0.0018862115
cauldron_ln_6728,0.5360076
cauldron_ln_4796,0.80175894
cauldron_ln_27944,0.8026484
cauldron_ln_27262,0.658402
cauldron_ln_13546,0.471336
cauldron_ln_9751,0.5537383
mix_SI_UT_5400_460,0.0012621797
cauldron_ln_28906,0.703428
cauldron_ln_4842,0.5795103
cauldron_ln_10128,0.6537217
mix_SI_UT_5400_615,0.0021866197
mix_UI_ST_5400_1061,0.0012906127
mix_SI_UT_5400_265,0.0009387718
mix_UI_ST_5400_933,0.0031441166
cauldron_ln_28198,0.72313845
mix_SI_UT_5400_329,0.0017648125
mix_SI_UT_5400_1390,0.0024338297
mix_SI_UT_5400_452,0.0014307568
mix_UI_ST_5400_877,0.003808852
mix_UI_ST_5400_883,0.0013518113
mix_SI_UT_5400_972,0.0013244251
cauldron_ln_29968,0.5179297
mix_UI_ST_5400_731,0.0016163021
mix_SI_UT_5400_158,0.0017291056
mix_UI_ST_5400_238,0.0013402419
mix_SI_UT_5400_516,0.0016190653
cauldron_ln_8631,0.8704286
mix_UI_ST_5400_1482,0.0010197117
mix_UI_ST_5400_552,0.0019031253
mix_UI_ST_5400_568,0.0015753763
cauldron_ln_26694,0.8216523
cauldron_ln_4333,0.6551103
cauldron_ln_16799,0.6954714
cauldron_ln_26897,0.6804777
cauldron_ln_21336,0.82271147
mix_UI_ST_5400_159,0.0014402672
cauldron_ln_15937,0.8332235
mix_SI_UT_5400_520,0.0024795083
cauldron_ln_23161,0.68451345
mix_SI_UT_5400_669,0.0021748233
mix_UI_ST_5400_1005,0.0011510109
mix_SI_UT_5400_1399,0.001984129
mix_SI_UT_5400_861,0.0009182837
mix_SI_UT_5400_284,0.0024372323
cauldron_ln_21041,0.6842185
mix_SI_UT_5400_1170,0.0018196979
cauldron_ln_10438,0.79834557
cauldron_ln_15156,0.58413285
mix_SI_UT_5400_964,0.0017960928
cauldron_ln_20471,0.5151177
cauldron_ln_17506,0.83934975
mix_UI_ST_5400_1236,0.0020236503
mix_SI_UT_5400_900,0.0014325693
cauldron_ln_29125,0.7119132
cauldron_ln_5521,0.5897668
cauldron_ln_27172,0.7885269
mix_UI_ST_5400_1287,0.0015929026
mix_UI_ST_5400_298,0.0020317857
mix_SI_UT_5400_1266,0.0020001335
mix_UI_ST_5400_132,0.0013495963
cauldron_ln_24034,0.67755646
mix_SI_UT_5400_1026,0.001707683
cauldron_ln_27234,0.90178686
cauldron_ln_2239,0.7448135
mix_UI_ST_5400_1210,0.0023145843
mix_SI_UT_5400_1251,0.003975788
cauldron_ln_2195,0.7063196
mix_UI_ST_5400_476,0.0028888118
mix_UI_ST_5400_995,0.0027313787
cauldron_ln_25330,0.809002
mix_SI_UT_5400_1432,0.0021090815
mix_UI_ST_5400_776,0.0020507982
cauldron_ln_7995,0.76281804
cauldron_ln_17756,0.7500874
cauldron_ln_14908,0.82722193
cauldron_ln_4872,0.607649
mix_UI_ST_5400_628,0.0021790224
cauldron_ln_16831,0.74058306
cauldron_ln_1319,0.673436
cauldron_ln_6252,0.7015668
cauldron_ln_12959,0.7614868
mix_UI_ST_5400_1119,0.0017693973
cauldron_ln_863,0.63471174
mix_SI_UT_5400_757,0.002372553
mix_SI_UT_5400_512,0.0020149106
cauldron_ln_26887,0.7738635
cauldron_ln_13041,0.78405315
cauldron_ln_26745,0.6898878
mix_SI_UT_5400_853,0.0015937225
mix_SI_UT_5400_746,0.0010140409
mix_UI_ST_5400_383,0.0018644895
cauldron_ln_15868,0.7607317
cauldron_ln_10025,0.5492999
mix_UI_ST_5400_344,0.0012237966
cauldron_ln_5099,0.78298223
cauldron_ln_24035,0.7092534
mix_SI_UT_5400_1150,0.0014267843
mix_SI_UT_5400_1247,0.0014402797
mix_SI_UT_5400_1392,0.0011091147
cauldron_ln_3801,0.68798834
cauldron_ln_12910,0.7406963
cauldron_ln_10886,0.54431725
mix_SI_UT_5400_249,0.0020186363
mix_UI_ST_5400_397,0.0029479505
mix_SI_UT_5400_1340,0.0018068324
mix_UI_ST_5400_1168,0.002741552
cauldron_ln_1375,0.7288847
mix_UI_ST_5400_493,0.0013406153
mix_UI_ST_5400_1027,0.0027126316
mix_UI_ST_5400_1125,0.0019302865
cauldron_ln_29914,0.45561582
cauldron_ln_1988,0.6893676
cauldron_ln_23157,0.68551755
cauldron_ln_7036,0.7559196
cauldron_ln_1914,0.7501699
mix_SI_UT_5400_392,0.0015408223
mix_UI_ST_5400_1335,0.0020480773
mix_UI_ST_5400_1462,0.0024331352
mix_UI_ST_5400_50,0.0027219327
mix_SI_UT_5400_779,0.0023305016
cauldron_ln_19609,0.7803051
cauldron_ln_26889,0.7186376
cauldron_ln_14138,0.770458
cauldron_ln_29738,0.66454715
mix_SI_UT_5400_1059,0.0013153708
cauldron_ln_5333,0.7224476
cauldron_ln_15679,0.740754
cauldron_ln_940,0.7031907
mix_SI_UT_5400_1263,0.0010626718
mix_SI_UT_5400_711,0.0025401588
mix_UI_ST_5400_990,0.0026074192
cauldron_ln_4866,0.59814245
mix_UI_ST_5400_1015,0.0031899908
cauldron_ln_18516,0.56126314
cauldron_ln_16575,0.6221918
mix_UI_ST_5400_949,0.0014138125
cauldron_ln_9583,0.56649846
mix_SI_UT_5400_1424,0.0021754268
cauldron_ln_1090,0.5594276
cauldron_ln_149,0.7583248
mix_SI_UT_5400_29,0.0013980203
mix_SI_UT_5400_951,0.002229693
mix_SI_UT_5400_894,0.0017496038
cauldron_ln_29175,0.5678525
mix_SI_UT_5400_105,0.001927051
cauldron_ln_19793,0.7603082
mix_SI_UT_5400_1386,0.0009851865
mix_UI_ST_5400_865,0.001296542
mix_SI_UT_5400_23,0.0027421163
mix_SI_UT_5400_1097,0.0020229358
mix_SI_UT_5400_77,0.0017780649
mix_SI_UT_5400_1087,0.0028559922
mix_UI_ST_5400_1437,0.0009320866
mix_SI_UT_5400_344,0.002055527
mix_SI_UT_5400_487,0.0015745717
mix_UI_ST_5400_957,0.0021720105
cauldron_ln_7198,0.82049316
mix_SI_UT_5400_1343,0.0027779143
mix_SI_UT_5400_44,0.001850979
cauldron_ln_23376,0.7256411
cauldron_ln_19997,0.83719885
cauldron_ln_14861,0.55836
cauldron_ln_22566,0.8071642
mix_UI_ST_5400_7,0.0018810754
mix_SI_UT_5400_499,0.0017791509
cauldron_ln_20643,0.5544119
mix_UI_ST_5400_763,0.0013364556
cauldron_ln_3666,0.8266494
mix_SI_UT_5400_1408,0.0025818544
mix_UI_ST_5400_477,0.0017328241
mix_SI_UT_5400_995,0.0013847636
mix_UI_ST_5400_230,0.002789811
mix_SI_UT_5400_824,0.001891963
mix_UI_ST_5400_907,0.0015897676
mix_SI_UT_5400_247,0.0013519279
cauldron_ln_21403,0.65323585
cauldron_ln_8480,0.69575953
mix_UI_ST_5400_1413,0.0024015356
mix_UI_ST_5400_1430,0.0012234674
cauldron_ln_13144,0.81664884
mix_SI_UT_5400_118,0.0012176381
mix_SI_UT_5400_1378,0.0027197977
mix_UI_ST_5400_725,0.0013517515
cauldron_ln_14601,0.7137262
cauldron_ln_25527,0.776747
cauldron_ln_542,0.5168314
mix_SI_UT_5400_282,0.0020896073
cauldron_ln_6065,0.699695
mix_SI_UT_5400_212,0.001777376
cauldron_ln_27316,0.8125941
cauldron_ln_29747,0.767876
mix_SI_UT_5400_1436,0.0013961045
mix_UI_ST_5400_836,0.0024880215
mix_SI_UT_5400_1279,0.0018655068
cauldron_ln_20663,0.5540559
cauldron_ln_25201,0.8499215
mix_UI_ST_5400_1072,0.002029027
mix_UI_ST_5400_84,0.0011566877
cauldron_ln_16818,0.7066353
mix_SI_UT_5400_483,0.002192004
mix_SI_UT_5400_1406,0.0019436548
mix_SI_UT_5400_848,0.0012835225
mix_UI_ST_5400_787,0.0013280918
mix_UI_ST_5400_1138,0.0027998777
mix_UI_ST_5400_356,0.001850262
cauldron_ln_23893,0.7697908
mix_UI_ST_5400_1148,0.0005735439
mix_SI_UT_5400_672,0.0027920178
mix_SI_UT_5400_967,0.0016821391
mix_SI_UT_5400_338,0.002733317
cauldron_ln_4711,0.47299328
mix_UI_ST_5400_1385,0.0014335943
cauldron_ln_14187,0.7090009
cauldron_ln_16565,0.75571686
cauldron_ln_27773,0.7967202
mix_SI_UT_5400_773,0.0021916858
cauldron_ln_3633,0.766535
mix_SI_UT_5400_914,0.0010845497
cauldron_ln_24583,0.6194435
cauldron_ln_25486,0.68852854
cauldron_ln_310,0.5650234
cauldron_ln_20369,0.70975095
mix_SI_UT_5400_953,0.0017789435
cauldron_ln_27853,0.7466094
mix_SI_UT_5400_694,0.0018358836
mix_UI_ST_5400_1289,0.0014211695
mix_UI_ST_5400_332,0.0022131673
mix_UI_ST_5400_1450,0.0013539689
mix_SI_UT_5400_491,0.0014728627
mix_UI_ST_5400_575,0.0022306757
mix_UI_ST_5400_1078,0.0018867474
mix_SI_UT_5400_1202,0.0019596396
cauldron_ln_5274,0.48986682
mix_SI_UT_5400_749,0.002640108
cauldron_ln_12210,0.61913633
mix_UI_ST_5400_144,0.0015446042
cauldron_ln_10920,0.8381998
cauldron_ln_18423,0.77929044
mix_SI_UT_5400_110,0.0017723131
cauldron_ln_1527,0.7663395
cauldron_ln_18494,0.6598254
cauldron_ln_5584,0.70603675
mix_UI_ST_5400_778,0.0015228051
mix_SI_UT_5400_649,0.00255241
cauldron_ln_11166,0.5937364
mix_SI_UT_5400_372,0.0012081929
mix_SI_UT_5400_78,0.0019008912
mix_UI_ST_5400_322,0.0022876095
mix_SI_UT_5400_414,0.002037502
cauldron_ln_692,0.6850465
cauldron_ln_12711,0.7110969
mix_UI_ST_5400_929,0.0023379247
cauldron_ln_7496,0.6082422
mix_UI_ST_5400_350,0.0021739833
mix_SI_UT_5400_378,0.0018892562
cauldron_ln_20025,0.7819941
cauldron_ln_26249,0.7580594
cauldron_ln_20293,0.59379697
cauldron_ln_28354,0.724684
cauldron_ln_28608,0.6749664
mix_UI_ST_5400_1317,0.0023527883
mix_UI_ST_5400_337,0.0022046734
cauldron_ln_24775,0.7667381
cauldron_ln_10275,0.67581654
cauldron_ln_977,0.682645
mix_UI_ST_5400_99,0.0041733864
mix_SI_UT_5400_732,0.0011716662
mix_SI_UT_5400_262,0.0026653493
cauldron_ln_21014,0.74327934
mix_SI_UT_5400_287,0.0026293572
mix_SI_UT_5400_801,0.0013681243
cauldron_ln_15487,0.60338134
cauldron_ln_6743,0.87327725
cauldron_ln_22571,0.7069383
cauldron_ln_17898,0.68314224
mix_SI_UT_5400_399,0.0020275975
mix_SI_UT_5400_934,0.0028141218
mix_SI_UT_5400_929,0.0021415143
mix_SI_UT_5400_1276,0.001269749
cauldron_ln_1079,0.5336142
mix_SI_UT_5400_1184,0.00068098935
cauldron_ln_17352,0.6643877
cauldron_ln_19507,0.7092268
cauldron_ln_21120,0.7293822
cauldron_ln_1797,0.46028063
mix_UI_ST_5400_909,0.0020959657
cauldron_ln_10802,0.6355829
cauldron_ln_29356,0.64581555
mix_SI_UT_5400_1231,0.0024263784
mix_UI_ST_5400_858,0.001936186
cauldron_ln_24406,0.66222143
cauldron_ln_27636,0.85813767
cauldron_ln_16618,0.84116346
mix_UI_ST_5400_1420,0.0025186925
mix_UI_ST_5400_1419,0.0028146864
mix_UI_ST_5400_705,0.002158684
mix_UI_ST_5400_28,0.0026015034
cauldron_ln_15339,0.6344359
mix_UI_ST_5400_625,0.002328313
mix_SI_UT_5400_366,0.0019909572
mix_UI_ST_5400_1187,0.0015442241
cauldron_ln_18101,0.8316176
mix_SI_UT_5400_535,0.0014021945
mix_UI_ST_5400_1315,0.0025293159
mix_SI_UT_5400_1259,0.0025436517
cauldron_ln_29651,0.6090479
cauldron_ln_18990,0.775934
cauldron_ln_19186,0.7121937
mix_SI_UT_5400_980,0.0030449692
cauldron_ln_27548,0.659529
cauldron_ln_5494,0.2688275
cauldron_ln_1369,0.6811086
mix_SI_UT_5400_93,0.0018223901
mix_UI_ST_5400_1282,0.0018620896
mix_UI_ST_5400_1471,0.0021530965
mix_UI_ST_5400_91,0.0032199
mix_SI_UT_5400_1388,0.0011750204
mix_UI_ST_5400_1368,0.0020269484
mix_UI_ST_5400_717,0.0032701013
mix_UI_ST_5400_796,0.0022074634
mix_UI_ST_5400_962,0.0017831848
mix_SI_UT_5400_112,0.002174272
mix_UI_ST_5400_1075,0.0014502226
cauldron_ln_22324,0.6789189
cauldron_ln_26808,0.78489745
cauldron_ln_25079,0.68330914
mix_UI_ST_5400_539,0.0025701968
cauldron_ln_4806,0.90187526
cauldron_ln_21746,0.7282097
cauldron_ln_23661,0.37732908
cauldron_ln_8070,0.7176658
mix_UI_ST_5400_1495,0.0034924503
mix_UI_ST_5400_353,0.0017484821
mix_SI_UT_5400_418,0.002186397
cauldron_ln_19799,0.5385238
mix_SI_UT_5400_155,0.0014387427
mix_UI_ST_5400_1326,0.0019140808
mix_UI_ST_5400_1150,0.0018957765
mix_UI_ST_5400_556,0.0023133887
mix_SI_UT_5400_396,0.0018869011
cauldron_ln_16482,0.47994778
cauldron_ln_3400,0.5884729
mix_SI_UT_5400_1342,0.0017562972
mix_UI_ST_5400_459,0.0011210638
cauldron_ln_13717,0.7758205
mix_UI_ST_5400_777,0.0022014952
mix_UI_ST_5400_1479,0.0013411549
cauldron_ln_29216,0.762475
cauldron_ln_5498,0.8505622
mix_UI_ST_5400_1170,0.0016316483
cauldron_ln_13897,0.8527179
cauldron_ln_5820,0.79678166
mix_SI_UT_5400_887,0.00097058946
mix_UI_ST_5400_246,0.0012116907
mix_SI_UT_5400_1312,0.0018340679
cauldron_ln_8647,0.8204765
cauldron_ln_8401,0.7792783
cauldron_ln_18002,0.7805741
cauldron_ln_26865,0.6286124
cauldron_ln_5181,0.63682455
cauldron_ln_4013,0.72581893
cauldron_ln_6270,0.78375536
mix_SI_UT_5400_795,0.0022063786
cauldron_ln_27875,0.7682101
cauldron_ln_3849,0.82170844
mix_SI_UT_5400_931,0.002138256
cauldron_ln_12360,0.61477757
mix_SI_UT_5400_1111,0.0021579363
cauldron_ln_24349,0.85121065
cauldron_ln_7009,0.58826435
mix_UI_ST_5400_170,0.0012426049
mix_SI_UT_5400_16,0.0028219323
mix_SI_UT_5400_351,0.0016824404
cauldron_ln_25343,0.78035605
mix_UI_ST_5400_172,0.0019887611
mix_UI_ST_5400_1197,0.001999144
cauldron_ln_21605,0.5669482
mix_SI_UT_5400_1209,0.002294389
cauldron_ln_6458,0.54213524
cauldron_ln_28692,0.63055515
mix_SI_UT_5400_952,0.00214515
cauldron_ln_11781,0.6920613
mix_SI_UT_5400_744,0.0031581842
mix_UI_ST_5400_281,0.001626824
mix_SI_UT_5400_987,0.002388134
cauldron_ln_6449,0.68443537
mix_SI_UT_5400_1446,0.0028215914
cauldron_ln_4134,0.77060306
cauldron_ln_2203,0.8312556
cauldron_ln_22034,0.6671346
mix_SI_UT_5400_276,0.0024329466
mix_SI_UT_5400_741,0.0015055464
mix_SI_UT_5400_279,0.0032459141
cauldron_ln_3449,0.719397
cauldron_ln_9885,0.8752748
mix_UI_ST_5400_617,0.0011285691
cauldron_ln_2002,0.67823493
mix_SI_UT_5400_815,0.0020109497
mix_UI_ST_5400_460,0.0014382291
mix_UI_ST_5400_189,0.0016691763
mix_UI_ST_5400_984,0.0018818249
mix_SI_UT_5400_1356,0.0020031463
cauldron_ln_12288,0.6879754
mix_SI_UT_5400_1139,0.0021386377
mix_SI_UT_5400_656,0.0014326649
cauldron_ln_14956,0.6127535
mix_UI_ST_5400_920,0.002140188
cauldron_ln_13370,0.7350952
mix_UI_ST_5400_1245,0.00077621534
mix_SI_UT_5400_84,0.0018941369
mix_UI_ST_5400_386,0.0015476871
cauldron_ln_2323,0.7689251
cauldron_ln_10948,0.57372814
cauldron_ln_12538,0.5006051
mix_UI_ST_5400_813,0.002274958
cauldron_ln_10207,0.8025049
mix_SI_UT_5400_654,0.0016583934
cauldron_ln_8451,0.5528535
mix_SI_UT_5400_216,0.0014089227
mix_UI_ST_5400_1233,0.001363476
cauldron_ln_150,0.5898599
mix_UI_ST_5400_616,0.0018074509
cauldron_ln_1364,0.5423768
cauldron_ln_23121,0.7909455
cauldron_ln_22401,0.8364341
cauldron_ln_502,0.587275
mix_SI_UT_5400_270,0.0029316938
mix_UI_ST_5400_409,0.002322252
cauldron_ln_16609,0.7505201
mix_SI_UT_5400_684,0.002227585
cauldron_ln_17353,0.30135238
cauldron_ln_7453,0.6758676
cauldron_ln_11055,0.62501985
cauldron_ln_343,0.6953438
mix_SI_UT_5400_903,0.0029138387
cauldron_ln_467,0.5991701
mix_UI_ST_5400_689,0.0022691556
mix_UI_ST_5400_1367,0.0031267982
mix_SI_UT_5400_1299,0.00081229233
cauldron_ln_22910,0.5871921
mix_SI_UT_5400_701,0.0019452354
cauldron_ln_23748,0.824688
cauldron_ln_17549,0.72621363
mix_SI_UT_5400_268,0.0013498508
mix_SI_UT_5400_242,0.0029319685
cauldron_ln_4812,0.85702604
cauldron_ln_1500,0.44598526
mix_SI_UT_5400_121,0.0020298923
cauldron_ln_14570,0.72607315
mix_SI_UT_5400_806,0.0011468574
mix_UI_ST_5400_405,0.0012149811
cauldron_ln_18503,0.8563269
cauldron_ln_12414,0.6561458
mix_SI_UT_5400_1004,0.0011949815
cauldron_ln_8491,0.6858343
mix_SI_UT_5400_180,0.0012328846
mix_SI_UT_5400_1265,0.0024571116
cauldron_ln_1792,0.7582687
mix_SI_UT_5400_676,0.0026292296
mix_SI_UT_5400_943,0.0016200083
cauldron_ln_26109,0.84471893
mix_UI_ST_5400_176,0.001253818
cauldron_ln_17335,0.6005612
cauldron_ln_21500,0.80671245
cauldron_ln_6716,0.6704442
cauldron_ln_8570,0.58775413
cauldron_ln_27679,0.6865525
mix_SI_UT_5400_756,0.0017905085
mix_SI_UT_5400_549,0.0011406499
mix_SI_UT_5400_195,0.0016762727
mix_SI_UT_5400_834,0.001421309
mix_UI_ST_5400_270,0.0024688998
mix_UI_ST_5400_593,0.0021726338
mix_SI_UT_5400_653,0.0009790615
cauldron_ln_14273,0.6785101
cauldron_ln_23579,0.5893394
cauldron_ln_19820,0.8084835
mix_UI_ST_5400_268,0.0027776079
mix_SI_UT_5400_1389,0.0022407977
mix_SI_UT_5400_40,0.002958063
cauldron_ln_2401,0.5204777
cauldron_ln_23793,0.80777544
mix_SI_UT_5400_1226,0.0019067299
mix_UI_ST_5400_916,0.0027276988
cauldron_ln_6741,0.67001325
mix_SI_UT_5400_310,0.0012533624
mix_UI_ST_5400_632,0.0015659864
mix_SI_UT_5400_1387,0.0019627588
mix_SI_UT_5400_459,0.0028885908
cauldron_ln_20666,0.7325071
cauldron_ln_9843,0.7553906
mix_UI_ST_5400_343,0.0015816762
cauldron_ln_23338,0.6906617
cauldron_ln_28999,0.78088653
mix_SI_UT_5400_1142,0.0021834124
cauldron_ln_9612,0.53738266
mix_UI_ST_5400_271,0.00242352
mix_SI_UT_5400_901,0.0027216764
cauldron_ln_16289,0.87055963
cauldron_ln_2351,0.75807595
cauldron_ln_24157,0.69773364
cauldron_ln_26790,0.84236073
mix_SI_UT_5400_232,0.0026285106
mix_UI_ST_5400_1181,0.0018841085
cauldron_ln_21779,0.8616782
mix_UI_ST_5400_804,0.0029143572
cauldron_ln_20486,0.7606798
mix_SI_UT_5400_956,0.002391144
mix_SI_UT_5400_412,0.0023824628
mix_SI_UT_5400_616,0.001911893
mix_UI_ST_5400_1024,0.0015581963
cauldron_ln_11372,0.79168224
cauldron_ln_25415,0.75937015
cauldron_ln_29622,0.6910143
mix_SI_UT_5400_811,0.0022876412
cauldron_ln_28316,0.7467163
mix_SI_UT_5400_359,0.0016506936
cauldron_ln_4601,0.7032406
mix_SI_UT_5400_1173,0.0020624883
mix_UI_ST_5400_391,0.0017862226
mix_SI_UT_5400_1076,0.0023105424
cauldron_ln_28875,0.8285418
cauldron_ln_1347,0.48275512
cauldron_ln_5432,0.6882893
mix_UI_ST_5400_1202,0.0027026706
cauldron_ln_19328,0.79990053
cauldron_ln_5824,0.65416586
mix_SI_UT_5400_890,0.002074232
mix_UI_ST_5400_1049,0.003214241
mix_SI_UT_5400_552,0.0018159611
cauldron_ln_3669,0.63187253
cauldron_ln_10422,0.7560012
cauldron_ln_27207,0.8138079
cauldron_ln_14344,0.81460637
cauldron_ln_15718,0.74930304
mix_UI_ST_5400_16,0.0016526442
cauldron_ln_16775,0.5186119
mix_SI_UT_5400_780,0.0021039536
mix_SI_UT_5400_796,0.001965098
cauldron_ln_1525,0.6734239
mix_UI_ST_5400_855,0.0015440793
cauldron_ln_14748,0.79305875
cauldron_ln_4300,0.63566166
cauldron_ln_29761,0.6100997
mix_UI_ST_5400_1412,0.0030839883
mix_UI_ST_5400_573,0.0014638423
mix_SI_UT_5400_462,0.0014355356
cauldron_ln_25295,0.7876383
cauldron_ln_7238,0.7493312
cauldron_ln_28503,0.5682325
cauldron_ln_24761,0.8154662
cauldron_ln_16001,0.635837
cauldron_ln_19262,0.8284742
cauldron_ln_20349,0.76836324
cauldron_ln_5376,0.7240746
mix_UI_ST_5400_1249,0.0018450482
cauldron_ln_8022,0.758336
cauldron_ln_29615,0.6348933
mix_UI_ST_5400_1203,0.0028246427
cauldron_ln_28377,0.66406673
mix_SI_UT_5400_147,0.0022434029
mix_UI_ST_5400_23,0.0017380518
cauldron_ln_11262,0.69332886
cauldron_ln_6588,0.7579029
mix_SI_UT_5400_6,0.0020318253
cauldron_ln_2724,0.77860606
cauldron_ln_3229,0.7338819
cauldron_ln_5163,0.8522634
mix_UI_ST_5400_39,0.0010157025
mix_SI_UT_5400_763,0.0016233774
cauldron_ln_20248,0.581703
mix_SI_UT_5400_937,0.0027661156
cauldron_ln_1321,0.7734739
mix_SI_UT_5400_569,0.002122039
mix_SI_UT_5400_717,0.0019240609
cauldron_ln_23410,0.63468415
mix_SI_UT_5400_877,0.001416779
cauldron_ln_16176,0.57356775
cauldron_ln_24111,0.57107043
cauldron_ln_556,0.56960595
mix_SI_UT_5400_1495,0.0007210136
cauldron_ln_6787,0.73912954
cauldron_ln_24473,0.6422491
mix_UI_ST_5400_812,0.002393691
mix_SI_UT_5400_657,0.002226822
cauldron_ln_15448,0.7968703
mix_SI_UT_5400_551,0.0029245398
cauldron_ln_14578,0.77329445
cauldron_ln_26015,0.7978813
cauldron_ln_21087,0.6221316
cauldron_ln_11659,0.8649528
cauldron_ln_8291,0.5926779
mix_UI_ST_5400_345,0.0015762084
cauldron_ln_21328,0.70664626
cauldron_ln_24870,0.5757024
mix_UI_ST_5400_133,0.0010736893
cauldron_ln_17563,0.8226679
mix_SI_UT_5400_245,0.002161394
cauldron_ln_28317,0.79216033
mix_UI_ST_5400_521,0.0020343184
cauldron_ln_4967,0.7124832
mix_UI_ST_5400_142,0.0022021376
mix_UI_ST_5400_1355,0.0023869448
mix_UI_ST_5400_816,0.003417659
cauldron_ln_15062,0.6968049
mix_UI_ST_5400_943,0.0020833605
cauldron_ln_8221,0.52248824
mix_UI_ST_5400_100,0.0017445307
cauldron_ln_29283,0.38427067
mix_SI_UT_5400_561,0.0018533461
mix_UI_ST_5400_762,0.0025102287
mix_UI_ST_5400_1008,0.0024395566
cauldron_ln_3750,0.68274885
cauldron_ln_20592,0.7172487
mix_SI_UT_5400_332,0.00091300905
cauldron_ln_15756,0.73830324
cauldron_ln_11736,0.8136306
mix_UI_ST_5400_654,0.002259831
cauldron_ln_10475,0.7647939
mix_SI_UT_5400_75,0.0026644177
cauldron_ln_23924,0.77163446
mix_SI_UT_5400_1448,0.0023697726
mix_SI_UT_5400_18,0.0013903673
mix_UI_ST_5400_693,0.0032815603
cauldron_ln_4903,0.71519196
mix_SI_UT_5400_1358,0.0022573103
cauldron_ln_10095,0.7460568
cauldron_ln_9570,0.5706639
mix_SI_UT_5400_799,0.0023974138
cauldron_ln_497,0.6241037
cauldron_ln_6786,0.66465217
cauldron_ln_27321,0.71740746
cauldron_ln_8876,0.5372327
cauldron_ln_11379,0.5869515
cauldron_ln_2483,0.33604732
cauldron_ln_5447,0.661043
cauldron_ln_17031,0.72105515
mix_UI_ST_5400_1285,0.0016163198
mix_UI_ST_5400_366,0.0010548579
cauldron_ln_17538,0.8297472
mix_UI_ST_5400_186,0.0020407934
cauldron_ln_3038,0.71823406
mix_SI_UT_5400_451,0.0008736935
mix_SI_UT_5400_420,0.0014017065
cauldron_ln_9299,0.7731967
cauldron_ln_12303,0.69197994
cauldron_ln_24784,0.8253249
cauldron_ln_10797,0.71542525
mix_SI_UT_5400_1245,0.0017150595
cauldron_ln_13724,0.74233395
mix_SI_UT_5400_387,0.0016987133
mix_UI_ST_5400_1384,0.0023431603
cauldron_ln_14649,0.7454917
mix_UI_ST_5400_193,0.0017914582
mix_SI_UT_5400_1048,0.0015115617
cauldron_ln_1764,0.65778
mix_SI_UT_5400_125,0.00096570986
cauldron_ln_11048,0.6840277
cauldron_ln_19348,0.786171
mix_SI_UT_5400_936,0.002235378
cauldron_ln_17918,0.6290315
mix_SI_UT_5400_715,0.0017910098
mix_UI_ST_5400_309,0.0036955555
cauldron_ln_4397,0.62056005
mix_SI_UT_5400_1122,0.0021341618
mix_SI_UT_5400_1129,0.0012387937
cauldron_ln_26647,0.45141384
cauldron_ln_11006,0.8032317
cauldron_ln_3529,0.74548936
mix_UI_ST_5400_1291,0.001206257
mix_UI_ST_5400_1179,0.0021935678
mix_SI_UT_5400_1224,0.001608219
cauldron_ln_25808,0.8593075
cauldron_ln_740,0.6856801
mix_SI_UT_5400_394,0.0027529686
mix_SI_UT_5400_519,0.00089823623
mix_SI_UT_5400_148,0.0018707045
cauldron_ln_25565,0.84119874
cauldron_ln_28494,0.7782719
mix_SI_UT_5400_390,0.0021270693
cauldron_ln_11506,0.6205485
cauldron_ln_16003,0.7997256
mix_SI_UT_5400_252,0.0029447498
cauldron_ln_13721,0.74899626
mix_SI_UT_5400_1225,0.0012433957
cauldron_ln_5291,0.6412826
mix_UI_ST_5400_1308,0.0014103982
mix_SI_UT_5400_1468,0.002056476
cauldron_ln_1406,0.6025255
cauldron_ln_15481,0.85419625
cauldron_ln_9301,0.6672633
mix_UI_ST_5400_351,0.00091179495
mix_UI_ST_5400_1084,0.0016956822
mix_SI_UT_5400_493,0.001972135
mix_SI_UT_5400_712,0.0010863122
mix_SI_UT_5400_254,0.0017772093
mix_UI_ST_5400_214,0.0030970885
mix_UI_ST_5400_1312,0.00414042
cauldron_ln_22230,0.7404935
cauldron_ln_16143,0.67993015
mix_SI_UT_5400_1070,0.0018867286
mix_SI_UT_5400_695,0.0023153266
cauldron_ln_11668,0.76968116
mix_SI_UT_5400_149,0.0009434323
mix_UI_ST_5400_640,0.002536876
cauldron_ln_23296,0.7977793
mix_SI_UT_5400_776,0.0018130012
mix_SI_UT_5400_1242,0.002027505
cauldron_ln_17734,0.64549184
cauldron_ln_26539,0.40036893
cauldron_ln_5756,0.86244345
mix_SI_UT_5400_613,0.0017458053
cauldron_ln_2252,0.3446628
mix_UI_ST_5400_179,0.0024170303
mix_SI_UT_5400_719,0.0018164208
mix_UI_ST_5400_1444,0.0017634486
cauldron_ln_12070,0.746569
mix_SI_UT_5400_505,0.002101798
mix_UI_ST_5400_1043,0.0014831631
mix_UI_ST_5400_860,0.0021877831
mix_UI_ST_5400_194,0.0013735755
mix_UI_ST_5400_1133,0.0018938205
cauldron_ln_22821,0.75847834
mix_SI_UT_5400_415,0.0017791687
cauldron_ln_7580,0.5452069
mix_SI_UT_5400_1107,0.0006789604
mix_UI_ST_5400_480,0.0017195318
cauldron_ln_23885,0.5295034
cauldron_ln_23570,0.7383094
mix_SI_UT_5400_1385,0.0013688854
mix_SI_UT_5400_625,0.0016443281
cauldron_ln_21899,0.7632944
mix_UI_ST_5400_1069,0.0010857938
mix_SI_UT_5400_1492,0.0018676352
cauldron_ln_17077,0.67446345
cauldron_ln_6257,0.6882941
mix_SI_UT_5400_213,0.0030646345
cauldron_ln_17715,0.7324124
cauldron_ln_19637,0.8455947
mix_SI_UT_5400_1188,0.002570247
cauldron_ln_7098,0.75202733
cauldron_ln_7178,0.578783
mix_UI_ST_5400_669,0.0012944858
cauldron_ln_21883,0.8354571
cauldron_ln_17536,0.7527055
cauldron_ln_22977,0.7980091
cauldron_ln_11369,0.7245015
mix_SI_UT_5400_830,0.0024275456
cauldron_ln_21337,0.85239697
cauldron_ln_5520,0.7571894
mix_UI_ST_5400_529,0.0027130547
mix_SI_UT_5400_109,0.0011026516
cauldron_ln_25740,0.7936143
mix_SI_UT_5400_636,0.0018328375
cauldron_ln_25308,0.7262407
mix_SI_UT_5400_1010,0.002540769
cauldron_ln_18008,0.7044788
mix_SI_UT_5400_1326,0.002859128
mix_SI_UT_5400_915,0.0012419494
cauldron_ln_17195,0.6712252
cauldron_ln_13341,0.81094986
mix_SI_UT_5400_1124,0.0033888412
cauldron_ln_3245,0.7508225
cauldron_ln_8172,0.6775495
mix_UI_ST_5400_926,0.0018942523
cauldron_ln_4876,0.57466334
mix_UI_ST_5400_751,0.0011373862
mix_SI_UT_5400_1374,0.0022256328
mix_UI_ST_5400_975,0.0030051772
mix_SI_UT_5400_1405,0.0024649329
cauldron_ln_24849,0.7703278
cauldron_ln_16941,0.48455817
mix_SI_UT_5400_591,0.0015661774
cauldron_ln_15085,0.58062565
mix_SI_UT_5400_596,0.0024390218
mix_UI_ST_5400_622,0.001969714
cauldron_ln_11887,0.7248302
cauldron_ln_106,0.5825507
cauldron_ln_13192,0.62265956
cauldron_ln_22696,0.84493357
cauldron_ln_29285,0.72478175
mix_SI_UT_5400_470,0.0017553103
cauldron_ln_6912,0.743513
cauldron_ln_9522,0.7338628
mix_UI_ST_5400_1132,0.001562772
cauldron_ln_28412,0.77488047
mix_UI_ST_5400_221,0.001984332
mix_SI_UT_5400_1045,0.001679378
cauldron_ln_16172,0.46054238
cauldron_ln_14103,0.83531207
mix_UI_ST_5400_1071,0.0040987944
mix_SI_UT_5400_1233,0.001713731
mix_SI_UT_5400_111,0.0009840454
mix_SI_UT_5400_324,0.0016450533
mix_SI_UT_5400_116,0.0032883985
cauldron_ln_1235,0.5586346
cauldron_ln_24255,0.6479008
cauldron_ln_15710,0.6894033
mix_SI_UT_5400_51,0.0015269142
cauldron_ln_20644,0.57220596
cauldron_ln_21833,0.775919
cauldron_ln_23944,0.7240888
mix_SI_UT_5400_308,0.0016045254
cauldron_ln_25956,0.64974135
cauldron_ln_15934,0.6961688
mix_UI_ST_5400_1159,0.002653153
cauldron_ln_24050,0.73409426
mix_SI_UT_5400_190,0.00087269256
cauldron_ln_6763,0.81907386
mix_SI_UT_5400_2,0.001108577
mix_UI_ST_5400_457,0.0012975958
mix_UI_ST_5400_1224,0.0020846305
cauldron_ln_16339,0.6418135
cauldron_ln_5773,0.69094664
mix_UI_ST_5400_1447,0.001958876
mix_UI_ST_5400_956,0.0007574644
cauldron_ln_2312,0.7869848
mix_UI_ST_5400_1003,0.0017919836
mix_UI_ST_5400_1425,0.0034315488
cauldron_ln_24204,0.7850009
cauldron_ln_1617,0.76997066
mix_SI_UT_5400_1050,0.0022010219
cauldron_ln_20936,0.8221744
cauldron_ln_22017,0.7530163
cauldron_ln_23477,0.735198
mix_SI_UT_5400_1038,0.0024870299
cauldron_ln_26664,0.5940819
cauldron_ln_10615,0.6637846
cauldron_ln_1497,0.71910936
mix_SI_UT_5400_892,0.0015201321
mix_UI_ST_5400_1230,0.0020526152
mix_UI_ST_5400_1286,0.0019044608
cauldron_ln_19657,0.6558655
cauldron_ln_6233,0.7482744
cauldron_ln_1337,0.77243495
cauldron_ln_28617,0.7371858
cauldron_ln_808,0.7063728
cauldron_ln_29971,0.7171831
mix_UI_ST_5400_1456,0.003051136
mix_UI_ST_5400_1155,0.0013638702
cauldron_ln_22663,0.5663402
cauldron_ln_19031,0.78086895
mix_SI_UT_5400_688,0.0019051154
cauldron_ln_12081,0.71541953
mix_UI_ST_5400_1440,0.0020376532
mix_UI_ST_5400_311,0.0021436093
mix_SI_UT_5400_1337,0.0019007617
cauldron_ln_8006,0.82088053
cauldron_ln_10427,0.7417643
cauldron_ln_4976,0.59572995
mix_SI_UT_5400_878,0.0024480205
mix_UI_ST_5400_688,0.0021946097
cauldron_ln_397,0.62228084
cauldron_ln_520,0.47803545
mix_UI_ST_5400_1063,0.0019726343
cauldron_ln_17300,0.86292636
cauldron_ln_13607,0.60938555
cauldron_ln_27780,0.71325576
mix_UI_ST_5400_636,0.0018949836
mix_SI_UT_5400_1106,0.002057262
mix_SI_UT_5400_343,0.0013641929
mix_UI_ST_5400_1146,0.0013635124
mix_SI_UT_5400_1025,0.0016858709
mix_UI_ST_5400_514,0.00241918
cauldron_ln_10504,0.64086944
mix_SI_UT_5400_1473,0.0024453436
cauldron_ln_6725,0.6924231
mix_UI_ST_5400_470,0.0018396465
mix_SI_UT_5400_140,0.0019220876
mix_UI_ST_5400_977,0.00267383
mix_SI_UT_5400_1017,0.002140746
mix_SI_UT_5400_1489,0.0012484477
mix_UI_ST_5400_106,0.0023609768
mix_UI_ST_5400_423,0.0026977898
cauldron_ln_6123,0.6633804
mix_SI_UT_5400_977,0.0015414732
mix_SI_UT_5400_10,0.0017156393
mix_SI_UT_5400_1451,0.001467887
cauldron_ln_10640,0.5876724
mix_UI_ST_5400_969,0.0017993554
mix_SI_UT_5400_1235,0.0019528265
mix_UI_ST_5400_265,0.0013431964
cauldron_ln_16356,0.8476661
mix_UI_ST_5400_288,0.0014943868
mix_SI_UT_5400_899,0.0024213963
cauldron_ln_12458,0.71825784
mix_UI_ST_5400_898,0.0018384448
cauldron_ln_13902,0.76728284
mix_SI_UT_5400_141,0.0012137878
mix_UI_ST_5400_1006,0.0016698621
cauldron_ln_174,0.52198255
mix_UI_ST_5400_1329,0.0024952593
mix_UI_ST_5400_1269,0.0006580721
mix_SI_UT_5400_289,0.0024147218
cauldron_ln_2976,0.6898094
cauldron_ln_2421,0.5728665
cauldron_ln_17143,0.5750834
mix_UI_ST_5400_1190,0.00155682
cauldron_ln_375,0.58548874
cauldron_ln_17658,0.67804694
cauldron_ln_4526,0.6813065
mix_SI_UT_5400_176,0.0018690224
mix_SI_UT_5400_1372,0.0011827659
cauldron_ln_15776,0.56299216
mix_UI_ST_5400_624,0.0015685502
mix_SI_UT_5400_648,0.0018279934
cauldron_ln_3352,0.7506528
mix_UI_ST_5400_532,0.002011033
mix_SI_UT_5400_822,0.002738124
cauldron_ln_7366,0.7476362
cauldron_ln_21184,0.5861988
mix_UI_ST_5400_1092,0.0011070125
cauldron_ln_15774,0.6842675
mix_UI_ST_5400_1496,0.002081544
cauldron_ln_15467,0.7478775
mix_UI_ST_5400_1452,0.0013620394
mix_UI_ST_5400_1338,0.0029925685
cauldron_ln_8632,0.9261854
mix_SI_UT_5400_307,0.002020996
cauldron_ln_7974,0.6216431
mix_UI_ST_5400_284,0.0033535631
mix_UI_ST_5400_1341,0.0026327518
mix_SI_UT_5400_760,0.0013467176
mix_SI_UT_5400_778,0.002105053
mix_SI_UT_5400_1264,0.0015255191
mix_SI_UT_5400_1100,0.0015103316
cauldron_ln_11907,0.7657267
cauldron_ln_9012,0.8185701
mix_UI_ST_5400_1309,0.002198668
mix_SI_UT_5400_277,0.0026376557
mix_UI_ST_5400_197,0.0018636467
mix_UI_ST_5400_125,0.0021085478
cauldron_ln_12958,0.59636533
mix_UI_ST_5400_1262,0.0019220491
cauldron_ln_29307,0.5739456
mix_UI_ST_5400_1449,0.0012587144
cauldron_ln_7312,0.83536136
mix_SI_UT_5400_1146,0.0016308422
cauldron_ln_20680,0.58646196
mix_UI_ST_5400_596,0.0011651036
mix_UI_ST_5400_942,0.0024441867
mix_SI_UT_5400_564,0.0009868959
cauldron_ln_18293,0.6540918
cauldron_ln_2234,0.69211495
mix_SI_UT_5400_354,0.0016724627
mix_SI_UT_5400_1330,0.0021793065
mix_UI_ST_5400_1066,0.0038726658
cauldron_ln_25988,0.87560374
cauldron_ln_28634,0.7614931
cauldron_ln_26039,0.618912
mix_UI_ST_5400_992,0.0015493673
mix_SI_UT_5400_401,0.0012181457
mix_SI_UT_5400_217,0.0036907082
cauldron_ln_2942,0.59060687
mix_UI_ST_5400_496,0.0014503952
cauldron_ln_12358,0.82209706
cauldron_ln_13661,0.6245708
mix_UI_ST_5400_211,0.0018877257
mix_SI_UT_5400_465,0.0025682733
mix_UI_ST_5400_1106,0.0025601427
cauldron_ln_20658,0.7037235
cauldron_ln_6279,0.69276667
cauldron_ln_22994,0.81390667
cauldron_ln_13194,0.72066844
cauldron_ln_5658,0.62341326
cauldron_ln_2476,0.6785479
mix_UI_ST_5400_68,0.0018683732
cauldron_ln_1459,0.38934228
mix_UI_ST_5400_247,0.0022768506
mix_SI_UT_5400_503,0.001163024
mix_UI_ST_5400_736,0.0018503467
cauldron_ln_21708,0.7947573
cauldron_ln_28901,0.5975992
cauldron_ln_1447,0.37743664
mix_UI_ST_5400_53,0.0027316695
mix_SI_UT_5400_325,0.0020419804
mix_UI_ST_5400_1480,0.002201269
mix_SI_UT_5400_38,0.0010689456
mix_SI_UT_5400_128,0.0010409962
mix_UI_ST_5400_1302,0.0026530141
mix_SI_UT_5400_1,0.0017840611
mix_SI_UT_5400_629,0.0021106377
mix_UI_ST_5400_40,0.0020349855
cauldron_ln_13116,0.70391834
cauldron_ln_8125,0.7797776
mix_SI_UT_5400_222,0.0007985583
cauldron_ln_12749,0.8420153
mix_SI_UT_5400_590,0.0010666309
cauldron_ln_6846,0.7279951
cauldron_ln_11275,0.81328785
mix_SI_UT_5400_807,0.0005549989
mix_UI_ST_5400_19,0.0010739865
mix_SI_UT_5400_511,0.001885053
cauldron_ln_17348,0.79665107
cauldron_ln_17202,0.8115355
mix_SI_UT_5400_1285,0.0018458177
mix_SI_UT_5400_622,0.0024027377
cauldron_ln_8394,0.8073575
mix_UI_ST_5400_695,0.0029134953
mix_SI_UT_5400_1119,0.0012634011
mix_UI_ST_5400_832,0.001396917
mix_UI_ST_5400_1096,0.003044581
cauldron_ln_25019,0.6944032
mix_SI_UT_5400_464,0.0027548308
mix_UI_ST_5400_134,0.002223169
cauldron_ln_21512,0.71038115
cauldron_ln_2457,0.684273
mix_UI_ST_5400_1131,0.002351259
mix_UI_ST_5400_466,0.0025826981
cauldron_ln_7199,0.8032164
cauldron_ln_9750,0.78853846
mix_UI_ST_5400_59,0.0018836269
cauldron_ln_13692,0.7861855
cauldron_ln_3244,0.59250766
mix_UI_ST_5400_1220,0.0015418652
cauldron_ln_8784,0.7321302
cauldron_ln_1227,0.6791666
cauldron_ln_23463,0.7546112
mix_SI_UT_5400_47,0.0029065872
cauldron_ln_4776,0.76032084
mix_SI_UT_5400_839,0.002369441
cauldron_ln_21360,0.72487795
mix_SI_UT_5400_1143,0.0016774636
mix_SI_UT_5400_25,0.0013723328
mix_SI_UT_5400_1395,0.0021843673
mix_SI_UT_5400_205,0.002116088
mix_SI_UT_5400_346,0.0018617405
cauldron_ln_6760,0.5862679
cauldron_ln_15478,0.644596
mix_UI_ST_5400_509,0.0014575162
mix_UI_ST_5400_868,0.0012220476
mix_UI_ST_5400_78,0.0010807759
cauldron_ln_9173,0.7430807
mix_UI_ST_5400_938,0.0015321882
mix_SI_UT_5400_1253,0.0024399082
cauldron_ln_2553,0.6519736
cauldron_ln_11528,0.8461275
cauldron_ln_24903,0.7588273
mix_UI_ST_5400_928,0.0022900726
cauldron_ln_27318,0.76481944
cauldron_ln_6181,0.66059655
mix_SI_UT_5400_1021,0.0017082251
mix_UI_ST_5400_801,0.0020837926
cauldron_ln_29752,0.59864265
mix_UI_ST_5400_192,0.0011642472
cauldron_ln_18012,0.6709684
cauldron_ln_28399,0.7436132
cauldron_ln_7291,0.81909347
mix_SI_UT_5400_679,0.0016541838
cauldron_ln_2145,0.72673404
cauldron_ln_8364,0.7998201
mix_SI_UT_5400_258,0.0012871039
mix_UI_ST_5400_1135,0.002056615
mix_SI_UT_5400_810,0.0013085615
cauldron_ln_18633,0.7550979
mix_UI_ST_5400_204,0.0009651543
cauldron_ln_12724,0.7351067
cauldron_ln_11569,0.72834206
mix_SI_UT_5400_74,0.0010662245
cauldron_ln_13789,0.73433566
mix_UI_ST_5400_1407,0.0023570657
cauldron_ln_22656,0.748863
cauldron_ln_18909,0.8682642
cauldron_ln_7647,0.71719563
cauldron_ln_9398,0.77394164
cauldron_ln_17570,0.7698902
cauldron_ln_25814,0.6388566
mix_UI_ST_5400_602,0.0021305801
cauldron_ln_15559,0.79259664
mix_UI_ST_5400_611,0.0024897878
mix_SI_UT_5400_433,0.002134041
cauldron_ln_26233,0.7589222
mix_SI_UT_5400_393,0.0016599913
mix_SI_UT_5400_214,0.0019060302
cauldron_ln_22682,0.7250365
mix_SI_UT_5400_477,0.0011384906
cauldron_ln_18544,0.6292531
cauldron_ln_23923,0.7327167
cauldron_ln_14189,0.80312616
cauldron_ln_10908,0.7831291
cauldron_ln_13971,0.679438
cauldron_ln_19625,0.78055376
mix_UI_ST_5400_537,0.0011649872
mix_UI_ST_5400_1195,0.0026069852
cauldron_ln_26739,0.795191
cauldron_ln_24131,0.6489091
mix_SI_UT_5400_920,0.0019061301
mix_SI_UT_5400_1383,0.0014395062
mix_SI_UT_5400_1293,0.0018494652
mix_UI_ST_5400_610,0.0009875124
cauldron_ln_14300,0.76774526
cauldron_ln_5972,0.73797363
cauldron_ln_22355,0.76370597
mix_UI_ST_5400_485,0.00071562856
mix_SI_UT_5400_281,0.0019214044
cauldron_ln_15100,0.5199726
mix_UI_ST_5400_1241,0.0017227876
mix_UI_ST_5400_1428,0.0016651502
cauldron_ln_13948,0.79752266
mix_UI_ST_5400_60,0.001422678
cauldron_ln_2574,0.62160313
cauldron_ln_19196,0.82108355
cauldron_ln_2618,0.7754654
cauldron_ln_5056,0.5678513
cauldron_ln_15189,0.65310454
mix_UI_ST_5400_817,0.0022551247
mix_SI_UT_5400_572,0.0017224982
mix_UI_ST_5400_732,0.0019266475
cauldron_ln_9703,0.6602521
mix_UI_ST_5400_1423,0.0017357226
mix_UI_ST_5400_158,0.0027351505
mix_UI_ST_5400_183,0.0037741042
mix_UI_ST_5400_891,0.0011761256
cauldron_ln_9045,0.69097215
mix_SI_UT_5400_1044,0.002987299
mix_UI_ST_5400_1325,0.0012819214
mix_SI_UT_5400_708,0.00153446
cauldron_ln_28990,0.7000159
cauldron_ln_28089,0.75493485
mix_UI_ST_5400_572,0.0025390151
cauldron_ln_15138,0.65071815
cauldron_ln_22698,0.78843725
cauldron_ln_2226,0.7055362
mix_SI_UT_5400_1249,0.0028590397
mix_UI_ST_5400_1235,0.0031124745
mix_UI_ST_5400_879,0.0012910793
cauldron_ln_7248,0.7925345
cauldron_ln_6328,0.6998933
cauldron_ln_24676,0.840487
mix_UI_ST_5400_656,0.0024309142
mix_SI_UT_5400_256,0.0018995843
cauldron_ln_25223,0.8611638
mix_UI_ST_5400_92,0.0019464912
mix_UI_ST_5400_903,0.0020906595
mix_UI_ST_5400_589,0.001648173
mix_UI_ST_5400_538,0.0016268371
cauldron_ln_16542,0.7087704
cauldron_ln_3853,0.53356254
cauldron_ln_28794,0.8300585
mix_UI_ST_5400_1439,0.0021931827
cauldron_ln_4530,0.7166219
mix_UI_ST_5400_861,0.0018760791
mix_UI_ST_5400_713,0.0013208733
cauldron_ln_14176,0.7112645
cauldron_ln_17782,0.86761343
cauldron_ln_1393,0.60088307
cauldron_ln_23286,0.812661
cauldron_ln_7997,0.62251437
mix_SI_UT_5400_1005,0.0022945069
cauldron_ln_4803,0.69393665
cauldron_ln_14593,0.46819744
mix_UI_ST_5400_802,0.0042151078
mix_SI_UT_5400_427,0.00095439336
mix_UI_ST_5400_331,0.0023484789
mix_SI_UT_5400_1272,0.0015328483
mix_UI_ST_5400_1121,0.0023286208
cauldron_ln_27118,0.6330417
mix_SI_UT_5400_772,0.002328675
cauldron_ln_9756,0.65704757
cauldron_ln_1185,0.56095856
cauldron_ln_26533,0.75278443
mix_SI_UT_5400_1178,0.0010093311
mix_SI_UT_5400_223,0.0016814219
mix_SI_UT_5400_68,0.0027139904
cauldron_ln_29323,0.6903242
mix_UI_ST_5400_1128,0.0012536001
cauldron_ln_12498,0.7341879
cauldron_ln_17248,0.76169384
mix_SI_UT_5400_626,0.0029651553
mix_SI_UT_5400_492,0.003079829
mix_UI_ST_5400_874,0.0021110254
mix_UI_ST_5400_47,0.0020648332
cauldron_ln_17175,0.78949606
cauldron_ln_27901,0.73566824
mix_UI_ST_5400_54,0.0029023585
mix_SI_UT_5400_1130,0.0016529025
cauldron_ln_10232,0.7747778
cauldron_ln_11586,0.722741
mix_SI_UT_5400_12,0.0019197052
cauldron_ln_4885,0.7718273
cauldron_ln_25377,0.78280115
mix_UI_ST_5400_498,0.00312845
cauldron_ln_9821,0.77353543
cauldron_ln_2475,0.81080085
cauldron_ln_10469,0.7761324
cauldron_ln_26085,0.542768
mix_UI_ST_5400_402,0.0020774917
mix_UI_ST_5400_105,0.0022975774
mix_SI_UT_5400_82,0.0019149028
cauldron_ln_18661,0.8224819
mix_UI_ST_5400_798,0.0032706049
mix_UI_ST_5400_1339,0.0027194342
mix_UI_ST_5400_145,0.0023890235
cauldron_ln_29522,0.605844
mix_UI_ST_5400_1156,0.0019992534
mix_SI_UT_5400_534,0.0021867757
mix_SI_UT_5400_720,0.0025270816
mix_SI_UT_5400_835,0.001927795
cauldron_ln_24137,0.7739413
cauldron_ln_18578,0.66695654
mix_SI_UT_5400_479,0.0008627278
mix_UI_ST_5400_82,0.0019362073
mix_UI_ST_5400_232,0.0018972442
mix_SI_UT_5400_185,0.001537691
cauldron_ln_22354,0.7860779
cauldron_ln_27299,0.43115294
mix_SI_UT_5400_517,0.0017171254
cauldron_ln_16637,0.60760784
mix_UI_ST_5400_165,0.0024547637
mix_SI_UT_5400_379,0.003444907
mix_UI_ST_5400_887,0.001541904
mix_SI_UT_5400_1207,0.0023468672
cauldron_ln_4243,0.7547902
mix_UI_ST_5400_280,0.0019958578
mix_SI_UT_5400_62,0.0017113847
mix_SI_UT_5400_803,0.00333975
cauldron_ln_11317,0.73094565
cauldron_ln_882,0.44522056
cauldron_ln_18528,0.757757
cauldron_ln_14134,0.7165533
mix_UI_ST_5400_249,0.001181574
cauldron_ln_501,0.750983
cauldron_ln_16919,0.4335677
mix_UI_ST_5400_275,0.0010505525
mix_SI_UT_5400_259,0.002171033
cauldron_ln_10414,0.8198787
mix_SI_UT_5400_135,0.0017628276
cauldron_ln_23891,0.8020481
cauldron_ln_12781,0.73326004
cauldron_ln_27869,0.6830931
cauldron_ln_24381,0.7429921
cauldron_ln_12780,0.7374214
cauldron_ln_18038,0.6697714
mix_UI_ST_5400_262,0.0018160666
cauldron_ln_11847,0.7266086
cauldron_ln_11836,0.8365531
cauldron_ln_11169,0.8064274
cauldron_ln_21971,0.69310606
cauldron_ln_19829,0.670004
mix_UI_ST_5400_244,0.001146971
mix_SI_UT_5400_1200,0.0024488182
cauldron_ln_24272,0.8120529
mix_UI_ST_5400_426,0.0022879022
mix_UI_ST_5400_570,0.0021644558
mix_SI_UT_5400_368,0.0017355335
cauldron_ln_24774,0.81995475
cauldron_ln_12521,0.41840613
cauldron_ln_858,0.77895874
cauldron_ln_11780,0.79347783
cauldron_ln_12304,0.6593602
cauldron_ln_5062,0.7359498
mix_UI_ST_5400_1217,0.0026301525
mix_UI_ST_5400_803,0.0022646668
cauldron_ln_7069,0.8240071
mix_SI_UT_5400_941,0.0030006063
mix_SI_UT_5400_1013,0.0016769791
cauldron_ln_25063,0.76996213
cauldron_ln_23458,0.7419945
cauldron_ln_12346,0.7811186
mix_SI_UT_5400_1428,0.001494887
mix_UI_ST_5400_991,0.0026690797
cauldron_ln_23973,0.74873453
mix_SI_UT_5400_814,0.0010391878
cauldron_ln_9442,0.64932275
cauldron_ln_29044,0.46957427
mix_SI_UT_5400_668,0.0008598292
cauldron_ln_28573,0.7019636
cauldron_ln_10839,0.7517814
cauldron_ln_234,0.6025528
cauldron_ln_14738,0.659815
mix_UI_ST_5400_1033,0.002293876
cauldron_ln_15645,0.6526511
cauldron_ln_9430,0.8117713
mix_UI_ST_5400_433,0.0019481722
cauldron_ln_13414,0.75045097
mix_UI_ST_5400_1453,0.0016607257
cauldron_ln_1336,0.7281507
mix_SI_UT_5400_115,0.002199507
mix_SI_UT_5400_754,0.0007716608
mix_SI_UT_5400_1172,0.0022460758
cauldron_ln_381,0.6798905
cauldron_ln_4175,0.75308686
mix_UI_ST_5400_424,0.0015047302
cauldron_ln_27310,0.583273
mix_UI_ST_5400_701,0.0020417997
cauldron_ln_29200,0.75571084
cauldron_ln_13571,0.6589496
mix_UI_ST_5400_1111,0.0025279436
mix_UI_ST_5400_425,0.0015187091
cauldron_ln_11832,0.79342055
cauldron_ln_253,0.6670542
cauldron_ln_2261,0.61563736
mix_UI_ST_5400_1324,0.0021675443
cauldron_ln_24226,0.49462906
mix_SI_UT_5400_1144,0.0015762578
mix_UI_ST_5400_592,0.0037758474
cauldron_ln_15446,0.7760936
cauldron_ln_13905,0.8037595
mix_SI_UT_5400_383,0.0009495387
cauldron_ln_1188,0.4886277
mix_SI_UT_5400_879,0.0014701295
cauldron_ln_15180,0.6291968
cauldron_ln_7912,0.8015595
cauldron_ln_6005,0.81916034
mix_SI_UT_5400_617,0.0015067955
cauldron_ln_17731,0.7165034
cauldron_ln_14600,0.75753003
cauldron_ln_18804,0.6916903
mix_SI_UT_5400_1481,0.0010370159
cauldron_ln_2384,0.55971366
mix_UI_ST_5400_1275,0.0033732152
mix_UI_ST_5400_1280,0.0018900665
cauldron_ln_2864,0.50413436
mix_UI_ST_5400_458,0.0017663159
cauldron_ln_23437,0.6443698
mix_SI_UT_5400_675,0.0016138393
cauldron_ln_8005,0.78631586
cauldron_ln_14689,0.82678634
cauldron_ln_1264,0.67366296
cauldron_ln_5624,0.5820674
mix_SI_UT_5400_1098,0.0036826602
cauldron_ln_10737,0.765513
mix_SI_UT_5400_602,0.0013744909
mix_SI_UT_5400_1118,0.0015073395
mix_UI_ST_5400_571,0.0019684676
cauldron_ln_782,0.8067869
mix_SI_UT_5400_683,0.0017549135
mix_UI_ST_5400_845,0.00133023
cauldron_ln_9467,0.8672072
mix_SI_UT_5400_586,0.0012572716
cauldron_ln_18317,0.68632954
mix_UI_ST_5400_603,0.0016958792
cauldron_ln_10364,0.70022345
cauldron_ln_21951,0.82346755
cauldron_ln_6832,0.7131654
cauldron_ln_22126,0.64338607
mix_UI_ST_5400_859,0.0014865976
mix_SI_UT_5400_65,0.0023033952
cauldron_ln_28308,0.7372613
cauldron_ln_16945,0.63212156
cauldron_ln_22718,0.7163165
cauldron_ln_9608,0.7426269
cauldron_ln_23386,0.76776046
mix_UI_ST_5400_184,0.0028126342
cauldron_ln_25880,0.8090382
mix_UI_ST_5400_1297,0.0018425847
cauldron_ln_7957,0.6450721
mix_UI_ST_5400_18,0.001473978
mix_SI_UT_5400_1324,0.001858012
cauldron_ln_26789,0.7116853
cauldron_ln_12315,0.8172197
cauldron_ln_3659,0.7586286
mix_UI_ST_5400_958,0.0020108407
mix_SI_UT_5400_975,0.0021979806
cauldron_ln_11223,0.8525626
cauldron_ln_19762,0.7536053
mix_UI_ST_5400_118,0.0016929447
mix_UI_ST_5400_1012,0.0012716909
cauldron_ln_14800,0.75828665
mix_UI_ST_5400_1209,0.002175762
mix_SI_UT_5400_550,0.0031074171
cauldron_ln_20840,0.69342583
cauldron_ln_23550,0.697571
mix_SI_UT_5400_692,0.0015689873
cauldron_ln_23578,0.69368
mix_SI_UT_5400_98,0.00094687403
mix_UI_ST_5400_282,0.0016354137
mix_SI_UT_5400_999,0.0013935214
mix_UI_ST_5400_1386,0.0016351164
cauldron_ln_19738,0.8155992
cauldron_ln_10862,0.7792434
mix_UI_ST_5400_127,0.0028350856
cauldron_ln_18648,0.8473239
cauldron_ln_21046,0.64268315
mix_SI_UT_5400_363,0.0025512036
cauldron_ln_24064,0.86727893
mix_UI_ST_5400_1001,0.0012384151
mix_SI_UT_5400_160,0.002015699
cauldron_ln_10663,0.5775676
cauldron_ln_24796,0.6752943
mix_UI_ST_5400_187,0.0026234353
mix_SI_UT_5400_496,0.0015621738
mix_SI_UT_5400_407,0.0020616425
mix_UI_ST_5400_404,0.0019322095
cauldron_ln_15959,0.6424182
cauldron_ln_6649,0.6079621
cauldron_ln_3549,0.7355126
cauldron_ln_1293,0.5402118
mix_UI_ST_5400_831,0.0038258245
cauldron_ln_7631,0.6081651
cauldron_ln_19177,0.7881597
mix_SI_UT_5400_994,0.0026022086
mix_UI_ST_5400_939,0.001997994
mix_SI_UT_5400_689,0.0016180435
cauldron_ln_9724,0.8243932
cauldron_ln_23057,0.6455167
cauldron_ln_10321,0.8248739
mix_SI_UT_5400_696,0.0019267034
cauldron_ln_29500,0.742129
cauldron_ln_19512,0.5368774
mix_SI_UT_5400_350,0.0020016027
cauldron_ln_1469,0.6014245
mix_UI_ST_5400_200,0.0017917985
mix_SI_UT_5400_95,0.0017607388
cauldron_ln_19981,0.80906534
mix_UI_ST_5400_1411,0.0010387478
cauldron_ln_408,0.65826386
cauldron_ln_28898,0.71887404
mix_SI_UT_5400_724,0.0016518915
mix_SI_UT_5400_639,0.002527626
mix_UI_ST_5400_631,0.001666952
mix_UI_ST_5400_377,0.0017034578
cauldron_ln_27294,0.5975489
mix_SI_UT_5400_143,0.0022118841
cauldron_ln_24813,0.8034169
mix_UI_ST_5400_641,0.0017122771
mix_UI_ST_5400_9,0.0028448678
cauldron_ln_11173,0.8161439
cauldron_ln_17417,0.49890217
mix_UI_ST_5400_225,0.0008459633
mix_SI_UT_5400_523,0.0019406482
cauldron_ln_28689,0.8188741
mix_UI_ST_5400_289,0.0028520282
cauldron_ln_13302,0.775869
cauldron_ln_24045,0.6522153
cauldron_ln_15030,0.8374403
mix_SI_UT_5400_932,0.0013621055
mix_UI_ST_5400_1036,0.0022301152
cauldron_ln_25474,0.5630726
cauldron_ln_19242,0.7324376
mix_UI_ST_5400_1356,0.0016005451
cauldron_ln_18842,0.6549261
mix_UI_ST_5400_810,0.0013156566
mix_SI_UT_5400_1192,0.0010629315
cauldron_ln_15190,0.59721416
mix_UI_ST_5400_190,0.0022917402
cauldron_ln_7913,0.74447614
mix_SI_UT_5400_1423,0.0016860274
cauldron_ln_5862,0.6874136
cauldron_ln_11295,0.72256416
mix_SI_UT_5400_11,0.0019123172
cauldron_ln_8670,0.77392924
cauldron_ln_2090,0.704952
cauldron_ln_6659,0.7653856
mix_UI_ST_5400_57,0.003117236
cauldron_ln_25926,0.6934611
cauldron_ln_15974,0.8351101
mix_SI_UT_5400_22,0.002190587
cauldron_ln_21956,0.6557153
cauldron_ln_22029,0.766321
cauldron_ln_1276,0.69915104
mix_UI_ST_5400_1171,0.0022654955
cauldron_ln_27456,0.79180473
mix_SI_UT_5400_891,0.0021458687
cauldron_ln_22474,0.65302724
cauldron_ln_23939,0.5379746
mix_UI_ST_5400_795,0.001996216
cauldron_ln_24077,0.5605867
cauldron_ln_11910,0.6387208
cauldron_ln_22225,0.7440167
cauldron_ln_6936,0.764073
mix_UI_ST_5400_604,0.0016210297
cauldron_ln_20698,0.7593859
mix_UI_ST_5400_1263,0.0016264314
cauldron_ln_26056,0.73105216
cauldron_ln_18112,0.8545939
cauldron_ln_998,0.6156815
cauldron_ln_14833,0.5220929
cauldron_ln_17237,0.66317654
mix_UI_ST_5400_231,0.0021886586
mix_SI_UT_5400_601,0.0015731151
cauldron_ln_6138,0.72310203
mix_SI_UT_5400_291,0.0013986216
mix_SI_UT_5400_514,0.001715502
cauldron_ln_10250,0.5229339
mix_UI_ST_5400_1212,0.0016945871
cauldron_ln_17851,0.7667606
mix_SI_UT_5400_305,0.0016539131
mix_UI_ST_5400_1227,0.0020406633
cauldron_ln_14348,0.5944218
mix_SI_UT_5400_846,0.002046912
mix_UI_ST_5400_672,0.0027293726
mix_SI_UT_5400_1113,0.002734114
mix_SI_UT_5400_539,0.0015378132
mix_UI_ST_5400_543,0.002368961
mix_SI_UT_5400_875,0.0023251174
cauldron_ln_29643,0.73547643
mix_SI_UT_5400_765,0.0022949185
mix_SI_UT_5400_584,0.0016589281
cauldron_ln_8539,0.6783312
mix_SI_UT_5400_456,0.0017884278
mix_UI_ST_5400_666,0.0009920596
mix_UI_ST_5400_286,0.0017713776
mix_UI_ST_5400_663,0.001048822
cauldron_ln_14523,0.7691492
cauldron_ln_16505,0.71523744
mix_UI_ST_5400_182,0.0018566975
cauldron_ln_29683,0.4806086
cauldron_ln_23143,0.8008805
cauldron_ln_16564,0.7574456
cauldron_ln_16142,0.66130286
cauldron_ln_20435,0.77389437
mix_UI_ST_5400_438,0.0017437447
mix_UI_ST_5400_1465,0.0022279043
mix_SI_UT_5400_53,0.0020440337
mix_SI_UT_5400_476,0.0012818963
cauldron_ln_21716,0.83789384
mix_UI_ST_5400_330,0.0019005548
cauldron_ln_15851,0.64954966
cauldron_ln_17600,0.673499
cauldron_ln_10167,0.6815372
cauldron_ln_10237,0.7029535
cauldron_ln_29619,0.6621417
mix_UI_ST_5400_1139,0.0019320319
mix_SI_UT_5400_1380,0.001782025
mix_SI_UT_5400_1177,0.0011042914
cauldron_ln_5002,0.6832628
cauldron_ln_22262,0.7977426
cauldron_ln_26489,0.7291041
mix_SI_UT_5400_1426,0.0018728195
mix_UI_ST_5400_1288,0.0011294972
cauldron_ln_2508,0.805042
mix_UI_ST_5400_448,0.002162928
cauldron_ln_14426,0.6112401
cauldron_ln_16971,0.4239195
cauldron_ln_5519,0.84652174
cauldron_ln_9418,0.857299
cauldron_ln_13091,0.42165726
cauldron_ln_14406,0.7327477
mix_UI_ST_5400_750,0.0013337345
cauldron_ln_240,0.7147721
cauldron_ln_1610,0.69196093
mix_UI_ST_5400_670,0.0020077282
mix_UI_ST_5400_315,0.0021490096
cauldron_ln_29830,0.61667883
mix_SI_UT_5400_1120,0.0011541871
mix_SI_UT_5400_718,0.0024829793
mix_SI_UT_5400_435,0.002303459
mix_SI_UT_5400_171,0.0021556593
cauldron_ln_16878,0.7030762
mix_SI_UT_5400_1288,0.0026878868
cauldron_ln_24518,0.6730619
mix_SI_UT_5400_151,0.003018103
cauldron_ln_12839,0.7930264
cauldron_ln_12600,0.7130399
cauldron_ln_16593,0.57578254
mix_UI_ST_5400_412,0.0025158501
cauldron_ln_14539,0.8896902
cauldron_ln_12908,0.7898971
cauldron_ln_16152,0.7956948
cauldron_ln_19101,0.6600726
cauldron_ln_6309,0.64778894
cauldron_ln_7531,0.8965283
cauldron_ln_15199,0.4942824
mix_SI_UT_5400_1088,0.0014612372
mix_UI_ST_5400_124,0.002736484
mix_SI_UT_5400_637,0.0017119014
mix_UI_ST_5400_530,0.0017056818
mix_SI_UT_5400_1230,0.0033543443
mix_UI_ST_5400_1361,0.00187261
mix_UI_ST_5400_1228,0.001965678
mix_UI_ST_5400_544,0.002199143
cauldron_ln_12631,0.5883548
mix_UI_ST_5400_1174,0.002131007
mix_UI_ST_5400_1433,0.0012566617
mix_UI_ST_5400_390,0.0012979234
mix_UI_ST_5400_848,0.002981281
cauldron_ln_6134,0.6590369
mix_UI_ST_5400_850,0.0028569389
mix_SI_UT_5400_783,0.0017720247
mix_SI_UT_5400_209,0.0010727405
cauldron_ln_24332,0.66772115
mix_UI_ST_5400_1438,0.0015650034
mix_UI_ST_5400_1041,0.0011321359
mix_SI_UT_5400_290,0.0018377642
cauldron_ln_25639,0.59762084
mix_UI_ST_5400_1468,0.0029525987
mix_UI_ST_5400_665,0.0019893348
mix_UI_ST_5400_566,0.0019274867
mix_UI_ST_5400_1281,0.0021462475
mix_SI_UT_5400_159,0.0014378265
cauldron_ln_1423,0.8456609
cauldron_ln_18969,0.58377177
mix_SI_UT_5400_1218,0.0022302459
cauldron_ln_12297,0.62643856
cauldron_ln_3945,0.52661926
cauldron_ln_8030,0.8245484
mix_UI_ST_5400_580,0.0020101978
mix_UI_ST_5400_235,0.0019215279
cauldron_ln_14083,0.8136543
mix_UI_ST_5400_42,0.0034247409
cauldron_ln_14162,0.79303336
mix_UI_ST_5400_1062,0.0015128275
mix_UI_ST_5400_645,0.0017954919
cauldron_ln_16338,0.73186797
mix_UI_ST_5400_738,0.0018356232
mix_SI_UT_5400_1493,0.003079523
cauldron_ln_2951,0.7618079
mix_UI_ST_5400_519,0.0011138455
cauldron_ln_20137,0.6999137
mix_SI_UT_5400_910,0.0012343845
cauldron_ln_24018,0.72406965
cauldron_ln_14716,0.7804127
mix_UI_ST_5400_120,0.0014768034
cauldron_ln_996,0.5209141
cauldron_ln_17297,0.7250795
cauldron_ln_7501,0.66882825
mix_SI_UT_5400_805,0.0012827042
mix_SI_UT_5400_108,0.0017899725
mix_SI_UT_5400_367,0.0016842594
mix_SI_UT_5400_939,0.0008278677
cauldron_ln_8124,0.5998288
cauldron_ln_4558,0.72337633
mix_UI_ST_5400_789,0.002184142
cauldron_ln_7869,0.5582421
cauldron_ln_25700,0.66111135
cauldron_ln_19547,0.6668995
mix_SI_UT_5400_43,0.0015093611
cauldron_ln_24786,0.7410412
cauldron_ln_23928,0.48640066
mix_SI_UT_5400_687,0.0014258715
cauldron_ln_22802,0.5322526
mix_SI_UT_5400_740,0.001281159
mix_SI_UT_5400_162,0.0015613768
mix_UI_ST_5400_213,0.0024815449
cauldron_ln_1853,0.7122069
mix_SI_UT_5400_446,0.003199933
cauldron_ln_14026,0.7888635
mix_UI_ST_5400_1260,0.0012248147
cauldron_ln_21653,0.7071285
mix_SI_UT_5400_508,0.0026878985
mix_SI_UT_5400_532,0.002816826
cauldron_ln_16789,0.7758892
mix_UI_ST_5400_856,0.0021258744
mix_UI_ST_5400_1034,0.0045035523
cauldron_ln_11205,0.5586722
mix_UI_ST_5400_562,0.0029647846
mix_UI_ST_5400_1261,0.0021862546
mix_SI_UT_5400_962,0.0024702286
mix_UI_ST_5400_478,0.0016579041
mix_SI_UT_5400_99,0.0021219552
cauldron_ln_12588,0.6971612
mix_UI_ST_5400_143,0.0014800197
mix_UI_ST_5400_108,0.0019613088
mix_UI_ST_5400_201,0.0030805669
mix_UI_ST_5400_934,0.0019865884
cauldron_ln_24658,0.6761123
cauldron_ln_4606,0.7937398
cauldron_ln_4370,0.5045351
cauldron_ln_15212,0.740344
mix_SI_UT_5400_273,0.001842969
mix_SI_UT_5400_1282,0.0008365107
mix_SI_UT_5400_1461,0.00208682
cauldron_ln_4611,0.6608918
cauldron_ln_148,0.5551463
mix_UI_ST_5400_171,0.0014048156
cauldron_ln_29330,0.7548754
mix_SI_UT_5400_1444,0.0022174076
cauldron_ln_15849,0.79436094
mix_SI_UT_5400_1079,0.0020034334
cauldron_ln_27996,0.7223457
mix_UI_ST_5400_1328,0.0023770616
cauldron_ln_308,0.5686062
cauldron_ln_1385,0.6318932
cauldron_ln_13559,0.8302811
cauldron_ln_24016,0.686919
mix_SI_UT_5400_1437,0.0008068341
mix_SI_UT_5400_1417,0.0014391128
mix_UI_ST_5400_608,0.0018025305
cauldron_ln_26962,0.73179495
mix_UI_ST_5400_1431,0.0015038234
cauldron_ln_4251,0.43702412
cauldron_ln_7620,0.62551844
mix_UI_ST_5400_866,0.00078974967
cauldron_ln_28642,0.6549633
cauldron_ln_4319,0.53491855
mix_SI_UT_5400_747,0.001304357
mix_UI_ST_5400_976,0.0018486284
cauldron_ln_20184,0.71308035
mix_SI_UT_5400_769,0.0015229284
mix_SI_UT_5400_1338,0.0014649573
cauldron_ln_1588,0.6542332
mix_UI_ST_5400_1416,0.0023722495
cauldron_ln_9076,0.76024365
cauldron_ln_21341,0.833929
mix_UI_ST_5400_1172,0.0022565264
mix_SI_UT_5400_443,0.0022528288
cauldron_ln_17500,0.6452006
cauldron_ln_7511,0.7632809
cauldron_ln_10086,0.8027352
mix_UI_ST_5400_671,0.0012284098
mix_SI_UT_5400_1413,0.0022039162
mix_SI_UT_5400_440,0.0012974432
cauldron_ln_23100,0.80190223
cauldron_ln_16900,0.66275185
mix_SI_UT_5400_1267,0.0018812446
mix_SI_UT_5400_555,0.00090940506
cauldron_ln_26119,0.7496648
mix_SI_UT_5400_196,0.001796221
mix_SI_UT_5400_0,0.0013396166
cauldron_ln_18068,0.5440141
mix_SI_UT_5400_1443,0.0021093243
mix_UI_ST_5400_910,0.0014268333
mix_SI_UT_5400_930,0.0023177192
cauldron_ln_5488,0.8139723
cauldron_ln_4996,0.76409584
mix_SI_UT_5400_1064,0.0024828766
mix_UI_ST_5400_1446,0.0015635974
mix_UI_ST_5400_1421,0.0015737617
mix_SI_UT_5400_965,0.002516494
mix_UI_ST_5400_306,0.0018587622
cauldron_ln_26059,0.7577727
cauldron_ln_21753,0.6998357
cauldron_ln_29556,0.6767981
cauldron_ln_23054,0.73139054
cauldron_ln_3408,0.67967236
cauldron_ln_23291,0.72292703
cauldron_ln_8958,0.8326766
mix_SI_UT_5400_1345,0.001853969
cauldron_ln_3256,0.7654751
mix_UI_ST_5400_595,0.0015812494
cauldron_ln_25118,0.84576726
cauldron_ln_15965,0.74260634
mix_SI_UT_5400_321,0.0010095667
cauldron_ln_12660,0.64470524
cauldron_ln_27846,0.726151
cauldron_ln_25807,0.79402673
mix_SI_UT_5400_1309,0.0018625418
cauldron_ln_17901,0.78725266
cauldron_ln_29501,0.7858037
mix_SI_UT_5400_911,0.0008274213
cauldron_ln_595,0.72364044
cauldron_ln_3863,0.73126
mix_UI_ST_5400_914,0.0021642311
cauldron_ln_12357,0.5868497
cauldron_ln_17390,0.6917643
mix_SI_UT_5400_1195,0.0028805428
mix_UI_ST_5400_461,0.00264054
mix_SI_UT_5400_103,0.0021163821
mix_UI_ST_5400_1222,0.0017360366
mix_UI_ST_5400_17,0.00220959
cauldron_ln_3480,0.35075536
mix_UI_ST_5400_842,0.0024672272
cauldron_ln_4383,0.6466564
cauldron_ln_20799,0.7432448
mix_UI_ST_5400_1387,0.0019074578
mix_UI_ST_5400_483,0.0014088603
mix_UI_ST_5400_1424,0.0019732942
mix_UI_ST_5400_392,0.0023023426
mix_UI_ST_5400_1256,0.0017834362
mix_SI_UT_5400_501,0.0024212226
mix_UI_ST_5400_1477,0.001985629
mix_SI_UT_5400_31,0.00072859216
mix_UI_ST_5400_36,0.0018264488
mix_SI_UT_5400_1273,0.00079292775
mix_SI_UT_5400_1482,0.0022799443
cauldron_ln_21286,0.821261
mix_SI_UT_5400_998,0.0019237212
cauldron_ln_18816,0.67923874
cauldron_ln_1133,0.5808398
cauldron_ln_15388,0.7797848
mix_SI_UT_5400_233,0.0018691906
cauldron_ln_14165,0.7576215
mix_SI_UT_5400_360,0.0013852121
cauldron_ln_18780,0.78054357
cauldron_ln_25942,0.86033404
cauldron_ln_23565,0.6218269
mix_UI_ST_5400_1388,0.0032430012
mix_UI_ST_5400_368,0.0019773995
cauldron_ln_14906,0.8523099
mix_UI_ST_5400_474,0.002139911
mix_SI_UT_5400_1270,0.0022243222
mix_UI_ST_5400_925,0.0020799926
mix_SI_UT_5400_120,0.0021247852
mix_UI_ST_5400_253,0.0019311889
mix_SI_UT_5400_798,0.0014655887
mix_UI_ST_5400_188,0.0027218938
cauldron_ln_20716,0.8592524
mix_UI_ST_5400_755,0.0014693135
mix_SI_UT_5400_1006,0.0023020927
mix_SI_UT_5400_1215,0.0022836428
cauldron_ln_26624,0.45242366
cauldron_ln_209,0.61287373
cauldron_ln_21636,0.59651875
cauldron_ln_27646,0.7363099
mix_UI_ST_5400_1058,0.0023418854
cauldron_ln_7404,0.8698463
mix_SI_UT_5400_725,0.0011790954
cauldron_ln_29835,0.7816066
mix_SI_UT_5400_89,0.0023330895
mix_UI_ST_5400_49,0.0019398062
cauldron_ln_22002,0.8163553
cauldron_ln_15013,0.7394417
cauldron_ln_23439,0.72844607
mix_UI_ST_5400_873,0.0021347357
mix_UI_ST_5400_516,0.0019609625
cauldron_ln_8154,0.5717932
mix_UI_ST_5400_81,0.0026828106
mix_SI_UT_5400_1203,0.0015369371
cauldron_ln_27451,0.7621553
mix_UI_ST_5400_1040,0.0027777636
cauldron_ln_1404,0.42070323
mix_UI_ST_5400_760,0.0025113728
mix_SI_UT_5400_96,0.001122654
cauldron_ln_13365,0.77062666
mix_SI_UT_5400_224,0.0024320346
cauldron_ln_22626,0.7634453
cauldron_ln_2408,0.7445846
mix_SI_UT_5400_655,0.0011973771
mix_SI_UT_5400_425,0.002307268
mix_SI_UT_5400_1321,0.0023262869
mix_UI_ST_5400_955,0.0010315458
cauldron_ln_5592,0.6954703
mix_UI_ST_5400_128,0.000780704
mix_SI_UT_5400_428,0.0018747806
cauldron_ln_11037,0.7698109
cauldron_ln_6711,0.7091764
mix_SI_UT_5400_80,0.002684093
mix_UI_ST_5400_783,0.0017559547
mix_UI_ST_5400_1120,0.0014560575
mix_SI_UT_5400_680,0.0018729639
mix_UI_ST_5400_62,0.00087439816
cauldron_ln_18773,0.75730926
cauldron_ln_12062,0.79016566
cauldron_ln_2587,0.7528431
cauldron_ln_8513,0.8122901
cauldron_ln_23014,0.6577607
cauldron_ln_3366,0.4971576
mix_SI_UT_5400_71,0.0014319761
mix_SI_UT_5400_1018,0.0011336057
mix_UI_ST_5400_297,0.0019567907
cauldron_ln_10125,0.54245627
cauldron_ln_13072,0.78205806
cauldron_ln_6713,0.567035
cauldron_ln_17171,0.65570205
mix_SI_UT_5400_1252,0.0015267804
mix_SI_UT_5400_266,0.0012411021
mix_UI_ST_5400_1051,0.0014568418
cauldron_ln_15015,0.83205646
cauldron_ln_28632,0.7341623
mix_SI_UT_5400_917,0.0013569826
mix_SI_UT_5400_348,0.0017941317
cauldron_ln_18641,0.6310912
cauldron_ln_1759,0.6029331
mix_UI_ST_5400_684,0.00333561
cauldron_ln_17447,0.7017153
cauldron_ln_8751,0.6944558
mix_UI_ST_5400_394,0.0007972001
mix_UI_ST_5400_301,0.0031880324
mix_SI_UT_5400_73,0.001690573
cauldron_ln_9351,0.74203974
cauldron_ln_16813,0.73716295
mix_SI_UT_5400_682,0.002922659
cauldron_ln_28248,0.5488139
cauldron_ln_27142,0.7607665
mix_SI_UT_5400_1429,0.0026352748
mix_SI_UT_5400_374,0.0016736964
cauldron_ln_16067,0.61581963
cauldron_ln_13320,0.6746651
mix_SI_UT_5400_280,0.002455428
cauldron_ln_7749,0.46163246
mix_SI_UT_5400_13,0.0011467328
mix_SI_UT_5400_173,0.0019014729
cauldron_ln_8325,0.87307966
cauldron_ln_6180,0.6920597
mix_UI_ST_5400_764,0.0022684042
cauldron_ln_22690,0.70086265
cauldron_ln_18143,0.8445121
mix_UI_ST_5400_291,0.0016783334
cauldron_ln_26253,0.5686165
cauldron_ln_16210,0.83628076
cauldron_ln_17795,0.80634725
mix_UI_ST_5400_443,0.0015454856
mix_UI_ST_5400_1089,0.0017328068
cauldron_ln_28264,0.72437656
mix_UI_ST_5400_908,0.0017838896
mix_SI_UT_5400_945,0.0019768125
mix_UI_ST_5400_227,0.0010866838
mix_SI_UT_5400_1148,0.0021247165
mix_UI_ST_5400_1185,0.002390124
mix_UI_ST_5400_1247,0.0036651168
cauldron_ln_3906,0.7462109
mix_SI_UT_5400_1313,0.0016918466
cauldron_ln_9806,0.50019276
mix_UI_ST_5400_1454,0.0015714556
mix_SI_UT_5400_1415,0.0015315631
mix_UI_ST_5400_993,0.0026278957
mix_UI_ST_5400_369,0.0010826184
mix_SI_UT_5400_742,0.0017501243
mix_UI_ST_5400_965,0.0022206858
mix_SI_UT_5400_1159,0.0024894455
cauldron_ln_29559,0.31235048
mix_SI_UT_5400_888,0.0023667307
mix_SI_UT_5400_855,0.0016505632
cauldron_ln_13165,0.78958094
cauldron_ln_24218,0.6996995
mix_SI_UT_5400_1414,0.0010818826
cauldron_ln_8928,0.6790463
mix_SI_UT_5400_650,0.0016924458
mix_UI_ST_5400_1271,0.0018923735
mix_SI_UT_5400_1316,0.0021434817
mix_UI_ST_5400_661,0.0019360597
mix_UI_ST_5400_978,0.0022672487
mix_SI_UT_5400_417,0.0015609063
cauldron_ln_23135,0.5205113
mix_UI_ST_5400_398,0.0027696257
cauldron_ln_8244,0.81756496
mix_SI_UT_5400_1347,0.0023301824
cauldron_ln_23130,0.76795304
mix_UI_ST_5400_1358,0.0018935809
mix_SI_UT_5400_871,0.0018094393
mix_SI_UT_5400_1164,0.0016539468
cauldron_ln_29887,0.8714511
cauldron_ln_3388,0.78789383
cauldron_ln_12944,0.5730884
mix_UI_ST_5400_505,0.0007754143
cauldron_ln_4161,0.8421006
cauldron_ln_7445,0.67990905
mix_UI_ST_5400_1391,0.0016688027
mix_SI_UT_5400_1354,0.00177199
mix_UI_ST_5400_155,0.0019287806
cauldron_ln_17399,0.65596884
cauldron_ln_6777,0.6284401
cauldron_ln_3869,0.77356374
mix_SI_UT_5400_632,0.00179128
mix_SI_UT_5400_944,0.0018083105
mix_SI_UT_5400_1109,0.0024296977
mix_UI_ST_5400_960,0.0013093681
mix_SI_UT_5400_710,0.0017115329
cauldron_ln_18378,0.7271303
cauldron_ln_13816,0.6657691
cauldron_ln_21654,0.8192086
cauldron_ln_14213,0.74025303
cauldron_ln_16706,0.85583824
cauldron_ln_18622,0.79772717
cauldron_ln_22995,0.5966568
cauldron_ln_6518,0.8053525
mix_UI_ST_5400_1352,0.0019245498
mix_UI_ST_5400_586,0.0018065588
mix_UI_ST_5400_700,0.0022464562
cauldron_ln_17240,0.5121634
cauldron_ln_27730,0.6784692
mix_UI_ST_5400_508,0.0022249583
cauldron_ln_11336,0.65429384
mix_UI_ST_5400_1380,0.00091114885
cauldron_ln_26964,0.8172127
cauldron_ln_15771,0.7803152
mix_UI_ST_5400_635,0.002499337
cauldron_ln_15546,0.63278174
cauldron_ln_14366,0.7126786
cauldron_ln_25571,0.7013055
cauldron_ln_9580,0.46545377
cauldron_ln_1147,0.6135692
cauldron_ln_11375,0.77908987
cauldron_ln_20179,0.66460264
mix_SI_UT_5400_540,0.001828379
mix_UI_ST_5400_98,0.0017183601
mix_SI_UT_5400_826,0.0010305444
mix_UI_ST_5400_1126,0.0012784962
cauldron_ln_22598,0.67998743
mix_SI_UT_5400_1442,0.0028174825
mix_SI_UT_5400_1033,0.0027960911
mix_UI_ST_5400_1333,0.0019046374
mix_UI_ST_5400_77,0.0013045862
mix_UI_ST_5400_43,0.0015179162
mix_UI_ST_5400_1004,0.0033462765
mix_UI_ST_5400_563,0.0013082131
cauldron_ln_3996,0.78011316
cauldron_ln_24640,0.7861219
cauldron_ln_19145,0.65390223
mix_UI_ST_5400_11,0.0018498342
cauldron_ln_26738,0.5565158
mix_SI_UT_5400_373,0.0020808023
mix_SI_UT_5400_1320,0.001208102
mix_UI_ST_5400_56,0.0035718596
mix_UI_ST_5400_1323,0.0010097472
cauldron_ln_4946,0.7726365
mix_SI_UT_5400_230,0.000998556
cauldron_ln_13563,0.76653963
cauldron_ln_23479,0.7742552
mix_UI_ST_5400_1283,0.0010817318
cauldron_ln_28267,0.7448283
cauldron_ln_24420,0.30250874
mix_SI_UT_5400_981,0.0014475224
mix_SI_UT_5400_1396,0.0016278698
cauldron_ln_27807,0.7046819
cauldron_ln_22265,0.355513
cauldron_ln_21549,0.7397191
cauldron_ln_24567,0.6348049
cauldron_ln_25451,0.8325681
mix_SI_UT_5400_567,0.0024182552
mix_SI_UT_5400_311,0.0014432102
mix_UI_ST_5400_376,0.001674168
mix_UI_ST_5400_1147,0.0014269908
mix_SI_UT_5400_1167,0.0018293042
mix_UI_ST_5400_436,0.001939183
cauldron_ln_19527,0.86454666
cauldron_ln_16475,0.77477515
cauldron_ln_2730,0.7019386
cauldron_ln_28871,0.8040956
mix_UI_ST_5400_886,0.0018124112
cauldron_ln_6014,0.71972483
cauldron_ln_7530,0.67377555
cauldron_ln_11799,0.8338972
cauldron_ln_12531,0.85821193
cauldron_ln_23062,0.5599962
mix_SI_UT_5400_1054,0.0013961118
cauldron_ln_6417,0.81649584
mix_UI_ST_5400_1115,0.0025208977
cauldron_ln_17894,0.51555157
mix_SI_UT_5400_1104,0.0023854715
mix_UI_ST_5400_1418,0.0015861298
mix_UI_ST_5400_945,0.0018642163
cauldron_ln_15376,0.82257795
mix_SI_UT_5400_851,0.0015814014
cauldron_ln_4105,0.78372324
mix_UI_ST_5400_138,0.0019712988
cauldron_ln_14698,0.711597
cauldron_ln_6529,0.53009725
cauldron_ln_7990,0.49987397
mix_SI_UT_5400_60,0.0027192107
cauldron_ln_1645,0.6706664
mix_UI_ST_5400_395,0.0025905173
cauldron_ln_2487,0.72105
mix_SI_UT_5400_20,0.002828114
cauldron_ln_12867,0.72691983
mix_UI_ST_5400_711,0.0013587382
cauldron_ln_12122,0.68387103
cauldron_ln_16734,0.6370029
mix_SI_UT_5400_207,0.0017441198
cauldron_ln_5697,0.8530673
cauldron_ln_3185,0.6842566
mix_SI_UT_5400_388,0.0023522647
mix_UI_ST_5400_1002,0.0023201418
mix_SI_UT_5400_927,0.0017100208
mix_SI_UT_5400_1221,0.0016684906
cauldron_ln_3613,0.6188268
cauldron_ln_5046,0.55988336
cauldron_ln_22967,0.7338216
cauldron_ln_3533,0.7676097
cauldron_ln_15775,0.7248999
cauldron_ln_6282,0.792161
mix_UI_ST_5400_1011,0.0018042936
mix_SI_UT_5400_909,0.0020254499
cauldron_ln_10239,0.69949037
mix_UI_ST_5400_896,0.002236195
mix_SI_UT_5400_529,0.0019752786
mix_SI_UT_5400_454,0.0020898161
cauldron_ln_1868,0.771062
mix_SI_UT_5400_545,0.0013161453
cauldron_ln_17475,0.6605175
mix_UI_ST_5400_1383,0.00175614
mix_SI_UT_5400_991,0.0017601127
mix_SI_UT_5400_274,0.0019624121
cauldron_ln_14761,0.8349912
mix_UI_ST_5400_449,0.0018989606
cauldron_ln_28224,0.7268742
mix_SI_UT_5400_1152,0.0012855233
cauldron_ln_1267,0.74640065
mix_UI_ST_5400_451,0.0024461895
mix_SI_UT_5400_1260,0.001936446
cauldron_ln_26791,0.6741983
cauldron_ln_21868,0.6969695
mix_UI_ST_5400_385,0.002161568
mix_UI_ST_5400_1332,0.0015077681
mix_UI_ST_5400_1080,0.0013360305
cauldron_ln_9876,0.9028826
cauldron_ln_3389,0.5844744
cauldron_ln_3419,0.64873964
cauldron_ln_7377,0.7821575
mix_SI_UT_5400_727,0.0022896403
cauldron_ln_15394,0.57363063
cauldron_ln_6749,0.7934414
mix_SI_UT_5400_1197,0.0013415114
cauldron_ln_20334,0.8430426
cauldron_ln_23163,0.77424014
mix_UI_ST_5400_947,0.002353045
cauldron_ln_6764,0.62181896
mix_UI_ST_5400_601,0.001333375
cauldron_ln_13822,0.7348314
mix_SI_UT_5400_271,0.002440209
cauldron_ln_445,0.74273133
cauldron_ln_27272,0.779373
cauldron_ln_14965,0.6951464
mix_UI_ST_5400_136,0.001912785
mix_UI_ST_5400_123,0.0012643907
cauldron_ln_21529,0.6905542
mix_UI_ST_5400_614,0.0018272367
cauldron_ln_14892,0.6690002
mix_UI_ST_5400_34,0.0018917675
cauldron_ln_12009,0.6662118
mix_UI_ST_5400_1472,0.0022073206
mix_SI_UT_5400_364,0.0016614476
cauldron_ln_15396,0.58536595
cauldron_ln_4362,0.73451877
mix_UI_ST_5400_71,0.0012443922
mix_UI_ST_5400_365,0.001051666
mix_SI_UT_5400_789,0.0019417846
mix_UI_ST_5400_346,0.0012652646
mix_SI_UT_5400_809,0.0025278463
mix_UI_ST_5400_644,0.0020876802
cauldron_ln_25862,0.8743827
cauldron_ln_11830,0.5806231
cauldron_ln_21208,0.6524914
mix_SI_UT_5400_1300,0.0020830592
cauldron_ln_3110,0.35170633
mix_SI_UT_5400_1058,0.0015475487
mix_SI_UT_5400_556,0.0014174525
mix_UI_ST_5400_22,0.0012765087
mix_SI_UT_5400_691,0.0034448088
cauldron_ln_8414,0.53640634
cauldron_ln_12572,0.715002
mix_SI_UT_5400_1032,0.001982348
mix_SI_UT_5400_444,0.0022197752
mix_SI_UT_5400_1186,0.0022870514
cauldron_ln_13048,0.6258443
cauldron_ln_15964,0.79999137
cauldron_ln_153,0.59280413
mix_SI_UT_5400_1262,0.002533055
cauldron_ln_15623,0.86079144
cauldron_ln_24285,0.6599817
mix_UI_ST_5400_325,0.002131798
cauldron_ln_28917,0.6723133
cauldron_ln_29924,0.73183763
mix_SI_UT_5400_474,0.0018978321
cauldron_ln_925,0.591673
mix_SI_UT_5400_490,0.0048220935
cauldron_ln_20811,0.8324227
cauldron_ln_15907,0.804534
cauldron_ln_5986,0.6629469
mix_SI_UT_5400_1361,0.002247968
mix_SI_UT_5400_1029,0.0016191378
mix_SI_UT_5400_1147,0.0013926313
mix_SI_UT_5400_729,0.0015792963
mix_SI_UT_5400_267,0.002302291
mix_SI_UT_5400_1398,0.0020149644
cauldron_ln_20681,0.6323529
mix_SI_UT_5400_979,0.00071384636
mix_SI_UT_5400_753,0.0018965562
cauldron_ln_15815,0.733262
cauldron_ln_17140,0.82966495
mix_SI_UT_5400_303,0.0026139438
mix_SI_UT_5400_928,0.0024908339
mix_UI_ST_5400_1153,0.003103998
cauldron_ln_27753,0.6701019
cauldron_ln_21153,0.75013965
mix_UI_ST_5400_393,0.0014790397
mix_SI_UT_5400_1190,0.0019813266
cauldron_ln_18592,0.686239
cauldron_ln_19629,0.7008271
mix_UI_ST_5400_712,0.0017571085
cauldron_ln_5853,0.4570501
mix_UI_ST_5400_503,0.0030615286
mix_UI_ST_5400_1188,0.0018343254
cauldron_ln_27931,0.66702074
cauldron_ln_9883,0.76730084
mix_UI_ST_5400_718,0.0010124409
mix_UI_ST_5400_1112,0.002919365
cauldron_ln_21807,0.7602956
mix_SI_UT_5400_1400,0.0009978171
cauldron_ln_18891,0.763818
cauldron_ln_26788,0.6108889
mix_SI_UT_5400_578,0.0018967044
mix_UI_ST_5400_1372,0.0011716885
mix_SI_UT_5400_631,0.002129516
cauldron_ln_9334,0.834834
mix_SI_UT_5400_1371,0.002930083
cauldron_ln_3453,0.7616888
cauldron_ln_4110,0.7134925
cauldron_ln_19238,0.61946887
cauldron_ln_20095,0.6214269
cauldron_ln_9407,0.84698105
cauldron_ln_23229,0.68907624
cauldron_ln_14042,0.58609253
mix_UI_ST_5400_1123,0.0022717502
mix_SI_UT_5400_721,0.0019765613
mix_SI_UT_5400_1189,0.0022352566
cauldron_ln_5979,0.5919102
cauldron_ln_18314,0.7221184
cauldron_ln_29373,0.6562505
mix_SI_UT_5400_1322,0.0013620087
mix_UI_ST_5400_826,0.002098227
mix_UI_ST_5400_506,0.0013898741
mix_SI_UT_5400_1465,0.0016948137
mix_UI_ST_5400_799,0.0019782486
cauldron_ln_1033,0.7751647
mix_SI_UT_5400_1454,0.001725773
cauldron_ln_16680,0.73886347
mix_UI_ST_5400_1158,0.001271496
mix_UI_ST_5400_111,0.0017429049
cauldron_ln_24909,0.76023537
cauldron_ln_24503,0.62600523
mix_SI_UT_5400_666,0.0014329002
mix_UI_ST_5400_869,0.0017066736
mix_UI_ST_5400_1186,0.0029822036
cauldron_ln_23459,0.63470525
cauldron_ln_10632,0.5355036
mix_SI_UT_5400_250,0.0017106264
cauldron_ln_7509,0.72883564
mix_UI_ST_5400_371,0.0022983034
mix_SI_UT_5400_1092,0.0010886571
mix_SI_UT_5400_1286,0.0021459942
cauldron_ln_4117,0.8468611
mix_SI_UT_5400_24,0.0015410542
mix_SI_UT_5400_102,0.0020679338
cauldron_ln_17,0.67979425
cauldron_ln_26430,0.62211055
mix_SI_UT_5400_575,0.0046209455
cauldron_ln_13979,0.4456113
mix_SI_UT_5400_774,0.0017066094
cauldron_ln_22954,0.49601197
cauldron_ln_2880,0.774801
cauldron_ln_10776,0.76060545
cauldron_ln_16517,0.60605323
mix_SI_UT_5400_174,0.00165731
cauldron_ln_6622,0.8195493
mix_UI_ST_5400_389,0.0017739588
mix_SI_UT_5400_926,0.0010117934
cauldron_ln_2001,0.4679823
mix_UI_ST_5400_452,0.0016552543
cauldron_ln_2026,0.6111651
mix_SI_UT_5400_950,0.001778631
mix_UI_ST_5400_269,0.001346883
cauldron_ln_14830,0.80511874
mix_SI_UT_5400_1367,0.0023088392
mix_SI_UT_5400_239,0.0022116464
cauldron_ln_23040,0.68960553
mix_UI_ST_5400_773,0.0020260524
mix_UI_ST_5400_333,0.0025972433
mix_UI_ST_5400_342,0.0012534335
mix_UI_ST_5400_745,0.0021361115
mix_UI_ST_5400_439,0.0021888127
cauldron_ln_8752,0.77417856
mix_UI_ST_5400_75,0.0024308285
mix_SI_UT_5400_566,0.0014448074
mix_UI_ST_5400_522,0.0013474283
cauldron_ln_25813,0.77676624
mix_SI_UT_5400_334,0.002276621
cauldron_ln_16716,0.6226663
mix_UI_ST_5400_411,0.0021925173
mix_UI_ST_5400_314,0.0014472378
cauldron_ln_16863,0.8124074
cauldron_ln_11245,0.7712765
cauldron_ln_24618,0.78423285
cauldron_ln_13684,0.61311746
mix_SI_UT_5400_976,0.0015606938
cauldron_ln_11231,0.5855251
mix_UI_ST_5400_946,0.0024144826
cauldron_ln_8563,0.8576765
mix_UI_ST_5400_86,0.002243818
mix_SI_UT_5400_264,0.0019917209
cauldron_ln_13845,0.7533332
mix_SI_UT_5400_583,0.0017777532
mix_UI_ST_5400_1064,0.0014294235
cauldron_ln_16452,0.6703248
mix_SI_UT_5400_838,0.0010518428
mix_SI_UT_5400_183,0.0014866429
mix_UI_ST_5400_157,0.0012314862
mix_SI_UT_5400_1296,0.0023991014
mix_UI_ST_5400_1163,0.0018483406
mix_SI_UT_5400_1108,0.0012235211
cauldron_ln_14314,0.84329706
mix_SI_UT_5400_527,0.0017920306
mix_UI_ST_5400_1362,0.0008896577
mix_UI_ST_5400_998,0.0017104807
cauldron_ln_16903,0.6634854
cauldron_ln_29432,0.5811645
cauldron_ln_29917,0.7273228
cauldron_ln_13460,0.7351391
mix_SI_UT_5400_904,0.002604582
cauldron_ln_17684,0.6542348
cauldron_ln_27781,0.75516814
mix_SI_UT_5400_203,0.00069911225
cauldron_ln_9678,0.7745685
mix_UI_ST_5400_446,0.0024837812
mix_UI_ST_5400_33,0.0018989966
cauldron_ln_766,0.7272613
cauldron_ln_25560,0.5921169
mix_SI_UT_5400_661,0.0015432046
cauldron_ln_15846,0.6301899
cauldron_ln_11095,0.70012945
mix_UI_ST_5400_1191,0.0014234316
mix_SI_UT_5400_1314,0.0018200133
mix_UI_ST_5400_615,0.00097429304
mix_SI_UT_5400_1470,0.0021704661
mix_UI_ST_5400_1180,0.0017379151
cauldron_ln_5041,0.8699726
mix_SI_UT_5400_1237,0.0010944298
cauldron_ln_3813,0.818191
cauldron_ln_29269,0.6717414
mix_UI_ST_5400_321,0.0018831285
mix_UI_ST_5400_1463,0.0017677692
cauldron_ln_6549,0.7969729
cauldron_ln_378,0.7128949
mix_UI_ST_5400_682,0.002252919
mix_SI_UT_5400_1194,0.0020603223
mix_SI_UT_5400_1012,0.0011010593
mix_SI_UT_5400_1232,0.005151191
cauldron_ln_2584,0.41760346
cauldron_ln_25772,0.72652113
cauldron_ln_10435,0.7399538
mix_UI_ST_5400_982,0.0022660808
cauldron_ln_1798,0.8277045
mix_SI_UT_5400_1043,0.0021992621
cauldron_ln_28090,0.6245837
cauldron_ln_3973,0.5992906
cauldron_ln_16538,0.5971489
cauldron_ln_14237,0.69994324
cauldron_ln_15038,0.5495669
cauldron_ln_13169,0.68027014
mix_SI_UT_5400_542,0.0028794718
mix_SI_UT_5400_734,0.0019463707
cauldron_ln_29759,0.7319199
cauldron_ln_6033,0.7763209
cauldron_ln_9891,0.76456434
cauldron_ln_26583,0.803451
cauldron_ln_23047,0.5066186
mix_UI_ST_5400_1318,0.0021114564
cauldron_ln_19519,0.78337806
cauldron_ln_20677,0.8771518
mix_SI_UT_5400_1125,0.0024347445
mix_SI_UT_5400_369,0.0013674247
cauldron_ln_29278,0.77042127
cauldron_ln_13801,0.6310249
mix_SI_UT_5400_706,0.0022465268
mix_UI_ST_5400_1000,0.002054377
mix_UI_ST_5400_721,0.0020805765
cauldron_ln_20615,0.74009186
mix_SI_UT_5400_458,0.0034768095
mix_UI_ST_5400_794,0.0022768984
mix_SI_UT_5400_1419,0.0021853351
cauldron_ln_1740,0.8062445
cauldron_ln_9096,0.58384174
cauldron_ln_24457,0.6644444
cauldron_ln_15048,0.7076551
mix_UI_ST_5400_1345,0.0018278238
mix_UI_ST_5400_413,0.0033785226
mix_SI_UT_5400_1479,0.0014818424
cauldron_ln_1567,0.7374625
mix_UI_ST_5400_694,0.0019817566
mix_SI_UT_5400_1254,0.0018064876
cauldron_ln_5806,0.73125494
cauldron_ln_3373,0.7953856
cauldron_ln_11356,0.734206
cauldron_ln_4588,0.5486049
mix_UI_ST_5400_1436,0.0015771849
cauldron_ln_17179,0.6347304
mix_UI_ST_5400_1238,0.002973508
mix_UI_ST_5400_1457,0.002377953
mix_SI_UT_5400_1014,0.0029291539
cauldron_ln_878,0.5848979
cauldron_ln_7376,0.7710033
cauldron_ln_19850,0.76401436
mix_SI_UT_5400_619,0.0011230042
cauldron_ln_27085,0.83690095
cauldron_ln_18818,0.7961174
cauldron_ln_21664,0.7465482
mix_SI_UT_5400_139,0.0012781085
mix_UI_ST_5400_462,0.001523679
cauldron_ln_12636,0.7459864
mix_SI_UT_5400_837,0.0016163976
cauldron_ln_6348,0.70992553
mix_UI_ST_5400_202,0.0012657745
mix_UI_ST_5400_1086,0.0016129201
cauldron_ln_25152,0.7107977
mix_SI_UT_5400_993,0.001791455
mix_UI_ST_5400_1130,0.0017707101
cauldron_ln_3984,0.53596
cauldron_ln_21400,0.68734926
cauldron_ln_7605,0.8252283
cauldron_ln_23746,0.63964105
cauldron_ln_11274,0.6696743
mix_UI_ST_5400_561,0.0028012919
cauldron_ln_3589,0.6777288
mix_SI_UT_5400_869,0.0005709175
cauldron_ln_4405,0.823366
mix_UI_ST_5400_609,0.0014505271
cauldron_ln_7489,0.8328475
cauldron_ln_4448,0.6374137
mix_SI_UT_5400_153,0.0017868384
mix_SI_UT_5400_1155,0.0018247033
cauldron_ln_4788,0.7835693
mix_UI_ST_5400_362,0.0013397065
cauldron_ln_4210,0.437735
mix_SI_UT_5400_858,0.0020047734
cauldron_ln_21458,0.72734207
cauldron_ln_14494,0.66121316
mix_SI_UT_5400_808,0.002085489
cauldron_ln_7597,0.7145368
cauldron_ln_24788,0.8062969
mix_UI_ST_5400_1292,0.0008178768
mix_UI_ST_5400_1395,0.0022489072
mix_UI_ST_5400_647,0.0013691554
cauldron_ln_11680,0.69166577
mix_SI_UT_5400_104,0.0019244702
mix_SI_UT_5400_423,0.0035872618
cauldron_ln_10967,0.72572964
cauldron_ln_370,0.73064476
mix_SI_UT_5400_1430,0.00097161776
mix_UI_ST_5400_930,0.0023606431
mix_SI_UT_5400_138,0.0019584873
mix_UI_ST_5400_1470,0.0028091352
mix_UI_ST_5400_339,0.0012490245
mix_UI_ST_5400_1343,0.0017824221
cauldron_ln_27968,0.69246626
mix_UI_ST_5400_690,0.0016608585
mix_SI_UT_5400_1341,0.0012195394
mix_UI_ST_5400_1023,0.0011106356
mix_UI_ST_5400_445,0.0025808709
cauldron_ln_18874,0.5241319
cauldron_ln_12653,0.74140793
mix_UI_ST_5400_932,0.001498291
mix_SI_UT_5400_1475,0.0017940643
cauldron_ln_9264,0.5904263
cauldron_ln_18917,0.83842
mix_SI_UT_5400_296,0.003002888
mix_UI_ST_5400_894,0.0021900118
cauldron_ln_17043,0.7434725
cauldron_ln_4316,0.72250706
mix_SI_UT_5400_1292,0.0037098497
mix_UI_ST_5400_1461,0.0014281172
cauldron_ln_12090,0.5660566
mix_SI_UT_5400_970,0.0017242054
cauldron_ln_11756,0.74583864
cauldron_ln_24931,0.5953041
mix_SI_UT_5400_86,0.0015987541
cauldron_ln_1229,0.58467937
cauldron_ln_2777,0.57313293
cauldron_ln_23643,0.47284693
cauldron_ln_5672,0.6079735
mix_UI_ST_5400_414,0.0022799412
mix_SI_UT_5400_559,0.0029242213
mix_UI_ST_5400_901,0.0014072057
cauldron_ln_15411,0.80802584
cauldron_ln_7164,0.7340688
cauldron_ln_14722,0.65540314
mix_SI_UT_5400_1234,0.0015131444
cauldron_ln_19405,0.6466273
cauldron_ln_18743,0.7900938
cauldron_ln_15670,0.7299963
cauldron_ln_9942,0.806331
cauldron_ln_16362,0.6420477
cauldron_ln_29872,0.7802597
cauldron_ln_8437,0.8615993
mix_SI_UT_5400_382,0.0020094335
cauldron_ln_25854,0.8448577
mix_UI_ST_5400_374,0.0011816786
mix_UI_ST_5400_921,0.0033938373
cauldron_ln_22652,0.84736633
cauldron_ln_18215,0.77026445
mix_SI_UT_5400_1362,0.00178011
mix_UI_ST_5400_219,0.0011294424
mix_SI_UT_5400_1433,0.0015382012
mix_UI_ST_5400_319,0.0021381553
mix_SI_UT_5400_97,0.0009848605
mix_SI_UT_5400_802,0.0015643069
cauldron_ln_17334,0.7433813
mix_UI_ST_5400_1007,0.002800718
cauldron_ln_9911,0.7596402
mix_SI_UT_5400_52,0.0015987091
cauldron_ln_9157,0.660623
cauldron_ln_7487,0.6136029
cauldron_ln_7852,0.66072434
mix_SI_UT_5400_1357,0.0012352607
mix_SI_UT_5400_189,0.0012990568
mix_SI_UT_5400_316,0.0014858674
mix_SI_UT_5400_702,0.0012869053
cauldron_ln_3676,0.7019348
cauldron_ln_14951,0.75732857
cauldron_ln_3211,0.51903903
mix_SI_UT_5400_513,0.0035922506
cauldron_ln_3063,0.71728575
mix_SI_UT_5400_248,0.0018874839
cauldron_ln_15505,0.6637046
cauldron_ln_11182,0.72862965
cauldron_ln_3677,0.87304753
mix_SI_UT_5400_1346,0.0020195567
cauldron_ln_17074,0.67562884
cauldron_ln_19091,0.6054532
mix_UI_ST_5400_1254,0.0018992561
mix_SI_UT_5400_678,0.0023554303
cauldron_ln_26099,0.79901916
mix_UI_ST_5400_1393,0.002073415
mix_SI_UT_5400_164,0.002009158
mix_SI_UT_5400_581,0.0017876244
cauldron_ln_20676,0.5619023
mix_SI_UT_5400_1042,0.0030462113
mix_SI_UT_5400_475,0.002686466
mix_SI_UT_5400_357,0.0018007512
cauldron_ln_2246,0.8096386
mix_UI_ST_5400_1016,0.001629862
cauldron_ln_16589,0.6249465
cauldron_ln_17379,0.5828729
mix_SI_UT_5400_129,0.0022399866
mix_UI_ST_5400_923,0.0025314942
cauldron_ln_17710,0.4892024
mix_UI_ST_5400_648,0.0012111479
mix_UI_ST_5400_555,0.0024601573
cauldron_ln_26682,0.7240313
cauldron_ln_16763,0.68104184
cauldron_ln_28034,0.76896
cauldron_ln_23349,0.77115464
cauldron_ln_14415,0.6730079
mix_SI_UT_5400_1472,0.001981884
mix_UI_ST_5400_300,0.0032319515
mix_SI_UT_5400_124,0.0014662915
mix_UI_ST_5400_1409,0.00097638293
mix_UI_ST_5400_1013,0.0014735564
cauldron_ln_18111,0.68792737
mix_SI_UT_5400_1306,0.0011258593
cauldron_ln_4359,0.5116414
mix_SI_UT_5400_50,0.0013528275
mix_SI_UT_5400_323,0.0022209329
cauldron_ln_18951,0.84313583
cauldron_ln_860,0.72314113
mix_SI_UT_5400_1085,0.002746167
mix_UI_ST_5400_1363,0.0018216686
mix_SI_UT_5400_502,0.0017888203
mix_UI_ST_5400_770,0.0011805401
cauldron_ln_13636,0.6096548
mix_UI_ST_5400_994,0.0025730259
cauldron_ln_14504,0.7039783
mix_SI_UT_5400_573,0.001303813
mix_SI_UT_5400_845,0.001906494
cauldron_ln_23336,0.73419625
cauldron_ln_10507,0.67415464
mix_SI_UT_5400_349,0.0020509963
mix_SI_UT_5400_1056,0.0014394891
cauldron_ln_7437,0.81274843
cauldron_ln_13007,0.74084204
cauldron_ln_11676,0.83827835
mix_UI_ST_5400_1427,0.001893051
cauldron_ln_15198,0.74018216
cauldron_ln_6053,0.8380623
mix_SI_UT_5400_568,0.002262033
cauldron_ln_14774,0.7664282
cauldron_ln_421,0.4407597
cauldron_ln_6210,0.60091007
cauldron_ln_13819,0.40986145
mix_SI_UT_5400_210,0.0017122778
cauldron_ln_9651,0.7788752
cauldron_ln_16083,0.77944493
cauldron_ln_15536,0.80159074
mix_UI_ST_5400_747,0.0019282969
cauldron_ln_21235,0.73561347
mix_SI_UT_5400_194,0.0012183505
cauldron_ln_15802,0.62521136
mix_UI_ST_5400_1429,0.0027350478
mix_SI_UT_5400_886,0.001971568
mix_SI_UT_5400_127,0.0020631882
cauldron_ln_19596,0.73165065
mix_SI_UT_5400_402,0.0011602368
cauldron_ln_18022,0.63113725
mix_SI_UT_5400_1457,0.001880773
mix_SI_UT_5400_1199,0.0019429927
cauldron_ln_11442,0.8143384
mix_SI_UT_5400_178,0.0018009705
mix_UI_ST_5400_864,0.002503812
mix_SI_UT_5400_241,0.0035469127
mix_UI_ST_5400_277,0.0031309193
mix_SI_UT_5400_860,0.0016707678
mix_UI_ST_5400_973,0.0011673772
cauldron_ln_6867,0.75896114
mix_UI_ST_5400_758,0.003983912
cauldron_ln_17831,0.8124106
mix_SI_UT_5400_1269,0.0017761075
cauldron_ln_14522,0.75745976
cauldron_ln_6223,0.6532249
cauldron_ln_24821,0.62348294
cauldron_ln_17435,0.77496105
mix_SI_UT_5400_1110,0.0020551083
mix_UI_ST_5400_1142,0.0015292955
cauldron_ln_5819,0.73104745
cauldron_ln_4761,0.57625633
cauldron_ln_27023,0.8008494
mix_UI_ST_5400_623,0.0022604838
cauldron_ln_9369,0.753507
mix_UI_ST_5400_551,0.0017872237
cauldron_ln_24753,0.73685783
cauldron_ln_21612,0.75834954
cauldron_ln_8713,0.79085195
mix_SI_UT_5400_186,0.0008997597
cauldron_ln_2877,0.716376
mix_UI_ST_5400_788,0.002091406
mix_UI_ST_5400_1214,0.0024843947
cauldron_ln_29736,0.65718186
cauldron_ln_26010,0.698663
mix_UI_ST_5400_1162,0.0024762081
mix_SI_UT_5400_905,0.001972361
cauldron_ln_177,0.6453014
mix_UI_ST_5400_147,0.0022559843
mix_UI_ST_5400_146,0.00121173
mix_UI_ST_5400_384,0.0020470426
mix_UI_ST_5400_862,0.0020644816
cauldron_ln_19632,0.815404
mix_UI_ST_5400_1488,0.002134449
mix_UI_ST_5400_584,0.0016889368
cauldron_ln_3883,0.7996314
mix_UI_ST_5400_295,0.0012525939
mix_SI_UT_5400_1434,0.00258396
cauldron_ln_6698,0.5899101
cauldron_ln_16987,0.71163887
cauldron_ln_4539,0.6848312
mix_UI_ST_5400_835,0.0023544333
cauldron_ln_12698,0.55215406
cauldron_ln_23389,0.62188524
mix_UI_ST_5400_450,0.0025626023
cauldron_ln_12902,0.75928676
cauldron_ln_13564,0.79828715
mix_UI_ST_5400_880,0.001680465
mix_SI_UT_5400_1191,0.0012913247
mix_SI_UT_5400_522,0.0019188576
mix_UI_ST_5400_468,0.0016787314
cauldron_ln_4153,0.7494764
mix_SI_UT_5400_142,0.0017823016
mix_UI_ST_5400_1079,0.0023936455
mix_SI_UT_5400_918,0.00097449817
mix_SI_UT_5400_294,0.0022690368
mix_UI_ST_5400_889,0.0018276499
cauldron_ln_20366,0.4871723
cauldron_ln_26793,0.74954104
cauldron_ln_19239,0.6146794
mix_UI_ST_5400_434,0.001595271
mix_SI_UT_5400_997,0.0017321
mix_SI_UT_5400_206,0.0017228895
mix_UI_ST_5400_163,0.0031318169
cauldron_ln_6069,0.7019168
mix_UI_ST_5400_1154,0.0032059604
cauldron_ln_16888,0.55071735
cauldron_ln_17608,0.5464745
cauldron_ln_11615,0.6780637
cauldron_ln_8564,0.7454156
mix_UI_ST_5400_743,0.0026079575
cauldron_ln_16933,0.760485
cauldron_ln_16783,0.76273054
mix_UI_ST_5400_620,0.001620154
mix_SI_UT_5400_906,0.002462727
mix_SI_UT_5400_600,0.0018499884
cauldron_ln_18123,0.81748503
mix_SI_UT_5400_963,0.0020376872
mix_UI_ST_5400_681,0.0017146105
cauldron_ln_16186,0.47208968
mix_SI_UT_5400_9,0.0015087066
mix_UI_ST_5400_1218,0.0018477363
mix_UI_ST_5400_740,0.0013288137
mix_UI_ST_5400_428,0.0028307294
cauldron_ln_20311,0.4283419
mix_SI_UT_5400_610,0.0018791578
cauldron_ln_13634,0.7640116
mix_UI_ST_5400_406,0.0011700969
mix_SI_UT_5400_829,0.0016916171
cauldron_ln_16070,0.784987
mix_UI_ST_5400_870,0.0022007246
mix_SI_UT_5400_1328,0.0013924735
mix_UI_ST_5400_216,0.0021317666
cauldron_ln_8369,0.7973364
mix_SI_UT_5400_612,0.0016673346
mix_UI_ST_5400_1047,0.001448216
mix_SI_UT_5400_1469,0.0015387008
cauldron_ln_27013,0.65443426
mix_SI_UT_5400_833,0.0017447533
cauldron_ln_21736,0.66899484
mix_UI_ST_5400_667,0.0023809923
mix_UI_ST_5400_410,0.0020157567
cauldron_ln_20031,0.78667164
cauldron_ln_7481,0.6755167
mix_UI_ST_5400_320,0.0016784086
mix_UI_ST_5400_814,0.00072480156
mix_UI_ST_5400_513,0.002518689
mix_UI_ST_5400_1029,0.0015573523
mix_SI_UT_5400_1089,0.0018469635
mix_SI_UT_5400_1464,0.0023424681
cauldron_ln_15914,0.73473805
cauldron_ln_22809,0.75256985
cauldron_ln_8604,0.6660211
mix_UI_ST_5400_375,0.002552908
cauldron_ln_9296,0.82816046
mix_SI_UT_5400_1035,0.0027709287
cauldron_ln_9555,0.82312787
mix_UI_ST_5400_1497,0.0030150886
cauldron_ln_14040,0.6876789
cauldron_ln_16431,0.45803142
mix_SI_UT_5400_500,0.0020915212
cauldron_ln_26292,0.7854305
mix_SI_UT_5400_283,0.0022496092
mix_SI_UT_5400_1431,0.0009883379
mix_UI_ST_5400_1,0.0015117949
mix_SI_UT_5400_1353,0.0020031799
cauldron_ln_1981,0.77330995
mix_UI_ST_5400_210,0.002118619
cauldron_ln_13884,0.66550267
mix_UI_ST_5400_292,0.0017406819
mix_SI_UT_5400_644,0.0009328711
cauldron_ln_29798,0.4207518
mix_UI_ST_5400_1114,0.0020117192
mix_SI_UT_5400_328,0.0023470996
mix_UI_ST_5400_97,0.0019917379
mix_SI_UT_5400_1307,0.002061458
cauldron_ln_18108,0.60235125
mix_SI_UT_5400_117,0.0015214919
cauldron_ln_17470,0.6399173
cauldron_ln_28348,0.6927126
cauldron_ln_18947,0.6531716
mix_UI_ST_5400_657,0.0024936826
mix_SI_UT_5400_530,0.0019425711
cauldron_ln_3785,0.75443256
mix_UI_ST_5400_708,0.001132432
mix_SI_UT_5400_781,0.0010925881
cauldron_ln_13700,0.8241026
cauldron_ln_25001,0.56743073
cauldron_ln_19817,0.8301249
cauldron_ln_14818,0.7112825
cauldron_ln_21228,0.6394915
mix_UI_ST_5400_1414,0.0039497437
cauldron_ln_19274,0.7832792
cauldron_ln_6825,0.78189826
cauldron_ln_7736,0.7392263
mix_UI_ST_5400_1257,0.0019306109
mix_UI_ST_5400_415,0.0016485654
mix_SI_UT_5400_1193,0.0022606214
mix_UI_ST_5400_14,0.0027330767
cauldron_ln_1790,0.6909517
cauldron_ln_12661,0.6071849
cauldron_ln_13082,0.63499194
cauldron_ln_9158,0.75841665
mix_UI_ST_5400_1300,0.0018220684
mix_SI_UT_5400_984,0.0019043756
mix_SI_UT_5400_3,0.0024112128
cauldron_ln_2197,0.83352125
mix_UI_ST_5400_979,0.0008955662
mix_UI_ST_5400_72,0.00124295
mix_SI_UT_5400_488,0.0024002038
mix_UI_ST_5400_324,0.0008757047
mix_UI_ST_5400_1205,0.0015971916
cauldron_ln_13474,0.787679
mix_SI_UT_5400_54,0.001995115
mix_UI_ST_5400_716,0.0028968302
cauldron_ln_15320,0.658968
cauldron_ln_15549,0.6695393
mix_UI_ST_5400_1103,0.0033642119
cauldron_ln_19448,0.70001304
cauldron_ln_26571,0.773248
cauldron_ln_29873,0.7076339
cauldron_ln_16916,0.7458447
cauldron_ln_12019,0.7618032
cauldron_ln_22928,0.6981139
cauldron_ln_7249,0.81879634
mix_UI_ST_5400_719,0.0014525965
cauldron_ln_2077,0.62928045
cauldron_ln_19851,0.54147315
mix_SI_UT_5400_27,0.0013368044
mix_SI_UT_5400_921,0.0016005025
mix_SI_UT_5400_1445,0.0014738791
cauldron_ln_9940,0.7349585
cauldron_ln_29999,0.55836695
cauldron_ln_15196,0.81841475
cauldron_ln_5789,0.8284266
cauldron_ln_26432,0.76962346
cauldron_ln_7644,0.5725207
mix_SI_UT_5400_1310,0.0014270643
mix_SI_UT_5400_41,0.0019736136
cauldron_ln_5555,0.72413373
cauldron_ln_21874,0.5299602
mix_SI_UT_5400_313,0.0019548323
cauldron_ln_20892,0.74118376
mix_SI_UT_5400_409,0.002716198
mix_UI_ST_5400_1278,0.0022841243
mix_UI_ST_5400_1394,0.001379959
cauldron_ln_12561,0.82937604
mix_SI_UT_5400_949,0.002431373
mix_SI_UT_5400_1132,0.002068975
cauldron_ln_26644,0.64874786
cauldron_ln_8565,0.46606252
cauldron_ln_14144,0.53234386
mix_SI_UT_5400_481,0.0013993811
cauldron_ln_6571,0.7514096
cauldron_ln_13804,0.8119007
mix_SI_UT_5400_1128,0.001708077
mix_SI_UT_5400_179,0.00092064164
cauldron_ln_15164,0.78718066
cauldron_ln_27863,0.79349583
cauldron_ln_404,0.44625047
mix_SI_UT_5400_546,0.0023723803
mix_UI_ST_5400_224,0.001502631
cauldron_ln_28033,0.64524525
cauldron_ln_16488,0.74155277
cauldron_ln_28640,0.55441284
cauldron_ln_25499,0.8219241
mix_UI_ST_5400_680,0.0014021979
cauldron_ln_2780,0.6922398
mix_UI_ST_5400_307,0.0021107139
cauldron_ln_28054,0.7763951
cauldron_ln_23972,0.5807334
cauldron_ln_23194,0.7436313
mix_SI_UT_5400_1084,0.0020431255
mix_SI_UT_5400_705,0.0016351771
mix_UI_ST_5400_1321,0.0015351344
cauldron_ln_10760,0.82154065
cauldron_ln_10917,0.817299
cauldron_ln_14306,0.5498572
cauldron_ln_1329,0.40072897
cauldron_ln_17719,0.30521357
cauldron_ln_4393,0.73911685
mix_SI_UT_5400_1244,0.0017509008
cauldron_ln_29431,0.62345517
mix_SI_UT_5400_662,0.0015729009
mix_UI_ST_5400_678,0.0022771063
mix_UI_ST_5400_1473,0.0020946227
cauldron_ln_11681,0.79680085
mix_UI_ST_5400_420,0.0015243364
mix_UI_ST_5400_373,0.0019422475
cauldron_ln_16984,0.6730975
cauldron_ln_24697,0.82596755
cauldron_ln_19256,0.7326265
cauldron_ln_9960,0.67546666
mix_SI_UT_5400_1220,0.0011991754
mix_UI_ST_5400_533,0.0017116537
cauldron_ln_13809,0.71508557
cauldron_ln_19660,0.6143055
mix_UI_ST_5400_1216,0.0014522211
mix_UI_ST_5400_872,0.0020509611
mix_UI_ST_5400_1082,0.0018483056
mix_UI_ST_5400_1046,0.0021067737
mix_SI_UT_5400_1114,0.002320389
cauldron_ln_2829,0.6869612
mix_UI_ST_5400_1176,0.0012075239
cauldron_ln_2053,0.7477862
mix_SI_UT_5400_1499,0.0036881242
cauldron_ln_24293,0.6874005
cauldron_ln_17144,0.71674716
cauldron_ln_8179,0.63118416
mix_SI_UT_5400_157,0.0019762896
mix_UI_ST_5400_489,0.002119368
cauldron_ln_23246,0.7274952
mix_UI_ST_5400_1173,0.0026738641
mix_SI_UT_5400_299,0.0021450613
cauldron_ln_8985,0.7200902
cauldron_ln_6677,0.77830863
cauldron_ln_5292,0.6008831
mix_UI_ST_5400_236,0.0019363879
mix_UI_ST_5400_267,0.0012188769
mix_UI_ST_5400_821,0.0019180605
cauldron_ln_17652,0.86443394
mix_SI_UT_5400_225,0.0021369115
cauldron_ln_18855,0.81442416
mix_SI_UT_5400_1268,0.002263468
mix_SI_UT_5400_821,0.0025640323
cauldron_ln_8107,0.6491793
mix_UI_ST_5400_1134,0.0013959928
cauldron_ln_27277,0.8254674
cauldron_ln_26657,0.78311753
cauldron_ln_29048,0.70330733
cauldron_ln_29641,0.8264749
mix_UI_ST_5400_110,0.0019285236
cauldron_ln_23096,0.8197685
mix_SI_UT_5400_132,0.0015440087
mix_UI_ST_5400_1105,0.0015592945
cauldron_ln_27854,0.7258568
cauldron_ln_3099,0.6365948
cauldron_ln_8470,0.6288969
cauldron_ln_29646,0.63600266
mix_UI_ST_5400_989,0.001772923
cauldron_ln_10382,0.7685453
mix_UI_ST_5400_364,0.0023392688
cauldron_ln_17765,0.65938926
cauldron_ln_19154,0.7396296
cauldron_ln_11852,0.533664
mix_UI_ST_5400_79,0.0019306735
cauldron_ln_11481,0.7527101
cauldron_ln_12863,0.8132316
mix_UI_ST_5400_1253,0.0015791436
cauldron_ln_26204,0.848976
cauldron_ln_6788,0.6305771
mix_SI_UT_5400_627,0.0020695943
cauldron_ln_10924,0.74403983
cauldron_ln_13648,0.73490757
cauldron_ln_24598,0.65605766
cauldron_ln_20014,0.83184814
mix_SI_UT_5400_737,0.0022248365
mix_UI_ST_5400_839,0.0020456393
mix_SI_UT_5400_482,0.0020845493
cauldron_ln_18323,0.3811495
cauldron_ln_9762,0.61300606
mix_SI_UT_5400_236,0.002253101
cauldron_ln_22583,0.66326845
mix_SI_UT_5400_1391,0.0013721053
mix_UI_ST_5400_1070,0.0017199558
cauldron_ln_1782,0.5617567
mix_UI_ST_5400_1344,0.0013470151
cauldron_ln_17611,0.7010786
cauldron_ln_16644,0.71150994
mix_UI_ST_5400_203,0.0014242803
mix_SI_UT_5400_784,0.0016061112
mix_UI_ST_5400_26,0.0021498983
mix_UI_ST_5400_130,0.0012454872
mix_SI_UT_5400_1121,0.0018057198
mix_SI_UT_5400_152,0.0014310599
cauldron_ln_26466,0.76487046
mix_SI_UT_5400_81,0.0018069019
cauldron_ln_26596,0.6692605
cauldron_ln_11921,0.7913897
mix_UI_ST_5400_370,0.0021638235
mix_UI_ST_5400_892,0.0016432998
cauldron_ln_26434,0.7745462
mix_UI_ST_5400_702,0.0015211883
mix_SI_UT_5400_1453,0.0022364566
cauldron_ln_28653,0.7361152
cauldron_ln_17423,0.86069965
cauldron_ln_8782,0.7563614
mix_UI_ST_5400_199,0.0023026185
cauldron_ln_13080,0.7636749
cauldron_ln_8145,0.8813199
mix_UI_ST_5400_1443,0.001949328
mix_SI_UT_5400_49,0.0006987543
cauldron_ln_6012,0.7687487
cauldron_ln_19709,0.8515651
cauldron_ln_21574,0.78969634
mix_SI_UT_5400_1334,0.002067305
cauldron_ln_23446,0.7114943
cauldron_ln_2872,0.5908641
mix_UI_ST_5400_674,0.0017041302
cauldron_ln_6406,0.6729827
cauldron_ln_4547,0.69701004
mix_SI_UT_5400_645,0.0033746602
cauldron_ln_11633,0.8607537
mix_UI_ST_5400_1402,0.0017765419
cauldron_ln_19308,0.76265925
mix_SI_UT_5400_404,0.0021794124
mix_UI_ST_5400_207,0.0024674067
cauldron_ln_20103,0.6172169
mix_UI_ST_5400_419,0.001532782
cauldron_ln_3654,0.6368376
mix_UI_ST_5400_781,0.0015775581
mix_SI_UT_5400_563,0.001811823
cauldron_ln_2740,0.74664825
mix_SI_UT_5400_1091,0.0017034034
cauldron_ln_6341,0.7862397
mix_UI_ST_5400_372,0.0013956743
cauldron_ln_2979,0.7782233
mix_SI_UT_5400_1210,0.00197075
cauldron_ln_28560,0.80430883
mix_UI_ST_5400_619,0.0022322778
cauldron_ln_27840,0.7463315
cauldron_ln_23782,0.8358942
cauldron_ln_2910,0.7829406
cauldron_ln_11028,0.69285154
mix_UI_ST_5400_1389,0.0010173392
cauldron_ln_18802,0.5744174
cauldron_ln_23051,0.8359462
cauldron_ln_7951,0.6359251
cauldron_ln_28881,0.54236925
cauldron_ln_10666,0.65514123
mix_UI_ST_5400_137,0.0021093064
mix_SI_UT_5400_852,0.0014239561
cauldron_ln_16855,0.62034124
cauldron_ln_10076,0.6228524
cauldron_ln_3816,0.79464465
cauldron_ln_2040,0.66287464
mix_UI_ST_5400_1464,0.0019013265
cauldron_ln_28430,0.72907275
mix_SI_UT_5400_902,0.0013498797
cauldron_ln_1260,0.7776529
mix_SI_UT_5400_603,0.0023058073
cauldron_ln_5279,0.64556366
mix_UI_ST_5400_851,0.0016627104
cauldron_ln_7591,0.81250864
mix_UI_ST_5400_621,0.003929701
cauldron_ln_27983,0.75889194
mix_UI_ST_5400_1400,0.0025410808
cauldron_ln_5637,0.7770443
mix_SI_UT_5400_453,0.001480193
cauldron_ln_14175,0.7275841
mix_SI_UT_5400_169,0.0019056303
cauldron_ln_21850,0.60846716
mix_UI_ST_5400_1476,0.0027078576
mix_UI_ST_5400_1050,0.0021117246
cauldron_ln_1979,0.8038192
mix_UI_ST_5400_507,0.0018189923
mix_UI_ST_5400_800,0.0023418565
cauldron_ln_11318,0.82776684
cauldron_ln_22285,0.591916
cauldron_ln_11152,0.5908159
mix_UI_ST_5400_547,0.001942402
cauldron_ln_2496,0.7087054
cauldron_ln_5623,0.6405188
mix_UI_ST_5400_517,0.0016762607
cauldron_ln_27486,0.6148992
mix_SI_UT_5400_1416,0.0011401827
cauldron_ln_11789,0.45404202
cauldron_ln_23326,0.767967
cauldron_ln_11838,0.67107564
cauldron_ln_29771,0.7064743
cauldron_ln_13953,0.6358216
cauldron_ln_20633,0.64923626
mix_UI_ST_5400_1295,0.0021528907
cauldron_ln_10213,0.77808225
cauldron_ln_1689,0.84938115
cauldron_ln_11123,0.70789444
cauldron_ln_29523,0.81537974
mix_UI_ST_5400_704,0.0019787005
cauldron_ln_13903,0.68571544
cauldron_ln_3041,0.71397626
cauldron_ln_10998,0.789438
cauldron_ln_1872,0.78262025
cauldron_ln_21548,0.63561475
mix_SI_UT_5400_735,0.003556811
cauldron_ln_6732,0.75344706
cauldron_ln_11141,0.629788
cauldron_ln_9267,0.5600883
mix_SI_UT_5400_1019,0.0014057263
cauldron_ln_13584,0.79151034
cauldron_ln_22692,0.7683654
mix_SI_UT_5400_1053,0.0016719637
cauldron_ln_13337,0.6307705
mix_SI_UT_5400_1420,0.0012372584
cauldron_ln_484,0.7437022
cauldron_ln_5365,0.7864165
cauldron_ln_1491,0.693344
mix_UI_ST_5400_520,0.0016753656
mix_SI_UT_5400_743,0.00253063
cauldron_ln_9258,0.683716
mix_SI_UT_5400_1007,0.0017088368
cauldron_ln_5068,0.54085416
mix_UI_ST_5400_455,0.0015585746
cauldron_ln_12465,0.74076617
mix_UI_ST_5400_107,0.0012889624
mix_SI_UT_5400_882,0.0016942756
cauldron_ln_16967,0.68370414
mix_UI_ST_5400_87,0.0019956222
mix_UI_ST_5400_548,0.0017878201
mix_SI_UT_5400_198,0.0013832729
mix_UI_ST_5400_564,0.0014511324
mix_SI_UT_5400_28,0.0019135899
mix_SI_UT_5400_1102,0.0028271193
mix_UI_ST_5400_970,0.0019836589
mix_UI_ST_5400_585,0.0020722097
mix_UI_ST_5400_913,0.00078571425
mix_UI_ST_5400_175,0.001474216
cauldron_ln_26401,0.6919521
cauldron_ln_28161,0.70085967
mix_UI_ST_5400_1377,0.002103472
mix_UI_ST_5400_341,0.0015910843
mix_UI_ST_5400_1392,0.0027787401
cauldron_ln_9207,0.8508967
mix_SI_UT_5400_611,0.0014169228
mix_SI_UT_5400_731,0.0017226721
mix_UI_ST_5400_824,0.0023147375
cauldron_ln_25254,0.8071795
cauldron_ln_13600,0.7842503
cauldron_ln_26891,0.7042524
cauldron_ln_10523,0.7926105
cauldron_ln_12106,0.6912083
mix_UI_ST_5400_0,0.00096397847
mix_UI_ST_5400_950,0.001338746
cauldron_ln_14467,0.8054214
cauldron_ln_6405,0.7674787
mix_SI_UT_5400_593,0.0020947254
cauldron_ln_6650,0.7124671
cauldron_ln_22637,0.7774537
mix_SI_UT_5400_1047,0.0018223209
cauldron_ln_6415,0.7032432
cauldron_ln_7318,0.7773824
cauldron_ln_22781,0.79135513
mix_SI_UT_5400_1024,0.0019089826
mix_UI_ST_5400_1091,0.0017738035
mix_UI_ST_5400_502,0.0015283455
mix_UI_ST_5400_90,0.0014071635
cauldron_ln_20857,0.7526729
mix_SI_UT_5400_597,0.0021058936
cauldron_ln_8259,0.5880324
cauldron_ln_9356,0.79091907
cauldron_ln_19336,0.6720966
cauldron_ln_20463,0.7288174
cauldron_ln_16227,0.70190036
mix_SI_UT_5400_384,0.0027092951
cauldron_ln_20135,0.68785167
cauldron_ln_26495,0.7785588
cauldron_ln_5325,0.6562996
mix_UI_ST_5400_1149,0.0015906836
cauldron_ln_22270,0.46677548
cauldron_ln_17453,0.72219235
cauldron_ln_1281,0.65350336
cauldron_ln_2774,0.7492777
mix_SI_UT_5400_771,0.0019223822
mix_UI_ST_5400_162,0.0012820581
cauldron_ln_10441,0.75420105
cauldron_ln_15689,0.7786551
cauldron_ln_19565,0.67074513
cauldron_ln_20329,0.83040833
cauldron_ln_17860,0.6884967
cauldron_ln_3512,0.7142477
mix_UI_ST_5400_1085,0.0024964393
mix_SI_UT_5400_1339,0.0015676715
mix_SI_UT_5400_1135,0.0021707553
cauldron_ln_11032,0.6325442
mix_UI_ST_5400_494,0.0015512672
cauldron_ln_26370,0.66699725
mix_SI_UT_5400_327,0.0018344495
mix_SI_UT_5400_1208,0.0019236818
cauldron_ln_9468,0.57618546
mix_UI_ST_5400_296,0.001446779
mix_UI_ST_5400_706,0.0008534298
mix_SI_UT_5400_785,0.0023831415
cauldron_ln_3780,0.6258764
mix_UI_ST_5400_1390,0.0013181607
mix_SI_UT_5400_1229,0.0022771356
mix_SI_UT_5400_1483,0.0018613437
mix_UI_ST_5400_948,0.0014078813
cauldron_ln_1666,0.5753307
mix_SI_UT_5400_457,0.0021822045
cauldron_ln_16721,0.6185689
mix_UI_ST_5400_70,0.0010716695
mix_UI_ST_5400_912,0.0023744872
mix_UI_ST_5400_841,0.0015749526
mix_SI_UT_5400_449,0.0026965993
mix_SI_UT_5400_421,0.001145162
cauldron_ln_15389,0.71796477
cauldron_ln_7316,0.858817
mix_UI_ST_5400_1028,0.0018738742
mix_SI_UT_5400_309,0.0019316907
mix_SI_UT_5400_231,0.0022820039
cauldron_ln_27417,0.7603495
mix_UI_ST_5400_336,0.0018710002
mix_SI_UT_5400_219,0.0020773811
mix_UI_ST_5400_1258,0.0018630073
cauldron_ln_4723,0.8466891
mix_SI_UT_5400_895,0.0029157791
mix_SI_UT_5400_1055,0.0018581765
cauldron_ln_26520,0.83711684
mix_UI_ST_5400_775,0.0023116341
mix_UI_ST_5400_121,0.0023813944
mix_SI_UT_5400_866,0.0014738939
mix_SI_UT_5400_1211,0.0019560123
cauldron_ln_17134,0.6778486
mix_SI_UT_5400_1127,0.0019176551
mix_UI_ST_5400_1350,0.0023768514
cauldron_ln_24520,0.6518246
cauldron_ln_8373,0.7490927
cauldron_ln_15240,0.79539984
mix_SI_UT_5400_623,0.0013803139
cauldron_ln_14417,0.7896697
cauldron_ln_7665,0.6403554
mix_UI_ST_5400_1445,0.0022144734
cauldron_ln_17054,0.78139114
mix_UI_ST_5400_746,0.0019287752
mix_UI_ST_5400_557,0.002193136
cauldron_ln_2381,0.82986975
cauldron_ln_7346,0.6862442
mix_SI_UT_5400_411,0.0018822593
mix_SI_UT_5400_1051,0.0014010259
cauldron_ln_20476,0.592294
cauldron_ln_8736,0.7662905
mix_UI_ST_5400_550,0.0014498774
mix_SI_UT_5400_1181,0.0018421526
mix_SI_UT_5400_320,0.0013293745
cauldron_ln_8669,0.7394353
cauldron_ln_21852,0.42618638
mix_SI_UT_5400_422,0.0036460683
cauldron_ln_22000,0.6493103
mix_UI_ST_5400_771,0.0016913079
mix_UI_ST_5400_1272,0.0023559064
cauldron_ln_9793,0.55667543
mix_SI_UT_5400_674,0.003001027
cauldron_ln_9271,0.7222355
cauldron_ln_818,0.6077519
mix_UI_ST_5400_577,0.0022507356
mix_SI_UT_5400_472,0.0017557599
cauldron_ln_1675,0.6803744
mix_UI_ST_5400_1494,0.0015472657
mix_UI_ST_5400_113,0.0015700608
mix_UI_ST_5400_1129,0.0020278464
mix_SI_UT_5400_1002,0.00187288
cauldron_ln_16676,0.6901667
cauldron_ln_15061,0.5760367
cauldron_ln_16651,0.816136
cauldron_ln_21197,0.7426544
mix_UI_ST_5400_791,0.0011188809
cauldron_ln_21171,0.60754305
mix_SI_UT_5400_463,0.0018399206
mix_SI_UT_5400_1126,0.0012112309
cauldron_ln_7165,0.57985705
mix_SI_UT_5400_361,0.0012062927
cauldron_ln_21692,0.7118742
mix_UI_ST_5400_63,0.0017280508
cauldron_ln_10304,0.7341101
mix_SI_UT_5400_1325,0.0021099127
mix_SI_UT_5400_968,0.0024125276
cauldron_ln_21834,0.8106587
mix_UI_ST_5400_1052,0.0020712584
cauldron_ln_18910,0.6335541
cauldron_ln_22299,0.8173126
mix_SI_UT_5400_480,0.0015017978
mix_UI_ST_5400_1422,0.0009533478
mix_SI_UT_5400_429,0.0016455177
mix_UI_ST_5400_1404,0.0012487831
cauldron_ln_25262,0.725978
mix_UI_ST_5400_250,0.0035691606
mix_UI_ST_5400_849,0.0015039259
cauldron_ln_11,0.65455604
mix_UI_ST_5400_1490,0.0027270075
cauldron_ln_14832,0.7140149
mix_SI_UT_5400_768,0.003831721
mix_UI_ST_5400_819,0.0026302587
cauldron_ln_11845,0.87608415
mix_UI_ST_5400_1351,0.002110505
cauldron_ln_19653,0.8398896
mix_SI_UT_5400_576,0.0020069582
cauldron_ln_26756,0.7579786
mix_SI_UT_5400_1112,0.0027172263
mix_UI_ST_5400_357,0.0037854
mix_SI_UT_5400_251,0.0010674685
cauldron_ln_13141,0.73375326
cauldron_ln_26033,0.8359486
cauldron_ln_14831,0.7175895
cauldron_ln_16939,0.80382335
cauldron_ln_15206,0.7290368
cauldron_ln_25650,0.8209883
mix_UI_ST_5400_1307,0.0017894821
cauldron_ln_19733,0.71172535
mix_SI_UT_5400_621,0.0022849229
mix_SI_UT_5400_1335,0.003066325
cauldron_ln_3539,0.70520043
mix_SI_UT_5400_1027,0.001919919
mix_UI_ST_5400_1342,0.002283732
cauldron_ln_10196,0.68455094
cauldron_ln_2044,0.70112574
cauldron_ln_13161,0.5623037
cauldron_ln_9533,0.45826295
cauldron_ln_28475,0.6006537
cauldron_ln_1471,0.7736674
mix_SI_UT_5400_215,0.0016723362
cauldron_ln_18903,0.79951566
mix_UI_ST_5400_569,0.0028246227
mix_UI_ST_5400_1481,0.0021747355
cauldron_ln_3985,0.6219027
mix_SI_UT_5400_1349,0.0019859767
mix_UI_ST_5400_525,0.0015844883
cauldron_ln_15160,0.74132735
mix_SI_UT_5400_167,0.0018844025
cauldron_ln_918,0.44674358
mix_SI_UT_5400_697,0.003097171
mix_SI_UT_5400_1487,0.001228697
mix_UI_ST_5400_588,0.0021811323
cauldron_ln_9625,0.7508806
cauldron_ln_3905,0.6896708
cauldron_ln_15538,0.79666567
mix_UI_ST_5400_114,0.0026277718
mix_UI_ST_5400_475,0.0012455259
mix_SI_UT_5400_1449,0.0024521449
cauldron_ln_13108,0.7896439
cauldron_ln_29882,0.8219331
mix_UI_ST_5400_888,0.0015341736
mix_UI_ST_5400_922,0.0016768171
cauldron_ln_29688,0.4421378
mix_SI_UT_5400_1363,0.0018564907
cauldron_ln_8510,0.6654076
mix_SI_UT_5400_800,0.0014623181
cauldron_ln_14074,0.7174585
cauldron_ln_19316,0.697336
cauldron_ln_12289,0.83809286
cauldron_ln_7807,0.71650445
mix_SI_UT_5400_557,0.0012673554
mix_UI_ST_5400_352,0.00082056643
cauldron_ln_8328,0.6653863
mix_SI_UT_5400_1028,0.0017017485
mix_UI_ST_5400_141,0.0021995343
mix_UI_ST_5400_652,0.0036118838
mix_SI_UT_5400_1301,0.0022210842
cauldron_ln_19666,0.72948855
mix_SI_UT_5400_1075,0.0020433841
mix_SI_UT_5400_1364,0.00175889
mix_UI_ST_5400_1152,0.0008916457
cauldron_ln_2837,0.6741267
mix_UI_ST_5400_382,0.0020602911
mix_UI_ST_5400_1009,0.0009227009
cauldron_ln_7360,0.81746095
mix_SI_UT_5400_1179,0.0014926376
cauldron_ln_9591,0.6503672
cauldron_ln_16368,0.3953592
cauldron_ln_4940,0.6191017
mix_UI_ST_5400_442,0.0018228344
cauldron_ln_4480,0.8272978
cauldron_ln_15455,0.77562743
mix_UI_ST_5400_744,0.0014832944
mix_UI_ST_5400_642,0.0018373425
mix_UI_ST_5400_1399,0.0018501169
cauldron_ln_3823,0.47935483
mix_SI_UT_5400_1037,0.0022695258
cauldron_ln_29573,0.68995184
mix_UI_ST_5400_959,0.0021983008
mix_UI_ST_5400_388,0.0017090531
mix_SI_UT_5400_1123,0.0019185607
mix_UI_ST_5400_980,0.0021546541
mix_UI_ST_5400_1030,0.002424845
cauldron_ln_8644,0.6546097
cauldron_ln_20564,0.7330804
cauldron_ln_8233,0.69989455
mix_SI_UT_5400_1023,0.0013355598
cauldron_ln_5573,0.7248989
cauldron_ln_8296,0.68706924
mix_UI_ST_5400_1347,0.0018223425
cauldron_ln_13228,0.7751212
mix_UI_ST_5400_1303,0.00080704014
mix_SI_UT_5400_286,0.0014217347
cauldron_ln_21227,0.70163924
cauldron_ln_15532,0.64098704
mix_UI_ST_5400_823,0.0023834715
mix_SI_UT_5400_1488,0.0025536874
mix_UI_ST_5400_1417,0.0024060637
cauldron_ln_19723,0.69593215
cauldron_ln_22974,0.6719935
cauldron_ln_15569,0.74770564
cauldron_ln_26382,0.82225794
cauldron_ln_2211,0.7125121
mix_UI_ST_5400_606,0.002174184
mix_UI_ST_5400_1435,0.0017151004
cauldron_ln_27016,0.47912517
mix_UI_ST_5400_181,0.0019676136
cauldron_ln_9014,0.79673535
cauldron_ln_25492,0.7979266
cauldron_ln_22049,0.79588014
mix_SI_UT_5400_658,0.0028861992
mix_SI_UT_5400_983,0.0017868673
mix_SI_UT_5400_933,0.002050163
cauldron_ln_29687,0.55533403
cauldron_ln_25374,0.7085137
mix_SI_UT_5400_333,0.0021048798
cauldron_ln_29681,0.64146173
cauldron_ln_27090,0.7715564
mix_SI_UT_5400_1205,0.001392022
mix_UI_ST_5400_1458,0.0029183421
mix_UI_ST_5400_515,0.0018716218
cauldron_ln_14329,0.5700713
cauldron_ln_20222,0.74195915
cauldron_ln_19058,0.8542882
mix_UI_ST_5400_1311,0.0024372775
cauldron_ln_26787,0.46148568
cauldron_ln_5975,0.75636095
mix_UI_ST_5400_815,0.0017730253
cauldron_ln_20769,0.690261
cauldron_ln_5934,0.77708083
cauldron_ln_7235,0.56273675
cauldron_ln_10535,0.8840557
cauldron_ln_15308,0.58795774
mix_UI_ST_5400_140,0.0035175453
cauldron_ln_14610,0.7911424
cauldron_ln_17525,0.72359926
mix_UI_ST_5400_1183,0.0016605447
mix_UI_ST_5400_340,0.001379923
mix_SI_UT_5400_1297,0.0018521282
mix_SI_UT_5400_723,0.0030533285
cauldron_ln_16649,0.78566206
cauldron_ln_25084,0.66785
mix_SI_UT_5400_39,0.0016530463
mix_SI_UT_5400_175,0.00225292
cauldron_ln_29494,0.62721574
cauldron_ln_5166,0.40768358
cauldron_ln_8286,0.7979407
cauldron_ln_10043,0.7203372
cauldron_ln_12975,0.8203342
mix_UI_ST_5400_677,0.0013799992
cauldron_ln_19424,0.656483
cauldron_ln_9227,0.81543815
cauldron_ln_18688,0.73113483
cauldron_ln_14727,0.59711957
cauldron_ln_4613,0.86947185
mix_UI_ST_5400_961,0.0027515956
cauldron_ln_29632,0.72928286
cauldron_ln_20245,0.7122404
mix_UI_ST_5400_490,0.0014714117
cauldron_ln_19982,0.8229442
cauldron_ln_19860,0.6300074
cauldron_ln_12567,0.5832134
cauldron_ln_10960,0.657751
cauldron_ln_292,0.6521777
cauldron_ln_8476,0.44326437
mix_UI_ST_5400_290,0.0022608775
cauldron_ln_7469,0.5018577
mix_SI_UT_5400_1463,0.0021766494
cauldron_ln_3301,0.7959657
mix_SI_UT_5400_1156,0.002464941
mix_UI_ST_5400_1037,0.0023739282
mix_UI_ST_5400_884,0.001116002
cauldron_ln_14272,0.72784424
cauldron_ln_9797,0.6360038
cauldron_ln_10093,0.7546711
cauldron_ln_22978,0.8204767
mix_UI_ST_5400_1057,0.0015798543
mix_UI_ST_5400_1038,0.0011363378
cauldron_ln_28643,0.8972727
cauldron_ln_29837,0.7425292
cauldron_ln_5467,0.8219493
mix_UI_ST_5400_1406,0.0022635562
mix_SI_UT_5400_703,0.0013222352
cauldron_ln_6245,0.71569324
cauldron_ln_9488,0.76963234
mix_UI_ST_5400_1074,0.0017956612
mix_SI_UT_5400_990,0.0017438559
cauldron_ln_19042,0.7464387
cauldron_ln_1905,0.47176132
cauldron_ln_17257,0.47069228
mix_SI_UT_5400_163,0.0017201409
mix_SI_UT_5400_56,0.0009923219
mix_SI_UT_5400_1275,0.0025153956
mix_UI_ST_5400_756,0.0013240252
mix_UI_ST_5400_871,0.0014966205
cauldron_ln_11812,0.8182634
cauldron_ln_21560,0.81985843
mix_UI_ST_5400_940,0.0008817288
mix_UI_ST_5400_1053,0.0024295591
cauldron_ln_4696,0.77625257
cauldron_ln_6195,0.77933115
cauldron_ln_3023,0.67388856
mix_SI_UT_5400_992,0.0012309168
cauldron_ln_27398,0.6550466
mix_SI_UT_5400_63,0.0027127438
mix_SI_UT_5400_94,0.001609112
mix_SI_UT_5400_318,0.0023042457
mix_SI_UT_5400_1323,0.002344515
mix_UI_ST_5400_1032,0.0020527537
mix_UI_ST_5400_103,0.003947544
cauldron_ln_26420,0.49400756
cauldron_ln_2552,0.58912843
cauldron_ln_5154,0.48415303
cauldron_ln_11406,0.7174483
mix_SI_UT_5400_750,0.0009025249
cauldron_ln_2617,0.7431123
cauldron_ln_11091,0.7568977
mix_UI_ST_5400_1316,0.0037693456
cauldron_ln_17313,0.83056974
cauldron_ln_19227,0.7437873
mix_UI_ST_5400_797,0.0017318479
cauldron_ln_3934,0.7670545
mix_UI_ST_5400_890,0.0008643014
cauldron_ln_13483,0.8359032
mix_SI_UT_5400_347,0.0019028455
mix_UI_ST_5400_1376,0.0018224248
cauldron_ln_27786,0.65841526
mix_SI_UT_5400_1176,0.0025094503
mix_SI_UT_5400_709,0.0026561108
mix_UI_ST_5400_1305,0.0013393066
mix_SI_UT_5400_1196,0.0016741259
mix_SI_UT_5400_66,0.001501048
cauldron_ln_2952,0.7671786
mix_SI_UT_5400_820,0.0024832252
mix_UI_ST_5400_1215,0.001645918
mix_UI_ST_5400_587,0.0019932522
mix_UI_ST_5400_119,0.0012524966
cauldron_ln_8595,0.69169474
cauldron_ln_21572,0.81398875
mix_SI_UT_5400_506,0.0026140993
cauldron_ln_9129,0.70203733
mix_UI_ST_5400_1448,0.00086003443
mix_SI_UT_5400_1287,0.002273373
mix_SI_UT_5400_1171,0.0017553344
cauldron_ln_10294,0.74104357
cauldron_ln_2792,0.6227769
mix_UI_ST_5400_1117,0.002203238
mix_SI_UT_5400_1162,0.0024598823
mix_SI_UT_5400_647,0.001860302
cauldron_ln_1737,0.76558673
cauldron_ln_26629,0.6329876
mix_UI_ST_5400_536,0.0017573275
cauldron_ln_8951,0.47537273
cauldron_ln_18333,0.77689433
mix_SI_UT_5400_90,0.0016449741
mix_SI_UT_5400_398,0.0042373943
mix_UI_ST_5400_20,0.0015075383
mix_SI_UT_5400_510,0.0017084203
cauldron_ln_11316,0.65391594
mix_SI_UT_5400_1034,0.0015712177
cauldron_ln_15570,0.7300439
mix_SI_UT_5400_605,0.0010930456
mix_UI_ST_5400_400,0.0021437837
mix_UI_ST_5400_1313,0.0014637733
cauldron_ln_12526,0.63517123
mix_UI_ST_5400_65,0.0018259403
cauldron_ln_12524,0.7232612
mix_UI_ST_5400_618,0.0019552612
mix_UI_ST_5400_1022,0.0018995708
cauldron_ln_11197,0.7007407
mix_UI_ST_5400_935,0.0024396891
mix_SI_UT_5400_1060,0.0010097264
mix_UI_ST_5400_1499,0.0022452788
cauldron_ln_16151,0.7972593
cauldron_ln_28695,0.7796687
mix_SI_UT_5400_1201,0.0016512146
mix_SI_UT_5400_677,0.0016323382
cauldron_ln_21122,0.6918739
cauldron_ln_17941,0.7201904
mix_UI_ST_5400_109,0.0015617432
mix_UI_ST_5400_1369,0.0019510114
cauldron_ln_11206,0.80893785
mix_UI_ST_5400_363,0.00206019
cauldron_ln_18889,0.642615
cauldron_ln_16627,0.63269013
mix_UI_ST_5400_215,0.0017682121
mix_SI_UT_5400_787,0.001922879
cauldron_ln_19188,0.6892617
mix_UI_ST_5400_727,0.0016755228
mix_SI_UT_5400_1291,0.001539751
cauldron_ln_16876,0.8077023
mix_SI_UT_5400_628,0.0011607055
mix_SI_UT_5400_1491,0.0019920631
mix_UI_ST_5400_116,0.0013643698
mix_SI_UT_5400_165,0.0012869181
mix_UI_ST_5400_310,0.0019107125
mix_SI_UT_5400_42,0.0016086992
cauldron_ln_10702,0.681376
cauldron_ln_551,0.5442029
mix_SI_UT_5400_1095,0.0015780614
mix_UI_ST_5400_1375,0.0015951724
mix_SI_UT_5400_227,0.0011875859
cauldron_ln_12856,0.79933786
cauldron_ln_16814,0.69176686
mix_SI_UT_5400_1067,0.0015853937
mix_SI_UT_5400_761,0.002563369
mix_UI_ST_5400_638,0.002374913
cauldron_ln_8354,0.5589012
mix_SI_UT_5400_870,0.0017876915
cauldron_ln_20532,0.46911067
mix_SI_UT_5400_1131,0.0018078234
cauldron_ln_16990,0.79731035
mix_UI_ST_5400_453,0.0026491396
cauldron_ln_27341,0.71216714
mix_UI_ST_5400_742,0.0019716355
cauldron_ln_10102,0.63242084
cauldron_ln_19268,0.699726
mix_SI_UT_5400_1020,0.0018067214
mix_SI_UT_5400_640,0.0022576184
cauldron_ln_24030,0.68699086
cauldron_ln_22734,0.6445468
mix_SI_UT_5400_297,0.0012954985
cauldron_ln_28191,0.72338283
mix_UI_ST_5400_987,0.0024370572
mix_UI_ST_5400_1330,0.0010393655
mix_UI_ST_5400_1365,0.0020777143
mix_UI_ST_5400_646,0.0014639184
mix_UI_ST_5400_1177,0.002101212
mix_SI_UT_5400_466,0.0020828578
mix_SI_UT_5400_1030,0.0027275572
cauldron_ln_22793,0.7064989
mix_SI_UT_5400_191,0.0016892409
cauldron_ln_16120,0.8107221
cauldron_ln_14405,0.7177299
mix_SI_UT_5400_1016,0.0017223146
cauldron_ln_2353,0.8166223
cauldron_ln_12156,0.7522389
mix_SI_UT_5400_1165,0.0016457291
cauldron_ln_2849,0.82267606
cauldron_ln_21994,0.7283307
mix_UI_ST_5400_518,0.0021829398
mix_UI_ST_5400_102,0.0012615138
cauldron_ln_6351,0.8143118
mix_UI_ST_5400_1455,0.0021975571
cauldron_ln_23178,0.7051714
cauldron_ln_27407,0.63279665
mix_UI_ST_5400_191,0.001050596
mix_SI_UT_5400_1077,0.0018277386
mix_SI_UT_5400_1133,0.0010653767
cauldron_ln_4938,0.5764013
cauldron_ln_21921,0.69117177
cauldron_ln_13541,0.72561985
mix_SI_UT_5400_1083,0.0016931066
mix_SI_UT_5400_982,0.00314609
mix_UI_ST_5400_1274,0.0024920842
mix_SI_UT_5400_319,0.0018213912
cauldron_ln_14617,0.75357705
cauldron_ln_8799,0.7962728
cauldron_ln_28059,0.6928174
cauldron_ln_4886,0.75769085
cauldron_ln_28020,0.733823
cauldron_ln_16757,0.77029884
mix_SI_UT_5400_447,0.0015547867
cauldron_ln_18251,0.75085825
cauldron_ln_388,0.60186356
mix_UI_ST_5400_765,0.0017658173
mix_UI_ST_5400_1459,0.00094759825
cauldron_ln_4616,0.74894005
mix_UI_ST_5400_80,0.0033831208
cauldron_ln_14057,0.6517508
cauldron_ln_27635,0.5683391
cauldron_ln_5993,0.5605436
mix_UI_ST_5400_1485,0.000997905
cauldron_ln_1085,0.47746655
mix_SI_UT_5400_145,0.0013072117
mix_UI_ST_5400_338,0.001913507
mix_SI_UT_5400_1474,0.0026829487
cauldron_ln_29757,0.7245804
mix_UI_ST_5400_177,0.0020147937
mix_UI_ST_5400_1360,0.0010217791
cauldron_ln_6321,0.7988612
mix_SI_UT_5400_170,0.0025394508
mix_UI_ST_5400_101,0.0013430684
cauldron_ln_13567,0.79199624
mix_UI_ST_5400_64,0.002087266
mix_SI_UT_5400_1031,0.001235934
mix_SI_UT_5400_1394,0.002744128
mix_UI_ST_5400_915,0.002817528
cauldron_ln_22282,0.76623714
mix_SI_UT_5400_985,0.001957777
mix_SI_UT_5400_843,0.0011455498
mix_UI_ST_5400_164,0.0025481659
cauldron_ln_5061,0.81369084
mix_SI_UT_5400_1161,0.0024032863
mix_SI_UT_5400_1295,0.0020827777
cauldron_ln_17267,0.7682007
mix_UI_ST_5400_1201,0.0024638507
mix_UI_ST_5400_1100,0.0019821245
cauldron_ln_12219,0.8052511
mix_UI_ST_5400_924,0.0021115106
cauldron_ln_22117,0.5821761
mix_SI_UT_5400_1294,0.002367288
cauldron_ln_26785,0.8169125
mix_UI_ST_5400_881,0.0011542058
cauldron_ln_13187,0.6894973
mix_UI_ST_5400_258,0.0029363658
mix_SI_UT_5400_1149,0.0011926946
cauldron_ln_9727,0.7280254
cauldron_ln_13883,0.7431681
cauldron_ln_19802,0.84768564
mix_SI_UT_5400_484,0.003071015
cauldron_ln_9822,0.7497799
mix_UI_ST_5400_613,0.0012813391
cauldron_ln_12663,0.57524085
cauldron_ln_21390,0.7991721
cauldron_ln_23171,0.6136355
cauldron_ln_8811,0.8648203
cauldron_ln_22196,0.5609741
mix_UI_ST_5400_416,0.0020860913
mix_SI_UT_5400_841,0.0018669564
cauldron_ln_1700,0.6302477
cauldron_ln_13873,0.71084774
mix_UI_ST_5400_74,0.0023426577
cauldron_ln_14550,0.7426465
mix_UI_ST_5400_32,0.0014720998
cauldron_ln_3115,0.69451845
cauldron_ln_24374,0.8055394
mix_UI_ST_5400_833,0.001942598
cauldron_ln_13932,0.4515413
cauldron_ln_6254,0.75468737
mix_UI_ST_5400_605,0.0021078675
mix_SI_UT_5400_1373,0.002121617
cauldron_ln_10763,0.717045
mix_SI_UT_5400_850,0.0011389436
mix_SI_UT_5400_1228,0.0015380029
cauldron_ln_46,0.63664097
cauldron_ln_11565,0.7463456
cauldron_ln_13222,0.81806916
cauldron_ln_6110,0.73251444
cauldron_ln_10651,0.8107937
mix_SI_UT_5400_235,0.0013901488
mix_UI_ST_5400_1018,0.002825281
cauldron_ln_17703,0.79167956
mix_SI_UT_5400_312,0.002562044
mix_UI_ST_5400_327,0.0013474866
cauldron_ln_29565,0.64898384
mix_SI_UT_5400_954,0.001493689
cauldron_ln_26361,0.6500075
mix_UI_ST_5400_430,0.0013220557
cauldron_ln_9214,0.6904096
cauldron_ln_23483,0.7480437
mix_UI_ST_5400_893,0.0025179235
cauldron_ln_3213,0.74636227
mix_SI_UT_5400_188,0.002677552
mix_UI_ST_5400_900,0.0019479583
cauldron_ln_2426,0.7613148
cauldron_ln_4730,0.737505
cauldron_ln_26556,0.74681765
mix_SI_UT_5400_498,0.00077216513
cauldron_ln_13210,0.64469653
cauldron_ln_8709,0.8017687
cauldron_ln_16171,0.743973
cauldron_ln_19077,0.7123484
mix_UI_ST_5400_809,0.0018985233
cauldron_ln_11755,0.7435612
cauldron_ln_1604,0.673749
mix_SI_UT_5400_986,0.0017201778
cauldron_ln_10112,0.76916873
cauldron_ln_5193,0.7795045
cauldron_ln_4279,0.7813088
mix_UI_ST_5400_1259,0.0017024105
mix_SI_UT_5400_1486,0.00256493
cauldron_ln_16846,0.43559045
mix_UI_ST_5400_1098,0.0028380908
cauldron_ln_24733,0.6344612
cauldron_ln_201,0.70711565
cauldron_ln_18456,0.75768554
cauldron_ln_17192,0.76007265
cauldron_ln_3742,0.58650386
cauldron_ln_17663,0.69259393
cauldron_ln_29513,0.7105973
cauldron_ln_903,0.75664806
cauldron_ln_5296,0.78533685
mix_SI_UT_5400_582,0.0026739608
mix_SI_UT_5400_114,0.001876867
mix_SI_UT_5400_450,0.0012203814
cauldron_ln_24575,0.79337186
cauldron_ln_22199,0.63963187
cauldron_ln_2750,0.8311434
cauldron_ln_15721,0.7414681
cauldron_ln_17286,0.4967258
mix_SI_UT_5400_1308,0.00093527226
cauldron_ln_4939,0.662211
cauldron_ln_8584,0.64544725
cauldron_ln_20168,0.68490946
mix_SI_UT_5400_88,0.0021134294
mix_UI_ST_5400_673,0.002033756
mix_SI_UT_5400_536,0.0011432623
mix_UI_ST_5400_811,0.002516647
mix_SI_UT_5400_989,0.0019277089
mix_SI_UT_5400_1213,0.00091719156
mix_SI_UT_5400_1439,0.0012465216
cauldron_ln_25128,0.7550247
mix_UI_ST_5400_3,0.0026532526
mix_SI_UT_5400_1494,0.0014316413
mix_SI_UT_5400_471,0.0030309053
cauldron_ln_270,0.55139846
mix_UI_ST_5400_429,0.0019304244
mix_UI_ST_5400_1379,0.0020104703
cauldron_ln_26893,0.7498591
cauldron_ln_26286,0.7573398
cauldron_ln_25156,0.63479096
mix_UI_ST_5400_226,0.0019467757
cauldron_ln_5691,0.85262203
mix_SI_UT_5400_7,0.0016253724
cauldron_ln_4943,0.75570065
cauldron_ln_22661,0.7518769
cauldron_ln_11972,0.5847464
cauldron_ln_13201,0.7691884
cauldron_ln_10874,0.4662228
cauldron_ln_20523,0.6480892
mix_SI_UT_5400_1183,0.0012549848
cauldron_ln_26443,0.69346523
cauldron_ln_29537,0.7567167
cauldron_ln_24190,0.8812836
cauldron_ln_7865,0.50671875
mix_UI_ST_5400_722,0.0032386961
cauldron_ln_21891,0.7650876
mix_SI_UT_5400_375,0.0013425965
mix_SI_UT_5400_1467,0.0016212674
cauldron_ln_9287,0.36351
cauldron_ln_25674,0.60280865
cauldron_ln_529,0.55720013
cauldron_ln_26169,0.5560727
cauldron_ln_27183,0.8847632
mix_UI_ST_5400_1110,0.0014927548
cauldron_ln_9816,0.6853599
cauldron_ln_8424,0.772681
cauldron_ln_10420,0.7531384
cauldron_ln_13707,0.62826055
mix_UI_ST_5400_195,0.0024878914
mix_UI_ST_5400_1270,0.0016469432
mix_SI_UT_5400_1462,0.0012645423
mix_SI_UT_5400_863,0.001963238
cauldron_ln_24863,0.752608
cauldron_ln_20568,0.7334968
cauldron_ln_21554,0.63394445
mix_UI_ST_5400_407,0.0013714979
cauldron_ln_6392,0.6517102
cauldron_ln_2802,0.41276225
mix_SI_UT_5400_630,0.0011287815
mix_SI_UT_5400_659,0.0019031706
cauldron_ln_28231,0.81839776
cauldron_ln_26508,0.68152124
cauldron_ln_6278,0.76068103
mix_SI_UT_5400_1317,0.00096738135
mix_SI_UT_5400_1145,0.0022695616
cauldron_ln_6555,0.3824234
mix_SI_UT_5400_100,0.0014642208
cauldron_ln_5877,0.66337484
cauldron_ln_17291,0.5985569
cauldron_ln_22147,0.7418864
mix_SI_UT_5400_64,0.0019823017
mix_SI_UT_5400_1157,0.0021022274
mix_SI_UT_5400_786,0.002230265
cauldron_ln_23534,0.709009
mix_UI_ST_5400_1167,0.0021730019
mix_UI_ST_5400_38,0.002780346
mix_UI_ST_5400_768,0.0012581139
cauldron_ln_2478,0.875615
cauldron_ln_29659,0.70617396
cauldron_ln_7994,0.8270995
cauldron_ln_26442,0.7167688
cauldron_ln_22144,0.8515261
cauldron_ln_16059,0.8197982
cauldron_ln_25931,0.72596985
mix_UI_ST_5400_597,0.001377278
mix_UI_ST_5400_440,0.0014297441
mix_UI_ST_5400_464,0.0026264738
cauldron_ln_9243,0.65672034
cauldron_ln_237,0.5153824
cauldron_ln_29412,0.77270347
mix_UI_ST_5400_974,0.002217668
mix_UI_ST_5400_1014,0.001742481
cauldron_ln_24161,0.66347975
cauldron_ln_10127,0.6736181
mix_UI_ST_5400_1229,0.0016252464
cauldron_ln_1812,0.78047705
mix_SI_UT_5400_544,0.0010865952
cauldron_ln_17581,0.68799525
cauldron_ln_5294,0.61952305
cauldron_ln_1885,0.76962656
cauldron_ln_1118,0.4972163
mix_UI_ST_5400_1364,0.001652045
mix_SI_UT_5400_889,0.0032306293
mix_UI_ST_5400_863,0.003342003
mix_UI_ST_5400_29,0.0018380755
cauldron_ln_27981,0.72504395
cauldron_ln_8018,0.65434057
mix_SI_UT_5400_938,0.0014020549
cauldron_ln_29407,0.55625755
mix_UI_ST_5400_1405,0.002129292
mix_UI_ST_5400_1175,0.0012980612
mix_SI_UT_5400_960,0.0029020426
mix_UI_ST_5400_579,0.0016563736
cauldron_ln_11900,0.73523986
cauldron_ln_2799,0.84161896
cauldron_ln_10230,0.7053149
cauldron_ln_13334,0.73945105
mix_UI_ST_5400_355,0.002834122
cauldron_ln_15714,0.5402662
cauldron_ln_14457,0.7168664
mix_UI_ST_5400_1410,0.0017724759
cauldron_ln_11447,0.74706024
mix_UI_ST_5400_757,0.0023485583
cauldron_ln_304,0.69964224
cauldron_ln_11256,0.69301194
mix_UI_ST_5400_1101,0.0020305512
cauldron_ln_15585,0.4215863
cauldron_ln_29751,0.7328308
cauldron_ln_3304,0.8016557
cauldron_ln_24073,0.620587
cauldron_ln_3622,0.6328961
cauldron_ln_14132,0.75868493
cauldron_ln_20207,0.7406836
cauldron_ln_10890,0.76459897
mix_SI_UT_5400_137,0.0027870515
cauldron_ln_28924,0.7140542
mix_UI_ST_5400_829,0.001964985
cauldron_ln_20124,0.59244186
cauldron_ln_14766,0.78425086
cauldron_ln_25892,0.6528181
cauldron_ln_10053,0.74951524
cauldron_ln_13970,0.61239076
mix_UI_ST_5400_1277,0.0024998018
mix_UI_ST_5400_643,0.0036072687
cauldron_ln_853,0.5754217
mix_SI_UT_5400_1246,0.0019227023
mix_SI_UT_5400_745,0.00092718663
cauldron_ln_23133,0.49778664
mix_UI_ST_5400_35,0.0032432694
cauldron_ln_2988,0.7911159
cauldron_ln_22539,0.51322156
cauldron_ln_4695,0.4828945
mix_UI_ST_5400_316,0.0021991231
mix_SI_UT_5400_1082,0.0019984304
mix_SI_UT_5400_1393,0.0032116203
cauldron_ln_6003,0.70771146
cauldron_ln_19998,0.821798
cauldron_ln_14071,0.66655236
cauldron_ln_27368,0.8028845
cauldron_ln_23341,0.5729304
cauldron_ln_28823,0.6164431
mix_SI_UT_5400_1351,0.0022606538
cauldron_ln_184,0.5790639
cauldron_ln_23698,0.69058305
mix_SI_UT_5400_1049,0.0018831913
mix_SI_UT_5400_150,0.0014573906
mix_SI_UT_5400_228,0.0027254918
cauldron_ln_7985,0.78378564
cauldron_ln_5276,0.39754498
cauldron_ln_9809,0.5942916
mix_UI_ST_5400_830,0.0017105093
cauldron_ln_18554,0.79988545
mix_SI_UT_5400_1219,0.0015602234
cauldron_ln_13949,0.6808334
cauldron_ln_12345,0.7282809
cauldron_ln_258,0.55866027
mix_SI_UT_5400_1212,0.0008711685
cauldron_ln_85,0.5938516
mix_SI_UT_5400_577,0.0016424498
mix_SI_UT_5400_652,0.0015633309
cauldron_ln_28833,0.7334539
cauldron_ln_27481,0.7375291
mix_SI_UT_5400_973,0.0009433585
mix_SI_UT_5400_1241,0.001874164
cauldron_ln_15933,0.7133795
mix_UI_ST_5400_69,0.0011698072
cauldron_ln_18595,0.7455308
mix_UI_ST_5400_1193,0.0016539673
cauldron_ln_673,0.6666082
mix_UI_ST_5400_472,0.0019252974
cauldron_ln_1036,0.6259879
cauldron_ln_20242,0.6780306
mix_SI_UT_5400_755,0.002232046
mix_UI_ST_5400_1252,0.000937634
cauldron_ln_21271,0.86536086
mix_UI_ST_5400_780,0.0014661868
cauldron_ln_8577,0.6656384
cauldron_ln_5176,0.7091753
mix_UI_ST_5400_484,0.0028074258
cauldron_ln_3251,0.68117553
cauldron_ln_11850,0.68140656
cauldron_ln_11722,0.6226433
cauldron_ln_17841,0.70316285
cauldron_ln_10141,0.6292096
mix_SI_UT_5400_255,0.001526718
mix_SI_UT_5400_48,0.0018133181
mix_UI_ST_5400_723,0.001477637
mix_SI_UT_5400_1333,0.0014867865
mix_UI_ST_5400_254,0.0028146277
cauldron_ln_8812,0.6305823
mix_SI_UT_5400_1422,0.003331811
mix_SI_UT_5400_83,0.0007500684
cauldron_ln_10775,0.6961597
mix_SI_UT_5400_541,0.0014142757
mix_UI_ST_5400_730,0.0029042498
mix_SI_UT_5400_91,0.0015512996
mix_UI_ST_5400_1357,0.002888077
mix_SI_UT_5400_220,0.0019719726
mix_UI_ST_5400_1266,0.0015796911
cauldron_ln_19902,0.769188
mix_SI_UT_5400_426,0.0016966317
mix_SI_UT_5400_1435,0.00196759
mix_SI_UT_5400_69,0.0023356758
mix_UI_ST_5400_659,0.0026625989
mix_SI_UT_5400_161,0.001205616
mix_SI_UT_5400_1068,0.0022450183
mix_SI_UT_5400_646,0.0018943093
mix_UI_ST_5400_283,0.0014651603
mix_SI_UT_5400_538,0.00096790266
cauldron_ln_17393,0.8241195
