id,is_member
cauldron_ln_8044,0.0015226615
cauldron_ln_7863,0.001552547
mix_SI_UT_5400_19,0.0004273847
mix_SI_UT_5400_896,0.00042750427
cauldron_ln_17842,0.0013685119
mix_UI_ST_5400_1010,0.0004273847
mix_SI_UT_5400_1158,0.00047115868
cauldron_ln_5492,0.0015274981
cauldron_ln_28055,0.0015750718
cauldron_ln_15782,0.001511882
cauldron_ln_10896,0.0015534298
mix_UI_ST_5400_198,0.0004273847
cauldron_ln_14683,0.0015651197
mix_UI_ST_5400_1434,0.0004273847
cauldron_ln_15146,0.001526178
cauldron_ln_11421,0.0013714547
cauldron_ln_9412,0.0015451051
cauldron_ln_23873,0.001452286
cauldron_ln_21744,0.0015671874
mix_UI_ST_5400_591,0.0004273847
mix_UI_ST_5400_1048,0.0004273847
cauldron_ln_1835,0.0014314865
mix_UI_ST_5400_1353,0.0004273847
cauldron_ln_14310,0.0015607829
mix_UI_ST_5400_432,0.0004273847
mix_UI_ST_5400_481,0.0004273847
cauldron_ln_12651,0.0015671874
cauldron_ln_9528,0.0015502778
cauldron_ln_28369,0.0014990353
mix_UI_ST_5400_381,0.0004273847
mix_SI_UT_5400_413,0.00046801748
cauldron_ln_11962,0.0014586909
cauldron_ln_14987,0.0015676253
cauldron_ln_10926,0.0015511202
mix_UI_ST_5400_491,0.00042750427
cauldron_ln_7384,0.0014673686
mix_UI_ST_5400_1466,0.0004273847
mix_UI_ST_5400_1426,0.0004273847
cauldron_ln_29607,0.0015671874
cauldron_ln_12404,0.0015671874
cauldron_ln_4937,0.001522961
cauldron_ln_10260,0.00151694
mix_SI_UT_5400_526,0.0004273847
cauldron_ln_16527,0.0015701732
mix_UI_ST_5400_662,0.0004273847
mix_SI_UT_5400_437,0.00042757907
mix_SI_UT_5400_106,0.0004273847
cauldron_ln_7890,0.0015426971
mix_SI_UT_5400_1078,0.0004273847
cauldron_ln_11429,0.0014659384
mix_SI_UT_5400_30,0.0004273847
mix_UI_ST_5400_1483,0.0004335705
cauldron_ln_7449,0.0015188067
mix_UI_ST_5400_1140,0.0004273847
cauldron_ln_24003,0.0015192667
cauldron_ln_9540,0.0015265843
cauldron_ln_22660,0.0015237927
cauldron_ln_1774,0.001420681
mix_UI_ST_5400_629,0.0004273847
cauldron_ln_16259,0.0015671874
cauldron_ln_17752,0.0015676253
mix_UI_ST_5400_1073,0.0004273847
mix_UI_ST_5400_735,0.0004273847
mix_UI_ST_5400_1045,0.0004273847
mix_SI_UT_5400_397,0.0004273847
cauldron_ln_14219,0.0015746317
cauldron_ln_2781,0.0014283621
cauldron_ln_22647,0.0015378798
cauldron_ln_27463,0.0014437779
mix_UI_ST_5400_278,0.0004273847
mix_SI_UT_5400_67,0.0004273847
cauldron_ln_19954,0.0014942716
cauldron_ln_14482,0.0015676253
mix_UI_ST_5400_1035,0.0004273847
cauldron_ln_27388,0.001456226
mix_UI_ST_5400_95,0.0004273847
mix_UI_ST_5400_1026,0.0004273847
mix_SI_UT_5400_300,0.0004273847
cauldron_ln_6757,0.0015474808
mix_UI_ST_5400_1169,0.00048676762
mix_SI_UT_5400_635,0.0004273847
mix_SI_UT_5400_478,0.00044020722
cauldron_ln_21010,0.0014671966
cauldron_ln_17103,0.001546357
cauldron_ln_10561,0.0015650213
mix_UI_ST_5400_726,0.0004273847
mix_UI_ST_5400_676,0.0004273847
cauldron_ln_15332,0.0014887736
cauldron_ln_23958,0.0015378798
cauldron_ln_24104,0.0015750718
cauldron_ln_10117,0.0014967795
cauldron_ln_23357,0.0015410843
mix_SI_UT_5400_208,0.00042750427
cauldron_ln_4968,0.0014477692
cauldron_ln_18453,0.0015676253
cauldron_ln_28882,0.0014773062
mix_UI_ST_5400_46,0.0004273847
cauldron_ln_22611,0.0015391492
mix_SI_UT_5400_1336,0.0004273847
cauldron_ln_6047,0.0014689756
cauldron_ln_338,0.0011522383
cauldron_ln_11367,0.0015750718
mix_SI_UT_5400_832,0.00042757907
cauldron_ln_5754,0.0014354857
cauldron_ln_23839,0.0014763098
cauldron_ln_27506,0.0015658723
mix_UI_ST_5400_1243,0.00042757907
mix_UI_ST_5400_76,0.0004273847
mix_SI_UT_5400_269,0.0004273847
cauldron_ln_8533,0.0015518419
mix_SI_UT_5400_1040,0.0004273847
mix_UI_ST_5400_1211,0.0004273847
cauldron_ln_2986,0.0015113343
cauldron_ln_907,0.0011106299
cauldron_ln_19397,0.0015669134
cauldron_ln_27571,0.0014878609
cauldron_ln_14244,0.001536114
mix_SI_UT_5400_486,0.00042750427
cauldron_ln_1145,0.0011002027
cauldron_ln_18444,0.0015075326
cauldron_ln_1887,0.0014406273
mix_SI_UT_5400_400,0.0004273847
mix_UI_ST_5400_347,0.0004273847
mix_UI_ST_5400_807,0.00042757907
cauldron_ln_29526,0.0015162446
mix_UI_ST_5400_1264,0.0004273847
mix_SI_UT_5400_515,0.0004273847
cauldron_ln_16634,0.0015628947
mix_SI_UT_5400_588,0.00042750427
cauldron_ln_11925,0.0014214902
cauldron_ln_28010,0.0014871809
mix_UI_ST_5400_317,0.0004273847
mix_UI_ST_5400_299,0.0004273847
mix_UI_ST_5400_1017,0.0004273847
cauldron_ln_15024,0.0015101008
cauldron_ln_10384,0.0015194019
cauldron_ln_20378,0.0015676253
cauldron_ln_2969,0.0014976655
cauldron_ln_27454,0.0015393983
mix_SI_UT_5400_533,0.0004335705
cauldron_ln_2106,0.0013850782
mix_SI_UT_5400_1140,0.0004273847
mix_SI_UT_5400_58,0.00046135535
mix_SI_UT_5400_880,0.00045777106
mix_SI_UT_5400_166,0.00043414062
cauldron_ln_29932,0.0015676253
mix_SI_UT_5400_315,0.00042748672
cauldron_ln_12775,0.0014965686
mix_SI_UT_5400_1397,0.0004273847
mix_SI_UT_5400_528,0.00045006306
cauldron_ln_23190,0.0015676253
mix_SI_UT_5400_146,0.0004273847
cauldron_ln_27258,0.0014692743
mix_UI_ST_5400_966,0.0004823692
mix_SI_UT_5400_403,0.00042757907
mix_UI_ST_5400_844,0.0004335705
cauldron_ln_5051,0.0015304084
mix_SI_UT_5400_955,0.0004273847
cauldron_ln_10741,0.001515735
cauldron_ln_15949,0.0015676253
cauldron_ln_19319,0.0015664756
cauldron_ln_18427,0.0015664756
mix_UI_ST_5400_487,0.0004273847
cauldron_ln_19269,0.0015644946
cauldron_ln_11550,0.0014323546
cauldron_ln_3692,0.0015270713
cauldron_ln_14785,0.0014960577
mix_UI_ST_5400_822,0.0004273847
cauldron_ln_10913,0.0014698755
cauldron_ln_607,0.0012792667
cauldron_ln_1630,0.0013638131
cauldron_ln_2488,0.00143451
cauldron_ln_15622,0.0014871809
cauldron_ln_22881,0.0014893146
mix_SI_UT_5400_1154,0.00042757907
cauldron_ln_29166,0.0015087583
cauldron_ln_19244,0.0015347968
mix_SI_UT_5400_1352,0.0004273847
cauldron_ln_9689,0.0014167912
cauldron_ln_15068,0.0015465616
cauldron_ln_11868,0.0015052038
mix_SI_UT_5400_61,0.0004273847
cauldron_ln_24541,0.0015671874
mix_SI_UT_5400_362,0.0004273847
cauldron_ln_1728,0.0014051963
mix_SI_UT_5400_1003,0.00042757907
cauldron_ln_21799,0.0015243037
cauldron_ln_8077,0.0014997078
mix_SI_UT_5400_1039,0.0004273847
mix_SI_UT_5400_1073,0.0004273847
cauldron_ln_15986,0.0015188097
cauldron_ln_6543,0.0015002305
cauldron_ln_19956,0.0015412875
cauldron_ln_7175,0.0015504292
cauldron_ln_23407,0.001520819
cauldron_ln_15369,0.0015401432
cauldron_ln_16554,0.0015403779
cauldron_ln_448,0.0011796667
mix_UI_ST_5400_417,0.00043651764
cauldron_ln_22233,0.0015671874
cauldron_ln_26043,0.0014927563
cauldron_ln_16304,0.0015385785
cauldron_ln_14141,0.0015286716
cauldron_ln_23630,0.0015676253
mix_UI_ST_5400_710,0.0004273847
cauldron_ln_8007,0.001536591
mix_UI_ST_5400_590,0.00043790485
mix_SI_UT_5400_410,0.0004273847
cauldron_ln_24925,0.0015671874
cauldron_ln_27190,0.0015739168
mix_UI_ST_5400_1268,0.0004273847
mix_UI_ST_5400_685,0.0004273847
cauldron_ln_1069,0.0010565701
mix_UI_ST_5400_827,0.0004273847
mix_SI_UT_5400_5,0.0004257476
cauldron_ln_27839,0.0015631865
mix_SI_UT_5400_633,0.0004273847
cauldron_ln_14133,0.0015676253
mix_UI_ST_5400_728,0.00042757907
mix_UI_ST_5400_437,0.0004273847
mix_SI_UT_5400_885,0.00042769872
cauldron_ln_4311,0.0015006806
mix_SI_UT_5400_301,0.0004273847
cauldron_ln_12842,0.0015155611
mix_UI_ST_5400_83,0.0004273847
cauldron_ln_11288,0.0015721807
cauldron_ln_27828,0.0014211073
mix_SI_UT_5400_101,0.0004273847
cauldron_ln_16476,0.0015554337
mix_UI_ST_5400_709,0.0004273847
mix_SI_UT_5400_570,0.0004273847
cauldron_ln_19540,0.0015142722
cauldron_ln_17829,0.0015671874
mix_UI_ST_5400_985,0.0004273847
cauldron_ln_2288,0.0014476259
cauldron_ln_18551,0.0015671874
mix_SI_UT_5400_240,0.0004273847
mix_SI_UT_5400_554,0.00043344926
cauldron_ln_26336,0.0015671874
cauldron_ln_8102,0.0014898082
cauldron_ln_8498,0.0015222259
cauldron_ln_16991,0.0015501812
mix_UI_ST_5400_149,0.0004273847
cauldron_ln_22346,0.0015671874
mix_UI_ST_5400_256,0.0004273847
mix_SI_UT_5400_337,0.0004273847
mix_UI_ST_5400_456,0.0004273847
cauldron_ln_26480,0.0015374289
cauldron_ln_29867,0.0015664756
mix_SI_UT_5400_1256,0.0004273847
cauldron_ln_917,0.0011975506
mix_SI_UT_5400_1001,0.0004273847
mix_SI_UT_5400_1141,0.0004273847
cauldron_ln_28787,0.0015447534
cauldron_ln_28349,0.0015006341
mix_UI_ST_5400_753,0.0004273847
mix_SI_UT_5400_1093,0.0004273847
cauldron_ln_21991,0.0014724972
cauldron_ln_22152,0.0015676253
mix_SI_UT_5400_1370,0.0004273847
mix_UI_ST_5400_1039,0.0004273847
mix_UI_ST_5400_240,0.00042757907
mix_SI_UT_5400_767,0.00042757907
mix_UI_ST_5400_1093,0.0004273847
cauldron_ln_9330,0.0015385903
mix_SI_UT_5400_1447,0.0004273847
mix_SI_UT_5400_553,0.0004273847
cauldron_ln_8874,0.0013869862
cauldron_ln_21032,0.0015750718
mix_SI_UT_5400_1072,0.0004273847
cauldron_ln_10366,0.0015717415
mix_SI_UT_5400_497,0.0004273847
mix_SI_UT_5400_59,0.0004273847
cauldron_ln_26771,0.0015330301
mix_SI_UT_5400_738,0.0004273847
cauldron_ln_29306,0.0015347572
cauldron_ln_4556,0.0015270713
cauldron_ln_26578,0.0014457804
mix_SI_UT_5400_485,0.0004273847
cauldron_ln_23109,0.0015627496
mix_SI_UT_5400_1198,0.0004273847
cauldron_ln_7975,0.0015478617
mix_UI_ST_5400_972,0.00042750427
mix_UI_ST_5400_1359,0.0004273847
cauldron_ln_27987,0.001483964
mix_UI_ST_5400_542,0.0004273847
mix_SI_UT_5400_154,0.00042750427
cauldron_ln_22834,0.0015664756
cauldron_ln_24422,0.0015696058
cauldron_ln_13554,0.0015140892
mix_UI_ST_5400_1396,0.0004273847
mix_SI_UT_5400_1412,0.0004273847
mix_SI_UT_5400_123,0.0004273847
cauldron_ln_21902,0.0014864808
mix_SI_UT_5400_1438,0.0004273847
mix_SI_UT_5400_253,0.0004273847
cauldron_ln_4461,0.0014278167
cauldron_ln_8537,0.0015430526
mix_SI_UT_5400_1480,0.00042750427
mix_UI_ST_5400_1403,0.0004273847
cauldron_ln_4837,0.0015343254
mix_UI_ST_5400_1378,0.0004273847
mix_SI_UT_5400_131,0.00042757907
mix_SI_UT_5400_634,0.0004559563
cauldron_ln_18548,0.0015113739
mix_UI_ST_5400_206,0.0004273847
mix_SI_UT_5400_1248,0.0004273847
mix_UI_ST_5400_1242,0.0004273847
mix_SI_UT_5400_113,0.0004273847
cauldron_ln_11500,0.0015739168
cauldron_ln_27731,0.0015669134
cauldron_ln_25656,0.001500865
mix_SI_UT_5400_495,0.0004273847
mix_UI_ST_5400_1076,0.0004273847
mix_SI_UT_5400_1151,0.0004273847
cauldron_ln_2570,0.0014615948
cauldron_ln_21811,0.0015508796
mix_UI_ST_5400_599,0.0004273847
mix_SI_UT_5400_898,0.0004273847
cauldron_ln_11448,0.0014479603
cauldron_ln_23188,0.0015676253
mix_SI_UT_5400_794,0.0004273847
mix_SI_UT_5400_76,0.0004273847
cauldron_ln_7577,0.0014121694
mix_UI_ST_5400_51,0.0004441265
mix_UI_ST_5400_501,0.0004273847
cauldron_ln_4827,0.0015274981
mix_UI_ST_5400_698,0.0004273847
cauldron_ln_5162,0.0015014574
cauldron_ln_23791,0.0015696058
cauldron_ln_15676,0.0015671874
cauldron_ln_22291,0.0015575332
mix_UI_ST_5400_968,0.0004273847
mix_UI_ST_5400_243,0.0004273847
cauldron_ln_19024,0.0015565775
mix_UI_ST_5400_558,0.0004273847
mix_UI_ST_5400_637,0.0004273847
mix_UI_ST_5400_1104,0.0004273847
mix_SI_UT_5400_136,0.00042757907
mix_UI_ST_5400_734,0.0004273847
cauldron_ln_9269,0.0015261577
cauldron_ln_29302,0.0015671874
mix_SI_UT_5400_317,0.0004273847
mix_UI_ST_5400_527,0.00043651764
cauldron_ln_13202,0.0015669134
mix_UI_ST_5400_786,0.0004273847
cauldron_ln_24382,0.0014833566
cauldron_ln_624,0.0011302652
cauldron_ln_17587,0.0015215368
mix_UI_ST_5400_15,0.0004273847
cauldron_ln_11604,0.00155008
mix_UI_ST_5400_399,0.0004273847
mix_SI_UT_5400_389,0.0004273847
mix_SI_UT_5400_812,0.00042769872
mix_UI_ST_5400_697,0.000446536
cauldron_ln_9526,0.0015586406
cauldron_ln_18362,0.0015750718
mix_SI_UT_5400_130,0.00043344926
cauldron_ln_2881,0.0013929317
mix_SI_UT_5400_751,0.0004273847
cauldron_ln_10966,0.0014885474
cauldron_ln_16840,0.0015415063
cauldron_ln_799,0.0012114155
mix_SI_UT_5400_1136,0.00042769872
cauldron_ln_22111,0.0015671874
mix_SI_UT_5400_1066,0.0004273847
cauldron_ln_10806,0.0015213065
cauldron_ln_12532,0.0015676253
mix_UI_ST_5400_41,0.0004273847
cauldron_ln_13616,0.0015676253
mix_UI_ST_5400_897,0.0004273847
mix_UI_ST_5400_1240,0.0004273847
cauldron_ln_19787,0.0015127367
cauldron_ln_23476,0.0014996462
cauldron_ln_22959,0.0015452213
cauldron_ln_14947,0.0015378798
mix_UI_ST_5400_720,0.0004273847
cauldron_ln_25188,0.0015275171
mix_SI_UT_5400_442,0.0004273847
mix_UI_ST_5400_876,0.0004273847
cauldron_ln_11281,0.0015654587
cauldron_ln_5037,0.0014915769
cauldron_ln_28724,0.0015006084
mix_UI_ST_5400_1160,0.0004273847
mix_SI_UT_5400_202,0.00042750427
mix_UI_ST_5400_828,0.0004273847
cauldron_ln_11913,0.0015141389
mix_SI_UT_5400_263,0.0004273847
mix_UI_ST_5400_983,0.00042757907
mix_SI_UT_5400_1368,0.0004273847
mix_UI_ST_5400_1489,0.0004335705
cauldron_ln_12257,0.0015272981
mix_UI_ST_5400_511,0.0004273847
cauldron_ln_21796,0.0015279673
cauldron_ln_25860,0.0015468253
mix_UI_ST_5400_260,0.0004273847
mix_SI_UT_5400_958,0.0004273847
mix_SI_UT_5400_55,0.0004273847
cauldron_ln_23097,0.0015701732
mix_UI_ST_5400_257,0.0004273847
mix_UI_ST_5400_24,0.0004335705
mix_UI_ST_5400_583,0.0004273847
mix_SI_UT_5400_844,0.0004273847
cauldron_ln_27256,0.0015151248
mix_SI_UT_5400_1290,0.0004273847
mix_SI_UT_5400_777,0.00042757907
cauldron_ln_11645,0.0015138505
mix_SI_UT_5400_1160,0.0004273847
cauldron_ln_22026,0.0015256346
cauldron_ln_12080,0.0015243037
mix_UI_ST_5400_1204,0.0004273847
cauldron_ln_25532,0.0015676253
mix_SI_UT_5400_728,0.0004273847
cauldron_ln_11946,0.0014122576
cauldron_ln_144,0.0010879034
mix_UI_ST_5400_598,0.0004273847
mix_UI_ST_5400_1059,0.0004273847
mix_SI_UT_5400_1096,0.0004273847
cauldron_ln_12129,0.0015664756
mix_UI_ST_5400_1219,0.0004273847
cauldron_ln_13278,0.0015671874
mix_SI_UT_5400_1134,0.0004273847
cauldron_ln_23317,0.0015409888
cauldron_ln_1570,0.001420648
cauldron_ln_25425,0.0015360211
mix_UI_ST_5400_245,0.0004273847
cauldron_ln_2561,0.0014540234
cauldron_ln_13287,0.001570612
mix_SI_UT_5400_339,0.0004273847
mix_SI_UT_5400_1187,0.00048805226
mix_UI_ST_5400_1151,0.0004273847
mix_UI_ST_5400_403,0.0004273847
mix_UI_ST_5400_1118,0.0004273847
cauldron_ln_23250,0.0014947221
cauldron_ln_7535,0.0015428109
cauldron_ln_29018,0.0015750718
cauldron_ln_11047,0.001560026
mix_UI_ST_5400_696,0.0004273847
mix_SI_UT_5400_489,0.0004273847
mix_UI_ST_5400_1095,0.0004273847
cauldron_ln_5366,0.0015270713
cauldron_ln_22210,0.0014862417
cauldron_ln_9069,0.001559922
cauldron_ln_14098,0.0014780211
cauldron_ln_22891,0.0015009486
mix_UI_ST_5400_772,0.0004273847
mix_SI_UT_5400_782,0.0004273847
cauldron_ln_18035,0.0015218643
mix_UI_ST_5400_1244,0.00048369964
mix_SI_UT_5400_788,0.00042750427
cauldron_ln_14972,0.0014642014
cauldron_ln_27687,0.0015392115
cauldron_ln_13102,0.0015083281
cauldron_ln_26066,0.0015671874
mix_UI_ST_5400_885,0.0004273847
cauldron_ln_27591,0.0015001891
cauldron_ln_29575,0.0013669352
mix_SI_UT_5400_580,0.0004273847
cauldron_ln_679,0.0010630651
mix_SI_UT_5400_643,0.0004273847
mix_SI_UT_5400_168,0.00042769872
cauldron_ln_23468,0.0015739168
cauldron_ln_3944,0.0015228884
cauldron_ln_813,0.0010879034
mix_SI_UT_5400_730,0.00042769872
mix_UI_ST_5400_749,0.00044029282
mix_UI_ST_5400_156,0.00042750427
cauldron_ln_21960,0.0013822096
cauldron_ln_577,0.0011106299
cauldron_ln_1416,0.0011003058
cauldron_ln_5242,0.001466006
mix_UI_ST_5400_167,0.00042750427
cauldron_ln_4181,0.0015339947
mix_SI_UT_5400_1305,0.0004273847
mix_UI_ST_5400_854,0.0004273847
cauldron_ln_2751,0.0014546841
cauldron_ln_23293,0.001553267
mix_SI_UT_5400_1366,0.0004273847
cauldron_ln_3838,0.0015270713
cauldron_ln_16178,0.0015141389
cauldron_ln_100,0.0011867146
cauldron_ln_13803,0.0015203471
mix_SI_UT_5400_278,0.0004273847
cauldron_ln_10579,0.0014870011
mix_UI_ST_5400_66,0.00042769872
cauldron_ln_17426,0.0015746317
mix_UI_ST_5400_1090,0.00043524994
cauldron_ln_13716,0.0015247733
cauldron_ln_15463,0.0015090513
mix_SI_UT_5400_304,0.0004353717
mix_UI_ST_5400_217,0.0004273847
mix_SI_UT_5400_524,0.0004273847
cauldron_ln_21604,0.0015669134
mix_SI_UT_5400_1404,0.0004273847
cauldron_ln_1517,0.0014402247
mix_SI_UT_5400_1359,0.0004273847
mix_SI_UT_5400_804,0.0004273847
cauldron_ln_6262,0.0015302197
cauldron_ln_27879,0.0014987127
mix_SI_UT_5400_865,0.0004273847
mix_SI_UT_5400_868,0.0005076707
mix_SI_UT_5400_606,0.0004273847
mix_UI_ST_5400_1273,0.0004273847
mix_UI_ST_5400_825,0.0004273847
mix_SI_UT_5400_370,0.00042757907
mix_SI_UT_5400_1280,0.0004273847
mix_SI_UT_5400_713,0.0004273847
mix_UI_ST_5400_911,0.0004273847
cauldron_ln_9162,0.0014588486
cauldron_ln_7894,0.001529758
mix_UI_ST_5400_1196,0.00042757907
cauldron_ln_13609,0.0014760358
mix_SI_UT_5400_770,0.0004273847
cauldron_ln_17824,0.0014499933
cauldron_ln_4,0.0009791277
cauldron_ln_7184,0.0014799167
cauldron_ln_12131,0.001400459
cauldron_ln_22906,0.0015676253
cauldron_ln_14765,0.0015385785
cauldron_ln_10161,0.001479337
cauldron_ln_10400,0.0015031777
cauldron_ln_5688,0.0015214811
cauldron_ln_24335,0.0015746317
mix_UI_ST_5400_1279,0.0004273847
cauldron_ln_10067,0.0014340038
mix_SI_UT_5400_358,0.0004273847
mix_UI_ST_5400_1290,0.00042750427
cauldron_ln_22606,0.0014923441
cauldron_ln_8034,0.001506287
mix_SI_UT_5400_246,0.00042750427
cauldron_ln_11716,0.0015040998
cauldron_ln_26040,0.0015411158
cauldron_ln_26,0.0010948912
mix_SI_UT_5400_670,0.0004441265
mix_UI_ST_5400_473,0.0004273847
mix_UI_ST_5400_255,0.000453964
mix_UI_ST_5400_326,0.0004273847
cauldron_ln_27750,0.0014421502
cauldron_ln_5561,0.0014991937
cauldron_ln_8660,0.0015175549
mix_SI_UT_5400_859,0.00042750427
cauldron_ln_23350,0.0015370102
cauldron_ln_3842,0.0015224629
cauldron_ln_6538,0.0015060469
mix_SI_UT_5400_1217,0.0004273847
mix_UI_ST_5400_465,0.00042750427
mix_SI_UT_5400_907,0.0004273847
cauldron_ln_24976,0.0015016168
cauldron_ln_1858,0.0014424475
cauldron_ln_23568,0.0014964531
cauldron_ln_17953,0.0015103496
mix_SI_UT_5400_8,0.00045689743
cauldron_ln_28947,0.0015329235
mix_SI_UT_5400_1421,0.0004273847
mix_SI_UT_5400_35,0.0004273847
cauldron_ln_2613,0.001416483
mix_UI_ST_5400_88,0.00043426213
mix_UI_ST_5400_73,0.0004273847
mix_UI_ST_5400_1370,0.0004273847
mix_UI_ST_5400_196,0.00043414062
mix_UI_ST_5400_408,0.00044550328
mix_UI_ST_5400_651,0.0004273847
cauldron_ln_20260,0.0015597808
cauldron_ln_111,0.001241403
cauldron_ln_20513,0.0015627496
cauldron_ln_3969,0.001469387
cauldron_ln_11963,0.001557098
cauldron_ln_12732,0.0013799138
mix_SI_UT_5400_1281,0.00043364638
cauldron_ln_22788,0.0015525616
cauldron_ln_11793,0.0015378798
cauldron_ln_27061,0.00155768
cauldron_ln_3418,0.001517807
cauldron_ln_4130,0.001518091
mix_SI_UT_5400_700,0.0004273847
mix_SI_UT_5400_184,0.0004273847
mix_SI_UT_5400_1257,0.0004273847
cauldron_ln_14787,0.0014008244
mix_UI_ST_5400_528,0.0004273847
mix_UI_ST_5400_905,0.00042757907
mix_SI_UT_5400_925,0.00042750427
cauldron_ln_707,0.0010685928
mix_SI_UT_5400_473,0.00042750427
mix_SI_UT_5400_72,0.00044388036
cauldron_ln_28407,0.0015335236
mix_UI_ST_5400_634,0.0004273847
cauldron_ln_26101,0.0015510375
mix_SI_UT_5400_1348,0.0004273847
mix_SI_UT_5400_592,0.00042750427
cauldron_ln_22926,0.001533095
cauldron_ln_1577,0.0014402247
cauldron_ln_3840,0.001498445
cauldron_ln_10875,0.0015673724
mix_UI_ST_5400_1493,0.00042750427
cauldron_ln_9804,0.001559469
cauldron_ln_18037,0.0015187641
cauldron_ln_8844,0.0015514082
cauldron_ln_9144,0.0015081299
mix_UI_ST_5400_234,0.0004273847
mix_SI_UT_5400_531,0.0004273847
mix_SI_UT_5400_416,0.00042750427
mix_SI_UT_5400_1185,0.0004273847
mix_UI_ST_5400_304,0.00043651764
mix_UI_ST_5400_1020,0.00042757907
cauldron_ln_21999,0.0014286749
mix_UI_ST_5400_272,0.0004273847
mix_UI_ST_5400_139,0.0004273847
cauldron_ln_16553,0.0015750718
mix_SI_UT_5400_764,0.00045006306
mix_SI_UT_5400_547,0.0004273847
mix_UI_ST_5400_1184,0.0004273847
mix_UI_ST_5400_1381,0.00042757907
mix_UI_ST_5400_1322,0.0004273847
mix_SI_UT_5400_1041,0.00042750427
mix_SI_UT_5400_200,0.0004273847
cauldron_ln_17601,0.0015676253
cauldron_ln_28140,0.0015207119
cauldron_ln_11792,0.0014866302
cauldron_ln_24762,0.0015378798
cauldron_ln_6564,0.0015433994
mix_UI_ST_5400_1349,0.00043778238
mix_SI_UT_5400_831,0.0004273847
cauldron_ln_24831,0.0015671874
cauldron_ln_11818,0.0015075677
mix_UI_ST_5400_1136,0.0004273847
mix_UI_ST_5400_1087,0.0004273847
cauldron_ln_23301,0.0015607829
cauldron_ln_4432,0.0015214811
mix_SI_UT_5400_1022,0.00042757907
mix_UI_ST_5400_209,0.0004576504
cauldron_ln_14925,0.0015393456
cauldron_ln_14670,0.001484511
cauldron_ln_29994,0.0015664756
mix_UI_ST_5400_1137,0.00042757907
cauldron_ln_22708,0.0015404064
cauldron_ln_17068,0.0015739168
mix_SI_UT_5400_376,0.0004273847
mix_UI_ST_5400_1161,0.00047318428
cauldron_ln_21019,0.0015452213
mix_SI_UT_5400_818,0.0004273847
cauldron_ln_10761,0.0014797822
cauldron_ln_21311,0.00156988
mix_UI_ST_5400_261,0.0004273847
cauldron_ln_19211,0.0013796417
cauldron_ln_18887,0.0015384855
mix_UI_ST_5400_115,0.0004273847
mix_UI_ST_5400_1144,0.0004273847
cauldron_ln_28447,0.0015676253
cauldron_ln_10020,0.0015467237
mix_SI_UT_5400_1382,0.0004273847
cauldron_ln_4115,0.0014650563
cauldron_ln_22528,0.0015676253
mix_UI_ST_5400_259,0.00046326022
mix_UI_ST_5400_1475,0.0004273847
mix_UI_ST_5400_686,0.0004273847
mix_UI_ST_5400_1267,0.0004273847
mix_UI_ST_5400_1337,0.0004273847
cauldron_ln_18384,0.001526178
mix_SI_UT_5400_395,0.0004273847
cauldron_ln_12872,0.0015325922
cauldron_ln_12801,0.0015040998
mix_UI_ST_5400_495,0.0004273847
mix_SI_UT_5400_1063,0.0004273847
mix_UI_ST_5400_1441,0.0004273847
cauldron_ln_9897,0.0015558337
cauldron_ln_6637,0.0013974506
cauldron_ln_17975,0.0015750718
mix_SI_UT_5400_1000,0.0004273847
mix_SI_UT_5400_314,0.00044375617
cauldron_ln_28730,0.0015664756
mix_SI_UT_5400_1418,0.0004273847
cauldron_ln_14328,0.0015172254
cauldron_ln_9377,0.0015517053
mix_SI_UT_5400_177,0.0004273847
mix_SI_UT_5400_775,0.0004273847
mix_UI_ST_5400_931,0.0004273847
cauldron_ln_24695,0.0014358485
cauldron_ln_27146,0.0015664756
mix_SI_UT_5400_229,0.0004273847
cauldron_ln_3454,0.0015270713
mix_UI_ST_5400_117,0.00042750427
mix_UI_ST_5400_264,0.0004273847
mix_UI_ST_5400_699,0.0004273847
cauldron_ln_7279,0.0015548319
cauldron_ln_3634,0.001468456
mix_SI_UT_5400_355,0.0004273847
mix_SI_UT_5400_1456,0.0004273847
cauldron_ln_1775,0.0013664556
mix_UI_ST_5400_574,0.00042750427
mix_SI_UT_5400_1375,0.0004273847
cauldron_ln_15192,0.0015671874
mix_SI_UT_5400_957,0.0004273847
mix_UI_ST_5400_1097,0.0004273847
cauldron_ln_19944,0.001557098
mix_SI_UT_5400_642,0.0004273847
cauldron_ln_24871,0.0014868241
cauldron_ln_17845,0.0015669134
mix_UI_ST_5400_1200,0.0004273847
mix_UI_ST_5400_1042,0.00042750427
cauldron_ln_14225,0.0014821381
mix_SI_UT_5400_46,0.00042750427
mix_SI_UT_5400_816,0.0004273847
cauldron_ln_7242,0.001518117
mix_UI_ST_5400_576,0.00044029282
cauldron_ln_23682,0.001570612
cauldron_ln_282,0.0012134521
mix_UI_ST_5400_1298,0.0004273847
mix_UI_ST_5400_951,0.0004273847
cauldron_ln_27680,0.001511307
cauldron_ln_9697,0.0015590332
cauldron_ln_4974,0.0014640411
cauldron_ln_10928,0.0015129622
mix_UI_ST_5400_852,0.0004273847
cauldron_ln_19496,0.0015138505
cauldron_ln_21270,0.00154769
mix_SI_UT_5400_881,0.00042757907
cauldron_ln_11513,0.0015218136
cauldron_ln_4536,0.0014781407
cauldron_ln_267,0.0010874092
cauldron_ln_15229,0.0014750332
mix_UI_ST_5400_1088,0.0004273847
cauldron_ln_20409,0.0014279493
cauldron_ln_24241,0.0015671874
mix_UI_ST_5400_173,0.0004273847
cauldron_ln_2865,0.0013391816
cauldron_ln_21754,0.0015739168
mix_SI_UT_5400_1094,0.0004273847
cauldron_ln_29473,0.001558407
cauldron_ln_12952,0.0015614503
mix_SI_UT_5400_1057,0.0004273847
mix_SI_UT_5400_842,0.0004273847
mix_SI_UT_5400_199,0.00043426213
mix_SI_UT_5400_947,0.0004273847
cauldron_ln_10261,0.0015092425
cauldron_ln_21853,0.0015451853
mix_UI_ST_5400_479,0.00048043713
mix_SI_UT_5400_1484,0.0004273847
cauldron_ln_24500,0.0015632608
cauldron_ln_22470,0.0015739168
mix_SI_UT_5400_494,0.0004273847
cauldron_ln_8989,0.0015521131
mix_SI_UT_5400_285,0.0004273847
cauldron_ln_22366,0.0014720255
cauldron_ln_23547,0.0014556777
cauldron_ln_12077,0.0014256488
cauldron_ln_18287,0.0015365807
mix_SI_UT_5400_79,0.00042750427
mix_SI_UT_5400_1274,0.00044388036
mix_UI_ST_5400_135,0.0004273847
mix_SI_UT_5400_4,0.0004257476
mix_UI_ST_5400_313,0.0004273847
cauldron_ln_28239,0.0015650793
cauldron_ln_22435,0.0015671874
cauldron_ln_23955,0.0015091305
mix_UI_ST_5400_358,0.0004273847
cauldron_ln_15158,0.0015378798
cauldron_ln_28153,0.0015526993
mix_UI_ST_5400_1306,0.0004273847
cauldron_ln_27377,0.001477613
mix_UI_ST_5400_1127,0.0004273847
cauldron_ln_22043,0.0015671874
cauldron_ln_8148,0.0015426971
cauldron_ln_28423,0.0014650298
cauldron_ln_24261,0.0015671874
cauldron_ln_16295,0.0014805673
mix_SI_UT_5400_518,0.00042757907
mix_UI_ST_5400_169,0.0004273847
cauldron_ln_28681,0.0014986556
cauldron_ln_29551,0.0015572847
cauldron_ln_9613,0.0014381845
cauldron_ln_28425,0.0014897308
cauldron_ln_27791,0.0015676253
mix_UI_ST_5400_664,0.0004273847
mix_SI_UT_5400_237,0.0004273847
cauldron_ln_1061,0.0012621424
mix_SI_UT_5400_922,0.0004273847
mix_SI_UT_5400_599,0.0004273847
cauldron_ln_16365,0.0014110544
cauldron_ln_12138,0.0014229639
mix_SI_UT_5400_211,0.0004273847
cauldron_ln_15360,0.0015555797
mix_SI_UT_5400_961,0.0004273847
cauldron_ln_26558,0.0015385785
mix_SI_UT_5400_1319,0.0004273847
mix_UI_ST_5400_166,0.0004273847
mix_UI_ST_5400_1055,0.0004273847
mix_UI_ST_5400_759,0.0004273847
cauldron_ln_15915,0.0015676253
mix_SI_UT_5400_1182,0.0004273847
cauldron_ln_19229,0.0015750718
cauldron_ln_13509,0.0015750718
cauldron_ln_14078,0.0015676253
cauldron_ln_21191,0.0015540473
cauldron_ln_16830,0.0014054526
cauldron_ln_2993,0.001469475
mix_UI_ST_5400_1296,0.0004273847
cauldron_ln_18156,0.0015378798
cauldron_ln_9290,0.0015208668
cauldron_ln_13313,0.0014957044
cauldron_ln_16479,0.0015669134
cauldron_ln_24995,0.001506178
cauldron_ln_16468,0.0015369831
mix_UI_ST_5400_952,0.0004273847
mix_SI_UT_5400_974,0.00042757907
mix_UI_ST_5400_323,0.0004273847
mix_SI_UT_5400_386,0.0004273847
cauldron_ln_27476,0.0014641666
cauldron_ln_25385,0.0015671874
cauldron_ln_29764,0.0014859013
cauldron_ln_19917,0.0015142722
cauldron_ln_27383,0.0015671874
cauldron_ln_8051,0.0015521131
cauldron_ln_26037,0.0015199273
mix_UI_ST_5400_1081,0.00043414062
cauldron_ln_13295,0.0015676253
cauldron_ln_19275,0.0014654582
cauldron_ln_19672,0.0015515042
cauldron_ln_15785,0.0015671874
cauldron_ln_25528,0.0015671874
cauldron_ln_12592,0.0015676253
cauldron_ln_1072,0.0010886597
cauldron_ln_18180,0.001564642
mix_UI_ST_5400_422,0.00043524994
cauldron_ln_16366,0.0015126611
mix_SI_UT_5400_704,0.0004273847
cauldron_ln_26356,0.0014951726
mix_SI_UT_5400_1258,0.0004273847
cauldron_ln_5220,0.0015336288
mix_SI_UT_5400_32,0.00042750427
mix_SI_UT_5400_1278,0.0004273847
cauldron_ln_12273,0.0015476503
mix_UI_ST_5400_1109,0.0004273847
mix_SI_UT_5400_341,0.0004273847
cauldron_ln_19988,0.0013779859
cauldron_ln_22714,0.0015095545
cauldron_ln_5466,0.0015343254
mix_UI_ST_5400_997,0.0004273847
cauldron_ln_7087,0.0014533811
cauldron_ln_27022,0.0015676253
cauldron_ln_22263,0.0015274712
mix_UI_ST_5400_174,0.0004273847
mix_SI_UT_5400_1459,0.0004273847
cauldron_ln_17682,0.0015169798
mix_UI_ST_5400_523,0.00042750427
cauldron_ln_23193,0.0015750718
mix_SI_UT_5400_356,0.00042757907
cauldron_ln_17012,0.00156946
mix_UI_ST_5400_151,0.0004273847
cauldron_ln_23472,0.0015631865
mix_UI_ST_5400_906,0.0004273847
mix_SI_UT_5400_589,0.0004273847
cauldron_ln_14928,0.0015671874
mix_UI_ST_5400_559,0.0004273847
mix_UI_ST_5400_1178,0.00042750427
mix_SI_UT_5400_381,0.0004273847
mix_SI_UT_5400_15,0.0004273847
mix_UI_ST_5400_1336,0.0004273847
cauldron_ln_18212,0.0015676253
cauldron_ln_9393,0.0015272778
mix_UI_ST_5400_1366,0.0004273847
cauldron_ln_24724,0.0015701732
mix_UI_ST_5400_153,0.00044036988
mix_SI_UT_5400_244,0.000458574
mix_UI_ST_5400_1182,0.0004273847
cauldron_ln_29642,0.0015000469
mix_SI_UT_5400_1236,0.0004273847
cauldron_ln_17094,0.0015617484
mix_UI_ST_5400_769,0.0004273847
mix_SI_UT_5400_759,0.0004273847
mix_UI_ST_5400_963,0.00043344926
mix_UI_ST_5400_486,0.0004273847
mix_SI_UT_5400_1498,0.0005504072
mix_UI_ST_5400_941,0.0004273847
mix_UI_ST_5400_273,0.0004273847
cauldron_ln_1134,0.0010874092
cauldron_ln_17818,0.0015671874
cauldron_ln_8160,0.001558778
mix_UI_ST_5400_379,0.0004273847
mix_SI_UT_5400_971,0.0004273847
cauldron_ln_19128,0.0015628947
cauldron_ln_28319,0.0015143827
cauldron_ln_25271,0.0015456975
mix_SI_UT_5400_912,0.00042757907
mix_SI_UT_5400_663,0.0004273847
cauldron_ln_14414,0.0015335309
mix_SI_UT_5400_946,0.0004273847
cauldron_ln_8837,0.0015221715
cauldron_ln_15060,0.0014362261
mix_UI_ST_5400_1451,0.0004273847
cauldron_ln_7024,0.0014869204
cauldron_ln_12838,0.0014762726
cauldron_ln_27913,0.0015671874
cauldron_ln_6826,0.0015470483
cauldron_ln_1377,0.001102547
mix_UI_ST_5400_1320,0.0004273847
cauldron_ln_17505,0.0015671874
mix_UI_ST_5400_242,0.0004273847
cauldron_ln_10498,0.0015604174
mix_UI_ST_5400_917,0.0004273847
mix_UI_ST_5400_8,0.0004259412
cauldron_ln_12260,0.0014594849
cauldron_ln_29081,0.0015676253
cauldron_ln_18880,0.0015191091
cauldron_ln_24910,0.0014310994
mix_SI_UT_5400_819,0.0004273847
mix_SI_UT_5400_197,0.0004273847
mix_SI_UT_5400_441,0.00045359478
mix_SI_UT_5400_365,0.0004273847
mix_SI_UT_5400_1460,0.00043414062
cauldron_ln_21085,0.0015408443
cauldron_ln_18882,0.0015671874
mix_SI_UT_5400_883,0.0004273847
cauldron_ln_26626,0.001555145
mix_UI_ST_5400_1354,0.0004273847
mix_UI_ST_5400_639,0.00044166006
cauldron_ln_19329,0.001553267
mix_SI_UT_5400_272,0.0004273847
mix_UI_ST_5400_1301,0.00042769872
mix_SI_UT_5400_345,0.0004273847
cauldron_ln_27328,0.0015739168
cauldron_ln_760,0.0010874092
cauldron_ln_18194,0.0015676253
cauldron_ln_4923,0.001435809
cauldron_ln_19815,0.0015746317
mix_UI_ST_5400_6,0.0004257476
mix_UI_ST_5400_1107,0.0004273847
mix_UI_ST_5400_767,0.0004273847
mix_UI_ST_5400_707,0.00043651764
mix_SI_UT_5400_1440,0.0004273847
cauldron_ln_22592,0.0015746317
mix_SI_UT_5400_1153,0.0004273847
mix_UI_ST_5400_1467,0.0004273847
cauldron_ln_6244,0.0014763956
cauldron_ln_952,0.0010262791
mix_UI_ST_5400_853,0.0004273847
cauldron_ln_3367,0.0015274981
cauldron_ln_7909,0.001552547
mix_UI_ST_5400_418,0.00047343242
cauldron_ln_104,0.0011242443
mix_SI_UT_5400_690,0.00042750427
mix_SI_UT_5400_1411,0.00043790485
cauldron_ln_21039,0.0015114106
cauldron_ln_19441,0.0015676253
mix_UI_ST_5400_126,0.0004273847
mix_UI_ST_5400_630,0.0004273847
cauldron_ln_12871,0.0015160707
mix_SI_UT_5400_996,0.0004273847
cauldron_ln_24918,0.0015627496
mix_UI_ST_5400_237,0.0004273847
mix_UI_ST_5400_25,0.0004273847
mix_SI_UT_5400_766,0.00042769872
cauldron_ln_2236,0.0014424463
mix_UI_ST_5400_469,0.0004273847
cauldron_ln_4330,0.0014034183
mix_SI_UT_5400_1062,0.0004273847
cauldron_ln_15047,0.0014799915
mix_SI_UT_5400_913,0.00042750427
mix_SI_UT_5400_1365,0.0004273847
cauldron_ln_7687,0.0014924527
mix_UI_ST_5400_1116,0.0004273847
cauldron_ln_28037,0.0015582525
cauldron_ln_24513,0.0014727475
cauldron_ln_17520,0.0015046849
mix_SI_UT_5400_1355,0.0004273847
cauldron_ln_20164,0.0015676253
cauldron_ln_18029,0.001521505
mix_SI_UT_5400_302,0.0004273847
cauldron_ln_15831,0.0015343409
mix_SI_UT_5400_293,0.0004273847
cauldron_ln_22601,0.0015694668
cauldron_ln_11875,0.0015676253
mix_SI_UT_5400_306,0.0004273847
mix_UI_ST_5400_1492,0.0004273847
mix_UI_ST_5400_904,0.0004273847
cauldron_ln_17733,0.0015168014
cauldron_ln_5667,0.0015274981
cauldron_ln_11601,0.0015671874
cauldron_ln_2360,0.001444914
mix_SI_UT_5400_1403,0.00042750427
mix_UI_ST_5400_600,0.00042769872
cauldron_ln_9932,0.0015657279
mix_UI_ST_5400_104,0.0004273847
cauldron_ln_713,0.0011752992
cauldron_ln_18329,0.00156204
mix_UI_ST_5400_565,0.0004273847
cauldron_ln_2667,0.001460931
cauldron_ln_17716,0.001562185
mix_UI_ST_5400_878,0.0004273847
cauldron_ln_9780,0.0015507755
mix_SI_UT_5400_1074,0.0004273847
cauldron_ln_17007,0.0015676253
mix_SI_UT_5400_521,0.0004273847
mix_SI_UT_5400_322,0.0004273847
mix_SI_UT_5400_988,0.0004273847
mix_SI_UT_5400_864,0.0004273847
cauldron_ln_21908,0.0015676253
cauldron_ln_17746,0.0015628947
mix_UI_ST_5400_497,0.00042750427
mix_UI_ST_5400_287,0.0004273847
mix_SI_UT_5400_1080,0.0004273847
cauldron_ln_1913,0.0014402247
cauldron_ln_4288,0.001523444
mix_SI_UT_5400_192,0.0004273847
cauldron_ln_19235,0.0015573262
cauldron_ln_1322,0.001095054
mix_SI_UT_5400_959,0.0004273847
mix_SI_UT_5400_507,0.0004273847
cauldron_ln_532,0.0012309297
cauldron_ln_10236,0.0015650213
mix_SI_UT_5400_461,0.0004273847
cauldron_ln_16031,0.0015627496
cauldron_ln_27268,0.0015631865
cauldron_ln_5530,0.0015270713
cauldron_ln_13757,0.0014820844
mix_UI_ST_5400_354,0.0004273847
mix_UI_ST_5400_1348,0.00042750427
mix_UI_ST_5400_510,0.0004273847
mix_UI_ST_5400_178,0.0004273847
mix_UI_ST_5400_492,0.00045865422
mix_UI_ST_5400_89,0.00042757907
cauldron_ln_28265,0.0015451853
cauldron_ln_29227,0.0013084823
cauldron_ln_21442,0.0015451853
cauldron_ln_5510,0.0015304084
cauldron_ln_2423,0.0014536171
mix_UI_ST_5400_27,0.0004273847
cauldron_ln_17678,0.0015138505
mix_UI_ST_5400_1486,0.0004273847
mix_UI_ST_5400_1164,0.0004273847
mix_SI_UT_5400_14,0.00042757907
cauldron_ln_12076,0.00155768
cauldron_ln_24508,0.001423832
mix_UI_ST_5400_895,0.0004273847
cauldron_ln_28687,0.001557098
cauldron_ln_18429,0.001553267
mix_SI_UT_5400_548,0.00042757907
cauldron_ln_7694,0.0015501399
mix_UI_ST_5400_546,0.0004273847
cauldron_ln_1443,0.001185958
mix_SI_UT_5400_85,0.0004273847
mix_UI_ST_5400_328,0.0004273847
mix_UI_ST_5400_396,0.00042750427
cauldron_ln_25899,0.0015314245
mix_SI_UT_5400_243,0.0004918473
cauldron_ln_6814,0.0015264838
mix_UI_ST_5400_1371,0.0004273847
cauldron_ln_22561,0.0012947527
mix_UI_ST_5400_526,0.0004273847
mix_UI_ST_5400_953,0.0004273847
cauldron_ln_9047,0.0014850101
cauldron_ln_1851,0.0014470669
cauldron_ln_10148,0.001523238
mix_SI_UT_5400_1163,0.0004273847
mix_SI_UT_5400_1222,0.00044020722
mix_SI_UT_5400_791,0.0004273847
mix_UI_ST_5400_1068,0.00042750427
mix_SI_UT_5400_1117,0.0004273847
mix_SI_UT_5400_797,0.0004273847
mix_UI_ST_5400_1284,0.0004273847
cauldron_ln_7231,0.0015467781
mix_SI_UT_5400_686,0.0004335705
mix_UI_ST_5400_131,0.0004273847
mix_UI_ST_5400_1304,0.00042757907
mix_UI_ST_5400_205,0.0004273847
cauldron_ln_20637,0.001518511
mix_SI_UT_5400_1331,0.00042750427
cauldron_ln_7840,0.0015183483
cauldron_ln_15445,0.0014859162
cauldron_ln_23019,0.0015671874
mix_UI_ST_5400_1415,0.00042757907
mix_UI_ST_5400_218,0.0004273847
cauldron_ln_12201,0.00155768
mix_SI_UT_5400_221,0.0004273847
cauldron_ln_22418,0.0015671874
mix_UI_ST_5400_607,0.0004273847
mix_UI_ST_5400_228,0.0004273847
mix_SI_UT_5400_405,0.0004273847
mix_UI_ST_5400_882,0.0004273847
cauldron_ln_12261,0.0015676253
mix_SI_UT_5400_181,0.0004273847
mix_UI_ST_5400_222,0.00042750427
cauldron_ln_20062,0.0015113315
cauldron_ln_6613,0.0014772584
mix_SI_UT_5400_1216,0.0004273847
cauldron_ln_25459,0.001544233
mix_UI_ST_5400_96,0.0004273847
mix_SI_UT_5400_424,0.00042769872
mix_UI_ST_5400_703,0.00042757907
cauldron_ln_17686,0.0015750718
cauldron_ln_14762,0.0015083144
mix_UI_ST_5400_1207,0.00042750427
mix_UI_ST_5400_444,0.0004273847
cauldron_ln_22081,0.0015664756
mix_UI_ST_5400_937,0.0004273847
cauldron_ln_6114,0.00147595
cauldron_ln_20165,0.0014586555
mix_SI_UT_5400_87,0.0004273847
cauldron_ln_12084,0.0015138505
cauldron_ln_29534,0.0015743566
cauldron_ln_12057,0.0015259899
mix_SI_UT_5400_1175,0.0004273847
mix_SI_UT_5400_1318,0.0004273847
mix_SI_UT_5400_330,0.0004273847
cauldron_ln_28234,0.0015664756
mix_SI_UT_5400_664,0.0004273847
mix_SI_UT_5400_893,0.0004273847
mix_UI_ST_5400_808,0.00044258134
cauldron_ln_18590,0.0014590374
mix_UI_ST_5400_37,0.00042769872
cauldron_ln_14287,0.0015266046
mix_SI_UT_5400_1497,0.0005619692
cauldron_ln_14646,0.0015625324
mix_UI_ST_5400_312,0.0004273847
mix_UI_ST_5400_58,0.0004550278
cauldron_ln_15106,0.0015077674
cauldron_ln_28937,0.0014799119
cauldron_ln_9068,0.001552547
mix_SI_UT_5400_1311,0.0004273847
cauldron_ln_11543,0.0015314245
cauldron_ln_10436,0.0015265588
mix_UI_ST_5400_154,0.0004273847
mix_UI_ST_5400_996,0.0004273847
cauldron_ln_5399,0.0015174219
mix_SI_UT_5400_714,0.0004273847
cauldron_ln_17677,0.0015676253
mix_UI_ST_5400_1206,0.0004273847
cauldron_ln_17744,0.0014548723
mix_UI_ST_5400_361,0.0004715048
mix_UI_ST_5400_1232,0.0004273847
cauldron_ln_4159,0.0015274981
mix_SI_UT_5400_1379,0.00044819232
mix_SI_UT_5400_122,0.0004273847
mix_UI_ST_5400_1094,0.0004273847
mix_UI_ST_5400_1157,0.0004273847
mix_SI_UT_5400_618,0.00046657378
cauldron_ln_8745,0.001540903
cauldron_ln_17018,0.001502515
cauldron_ln_12142,0.0013338297
mix_UI_ST_5400_936,0.0004273847
mix_UI_ST_5400_971,0.0004273847
mix_UI_ST_5400_223,0.00042757907
cauldron_ln_22955,0.0015676253
mix_UI_ST_5400_567,0.00042750427
mix_UI_ST_5400_85,0.0004273847
cauldron_ln_3120,0.0015216455
mix_SI_UT_5400_1214,0.0004273847
cauldron_ln_4493,0.0015217715
cauldron_ln_2793,0.0014184909
cauldron_ln_22121,0.0015002056
mix_UI_ST_5400_348,0.0004273847
cauldron_ln_17747,0.0015451853
cauldron_ln_730,0.0010841262
mix_UI_ST_5400_1487,0.0004273847
cauldron_ln_29277,0.0014972064
mix_SI_UT_5400_876,0.0004273847
mix_UI_ST_5400_488,0.0004273847
cauldron_ln_18272,0.0014755777
cauldron_ln_9694,0.0015224484
cauldron_ln_13224,0.0015654415
cauldron_ln_23804,0.0015099634
cauldron_ln_10404,0.001550833
cauldron_ln_21419,0.0015451853
mix_SI_UT_5400_1377,0.0004273847
mix_UI_ST_5400_838,0.0004273847
mix_UI_ST_5400_818,0.0004273847
cauldron_ln_23068,0.0015682972
cauldron_ln_26121,0.001525089
mix_SI_UT_5400_261,0.0004273847
cauldron_ln_22032,0.0015750718
cauldron_ln_13097,0.0015746317
cauldron_ln_9075,0.0015383265
mix_UI_ST_5400_122,0.0004273847
mix_SI_UT_5400_660,0.00042750427
cauldron_ln_4488,0.0014998106
cauldron_ln_15005,0.0014435977
cauldron_ln_13020,0.0015097413
cauldron_ln_23208,0.0015375292
cauldron_ln_19173,0.0015691672
mix_SI_UT_5400_1277,0.0004273847
cauldron_ln_20865,0.0013502925
mix_SI_UT_5400_707,0.0004273847
mix_SI_UT_5400_722,0.0004273847
mix_SI_UT_5400_595,0.0004273847
mix_SI_UT_5400_1283,0.0004273847
cauldron_ln_15404,0.00156204
mix_UI_ST_5400_1346,0.0004273847
cauldron_ln_24589,0.0015671874
cauldron_ln_3273,0.0014898507
cauldron_ln_21894,0.0015664756
mix_SI_UT_5400_698,0.0004273847
cauldron_ln_1926,0.0013657153
mix_SI_UT_5400_1137,0.0004273847
mix_SI_UT_5400_562,0.0004273847
cauldron_ln_8737,0.0015521131
cauldron_ln_23765,0.0014874218
cauldron_ln_15423,0.0015443579
mix_UI_ST_5400_463,0.0004273847
cauldron_ln_9152,0.0014587423
cauldron_ln_25713,0.0015671874
mix_UI_ST_5400_1340,0.0004273847
mix_SI_UT_5400_1046,0.0004273847
cauldron_ln_29737,0.0015582466
cauldron_ln_19616,0.0014988789
mix_UI_ST_5400_401,0.0004273847
cauldron_ln_29855,0.0015750718
mix_UI_ST_5400_293,0.00042750427
mix_UI_ST_5400_152,0.00042750427
cauldron_ln_4566,0.0014171873
cauldron_ln_26149,0.0014648861
cauldron_ln_3121,0.0014871102
mix_UI_ST_5400_467,0.0004273847
cauldron_ln_783,0.0010066072
mix_SI_UT_5400_908,0.0004273847
mix_UI_ST_5400_1122,0.0004273847
mix_SI_UT_5400_1303,0.00042750427
cauldron_ln_8140,0.0015543641
mix_SI_UT_5400_1239,0.0004273847
cauldron_ln_16842,0.0015362663
cauldron_ln_8211,0.0015478617
cauldron_ln_10395,0.001561026
cauldron_ln_27965,0.0014773738
mix_SI_UT_5400_260,0.0004273847
mix_UI_ST_5400_754,0.0004273847
mix_UI_ST_5400_553,0.0004273847
cauldron_ln_18735,0.0014809219
mix_SI_UT_5400_1407,0.0004273847
mix_SI_UT_5400_1384,0.00045777106
cauldron_ln_11923,0.0015221983
mix_UI_ST_5400_964,0.0004273847
cauldron_ln_17263,0.0015743566
cauldron_ln_26409,0.0014941692
cauldron_ln_19755,0.0014119779
cauldron_ln_29941,0.0015385785
cauldron_ln_18758,0.0015671874
mix_UI_ST_5400_303,0.0004273847
mix_UI_ST_5400_549,0.0004273847
mix_SI_UT_5400_1344,0.0004273847
mix_UI_ST_5400_1221,0.0004273847
cauldron_ln_11219,0.001554946
cauldron_ln_804,0.0010919538
mix_SI_UT_5400_924,0.0004273847
mix_UI_ST_5400_266,0.0004273847
mix_SI_UT_5400_897,0.0004273847
cauldron_ln_14526,0.0013799138
mix_SI_UT_5400_431,0.0004273847
cauldron_ln_24533,0.0015618228
mix_SI_UT_5400_298,0.0004273847
mix_SI_UT_5400_1304,0.0004273847
cauldron_ln_12514,0.0015739168
mix_SI_UT_5400_1250,0.0004273847
mix_SI_UT_5400_560,0.0004273847
cauldron_ln_6322,0.0015030898
cauldron_ln_7000,0.0014849146
cauldron_ln_26584,0.001555145
cauldron_ln_9776,0.0014791391
mix_UI_ST_5400_805,0.0004273847
mix_UI_ST_5400_594,0.00044470266
cauldron_ln_10902,0.0015650213
cauldron_ln_7101,0.0015372729
mix_SI_UT_5400_942,0.0004273847
cauldron_ln_16806,0.0015393456
cauldron_ln_8162,0.0015521131
cauldron_ln_2732,0.0013852365
cauldron_ln_15859,0.0013248331
mix_UI_ST_5400_1124,0.0004273847
cauldron_ln_20975,0.0014834073
mix_UI_ST_5400_1397,0.0004273847
mix_SI_UT_5400_434,0.0004273847
mix_SI_UT_5400_1166,0.0004273847
cauldron_ln_17249,0.0015539082
mix_SI_UT_5400_126,0.00042750427
cauldron_ln_20032,0.0015583431
mix_UI_ST_5400_220,0.0004273847
mix_SI_UT_5400_326,0.00042750427
mix_SI_UT_5400_836,0.0004273847
cauldron_ln_20845,0.0014702134
cauldron_ln_19643,0.0015750718
mix_UI_ST_5400_679,0.00042757907
cauldron_ln_13175,0.0015669134
mix_SI_UT_5400_565,0.00046734005
cauldron_ln_28208,0.0015395443
cauldron_ln_20628,0.0015746317
mix_SI_UT_5400_295,0.0004273847
mix_UI_ST_5400_208,0.0004273847
mix_SI_UT_5400_758,0.0004273847
mix_UI_ST_5400_1213,0.0004273847
mix_SI_UT_5400_739,0.0004273847
mix_SI_UT_5400_1360,0.0004273847
cauldron_ln_12098,0.0015676253
mix_UI_ST_5400_279,0.0004273847
mix_SI_UT_5400_733,0.00046775345
cauldron_ln_23299,0.001486328
cauldron_ln_12530,0.0015692008
mix_SI_UT_5400_614,0.0004761592
cauldron_ln_7503,0.0014965514
cauldron_ln_17327,0.0015558685
mix_UI_ST_5400_1460,0.0004273847
cauldron_ln_278,0.0010527922
cauldron_ln_23239,0.0014746701
mix_UI_ST_5400_582,0.00047878624
mix_SI_UT_5400_665,0.0004273847
mix_SI_UT_5400_33,0.0004273847
cauldron_ln_9233,0.001544541
mix_UI_ST_5400_1398,0.0004273847
cauldron_ln_15255,0.0015676253
cauldron_ln_26580,0.001552833
mix_UI_ST_5400_93,0.00042750427
mix_UI_ST_5400_902,0.0004273847
mix_SI_UT_5400_26,0.00042757907
mix_UI_ST_5400_294,0.00042750427
mix_SI_UT_5400_736,0.00046657378
cauldron_ln_8388,0.0014051956
mix_SI_UT_5400_620,0.0004273847
mix_UI_ST_5400_252,0.0004273847
cauldron_ln_19102,0.0014025578
cauldron_ln_2280,0.0013588786
cauldron_ln_18189,0.0014282069
mix_UI_ST_5400_55,0.0004273847
cauldron_ln_4853,0.0015270713
cauldron_ln_15866,0.0015676253
mix_SI_UT_5400_667,0.0004273847
cauldron_ln_27719,0.0015015753
mix_UI_ST_5400_612,0.0004273847
mix_SI_UT_5400_1298,0.00043651764
cauldron_ln_2287,0.0012172282
cauldron_ln_17282,0.0015469225
mix_SI_UT_5400_685,0.0004273847
mix_UI_ST_5400_541,0.0004273847
cauldron_ln_8711,0.001559922
mix_UI_ST_5400_1432,0.0004273847
mix_UI_ST_5400_1382,0.0004273847
mix_SI_UT_5400_1115,0.0004273847
cauldron_ln_13196,0.00156204
mix_UI_ST_5400_185,0.0004273847
cauldron_ln_7583,0.0014545656
cauldron_ln_10496,0.0014689176
cauldron_ln_617,0.0010877133
mix_UI_ST_5400_161,0.0004273847
mix_UI_ST_5400_761,0.0004273847
cauldron_ln_14842,0.0015739168
mix_UI_ST_5400_1250,0.0004273847
cauldron_ln_7212,0.0015474808
cauldron_ln_14656,0.0015676253
cauldron_ln_7924,0.0015521131
mix_SI_UT_5400_699,0.0004273847
mix_SI_UT_5400_436,0.0004273847
cauldron_ln_19825,0.001562185
mix_UI_ST_5400_504,0.00042757907
cauldron_ln_19005,0.0015037125
cauldron_ln_7454,0.0014738286
mix_UI_ST_5400_535,0.00042750427
cauldron_ln_10326,0.0015681485
cauldron_ln_12254,0.0015041041
mix_SI_UT_5400_935,0.00047982362
mix_UI_ST_5400_1199,0.0004273847
cauldron_ln_14377,0.0015671874
mix_SI_UT_5400_342,0.0004273847
mix_UI_ST_5400_683,0.0004273847
mix_SI_UT_5400_430,0.00042750427
cauldron_ln_28229,0.0015671874
mix_UI_ST_5400_1231,0.0004273847
mix_UI_ST_5400_1299,0.0004273847
mix_SI_UT_5400_857,0.0004273847
mix_UI_ST_5400_441,0.00042757907
mix_SI_UT_5400_543,0.0004273847
mix_SI_UT_5400_1069,0.00042750427
mix_SI_UT_5400_1052,0.0004273847
mix_UI_ST_5400_649,0.0004273847
mix_SI_UT_5400_608,0.0004273847
cauldron_ln_14130,0.001562185
mix_SI_UT_5400_940,0.0004273847
mix_UI_ST_5400_212,0.0004273847
mix_UI_ST_5400_1141,0.0004273847
mix_UI_ST_5400_741,0.0004273847
mix_SI_UT_5400_828,0.00042757907
cauldron_ln_4509,0.0014904141
mix_SI_UT_5400_134,0.00042757907
cauldron_ln_18419,0.0014767239
mix_SI_UT_5400_204,0.0004273847
cauldron_ln_27468,0.0015671874
cauldron_ln_226,0.0012583433
mix_UI_ST_5400_1025,0.00044258134
mix_SI_UT_5400_716,0.0004273847
cauldron_ln_15743,0.0014900239
mix_UI_ST_5400_1056,0.0004273847
mix_SI_UT_5400_793,0.0004273847
cauldron_ln_3064,0.0014847859
mix_SI_UT_5400_1015,0.0004536255
mix_UI_ST_5400_748,0.0004273847
cauldron_ln_5547,0.0013918437
mix_SI_UT_5400_862,0.0004273847
cauldron_ln_11313,0.0015101483
mix_UI_ST_5400_1327,0.0004273847
mix_UI_ST_5400_1021,0.0004273847
mix_UI_ST_5400_367,0.00042750427
cauldron_ln_17980,0.0015289882
mix_UI_ST_5400_378,0.0004273847
mix_SI_UT_5400_238,0.00047599673
cauldron_ln_8671,0.0015226615
cauldron_ln_11814,0.0015378798
cauldron_ln_19722,0.0015671874
cauldron_ln_24194,0.001546123
cauldron_ln_10608,0.0014773984
cauldron_ln_2292,0.0012403434
cauldron_ln_579,0.0012228464
mix_SI_UT_5400_292,0.0004273847
mix_SI_UT_5400_1376,0.0004273847
cauldron_ln_6332,0.0015038435
cauldron_ln_23111,0.0015514615
mix_UI_ST_5400_329,0.0004273847
cauldron_ln_11130,0.0015031233
cauldron_ln_12886,0.0015676253
cauldron_ln_25394,0.0014897223
cauldron_ln_23734,0.0014341739
cauldron_ln_549,0.0010877133
mix_SI_UT_5400_504,0.0004273847
mix_UI_ST_5400_48,0.00042757907
mix_UI_ST_5400_180,0.0004273847
mix_SI_UT_5400_867,0.0004273847
cauldron_ln_7519,0.0015470483
mix_UI_ST_5400_658,0.0004273847
cauldron_ln_28961,0.0015345534
mix_SI_UT_5400_257,0.0004273847
cauldron_ln_4877,0.0012701416
mix_SI_UT_5400_70,0.00042750427
mix_UI_ST_5400_1067,0.00042757907
cauldron_ln_5180,0.0015153787
cauldron_ln_14553,0.0015671874
mix_UI_ST_5400_229,0.00042750427
cauldron_ln_3857,0.0015160418
cauldron_ln_22582,0.0015676253
mix_SI_UT_5400_455,0.0004273847
cauldron_ln_23335,0.0015075677
cauldron_ln_21873,0.0015117294
mix_SI_UT_5400_681,0.0004273847
mix_UI_ST_5400_1246,0.0004273847
cauldron_ln_18153,0.0015750718
cauldron_ln_13185,0.0015040998
cauldron_ln_22572,0.0015291236
cauldron_ln_11930,0.0015555797
mix_UI_ST_5400_724,0.0004273847
cauldron_ln_6146,0.0014342695
mix_UI_ST_5400_1484,0.00043524994
cauldron_ln_7131,0.0014515788
cauldron_ln_17082,0.001507598
mix_UI_ST_5400_857,0.0004273847
cauldron_ln_10088,0.0015650213
cauldron_ln_20,0.0010956044
cauldron_ln_17378,0.0015456532
mix_UI_ST_5400_1108,0.00045769097
mix_SI_UT_5400_849,0.0004273847
mix_UI_ST_5400_276,0.00042750427
mix_UI_ST_5400_733,0.00042750427
mix_SI_UT_5400_1471,0.0004273847
mix_UI_ST_5400_160,0.00042757907
mix_UI_ST_5400_248,0.0004273847
mix_UI_ST_5400_1077,0.0004273847
cauldron_ln_8419,0.0015373579
cauldron_ln_10618,0.0015724555
mix_UI_ST_5400_653,0.0004273847
cauldron_ln_11161,0.0015650213
mix_SI_UT_5400_854,0.0004273847
cauldron_ln_7483,0.0015470483
cauldron_ln_1950,0.0012513584
mix_UI_ST_5400_1145,0.00042750427
cauldron_ln_3949,0.0014974102
mix_SI_UT_5400_1101,0.0004273847
cauldron_ln_19357,0.001519847
mix_UI_ST_5400_349,0.0004273847
cauldron_ln_8293,0.0014944843
mix_SI_UT_5400_385,0.0004273847
mix_UI_ST_5400_793,0.0004273847
cauldron_ln_26692,0.0015075677
mix_UI_ST_5400_1208,0.0004273847
cauldron_ln_12082,0.0015591142
mix_UI_ST_5400_999,0.0004273847
cauldron_ln_26698,0.0015676253
cauldron_ln_2232,0.0014427821
mix_SI_UT_5400_874,0.00042757907
mix_UI_ST_5400_524,0.0004273847
cauldron_ln_4997,0.0014254344
mix_SI_UT_5400_726,0.0004273847
mix_SI_UT_5400_34,0.0004273847
mix_UI_ST_5400_1225,0.00043810406
cauldron_ln_19681,0.0015676253
mix_SI_UT_5400_558,0.0004273847
mix_SI_UT_5400_1402,0.0004273847
mix_SI_UT_5400_439,0.0004273847
mix_SI_UT_5400_1174,0.0004273847
cauldron_ln_12748,0.001562185
cauldron_ln_21006,0.0015627496
cauldron_ln_23999,0.0015750718
mix_SI_UT_5400_182,0.0004538011
cauldron_ln_8117,0.001559922
mix_UI_ST_5400_1401,0.0004273847
mix_UI_ST_5400_1192,0.0004273847
cauldron_ln_1175,0.0011106299
cauldron_ln_15358,0.0014858029
cauldron_ln_16952,0.0015544388
mix_SI_UT_5400_1409,0.0004273847
mix_UI_ST_5400_239,0.0004273847
mix_UI_ST_5400_531,0.0004273847
cauldron_ln_1204,0.001088819
mix_SI_UT_5400_1255,0.00042750427
cauldron_ln_14922,0.0015476503
mix_SI_UT_5400_1381,0.0004273847
mix_UI_ST_5400_1498,0.00053449796
mix_SI_UT_5400_1008,0.00042757907
mix_UI_ST_5400_512,0.0004273847
mix_UI_ST_5400_1234,0.00048027225
mix_SI_UT_5400_1441,0.0004273847
mix_UI_ST_5400_1408,0.0004273847
mix_SI_UT_5400_1240,0.0004273847
cauldron_ln_16567,0.0015628947
mix_UI_ST_5400_1265,0.0004273847
mix_UI_ST_5400_12,0.0004273847
cauldron_ln_25437,0.0014930108
cauldron_ln_14719,0.0015671874
mix_SI_UT_5400_340,0.0004273847
mix_UI_ST_5400_988,0.0004273847
mix_SI_UT_5400_21,0.00042769872
cauldron_ln_3141,0.0014948536
cauldron_ln_2644,0.0014542775
mix_SI_UT_5400_693,0.0004273847
mix_SI_UT_5400_419,0.0004273847
mix_SI_UT_5400_1086,0.0004273847
mix_UI_ST_5400_820,0.0004273847
mix_SI_UT_5400_445,0.0004273847
mix_UI_ST_5400_1255,0.0004273847
mix_SI_UT_5400_872,0.0004273847
cauldron_ln_2233,0.0013928853
cauldron_ln_21324,0.0015676253
cauldron_ln_25774,0.0014273463
mix_UI_ST_5400_737,0.0004273847
cauldron_ln_7380,0.001518117
cauldron_ln_17772,0.0015750718
mix_UI_ST_5400_1031,0.0004273847
cauldron_ln_15824,0.00155768
cauldron_ln_25877,0.0015083669
mix_UI_ST_5400_1189,0.00047129052
cauldron_ln_503,0.0011672371
mix_UI_ST_5400_30,0.0004273847
mix_SI_UT_5400_1090,0.0004273847
mix_UI_ST_5400_233,0.0004273847
mix_UI_ST_5400_1099,0.00042757907
cauldron_ln_19104,0.0015364541
mix_SI_UT_5400_144,0.00042750427
mix_UI_ST_5400_739,0.0004273847
mix_SI_UT_5400_1061,0.0004273847
mix_SI_UT_5400_336,0.00042757907
mix_UI_ST_5400_150,0.0004273847
mix_SI_UT_5400_813,0.0004273847
cauldron_ln_12105,0.0015451853
cauldron_ln_15639,0.0014832407
cauldron_ln_26995,0.0015030402
mix_UI_ST_5400_1442,0.0004273847
cauldron_ln_15908,0.0014653291
mix_UI_ST_5400_752,0.0004273847
cauldron_ln_2879,0.0014085358
cauldron_ln_3463,0.0014324683
mix_SI_UT_5400_406,0.0004273847
mix_UI_ST_5400_251,0.0004273847
mix_UI_ST_5400_626,0.0004273847
cauldron_ln_25187,0.001535883
mix_SI_UT_5400_1138,0.0004273847
cauldron_ln_9383,0.0015556767
cauldron_ln_26538,0.0015671874
cauldron_ln_5401,0.001520279
cauldron_ln_19525,0.0015463555
cauldron_ln_15253,0.0014711902
mix_SI_UT_5400_469,0.0004273847
mix_SI_UT_5400_1466,0.0004273847
mix_UI_ST_5400_305,0.0004273847
cauldron_ln_19569,0.0014860159
cauldron_ln_1288,0.0010937591
mix_SI_UT_5400_1478,0.0004273847
mix_UI_ST_5400_1194,0.0004273847
cauldron_ln_27393,0.0015676253
cauldron_ln_20284,0.0015253462
cauldron_ln_18826,0.0015026489
mix_UI_ST_5400_540,0.0004273847
cauldron_ln_1929,0.0014291566
mix_UI_ST_5400_944,0.0004273847
cauldron_ln_11632,0.0015253556
cauldron_ln_8504,0.001552547
mix_UI_ST_5400_500,0.0004273847
cauldron_ln_4126,0.001430412
cauldron_ln_14120,0.001555145
mix_SI_UT_5400_391,0.0004273847
mix_UI_ST_5400_435,0.00042750427
cauldron_ln_24721,0.00156204
mix_UI_ST_5400_1065,0.0004273847
mix_SI_UT_5400_335,0.0004273847
mix_UI_ST_5400_766,0.0004273847
mix_SI_UT_5400_525,0.00042757907
cauldron_ln_18260,0.0015671874
mix_SI_UT_5400_1477,0.0004273847
cauldron_ln_14036,0.0015750718
cauldron_ln_20104,0.0015746317
mix_SI_UT_5400_226,0.00043651764
cauldron_ln_5414,0.0015099943
cauldron_ln_27037,0.0015676253
cauldron_ln_24239,0.0015746317
mix_UI_ST_5400_427,0.0004273847
cauldron_ln_19371,0.0015378798
mix_SI_UT_5400_1204,0.0004273847
cauldron_ln_17052,0.0015526577
mix_UI_ST_5400_112,0.0004273847
cauldron_ln_4146,0.0015274981
mix_SI_UT_5400_1065,0.0004273847
cauldron_ln_22957,0.0014748934
cauldron_ln_696,0.0011232856
cauldron_ln_5478,0.0015117992
cauldron_ln_21933,0.001481963
cauldron_ln_24256,0.0015169798
mix_UI_ST_5400_447,0.0004273847
cauldron_ln_20151,0.0015563989
mix_UI_ST_5400_335,0.0004273847
cauldron_ln_6632,0.001477594
mix_SI_UT_5400_1103,0.0004273847
cauldron_ln_118,0.0011457365
mix_SI_UT_5400_1180,0.0004273847
cauldron_ln_27674,0.0015365435
mix_SI_UT_5400_673,0.00043651764
cauldron_ln_10939,0.0015050934
mix_SI_UT_5400_36,0.00042750427
mix_SI_UT_5400_156,0.0004273847
mix_SI_UT_5400_969,0.00042750427
mix_UI_ST_5400_4,0.0004257476
cauldron_ln_28684,0.0015515146
cauldron_ln_9023,0.0015314813
cauldron_ln_17055,0.0015032801
mix_SI_UT_5400_978,0.00042750427
cauldron_ln_10816,0.0015643106
cauldron_ln_28291,0.0014934891
mix_UI_ST_5400_560,0.0004273847
cauldron_ln_23455,0.0015269694
mix_UI_ST_5400_779,0.0004273847
cauldron_ln_15755,0.0013620665
mix_SI_UT_5400_218,0.0004273847
cauldron_ln_5683,0.0014215364
cauldron_ln_2669,0.0014051709
cauldron_ln_22045,0.0014701091
cauldron_ln_26360,0.0015445182
mix_UI_ST_5400_1019,0.00043426213
mix_UI_ST_5400_554,0.0004273847
cauldron_ln_28107,0.0015416889
mix_UI_ST_5400_1223,0.0004273847
cauldron_ln_20051,0.0015602502
cauldron_ln_11953,0.0015084515
cauldron_ln_18517,0.0015301163
cauldron_ln_53,0.0010708725
mix_UI_ST_5400_1319,0.00047391962
mix_UI_ST_5400_692,0.0004273847
cauldron_ln_20319,0.001553381
mix_UI_ST_5400_660,0.0004273847
mix_UI_ST_5400_129,0.0004273847
mix_SI_UT_5400_537,0.0004273847
cauldron_ln_4878,0.0015274981
mix_UI_ST_5400_94,0.0004273847
mix_SI_UT_5400_641,0.00042757907
cauldron_ln_16133,0.0015385785
cauldron_ln_19962,0.0015669134
cauldron_ln_20502,0.0014982832
mix_UI_ST_5400_482,0.0004273847
cauldron_ln_10387,0.0015525174
cauldron_ln_19445,0.0015664756
mix_UI_ST_5400_581,0.00042757907
cauldron_ln_28455,0.0015691672
cauldron_ln_14128,0.0015405584
mix_SI_UT_5400_585,0.0004273847
cauldron_ln_12,0.0012943712
mix_UI_ST_5400_499,0.0004273847
mix_UI_ST_5400_52,0.0004273847
cauldron_ln_11576,0.0015676253
mix_UI_ST_5400_1239,0.00042750427
cauldron_ln_25886,0.0015676253
cauldron_ln_17351,0.0014685406
cauldron_ln_23113,0.0015378798
cauldron_ln_17624,0.0015603565
mix_SI_UT_5400_748,0.0004273847
cauldron_ln_29672,0.0014785898
mix_SI_UT_5400_923,0.0004273847
cauldron_ln_24844,0.001485486
mix_SI_UT_5400_1452,0.00042750427
mix_UI_ST_5400_45,0.0004273847
cauldron_ln_29878,0.0015087884
cauldron_ln_8161,0.0015477181
mix_UI_ST_5400_360,0.0004273847
cauldron_ln_17838,0.0015664756
cauldron_ln_7617,0.0015042109
mix_SI_UT_5400_1289,0.0004335705
mix_SI_UT_5400_790,0.0004273847
mix_SI_UT_5400_919,0.0004273847
mix_UI_ST_5400_1237,0.00045769097
mix_SI_UT_5400_651,0.0004683745
mix_UI_ST_5400_655,0.0004273847
mix_SI_UT_5400_1168,0.00042750427
cauldron_ln_15858,0.0015246631
cauldron_ln_23974,0.0014742819
mix_UI_ST_5400_918,0.0004273847
cauldron_ln_9670,0.0015561116
mix_SI_UT_5400_948,0.0004273847
cauldron_ln_18940,0.0015750718
cauldron_ln_15010,0.0015172254
cauldron_ln_4564,0.0014750978
cauldron_ln_14404,0.0015669134
cauldron_ln_22353,0.0015266046
cauldron_ln_5155,0.0015347544
mix_UI_ST_5400_1331,0.0004273847
mix_SI_UT_5400_671,0.0004273847
cauldron_ln_9455,0.0015318446
cauldron_ln_11427,0.001492543
cauldron_ln_19713,0.0015378798
mix_SI_UT_5400_408,0.0004273847
mix_SI_UT_5400_792,0.0004273847
mix_SI_UT_5400_1238,0.0004273847
mix_UI_ST_5400_714,0.0004273847
cauldron_ln_8834,0.0015104193
cauldron_ln_21944,0.0015015753
mix_SI_UT_5400_1450,0.0004273847
mix_UI_ST_5400_1143,0.0004273847
cauldron_ln_10045,0.0013918768
mix_UI_ST_5400_387,0.0004273847
cauldron_ln_11657,0.0015739168
cauldron_ln_9358,0.0015024521
mix_SI_UT_5400_92,0.00042750427
cauldron_ln_26416,0.001562185
mix_SI_UT_5400_1410,0.00044469433
cauldron_ln_14413,0.0015631865
mix_SI_UT_5400_107,0.0004273847
cauldron_ln_13566,0.0013749393
cauldron_ln_28071,0.001417796
mix_SI_UT_5400_579,0.00042750427
mix_UI_ST_5400_31,0.00043344926
cauldron_ln_2470,0.0014615948
mix_SI_UT_5400_574,0.0004273847
cauldron_ln_11177,0.0015604174
cauldron_ln_12571,0.0015334915
cauldron_ln_18766,0.0015127158
mix_UI_ST_5400_899,0.0004273847
mix_UI_ST_5400_792,0.0004273847
mix_UI_ST_5400_785,0.0004273847
cauldron_ln_24175,0.001477677
mix_UI_ST_5400_1226,0.0004273847
mix_UI_ST_5400_578,0.0004273847
cauldron_ln_26611,0.0015676253
cauldron_ln_2126,0.0014185328
cauldron_ln_749,0.0011021222
mix_SI_UT_5400_119,0.0004273847
cauldron_ln_19477,0.0015168014
cauldron_ln_24211,0.001557098
mix_SI_UT_5400_17,0.0004273847
cauldron_ln_25331,0.0015746317
cauldron_ln_25151,0.0015314245
mix_UI_ST_5400_545,0.00042750427
mix_UI_ST_5400_784,0.00042750427
mix_UI_ST_5400_840,0.0004273847
cauldron_ln_18368,0.0015543663
mix_SI_UT_5400_1485,0.0004273847
cauldron_ln_334,0.0011091247
cauldron_ln_22940,0.0015671874
cauldron_ln_27311,0.001388196
cauldron_ln_29375,0.001558039
mix_SI_UT_5400_1071,0.00045055457
cauldron_ln_21790,0.0015523991
mix_UI_ST_5400_67,0.0004273847
mix_UI_ST_5400_1198,0.0004273847
cauldron_ln_25505,0.0015631865
cauldron_ln_28981,0.0015451853
mix_UI_ST_5400_302,0.0004273847
mix_UI_ST_5400_790,0.0004273847
mix_SI_UT_5400_1369,0.0004273847
cauldron_ln_13110,0.0015624766
mix_SI_UT_5400_1490,0.00043721517
cauldron_ln_26330,0.0015382292
cauldron_ln_18480,0.001466353
cauldron_ln_1097,0.0010874092
cauldron_ln_13875,0.0015543663
cauldron_ln_19327,0.0015671874
mix_UI_ST_5400_843,0.0004273847
mix_UI_ST_5400_1044,0.0004273847
mix_UI_ST_5400_44,0.0004273847
mix_SI_UT_5400_172,0.0004273847
mix_UI_ST_5400_847,0.0004273847
mix_UI_ST_5400_2,0.0004257476
mix_SI_UT_5400_468,0.00042757907
mix_SI_UT_5400_873,0.0004273847
mix_SI_UT_5400_840,0.00046509557
mix_UI_ST_5400_1474,0.0004335705
mix_UI_ST_5400_21,0.0004273847
mix_UI_ST_5400_431,0.00042757907
cauldron_ln_20097,0.0014985978
cauldron_ln_4376,0.0013842079
mix_SI_UT_5400_1427,0.0004273847
mix_UI_ST_5400_687,0.0004273847
mix_SI_UT_5400_1284,0.00042757907
mix_UI_ST_5400_981,0.00042750427
cauldron_ln_11983,0.0015664756
mix_SI_UT_5400_331,0.0004273847
cauldron_ln_22164,0.0015083669
cauldron_ln_20479,0.001491672
mix_SI_UT_5400_57,0.00042750427
cauldron_ln_13765,0.0015671874
cauldron_ln_2757,0.0014526574
mix_SI_UT_5400_1169,0.00042757907
cauldron_ln_21667,0.0013984292
cauldron_ln_10895,0.0015654587
mix_UI_ST_5400_285,0.0004273847
mix_SI_UT_5400_467,0.0004273847
cauldron_ln_11370,0.0015631865
cauldron_ln_21980,0.0015669134
cauldron_ln_29634,0.0015374501
mix_UI_ST_5400_1083,0.0004273847
mix_SI_UT_5400_1243,0.0004273847
mix_UI_ST_5400_1102,0.0004273847
mix_UI_ST_5400_1469,0.0004273847
cauldron_ln_19184,0.0014544472
cauldron_ln_11820,0.0015572847
cauldron_ln_2144,0.00144923
cauldron_ln_5882,0.0014728422
mix_SI_UT_5400_1329,0.0004273847
mix_SI_UT_5400_856,0.0004273847
mix_SI_UT_5400_587,0.0004273847
mix_SI_UT_5400_1105,0.0004273847
mix_UI_ST_5400_61,0.00046193888
cauldron_ln_27899,0.0015671874
mix_UI_ST_5400_5,0.0004257476
mix_UI_ST_5400_1060,0.0004273847
cauldron_ln_27053,0.0015492972
mix_SI_UT_5400_1327,0.0004273847
mix_UI_ST_5400_1054,0.0004273847
mix_UI_ST_5400_1276,0.0004273847
cauldron_ln_7919,0.001552547
cauldron_ln_9133,0.0014398071
mix_SI_UT_5400_884,0.0004273847
mix_UI_ST_5400_10,0.00042750427
mix_UI_ST_5400_534,0.0004557234
mix_UI_ST_5400_837,0.0004273847
cauldron_ln_6416,0.0013251108
cauldron_ln_20460,0.0015005376
cauldron_ln_10373,0.0015418585
mix_UI_ST_5400_774,0.0004273847
mix_SI_UT_5400_638,0.0004273847
mix_UI_ST_5400_1334,0.00042750427
cauldron_ln_27783,0.0014274054
cauldron_ln_8996,0.0015465897
cauldron_ln_27574,0.0014002429
mix_SI_UT_5400_1332,0.0004335705
cauldron_ln_2167,0.0014330476
mix_SI_UT_5400_1425,0.0004273847
mix_UI_ST_5400_359,0.00047137294
mix_UI_ST_5400_806,0.0004273847
mix_UI_ST_5400_263,0.0004273847
cauldron_ln_11924,0.0014819517
cauldron_ln_24266,0.0015676253
cauldron_ln_6729,0.0015119201
mix_SI_UT_5400_604,0.0004273847
mix_SI_UT_5400_916,0.0004273847
cauldron_ln_25080,0.0015671874
mix_SI_UT_5400_847,0.0004273847
mix_SI_UT_5400_1036,0.0004273847
cauldron_ln_2975,0.0014831284
mix_SI_UT_5400_1206,0.0004273847
mix_SI_UT_5400_509,0.0004273847
cauldron_ln_15790,0.0015650793
cauldron_ln_93,0.0010559976
mix_SI_UT_5400_1009,0.0004273847
cauldron_ln_20364,0.0015335309
mix_UI_ST_5400_1491,0.00042750427
mix_UI_ST_5400_1248,0.0004273847
mix_SI_UT_5400_201,0.0004273847
cauldron_ln_17571,0.0015575332
cauldron_ln_5774,0.0014993914
mix_UI_ST_5400_691,0.00045777106
cauldron_ln_21600,0.0014665374
cauldron_ln_20619,0.0015364242
mix_SI_UT_5400_825,0.00042750427
mix_UI_ST_5400_274,0.0004273847
mix_UI_ST_5400_846,0.0004273847
mix_UI_ST_5400_380,0.00044550328
cauldron_ln_3346,0.0014491141
cauldron_ln_2430,0.0013505747
cauldron_ln_10798,0.0015049516
mix_UI_ST_5400_1166,0.00042760637
cauldron_ln_7841,0.0014226557
cauldron_ln_21563,0.0015301163
cauldron_ln_25912,0.0015207902
mix_SI_UT_5400_1476,0.0004273847
cauldron_ln_3228,0.001514578
cauldron_ln_29946,0.0014823526
mix_SI_UT_5400_752,0.00042750427
cauldron_ln_25368,0.0014653291
cauldron_ln_4212,0.0015040969
cauldron_ln_14910,0.0015664756
mix_SI_UT_5400_1350,0.0004273847
cauldron_ln_15566,0.0015635645
mix_UI_ST_5400_782,0.00045287222
cauldron_ln_1149,0.0010713991
cauldron_ln_17316,0.0013893301
cauldron_ln_26560,0.0015650793
cauldron_ln_5855,0.0014883704
cauldron_ln_18472,0.001507763
mix_UI_ST_5400_627,0.00042750427
cauldron_ln_16670,0.0014850957
cauldron_ln_24126,0.0015671874
cauldron_ln_4341,0.0015132265
cauldron_ln_3617,0.0015274981
cauldron_ln_18545,0.0015676253
cauldron_ln_6170,0.0014510191
mix_UI_ST_5400_919,0.0004273847
mix_SI_UT_5400_823,0.0004273847
cauldron_ln_24150,0.0015301163
mix_UI_ST_5400_241,0.00044482705
cauldron_ln_18121,0.0015627496
cauldron_ln_7456,0.0013798763
mix_SI_UT_5400_1458,0.00043651764
mix_SI_UT_5400_438,0.0004273847
mix_SI_UT_5400_352,0.0004273847
mix_SI_UT_5400_827,0.00043651764
mix_UI_ST_5400_633,0.00042750427
mix_SI_UT_5400_598,0.00042769872
mix_SI_UT_5400_377,0.0004273847
mix_UI_ST_5400_1373,0.0004273847
mix_UI_ST_5400_1314,0.0004273847
mix_SI_UT_5400_966,0.0004273847
mix_SI_UT_5400_571,0.0004273847
mix_UI_ST_5400_1294,0.0004273847
cauldron_ln_12913,0.0014119348
cauldron_ln_14545,0.0015326733
cauldron_ln_17890,0.0013963404
cauldron_ln_14721,0.0014972392
cauldron_ln_164,0.0012702153
mix_SI_UT_5400_193,0.00042757907
cauldron_ln_9916,0.0014653375
mix_UI_ST_5400_650,0.00044819232
mix_SI_UT_5400_1011,0.0004273847
mix_SI_UT_5400_37,0.0004273847
cauldron_ln_6366,0.001537346
cauldron_ln_18237,0.0015671874
cauldron_ln_12292,0.0014919626
mix_UI_ST_5400_986,0.00042757907
cauldron_ln_2996,0.0014991937
cauldron_ln_1142,0.0012836851
mix_UI_ST_5400_675,0.0004273847
mix_UI_ST_5400_1374,0.00044686408
cauldron_ln_22103,0.0015750718
cauldron_ln_3258,0.0015228442
cauldron_ln_23557,0.0015268713
cauldron_ln_20257,0.0015048577
cauldron_ln_1302,0.0011391438
cauldron_ln_17854,0.0015746317
mix_UI_ST_5400_927,0.0004273847
mix_SI_UT_5400_133,0.0004273847
cauldron_ln_15997,0.0015274101
mix_SI_UT_5400_609,0.0004273847
mix_SI_UT_5400_1227,0.0004273847
cauldron_ln_11918,0.0015671874
mix_SI_UT_5400_1496,0.0005686068
cauldron_ln_870,0.0011181723
mix_SI_UT_5400_607,0.0004273847
cauldron_ln_29821,0.001511882
mix_UI_ST_5400_729,0.0004273847
cauldron_ln_2874,0.0014896968
cauldron_ln_685,0.0010227676
cauldron_ln_26917,0.0014934074
cauldron_ln_7778,0.0014814747
mix_UI_ST_5400_668,0.0004273847
mix_UI_ST_5400_308,0.0004273847
cauldron_ln_23034,0.0015526755
cauldron_ln_12857,0.0015671874
cauldron_ln_622,0.0011732426
cauldron_ln_11708,0.0015246631
cauldron_ln_3552,0.001517807
mix_SI_UT_5400_1081,0.0004273847
mix_SI_UT_5400_624,0.0004273847
cauldron_ln_5252,0.0015263777
mix_SI_UT_5400_288,0.00045777106
mix_UI_ST_5400_967,0.0004273847
mix_UI_ST_5400_421,0.0004273847
cauldron_ln_21135,0.0014312664
mix_UI_ST_5400_867,0.0004273847
cauldron_ln_29229,0.0015572447
mix_SI_UT_5400_1271,0.0004273847
cauldron_ln_1129,0.0010104679
cauldron_ln_5319,0.0015347544
cauldron_ln_28637,0.0014269889
cauldron_ln_19265,0.0015122383
cauldron_ln_6621,0.0014429297
cauldron_ln_11729,0.001546393
mix_SI_UT_5400_371,0.0004273847
cauldron_ln_20200,0.0015703188
mix_SI_UT_5400_1302,0.0004273847
cauldron_ln_16630,0.0015148952
mix_UI_ST_5400_1113,0.0004273847
cauldron_ln_24313,0.0015676253
cauldron_ln_13749,0.0015462105
mix_UI_ST_5400_834,0.0004273847
cauldron_ln_4879,0.0014529728
mix_SI_UT_5400_594,0.0004273847
mix_SI_UT_5400_1455,0.00042750427
cauldron_ln_18849,0.0015267208
mix_SI_UT_5400_1116,0.0004273847
mix_UI_ST_5400_148,0.0004273847
cauldron_ln_23344,0.0015214657
mix_SI_UT_5400_1315,0.0004273847
mix_SI_UT_5400_817,0.0004273847
cauldron_ln_29394,0.0015378798
cauldron_ln_23993,0.0015672871
cauldron_ln_26880,0.0015374501
cauldron_ln_28815,0.0015409456
mix_UI_ST_5400_1293,0.00042757907
cauldron_ln_20561,0.0015326018
mix_SI_UT_5400_1261,0.0004273847
cauldron_ln_4592,0.0013942609
cauldron_ln_25709,0.0015664756
cauldron_ln_21217,0.0015510375
cauldron_ln_20132,0.0015210422
mix_SI_UT_5400_1401,0.0004273847
cauldron_ln_9892,0.0015547631
mix_UI_ST_5400_13,0.0004273847
cauldron_ln_906,0.0012492428
cauldron_ln_20825,0.0014219175
cauldron_ln_3820,0.0014704136
cauldron_ln_22533,0.0014220237
cauldron_ln_21863,0.001562185
mix_SI_UT_5400_448,0.0004927579
mix_UI_ST_5400_715,0.0004273847
cauldron_ln_20603,0.0015081277
cauldron_ln_29800,0.001543179
mix_UI_ST_5400_875,0.0004273847
mix_UI_ST_5400_1478,0.0004273847
mix_SI_UT_5400_45,0.0004273847
cauldron_ln_15835,0.0015676253
cauldron_ln_12873,0.0015374501
mix_SI_UT_5400_353,0.0004273847
mix_SI_UT_5400_234,0.0004273847
cauldron_ln_12675,0.0015451853
mix_UI_ST_5400_334,0.0004273847
mix_UI_ST_5400_454,0.0004273847
cauldron_ln_12695,0.0014821035
mix_SI_UT_5400_1223,0.00042750427
cauldron_ln_2206,0.0012032796
mix_SI_UT_5400_432,0.00043524994
cauldron_ln_16596,0.001559541
mix_SI_UT_5400_380,0.00043426213
mix_UI_ST_5400_318,0.0004273847
cauldron_ln_25718,0.001554669
cauldron_ln_2593,0.0014546841
mix_UI_ST_5400_471,0.0004273847
cauldron_ln_14247,0.0015739168
mix_UI_ST_5400_1165,0.0004273847
mix_UI_ST_5400_168,0.0004335705
mix_SI_UT_5400_187,0.00042750427
mix_UI_ST_5400_954,0.00045006306
mix_SI_UT_5400_762,0.0004273847
cauldron_ln_12356,0.0015565753
cauldron_ln_24665,0.0015671874
cauldron_ln_3001,0.001472559
cauldron_ln_1983,0.0013915919
mix_UI_ST_5400_1251,0.00042757907
mix_SI_UT_5400_1099,0.0004273847
mix_SI_UT_5400_275,0.00042757907
cauldron_ln_18330,0.0015671874
cauldron_ln_15323,0.0015454554
cauldron_ln_7858,0.001497339
mix_UI_ST_5400_1310,0.00042750427
cauldron_ln_6728,0.0014958526
cauldron_ln_4796,0.0015274981
cauldron_ln_27944,0.0014819517
cauldron_ln_27262,0.0015451853
cauldron_ln_13546,0.0013320702
cauldron_ln_9751,0.0014607203
mix_SI_UT_5400_460,0.0004273847
cauldron_ln_28906,0.0015301163
cauldron_ln_4842,0.0015263777
cauldron_ln_10128,0.0015386789
mix_SI_UT_5400_615,0.00046665545
mix_UI_ST_5400_1061,0.0004273847
mix_SI_UT_5400_265,0.0004273847
mix_UI_ST_5400_933,0.00042757907
cauldron_ln_28198,0.0015573262
mix_SI_UT_5400_329,0.0004273847
mix_SI_UT_5400_1390,0.0004273847
mix_SI_UT_5400_452,0.0004273847
mix_UI_ST_5400_877,0.0004273847
mix_UI_ST_5400_883,0.0004273847
mix_SI_UT_5400_972,0.0004273847
cauldron_ln_29968,0.0014194261
mix_UI_ST_5400_731,0.0004273847
mix_SI_UT_5400_158,0.00042750427
mix_UI_ST_5400_238,0.00042750427
mix_SI_UT_5400_516,0.0004273847
cauldron_ln_8631,0.0015518419
mix_UI_ST_5400_1482,0.0004273847
mix_UI_ST_5400_552,0.00042750427
mix_UI_ST_5400_568,0.0004273847
cauldron_ln_26694,0.0015746317
cauldron_ln_4333,0.0014129457
cauldron_ln_16799,0.0015671874
cauldron_ln_26897,0.0014911174
cauldron_ln_21336,0.0015750718
mix_UI_ST_5400_159,0.00042757907
cauldron_ln_15937,0.0015701732
mix_SI_UT_5400_520,0.0004273847
cauldron_ln_23161,0.0015460367
mix_SI_UT_5400_669,0.00042757907
mix_UI_ST_5400_1005,0.0004273847
mix_SI_UT_5400_1399,0.00042757907
mix_SI_UT_5400_861,0.0004273847
mix_SI_UT_5400_284,0.0004273847
cauldron_ln_21041,0.0015246535
mix_SI_UT_5400_1170,0.00042750427
cauldron_ln_10438,0.0015654587
cauldron_ln_15156,0.001523367
mix_SI_UT_5400_964,0.0004273847
cauldron_ln_20471,0.0014539431
cauldron_ln_17506,0.0015698987
mix_UI_ST_5400_1236,0.0004273847
mix_SI_UT_5400_900,0.0004273847
cauldron_ln_29125,0.0015676253
cauldron_ln_5521,0.0014783976
cauldron_ln_27172,0.0015676253
mix_UI_ST_5400_1287,0.00042750427
mix_UI_ST_5400_298,0.0004273847
mix_SI_UT_5400_1266,0.00042750427
mix_UI_ST_5400_132,0.0004273847
cauldron_ln_24034,0.00155074
mix_SI_UT_5400_1026,0.0004273847
cauldron_ln_27234,0.0015671874
cauldron_ln_2239,0.0014546841
mix_UI_ST_5400_1210,0.00044550328
mix_SI_UT_5400_1251,0.0004273847
cauldron_ln_2195,0.0014542775
mix_UI_ST_5400_476,0.0004441265
mix_UI_ST_5400_995,0.00042750427
cauldron_ln_25330,0.0015671874
mix_SI_UT_5400_1432,0.0004273847
mix_UI_ST_5400_776,0.00042750427
cauldron_ln_7995,0.001552547
cauldron_ln_17756,0.0015676253
cauldron_ln_14908,0.0015631865
cauldron_ln_4872,0.0013400632
mix_UI_ST_5400_628,0.0004273847
cauldron_ln_16831,0.0015323675
cauldron_ln_1319,0.0012805649
cauldron_ln_6252,0.0014763662
cauldron_ln_12959,0.0015070697
mix_UI_ST_5400_1119,0.0004273847
cauldron_ln_863,0.0011334762
mix_SI_UT_5400_757,0.0004273847
mix_SI_UT_5400_512,0.0004273847
cauldron_ln_26887,0.0015664756
cauldron_ln_13041,0.0015676253
cauldron_ln_26745,0.001570612
mix_SI_UT_5400_853,0.0004273847
mix_SI_UT_5400_746,0.0004273847
mix_UI_ST_5400_383,0.00042750427
cauldron_ln_15868,0.001555145
cauldron_ln_10025,0.0015430858
mix_UI_ST_5400_344,0.0004273847
cauldron_ln_5099,0.0015347544
cauldron_ln_24035,0.0015676253
mix_SI_UT_5400_1150,0.00042750427
mix_SI_UT_5400_1247,0.00042757907
mix_SI_UT_5400_1392,0.0004273847
cauldron_ln_3801,0.0014948167
cauldron_ln_12910,0.0015168014
cauldron_ln_10886,0.0015080136
mix_SI_UT_5400_249,0.0004273847
mix_UI_ST_5400_397,0.0004335705
mix_SI_UT_5400_1340,0.0004337677
mix_UI_ST_5400_1168,0.00042750427
cauldron_ln_1375,0.0012014158
mix_UI_ST_5400_493,0.00042750427
mix_UI_ST_5400_1027,0.00042750427
mix_UI_ST_5400_1125,0.0004273847
cauldron_ln_29914,0.0014214902
cauldron_ln_1988,0.0014402247
cauldron_ln_23157,0.001499046
cauldron_ln_7036,0.0015474808
cauldron_ln_1914,0.0014358951
mix_SI_UT_5400_392,0.0004273847
mix_UI_ST_5400_1335,0.0004273847
mix_UI_ST_5400_1462,0.0004273847
mix_UI_ST_5400_50,0.0004273847
mix_SI_UT_5400_779,0.00044805245
cauldron_ln_19609,0.0015664756
cauldron_ln_26889,0.0015676253
cauldron_ln_14138,0.001535883
cauldron_ln_29738,0.0015614503
mix_SI_UT_5400_1059,0.0004273847
cauldron_ln_5333,0.0015274981
cauldron_ln_15679,0.0015070504
cauldron_ln_940,0.0012338555
mix_SI_UT_5400_1263,0.0004273847
mix_SI_UT_5400_711,0.0004273847
mix_UI_ST_5400_990,0.00045756294
cauldron_ln_4866,0.0014324521
mix_UI_ST_5400_1015,0.0004273847
cauldron_ln_18516,0.0014665506
cauldron_ln_16575,0.0014588938
mix_UI_ST_5400_949,0.00043778238
cauldron_ln_9583,0.0013962494
mix_SI_UT_5400_1424,0.0004273847
cauldron_ln_1090,0.0010984809
cauldron_ln_149,0.0010882077
mix_SI_UT_5400_29,0.0004273847
mix_SI_UT_5400_951,0.00043401113
mix_SI_UT_5400_894,0.00042757907
cauldron_ln_29175,0.0015113315
mix_SI_UT_5400_105,0.0004273847
cauldron_ln_19793,0.0015671874
mix_SI_UT_5400_1386,0.0004273847
mix_UI_ST_5400_865,0.0004273847
mix_SI_UT_5400_23,0.0004273847
mix_SI_UT_5400_1097,0.00042757907
mix_SI_UT_5400_77,0.00042750427
mix_SI_UT_5400_1087,0.00043651764
mix_UI_ST_5400_1437,0.00042757907
mix_SI_UT_5400_344,0.0004273847
mix_SI_UT_5400_487,0.0004273847
mix_UI_ST_5400_957,0.0004273847
cauldron_ln_7198,0.0015467781
mix_SI_UT_5400_1343,0.0004273847
mix_SI_UT_5400_44,0.0004273847
cauldron_ln_23376,0.0015631865
cauldron_ln_19997,0.0015739168
cauldron_ln_14861,0.0015072348
cauldron_ln_22566,0.0015750718
mix_UI_ST_5400_7,0.0004257476
mix_SI_UT_5400_499,0.0004273847
cauldron_ln_20643,0.0015308391
mix_UI_ST_5400_763,0.0004273847
cauldron_ln_3666,0.0015067719
mix_SI_UT_5400_1408,0.000475633
mix_UI_ST_5400_477,0.0004273847
mix_SI_UT_5400_995,0.0004273847
mix_UI_ST_5400_230,0.0004273847
mix_SI_UT_5400_824,0.0004273847
mix_UI_ST_5400_907,0.00042757907
mix_SI_UT_5400_247,0.0004273847
cauldron_ln_21403,0.001507598
cauldron_ln_8480,0.0014423913
mix_UI_ST_5400_1413,0.00042750427
mix_UI_ST_5400_1430,0.0004273847
cauldron_ln_13144,0.001535073
mix_SI_UT_5400_118,0.0004273847
mix_SI_UT_5400_1378,0.00042750427
mix_UI_ST_5400_725,0.0004273847
cauldron_ln_14601,0.0015447534
cauldron_ln_25527,0.0015664756
cauldron_ln_542,0.0012061864
mix_SI_UT_5400_282,0.0004273847
cauldron_ln_6065,0.0015274981
mix_SI_UT_5400_212,0.0004273847
cauldron_ln_27316,0.0015490804
cauldron_ln_29747,0.0015454554
mix_SI_UT_5400_1436,0.00042757907
mix_UI_ST_5400_836,0.00046326022
mix_SI_UT_5400_1279,0.0004273847
cauldron_ln_20663,0.0014225859
cauldron_ln_25201,0.0015486181
mix_UI_ST_5400_1072,0.0004273847
mix_UI_ST_5400_84,0.0004273847
cauldron_ln_16818,0.0014814191
mix_SI_UT_5400_483,0.00043790485
mix_SI_UT_5400_1406,0.0004273847
mix_SI_UT_5400_848,0.00042750427
mix_UI_ST_5400_787,0.0004273847
mix_UI_ST_5400_1138,0.00043651764
mix_UI_ST_5400_356,0.0004273847
cauldron_ln_23893,0.0015750718
mix_UI_ST_5400_1148,0.0004273847
mix_SI_UT_5400_672,0.0004273847
mix_SI_UT_5400_967,0.0004273847
mix_SI_UT_5400_338,0.0004273847
cauldron_ln_4711,0.0014397796
mix_UI_ST_5400_1385,0.0004273847
cauldron_ln_14187,0.0015073654
cauldron_ln_16565,0.0015143019
cauldron_ln_27773,0.0015664756
mix_SI_UT_5400_773,0.0004273847
cauldron_ln_3633,0.0015343254
mix_SI_UT_5400_914,0.0004273847
cauldron_ln_24583,0.0015163082
cauldron_ln_25486,0.0014964887
cauldron_ln_310,0.0012623877
cauldron_ln_20369,0.00154495
mix_SI_UT_5400_953,0.00042750427
cauldron_ln_27853,0.0015378798
mix_SI_UT_5400_694,0.0004273847
mix_UI_ST_5400_1289,0.0004273847
mix_UI_ST_5400_332,0.00047586364
mix_UI_ST_5400_1450,0.0004273847
mix_SI_UT_5400_491,0.0004273847
mix_UI_ST_5400_575,0.00042757907
mix_UI_ST_5400_1078,0.0004337677
mix_SI_UT_5400_1202,0.0004273847
cauldron_ln_5274,0.001368527
mix_SI_UT_5400_749,0.00042757907
cauldron_ln_12210,0.0014987611
mix_UI_ST_5400_144,0.0004273847
cauldron_ln_10920,0.0014943214
cauldron_ln_18423,0.0014831263
mix_SI_UT_5400_110,0.0004273847
cauldron_ln_1527,0.0014159798
cauldron_ln_18494,0.0015130644
cauldron_ln_5584,0.0015173265
mix_UI_ST_5400_778,0.0004273847
mix_SI_UT_5400_649,0.0004273847
cauldron_ln_11166,0.0014879643
mix_SI_UT_5400_372,0.0004273847
mix_SI_UT_5400_78,0.0004273847
mix_UI_ST_5400_322,0.0004273847
mix_SI_UT_5400_414,0.0004273847
cauldron_ln_692,0.0011337932
cauldron_ln_12711,0.0015385785
mix_UI_ST_5400_929,0.00045006306
cauldron_ln_7496,0.001479442
mix_UI_ST_5400_350,0.0004273847
mix_SI_UT_5400_378,0.00042750427
cauldron_ln_20025,0.0014808584
cauldron_ln_26249,0.0014372516
cauldron_ln_20293,0.0015101008
cauldron_ln_28354,0.0015156176
cauldron_ln_28608,0.0015006084
mix_UI_ST_5400_1317,0.0004273847
mix_UI_ST_5400_337,0.0004273847
cauldron_ln_24775,0.001506559
cauldron_ln_10275,0.0015602985
cauldron_ln_977,0.0011334762
mix_UI_ST_5400_99,0.00044499926
mix_SI_UT_5400_732,0.0004273847
mix_SI_UT_5400_262,0.00042750427
cauldron_ln_21014,0.0014717178
mix_SI_UT_5400_287,0.0004273847
mix_SI_UT_5400_801,0.00042750427
cauldron_ln_15487,0.0015444771
cauldron_ln_6743,0.0015380863
cauldron_ln_22571,0.001533095
cauldron_ln_17898,0.0014843654
mix_SI_UT_5400_399,0.0004273847
mix_SI_UT_5400_934,0.0004273847
mix_SI_UT_5400_929,0.00042750427
mix_SI_UT_5400_1276,0.0004273847
cauldron_ln_1079,0.0010165733
mix_SI_UT_5400_1184,0.0004273847
cauldron_ln_17352,0.0015360783
cauldron_ln_19507,0.0015385785
cauldron_ln_21120,0.0014871809
cauldron_ln_1797,0.0013826275
mix_UI_ST_5400_909,0.0004273847
cauldron_ln_10802,0.0015194019
cauldron_ln_29356,0.0015671874
mix_SI_UT_5400_1231,0.0004273847
mix_UI_ST_5400_858,0.0004273847
cauldron_ln_24406,0.0015513086
cauldron_ln_27636,0.0015669134
cauldron_ln_16618,0.0015676253
mix_UI_ST_5400_1420,0.00042750427
mix_UI_ST_5400_1419,0.00042750427
mix_UI_ST_5400_705,0.0004273847
mix_UI_ST_5400_28,0.00044020722
cauldron_ln_15339,0.0015169813
mix_UI_ST_5400_625,0.0004273847
mix_SI_UT_5400_366,0.00042750427
mix_UI_ST_5400_1187,0.00042769872
cauldron_ln_18101,0.001570612
mix_SI_UT_5400_535,0.00042750427
mix_UI_ST_5400_1315,0.00042757907
mix_SI_UT_5400_1259,0.00042769872
cauldron_ln_29651,0.0015222975
cauldron_ln_18990,0.0015698987
cauldron_ln_19186,0.0015370102
mix_SI_UT_5400_980,0.00042750427
cauldron_ln_27548,0.0015676253
cauldron_ln_5494,0.001329065
cauldron_ln_1369,0.0011833875
mix_SI_UT_5400_93,0.0004273847
mix_UI_ST_5400_1282,0.0004273847
mix_UI_ST_5400_1471,0.00042750427
mix_UI_ST_5400_91,0.00042750427
mix_SI_UT_5400_1388,0.0004273847
mix_UI_ST_5400_1368,0.00042750427
mix_UI_ST_5400_717,0.0004715048
mix_UI_ST_5400_796,0.00045409103
mix_UI_ST_5400_962,0.0004273847
mix_SI_UT_5400_112,0.0004273847
mix_UI_ST_5400_1075,0.00042757907
cauldron_ln_22324,0.0015671874
cauldron_ln_26808,0.0015407234
cauldron_ln_25079,0.0015060862
mix_UI_ST_5400_539,0.00044550328
cauldron_ln_4806,0.0014969854
cauldron_ln_21746,0.0015463555
cauldron_ln_23661,0.0013875047
cauldron_ln_8070,0.0015521131
mix_UI_ST_5400_1495,0.00048676762
mix_UI_ST_5400_353,0.0004273847
mix_SI_UT_5400_418,0.0004273847
cauldron_ln_19799,0.0015671874
mix_SI_UT_5400_155,0.00042757907
mix_UI_ST_5400_1326,0.0004273847
mix_UI_ST_5400_1150,0.00045777106
mix_UI_ST_5400_556,0.00042750427
mix_SI_UT_5400_396,0.0004273847
cauldron_ln_16482,0.0015365807
cauldron_ln_3400,0.0013883633
mix_SI_UT_5400_1342,0.0004273847
mix_UI_ST_5400_459,0.0004273847
cauldron_ln_13717,0.00156175
mix_UI_ST_5400_777,0.0004273847
mix_UI_ST_5400_1479,0.0004273847
cauldron_ln_29216,0.0015515146
cauldron_ln_5498,0.0015347544
mix_UI_ST_5400_1170,0.00044008408
cauldron_ln_13897,0.0015750718
cauldron_ln_5820,0.0015274981
mix_SI_UT_5400_887,0.0004273847
mix_UI_ST_5400_246,0.0004273847
mix_SI_UT_5400_1312,0.0004273847
cauldron_ln_8647,0.0015500254
cauldron_ln_8401,0.0015477181
cauldron_ln_18002,0.0015664756
cauldron_ln_26865,0.0015021353
cauldron_ln_5181,0.0015105804
cauldron_ln_4013,0.0015270713
cauldron_ln_6270,0.0015290976
mix_SI_UT_5400_795,0.0004273847
cauldron_ln_27875,0.0015750718
cauldron_ln_3849,0.0015274981
mix_SI_UT_5400_931,0.000466786
cauldron_ln_12360,0.0015147252
mix_SI_UT_5400_1111,0.0004273847
cauldron_ln_24349,0.0014780873
cauldron_ln_7009,0.001458009
mix_UI_ST_5400_170,0.0004273847
mix_SI_UT_5400_16,0.0004273847
mix_SI_UT_5400_351,0.0004273847
cauldron_ln_25343,0.0015385785
mix_UI_ST_5400_172,0.0004273847
mix_UI_ST_5400_1197,0.0004273847
cauldron_ln_21605,0.0015194223
mix_SI_UT_5400_1209,0.00042750427
cauldron_ln_6458,0.0014137614
cauldron_ln_28692,0.0014617848
mix_SI_UT_5400_952,0.00045006306
cauldron_ln_11781,0.0015676253
mix_SI_UT_5400_744,0.00043426213
mix_UI_ST_5400_281,0.0004273847
mix_SI_UT_5400_987,0.00043344926
cauldron_ln_6449,0.0014573102
mix_SI_UT_5400_1446,0.0004273847
cauldron_ln_4134,0.0015274981
cauldron_ln_2203,0.0014542775
cauldron_ln_22034,0.0014886205
mix_SI_UT_5400_276,0.0004273847
mix_SI_UT_5400_741,0.0004273847
mix_SI_UT_5400_279,0.0004273847
cauldron_ln_3449,0.001522579
cauldron_ln_9885,0.0015668769
mix_UI_ST_5400_617,0.0004273847
cauldron_ln_2002,0.0014406273
mix_SI_UT_5400_815,0.0004273847
mix_UI_ST_5400_460,0.0004273847
mix_UI_ST_5400_189,0.0004273847
mix_UI_ST_5400_984,0.0004273847
mix_SI_UT_5400_1356,0.00047391962
cauldron_ln_12288,0.0015243966
mix_SI_UT_5400_1139,0.00042757907
mix_SI_UT_5400_656,0.0004273847
cauldron_ln_14956,0.0014698214
mix_UI_ST_5400_920,0.0004273847
cauldron_ln_13370,0.0015676253
mix_UI_ST_5400_1245,0.0004273847
mix_SI_UT_5400_84,0.0004273847
mix_UI_ST_5400_386,0.0004273847
cauldron_ln_2323,0.0014270785
cauldron_ln_10948,0.0015654587
cauldron_ln_12538,0.0013966949
mix_UI_ST_5400_813,0.000446536
cauldron_ln_10207,0.0015728951
mix_SI_UT_5400_654,0.0004273847
cauldron_ln_8451,0.0015121843
mix_SI_UT_5400_216,0.0004273847
mix_UI_ST_5400_1233,0.0004273847
cauldron_ln_150,0.0010628591
mix_UI_ST_5400_616,0.0004273847
cauldron_ln_1364,0.0011334762
cauldron_ln_23121,0.0015459233
cauldron_ln_22401,0.0015473512
cauldron_ln_502,0.0010765115
mix_SI_UT_5400_270,0.0004273847
mix_UI_ST_5400_409,0.0004273847
cauldron_ln_16609,0.0015363122
mix_SI_UT_5400_684,0.0004273847
cauldron_ln_17353,0.0013324033
cauldron_ln_7453,0.0014956661
cauldron_ln_11055,0.0014542317
cauldron_ln_343,0.0011668636
mix_SI_UT_5400_903,0.0004702297
cauldron_ln_467,0.0012301703
mix_UI_ST_5400_689,0.0004273847
mix_UI_ST_5400_1367,0.0004273847
mix_SI_UT_5400_1299,0.0004273847
cauldron_ln_22910,0.001513666
mix_SI_UT_5400_701,0.0004273847
cauldron_ln_23748,0.0015676253
cauldron_ln_17549,0.0015463555
mix_SI_UT_5400_268,0.0004273847
mix_SI_UT_5400_242,0.0004273847
cauldron_ln_4812,0.0013745197
cauldron_ln_1500,0.0014141976
mix_SI_UT_5400_121,0.0004273847
cauldron_ln_14570,0.0014712961
mix_SI_UT_5400_806,0.0004273847
mix_UI_ST_5400_405,0.0004273847
cauldron_ln_18503,0.0015664756
cauldron_ln_12414,0.0014955449
mix_SI_UT_5400_1004,0.0004273847
cauldron_ln_8491,0.0015481507
mix_SI_UT_5400_180,0.0004273847
mix_SI_UT_5400_1265,0.0004273847
cauldron_ln_1792,0.0014352943
mix_SI_UT_5400_676,0.00042750427
mix_SI_UT_5400_943,0.0004273847
cauldron_ln_26109,0.0015671874
mix_UI_ST_5400_176,0.0004273847
cauldron_ln_17335,0.0015304114
cauldron_ln_21500,0.001562185
cauldron_ln_6716,0.0014850214
cauldron_ln_8570,0.0014845463
cauldron_ln_27679,0.0015393983
mix_SI_UT_5400_756,0.0004273847
mix_SI_UT_5400_549,0.0004273847
mix_SI_UT_5400_195,0.0004273847
mix_SI_UT_5400_834,0.0004273847
mix_UI_ST_5400_270,0.0004273847
mix_UI_ST_5400_593,0.0004273847
mix_SI_UT_5400_653,0.0004273847
cauldron_ln_14273,0.0015671874
cauldron_ln_23579,0.0013330925
cauldron_ln_19820,0.0015750718
mix_UI_ST_5400_268,0.0004273847
mix_SI_UT_5400_1389,0.0004273847
mix_SI_UT_5400_40,0.00042757907
cauldron_ln_2401,0.0013151041
cauldron_ln_23793,0.0015017134
mix_SI_UT_5400_1226,0.0004273847
mix_UI_ST_5400_916,0.0004273847
cauldron_ln_6741,0.0015411642
mix_SI_UT_5400_310,0.0004273847
mix_UI_ST_5400_632,0.0004273847
mix_SI_UT_5400_1387,0.00042750427
mix_SI_UT_5400_459,0.00042769872
cauldron_ln_20666,0.0015264462
cauldron_ln_9843,0.001559469
mix_UI_ST_5400_343,0.0004273847
cauldron_ln_23338,0.0015676253
cauldron_ln_28999,0.0014929943
mix_SI_UT_5400_1142,0.0004273847
cauldron_ln_9612,0.0014478768
mix_UI_ST_5400_271,0.00042750427
mix_SI_UT_5400_901,0.00042750427
cauldron_ln_16289,0.001562185
cauldron_ln_2351,0.0014406891
cauldron_ln_24157,0.0015261257
cauldron_ln_26790,0.001555145
mix_SI_UT_5400_232,0.00042769872
mix_UI_ST_5400_1181,0.0004273847
cauldron_ln_21779,0.0015148723
mix_UI_ST_5400_804,0.0004720854
cauldron_ln_20486,0.0015470168
mix_SI_UT_5400_956,0.00044666094
mix_SI_UT_5400_412,0.00043426213
mix_SI_UT_5400_616,0.0004273847
mix_UI_ST_5400_1024,0.0004273847
cauldron_ln_11372,0.0015671874
cauldron_ln_25415,0.0015186354
cauldron_ln_29622,0.0015059357
mix_SI_UT_5400_811,0.0004273847
cauldron_ln_28316,0.0015543663
mix_SI_UT_5400_359,0.0004273847
cauldron_ln_4601,0.0015274981
mix_SI_UT_5400_1173,0.00045673802
mix_UI_ST_5400_391,0.0004273847
mix_SI_UT_5400_1076,0.00042750427
cauldron_ln_28875,0.0015750718
cauldron_ln_1347,0.0010523138
cauldron_ln_5432,0.0015274981
mix_UI_ST_5400_1202,0.0004273847
cauldron_ln_19328,0.0015326733
cauldron_ln_5824,0.0015063508
mix_SI_UT_5400_890,0.00042757907
mix_UI_ST_5400_1049,0.0004337677
mix_SI_UT_5400_552,0.0004273847
cauldron_ln_3669,0.0014687785
cauldron_ln_10422,0.0015555271
cauldron_ln_27207,0.0015743566
cauldron_ln_14344,0.0015676253
cauldron_ln_15718,0.0015671874
mix_UI_ST_5400_16,0.0004273847
cauldron_ln_16775,0.0014673531
mix_SI_UT_5400_780,0.0004273847
mix_SI_UT_5400_796,0.00042757907
cauldron_ln_1525,0.0014314865
mix_UI_ST_5400_855,0.0004273847
cauldron_ln_14748,0.0015676253
cauldron_ln_4300,0.0014825877
cauldron_ln_29761,0.001563971
mix_UI_ST_5400_1412,0.00042757907
mix_UI_ST_5400_573,0.0004335705
mix_SI_UT_5400_462,0.0004715048
cauldron_ln_25295,0.0015696058
cauldron_ln_7238,0.0014976976
cauldron_ln_28503,0.0014453441
cauldron_ln_24761,0.0015671874
cauldron_ln_16001,0.0015664756
cauldron_ln_19262,0.0015696058
cauldron_ln_20349,0.0015664756
cauldron_ln_5376,0.0015220556
mix_UI_ST_5400_1249,0.0004273847
cauldron_ln_8022,0.0015594861
cauldron_ln_29615,0.0014613847
mix_UI_ST_5400_1203,0.0004273847
cauldron_ln_28377,0.0015091305
mix_SI_UT_5400_147,0.00042757907
mix_UI_ST_5400_23,0.0004273847
cauldron_ln_11262,0.0015244423
cauldron_ln_6588,0.0015110653
mix_SI_UT_5400_6,0.0004257476
cauldron_ln_2724,0.001456115
cauldron_ln_3229,0.0015343254
cauldron_ln_5163,0.0015343254
mix_UI_ST_5400_39,0.0004273847
mix_SI_UT_5400_763,0.0004273847
cauldron_ln_20248,0.0015025451
mix_SI_UT_5400_937,0.0004273847
cauldron_ln_1321,0.001152762
mix_SI_UT_5400_569,0.0004273847
mix_SI_UT_5400_717,0.0004273847
cauldron_ln_23410,0.0014792503
mix_SI_UT_5400_877,0.0004273847
cauldron_ln_16176,0.0015246535
cauldron_ln_24111,0.0013812246
cauldron_ln_556,0.0010998059
mix_SI_UT_5400_1495,0.0004273847
cauldron_ln_6787,0.0015474808
cauldron_ln_24473,0.0015083669
mix_UI_ST_5400_812,0.00045769097
mix_SI_UT_5400_657,0.00042750427
cauldron_ln_15448,0.0015577616
mix_SI_UT_5400_551,0.00042757907
cauldron_ln_14578,0.0015279673
cauldron_ln_26015,0.0015459233
cauldron_ln_21087,0.0014837395
cauldron_ln_11659,0.0015746317
cauldron_ln_8291,0.0014969498
mix_UI_ST_5400_345,0.0004273847
cauldron_ln_21328,0.0015363122
cauldron_ln_24870,0.0015122766
mix_UI_ST_5400_133,0.0004273847
cauldron_ln_17563,0.0015610075
mix_SI_UT_5400_245,0.00042757907
cauldron_ln_28317,0.0015045203
mix_UI_ST_5400_521,0.0004273847
cauldron_ln_4967,0.0015072298
mix_UI_ST_5400_142,0.00046231924
mix_UI_ST_5400_1355,0.00046657378
mix_UI_ST_5400_816,0.000446536
cauldron_ln_15062,0.0015664756
mix_UI_ST_5400_943,0.0004273847
cauldron_ln_8221,0.0014665045
mix_UI_ST_5400_100,0.00042757907
cauldron_ln_29283,0.001493827
mix_SI_UT_5400_561,0.0004273847
mix_UI_ST_5400_762,0.0004273847
mix_UI_ST_5400_1008,0.0004273847
cauldron_ln_3750,0.0015301228
cauldron_ln_20592,0.0015385785
mix_SI_UT_5400_332,0.0004273847
cauldron_ln_15756,0.0015671874
cauldron_ln_11736,0.0015058503
mix_UI_ST_5400_654,0.0004273847
cauldron_ln_10475,0.0015654587
mix_SI_UT_5400_75,0.0004273847
cauldron_ln_23924,0.0015451853
mix_SI_UT_5400_1448,0.0004273847
mix_SI_UT_5400_18,0.0004273847
mix_UI_ST_5400_693,0.00044550328
cauldron_ln_4903,0.0015274981
mix_SI_UT_5400_1358,0.00042750427
cauldron_ln_10095,0.0015293079
cauldron_ln_9570,0.0014658979
mix_SI_UT_5400_799,0.0004273847
cauldron_ln_497,0.0010719687
cauldron_ln_6786,0.0015269476
cauldron_ln_27321,0.001501717
cauldron_ln_8876,0.0015266984
cauldron_ln_11379,0.0015370102
cauldron_ln_2483,0.0013134455
cauldron_ln_5447,0.0014802219
cauldron_ln_17031,0.0015408407
mix_UI_ST_5400_1285,0.00042750427
mix_UI_ST_5400_366,0.0004273847
cauldron_ln_17538,0.0015676253
mix_UI_ST_5400_186,0.00043344926
cauldron_ln_3038,0.0014755102
mix_SI_UT_5400_451,0.0004273847
mix_SI_UT_5400_420,0.00042757907
cauldron_ln_9299,0.0015261577
cauldron_ln_12303,0.0015046364
cauldron_ln_24784,0.0015703188
cauldron_ln_10797,0.0015537181
mix_SI_UT_5400_1245,0.0004273847
cauldron_ln_13724,0.0014714753
mix_SI_UT_5400_387,0.00042750427
mix_UI_ST_5400_1384,0.0004273847
cauldron_ln_14649,0.001507598
mix_UI_ST_5400_193,0.0004478387
mix_SI_UT_5400_1048,0.0004273847
cauldron_ln_1764,0.001418803
mix_SI_UT_5400_125,0.0004273847
cauldron_ln_11048,0.0015236732
cauldron_ln_19348,0.0015032801
mix_SI_UT_5400_936,0.00044828738
cauldron_ln_17918,0.0015671874
mix_SI_UT_5400_715,0.0004273847
mix_UI_ST_5400_309,0.0004273847
cauldron_ln_4397,0.0015270713
mix_SI_UT_5400_1122,0.0004273847
mix_SI_UT_5400_1129,0.0004273847
cauldron_ln_26647,0.0014860753
cauldron_ln_11006,0.0015607347
cauldron_ln_3529,0.0015220556
mix_UI_ST_5400_1291,0.0004273847
mix_UI_ST_5400_1179,0.00042750427
mix_SI_UT_5400_1224,0.00042750427
cauldron_ln_25808,0.0015577616
cauldron_ln_740,0.0010625619
mix_SI_UT_5400_394,0.00042769872
mix_SI_UT_5400_519,0.0004273847
mix_SI_UT_5400_148,0.0004273847
cauldron_ln_25565,0.0015583973
cauldron_ln_28494,0.001552734
mix_SI_UT_5400_390,0.0004273847
cauldron_ln_11506,0.0014712757
cauldron_ln_16003,0.0015676253
mix_SI_UT_5400_252,0.0004273847
cauldron_ln_13721,0.0015671874
mix_SI_UT_5400_1225,0.0004273847
cauldron_ln_5291,0.0014939002
mix_UI_ST_5400_1308,0.00042757907
mix_SI_UT_5400_1468,0.0004273847
cauldron_ln_1406,0.0011574571
cauldron_ln_15481,0.0015701732
cauldron_ln_9301,0.0015549703
mix_UI_ST_5400_351,0.0004273847
mix_UI_ST_5400_1084,0.0004273847
mix_SI_UT_5400_493,0.0004273847
mix_SI_UT_5400_712,0.0004273847
mix_SI_UT_5400_254,0.0004273847
mix_UI_ST_5400_214,0.0004273847
mix_UI_ST_5400_1312,0.00044550328
cauldron_ln_22230,0.0015757469
cauldron_ln_16143,0.0015385785
mix_SI_UT_5400_1070,0.00043344926
mix_SI_UT_5400_695,0.0004273847
cauldron_ln_11668,0.0014874181
mix_SI_UT_5400_149,0.00043344926
mix_UI_ST_5400_640,0.00043790485
cauldron_ln_23296,0.0015743566
mix_SI_UT_5400_776,0.0004273847
mix_SI_UT_5400_1242,0.0004273847
cauldron_ln_17734,0.0015508796
cauldron_ln_26539,0.0015223346
cauldron_ln_5756,0.0015274981
mix_SI_UT_5400_613,0.0004273847
cauldron_ln_2252,0.0012979716
mix_UI_ST_5400_179,0.0004273847
mix_SI_UT_5400_719,0.00042757907
mix_UI_ST_5400_1444,0.00042750427
cauldron_ln_12070,0.0015698987
mix_SI_UT_5400_505,0.0004273847
mix_UI_ST_5400_1043,0.0004273847
mix_UI_ST_5400_860,0.0004273847
mix_UI_ST_5400_194,0.00042757907
mix_UI_ST_5400_1133,0.00042757907
cauldron_ln_22821,0.00156204
mix_SI_UT_5400_415,0.0004273847
cauldron_ln_7580,0.0014629776
mix_SI_UT_5400_1107,0.0004273847
mix_UI_ST_5400_480,0.0004273847
cauldron_ln_23885,0.0014782856
cauldron_ln_23570,0.0015528736
mix_SI_UT_5400_1385,0.0004273847
mix_SI_UT_5400_625,0.0004273847
cauldron_ln_21899,0.0015750718
mix_UI_ST_5400_1069,0.0004273847
mix_SI_UT_5400_1492,0.0004273847
cauldron_ln_17077,0.0015373849
cauldron_ln_6257,0.0014613352
mix_SI_UT_5400_213,0.00042750427
cauldron_ln_17715,0.0015628947
cauldron_ln_19637,0.0015237927
mix_SI_UT_5400_1188,0.0004273847
cauldron_ln_7098,0.001543099
cauldron_ln_7178,0.0015161458
mix_UI_ST_5400_669,0.0004273847
cauldron_ln_21883,0.0015669134
cauldron_ln_17536,0.0015264548
cauldron_ln_22977,0.0014772128
cauldron_ln_11369,0.0015676253
mix_SI_UT_5400_830,0.0004335705
cauldron_ln_21337,0.0015075677
cauldron_ln_5520,0.0014787975
mix_UI_ST_5400_529,0.00042769872
mix_SI_UT_5400_109,0.0004273847
cauldron_ln_25740,0.0015459233
mix_SI_UT_5400_636,0.0004273847
cauldron_ln_25308,0.0015746317
mix_SI_UT_5400_1010,0.00042757907
cauldron_ln_18008,0.0015676253
mix_SI_UT_5400_1326,0.00045740817
mix_SI_UT_5400_915,0.0004273847
cauldron_ln_17195,0.0014992615
cauldron_ln_13341,0.0015671874
mix_SI_UT_5400_1124,0.00044666094
cauldron_ln_3245,0.0015256534
cauldron_ln_8172,0.0014024469
mix_UI_ST_5400_926,0.0004273847
cauldron_ln_4876,0.0015067719
mix_UI_ST_5400_751,0.0004273847
mix_SI_UT_5400_1374,0.00042750427
mix_UI_ST_5400_975,0.00042757907
mix_SI_UT_5400_1405,0.0004273847
cauldron_ln_24849,0.0015019951
cauldron_ln_16941,0.0014722905
mix_SI_UT_5400_591,0.0004273847
cauldron_ln_15085,0.0015266046
mix_SI_UT_5400_596,0.00042757907
mix_UI_ST_5400_622,0.0004273847
cauldron_ln_11887,0.0015669134
cauldron_ln_106,0.0010328646
cauldron_ln_13192,0.001507893
cauldron_ln_22696,0.0015310316
cauldron_ln_29285,0.0015253556
mix_SI_UT_5400_470,0.0004273847
cauldron_ln_6912,0.001531577
cauldron_ln_9522,0.0015462392
mix_UI_ST_5400_1132,0.0004273847
cauldron_ln_28412,0.0014952153
mix_UI_ST_5400_221,0.0004273847
mix_SI_UT_5400_1045,0.0004273847
cauldron_ln_16172,0.0013844181
cauldron_ln_14103,0.001535883
mix_UI_ST_5400_1071,0.0004758836
mix_SI_UT_5400_1233,0.00042750427
mix_SI_UT_5400_111,0.0004273847
mix_SI_UT_5400_324,0.0004273847
mix_SI_UT_5400_116,0.00042750427
cauldron_ln_1235,0.0010806472
cauldron_ln_24255,0.0015081263
cauldron_ln_15710,0.0014777087
mix_SI_UT_5400_51,0.0004273847
cauldron_ln_20644,0.0015231197
cauldron_ln_21833,0.0015750718
cauldron_ln_23944,0.0015461221
mix_SI_UT_5400_308,0.00042750427
cauldron_ln_25956,0.0015024293
cauldron_ln_15934,0.0015263233
mix_UI_ST_5400_1159,0.0004273847
cauldron_ln_24050,0.0014471972
mix_SI_UT_5400_190,0.0004273847
cauldron_ln_6763,0.0015421103
mix_SI_UT_5400_2,0.0004257476
mix_UI_ST_5400_457,0.0004273847
mix_UI_ST_5400_1224,0.0004273847
cauldron_ln_16339,0.0014250021
cauldron_ln_5773,0.0015113638
mix_UI_ST_5400_1447,0.0004273847
mix_UI_ST_5400_956,0.0004273847
cauldron_ln_2312,0.0014297965
mix_UI_ST_5400_1003,0.0004273847
mix_UI_ST_5400_1425,0.0004273847
cauldron_ln_24204,0.0015696058
cauldron_ln_1617,0.0013854284
mix_SI_UT_5400_1050,0.0004335705
cauldron_ln_20936,0.0015577616
cauldron_ln_22017,0.0015489114
cauldron_ln_23477,0.0015671874
mix_SI_UT_5400_1038,0.0004273847
cauldron_ln_26664,0.0014260556
cauldron_ln_10615,0.0015345205
cauldron_ln_1497,0.0013716683
mix_SI_UT_5400_892,0.0004273847
mix_UI_ST_5400_1230,0.0004273847
mix_UI_ST_5400_1286,0.00042750427
cauldron_ln_19657,0.001458077
cauldron_ln_6233,0.0015064111
cauldron_ln_1337,0.0010681088
cauldron_ln_28617,0.0015217062
cauldron_ln_808,0.0011380533
cauldron_ln_29971,0.0015698987
mix_UI_ST_5400_1456,0.00042757907
mix_UI_ST_5400_1155,0.0004273847
cauldron_ln_22663,0.0014257526
cauldron_ln_19031,0.0015342203
mix_SI_UT_5400_688,0.0004335705
cauldron_ln_12081,0.0015739168
mix_UI_ST_5400_1440,0.0004273847
mix_UI_ST_5400_311,0.0004273847
mix_SI_UT_5400_1337,0.0004273847
cauldron_ln_8006,0.0015545085
cauldron_ln_10427,0.0015724555
cauldron_ln_4976,0.0014985907
mix_SI_UT_5400_878,0.0004273847
mix_UI_ST_5400_688,0.0004335705
cauldron_ln_397,0.0010699435
cauldron_ln_520,0.001153587
mix_UI_ST_5400_1063,0.00044550328
cauldron_ln_17300,0.0015671874
cauldron_ln_13607,0.0015113315
cauldron_ln_27780,0.0015676253
mix_UI_ST_5400_636,0.00042757907
mix_SI_UT_5400_1106,0.00042750427
mix_SI_UT_5400_343,0.0004273847
mix_UI_ST_5400_1146,0.0004273847
mix_SI_UT_5400_1025,0.0004273847
mix_UI_ST_5400_514,0.0004273847
cauldron_ln_10504,0.00149577
mix_SI_UT_5400_1473,0.0004273847
cauldron_ln_6725,0.0015411642
mix_UI_ST_5400_470,0.0004273847
mix_SI_UT_5400_140,0.0004273847
mix_UI_ST_5400_977,0.0004273847
mix_SI_UT_5400_1017,0.00045169325
mix_SI_UT_5400_1489,0.0004273847
mix_UI_ST_5400_106,0.0004273847
mix_UI_ST_5400_423,0.0004273847
cauldron_ln_6123,0.0014017832
mix_SI_UT_5400_977,0.0004273847
mix_SI_UT_5400_10,0.00042750427
mix_SI_UT_5400_1451,0.0004273847
cauldron_ln_10640,0.0015550348
mix_UI_ST_5400_969,0.0004273847
mix_SI_UT_5400_1235,0.0004273847
mix_UI_ST_5400_265,0.00042750427
cauldron_ln_16356,0.001570612
mix_UI_ST_5400_288,0.0004273847
mix_SI_UT_5400_899,0.0004273847
cauldron_ln_12458,0.0015244329
mix_UI_ST_5400_898,0.0004273847
cauldron_ln_13902,0.0015624438
mix_SI_UT_5400_141,0.0004273847
mix_UI_ST_5400_1006,0.0004273847
cauldron_ln_174,0.0011765312
mix_UI_ST_5400_1329,0.00042757907
mix_UI_ST_5400_1269,0.0004273847
mix_SI_UT_5400_289,0.0004273847
cauldron_ln_2976,0.0013996103
cauldron_ln_2421,0.0014051709
cauldron_ln_17143,0.0014225662
mix_UI_ST_5400_1190,0.0004273847
cauldron_ln_375,0.0010874092
cauldron_ln_17658,0.0015163082
cauldron_ln_4526,0.0015224811
mix_SI_UT_5400_176,0.0004273847
mix_SI_UT_5400_1372,0.0004273847
cauldron_ln_15776,0.0015627496
mix_UI_ST_5400_624,0.0004273847
mix_SI_UT_5400_648,0.00042757907
cauldron_ln_3352,0.0014761426
mix_UI_ST_5400_532,0.00042750427
mix_SI_UT_5400_822,0.0004273847
cauldron_ln_7366,0.0015474808
cauldron_ln_21184,0.0014501902
mix_UI_ST_5400_1092,0.00042757907
cauldron_ln_15774,0.0015526993
mix_UI_ST_5400_1496,0.00056217413
cauldron_ln_15467,0.0015676253
mix_UI_ST_5400_1452,0.0004273847
mix_UI_ST_5400_1338,0.0004273847
cauldron_ln_8632,0.0015261192
mix_SI_UT_5400_307,0.0004273847
cauldron_ln_7974,0.0014705824
mix_UI_ST_5400_284,0.0004273847
mix_UI_ST_5400_1341,0.00042757907
mix_SI_UT_5400_760,0.0004273847
mix_SI_UT_5400_778,0.00042750427
mix_SI_UT_5400_1264,0.0004273847
mix_SI_UT_5400_1100,0.0004273847
cauldron_ln_11907,0.0015671874
cauldron_ln_9012,0.0014996507
mix_UI_ST_5400_1309,0.0004273847
mix_SI_UT_5400_277,0.0004273847
mix_UI_ST_5400_197,0.00042757907
mix_UI_ST_5400_125,0.00043651764
cauldron_ln_12958,0.0014765481
mix_UI_ST_5400_1262,0.0004273847
cauldron_ln_29307,0.0014657262
mix_UI_ST_5400_1449,0.0004273847
cauldron_ln_7312,0.001521008
mix_SI_UT_5400_1146,0.0004273847
cauldron_ln_20680,0.0015627496
mix_UI_ST_5400_596,0.0004273847
mix_UI_ST_5400_942,0.00044666094
mix_SI_UT_5400_564,0.0004273847
cauldron_ln_18293,0.0015171227
cauldron_ln_2234,0.0014270785
mix_SI_UT_5400_354,0.0004273847
mix_SI_UT_5400_1330,0.0004273847
mix_UI_ST_5400_1066,0.0004441265
cauldron_ln_25988,0.0015288157
cauldron_ln_28634,0.0015664756
cauldron_ln_26039,0.0014711252
mix_UI_ST_5400_992,0.0004273847
mix_SI_UT_5400_401,0.0004273847
mix_SI_UT_5400_217,0.0004273847
cauldron_ln_2942,0.001517664
mix_UI_ST_5400_496,0.0004273847
cauldron_ln_12358,0.0015671874
cauldron_ln_13661,0.0014197471
mix_UI_ST_5400_211,0.0004273847
mix_SI_UT_5400_465,0.0004273847
mix_UI_ST_5400_1106,0.0004273847
cauldron_ln_20658,0.0015232314
cauldron_ln_6279,0.001456052
cauldron_ln_22994,0.0015355905
cauldron_ln_13194,0.001526061
cauldron_ln_5658,0.001451057
cauldron_ln_2476,0.0014270785
mix_UI_ST_5400_68,0.00042750427
cauldron_ln_1459,0.000985456
mix_UI_ST_5400_247,0.0004273847
mix_SI_UT_5400_503,0.0004273847
mix_UI_ST_5400_736,0.0004273847
cauldron_ln_21708,0.0015750718
cauldron_ln_28901,0.0015554337
cauldron_ln_1447,0.0012156398
mix_UI_ST_5400_53,0.0004273847
mix_SI_UT_5400_325,0.00042750427
mix_UI_ST_5400_1480,0.00045006306
mix_SI_UT_5400_38,0.0004273847
mix_SI_UT_5400_128,0.0004273847
mix_UI_ST_5400_1302,0.0004273847
mix_SI_UT_5400_1,0.00043965076
mix_SI_UT_5400_629,0.0004273847
mix_UI_ST_5400_40,0.00042750427
cauldron_ln_13116,0.0015618228
cauldron_ln_8125,0.0015518419
mix_SI_UT_5400_222,0.0004273847
cauldron_ln_12749,0.0015352258
mix_SI_UT_5400_590,0.00042757907
cauldron_ln_6846,0.0015470483
cauldron_ln_11275,0.0015201443
mix_SI_UT_5400_807,0.0004273847
mix_UI_ST_5400_19,0.0004273847
mix_SI_UT_5400_511,0.0004273847
cauldron_ln_17348,0.0015512176
cauldron_ln_17202,0.0015746317
mix_SI_UT_5400_1285,0.0004273847
mix_SI_UT_5400_622,0.00042750427
cauldron_ln_8394,0.001552547
mix_UI_ST_5400_695,0.0004273847
mix_SI_UT_5400_1119,0.0004273847
mix_UI_ST_5400_832,0.0004273847
mix_UI_ST_5400_1096,0.00045006306
cauldron_ln_25019,0.001535883
mix_SI_UT_5400_464,0.0004273847
mix_UI_ST_5400_134,0.0004273847
cauldron_ln_21512,0.0015625324
cauldron_ln_2457,0.0014093186
mix_UI_ST_5400_1131,0.0004273847
mix_UI_ST_5400_466,0.00044042422
cauldron_ln_7199,0.0015100583
cauldron_ln_9750,0.0015179197
mix_UI_ST_5400_59,0.0004273847
cauldron_ln_13692,0.0015385785
cauldron_ln_3244,0.0014563196
mix_UI_ST_5400_1220,0.00042750427
cauldron_ln_8784,0.0015425517
cauldron_ln_1227,0.0012760649
cauldron_ln_23463,0.0015676253
mix_SI_UT_5400_47,0.0004273847
cauldron_ln_4776,0.0014980942
mix_SI_UT_5400_839,0.0004273847
cauldron_ln_21360,0.0015217382
mix_SI_UT_5400_1143,0.0004273847
mix_SI_UT_5400_25,0.0004273847
mix_SI_UT_5400_1395,0.0004273847
mix_SI_UT_5400_205,0.0004273847
mix_SI_UT_5400_346,0.00043651764
cauldron_ln_6760,0.0014777945
cauldron_ln_15478,0.0015746317
mix_UI_ST_5400_509,0.0004273847
mix_UI_ST_5400_868,0.0004273847
mix_UI_ST_5400_78,0.0004273847
cauldron_ln_9173,0.001552547
mix_UI_ST_5400_938,0.0004273847
mix_SI_UT_5400_1253,0.00042750427
cauldron_ln_2553,0.0014542775
cauldron_ln_11528,0.0015147612
cauldron_ln_24903,0.0014931386
mix_UI_ST_5400_928,0.0004273847
cauldron_ln_27318,0.0015314245
cauldron_ln_6181,0.0015104997
mix_SI_UT_5400_1021,0.0004273847
mix_UI_ST_5400_801,0.0004273847
cauldron_ln_29752,0.0015488643
mix_UI_ST_5400_192,0.0004273847
cauldron_ln_18012,0.0015373849
cauldron_ln_28399,0.0015203347
cauldron_ln_7291,0.0015548319
mix_SI_UT_5400_679,0.0004273847
cauldron_ln_2145,0.0013927367
cauldron_ln_8364,0.0015259876
mix_SI_UT_5400_258,0.00042750427
mix_UI_ST_5400_1135,0.0004273847
mix_SI_UT_5400_810,0.0004273847
cauldron_ln_18633,0.0014715412
mix_UI_ST_5400_204,0.0004273847
cauldron_ln_12724,0.0015113315
cauldron_ln_11569,0.0015202608
mix_SI_UT_5400_74,0.0004273847
cauldron_ln_13789,0.0015572847
mix_UI_ST_5400_1407,0.00042769872
cauldron_ln_22656,0.0015510375
cauldron_ln_18909,0.0015676253
cauldron_ln_7647,0.0015470483
cauldron_ln_9398,0.0014928117
cauldron_ln_17570,0.001498764
cauldron_ln_25814,0.0014992158
mix_UI_ST_5400_602,0.0004273847
cauldron_ln_15559,0.0015676253
mix_UI_ST_5400_611,0.00042750427
mix_SI_UT_5400_433,0.0004273847
cauldron_ln_26233,0.001553267
mix_SI_UT_5400_393,0.0004273847
mix_SI_UT_5400_214,0.0004273847
cauldron_ln_22682,0.0015671874
mix_SI_UT_5400_477,0.0004273847
cauldron_ln_18544,0.0014490928
cauldron_ln_23923,0.0015572447
cauldron_ln_14189,0.0015460219
cauldron_ln_10908,0.0015654587
cauldron_ln_13971,0.0015089996
cauldron_ln_19625,0.0013931115
mix_UI_ST_5400_537,0.0004273847
mix_UI_ST_5400_1195,0.0004335705
cauldron_ln_26739,0.0015464689
cauldron_ln_24131,0.0014335833
mix_SI_UT_5400_920,0.0004273847
mix_SI_UT_5400_1383,0.0004273847
mix_SI_UT_5400_1293,0.00044008408
mix_UI_ST_5400_610,0.0004273847
cauldron_ln_14300,0.0015577616
cauldron_ln_5972,0.0015228884
cauldron_ln_22355,0.0015101008
mix_UI_ST_5400_485,0.0004273847
mix_SI_UT_5400_281,0.0004273847
cauldron_ln_15100,0.0014871809
mix_UI_ST_5400_1241,0.0004273847
mix_UI_ST_5400_1428,0.0004273847
cauldron_ln_13948,0.0015664756
mix_UI_ST_5400_60,0.0004273847
cauldron_ln_2574,0.0014180716
cauldron_ln_19196,0.0015664756
cauldron_ln_2618,0.0013843213
cauldron_ln_5056,0.0015343254
cauldron_ln_15189,0.001553381
mix_UI_ST_5400_817,0.0004273847
mix_SI_UT_5400_572,0.0004273847
mix_UI_ST_5400_732,0.00044008408
cauldron_ln_9703,0.0014850321
mix_UI_ST_5400_1423,0.0004273847
mix_UI_ST_5400_158,0.0004715048
mix_UI_ST_5400_183,0.00043414062
mix_UI_ST_5400_891,0.0004273847
cauldron_ln_9045,0.0015345498
mix_SI_UT_5400_1044,0.0004273847
mix_UI_ST_5400_1325,0.0004273847
mix_SI_UT_5400_708,0.0004273847
cauldron_ln_28990,0.0015671874
cauldron_ln_28089,0.0015664756
mix_UI_ST_5400_572,0.0004273847
cauldron_ln_15138,0.0014733942
cauldron_ln_22698,0.0015746317
cauldron_ln_2226,0.0014461866
mix_SI_UT_5400_1249,0.0004335705
mix_UI_ST_5400_1235,0.00044550328
mix_UI_ST_5400_879,0.0004273847
cauldron_ln_7248,0.0015548319
cauldron_ln_6328,0.0015344226
cauldron_ln_24676,0.0015463555
mix_UI_ST_5400_656,0.00044008408
mix_SI_UT_5400_256,0.0004273847
cauldron_ln_25223,0.0015746317
mix_UI_ST_5400_92,0.0004273847
mix_UI_ST_5400_903,0.0004273847
mix_UI_ST_5400_589,0.0004273847
mix_UI_ST_5400_538,0.00042750427
cauldron_ln_16542,0.0015671874
cauldron_ln_3853,0.0014553914
cauldron_ln_28794,0.0014865474
mix_UI_ST_5400_1439,0.0004273847
cauldron_ln_4530,0.0015274981
mix_UI_ST_5400_861,0.0004273847
mix_UI_ST_5400_713,0.0004273847
cauldron_ln_14176,0.0015671874
cauldron_ln_17782,0.0015268713
cauldron_ln_1393,0.0010879034
cauldron_ln_23286,0.0015746317
cauldron_ln_7997,0.0014936407
mix_SI_UT_5400_1005,0.00042750427
cauldron_ln_4803,0.0015270713
cauldron_ln_14593,0.001510645
mix_UI_ST_5400_802,0.0004273847
mix_SI_UT_5400_427,0.0004273847
mix_UI_ST_5400_331,0.0004273847
mix_SI_UT_5400_1272,0.0004273847
mix_UI_ST_5400_1121,0.0004273847
cauldron_ln_27118,0.0015488643
mix_SI_UT_5400_772,0.0004273847
cauldron_ln_9756,0.0014878177
cauldron_ln_1185,0.0010879034
cauldron_ln_26533,0.0015087884
mix_SI_UT_5400_1178,0.0004273847
mix_SI_UT_5400_223,0.0004273847
mix_SI_UT_5400_68,0.00042750427
cauldron_ln_29323,0.0015671874
mix_UI_ST_5400_1128,0.0004273847
cauldron_ln_12498,0.0015328367
cauldron_ln_17248,0.0015671874
mix_SI_UT_5400_626,0.0004273847
mix_SI_UT_5400_492,0.0004273847
mix_UI_ST_5400_874,0.0004273847
mix_UI_ST_5400_47,0.00042750427
cauldron_ln_17175,0.0015631865
cauldron_ln_27901,0.0015676253
mix_UI_ST_5400_54,0.0004273847
mix_SI_UT_5400_1130,0.0004273847
cauldron_ln_10232,0.0015654587
cauldron_ln_11586,0.0015746317
mix_SI_UT_5400_12,0.0004273847
cauldron_ln_4885,0.0015135083
cauldron_ln_25377,0.0015746317
mix_UI_ST_5400_498,0.00047862294
cauldron_ln_9821,0.0015491821
cauldron_ln_2475,0.0014454913
cauldron_ln_10469,0.0014450207
cauldron_ln_26085,0.0014382427
mix_UI_ST_5400_402,0.0004273847
mix_UI_ST_5400_105,0.0004273847
mix_SI_UT_5400_82,0.0004273847
cauldron_ln_18661,0.0015620467
mix_UI_ST_5400_798,0.00043651764
mix_UI_ST_5400_1339,0.0004273847
mix_UI_ST_5400_145,0.0004273847
cauldron_ln_29522,0.001570612
mix_UI_ST_5400_1156,0.0004273847
mix_SI_UT_5400_534,0.0004273847
mix_SI_UT_5400_720,0.0004273847
mix_SI_UT_5400_835,0.0004273847
cauldron_ln_24137,0.0015676253
cauldron_ln_18578,0.0015671874
mix_SI_UT_5400_479,0.0004273847
mix_UI_ST_5400_82,0.0004273847
mix_UI_ST_5400_232,0.00043414062
mix_SI_UT_5400_185,0.00043085907
cauldron_ln_22354,0.0015671874
cauldron_ln_27299,0.0014497166
mix_SI_UT_5400_517,0.0004273847
cauldron_ln_16637,0.0014890656
mix_UI_ST_5400_165,0.00042769872
mix_SI_UT_5400_379,0.0004353717
mix_UI_ST_5400_887,0.0004273847
mix_SI_UT_5400_1207,0.00042750427
cauldron_ln_4243,0.0014999927
mix_UI_ST_5400_280,0.0004273847
mix_SI_UT_5400_62,0.0004273847
mix_SI_UT_5400_803,0.0004273847
cauldron_ln_11317,0.0015121023
cauldron_ln_882,0.0010313365
cauldron_ln_18528,0.0015374501
cauldron_ln_14134,0.0015671874
mix_UI_ST_5400_249,0.0004273847
cauldron_ln_501,0.001295939
cauldron_ln_16919,0.0014305946
mix_UI_ST_5400_275,0.0004273847
mix_SI_UT_5400_259,0.00042757907
cauldron_ln_10414,0.001560317
mix_SI_UT_5400_135,0.00044550328
cauldron_ln_23891,0.0015669134
cauldron_ln_12781,0.0015676253
cauldron_ln_27869,0.0015671874
cauldron_ln_24381,0.0015468253
cauldron_ln_12780,0.0015617484
cauldron_ln_18038,0.0015385785
mix_UI_ST_5400_262,0.00042750427
cauldron_ln_11847,0.0015664756
cauldron_ln_11836,0.0015355884
cauldron_ln_11169,0.0015728951
cauldron_ln_21971,0.0014531445
cauldron_ln_19829,0.0014426846
mix_UI_ST_5400_244,0.0004273847
mix_SI_UT_5400_1200,0.0004273847
cauldron_ln_24272,0.0015671874
mix_UI_ST_5400_426,0.00042757907
mix_UI_ST_5400_570,0.0004273847
mix_SI_UT_5400_368,0.0004273847
cauldron_ln_24774,0.0015515146
cauldron_ln_12521,0.001555145
cauldron_ln_858,0.0011708618
cauldron_ln_11780,0.0015750718
cauldron_ln_12304,0.0015325922
cauldron_ln_5062,0.0015231727
mix_UI_ST_5400_1217,0.0004273847
mix_UI_ST_5400_803,0.00047129052
cauldron_ln_7069,0.0014973091
mix_SI_UT_5400_941,0.00042750427
mix_SI_UT_5400_1013,0.0004273847
cauldron_ln_25063,0.0015095882
cauldron_ln_23458,0.0015178213
cauldron_ln_12346,0.0015631865
mix_SI_UT_5400_1428,0.0004273847
mix_UI_ST_5400_991,0.0004273847
cauldron_ln_23973,0.0015446146
mix_SI_UT_5400_814,0.0004273847
cauldron_ln_9442,0.0015524848
cauldron_ln_29044,0.001535883
mix_SI_UT_5400_668,0.0004273847
cauldron_ln_28573,0.0015087884
cauldron_ln_10839,0.0015493702
cauldron_ln_234,0.0010560901
cauldron_ln_14738,0.001557187
mix_UI_ST_5400_1033,0.00044828738
cauldron_ln_15645,0.0015671874
cauldron_ln_9430,0.0015635035
mix_UI_ST_5400_433,0.0004273847
cauldron_ln_13414,0.0015671874
mix_UI_ST_5400_1453,0.0004273847
cauldron_ln_1336,0.0010882077
mix_SI_UT_5400_115,0.0004273847
mix_SI_UT_5400_754,0.0004273847
mix_SI_UT_5400_1172,0.00042750427
cauldron_ln_381,0.0010811976
cauldron_ln_4175,0.001512021
mix_UI_ST_5400_424,0.0004273847
cauldron_ln_27310,0.0014427636
mix_UI_ST_5400_701,0.0004273847
cauldron_ln_29200,0.0015671874
cauldron_ln_13571,0.0015069254
mix_UI_ST_5400_1111,0.0004273847
mix_UI_ST_5400_425,0.0004273847
cauldron_ln_11832,0.0015649319
cauldron_ln_253,0.0012188485
cauldron_ln_2261,0.0013523664
mix_UI_ST_5400_1324,0.00046326022
cauldron_ln_24226,0.0014576598
mix_SI_UT_5400_1144,0.0004273847
mix_UI_ST_5400_592,0.00045409103
cauldron_ln_15446,0.0015664756
cauldron_ln_13905,0.0015671874
mix_SI_UT_5400_383,0.0004273847
cauldron_ln_1188,0.0010051496
mix_SI_UT_5400_879,0.0004273847
cauldron_ln_15180,0.0015671874
cauldron_ln_7912,0.0014886255
cauldron_ln_6005,0.0015274981
mix_SI_UT_5400_617,0.00045524628
cauldron_ln_17731,0.0014861531
cauldron_ln_14600,0.0015378798
cauldron_ln_18804,0.0015114106
mix_SI_UT_5400_1481,0.0004273847
cauldron_ln_2384,0.0013124676
mix_UI_ST_5400_1275,0.0004273847
mix_UI_ST_5400_1280,0.0004273847
cauldron_ln_2864,0.0013342573
mix_UI_ST_5400_458,0.0004273847
cauldron_ln_23437,0.001495243
mix_SI_UT_5400_675,0.0004273847
cauldron_ln_8005,0.0015518419
cauldron_ln_14689,0.0015244329
cauldron_ln_1264,0.001136936
cauldron_ln_5624,0.0015224629
mix_SI_UT_5400_1098,0.00042750427
cauldron_ln_10737,0.0015479393
mix_SI_UT_5400_602,0.0004273847
mix_SI_UT_5400_1118,0.0004273847
mix_UI_ST_5400_571,0.0004273847
cauldron_ln_782,0.0012123921
mix_SI_UT_5400_683,0.00044482705
mix_UI_ST_5400_845,0.00042750427
cauldron_ln_9467,0.0015635035
mix_SI_UT_5400_586,0.0004273847
cauldron_ln_18317,0.0015445182
mix_UI_ST_5400_603,0.00042757907
cauldron_ln_10364,0.0014834328
cauldron_ln_21951,0.0015746317
cauldron_ln_6832,0.0015386496
cauldron_ln_22126,0.0015360783
mix_UI_ST_5400_859,0.0004273847
mix_SI_UT_5400_65,0.0004273847
cauldron_ln_28308,0.0015671874
cauldron_ln_16945,0.00156204
cauldron_ln_22718,0.0015515146
cauldron_ln_9608,0.0015556767
cauldron_ln_23386,0.0015676253
mix_UI_ST_5400_184,0.00043790485
cauldron_ln_25880,0.0015750718
mix_UI_ST_5400_1297,0.0004273847
cauldron_ln_7957,0.0015550702
mix_UI_ST_5400_18,0.00043790485
mix_SI_UT_5400_1324,0.0004273847
cauldron_ln_26789,0.0015669134
cauldron_ln_12315,0.0015739168
cauldron_ln_3659,0.0015274981
mix_UI_ST_5400_958,0.0004273847
mix_SI_UT_5400_975,0.0004273847
cauldron_ln_11223,0.0015426185
cauldron_ln_19762,0.0015671874
mix_UI_ST_5400_118,0.0004273847
mix_UI_ST_5400_1012,0.0004273847
cauldron_ln_14800,0.0015259985
mix_UI_ST_5400_1209,0.00042757907
mix_SI_UT_5400_550,0.0004273847
cauldron_ln_20840,0.0015554337
cauldron_ln_23550,0.0015113315
mix_SI_UT_5400_692,0.0004273847
cauldron_ln_23578,0.0015676253
mix_SI_UT_5400_98,0.0004273847
mix_UI_ST_5400_282,0.00043651764
mix_SI_UT_5400_999,0.0004273847
mix_UI_ST_5400_1386,0.0004273847
cauldron_ln_19738,0.0015669134
cauldron_ln_10862,0.0015384291
mix_UI_ST_5400_127,0.00042750427
cauldron_ln_18648,0.0015750718
cauldron_ln_21046,0.0015326076
mix_SI_UT_5400_363,0.0004335705
cauldron_ln_24064,0.0015750718
mix_UI_ST_5400_1001,0.00042750427
mix_SI_UT_5400_160,0.0004273847
cauldron_ln_10663,0.0015042839
cauldron_ln_24796,0.0014601613
mix_UI_ST_5400_187,0.00042750427
mix_SI_UT_5400_496,0.0004273847
mix_SI_UT_5400_407,0.0004273847
mix_UI_ST_5400_404,0.0004273847
cauldron_ln_15959,0.0014655357
cauldron_ln_6649,0.0014227424
cauldron_ln_3549,0.0015274981
cauldron_ln_1293,0.0011541904
mix_UI_ST_5400_831,0.00042757907
cauldron_ln_7631,0.0014464973
cauldron_ln_19177,0.0015403779
mix_SI_UT_5400_994,0.000446536
mix_UI_ST_5400_939,0.0004273847
mix_SI_UT_5400_689,0.00042750427
cauldron_ln_9724,0.0015657279
cauldron_ln_23057,0.0015370102
cauldron_ln_10321,0.0015522181
mix_SI_UT_5400_696,0.0004273847
cauldron_ln_29500,0.0015669134
cauldron_ln_19512,0.001526178
mix_SI_UT_5400_350,0.0004273847
cauldron_ln_1469,0.0010708439
mix_UI_ST_5400_200,0.0004273847
mix_SI_UT_5400_95,0.0004273847
cauldron_ln_19981,0.0015554337
mix_UI_ST_5400_1411,0.00047115868
cauldron_ln_408,0.0010874092
cauldron_ln_28898,0.0014524984
mix_SI_UT_5400_724,0.0004273847
mix_SI_UT_5400_639,0.0004273847
mix_UI_ST_5400_631,0.0004273847
mix_UI_ST_5400_377,0.0004273847
cauldron_ln_27294,0.0014905581
mix_SI_UT_5400_143,0.0004273847
cauldron_ln_24813,0.0015109422
mix_UI_ST_5400_641,0.0004273847
mix_UI_ST_5400_9,0.00043496725
cauldron_ln_11173,0.0015557716
cauldron_ln_17417,0.0014985586
mix_UI_ST_5400_225,0.0004273847
mix_SI_UT_5400_523,0.0004273847
cauldron_ln_28689,0.0015739168
mix_UI_ST_5400_289,0.00042750427
cauldron_ln_13302,0.001477198
cauldron_ln_24045,0.0015246631
cauldron_ln_15030,0.0015469372
mix_SI_UT_5400_932,0.0004273847
mix_UI_ST_5400_1036,0.0004273847
cauldron_ln_25474,0.0015385785
cauldron_ln_19242,0.0015676253
mix_UI_ST_5400_1356,0.0004273847
cauldron_ln_18842,0.0014801647
mix_UI_ST_5400_810,0.0004273847
mix_SI_UT_5400_1192,0.0004273847
cauldron_ln_15190,0.00153762
mix_UI_ST_5400_190,0.00042750427
cauldron_ln_7913,0.0015215346
mix_SI_UT_5400_1423,0.00042750427
cauldron_ln_5862,0.0014101986
cauldron_ln_11295,0.0015511202
mix_SI_UT_5400_11,0.0004273847
cauldron_ln_8670,0.001559922
cauldron_ln_2090,0.0014611864
cauldron_ln_6659,0.0015407336
mix_UI_ST_5400_57,0.0004675386
cauldron_ln_25926,0.0015624766
cauldron_ln_15974,0.0015584693
mix_SI_UT_5400_22,0.0004273847
cauldron_ln_21956,0.0015586792
cauldron_ln_22029,0.0015676253
cauldron_ln_1276,0.0010879034
mix_UI_ST_5400_1171,0.0004273847
cauldron_ln_27456,0.0015567385
mix_SI_UT_5400_891,0.0004273847
cauldron_ln_22474,0.0015122766
cauldron_ln_23939,0.0015460913
mix_UI_ST_5400_795,0.00042750427
cauldron_ln_24077,0.0015386994
cauldron_ln_11910,0.0015326733
cauldron_ln_22225,0.0014706873
cauldron_ln_6936,0.0015543974
mix_UI_ST_5400_604,0.0004273847
cauldron_ln_20698,0.0015676253
mix_UI_ST_5400_1263,0.0004273847
cauldron_ln_26056,0.0015466103
cauldron_ln_18112,0.0015413477
cauldron_ln_998,0.001108103
cauldron_ln_14833,0.0015331272
cauldron_ln_17237,0.0015378798
mix_UI_ST_5400_231,0.0004273847
mix_SI_UT_5400_601,0.0004273847
cauldron_ln_6138,0.0015231727
mix_SI_UT_5400_291,0.0004273847
mix_SI_UT_5400_514,0.0004273847
cauldron_ln_10250,0.0015357543
mix_UI_ST_5400_1212,0.0004273847
cauldron_ln_17851,0.0015458873
mix_SI_UT_5400_305,0.0004273847
mix_UI_ST_5400_1227,0.0004273847
cauldron_ln_14348,0.0014352171
mix_SI_UT_5400_846,0.0004273847
mix_UI_ST_5400_672,0.00042757907
mix_SI_UT_5400_1113,0.00043414062
mix_SI_UT_5400_539,0.00042757907
mix_UI_ST_5400_543,0.00042750427
mix_SI_UT_5400_875,0.00043426213
cauldron_ln_29643,0.0015386994
mix_SI_UT_5400_765,0.0004273847
mix_SI_UT_5400_584,0.0004273847
cauldron_ln_8539,0.0014929402
mix_SI_UT_5400_456,0.00042750427
mix_UI_ST_5400_666,0.0004273847
mix_UI_ST_5400_286,0.0004273847
mix_UI_ST_5400_663,0.0004273847
cauldron_ln_14523,0.0015161769
cauldron_ln_16505,0.0015676253
mix_UI_ST_5400_182,0.00043778238
cauldron_ln_29683,0.0015172001
cauldron_ln_23143,0.0015676253
cauldron_ln_16564,0.0015676253
cauldron_ln_16142,0.0014820717
cauldron_ln_20435,0.0015664756
mix_UI_ST_5400_438,0.00042750427
mix_UI_ST_5400_1465,0.00042750427
mix_SI_UT_5400_53,0.00043414062
mix_SI_UT_5400_476,0.0004273847
cauldron_ln_21716,0.0015664756
mix_UI_ST_5400_330,0.0004273847
cauldron_ln_15851,0.0015671874
cauldron_ln_17600,0.0015426509
cauldron_ln_10167,0.0014847493
cauldron_ln_10237,0.0015728951
cauldron_ln_29619,0.0015459233
mix_UI_ST_5400_1139,0.0004273847
mix_SI_UT_5400_1380,0.00042750427
mix_SI_UT_5400_1177,0.00042750427
cauldron_ln_5002,0.0015274981
cauldron_ln_22262,0.0015185168
cauldron_ln_26489,0.00155768
mix_SI_UT_5400_1426,0.0004273847
mix_UI_ST_5400_1288,0.0004273847
cauldron_ln_2508,0.0014378197
mix_UI_ST_5400_448,0.0004273847
cauldron_ln_14426,0.0015083461
cauldron_ln_16971,0.0014102961
cauldron_ln_5519,0.0015274981
cauldron_ln_9418,0.0015561116
cauldron_ln_13091,0.0013565414
cauldron_ln_14406,0.0015676253
mix_UI_ST_5400_750,0.0004273847
cauldron_ln_240,0.001154405
cauldron_ln_1610,0.0014298216
mix_UI_ST_5400_670,0.00042750427
mix_UI_ST_5400_315,0.0004273847
cauldron_ln_29830,0.0015443115
mix_SI_UT_5400_1120,0.0004273847
mix_SI_UT_5400_718,0.00042750427
mix_SI_UT_5400_435,0.00042750427
mix_SI_UT_5400_171,0.00043790485
cauldron_ln_16878,0.00155768
mix_SI_UT_5400_1288,0.00042750427
cauldron_ln_24518,0.0014512526
mix_SI_UT_5400_151,0.00043414062
cauldron_ln_12839,0.00156204
cauldron_ln_12600,0.0015676253
cauldron_ln_16593,0.0015113315
mix_UI_ST_5400_412,0.0004273847
cauldron_ln_14539,0.001555145
cauldron_ln_12908,0.0015671874
cauldron_ln_16152,0.0015190642
cauldron_ln_19101,0.0015144353
cauldron_ln_6309,0.0014994065
cauldron_ln_7531,0.0015543974
cauldron_ln_15199,0.0014897549
mix_SI_UT_5400_1088,0.0004273847
mix_UI_ST_5400_124,0.00043651764
mix_SI_UT_5400_637,0.0004273847
mix_UI_ST_5400_530,0.0004335705
mix_SI_UT_5400_1230,0.0004719534
mix_UI_ST_5400_1361,0.0004273847
mix_UI_ST_5400_1228,0.0004273847
mix_UI_ST_5400_544,0.00042750427
cauldron_ln_12631,0.0014965544
mix_UI_ST_5400_1174,0.0004273847
mix_UI_ST_5400_1433,0.0004273847
mix_UI_ST_5400_390,0.0004273847
mix_UI_ST_5400_848,0.00045409103
cauldron_ln_6134,0.0015270713
mix_UI_ST_5400_850,0.00042757907
mix_SI_UT_5400_783,0.0004273847
mix_SI_UT_5400_209,0.0004273847
cauldron_ln_24332,0.0015209573
mix_UI_ST_5400_1438,0.0004273847
mix_UI_ST_5400_1041,0.0004273847
mix_SI_UT_5400_290,0.0004273847
cauldron_ln_25639,0.0015030417
mix_UI_ST_5400_1468,0.0004273847
mix_UI_ST_5400_665,0.00046076442
mix_UI_ST_5400_566,0.0004273847
mix_UI_ST_5400_1281,0.0004273847
mix_SI_UT_5400_159,0.0004273847
cauldron_ln_1423,0.0012882241
cauldron_ln_18969,0.0014691617
mix_SI_UT_5400_1218,0.0004273847
cauldron_ln_12297,0.0014273939
cauldron_ln_3945,0.0014825566
cauldron_ln_8030,0.0015550769
mix_UI_ST_5400_580,0.0004273847
mix_UI_ST_5400_235,0.0004273847
cauldron_ln_14083,0.0015374084
mix_UI_ST_5400_42,0.00046529202
cauldron_ln_14162,0.0015625576
mix_UI_ST_5400_1062,0.0004273847
mix_UI_ST_5400_645,0.00047137294
cauldron_ln_16338,0.0015347572
mix_UI_ST_5400_738,0.0004273847
mix_SI_UT_5400_1493,0.00042750427
cauldron_ln_2951,0.0015172397
mix_UI_ST_5400_519,0.00042750427
cauldron_ln_20137,0.0015337982
mix_SI_UT_5400_910,0.0004273847
cauldron_ln_24018,0.0015676253
cauldron_ln_14716,0.0015190598
mix_UI_ST_5400_120,0.0004273847
cauldron_ln_996,0.0010879034
cauldron_ln_17297,0.001544488
cauldron_ln_7501,0.0015351314
mix_SI_UT_5400_805,0.0004273847
mix_SI_UT_5400_108,0.0004273847
mix_SI_UT_5400_367,0.0004273847
mix_SI_UT_5400_939,0.0004273847
cauldron_ln_8124,0.0014962222
cauldron_ln_4558,0.0015228884
mix_UI_ST_5400_789,0.0004273847
cauldron_ln_7869,0.0015311271
cauldron_ln_25700,0.001510645
cauldron_ln_19547,0.0015496756
mix_SI_UT_5400_43,0.0004273847
cauldron_ln_24786,0.0015676253
cauldron_ln_23928,0.0014882591
mix_SI_UT_5400_687,0.0004273847
cauldron_ln_22802,0.0014665835
mix_SI_UT_5400_740,0.00042757907
mix_SI_UT_5400_162,0.00042750427
mix_UI_ST_5400_213,0.00042750427
cauldron_ln_1853,0.0013724327
mix_SI_UT_5400_446,0.0004273847
cauldron_ln_14026,0.0015750718
mix_UI_ST_5400_1260,0.0004273847
cauldron_ln_21653,0.0015671874
mix_SI_UT_5400_508,0.0004273847
mix_SI_UT_5400_532,0.0004273847
cauldron_ln_16789,0.0015529956
mix_UI_ST_5400_856,0.0004273847
mix_UI_ST_5400_1034,0.00045789915
cauldron_ln_11205,0.0014611168
mix_UI_ST_5400_562,0.0004273847
mix_UI_ST_5400_1261,0.00042750427
mix_SI_UT_5400_962,0.0004273847
mix_UI_ST_5400_478,0.0004273847
mix_SI_UT_5400_99,0.00042757907
cauldron_ln_12588,0.0015001834
mix_UI_ST_5400_143,0.0004273847
mix_UI_ST_5400_108,0.0004273847
mix_UI_ST_5400_201,0.00042757907
mix_UI_ST_5400_934,0.0004273847
cauldron_ln_24658,0.0015676253
cauldron_ln_4606,0.001517807
cauldron_ln_4370,0.001451189
cauldron_ln_15212,0.0014790201
mix_SI_UT_5400_273,0.00042750427
mix_SI_UT_5400_1282,0.0004273847
mix_SI_UT_5400_1461,0.00042750427
cauldron_ln_4611,0.0015304084
cauldron_ln_148,0.0011106299
mix_UI_ST_5400_171,0.0004273847
cauldron_ln_29330,0.0015671874
mix_SI_UT_5400_1444,0.0004273847
cauldron_ln_15849,0.0015650793
mix_SI_UT_5400_1079,0.0004273847
cauldron_ln_27996,0.0015321202
mix_UI_ST_5400_1328,0.0004273847
cauldron_ln_308,0.0011638309
cauldron_ln_1385,0.0012527967
cauldron_ln_13559,0.0015676253
cauldron_ln_24016,0.0015577616
mix_SI_UT_5400_1437,0.0004273847
mix_SI_UT_5400_1417,0.0004273847
mix_UI_ST_5400_608,0.0004273847
cauldron_ln_26962,0.0015374501
mix_UI_ST_5400_1431,0.0004273847
cauldron_ln_4251,0.0013186962
cauldron_ln_7620,0.0015057442
mix_UI_ST_5400_866,0.0004273847
cauldron_ln_28642,0.0015676253
cauldron_ln_4319,0.0014066818
mix_SI_UT_5400_747,0.0004273847
mix_UI_ST_5400_976,0.0004273847
cauldron_ln_20184,0.0015671874
mix_SI_UT_5400_769,0.0004273847
mix_SI_UT_5400_1338,0.0004273847
cauldron_ln_1588,0.0013740447
mix_UI_ST_5400_1416,0.00042750427
cauldron_ln_9076,0.001552547
cauldron_ln_21341,0.0015504691
mix_UI_ST_5400_1172,0.00047129052
mix_SI_UT_5400_443,0.00042750427
cauldron_ln_17500,0.0015365807
cauldron_ln_7511,0.0014892642
cauldron_ln_10086,0.001561026
mix_UI_ST_5400_671,0.0004273847
mix_SI_UT_5400_1413,0.0004273847
mix_SI_UT_5400_440,0.0004273847
cauldron_ln_23100,0.0015447534
cauldron_ln_16900,0.0014851424
mix_SI_UT_5400_1267,0.00043651764
mix_SI_UT_5400_555,0.0004273847
cauldron_ln_26119,0.0014129733
mix_SI_UT_5400_196,0.00043401113
mix_SI_UT_5400_0,0.0004257476
cauldron_ln_18068,0.001518511
mix_SI_UT_5400_1443,0.00044283518
mix_UI_ST_5400_910,0.0004273847
mix_SI_UT_5400_930,0.00042757907
cauldron_ln_5488,0.0015268045
cauldron_ln_4996,0.0014818833
mix_SI_UT_5400_1064,0.00044016965
mix_UI_ST_5400_1446,0.00042750427
mix_UI_ST_5400_1421,0.0004273847
mix_SI_UT_5400_965,0.0004273847
mix_UI_ST_5400_306,0.0004273847
cauldron_ln_26059,0.0015544388
cauldron_ln_21753,0.001525782
cauldron_ln_29556,0.0015746317
cauldron_ln_23054,0.0015671874
cauldron_ln_3408,0.0015172397
cauldron_ln_23291,0.001562185
cauldron_ln_8958,0.0015417647
mix_SI_UT_5400_1345,0.0004273847
cauldron_ln_3256,0.0015113343
mix_UI_ST_5400_595,0.0004273847
cauldron_ln_25118,0.0015631865
cauldron_ln_15965,0.0015565753
mix_SI_UT_5400_321,0.0004273847
cauldron_ln_12660,0.0015378798
cauldron_ln_27846,0.0015565377
cauldron_ln_25807,0.0015676253
mix_SI_UT_5400_1309,0.0004273847
cauldron_ln_17901,0.0015676253
cauldron_ln_29501,0.0015676253
mix_SI_UT_5400_911,0.0004273847
cauldron_ln_595,0.0012666779
cauldron_ln_3863,0.0014729812
mix_UI_ST_5400_914,0.0004335705
cauldron_ln_12357,0.0015671874
cauldron_ln_17390,0.0015555797
mix_SI_UT_5400_1195,0.00043651764
mix_UI_ST_5400_461,0.0004273847
mix_SI_UT_5400_103,0.0004273847
mix_UI_ST_5400_1222,0.00042750427
mix_UI_ST_5400_17,0.0004273847
cauldron_ln_3480,0.0013181996
mix_UI_ST_5400_842,0.0004273847
cauldron_ln_4383,0.0015071078
cauldron_ln_20799,0.0015676253
mix_UI_ST_5400_1387,0.00043651764
mix_UI_ST_5400_483,0.0004273847
mix_UI_ST_5400_1424,0.00042750427
mix_UI_ST_5400_392,0.0004273847
mix_UI_ST_5400_1256,0.00042757907
mix_SI_UT_5400_501,0.0004560839
mix_UI_ST_5400_1477,0.0004273847
mix_SI_UT_5400_31,0.0004273847
mix_UI_ST_5400_36,0.00042750427
mix_SI_UT_5400_1273,0.0004273847
mix_SI_UT_5400_1482,0.00043344926
cauldron_ln_21286,0.0015750718
mix_SI_UT_5400_998,0.00042757907
cauldron_ln_18816,0.0015059995
cauldron_ln_1133,0.0010971858
cauldron_ln_15388,0.0015639315
mix_SI_UT_5400_233,0.0004273847
cauldron_ln_14165,0.0014867358
mix_SI_UT_5400_360,0.0004273847
cauldron_ln_18780,0.0015676253
cauldron_ln_25942,0.0015576035
cauldron_ln_23565,0.0015631865
mix_UI_ST_5400_1388,0.0004273847
mix_UI_ST_5400_368,0.0004273847
cauldron_ln_14906,0.0015671874
mix_UI_ST_5400_474,0.00046508046
mix_SI_UT_5400_1270,0.0004273847
mix_UI_ST_5400_925,0.00043414062
mix_SI_UT_5400_120,0.0004273847
mix_UI_ST_5400_253,0.0004273847
mix_SI_UT_5400_798,0.0004273847
mix_UI_ST_5400_188,0.00042757907
cauldron_ln_20716,0.0015669134
mix_UI_ST_5400_755,0.0004273847
mix_SI_UT_5400_1006,0.00042757907
mix_SI_UT_5400_1215,0.00043790485
cauldron_ln_26624,0.0013745034
cauldron_ln_209,0.0010453576
cauldron_ln_21636,0.001518576
cauldron_ln_27646,0.0015186397
mix_UI_ST_5400_1058,0.0004273847
cauldron_ln_7404,0.001518926
mix_SI_UT_5400_725,0.00042750427
cauldron_ln_29835,0.0015671874
mix_SI_UT_5400_89,0.00044020722
mix_UI_ST_5400_49,0.0004335705
cauldron_ln_22002,0.0015631865
cauldron_ln_15013,0.0015746317
cauldron_ln_23439,0.0015628947
mix_UI_ST_5400_873,0.00042750427
mix_UI_ST_5400_516,0.0004273847
cauldron_ln_8154,0.001506901
mix_UI_ST_5400_81,0.0004273847
mix_SI_UT_5400_1203,0.0004273847
cauldron_ln_27451,0.0015575895
mix_UI_ST_5400_1040,0.0004273847
cauldron_ln_1404,0.0011433369
mix_UI_ST_5400_760,0.00045769097
mix_SI_UT_5400_96,0.0004273847
cauldron_ln_13365,0.0014876045
mix_SI_UT_5400_224,0.00042750427
cauldron_ln_22626,0.00155768
cauldron_ln_2408,0.0014495006
mix_SI_UT_5400_655,0.0004273847
mix_SI_UT_5400_425,0.00042757907
mix_SI_UT_5400_1321,0.00045655327
mix_UI_ST_5400_955,0.0004273847
cauldron_ln_5592,0.0015067719
mix_UI_ST_5400_128,0.0004273847
mix_SI_UT_5400_428,0.0004273847
cauldron_ln_11037,0.0015495975
cauldron_ln_6711,0.001477594
mix_SI_UT_5400_80,0.00044550328
mix_UI_ST_5400_783,0.0004273847
mix_UI_ST_5400_1120,0.00044042422
mix_SI_UT_5400_680,0.0004273847
mix_UI_ST_5400_62,0.0004273847
cauldron_ln_18773,0.0015669134
cauldron_ln_12062,0.001545317
cauldron_ln_2587,0.0014499057
cauldron_ln_8513,0.001541104
cauldron_ln_23014,0.0014397255
cauldron_ln_3366,0.0013936448
mix_SI_UT_5400_71,0.0004273847
mix_SI_UT_5400_1018,0.00042757907
mix_UI_ST_5400_297,0.0004273847
cauldron_ln_10125,0.0015525203
cauldron_ln_13072,0.001557098
cauldron_ln_6713,0.0013515648
cauldron_ln_17171,0.0015531776
mix_SI_UT_5400_1252,0.00043651764
mix_SI_UT_5400_266,0.0004273847
mix_UI_ST_5400_1051,0.00042750427
cauldron_ln_15015,0.0015288157
cauldron_ln_28632,0.0015750718
mix_SI_UT_5400_917,0.0004273847
mix_SI_UT_5400_348,0.00042757907
cauldron_ln_18641,0.00156204
cauldron_ln_1759,0.0013922241
mix_UI_ST_5400_684,0.0004273847
cauldron_ln_17447,0.00153339
cauldron_ln_8751,0.00153771
mix_UI_ST_5400_394,0.0004273847
mix_UI_ST_5400_301,0.00042769872
mix_SI_UT_5400_73,0.0004273847
cauldron_ln_9351,0.001514358
cauldron_ln_16813,0.0015750718
mix_SI_UT_5400_682,0.00042750427
cauldron_ln_28248,0.0015326018
cauldron_ln_27142,0.0015676253
mix_SI_UT_5400_1429,0.00045769097
mix_SI_UT_5400_374,0.00042750427
cauldron_ln_16067,0.0013633313
cauldron_ln_13320,0.0015228615
mix_SI_UT_5400_280,0.0004273847
cauldron_ln_7749,0.0015141626
mix_SI_UT_5400_13,0.0004273847
mix_SI_UT_5400_173,0.00042750427
cauldron_ln_8325,0.0015496735
cauldron_ln_6180,0.0015067719
mix_UI_ST_5400_764,0.00045740817
cauldron_ln_22690,0.0015451853
cauldron_ln_18143,0.0015676253
mix_UI_ST_5400_291,0.0004273847
cauldron_ln_26253,0.001421893
cauldron_ln_16210,0.0015402415
cauldron_ln_17795,0.0015116186
mix_UI_ST_5400_443,0.0004273847
mix_UI_ST_5400_1089,0.0004273847
cauldron_ln_28264,0.00156988
mix_UI_ST_5400_908,0.0004273847
mix_SI_UT_5400_945,0.00047391962
mix_UI_ST_5400_227,0.0004273847
mix_SI_UT_5400_1148,0.0004273847
mix_UI_ST_5400_1185,0.0004273847
mix_UI_ST_5400_1247,0.00044550328
cauldron_ln_3906,0.0015343254
mix_SI_UT_5400_1313,0.0004273847
cauldron_ln_9806,0.0015072534
mix_UI_ST_5400_1454,0.0004273847
mix_SI_UT_5400_1415,0.0004273847
mix_UI_ST_5400_993,0.0004273847
mix_UI_ST_5400_369,0.0004273847
mix_SI_UT_5400_742,0.00042750427
mix_UI_ST_5400_965,0.00042750427
mix_SI_UT_5400_1159,0.0004366398
cauldron_ln_29559,0.0013083902
mix_SI_UT_5400_888,0.00042757907
mix_SI_UT_5400_855,0.0004273847
cauldron_ln_13165,0.0015614503
cauldron_ln_24218,0.0015295292
mix_SI_UT_5400_1414,0.0004273847
cauldron_ln_8928,0.00141532
mix_SI_UT_5400_650,0.0004273847
mix_UI_ST_5400_1271,0.0004273847
mix_SI_UT_5400_1316,0.0004273847
mix_UI_ST_5400_661,0.00042750427
mix_UI_ST_5400_978,0.00042750427
mix_SI_UT_5400_417,0.0004273847
cauldron_ln_23135,0.0014110154
mix_UI_ST_5400_398,0.00042750427
cauldron_ln_8244,0.0015518419
mix_SI_UT_5400_1347,0.00042750427
cauldron_ln_23130,0.0015372627
mix_UI_ST_5400_1358,0.0004273847
mix_SI_UT_5400_871,0.0004273847
mix_SI_UT_5400_1164,0.00042750427
cauldron_ln_29887,0.0015187641
cauldron_ln_3388,0.0015146487
cauldron_ln_12944,0.0014947228
mix_UI_ST_5400_505,0.0004273847
cauldron_ln_4161,0.0015270713
cauldron_ln_7445,0.0014239387
mix_UI_ST_5400_1391,0.00048447464
mix_SI_UT_5400_1354,0.0004273847
mix_UI_ST_5400_155,0.0004273847
cauldron_ln_17399,0.0015114502
cauldron_ln_6777,0.001518117
cauldron_ln_3869,0.0015347544
mix_SI_UT_5400_632,0.0004480424
mix_SI_UT_5400_944,0.0004273847
mix_SI_UT_5400_1109,0.0004273847
mix_UI_ST_5400_960,0.0004273847
mix_SI_UT_5400_710,0.0004273847
cauldron_ln_18378,0.001556909
cauldron_ln_13816,0.0015122766
cauldron_ln_21654,0.0015671874
cauldron_ln_14213,0.0015140445
cauldron_ln_16706,0.0015374501
cauldron_ln_18622,0.0015671874
cauldron_ln_22995,0.0015116675
cauldron_ln_6518,0.0014680128
mix_UI_ST_5400_1352,0.0004273847
mix_UI_ST_5400_586,0.0004273847
mix_UI_ST_5400_700,0.0004273847
cauldron_ln_17240,0.0014136347
cauldron_ln_27730,0.0015363122
mix_UI_ST_5400_508,0.0004273847
cauldron_ln_11336,0.0014250062
mix_UI_ST_5400_1380,0.0004273847
cauldron_ln_26964,0.0015579715
cauldron_ln_15771,0.0015746317
mix_UI_ST_5400_635,0.00042750427
cauldron_ln_15546,0.0015066176
cauldron_ln_14366,0.0014975207
cauldron_ln_25571,0.0015412964
cauldron_ln_9580,0.0013428977
cauldron_ln_1147,0.0010882077
cauldron_ln_11375,0.0015750718
cauldron_ln_20179,0.00143448
mix_SI_UT_5400_540,0.0004273847
mix_UI_ST_5400_98,0.0004273847
mix_SI_UT_5400_826,0.0004273847
mix_UI_ST_5400_1126,0.0004273847
cauldron_ln_22598,0.0014136347
mix_SI_UT_5400_1442,0.00045756294
mix_SI_UT_5400_1033,0.00045769097
mix_UI_ST_5400_1333,0.0004811704
mix_UI_ST_5400_77,0.0004273847
mix_UI_ST_5400_43,0.0004273847
mix_UI_ST_5400_1004,0.0004273847
mix_UI_ST_5400_563,0.0004273847
cauldron_ln_3996,0.0014599285
cauldron_ln_24640,0.0015543663
cauldron_ln_19145,0.0014836617
mix_UI_ST_5400_11,0.0004273847
cauldron_ln_26738,0.0015581064
mix_SI_UT_5400_373,0.0004273847
mix_SI_UT_5400_1320,0.0004273847
mix_UI_ST_5400_56,0.00045429752
mix_UI_ST_5400_1323,0.0004273847
cauldron_ln_4946,0.0015009536
mix_SI_UT_5400_230,0.0004273847
cauldron_ln_13563,0.001553267
cauldron_ln_23479,0.0015676253
mix_UI_ST_5400_1283,0.0004273847
cauldron_ln_28267,0.0015573262
cauldron_ln_24420,0.0013981388
mix_SI_UT_5400_981,0.0004273847
mix_SI_UT_5400_1396,0.0004273847
cauldron_ln_27807,0.0015447534
cauldron_ln_22265,0.0014115886
cauldron_ln_21549,0.0015497908
cauldron_ln_24567,0.0015676253
cauldron_ln_25451,0.0015750718
mix_SI_UT_5400_567,0.0004273847
mix_SI_UT_5400_311,0.0004273847
mix_UI_ST_5400_376,0.00045409103
mix_UI_ST_5400_1147,0.0004273847
mix_SI_UT_5400_1167,0.0004273847
mix_UI_ST_5400_436,0.0004337677
cauldron_ln_19527,0.0015541805
cauldron_ln_16475,0.0015750718
cauldron_ln_2730,0.0012995364
cauldron_ln_28871,0.0015627564
mix_UI_ST_5400_886,0.0004273847
cauldron_ln_6014,0.0014985129
cauldron_ln_7530,0.0014943961
cauldron_ln_11799,0.0015671874
cauldron_ln_12531,0.0015750718
cauldron_ln_23062,0.0015676253
mix_SI_UT_5400_1054,0.00048601814
cauldron_ln_6417,0.0015340918
mix_UI_ST_5400_1115,0.0004273847
cauldron_ln_17894,0.0013748712
mix_SI_UT_5400_1104,0.0004273847
mix_UI_ST_5400_1418,0.0004273847
mix_UI_ST_5400_945,0.0004273847
cauldron_ln_15376,0.0015746317
mix_SI_UT_5400_851,0.0004273847
cauldron_ln_4105,0.0014999927
mix_UI_ST_5400_138,0.00042750427
cauldron_ln_14698,0.0015332388
cauldron_ln_6529,0.0015191025
cauldron_ln_7990,0.0014615566
mix_SI_UT_5400_60,0.00042757907
cauldron_ln_1645,0.0014279344
mix_UI_ST_5400_395,0.00045770232
cauldron_ln_2487,0.0014481373
mix_SI_UT_5400_20,0.0004335705
cauldron_ln_12867,0.0014992829
mix_UI_ST_5400_711,0.0004273847
cauldron_ln_12122,0.0015011121
cauldron_ln_16734,0.001495963
mix_SI_UT_5400_207,0.0004273847
cauldron_ln_5697,0.0015347544
cauldron_ln_3185,0.0014867994
mix_SI_UT_5400_388,0.0004273847
mix_UI_ST_5400_1002,0.00045007397
mix_SI_UT_5400_927,0.0004273847
mix_SI_UT_5400_1221,0.0004273847
cauldron_ln_3613,0.0014655964
cauldron_ln_5046,0.0014109906
cauldron_ln_22967,0.0015664756
cauldron_ln_3533,0.0014938504
cauldron_ln_15775,0.00156204
cauldron_ln_6282,0.0014904701
mix_UI_ST_5400_1011,0.0004335705
mix_SI_UT_5400_909,0.0004273847
cauldron_ln_10239,0.001560317
mix_UI_ST_5400_896,0.0004273847
mix_SI_UT_5400_529,0.0004273847
mix_SI_UT_5400_454,0.0004273847
cauldron_ln_1868,0.001435226
mix_SI_UT_5400_545,0.0004273847
cauldron_ln_17475,0.0015233824
mix_UI_ST_5400_1383,0.00043790485
mix_SI_UT_5400_991,0.00042769872
mix_SI_UT_5400_274,0.0004273847
cauldron_ln_14761,0.0013685569
mix_UI_ST_5400_449,0.0004273847
cauldron_ln_28224,0.0015078534
mix_SI_UT_5400_1152,0.0004273847
cauldron_ln_1267,0.0012045841
mix_UI_ST_5400_451,0.00048278435
mix_SI_UT_5400_1260,0.0004273847
cauldron_ln_26791,0.0015497812
cauldron_ln_21868,0.0015676253
mix_UI_ST_5400_385,0.0004273847
mix_UI_ST_5400_1332,0.0004273847
mix_UI_ST_5400_1080,0.0004273847
cauldron_ln_9876,0.0015668769
cauldron_ln_3389,0.0015146487
cauldron_ln_3419,0.0014599687
cauldron_ln_7377,0.0015188067
mix_SI_UT_5400_727,0.00042769872
cauldron_ln_15394,0.0014966092
cauldron_ln_6749,0.0015484854
mix_SI_UT_5400_1197,0.0004273847
cauldron_ln_20334,0.0014924464
cauldron_ln_23163,0.0015369831
mix_UI_ST_5400_947,0.0004273847
cauldron_ln_6764,0.0014711084
mix_UI_ST_5400_601,0.0004273847
cauldron_ln_13822,0.0015537012
mix_SI_UT_5400_271,0.0004273847
cauldron_ln_445,0.0012435368
cauldron_ln_27272,0.0015573262
cauldron_ln_14965,0.0015283318
mix_UI_ST_5400_136,0.0004273847
mix_UI_ST_5400_123,0.0004273847
cauldron_ln_21529,0.0015365807
mix_UI_ST_5400_614,0.0004273847
cauldron_ln_14892,0.0015385785
mix_UI_ST_5400_34,0.0004273847
cauldron_ln_12009,0.0015676253
mix_UI_ST_5400_1472,0.0004273847
mix_SI_UT_5400_364,0.0004273847
cauldron_ln_15396,0.0014895039
cauldron_ln_4362,0.0014909904
mix_UI_ST_5400_71,0.0004273847
mix_UI_ST_5400_365,0.0004273847
mix_SI_UT_5400_789,0.0004273847
mix_UI_ST_5400_346,0.0004273847
mix_SI_UT_5400_809,0.0004273847
mix_UI_ST_5400_644,0.0004273847
cauldron_ln_25862,0.0015386994
cauldron_ln_11830,0.0015167595
cauldron_ln_21208,0.0015378798
mix_SI_UT_5400_1300,0.0004273847
cauldron_ln_3110,0.0014464373
mix_SI_UT_5400_1058,0.0004273847
mix_SI_UT_5400_556,0.0004273847
mix_UI_ST_5400_22,0.00042757907
mix_SI_UT_5400_691,0.0004366398
cauldron_ln_8414,0.0015111818
cauldron_ln_12572,0.0013719642
mix_SI_UT_5400_1032,0.0004273847
mix_SI_UT_5400_444,0.00042750427
mix_SI_UT_5400_1186,0.0004273847
cauldron_ln_13048,0.0015374501
cauldron_ln_15964,0.0015676253
cauldron_ln_153,0.0010733324
mix_SI_UT_5400_1262,0.0004273847
cauldron_ln_15623,0.0015669134
cauldron_ln_24285,0.0015311125
mix_UI_ST_5400_325,0.0004273847
cauldron_ln_28917,0.0015108056
cauldron_ln_29924,0.0014634138
mix_SI_UT_5400_474,0.0004273847
cauldron_ln_925,0.0011799666
mix_SI_UT_5400_490,0.0004860272
cauldron_ln_20811,0.0015664756
cauldron_ln_15907,0.001524007
cauldron_ln_5986,0.001517664
mix_SI_UT_5400_1361,0.0004273847
mix_SI_UT_5400_1029,0.00045007397
mix_SI_UT_5400_1147,0.0004273847
mix_SI_UT_5400_729,0.00043544787
mix_SI_UT_5400_267,0.0004273847
mix_SI_UT_5400_1398,0.00043778238
cauldron_ln_20681,0.0014390814
mix_SI_UT_5400_979,0.0004273847
mix_SI_UT_5400_753,0.0004273847
cauldron_ln_15815,0.001492703
cauldron_ln_17140,0.0015370102
mix_SI_UT_5400_303,0.00042757907
mix_SI_UT_5400_928,0.00042750427
mix_UI_ST_5400_1153,0.00045665816
cauldron_ln_27753,0.0015543663
cauldron_ln_21153,0.0015671874
mix_UI_ST_5400_393,0.0004273847
mix_SI_UT_5400_1190,0.0004273847
cauldron_ln_18592,0.0015664756
cauldron_ln_19629,0.001555188
mix_UI_ST_5400_712,0.0004273847
cauldron_ln_5853,0.0014796392
mix_UI_ST_5400_503,0.0004273847
mix_UI_ST_5400_1188,0.0004273847
cauldron_ln_27931,0.001452286
cauldron_ln_9883,0.0015583253
mix_UI_ST_5400_718,0.0004273847
mix_UI_ST_5400_1112,0.00042750427
cauldron_ln_21807,0.0015676253
mix_SI_UT_5400_1400,0.0004273847
cauldron_ln_18891,0.00155768
cauldron_ln_26788,0.0014141424
mix_SI_UT_5400_578,0.00042769872
mix_UI_ST_5400_1372,0.0004273847
mix_SI_UT_5400_631,0.0004273847
cauldron_ln_9334,0.0015561116
mix_SI_UT_5400_1371,0.0004273847
cauldron_ln_3453,0.0015231727
cauldron_ln_4110,0.0015270713
cauldron_ln_19238,0.001413147
cauldron_ln_20095,0.0014990052
cauldron_ln_9407,0.0015623568
cauldron_ln_23229,0.0015076423
cauldron_ln_14042,0.0014984224
mix_UI_ST_5400_1123,0.00042757907
mix_SI_UT_5400_721,0.00042750427
mix_SI_UT_5400_1189,0.00042750427
cauldron_ln_5979,0.0013269692
cauldron_ln_18314,0.0015676253
cauldron_ln_29373,0.00155768
mix_SI_UT_5400_1322,0.0004273847
mix_UI_ST_5400_826,0.00046529202
mix_UI_ST_5400_506,0.0004273847
mix_SI_UT_5400_1465,0.00043344926
mix_UI_ST_5400_799,0.0004273847
cauldron_ln_1033,0.0012475455
mix_SI_UT_5400_1454,0.00043651764
cauldron_ln_16680,0.0015513086
mix_UI_ST_5400_1158,0.0004273847
mix_UI_ST_5400_111,0.0004273847
cauldron_ln_24909,0.0013970588
cauldron_ln_24503,0.0015419753
mix_SI_UT_5400_666,0.0004273847
mix_UI_ST_5400_869,0.0004273847
mix_UI_ST_5400_1186,0.0004273847
cauldron_ln_23459,0.0015006341
cauldron_ln_10632,0.0014842771
mix_SI_UT_5400_250,0.00045006306
cauldron_ln_7509,0.0014730028
mix_UI_ST_5400_371,0.00042750427
mix_SI_UT_5400_1092,0.0004273847
mix_SI_UT_5400_1286,0.0004273847
cauldron_ln_4117,0.0015270713
mix_SI_UT_5400_24,0.0004273847
mix_SI_UT_5400_102,0.0004273847
cauldron_ln_17,0.0011742081
cauldron_ln_26430,0.0015146949
mix_SI_UT_5400_575,0.0004512016
cauldron_ln_13979,0.0015192067
mix_SI_UT_5400_774,0.0004273847
cauldron_ln_22954,0.0013575422
cauldron_ln_2880,0.0014909478
cauldron_ln_10776,0.0015650213
cauldron_ln_16517,0.0014777383
mix_SI_UT_5400_174,0.00042757907
cauldron_ln_6622,0.0015205917
mix_UI_ST_5400_389,0.0004273847
mix_SI_UT_5400_926,0.0004273847
cauldron_ln_2001,0.0013186642
mix_UI_ST_5400_452,0.0004273847
cauldron_ln_2026,0.0013832939
mix_SI_UT_5400_950,0.00042757907
mix_UI_ST_5400_269,0.0004273847
cauldron_ln_14830,0.0015415085
mix_SI_UT_5400_1367,0.0004337677
mix_SI_UT_5400_239,0.0004273847
cauldron_ln_23040,0.0015750718
mix_UI_ST_5400_773,0.00042757907
mix_UI_ST_5400_333,0.0004273847
mix_UI_ST_5400_342,0.0004273847
mix_UI_ST_5400_745,0.0004273847
mix_UI_ST_5400_439,0.0004273847
cauldron_ln_8752,0.0015345498
mix_UI_ST_5400_75,0.0004273847
mix_SI_UT_5400_566,0.0004273847
mix_UI_ST_5400_522,0.0004273847
cauldron_ln_25813,0.0015565775
mix_SI_UT_5400_334,0.0004273847
cauldron_ln_16716,0.0014806893
mix_UI_ST_5400_411,0.0004273847
mix_UI_ST_5400_314,0.0004273847
cauldron_ln_16863,0.00155768
cauldron_ln_11245,0.0015597088
cauldron_ln_24618,0.0014666296
cauldron_ln_13684,0.0015056431
mix_SI_UT_5400_976,0.0004273847
cauldron_ln_11231,0.0015055141
mix_UI_ST_5400_946,0.0004273847
cauldron_ln_8563,0.001552547
mix_UI_ST_5400_86,0.0004273847
mix_SI_UT_5400_264,0.0004335705
cauldron_ln_13845,0.001509019
mix_SI_UT_5400_583,0.0004273847
mix_UI_ST_5400_1064,0.0004273847
cauldron_ln_16452,0.0015238777
mix_SI_UT_5400_838,0.0004273847
mix_SI_UT_5400_183,0.0004335705
mix_UI_ST_5400_157,0.0004273847
mix_SI_UT_5400_1296,0.00042757907
mix_UI_ST_5400_1163,0.0004273847
mix_SI_UT_5400_1108,0.0004273847
cauldron_ln_14314,0.0015602093
mix_SI_UT_5400_527,0.0004273847
mix_UI_ST_5400_1362,0.0004273847
mix_UI_ST_5400_998,0.00043414062
cauldron_ln_16903,0.0015664756
cauldron_ln_29432,0.0014717396
cauldron_ln_29917,0.0015333104
cauldron_ln_13460,0.001570612
mix_SI_UT_5400_904,0.00042757907
cauldron_ln_17684,0.001515383
cauldron_ln_27781,0.001521505
mix_SI_UT_5400_203,0.0004273847
cauldron_ln_9678,0.001559469
mix_UI_ST_5400_446,0.0004273847
mix_UI_ST_5400_33,0.0004273847
cauldron_ln_766,0.0012760649
cauldron_ln_25560,0.0015341246
mix_SI_UT_5400_661,0.0004273847
cauldron_ln_15846,0.0014491694
cauldron_ln_11095,0.0015717415
mix_UI_ST_5400_1191,0.0004273847
mix_SI_UT_5400_1314,0.0004273847
mix_UI_ST_5400_615,0.0004273847
mix_SI_UT_5400_1470,0.0004273847
mix_UI_ST_5400_1180,0.0004273847
cauldron_ln_5041,0.0015274981
mix_SI_UT_5400_1237,0.0004273847
cauldron_ln_3813,0.0015268045
cauldron_ln_29269,0.0014465655
mix_UI_ST_5400_321,0.00045006306
mix_UI_ST_5400_1463,0.00042750427
cauldron_ln_6549,0.0015441006
cauldron_ln_378,0.0012373292
mix_UI_ST_5400_682,0.0004273847
mix_SI_UT_5400_1194,0.00042750427
mix_SI_UT_5400_1012,0.0004273847
mix_SI_UT_5400_1232,0.00043754748
cauldron_ln_2584,0.0012919903
cauldron_ln_25772,0.0015676253
cauldron_ln_10435,0.0015228855
mix_UI_ST_5400_982,0.0004273847
cauldron_ln_1798,0.0014361523
mix_SI_UT_5400_1043,0.00046712157
cauldron_ln_28090,0.0014927897
cauldron_ln_3973,0.0015270713
cauldron_ln_16538,0.0014247565
cauldron_ln_14237,0.001525782
cauldron_ln_15038,0.001325526
cauldron_ln_13169,0.0014610995
mix_SI_UT_5400_542,0.0004273847
mix_SI_UT_5400_734,0.0004273847
cauldron_ln_29759,0.001518511
cauldron_ln_6033,0.001517807
cauldron_ln_9891,0.0015197457
cauldron_ln_26583,0.0015750718
cauldron_ln_23047,0.0013342974
mix_UI_ST_5400_1318,0.0004273847
cauldron_ln_19519,0.001535883
cauldron_ln_20677,0.0015750718
mix_SI_UT_5400_1125,0.00042750427
mix_SI_UT_5400_369,0.0004273847
cauldron_ln_29278,0.0015750718
cauldron_ln_13801,0.0015671874
mix_SI_UT_5400_706,0.0004273847
mix_UI_ST_5400_1000,0.0004273847
mix_UI_ST_5400_721,0.0004273847
cauldron_ln_20615,0.001507598
mix_SI_UT_5400_458,0.00046442085
mix_UI_ST_5400_794,0.00042757907
mix_SI_UT_5400_1419,0.0004273847
cauldron_ln_1740,0.001439973
cauldron_ln_9096,0.0014927364
cauldron_ln_24457,0.0015618228
cauldron_ln_15048,0.0015676253
mix_UI_ST_5400_1345,0.0004273847
mix_UI_ST_5400_413,0.0004787438
mix_SI_UT_5400_1479,0.0004273847
cauldron_ln_1567,0.0014395707
mix_UI_ST_5400_694,0.0004273847
mix_SI_UT_5400_1254,0.00042750427
cauldron_ln_5806,0.001485745
cauldron_ln_3373,0.0015347544
cauldron_ln_11356,0.0015129622
cauldron_ln_4588,0.0014197836
mix_UI_ST_5400_1436,0.0004273847
cauldron_ln_17179,0.001555188
mix_UI_ST_5400_1238,0.00045769097
mix_UI_ST_5400_1457,0.0004273847
mix_SI_UT_5400_1014,0.0004273847
cauldron_ln_878,0.0010703957
cauldron_ln_7376,0.0014915251
cauldron_ln_19850,0.0015197557
mix_SI_UT_5400_619,0.0004273847
cauldron_ln_27085,0.0015671874
cauldron_ln_18818,0.0015750718
cauldron_ln_21664,0.0015664756
mix_SI_UT_5400_139,0.0004273847
mix_UI_ST_5400_462,0.0004273847
cauldron_ln_12636,0.001553267
mix_SI_UT_5400_837,0.00042769872
cauldron_ln_6348,0.0014984146
mix_UI_ST_5400_202,0.0004909566
mix_UI_ST_5400_1086,0.0004273847
cauldron_ln_25152,0.0015176473
mix_SI_UT_5400_993,0.0004273847
mix_UI_ST_5400_1130,0.0004273847
cauldron_ln_3984,0.0015163068
cauldron_ln_21400,0.0015374501
cauldron_ln_7605,0.0015244663
cauldron_ln_23746,0.001556222
cauldron_ln_11274,0.0015081887
mix_UI_ST_5400_561,0.0004273847
cauldron_ln_3589,0.0014228115
mix_SI_UT_5400_869,0.0004273847
cauldron_ln_4405,0.0015263777
mix_UI_ST_5400_609,0.0004273847
cauldron_ln_7489,0.0014681743
cauldron_ln_4448,0.0014400299
mix_SI_UT_5400_153,0.0004273847
mix_SI_UT_5400_1155,0.0004273847
cauldron_ln_4788,0.0015270713
mix_UI_ST_5400_362,0.0004335705
cauldron_ln_4210,0.0014358896
mix_SI_UT_5400_858,0.0004273847
cauldron_ln_21458,0.0015671874
cauldron_ln_14494,0.0015671874
mix_SI_UT_5400_808,0.0004273847
cauldron_ln_7597,0.0015474808
cauldron_ln_24788,0.0015617484
mix_UI_ST_5400_1292,0.0004273847
mix_UI_ST_5400_1395,0.0004273847
mix_UI_ST_5400_647,0.0004273847
cauldron_ln_11680,0.0014571463
mix_SI_UT_5400_104,0.0004273847
mix_SI_UT_5400_423,0.0004546337
cauldron_ln_10967,0.0015602985
cauldron_ln_370,0.0011889957
mix_SI_UT_5400_1430,0.0004273847
mix_UI_ST_5400_930,0.0004273847
mix_SI_UT_5400_138,0.00042750427
mix_UI_ST_5400_1470,0.0004273847
mix_UI_ST_5400_339,0.0004273847
mix_UI_ST_5400_1343,0.00042757907
cauldron_ln_27968,0.0015133482
mix_UI_ST_5400_690,0.0004273847
mix_SI_UT_5400_1341,0.0004273847
mix_UI_ST_5400_1023,0.0004273847
mix_UI_ST_5400_445,0.00045096767
cauldron_ln_18874,0.0014843357
cauldron_ln_12653,0.0015465616
mix_UI_ST_5400_932,0.0004273847
mix_SI_UT_5400_1475,0.0004273847
cauldron_ln_9264,0.0015031513
cauldron_ln_18917,0.0015746317
mix_SI_UT_5400_296,0.00043426213
mix_UI_ST_5400_894,0.0004273847
cauldron_ln_17043,0.0014970696
cauldron_ln_4316,0.0015156183
mix_SI_UT_5400_1292,0.00047782288
mix_UI_ST_5400_1461,0.00043414062
cauldron_ln_12090,0.0014531333
mix_SI_UT_5400_970,0.00042757907
cauldron_ln_11756,0.0015676253
cauldron_ln_24931,0.0014744013
mix_SI_UT_5400_86,0.0004273847
cauldron_ln_1229,0.0010999982
cauldron_ln_2777,0.0014092729
cauldron_ln_23643,0.0014243068
cauldron_ln_5672,0.0015227471
mix_UI_ST_5400_414,0.00042750427
mix_SI_UT_5400_559,0.0004273847
mix_UI_ST_5400_901,0.0004273847
cauldron_ln_15411,0.0015750718
cauldron_ln_7164,0.0015470483
cauldron_ln_14722,0.0015555072
mix_SI_UT_5400_1234,0.0004273847
cauldron_ln_19405,0.0015521848
cauldron_ln_18743,0.0014871809
cauldron_ln_15670,0.0015544818
cauldron_ln_9942,0.0015553989
cauldron_ln_16362,0.0015555797
cauldron_ln_29872,0.0015750718
cauldron_ln_8437,0.0015540741
mix_SI_UT_5400_382,0.0004273847
cauldron_ln_25854,0.0015071464
mix_UI_ST_5400_374,0.0004273847
mix_UI_ST_5400_921,0.0005037913
cauldron_ln_22652,0.0015750718
cauldron_ln_18215,0.0015671874
mix_SI_UT_5400_1362,0.0004273847
mix_UI_ST_5400_219,0.0004273847
mix_SI_UT_5400_1433,0.0004273847
mix_UI_ST_5400_319,0.0004273847
mix_SI_UT_5400_97,0.0004273847
mix_SI_UT_5400_802,0.0004273847
cauldron_ln_17334,0.0015676253
mix_UI_ST_5400_1007,0.0004273847
cauldron_ln_9911,0.0015590332
mix_SI_UT_5400_52,0.00045096767
cauldron_ln_9157,0.0015187728
cauldron_ln_7487,0.0015087475
cauldron_ln_7852,0.0014627491
mix_SI_UT_5400_1357,0.00042757907
mix_SI_UT_5400_189,0.0004273847
mix_SI_UT_5400_316,0.0004273847
mix_SI_UT_5400_702,0.0004273847
cauldron_ln_3676,0.0015270713
cauldron_ln_14951,0.0015237927
cauldron_ln_3211,0.0015153368
mix_SI_UT_5400_513,0.00043790485
cauldron_ln_3063,0.0014309352
mix_SI_UT_5400_248,0.0004273847
cauldron_ln_15505,0.00154495
cauldron_ln_11182,0.0015724555
cauldron_ln_3677,0.0015340574
mix_SI_UT_5400_1346,0.00042757907
cauldron_ln_17074,0.0014771206
cauldron_ln_19091,0.0014889813
mix_UI_ST_5400_1254,0.0004273847
mix_SI_UT_5400_678,0.0004273847
cauldron_ln_26099,0.0015575332
mix_UI_ST_5400_1393,0.0004273847
mix_SI_UT_5400_164,0.00042750427
mix_SI_UT_5400_581,0.0004273847
cauldron_ln_20676,0.0015101008
mix_SI_UT_5400_1042,0.00044467254
mix_SI_UT_5400_475,0.0004273847
mix_SI_UT_5400_357,0.00042750427
cauldron_ln_2246,0.0014542775
mix_UI_ST_5400_1016,0.0004273847
cauldron_ln_16589,0.0015378798
cauldron_ln_17379,0.0015385785
mix_SI_UT_5400_129,0.0004273847
mix_UI_ST_5400_923,0.0004273847
cauldron_ln_17710,0.0014856006
mix_UI_ST_5400_648,0.00045006306
mix_UI_ST_5400_555,0.00042750427
cauldron_ln_26682,0.0015506041
cauldron_ln_16763,0.0015136747
cauldron_ln_28034,0.0015671874
cauldron_ln_23349,0.0015676253
cauldron_ln_14415,0.001535883
mix_SI_UT_5400_1472,0.0004335705
mix_UI_ST_5400_300,0.00046076442
mix_SI_UT_5400_124,0.0004273847
mix_UI_ST_5400_1409,0.0004273847
mix_UI_ST_5400_1013,0.00042750427
cauldron_ln_18111,0.0015746317
mix_SI_UT_5400_1306,0.0004273847
cauldron_ln_4359,0.0015001533
mix_SI_UT_5400_50,0.0004273847
mix_SI_UT_5400_323,0.0004273847
cauldron_ln_18951,0.0015750718
cauldron_ln_860,0.0010800426
mix_SI_UT_5400_1085,0.0004273847
mix_UI_ST_5400_1363,0.00042757907
mix_SI_UT_5400_502,0.0004273847
mix_UI_ST_5400_770,0.0004273847
cauldron_ln_13636,0.0014905581
mix_UI_ST_5400_994,0.00046665545
cauldron_ln_14504,0.0015444299
mix_SI_UT_5400_573,0.0004273847
mix_SI_UT_5400_845,0.00042750427
cauldron_ln_23336,0.0015584693
cauldron_ln_10507,0.001489662
mix_SI_UT_5400_349,0.0004273847
mix_SI_UT_5400_1056,0.0004273847
cauldron_ln_7437,0.0015249025
cauldron_ln_13007,0.0015676253
cauldron_ln_11676,0.001555145
mix_UI_ST_5400_1427,0.0004273847
cauldron_ln_15198,0.0015664756
cauldron_ln_6053,0.0014634974
mix_SI_UT_5400_568,0.0004273847
cauldron_ln_14774,0.0015237937
cauldron_ln_421,0.0010130502
cauldron_ln_6210,0.0014807308
cauldron_ln_13819,0.0014293003
mix_SI_UT_5400_210,0.0004273847
cauldron_ln_9651,0.0015056604
cauldron_ln_16083,0.0015624766
cauldron_ln_15536,0.001553267
mix_UI_ST_5400_747,0.0004273847
cauldron_ln_21235,0.0015669134
mix_SI_UT_5400_194,0.0004273847
cauldron_ln_15802,0.001526178
mix_UI_ST_5400_1429,0.0004273847
mix_SI_UT_5400_886,0.0004273847
mix_SI_UT_5400_127,0.00042757907
cauldron_ln_19596,0.0015385785
mix_SI_UT_5400_402,0.0004273847
cauldron_ln_18022,0.0015029651
mix_SI_UT_5400_1457,0.0004273847
mix_SI_UT_5400_1199,0.00043790485
cauldron_ln_11442,0.001524007
mix_SI_UT_5400_178,0.0004273847
mix_UI_ST_5400_864,0.00042750427
mix_SI_UT_5400_241,0.00047599673
mix_UI_ST_5400_277,0.0004273847
mix_SI_UT_5400_860,0.0004273847
mix_UI_ST_5400_973,0.0004273847
cauldron_ln_6867,0.0014943961
mix_UI_ST_5400_758,0.0004273847
cauldron_ln_17831,0.0015671874
mix_SI_UT_5400_1269,0.00042750427
cauldron_ln_14522,0.0015186152
cauldron_ln_6223,0.0015228884
cauldron_ln_24821,0.0014773407
cauldron_ln_17435,0.0015466426
mix_SI_UT_5400_1110,0.0004273847
mix_UI_ST_5400_1142,0.0004273847
cauldron_ln_5819,0.0014848687
cauldron_ln_4761,0.0013488323
cauldron_ln_27023,0.0015739168
mix_UI_ST_5400_623,0.0004273847
cauldron_ln_9369,0.0015351103
mix_UI_ST_5400_551,0.0004273847
cauldron_ln_24753,0.0015406742
cauldron_ln_21612,0.0015175794
cauldron_ln_8713,0.001558778
mix_SI_UT_5400_186,0.0004273847
cauldron_ln_2877,0.0014916251
mix_UI_ST_5400_788,0.00043414062
mix_UI_ST_5400_1214,0.0004273847
cauldron_ln_29736,0.0015671874
cauldron_ln_26010,0.0015147056
mix_UI_ST_5400_1162,0.00046682404
mix_SI_UT_5400_905,0.0004273847
cauldron_ln_177,0.0011642074
mix_UI_ST_5400_147,0.0004273847
mix_UI_ST_5400_146,0.0004273847
mix_UI_ST_5400_384,0.0004273847
mix_UI_ST_5400_862,0.00042750427
cauldron_ln_19632,0.0015083144
mix_UI_ST_5400_1488,0.0004273847
mix_UI_ST_5400_584,0.0004273847
cauldron_ln_3883,0.0015270713
mix_UI_ST_5400_295,0.0004273847
mix_SI_UT_5400_1434,0.0004273847
cauldron_ln_6698,0.0014934785
cauldron_ln_16987,0.0015671874
cauldron_ln_4539,0.0014667517
mix_UI_ST_5400_835,0.0004273847
cauldron_ln_12698,0.0014757526
cauldron_ln_23389,0.0014229639
mix_UI_ST_5400_450,0.0004273847
cauldron_ln_12902,0.0014884114
cauldron_ln_13564,0.0015743566
mix_UI_ST_5400_880,0.0004273847
mix_SI_UT_5400_1191,0.0004273847
mix_SI_UT_5400_522,0.00042750427
mix_UI_ST_5400_468,0.0004273847
cauldron_ln_4153,0.0015274981
mix_SI_UT_5400_142,0.0004273847
mix_UI_ST_5400_1079,0.00042757907
mix_SI_UT_5400_918,0.0004273847
mix_SI_UT_5400_294,0.0004273847
mix_UI_ST_5400_889,0.0004273847
cauldron_ln_20366,0.0015272981
cauldron_ln_26793,0.0015274087
cauldron_ln_19239,0.0015074557
mix_UI_ST_5400_434,0.0004273847
mix_SI_UT_5400_997,0.0004273847
mix_SI_UT_5400_206,0.0004273847
mix_UI_ST_5400_163,0.0004273847
cauldron_ln_6069,0.0015081728
mix_UI_ST_5400_1154,0.0004273847
cauldron_ln_16888,0.0014777383
cauldron_ln_17608,0.0014351993
cauldron_ln_11615,0.0015214382
cauldron_ln_8564,0.0015244307
mix_UI_ST_5400_743,0.0004337677
cauldron_ln_16933,0.00156946
cauldron_ln_16783,0.0015676253
mix_UI_ST_5400_620,0.0004273847
mix_SI_UT_5400_906,0.00042750427
mix_SI_UT_5400_600,0.0004273847
cauldron_ln_18123,0.0015581525
mix_SI_UT_5400_963,0.00044550328
mix_UI_ST_5400_681,0.00042757907
cauldron_ln_16186,0.0015280764
mix_SI_UT_5400_9,0.0004257476
mix_UI_ST_5400_1218,0.0004273847
mix_UI_ST_5400_740,0.0004273847
mix_UI_ST_5400_428,0.0004273847
cauldron_ln_20311,0.0015668493
mix_SI_UT_5400_610,0.0004273847
cauldron_ln_13634,0.0015335236
mix_UI_ST_5400_406,0.0004273847
mix_SI_UT_5400_829,0.00042748672
cauldron_ln_16070,0.0015664756
mix_UI_ST_5400_870,0.0004273847
mix_SI_UT_5400_1328,0.00046873474
mix_UI_ST_5400_216,0.0004273847
cauldron_ln_8369,0.0015514082
mix_SI_UT_5400_612,0.0004273847
mix_UI_ST_5400_1047,0.0004273847
mix_SI_UT_5400_1469,0.0004273847
cauldron_ln_27013,0.0015522742
mix_SI_UT_5400_833,0.0004273847
cauldron_ln_21736,0.0015110903
mix_UI_ST_5400_667,0.0004273847
mix_UI_ST_5400_410,0.00045965324
cauldron_ln_20031,0.0015515146
cauldron_ln_7481,0.0014451321
mix_UI_ST_5400_320,0.00042769872
mix_UI_ST_5400_814,0.0004273847
mix_UI_ST_5400_513,0.0004273847
mix_UI_ST_5400_1029,0.0004273847
mix_SI_UT_5400_1089,0.0004273847
mix_SI_UT_5400_1464,0.0004273847
cauldron_ln_15914,0.0015627496
cauldron_ln_22809,0.001562185
cauldron_ln_8604,0.0014534433
mix_UI_ST_5400_375,0.0004273847
cauldron_ln_9296,0.0014880288
mix_SI_UT_5400_1035,0.0004273847
cauldron_ln_9555,0.0015556767
mix_UI_ST_5400_1497,0.0005600316
cauldron_ln_14040,0.0015676253
cauldron_ln_16431,0.0014853581
mix_SI_UT_5400_500,0.0004273847
cauldron_ln_26292,0.0015676253
mix_SI_UT_5400_283,0.00042750427
mix_SI_UT_5400_1431,0.0004273847
mix_UI_ST_5400_1,0.0004257476
mix_SI_UT_5400_1353,0.0004273847
cauldron_ln_1981,0.0014406273
mix_UI_ST_5400_210,0.00044020722
cauldron_ln_13884,0.0015021767
mix_UI_ST_5400_292,0.0004273847
mix_SI_UT_5400_644,0.0004273847
cauldron_ln_29798,0.0014026052
mix_UI_ST_5400_1114,0.0004273847
mix_SI_UT_5400_328,0.0004273847
mix_UI_ST_5400_97,0.0004273847
mix_SI_UT_5400_1307,0.0004273847
cauldron_ln_18108,0.001458084
mix_SI_UT_5400_117,0.0004273847
cauldron_ln_17470,0.0015146717
cauldron_ln_28348,0.0015577616
cauldron_ln_18947,0.0015083173
mix_UI_ST_5400_657,0.0004273847
mix_SI_UT_5400_530,0.0004273847
cauldron_ln_3785,0.0014741789
mix_UI_ST_5400_708,0.0004273847
mix_SI_UT_5400_781,0.0004273847
cauldron_ln_13700,0.0015141951
cauldron_ln_25001,0.001533095
cauldron_ln_19817,0.001550813
cauldron_ln_14818,0.001524007
cauldron_ln_21228,0.0015288157
mix_UI_ST_5400_1414,0.00047115868
cauldron_ln_19274,0.0015671874
cauldron_ln_6825,0.0015492921
cauldron_ln_7736,0.0015518419
mix_UI_ST_5400_1257,0.0004273847
mix_UI_ST_5400_415,0.0004369729
mix_SI_UT_5400_1193,0.0004273847
mix_UI_ST_5400_14,0.00042750427
cauldron_ln_1790,0.0013691299
cauldron_ln_12661,0.0014481635
cauldron_ln_13082,0.0015138505
cauldron_ln_9158,0.0015298948
mix_UI_ST_5400_1300,0.00042750427
mix_SI_UT_5400_984,0.0004273847
mix_SI_UT_5400_3,0.0004257476
cauldron_ln_2197,0.001280479
mix_UI_ST_5400_979,0.0004273847
mix_UI_ST_5400_72,0.0004273847
mix_SI_UT_5400_488,0.0004273847
mix_UI_ST_5400_324,0.0004273847
mix_UI_ST_5400_1205,0.0004273847
cauldron_ln_13474,0.0015671874
mix_SI_UT_5400_54,0.0005014428
mix_UI_ST_5400_716,0.0004273847
cauldron_ln_15320,0.0015378798
cauldron_ln_15549,0.00156204
mix_UI_ST_5400_1103,0.0004273847
cauldron_ln_19448,0.0015256346
cauldron_ln_26571,0.001518511
cauldron_ln_29873,0.0015746317
cauldron_ln_16916,0.0015374501
cauldron_ln_12019,0.0015750718
cauldron_ln_22928,0.0015750718
cauldron_ln_7249,0.0014481781
mix_UI_ST_5400_719,0.0004273847
cauldron_ln_2077,0.0014546841
cauldron_ln_19851,0.0014697921
mix_SI_UT_5400_27,0.0004273847
mix_SI_UT_5400_921,0.0004273847
mix_SI_UT_5400_1445,0.0004273847
cauldron_ln_9940,0.0015328273
cauldron_ln_29999,0.0014671589
cauldron_ln_15196,0.0015500189
cauldron_ln_5789,0.001521844
cauldron_ln_26432,0.001562185
cauldron_ln_7644,0.0015050698
mix_SI_UT_5400_1310,0.0004273847
mix_SI_UT_5400_41,0.0004273847
cauldron_ln_5555,0.0015144497
cauldron_ln_21874,0.0013893301
mix_SI_UT_5400_313,0.0004273847
cauldron_ln_20892,0.0015688676
mix_SI_UT_5400_409,0.00043344926
mix_UI_ST_5400_1278,0.0004273847
mix_UI_ST_5400_1394,0.0004273847
cauldron_ln_12561,0.0015323062
mix_SI_UT_5400_949,0.0004273847
mix_SI_UT_5400_1132,0.0004273847
cauldron_ln_26644,0.0015456054
cauldron_ln_8565,0.0014706055
cauldron_ln_14144,0.0014935083
mix_SI_UT_5400_481,0.0004273847
cauldron_ln_6571,0.0015002305
cauldron_ln_13804,0.0014353271
mix_SI_UT_5400_1128,0.0004273847
mix_SI_UT_5400_179,0.0004273847
cauldron_ln_15164,0.0015137664
cauldron_ln_27863,0.0015676253
cauldron_ln_404,0.0010937591
mix_SI_UT_5400_546,0.00048615417
mix_UI_ST_5400_224,0.0004273847
cauldron_ln_28033,0.001511882
cauldron_ln_16488,0.0015554337
cauldron_ln_28640,0.0014191483
cauldron_ln_25499,0.0015577616
mix_UI_ST_5400_680,0.0004273847
cauldron_ln_2780,0.0014991302
mix_UI_ST_5400_307,0.00042757907
cauldron_ln_28054,0.0014025578
cauldron_ln_23972,0.001480465
cauldron_ln_23194,0.001525859
mix_SI_UT_5400_1084,0.0004273847
mix_SI_UT_5400_705,0.00045756294
mix_UI_ST_5400_1321,0.0004273847
cauldron_ln_10760,0.0015055664
cauldron_ln_10917,0.0015650213
cauldron_ln_14306,0.00150593
cauldron_ln_1329,0.0010480813
cauldron_ln_17719,0.001350439
cauldron_ln_4393,0.001466434
mix_SI_UT_5400_1244,0.0004273847
cauldron_ln_29431,0.0015447534
mix_SI_UT_5400_662,0.0004273847
mix_UI_ST_5400_678,0.00043651764
mix_UI_ST_5400_1473,0.0004273847
cauldron_ln_11681,0.0015664756
mix_UI_ST_5400_420,0.0004273847
mix_UI_ST_5400_373,0.0004273847
cauldron_ln_16984,0.0015746317
cauldron_ln_24697,0.0015676253
cauldron_ln_19256,0.0015190396
cauldron_ln_9960,0.0015298781
mix_SI_UT_5400_1220,0.0004273847
mix_UI_ST_5400_533,0.0004273847
cauldron_ln_13809,0.0014481526
cauldron_ln_19660,0.0014939408
mix_UI_ST_5400_1216,0.0004273847
mix_UI_ST_5400_872,0.0004273847
mix_UI_ST_5400_1082,0.00043544787
mix_UI_ST_5400_1046,0.00044686408
mix_SI_UT_5400_1114,0.0004273847
cauldron_ln_2829,0.0013892289
mix_UI_ST_5400_1176,0.0004273847
cauldron_ln_2053,0.0014277269
mix_SI_UT_5400_1499,0.00055071793
cauldron_ln_24293,0.0015239714
cauldron_ln_17144,0.0015569726
cauldron_ln_8179,0.00149116
mix_SI_UT_5400_157,0.0004273847
mix_UI_ST_5400_489,0.0004273847
cauldron_ln_23246,0.0015237872
mix_UI_ST_5400_1173,0.0004273847
mix_SI_UT_5400_299,0.0004273847
cauldron_ln_8985,0.001552547
cauldron_ln_6677,0.0014887119
cauldron_ln_5292,0.0014042351
mix_UI_ST_5400_236,0.0004273847
mix_UI_ST_5400_267,0.0004273847
mix_UI_ST_5400_821,0.0004273847
cauldron_ln_17652,0.0015394167
mix_SI_UT_5400_225,0.00042757907
cauldron_ln_18855,0.0015669134
mix_SI_UT_5400_1268,0.0004273847
mix_SI_UT_5400_821,0.00045009353
cauldron_ln_8107,0.0014581278
mix_UI_ST_5400_1134,0.0004273847
cauldron_ln_27277,0.0015539896
cauldron_ln_26657,0.0015631865
cauldron_ln_29048,0.0015024106
cauldron_ln_29641,0.0015287626
mix_UI_ST_5400_110,0.0004273847
cauldron_ln_23096,0.0015452213
mix_SI_UT_5400_132,0.0004273847
mix_UI_ST_5400_1105,0.0004335705
cauldron_ln_27854,0.0015526024
cauldron_ln_3099,0.0014688665
cauldron_ln_8470,0.0015521131
cauldron_ln_29646,0.0015671874
mix_UI_ST_5400_989,0.0004273847
cauldron_ln_10382,0.0015514799
mix_UI_ST_5400_364,0.0004273847
cauldron_ln_17765,0.0015682972
cauldron_ln_19154,0.0015576035
cauldron_ln_11852,0.0015274712
mix_UI_ST_5400_79,0.0004273847
cauldron_ln_11481,0.0015572847
cauldron_ln_12863,0.0015523991
mix_UI_ST_5400_1253,0.00045756294
cauldron_ln_26204,0.0015750718
cauldron_ln_6788,0.0015176717
mix_SI_UT_5400_627,0.0004273847
cauldron_ln_10924,0.0014823476
cauldron_ln_13648,0.0015676253
cauldron_ln_24598,0.0014238985
cauldron_ln_20014,0.0015750718
mix_SI_UT_5400_737,0.00042750427
mix_UI_ST_5400_839,0.00042750427
mix_SI_UT_5400_482,0.00042757907
cauldron_ln_18323,0.001414473
cauldron_ln_9762,0.0015366583
mix_SI_UT_5400_236,0.0004273847
cauldron_ln_22583,0.0015117294
mix_SI_UT_5400_1391,0.0004273847
mix_UI_ST_5400_1070,0.0004273847
cauldron_ln_1782,0.0013946195
mix_UI_ST_5400_1344,0.0004273847
cauldron_ln_17611,0.0015334915
cauldron_ln_16644,0.0015739168
mix_UI_ST_5400_203,0.0004273847
mix_SI_UT_5400_784,0.0004273847
mix_UI_ST_5400_26,0.0004273847
mix_UI_ST_5400_130,0.0004273847
mix_SI_UT_5400_1121,0.0004273847
mix_SI_UT_5400_152,0.0004273847
cauldron_ln_26466,0.0015676253
mix_SI_UT_5400_81,0.0004273847
cauldron_ln_26596,0.0014837945
cauldron_ln_11921,0.0014246249
mix_UI_ST_5400_370,0.0004273847
mix_UI_ST_5400_892,0.0004273847
cauldron_ln_26434,0.0015426142
mix_UI_ST_5400_702,0.0004273847
mix_SI_UT_5400_1453,0.00042750427
cauldron_ln_28653,0.0015408085
cauldron_ln_17423,0.0015664756
cauldron_ln_8782,0.0015521131
mix_UI_ST_5400_199,0.0004273847
cauldron_ln_13080,0.0015625771
cauldron_ln_8145,0.0015500254
mix_UI_ST_5400_1443,0.0004273847
mix_SI_UT_5400_49,0.0004273847
cauldron_ln_6012,0.0014678045
cauldron_ln_19709,0.00155768
cauldron_ln_21574,0.0015607829
mix_SI_UT_5400_1334,0.000458574
cauldron_ln_23446,0.0015671874
cauldron_ln_2872,0.0013967481
mix_UI_ST_5400_674,0.0004273847
cauldron_ln_6406,0.0014967909
cauldron_ln_4547,0.0014953015
mix_SI_UT_5400_645,0.0004273847
cauldron_ln_11633,0.0015071464
mix_UI_ST_5400_1402,0.0004273847
cauldron_ln_19308,0.0015378798
mix_SI_UT_5400_404,0.0004273847
mix_UI_ST_5400_207,0.00043085907
cauldron_ln_20103,0.001535883
mix_UI_ST_5400_419,0.0004273847
cauldron_ln_3654,0.0014811109
mix_UI_ST_5400_781,0.0004273847
mix_SI_UT_5400_563,0.0004273847
cauldron_ln_2740,0.0013831339
mix_SI_UT_5400_1091,0.0004273847
cauldron_ln_6341,0.001479061
mix_UI_ST_5400_372,0.0004273847
cauldron_ln_2979,0.0015274981
mix_SI_UT_5400_1210,0.00043426213
cauldron_ln_28560,0.001562185
mix_UI_ST_5400_619,0.0004273847
cauldron_ln_27840,0.00155768
cauldron_ln_23782,0.0015515443
cauldron_ln_2910,0.0014969854
cauldron_ln_11028,0.0015354056
mix_UI_ST_5400_1389,0.0004273847
cauldron_ln_18802,0.001525089
cauldron_ln_23051,0.0015750718
cauldron_ln_7951,0.0014885078
cauldron_ln_28881,0.0015669134
cauldron_ln_10666,0.0014275366
mix_UI_ST_5400_137,0.00042757907
mix_SI_UT_5400_852,0.0004273847
cauldron_ln_16855,0.001511882
cauldron_ln_10076,0.0015238806
cauldron_ln_3816,0.0015274981
cauldron_ln_2040,0.0014166145
mix_UI_ST_5400_1464,0.0004273847
cauldron_ln_28430,0.0015086541
mix_SI_UT_5400_902,0.0004273847
cauldron_ln_1260,0.0011918572
mix_SI_UT_5400_603,0.00048615417
cauldron_ln_5279,0.0015007034
mix_UI_ST_5400_851,0.0004273847
cauldron_ln_7591,0.0015548319
mix_UI_ST_5400_621,0.00042760637
cauldron_ln_27983,0.0015262557
mix_UI_ST_5400_1400,0.0004273847
cauldron_ln_5637,0.0015270713
mix_SI_UT_5400_453,0.0004273847
cauldron_ln_14175,0.0015664756
mix_SI_UT_5400_169,0.00043344926
cauldron_ln_21850,0.0015065983
mix_UI_ST_5400_1476,0.0004273847
mix_UI_ST_5400_1050,0.0004273847
cauldron_ln_1979,0.0014406273
mix_UI_ST_5400_507,0.00042750427
mix_UI_ST_5400_800,0.0004273847
cauldron_ln_11318,0.0015654587
cauldron_ln_22285,0.0015322362
cauldron_ln_11152,0.0015555271
mix_UI_ST_5400_547,0.0004273847
cauldron_ln_2496,0.0014338585
cauldron_ln_5623,0.0014588728
mix_UI_ST_5400_517,0.0004273847
cauldron_ln_27486,0.0015366466
mix_SI_UT_5400_1416,0.00042757907
cauldron_ln_11789,0.0015150288
cauldron_ln_23326,0.0015123544
cauldron_ln_11838,0.0014882357
cauldron_ln_29771,0.0015529793
cauldron_ln_13953,0.0015664756
cauldron_ln_20633,0.0014156395
mix_UI_ST_5400_1295,0.0004273847
cauldron_ln_10213,0.0015721807
cauldron_ln_1689,0.0014464097
cauldron_ln_11123,0.0013978826
cauldron_ln_29523,0.0015037168
mix_UI_ST_5400_704,0.0004273847
cauldron_ln_13903,0.0015664756
cauldron_ln_3041,0.0015228884
cauldron_ln_10998,0.0015240686
cauldron_ln_1872,0.0014037851
cauldron_ln_21548,0.0014897153
mix_SI_UT_5400_735,0.0004273847
cauldron_ln_6732,0.0015407336
cauldron_ln_11141,0.001534886
cauldron_ln_9267,0.0015304754
mix_SI_UT_5400_1019,0.0004273847
cauldron_ln_13584,0.0015365435
cauldron_ln_22692,0.0015664756
mix_SI_UT_5400_1053,0.0004273847
cauldron_ln_13337,0.001557098
mix_SI_UT_5400_1420,0.0004273847
cauldron_ln_484,0.0012349085
cauldron_ln_5365,0.0013950825
cauldron_ln_1491,0.0012724386
mix_UI_ST_5400_520,0.0004273847
mix_SI_UT_5400_743,0.0004273847
cauldron_ln_9258,0.0013831918
mix_SI_UT_5400_1007,0.0004273847
cauldron_ln_5068,0.0014329841
mix_UI_ST_5400_455,0.0004273847
cauldron_ln_12465,0.0015194432
mix_UI_ST_5400_107,0.0004273847
mix_SI_UT_5400_882,0.00043344926
cauldron_ln_16967,0.0015147612
mix_UI_ST_5400_87,0.00043778238
mix_UI_ST_5400_548,0.0004273847
mix_SI_UT_5400_198,0.0004273847
mix_UI_ST_5400_564,0.0004273847
mix_SI_UT_5400_28,0.00042757907
mix_SI_UT_5400_1102,0.0004273847
mix_UI_ST_5400_970,0.00042750427
mix_UI_ST_5400_585,0.00046076442
mix_UI_ST_5400_913,0.0004273847
mix_UI_ST_5400_175,0.0004273847
cauldron_ln_26401,0.0015671874
cauldron_ln_28161,0.0015671874
mix_UI_ST_5400_1377,0.0004273847
mix_UI_ST_5400_341,0.0004273847
mix_UI_ST_5400_1392,0.0004273847
cauldron_ln_9207,0.0015254305
mix_SI_UT_5400_611,0.00042757907
mix_SI_UT_5400_731,0.0004273847
mix_UI_ST_5400_824,0.0004273847
cauldron_ln_25254,0.0015750718
cauldron_ln_13600,0.0015195843
cauldron_ln_26891,0.001517859
cauldron_ln_10523,0.0015724555
cauldron_ln_12106,0.0015304114
mix_UI_ST_5400_0,0.0004257476
mix_UI_ST_5400_950,0.00042757907
cauldron_ln_14467,0.00156204
cauldron_ln_6405,0.0015226739
mix_SI_UT_5400_593,0.0004273847
cauldron_ln_6650,0.0014787137
cauldron_ln_22637,0.0014989653
mix_SI_UT_5400_1047,0.0004273847
cauldron_ln_6415,0.0015087001
cauldron_ln_7318,0.0015052418
cauldron_ln_22781,0.0015676253
mix_SI_UT_5400_1024,0.0004273847
mix_UI_ST_5400_1091,0.00042757907
mix_UI_ST_5400_502,0.0004273847
mix_UI_ST_5400_90,0.0004273847
cauldron_ln_20857,0.0014871809
mix_SI_UT_5400_597,0.0004273847
cauldron_ln_8259,0.0014967937
cauldron_ln_9356,0.0015201762
cauldron_ln_19336,0.0015746317
cauldron_ln_20463,0.001503658
cauldron_ln_16227,0.0015359335
mix_SI_UT_5400_384,0.00046628548
cauldron_ln_20135,0.0015671874
cauldron_ln_26495,0.0015676253
cauldron_ln_5325,0.0014922227
mix_UI_ST_5400_1149,0.0004273847
cauldron_ln_22270,0.0015087884
cauldron_ln_17453,0.0015676253
cauldron_ln_1281,0.0010879034
cauldron_ln_2774,0.0014292117
mix_SI_UT_5400_771,0.00042750427
mix_UI_ST_5400_162,0.0004273847
cauldron_ln_10441,0.001560317
cauldron_ln_15689,0.0015237927
cauldron_ln_19565,0.0015671874
cauldron_ln_20329,0.0015746317
cauldron_ln_17860,0.001499183
cauldron_ln_3512,0.0014776904
mix_UI_ST_5400_1085,0.00046041454
mix_SI_UT_5400_1339,0.0004273847
mix_SI_UT_5400_1135,0.0004683745
cauldron_ln_11032,0.0014755657
mix_UI_ST_5400_494,0.0004273847
cauldron_ln_26370,0.001510645
mix_SI_UT_5400_327,0.0004273847
mix_SI_UT_5400_1208,0.00042757907
cauldron_ln_9468,0.0015561116
mix_UI_ST_5400_296,0.0004273847
mix_UI_ST_5400_706,0.0004273847
mix_SI_UT_5400_785,0.0004273847
cauldron_ln_3780,0.0015231727
mix_UI_ST_5400_1390,0.0004273847
mix_SI_UT_5400_1229,0.0004273847
mix_SI_UT_5400_1483,0.0004273847
mix_UI_ST_5400_948,0.0004273847
cauldron_ln_1666,0.0013350791
mix_SI_UT_5400_457,0.0004715048
cauldron_ln_16721,0.0014797617
mix_UI_ST_5400_70,0.0004273847
mix_UI_ST_5400_912,0.00042750427
mix_UI_ST_5400_841,0.0004273847
mix_SI_UT_5400_449,0.00042750427
mix_SI_UT_5400_421,0.0004273847
cauldron_ln_15389,0.0015385785
cauldron_ln_7316,0.0015467781
mix_UI_ST_5400_1028,0.00042750427
mix_SI_UT_5400_309,0.00045756294
mix_SI_UT_5400_231,0.0004273847
cauldron_ln_27417,0.0015671874
mix_UI_ST_5400_336,0.0004273847
mix_SI_UT_5400_219,0.0004273847
mix_UI_ST_5400_1258,0.0004273847
cauldron_ln_4723,0.0015268045
mix_SI_UT_5400_895,0.00042757907
mix_SI_UT_5400_1055,0.0004273847
cauldron_ln_26520,0.0015475824
mix_UI_ST_5400_775,0.0004273847
mix_UI_ST_5400_121,0.0004273847
mix_SI_UT_5400_866,0.0004273847
mix_SI_UT_5400_1211,0.0004273847
cauldron_ln_17134,0.0015228327
mix_SI_UT_5400_1127,0.0004273847
mix_UI_ST_5400_1350,0.0004273847
cauldron_ln_24520,0.0015671874
cauldron_ln_8373,0.0015238988
cauldron_ln_15240,0.0015458873
mix_SI_UT_5400_623,0.00044550328
cauldron_ln_14417,0.0015676253
cauldron_ln_7665,0.0015176927
mix_UI_ST_5400_1445,0.0004273847
cauldron_ln_17054,0.0015488643
mix_UI_ST_5400_746,0.0004273847
mix_UI_ST_5400_557,0.0004273847
cauldron_ln_2381,0.001460931
cauldron_ln_7346,0.0015266874
mix_SI_UT_5400_411,0.00042757907
mix_SI_UT_5400_1051,0.0004273847
cauldron_ln_20476,0.0015508854
cauldron_ln_8736,0.0015470153
mix_UI_ST_5400_550,0.0004273847
mix_SI_UT_5400_1181,0.0004273847
mix_SI_UT_5400_320,0.0004273847
cauldron_ln_8669,0.0015195705
cauldron_ln_21852,0.0014673293
mix_SI_UT_5400_422,0.00048029883
cauldron_ln_22000,0.0015385785
mix_UI_ST_5400_771,0.0004273847
mix_UI_ST_5400_1272,0.00042750427
cauldron_ln_9793,0.0015417668
mix_SI_UT_5400_674,0.0004273847
cauldron_ln_9271,0.0015556767
cauldron_ln_818,0.0011335781
mix_UI_ST_5400_577,0.00042750427
mix_SI_UT_5400_472,0.0004273847
cauldron_ln_1675,0.0014356271
mix_UI_ST_5400_1494,0.0004273847
mix_UI_ST_5400_113,0.00043401113
mix_UI_ST_5400_1129,0.0004273847
mix_SI_UT_5400_1002,0.0004273847
cauldron_ln_16676,0.0015627496
cauldron_ln_15061,0.0015101008
cauldron_ln_16651,0.0015691672
cauldron_ln_21197,0.0015012257
mix_UI_ST_5400_791,0.0004273847
cauldron_ln_21171,0.0014490928
mix_SI_UT_5400_463,0.00044479695
mix_SI_UT_5400_1126,0.0004273847
cauldron_ln_7165,0.0015463459
mix_SI_UT_5400_361,0.0004273847
cauldron_ln_21692,0.0015671874
mix_UI_ST_5400_63,0.0004273847
cauldron_ln_10304,0.0014840206
mix_SI_UT_5400_1325,0.00042757907
mix_SI_UT_5400_968,0.0004273847
cauldron_ln_21834,0.0015676253
mix_UI_ST_5400_1052,0.0004273847
cauldron_ln_18910,0.001517195
cauldron_ln_22299,0.00155768
mix_SI_UT_5400_480,0.0004273847
mix_UI_ST_5400_1422,0.0004273847
mix_SI_UT_5400_429,0.0004273847
mix_UI_ST_5400_1404,0.0004273847
cauldron_ln_25262,0.0015333119
mix_UI_ST_5400_250,0.00045769097
mix_UI_ST_5400_849,0.0004273847
cauldron_ln_11,0.0011821149
mix_UI_ST_5400_1490,0.0004273847
cauldron_ln_14832,0.0014624122
mix_SI_UT_5400_768,0.00042757907
mix_UI_ST_5400_819,0.0004273847
cauldron_ln_11845,0.0015750718
mix_UI_ST_5400_1351,0.0004273847
cauldron_ln_19653,0.001533095
mix_SI_UT_5400_576,0.0004273847
cauldron_ln_26756,0.0015746317
mix_SI_UT_5400_1112,0.0004366398
mix_UI_ST_5400_357,0.0004273847
mix_SI_UT_5400_251,0.0004273847
cauldron_ln_13141,0.0015676253
cauldron_ln_26033,0.0015746317
cauldron_ln_14831,0.0015506041
cauldron_ln_16939,0.001570612
cauldron_ln_15206,0.0015274712
cauldron_ln_25650,0.0015464689
mix_UI_ST_5400_1307,0.0004273847
cauldron_ln_19733,0.0015539082
mix_SI_UT_5400_621,0.0004273847
mix_SI_UT_5400_1335,0.00044479695
cauldron_ln_3539,0.0015092166
mix_SI_UT_5400_1027,0.0004273847
mix_UI_ST_5400_1342,0.0004273847
cauldron_ln_10196,0.0015337601
cauldron_ln_2044,0.0014012981
cauldron_ln_13161,0.0014744167
cauldron_ln_9533,0.0014396165
cauldron_ln_28475,0.0014676102
cauldron_ln_1471,0.0012471225
mix_SI_UT_5400_215,0.0004273847
cauldron_ln_18903,0.0014432755
mix_UI_ST_5400_569,0.00045409103
mix_UI_ST_5400_1481,0.0004273847
cauldron_ln_3985,0.0014556568
mix_SI_UT_5400_1349,0.00043414062
mix_UI_ST_5400_525,0.0004273847
cauldron_ln_15160,0.0015746317
mix_SI_UT_5400_167,0.00044796403
cauldron_ln_918,0.0010809973
mix_SI_UT_5400_697,0.0004723001
mix_SI_UT_5400_1487,0.0004273847
mix_UI_ST_5400_588,0.0004273847
cauldron_ln_9625,0.001540119
cauldron_ln_3905,0.0015231727
cauldron_ln_15538,0.0015360211
mix_UI_ST_5400_114,0.00042769872
mix_UI_ST_5400_475,0.0004273847
mix_SI_UT_5400_1449,0.0004273847
cauldron_ln_13108,0.0015492972
cauldron_ln_29882,0.0015111961
mix_UI_ST_5400_888,0.00042750427
mix_UI_ST_5400_922,0.0004273847
cauldron_ln_29688,0.0014052726
mix_SI_UT_5400_1363,0.0004273847
cauldron_ln_8510,0.0014722063
mix_SI_UT_5400_800,0.0004273847
cauldron_ln_14074,0.0015646823
cauldron_ln_19316,0.0015343409
cauldron_ln_12289,0.0015746317
cauldron_ln_7807,0.001552547
mix_SI_UT_5400_557,0.0004273847
mix_UI_ST_5400_352,0.0004273847
cauldron_ln_8328,0.0015233533
mix_SI_UT_5400_1028,0.0004273847
mix_UI_ST_5400_141,0.0004273847
mix_UI_ST_5400_652,0.00042769872
mix_SI_UT_5400_1301,0.0004273847
cauldron_ln_19666,0.0015451853
mix_SI_UT_5400_1075,0.0004273847
mix_SI_UT_5400_1364,0.00042750427
mix_UI_ST_5400_1152,0.0004273847
cauldron_ln_2837,0.001411641
mix_UI_ST_5400_382,0.0004273847
mix_UI_ST_5400_1009,0.0004273847
cauldron_ln_7360,0.0015463459
mix_SI_UT_5400_1179,0.0004273847
cauldron_ln_9591,0.0014631908
cauldron_ln_16368,0.0013926094
cauldron_ln_4940,0.0014601044
mix_UI_ST_5400_442,0.0004273847
cauldron_ln_4480,0.0015274981
cauldron_ln_15455,0.0015671874
mix_UI_ST_5400_744,0.0004273847
mix_UI_ST_5400_642,0.0004273847
mix_UI_ST_5400_1399,0.00045844575
cauldron_ln_3823,0.0014420102
mix_SI_UT_5400_1037,0.0004273847
cauldron_ln_29573,0.0015628947
mix_UI_ST_5400_959,0.0004273847
mix_UI_ST_5400_388,0.00042750427
mix_SI_UT_5400_1123,0.0004273847
mix_UI_ST_5400_980,0.0004273847
mix_UI_ST_5400_1030,0.0004273847
cauldron_ln_8644,0.0014784412
cauldron_ln_20564,0.0015676253
cauldron_ln_8233,0.0014858447
mix_SI_UT_5400_1023,0.0004273847
cauldron_ln_5573,0.0014954167
cauldron_ln_8296,0.0013877037
mix_UI_ST_5400_1347,0.0004915578
cauldron_ln_13228,0.0015112034
mix_UI_ST_5400_1303,0.0004273847
mix_SI_UT_5400_286,0.00042750427
cauldron_ln_21227,0.001545788
cauldron_ln_15532,0.0013924112
mix_UI_ST_5400_823,0.00042750427
mix_SI_UT_5400_1488,0.00042750427
mix_UI_ST_5400_1417,0.0004273847
cauldron_ln_19723,0.0015671874
cauldron_ln_22974,0.0015584693
cauldron_ln_15569,0.0015210436
cauldron_ln_26382,0.0015392364
cauldron_ln_2211,0.0014546841
mix_UI_ST_5400_606,0.0004273847
mix_UI_ST_5400_1435,0.0004273847
cauldron_ln_27016,0.0014275393
mix_UI_ST_5400_181,0.0004355697
cauldron_ln_9014,0.0015594861
cauldron_ln_25492,0.0015739168
cauldron_ln_22049,0.0015620467
mix_SI_UT_5400_658,0.00042757907
mix_SI_UT_5400_983,0.00042750427
mix_SI_UT_5400_933,0.0004273847
cauldron_ln_29687,0.0015274712
cauldron_ln_25374,0.0015288157
mix_SI_UT_5400_333,0.00042750427
cauldron_ln_29681,0.0015060862
cauldron_ln_27090,0.0015739168
mix_SI_UT_5400_1205,0.0004273847
mix_UI_ST_5400_1458,0.0004273847
mix_UI_ST_5400_515,0.0004335705
cauldron_ln_14329,0.0015393983
cauldron_ln_20222,0.0015378798
cauldron_ln_19058,0.0015676253
mix_UI_ST_5400_1311,0.00042750427
cauldron_ln_26787,0.00138638
cauldron_ln_5975,0.0015343254
mix_UI_ST_5400_815,0.0004273847
cauldron_ln_20769,0.0015671874
cauldron_ln_5934,0.0015301228
cauldron_ln_7235,0.0014861446
cauldron_ln_10535,0.0015650213
cauldron_ln_15308,0.0015739168
mix_UI_ST_5400_140,0.00047862294
cauldron_ln_14610,0.0015617484
cauldron_ln_17525,0.001433922
mix_UI_ST_5400_1183,0.00042750427
mix_UI_ST_5400_340,0.0004273847
mix_SI_UT_5400_1297,0.0004273847
mix_SI_UT_5400_723,0.0004273847
cauldron_ln_16649,0.001507598
cauldron_ln_25084,0.0015558685
mix_SI_UT_5400_39,0.0004273847
mix_SI_UT_5400_175,0.00042750427
cauldron_ln_29494,0.001525782
cauldron_ln_5166,0.001384579
cauldron_ln_8286,0.0014930661
cauldron_ln_10043,0.0015684413
cauldron_ln_12975,0.0015750718
mix_UI_ST_5400_677,0.0004273847
cauldron_ln_19424,0.0015385785
cauldron_ln_9227,0.0015467266
cauldron_ln_18688,0.0015374501
cauldron_ln_14727,0.0015671874
cauldron_ln_4613,0.0015012359
mix_UI_ST_5400_961,0.00042757907
cauldron_ln_29632,0.0015246535
cauldron_ln_20245,0.0014628482
mix_UI_ST_5400_490,0.0004273847
cauldron_ln_19982,0.0015750718
cauldron_ln_19860,0.0014793025
cauldron_ln_12567,0.0015071464
cauldron_ln_10960,0.0014838475
cauldron_ln_292,0.0011646665
cauldron_ln_8476,0.0014065853
mix_UI_ST_5400_290,0.00042757907
cauldron_ln_7469,0.0013873647
mix_SI_UT_5400_1463,0.0004273847
cauldron_ln_3301,0.0015113638
mix_SI_UT_5400_1156,0.0004273847
mix_UI_ST_5400_1037,0.0004273847
mix_UI_ST_5400_884,0.00042750427
cauldron_ln_14272,0.0015448058
cauldron_ln_9797,0.0014828023
cauldron_ln_10093,0.0015654587
cauldron_ln_22978,0.0015676253
mix_UI_ST_5400_1057,0.0004273847
mix_UI_ST_5400_1038,0.0004273847
cauldron_ln_28643,0.0015266046
cauldron_ln_29837,0.0014995557
cauldron_ln_5467,0.001491028
mix_UI_ST_5400_1406,0.0004273847
mix_SI_UT_5400_703,0.0004273847
cauldron_ln_6245,0.001492786
cauldron_ln_9488,0.0015035993
mix_UI_ST_5400_1074,0.00047137294
mix_SI_UT_5400_990,0.0004273847
cauldron_ln_19042,0.0015412369
cauldron_ln_1905,0.0014106553
cauldron_ln_17257,0.001510645
mix_SI_UT_5400_163,0.0004273847
mix_SI_UT_5400_56,0.0004273847
mix_SI_UT_5400_1275,0.0004273847
mix_UI_ST_5400_756,0.0004273847
mix_UI_ST_5400_871,0.0004273847
cauldron_ln_11812,0.0015664756
cauldron_ln_21560,0.00155768
mix_UI_ST_5400_940,0.0004273847
mix_UI_ST_5400_1053,0.00048769393
cauldron_ln_4696,0.0015274981
cauldron_ln_6195,0.0015274981
cauldron_ln_3023,0.0014975508
mix_SI_UT_5400_992,0.0004273847
cauldron_ln_27398,0.0015399108
mix_SI_UT_5400_63,0.00042750427
mix_SI_UT_5400_94,0.0004273847
mix_SI_UT_5400_318,0.0004273847
mix_SI_UT_5400_1323,0.0004273847
mix_UI_ST_5400_1032,0.00042757907
mix_UI_ST_5400_103,0.00045006306
cauldron_ln_26420,0.0015116474
cauldron_ln_2552,0.0013570408
cauldron_ln_5154,0.0014582819
cauldron_ln_11406,0.0014113158
mix_SI_UT_5400_750,0.0004273847
cauldron_ln_2617,0.0014611864
cauldron_ln_11091,0.001534595
mix_UI_ST_5400_1316,0.00042757907
cauldron_ln_17313,0.0015458873
cauldron_ln_19227,0.0015671874
mix_UI_ST_5400_797,0.0004273847
cauldron_ln_3934,0.001496567
mix_UI_ST_5400_890,0.0004273847
cauldron_ln_13483,0.0015080803
mix_SI_UT_5400_347,0.0004273847
mix_UI_ST_5400_1376,0.0004273847
cauldron_ln_27786,0.0015671874
mix_SI_UT_5400_1176,0.00042757907
mix_SI_UT_5400_709,0.0004273847
mix_UI_ST_5400_1305,0.0004273847
mix_SI_UT_5400_1196,0.0004273847
mix_SI_UT_5400_66,0.0004273847
cauldron_ln_2952,0.0015100073
mix_SI_UT_5400_820,0.0004273847
mix_UI_ST_5400_1215,0.0004273847
mix_UI_ST_5400_587,0.0004273847
mix_UI_ST_5400_119,0.0004273847
cauldron_ln_8595,0.0015474292
cauldron_ln_21572,0.0015676253
mix_SI_UT_5400_506,0.0004515684
cauldron_ln_9129,0.001552547
mix_UI_ST_5400_1448,0.0004273847
mix_SI_UT_5400_1287,0.0004273847
mix_SI_UT_5400_1171,0.0004273847
cauldron_ln_10294,0.0015654587
cauldron_ln_2792,0.0014132673
mix_UI_ST_5400_1117,0.0004273847
mix_SI_UT_5400_1162,0.0004273847
mix_SI_UT_5400_647,0.0004273847
cauldron_ln_1737,0.0014406273
cauldron_ln_26629,0.0014813881
mix_UI_ST_5400_536,0.0004273847
cauldron_ln_8951,0.001358341
cauldron_ln_18333,0.0015676253
mix_SI_UT_5400_90,0.0004273847
mix_SI_UT_5400_398,0.0004273847
mix_UI_ST_5400_20,0.00043364638
mix_SI_UT_5400_510,0.0004273847
cauldron_ln_11316,0.0014442083
mix_SI_UT_5400_1034,0.00042750427
cauldron_ln_15570,0.0015123967
mix_SI_UT_5400_605,0.0004273847
mix_UI_ST_5400_400,0.00043414062
mix_UI_ST_5400_1313,0.00042757907
cauldron_ln_12526,0.0015627496
mix_UI_ST_5400_65,0.0004273847
cauldron_ln_12524,0.0015045203
mix_UI_ST_5400_618,0.0004273847
mix_UI_ST_5400_1022,0.0004273847
cauldron_ln_11197,0.0015650213
mix_UI_ST_5400_935,0.0004273847
mix_SI_UT_5400_1060,0.0004273847
mix_UI_ST_5400_1499,0.0005688654
cauldron_ln_16151,0.0015268713
cauldron_ln_28695,0.0015669134
mix_SI_UT_5400_1201,0.0004273847
mix_SI_UT_5400_677,0.0004273847
cauldron_ln_21122,0.0015459233
cauldron_ln_17941,0.0015671874
mix_UI_ST_5400_109,0.0004273847
mix_UI_ST_5400_1369,0.00042750427
cauldron_ln_11206,0.0015219005
mix_UI_ST_5400_363,0.0004273847
cauldron_ln_18889,0.0015575332
cauldron_ln_16627,0.001510645
mix_UI_ST_5400_215,0.0004273847
mix_SI_UT_5400_787,0.0004273847
cauldron_ln_19188,0.0014932333
mix_UI_ST_5400_727,0.00044008408
mix_SI_UT_5400_1291,0.00042757907
cauldron_ln_16876,0.0015518552
mix_SI_UT_5400_628,0.0004273847
mix_SI_UT_5400_1491,0.0004273847
mix_UI_ST_5400_116,0.0004273847
mix_SI_UT_5400_165,0.0004273847
mix_UI_ST_5400_310,0.00042750427
mix_SI_UT_5400_42,0.0004273847
cauldron_ln_10702,0.0014782146
cauldron_ln_551,0.00108566
mix_SI_UT_5400_1095,0.0004273847
mix_UI_ST_5400_1375,0.0004273847
mix_SI_UT_5400_227,0.0004273847
cauldron_ln_12856,0.0015576282
cauldron_ln_16814,0.0014989126
mix_SI_UT_5400_1067,0.0004273847
mix_SI_UT_5400_761,0.00042750427
mix_UI_ST_5400_638,0.0004273847
cauldron_ln_8354,0.0014612289
mix_SI_UT_5400_870,0.0004273847
cauldron_ln_20532,0.001495411
mix_SI_UT_5400_1131,0.0004273847
cauldron_ln_16990,0.0015577201
mix_UI_ST_5400_453,0.00042750427
cauldron_ln_27341,0.0015566568
mix_UI_ST_5400_742,0.00043651764
cauldron_ln_10102,0.001526024
cauldron_ln_19268,0.0015676253
mix_SI_UT_5400_1020,0.0004273847
mix_SI_UT_5400_640,0.0004273847
cauldron_ln_24030,0.0015664756
cauldron_ln_22734,0.0015385785
mix_SI_UT_5400_297,0.0004273847
cauldron_ln_28191,0.0015281214
mix_UI_ST_5400_987,0.00043344926
mix_UI_ST_5400_1330,0.0004273847
mix_UI_ST_5400_1365,0.0004273847
mix_UI_ST_5400_646,0.0004273847
mix_UI_ST_5400_1177,0.0004273847
mix_SI_UT_5400_466,0.0004337677
mix_SI_UT_5400_1030,0.00043810406
cauldron_ln_22793,0.001513318
mix_SI_UT_5400_191,0.0004273847
cauldron_ln_16120,0.0015746317
cauldron_ln_14405,0.0015195843
mix_SI_UT_5400_1016,0.0004273847
cauldron_ln_2353,0.0013576219
cauldron_ln_12156,0.0015584693
mix_SI_UT_5400_1165,0.0004273847
cauldron_ln_2849,0.0014987113
cauldron_ln_21994,0.0015246535
mix_UI_ST_5400_518,0.0004273847
mix_UI_ST_5400_102,0.0004273847
cauldron_ln_6351,0.0015348515
mix_UI_ST_5400_1455,0.0004273847
cauldron_ln_23178,0.0014859013
cauldron_ln_27407,0.0015389154
mix_UI_ST_5400_191,0.0004273847
mix_SI_UT_5400_1077,0.0004273847
mix_SI_UT_5400_1133,0.0004273847
cauldron_ln_4938,0.0014802219
cauldron_ln_21921,0.0015676253
cauldron_ln_13541,0.0015306118
mix_SI_UT_5400_1083,0.0004273847
mix_SI_UT_5400_982,0.00045878254
mix_UI_ST_5400_1274,0.0004273847
mix_SI_UT_5400_319,0.00042757907
cauldron_ln_14617,0.0015664756
cauldron_ln_8799,0.0015494463
cauldron_ln_28059,0.001511307
cauldron_ln_4886,0.0014453034
cauldron_ln_28020,0.001522731
cauldron_ln_16757,0.0015669134
mix_SI_UT_5400_447,0.0004273847
cauldron_ln_18251,0.0015676253
cauldron_ln_388,0.0012702153
mix_UI_ST_5400_765,0.0004273847
mix_UI_ST_5400_1459,0.0004273847
cauldron_ln_4616,0.0015343254
mix_UI_ST_5400_80,0.0004273847
cauldron_ln_14057,0.0015627496
cauldron_ln_27635,0.0015254958
cauldron_ln_5993,0.0014004129
mix_UI_ST_5400_1485,0.0004273847
cauldron_ln_1085,0.0012156398
mix_SI_UT_5400_145,0.0004273847
mix_UI_ST_5400_338,0.0004273847
mix_SI_UT_5400_1474,0.0004337677
cauldron_ln_29757,0.0015541732
mix_UI_ST_5400_177,0.00045523778
mix_UI_ST_5400_1360,0.0004273847
cauldron_ln_6321,0.0014563729
mix_SI_UT_5400_170,0.0004273847
mix_UI_ST_5400_101,0.0004273847
cauldron_ln_13567,0.0015746317
mix_UI_ST_5400_64,0.0004273847
mix_SI_UT_5400_1031,0.00042757907
mix_SI_UT_5400_1394,0.0004273847
mix_UI_ST_5400_915,0.00043344926
cauldron_ln_22282,0.0015669134
mix_SI_UT_5400_985,0.0004273847
mix_SI_UT_5400_843,0.0004273847
mix_UI_ST_5400_164,0.00043426213
cauldron_ln_5061,0.0014460387
mix_SI_UT_5400_1161,0.00042757907
mix_SI_UT_5400_1295,0.0004273847
cauldron_ln_17267,0.0015075677
mix_UI_ST_5400_1201,0.00042757907
mix_UI_ST_5400_1100,0.00045740817
cauldron_ln_12219,0.0015750718
mix_UI_ST_5400_924,0.0004273847
cauldron_ln_22117,0.001428592
mix_SI_UT_5400_1294,0.0004273847
cauldron_ln_26785,0.0015083669
mix_UI_ST_5400_881,0.0004273847
cauldron_ln_13187,0.001501659
mix_UI_ST_5400_258,0.00044828738
mix_SI_UT_5400_1149,0.00042757907
cauldron_ln_9727,0.001499193
cauldron_ln_13883,0.0015664756
cauldron_ln_19802,0.0015676253
mix_SI_UT_5400_484,0.0004273847
cauldron_ln_9822,0.0015471721
mix_UI_ST_5400_613,0.0004273847
cauldron_ln_12663,0.0015312086
cauldron_ln_21390,0.001507598
cauldron_ln_23171,0.0014604331
cauldron_ln_8811,0.0014744097
cauldron_ln_22196,0.0014671966
mix_UI_ST_5400_416,0.00042757907
mix_SI_UT_5400_841,0.0004273847
cauldron_ln_1700,0.0014114529
cauldron_ln_13873,0.0015385785
mix_UI_ST_5400_74,0.00042750427
cauldron_ln_14550,0.0015020395
mix_UI_ST_5400_32,0.0004273847
cauldron_ln_3115,0.0014947056
cauldron_ln_24374,0.0015572447
mix_UI_ST_5400_833,0.0004273847
cauldron_ln_13932,0.0015664756
cauldron_ln_6254,0.0014766199
mix_UI_ST_5400_605,0.0004273847
mix_SI_UT_5400_1373,0.0004273847
cauldron_ln_10763,0.0015058531
mix_SI_UT_5400_850,0.0004273847
mix_SI_UT_5400_1228,0.00042750427
cauldron_ln_46,0.0010548432
cauldron_ln_11565,0.0015436102
cauldron_ln_13222,0.0015385785
cauldron_ln_6110,0.0015274981
cauldron_ln_10651,0.0015672909
mix_SI_UT_5400_235,0.0004273847
mix_UI_ST_5400_1018,0.00042750427
cauldron_ln_17703,0.0014908938
mix_SI_UT_5400_312,0.0004273847
mix_UI_ST_5400_327,0.0004273847
cauldron_ln_29565,0.0014635016
mix_SI_UT_5400_954,0.0004273847
cauldron_ln_26361,0.0014813845
mix_UI_ST_5400_430,0.0004273847
cauldron_ln_9214,0.0014840086
cauldron_ln_23483,0.0015021367
mix_UI_ST_5400_893,0.00042750427
cauldron_ln_3213,0.0015274981
mix_SI_UT_5400_188,0.0004273847
mix_UI_ST_5400_900,0.0004273847
cauldron_ln_2426,0.0014502937
cauldron_ln_4730,0.0015220707
cauldron_ln_26556,0.0015378798
mix_SI_UT_5400_498,0.0004273847
cauldron_ln_13210,0.0015255634
cauldron_ln_8709,0.0015477247
cauldron_ln_16171,0.0015510375
cauldron_ln_19077,0.0015671874
mix_UI_ST_5400_809,0.00042757907
cauldron_ln_11755,0.0015331076
cauldron_ln_1604,0.0013712021
mix_SI_UT_5400_986,0.0004273847
cauldron_ln_10112,0.0015508493
cauldron_ln_5193,0.0014985129
cauldron_ln_4279,0.0015274981
mix_UI_ST_5400_1259,0.0004273847
mix_SI_UT_5400_1486,0.0004273847
cauldron_ln_16846,0.0014739955
mix_UI_ST_5400_1098,0.0004273847
cauldron_ln_24733,0.0013877968
cauldron_ln_201,0.0012414219
cauldron_ln_18456,0.0015676253
cauldron_ln_17192,0.001555188
cauldron_ln_3742,0.0015270713
cauldron_ln_17663,0.0015628947
cauldron_ln_29513,0.0014638507
cauldron_ln_903,0.001271915
cauldron_ln_5296,0.0015056317
mix_SI_UT_5400_582,0.0004273847
mix_SI_UT_5400_114,0.0004273847
mix_SI_UT_5400_450,0.0004273847
cauldron_ln_24575,0.0015668493
cauldron_ln_22199,0.0015620557
cauldron_ln_2750,0.0014546841
cauldron_ln_15721,0.0014980064
cauldron_ln_17286,0.0015282445
mix_SI_UT_5400_1308,0.0004273847
cauldron_ln_4939,0.0014847104
cauldron_ln_8584,0.0014378197
cauldron_ln_20168,0.0015365807
mix_SI_UT_5400_88,0.0004273847
mix_UI_ST_5400_673,0.00042757907
mix_SI_UT_5400_536,0.0004273847
mix_UI_ST_5400_811,0.00042750427
mix_SI_UT_5400_989,0.0004273847
mix_SI_UT_5400_1213,0.0004273847
mix_SI_UT_5400_1439,0.0004273847
cauldron_ln_25128,0.0015506041
mix_UI_ST_5400_3,0.0004257476
mix_SI_UT_5400_1494,0.0004273847
mix_SI_UT_5400_471,0.00042750427
cauldron_ln_270,0.0011755639
mix_UI_ST_5400_429,0.0004273847
mix_UI_ST_5400_1379,0.00042769872
cauldron_ln_26893,0.0015496756
cauldron_ln_26286,0.0015000991
cauldron_ln_25156,0.0014137472
mix_UI_ST_5400_226,0.00042769872
cauldron_ln_5691,0.001465223
mix_SI_UT_5400_7,0.0004257476
cauldron_ln_4943,0.0015274981
cauldron_ln_22661,0.0015669134
cauldron_ln_11972,0.0015671874
cauldron_ln_13201,0.0015246631
cauldron_ln_10874,0.001480771
cauldron_ln_20523,0.0015676253
mix_SI_UT_5400_1183,0.0004273847
cauldron_ln_26443,0.0015366451
cauldron_ln_29537,0.0015347572
cauldron_ln_24190,0.0015676253
cauldron_ln_7865,0.0015401865
mix_UI_ST_5400_722,0.0004273847
cauldron_ln_21891,0.0015117294
mix_SI_UT_5400_375,0.0004273847
mix_SI_UT_5400_1467,0.0004273847
cauldron_ln_9287,0.0012918297
cauldron_ln_25674,0.0015644946
cauldron_ln_529,0.0010966329
cauldron_ln_26169,0.001510645
cauldron_ln_27183,0.0015743566
mix_UI_ST_5400_1110,0.0004273847
cauldron_ln_9816,0.0015378798
cauldron_ln_8424,0.001552547
cauldron_ln_10420,0.0015607347
cauldron_ln_13707,0.0015168542
mix_UI_ST_5400_195,0.00042757907
mix_UI_ST_5400_1270,0.0004273847
mix_SI_UT_5400_1462,0.0004273847
mix_SI_UT_5400_863,0.0004273847
cauldron_ln_24863,0.00156946
cauldron_ln_20568,0.001553267
cauldron_ln_21554,0.0015676253
mix_UI_ST_5400_407,0.0004273847
cauldron_ln_6392,0.0014760478
cauldron_ln_2802,0.0013195279
mix_SI_UT_5400_630,0.0004273847
mix_SI_UT_5400_659,0.0004273847
cauldron_ln_28231,0.001570612
cauldron_ln_26508,0.0015378798
cauldron_ln_6278,0.0014120747
mix_SI_UT_5400_1317,0.0004273847
mix_SI_UT_5400_1145,0.0004273847
cauldron_ln_6555,0.0013859629
mix_SI_UT_5400_100,0.00043344926
cauldron_ln_5877,0.0014709445
cauldron_ln_17291,0.0015378798
cauldron_ln_22147,0.0015696058
mix_SI_UT_5400_64,0.0004273847
mix_SI_UT_5400_1157,0.0004273847
mix_SI_UT_5400_786,0.0004273847
cauldron_ln_23534,0.0015452213
mix_UI_ST_5400_1167,0.0004335705
mix_UI_ST_5400_38,0.0004273847
mix_UI_ST_5400_768,0.0004273847
cauldron_ln_2478,0.0014546841
cauldron_ln_29659,0.0015664756
cauldron_ln_7994,0.00150918
cauldron_ln_26442,0.0014905282
cauldron_ln_22144,0.0015746317
cauldron_ln_16059,0.0015436102
cauldron_ln_25931,0.001533095
mix_UI_ST_5400_597,0.0004273847
mix_UI_ST_5400_440,0.0004273847
mix_UI_ST_5400_464,0.00042757907
cauldron_ln_9243,0.0014748801
cauldron_ln_237,0.0010463025
cauldron_ln_29412,0.0015617484
mix_UI_ST_5400_974,0.00042757907
mix_UI_ST_5400_1014,0.0004273847
cauldron_ln_24161,0.0015246631
cauldron_ln_10127,0.0015392416
mix_UI_ST_5400_1229,0.0004273847
cauldron_ln_1812,0.0014426997
mix_SI_UT_5400_544,0.0004273847
cauldron_ln_17581,0.0015671874
cauldron_ln_5294,0.0015263777
cauldron_ln_1885,0.0014402247
cauldron_ln_1118,0.0010493911
mix_UI_ST_5400_1364,0.0004273847
mix_SI_UT_5400_889,0.0004273847
mix_UI_ST_5400_863,0.0004273847
mix_UI_ST_5400_29,0.0004273847
cauldron_ln_27981,0.0015143019
cauldron_ln_8018,0.0014176414
mix_SI_UT_5400_938,0.0004273847
cauldron_ln_29407,0.0015367204
mix_UI_ST_5400_1405,0.0004273847
mix_UI_ST_5400_1175,0.0004273847
mix_SI_UT_5400_960,0.00043651764
mix_UI_ST_5400_579,0.0004273847
cauldron_ln_11900,0.0015385785
cauldron_ln_2799,0.0014620139
cauldron_ln_10230,0.0015357543
cauldron_ln_13334,0.0015563908
mix_UI_ST_5400_355,0.00042750427
cauldron_ln_15714,0.0014896607
cauldron_ln_14457,0.0015071464
mix_UI_ST_5400_1410,0.0004273847
cauldron_ln_11447,0.0015676253
mix_UI_ST_5400_757,0.00042750427
cauldron_ln_304,0.0011995827
cauldron_ln_11256,0.0014844071
mix_UI_ST_5400_1101,0.0004273847
cauldron_ln_15585,0.0015118332
cauldron_ln_29751,0.0015746317
cauldron_ln_3304,0.0015250972
cauldron_ln_24073,0.0015150288
cauldron_ln_3622,0.0015208307
cauldron_ln_14132,0.0015671874
cauldron_ln_20207,0.001535883
cauldron_ln_10890,0.0015654587
mix_SI_UT_5400_137,0.00048353645
cauldron_ln_28924,0.0015664756
mix_UI_ST_5400_829,0.0004273847
cauldron_ln_20124,0.0015384855
cauldron_ln_14766,0.0015335236
cauldron_ln_25892,0.0015573262
cauldron_ln_10053,0.0015522181
cauldron_ln_13970,0.0015454554
mix_UI_ST_5400_1277,0.0004273847
mix_UI_ST_5400_643,0.00044467254
cauldron_ln_853,0.0011501707
mix_SI_UT_5400_1246,0.0004273847
mix_SI_UT_5400_745,0.0004273847
cauldron_ln_23133,0.001446706
mix_UI_ST_5400_35,0.00048256494
cauldron_ln_2988,0.0015290006
cauldron_ln_22539,0.0015111674
cauldron_ln_4695,0.0014261282
mix_UI_ST_5400_316,0.0004273847
mix_SI_UT_5400_1082,0.0004273847
mix_SI_UT_5400_1393,0.00042750427
cauldron_ln_6003,0.0014689756
cauldron_ln_19998,0.0015411233
cauldron_ln_14071,0.0015032965
cauldron_ln_27368,0.0015664756
cauldron_ln_23341,0.001489945
cauldron_ln_28823,0.0015240229
mix_SI_UT_5400_1351,0.00042757907
cauldron_ln_184,0.0011950333
cauldron_ln_23698,0.0014439904
mix_SI_UT_5400_1049,0.00042757907
mix_SI_UT_5400_150,0.0004273847
mix_SI_UT_5400_228,0.0004273847
cauldron_ln_7985,0.001552547
cauldron_ln_5276,0.0014420102
cauldron_ln_9809,0.0015094337
mix_UI_ST_5400_830,0.00042757907
cauldron_ln_18554,0.0015451853
mix_SI_UT_5400_1219,0.0004273847
cauldron_ln_13949,0.0015529277
cauldron_ln_12345,0.001525782
cauldron_ln_258,0.0010874092
mix_SI_UT_5400_1212,0.0004273847
cauldron_ln_85,0.0012418643
mix_SI_UT_5400_577,0.0004273847
mix_SI_UT_5400_652,0.0004273847
cauldron_ln_28833,0.0015676253
cauldron_ln_27481,0.0015451853
mix_SI_UT_5400_973,0.0004273847
mix_SI_UT_5400_1241,0.00042757907
cauldron_ln_15933,0.0015089953
mix_UI_ST_5400_69,0.0004273847
cauldron_ln_18595,0.0015325485
mix_UI_ST_5400_1193,0.0004273847
cauldron_ln_673,0.0010874092
mix_UI_ST_5400_472,0.0004273847
cauldron_ln_1036,0.0010716042
cauldron_ln_20242,0.0015402848
mix_SI_UT_5400_755,0.000466786
mix_UI_ST_5400_1252,0.00042757907
cauldron_ln_21271,0.0015140062
mix_UI_ST_5400_780,0.0004273847
cauldron_ln_8577,0.0014621259
cauldron_ln_5176,0.0014336181
mix_UI_ST_5400_484,0.0004273847
cauldron_ln_3251,0.0014956802
cauldron_ln_11850,0.0014954994
cauldron_ln_11722,0.0015544388
cauldron_ln_17841,0.0015414555
cauldron_ln_10141,0.0015337601
mix_SI_UT_5400_255,0.00044479695
mix_SI_UT_5400_48,0.00042750427
mix_UI_ST_5400_723,0.0004273847
mix_SI_UT_5400_1333,0.0004273847
mix_UI_ST_5400_254,0.0004273847
cauldron_ln_8812,0.0015149747
mix_SI_UT_5400_1422,0.00045523778
mix_SI_UT_5400_83,0.0004273847
cauldron_ln_10775,0.0015724555
mix_SI_UT_5400_541,0.0004445509
mix_UI_ST_5400_730,0.0004273847
mix_SI_UT_5400_91,0.0004273847
mix_UI_ST_5400_1357,0.00047391962
mix_SI_UT_5400_220,0.0004273847
mix_UI_ST_5400_1266,0.0004273847
cauldron_ln_19902,0.0015746317
mix_SI_UT_5400_426,0.0004273847
mix_SI_UT_5400_1435,0.0004273847
mix_SI_UT_5400_69,0.00043651764
mix_UI_ST_5400_659,0.00046326022
mix_SI_UT_5400_161,0.0004273847
mix_SI_UT_5400_1068,0.0004273847
mix_SI_UT_5400_646,0.0004273847
mix_UI_ST_5400_283,0.0004273847
mix_SI_UT_5400_538,0.0004273847
cauldron_ln_17393,0.0015750718
