id,is_member
32656,0.9704611911411991
137254,0.05014732340099883
134884,0.5227607704034335
33065,0.6564189000021696
34304,0.9702577135428909
135396,0.07241348703286495
136721,0.7201181310024747
132335,0.003554343142002566
136398,0.015157556248175151
33421,0.7930560024628425
31249,0.8305241300310304
133683,0.1979376777008271
130332,0.7094828960253716
32617,0.8425963540979577
134819,0.024350522508006425
136244,0.5569300418695301
131151,0.004366961306448344
35543,0.8475260031088578
32599,0.9545597933091636
30335,0.825301089386917
35360,0.9710488396548775
132061,0.267378468628479
133928,0.033005158396405276
131173,0.6589415013709159
133041,0.15402607729504492
134466,0.006365398009001329
31295,0.20512693361580694
33917,0.976258261254259
136154,0.029142864006017205
36291,0.9124979897202172
31604,0.9101505449019364
30039,0.9035304559771894
132068,0.02582704151581163
31396,0.8930584278033571
37018,0.3220622905634748
37454,0.6683737619147752
34755,0.884956953176368
32401,0.9083009577386756
131967,0.003376608898938947
131420,0.25359155450715803
33458,0.8402558010883582
133404,0.2886589258754231
30938,0.9382356577559265
34434,0.9545426768733656
30370,0.753542160916387
134846,0.04819842870330011
36744,0.40078885065626946
33694,0.9255189398557888
133896,0.03253108713090855
133409,0.004635958855424547
135258,0.26011013995575033
30312,0.7912538673888942
31267,0.8585032471347572
32145,0.9578811820255446
134533,0.05837777860403463
132367,0.69179551023341
131736,0.5153614323679623
37045,0.31945203904798425
134933,0.08852905352461127
132334,0.07790799034857279
135048,0.00531849373903214
133437,0.01636280927207877
135135,0.13777599853366446
32981,0.9108695259980357
133779,0.020265609458224455
35166,0.8285878540841202
130358,0.18850112207168881
35939,0.9750788566663697
32458,0.8020059404824602
133867,0.025758522162202604
131277,0.02327030876421439
32603,0.9232060711874222
133534,0.12632490627833537
31921,0.9763207488779334
137129,0.048869805685432435
32207,0.9625022718419478
30851,0.6171428247610471
32277,0.09180263861890457
33730,0.8560834609818601
32695,0.8881114726683719
131483,0.009150991211795818
32041,0.9474078942680471
34679,0.9650997985528841
133778,0.012813674181459539
136457,0.3294279698412641
130801,0.0050183874849744365
134360,0.8858403510289125
31390,0.8288715577824708
34822,0.5819512682733956
33445,0.8850103599966461
31808,0.9234676912122193
130865,0.3760553041921002
33780,0.8653936783789586
130220,0.1571863473112033
136648,0.08770497149760353
130862,0.011134180695106225
34505,0.3711478559093999
134794,0.012273509777851964
35679,0.9210746020062519
31125,0.8968571684650688
34442,0.9648384818249927
135840,0.025009225769811814
133264,0.08454714242775323
133228,0.08785799055149636
130805,0.014775480668805567
35775,0.9582144620273332
36310,0.7474487113239964
36323,0.8181187479695209
135559,0.7632745896010947
36178,0.6264298094380487
131741,0.40186404141425763
37076,0.7614432806056028
132143,0.452940723607214
36236,0.6698880825374174
130034,0.04459114464771905
134720,0.005288378789863376
133103,0.0038220076687630585
131733,0.006173221384770508
34760,0.8482302523595171
31484,0.6959238229723256
31140,0.8122707787412604
132741,0.011479532232093172
36771,0.7627277243282972
131636,0.8587737878036417
132305,0.040307903914274384
132714,0.0052620376370734745
33523,0.8622524886553986
31511,0.9254316396707094
31388,0.5626240513665652
31515,0.8699762041211841
132157,0.7591384243188302
34312,0.871025594002656
35101,0.8082373715544097
33380,0.8648700128968809
36074,0.7418947756981116
131599,0.44812982696869463
132491,0.005643909869565793
33435,0.5274603964941009
31662,0.816061238376505
35985,0.6100604008625584
130883,0.08097142299146859
36609,0.943162740847132
37114,0.9569258764250542
36076,0.9661059195014456
37150,0.9707480422159096
134968,0.5569088373080251
132142,0.27631810522475375
137190,0.010202355867193301
32440,0.9647949298959055
35910,0.5664721261092396
136439,0.2773959696755922
130899,0.0070616665031327025
132576,0.010021294466009259
31782,0.9481042133841965
132391,0.5151126914539287
32592,0.9168820888256632
132161,0.17382516714823532
32821,0.4490280861519128
33315,0.909961486253033
32107,0.8772482457772521
30722,0.9452135153210952
133323,0.05142762255984633
134055,0.2668362641717388
30680,0.6712923838236167
132415,0.3250728634707436
36252,0.5557014498430273
34455,0.928747454752313
34923,0.8842468539130262
136119,0.004618563448806259
36008,0.95128831935239
135563,0.31585018312575613
135368,0.24542449994385734
131855,0.0321464901826884
135606,0.04524557676411465
30674,0.9051270527960693
31880,0.8514005985860866
134493,0.12876177129197972
34932,0.22068037254051862
31175,0.773169020230871
30605,0.8703884377613752
133520,0.04371339984038472
30267,0.8976822302699186
32104,0.4205241861760206
136365,0.004534316593793633
134180,0.09299334680174154
137365,0.004566649734421578
135407,0.8610932808718283
136205,0.14293515464493786
33642,0.8114636687316042
33746,0.9519428964034893
33099,0.9367582733951739
34844,0.9095864898409107
30528,0.1058636478410659
130629,0.08692718970209465
133168,0.6208084941785
32848,0.7524173084821266
131528,0.06982322122373144
136588,0.22004066245515924
34011,0.9390271955246565
134560,0.17186228597620226
133964,0.034363066092499256
134888,0.025960736216912396
30654,0.5699524215950313
132726,0.6648272855243578
33077,0.9557321849263078
30499,0.5851677386639762
134604,0.3587869121444035
35084,0.8074016323547497
135374,0.8916459038265794
30089,0.6535217649502496
131429,0.026049709413181306
31313,0.9355016408285618
35409,0.8970852124799691
136646,0.22279756199332626
130241,0.03517384690491507
35760,0.9019783186619273
134335,0.0963684024145246
136107,0.028699548908403486
30001,0.8485905124767982
36166,0.860327954968645
136623,0.027363603725834715
35494,0.9531477223919933
37157,0.2580779022625719
133870,0.05125803101925282
131424,0.3245603837507166
34142,0.836261543603016
32734,0.6233206816186068
130073,0.04886384379839181
30646,0.9661250050534425
30387,0.46510513223030786
33252,0.8701037015528698
133861,0.02322272793906242
32742,0.9362652784226018
137484,0.6822060575769041
33162,0.7775717406409106
132665,0.026712938231335404
33449,0.8906116491642226
131114,0.052092609092664145
36121,0.8576654850938236
31629,0.8873799540065006
32414,0.8841613684968626
132426,0.012675876275590112
32281,0.8058978844192051
130996,0.010794731798435112
31079,0.9023514291183475
133538,0.03479580894738031
34139,0.8495517544277508
33833,0.9611781693214198
32739,0.8745911357571106
30211,0.8141002053499103
132473,0.026605957476985728
131439,0.06364322349228194
130708,0.014435511046371408
136735,0.005540033785208148
132418,0.020633042942467247
135415,0.16473960460840142
133115,0.003512603331483341
131094,0.27419348742132904
30918,0.6899523797989829
134058,0.07129901579869408
135256,0.041582887986480827
36046,0.14172673522415263
36293,0.8856421146621128
130410,0.7515546571697195
34348,0.8332837867314344
131344,0.025071161127153865
137463,0.12554496758919062
134568,0.606262652229042
30384,0.9099929551618595
131507,0.8040612655695862
32179,0.9575309135552543
133051,0.6970879514272221
136287,0.32110533896297444
35597,0.36393339627026566
131952,0.004561834658570441
35104,0.95154769313499
132344,0.23706028683491956
131187,0.017385914069364766
32422,0.9137182756415256
35503,0.9571658377983678
36457,0.9494402238025688
34200,0.7322722244834583
31173,0.9657167357549962
32406,0.9178501697339281
133880,0.027354756271474507
30420,0.4384816666844074
35892,0.9325557480082814
137170,0.20210000653609927
133539,0.001930467982585928
132406,0.3218678078078284
136749,0.1742835779234565
136116,0.005327553387366816
30493,0.9551084945254134
34032,0.9417256831996672
33283,0.08733304809534584
136000,0.9232798292590669
135682,0.04541692416874861
137013,0.007451902840124723
132397,0.11697432280541178
132408,0.0038967471105252442
133663,0.19073464445706234
35916,0.19810544631062688
34974,0.7779297139133672
33578,0.9708552762462418
33277,0.9459732410741095
137147,0.8530299489165675
32726,0.8531838956676119
33470,0.937644141281321
31415,0.708718098322763
136042,0.05444303238258883
130006,0.02752894325052998
133221,0.3466974108581834
131904,0.008939929921977313
32465,0.9722613154905055
36284,0.8789754401470359
134578,0.09315933323389
130973,0.012806978374882615
136593,0.8558003067164122
133868,0.009599234196946926
136972,0.3618284599591872
130005,0.01110162095107512
34071,0.951044793191074
34752,0.9174203109119823
132540,0.7542950097356438
134660,0.018913339724512798
36489,0.9614855806901538
32215,0.9608233659162104
36319,0.9706165291486342
132121,0.0077534670214902
136826,0.7491873982626794
32798,0.9293898620604915
135144,0.01562676645342217
130694,0.12367625225903409
31773,0.8595455338507453
132368,0.1500280030690982
132457,0.09510476839575234
135229,0.00386925204288108
30188,0.9107968881330517
35387,0.15053399625407868
134553,0.0050119716190507885
131062,0.8271223872255362
36585,0.7939107230333758
36030,0.8367923192346607
32783,0.9275998726206076
131284,0.22311326991818603
34575,0.633443361286139
30882,0.9321749371943031
34613,0.8981201310709567
131248,0.41044342560003333
136157,0.006883017901871034
32769,0.921818539831231
130097,0.6713803060803915
31020,0.9430831066274454
133559,0.11226550895843392
30896,0.9382029583327531
133488,0.11963923774341247
133631,0.007695689071282778
34141,0.8544905309379502
34260,0.7509331254866316
35560,0.7614052621467481
31622,0.9649782793997344
35035,0.3076070489188994
33852,0.7825502183104681
135491,0.011455022848551159
30820,0.9584559359619792
32493,0.8901798042020503
32351,0.9810175891683264
32745,0.8977809017152067
36623,0.6234625098152353
36073,0.7293296858763888
135393,0.06165291460269345
37277,0.8751449639658954
136748,0.03053592375791855
136824,0.056398466845070994
131296,0.004102865929161294
131664,0.019598611066087422
36241,0.8884963030411708
32411,0.4607264643318877
30853,0.8826488587417626
36141,0.9641528207754841
131902,0.06530598147652522
130965,0.004461901127461571
36117,0.5612355861210956
34827,0.8997380640776462
32487,0.9701443379750809
130007,0.19959719391303474
32685,0.7499746708879493
133023,0.07144810087107276
32650,0.9565236952127358
31065,0.19309740687885463
135785,0.041099888298136385
134852,0.3263656890764119
30187,0.16062387901732358
34430,0.9087220783468892
134177,0.02505557709272977
35614,0.0804485298675701
32261,0.9044547933201788
32740,0.9602124986409931
36281,0.8173127945008922
133727,0.005913682893590165
36423,0.9223868596485759
30106,0.9664314288619775
31389,0.9342095240186052
37451,0.11321352496698024
32560,0.7607685370549788
33705,0.7673162900754606
34982,0.9349451801710222
34461,0.7459159957672544
132221,0.34371533808975197
30422,0.5005949411087001
135795,0.13215730698673706
130317,0.009192436084343688
135294,0.26382232402306766
137204,0.7269846406297973
36240,0.9403984338245487
132313,0.2645903079059089
34785,0.7465737951972475
137036,0.060997188201633974
36429,0.8152036020299849
30223,0.7847845107210184
37179,0.9234768884772577
35058,0.8987627293790889
32071,0.8901044765747157
35230,0.909479025427128
31504,0.6541760761644928
131821,0.011221088508650947
30777,0.9787946877065806
132861,0.18695648689808672
33659,0.6908666674866705
137059,0.051436369498874215
135926,0.35001157092793245
134802,0.028109436929440106
131713,0.023396000550434705
130303,0.36828954804946856
36729,0.9044063067790133
133938,0.06647393028347907
34490,0.9198534648785808
37259,0.9735583390539614
135569,0.023882416898444635
32381,0.9159269427282914
34671,0.9397157775891609
132400,0.019060510375824173
137104,0.005310585636201263
130907,0.0425544769611062
130022,0.04511957445076043
35795,0.8980157826573685
132546,0.011079901049458395
35839,0.9166332007809103
35022,0.4559535684732722
137272,0.12617557918061673
131937,0.75701824440272
33859,0.9261429598782601
33788,0.9428248654962474
136459,0.3845806064159468
131509,0.12650055784817607
131860,0.03480254338507567
131307,0.48241356616928993
136339,0.024402722689436655
135054,0.05830125893066156
130021,0.2054309137816551
137043,0.06971181857594186
30326,0.9682079627638638
34564,0.8219204888917464
136812,0.004126006339433249
133185,0.3768202336501724
134175,0.08298017658410775
31034,0.9137699452105168
36037,0.856887996995907
31715,0.7633493667965072
131166,0.751751087268962
131140,0.12338735201528299
133052,0.1839065976020329
132291,0.09730540179565209
37197,0.874713481070798
36021,0.940415474865218
131682,0.016809395449690907
31112,0.22331958414902564
37275,0.7192873087500576
34726,0.9554699285764388
131551,0.14219662556371077
30332,0.926241249595765
134328,0.05257918503801728
35245,0.9159162381814255
136211,0.7972235788360136
135724,0.08380339447050907
31383,0.9373844630958128
131756,0.10559113535270823
133196,0.11327255193475291
132798,0.8060088645765734
132542,0.15945315898022094
33931,0.19914671101256864
34370,0.299456714494185
35015,0.6958230324315334
136401,0.0957766345489256
136814,0.016302794559830525
37443,0.9700134955506657
35752,0.4535454168780554
36099,0.7597811656868175
130721,0.022474871559772264
136240,0.0043144746440346195
132315,0.2118160870015887
36066,0.5186893446978188
131178,0.06190936350841009
35857,0.8442640034199197
36859,0.9090845605753084
134659,0.022363980525491628
132783,0.35718307427419316
36620,0.9590994270661789
130330,0.6820862854529031
130483,0.6446059487845877
35272,0.9580446667788292
132684,0.23825230485489662
134681,0.12488857640026475
35204,0.48177373280994473
32246,0.8448434230693191
133187,0.045129524507389315
33691,0.9200542551416573
132263,0.7672976271845813
132946,0.018669154141670394
34110,0.9389563300285579
37176,0.15084339071122543
32000,0.95952990726257
34593,0.9244576882461086
131943,0.008111535168236464
34881,0.7016554405486654
131169,0.15374556028654776
31711,0.9305558754903348
36459,0.9447399862211487
130344,0.20205721628540804
135418,0.9439423144084065
133131,0.04838872137417104
132724,0.6566187453871569
135161,0.008676093752875189
135466,0.24033311456880363
30560,0.9220740758133272
30945,0.9606644866466819
131346,0.003291347831358302
30792,0.8041059872107255
134935,0.188772901445918
37010,0.9797594363015604
133302,0.6482622680536536
130491,0.01707265959503189
36441,0.8081577015988338
34680,0.929736906425359
36826,0.7443740503622583
31106,0.9399403276456055
134234,0.6361053325902111
134463,0.02327061640128062
30762,0.15726873110359962
135792,0.7631536883696861
37099,0.9514631690573208
36230,0.7824275803433052
131157,0.3288694098772873
30660,0.9048340636437692
30907,0.8853733883652987
33041,0.6010610124280695
134406,0.08460301658769138
137207,0.02448426708958783
134209,0.05254261880898311
37351,0.9687896736656325
136032,0.03899585371506741
133033,0.003681127369651044
133371,0.20780698739266942
133140,0.039929574255288966
133687,0.6926051988846362
134469,0.14974605459960538
132579,0.2424558880258843
36432,0.9581307247588419
31704,0.9038322443127866
130174,0.0018112999593878835
30095,0.6221640605221248
30960,0.815360105609152
33024,0.9769281806760023
34086,0.9199331396396301
137472,0.015400442594465784
34177,0.9106931486673165
131726,0.6961233195119532
130311,0.030430195756935906
133998,0.6054229325075343
30436,0.8596578809511682
131063,0.7958736843669696
36263,0.76467987384861
136590,0.054622261348084414
31924,0.9439425933676309
30803,0.918438075292606
137246,0.005166201108069717
37397,0.8345018586146087
35973,0.9087506284462701
133985,0.020431836442191688
32400,0.5873579412864891
37245,0.864745869931075
33926,0.7933159671563714
32079,0.911786309775621
36550,0.9677322816071249
35304,0.7836204256910877
130739,0.01169045438623206
135794,0.06825881709373872
35984,0.8719120888165338
133137,0.00900465868434184
31254,0.8962858687432089
137310,0.3149153723474534
31720,0.7246222005635711
31668,0.772671935572077
130243,0.0410008383412672
135902,0.21212342234322848
33734,0.6511398707891212
33163,0.9764041696012541
134280,0.18375194969242892
131265,0.07996734952927176
132754,0.5339059283121488
31046,0.9168788227686799
131359,0.021159957240713064
133243,0.7947783203290881
34358,0.9621988568399744
37139,0.9191956558939942
131960,0.003717226865176805
33158,0.9491171732227759
133016,0.5870379983982721
134255,0.20891790723107095
34617,0.9481860403987968
36567,0.9659372707046314
31425,0.010878310142960954
31684,0.9132753995842702
132385,0.028890263912765925
34207,0.6048914334249467
135570,0.15079361834123764
37464,0.8734883641753
132069,0.02037014630877943
30423,0.9213082197878211
135542,0.0056572136135903195
131465,0.04216066920704691
135120,0.06360438294958776
131318,0.15865425937865862
133535,0.05704798151853042
35800,0.8332769562215492
132878,0.19098329435103928
34524,0.7773121149905626
37425,0.9569550576058501
135345,0.18749309258085795
30577,0.9729171329192221
137492,0.010892760979928572
134365,0.41151504357160223
35690,0.8829175321820382
130094,0.5263033320001669
33794,0.9386283716346324
34333,0.8580781180067297
130482,0.491907352010327
37362,0.9643909173841353
34652,0.9493749446156152
130395,0.005558083437749918
35828,0.8094821640687327
130958,0.0034596796902948922
133993,0.003421402415465545
133700,0.04067724781099194
30703,0.8460425279774946
134378,0.018379370055109725
130897,0.050673420683184894
33825,0.9378682919159929
36512,0.7981568514762496
133894,0.29883021640956187
32265,0.931793348973294
136504,0.4677121044703958
31944,0.8091110232403826
132014,0.8892016489974064
35041,0.5527057541066309
134151,0.06104615141934298
130351,0.01942999200740596
31211,0.9219257603898205
37061,0.8846549620110196
136615,0.017549486878014768
34978,0.9247133115605639
34691,0.9491132002283666
133686,0.6636161281638407
135679,0.44334186706996886
135136,0.1915429808129098
34026,0.9224479301410736
31342,0.974055067922873
134079,0.6776266970044602
133295,0.10628664496079554
135408,0.41081614581276227
130019,0.006702730243228509
30618,0.8044742526377504
32772,0.8739329040296913
131941,0.014783979862339954
135533,0.010769607436261272
137051,0.0520155091703241
30894,0.912932960633916
133058,0.0034334151933949402
136138,0.4769864177435653
135018,0.3333407513568256
34527,0.9669800966665306
132825,0.03495770225551666
134429,0.7565072820307307
35191,0.41506685851107233
36707,0.8763449110228323
35962,0.9577554740418001
34091,0.8341180069159642
36062,0.898216849529597
34475,0.8979045986104939
36863,0.9364812644616114
34943,0.37294352028198635
132784,0.00525280426336191
32425,0.8743546037053459
35592,0.6574157688082058
34386,0.39381316471894157
132796,0.46234927198183534
34058,0.8863826916722375
132246,0.021907531608269182
136493,0.19580802526701252
137303,0.07819148864963932
31971,0.8954630024208212
35203,0.8863002342019866
132598,0.3031790211739892
135994,0.3572396954423167
31137,0.9224266569219289
34498,0.6615613185631819
35057,0.955478458430158
31962,0.8792301498060856
130595,0.005663843585804257
34482,0.9411835388766987
134634,0.03291587969806998
134530,0.20786747480605478
31778,0.9204192012381426
31336,0.8816332109493382
31184,0.8692687643290631
34919,0.8252314699869897
130838,0.003184453416575247
132864,0.014637974068920177
137086,0.06589011725081326
35570,0.5434276484286782
134845,0.007450418853469851
35873,0.939579981476002
132393,0.7974769672862381
131320,0.04958855962999185
35787,0.9088956520518836
133301,0.01229083670280659
133744,0.08746068482355003
130908,0.028638490801625904
133071,0.30147234663122346
36203,0.9670559421534698
131159,0.002568043260905827
136221,0.13415546973562903
131386,0.00869984494665179
135828,0.6080846090341344
34336,0.8822712244567552
134159,0.018066549379698444
37138,0.9281141248521463
33535,0.9637429620243276
30595,0.9543073553603985
131963,0.0076529740451689405
35140,0.8873400921255845
130279,0.012002692461899299
32860,0.8212436431881414
32636,0.9574116908322274
133212,0.07141338174446167
35547,0.8256248275197012
37355,0.7587226757106066
36015,0.9426491428423296
132614,0.016966245043418964
37253,0.9734717560908903
33299,0.9494691789951354
132950,0.0744153315492425
32806,0.9491511166857294
34117,0.6425432664920604
133772,0.477843500741276
35482,0.9300790548308996
136097,0.12853892016327362
132681,0.015895633853909727
133608,0.04829537422083626
130144,0.004687585178018623
136229,0.017052960194213266
35577,0.5985969659085739
130910,0.3243622803248907
134068,0.062165461208578
37204,0.9642640734480818
131834,0.40606703326635835
36139,0.6368856456894687
37357,0.6255343982482532
30151,0.9589367426864022
33708,0.885221143027547
132144,0.005238831829885014
31861,0.9472112628509936
31303,0.9422177018207474
132383,0.0034654465611754495
135551,0.40192736676590235
131667,0.26557027293823376
132947,0.616611107466283
35186,0.9565520241537223
134613,0.014105104811081624
137199,0.07138912383349867
37067,0.42743649905099024
34596,0.9695689528170153
34667,0.7037496954668876
131648,0.011074362811221306
33188,0.9267470368855545
36748,0.9421883195066595
32964,0.8979324739867429
33728,0.08452154784030677
133156,0.7280284890561732
132807,0.026764677868239068
130038,0.005153339018266792
131725,0.007648367121124912
32594,0.6596526573502266
130052,0.16742546305939227
33748,0.9739558688478636
133673,0.07887418619956249
130854,0.06400898577185615
135662,0.08925934356719586
34301,0.9527516319159725
30048,0.9389526029519379
36025,0.8210131770679302
32067,0.879835309671126
134322,0.01237815751917726
33415,0.9689035692809991
32625,0.8902844315901655
131384,0.0239811565534634
134026,0.3818806376185136
133427,0.04865603084001606
31729,0.10839504487742739
32158,0.7940427601979936
130027,0.010199493653201965
134302,0.14884088924290095
135947,0.014440051991071318
132299,0.055995328381257446
30874,0.8630908060777803
136933,0.006916539468178287
137316,0.09418433379878938
37271,0.4809681137062083
32647,0.731736742512683
34971,0.9542699470354441
133738,0.10056223139825493
31644,0.6662810034687687
36091,0.8541287099545402
32672,0.42996500220193473
31983,0.9569444340312374
133586,0.03982808590948263
137411,0.15307097440531153
34006,0.8922664121267194
31026,0.8263579827816223
30250,0.8943811721239936
31310,0.9717318358505778
131998,0.7153236569107232
135747,0.854542045199239
133521,0.10484904348107166
132005,0.009347769787408929
137276,0.6819273181608111
137358,0.03126595860780344
35491,0.9282346555596561
34539,0.806218109670243
136034,0.05888480910476357
131553,0.22095404104578117
33688,0.9324955230811769
135508,0.03118705138794329
34464,0.7931509370758851
132236,0.01588761267471688
33300,0.880253412991263
31813,0.8758814242963169
132141,0.04191099393742904
35316,0.9574957129330263
136701,0.07652293222898338
30339,0.730786348190152
132646,0.02109576228238917
31599,0.7685958183640818
131810,0.0031107279047619405
134816,0.09880710294440907
32983,0.94464805242546
32088,0.83712680899297
33442,0.9530535614935043
135234,0.03210925426529872
134957,0.013862835687539581
31661,0.5449352308997132
30208,0.9615871456175762
34611,0.9408300394060273
132848,0.10764513924693184
37079,0.9123744877096931
131746,0.006507141003162582
30482,0.8838103128947258
133152,0.04287256593879129
133329,0.05138989787797632
134250,0.004489974687399304
30505,0.47148252820927095
35190,0.24500721125766958
35138,0.9233843065393137
36575,0.9433822305310907
34909,0.6902067508018954
31829,0.6915709498649728
30877,0.9021573136414833
34955,0.8050651471637884
33698,0.9511757326319167
31514,0.9187102025304162
136541,0.011737550243477111
33109,0.9764122951530037
131969,0.004116654851514287
32471,0.38622733813184423
132939,0.39437187700507126
135919,0.004145207317632209
136144,0.05969416794796213
131353,0.011035200151789513
134981,0.044693974388393835
33320,0.8426407070947152
35923,0.9132502157127074
132923,0.05307356862883047
31441,0.9459185771473627
134496,0.5449469232806939
134428,0.7686146975934227
33576,0.8332348783504316
132811,0.7608708884771695
137032,0.005956329840703034
32889,0.5288783387373367
131028,0.33728255100682636
30506,0.4252795803456654
33361,0.8416342001405503
35343,0.5766596963191435
33070,0.9347575969211309
32005,0.17332261765419865
131817,0.012048924117349018
35922,0.966305817170862
36334,0.9291200166081253
37265,0.9474906461498244
133650,0.3636057371022442
31538,0.559719028720938
30785,0.8317959004173161
30470,0.9691503758253598
137371,0.3765159141877861
35785,0.8369820384918347
132920,0.10873984089794456
134599,0.03624557496310153
134538,0.0036966872156804307
131084,0.06522564398003154
130628,0.1287427942184296
32825,0.927402767961663
133590,0.7763907403567873
134084,0.5733821281054947
132719,0.010906781949839205
135032,0.7397906267020437
130054,0.01779693229752676
135506,0.2886335543105808
137280,0.4780459471221926
134231,0.04792022499455338
136373,0.020868957388041277
31365,0.9570469747086054
136099,0.0085938850307442
31086,0.9501847174232636
131039,0.02914333894211423
133579,0.2196600486301855
37030,0.8902349465529793
35206,0.8020977211155237
131121,0.34645495049836017
35422,0.8876361075899458
37228,0.9467825806026392
135025,0.6813677532001615
136402,0.014478981759469682
131421,0.09359466164365457
137120,0.35678241617158224
134564,0.5284927107249622
35825,0.6375992732961917
136367,0.0741722917474651
33169,0.8131770843478798
33161,0.9333604526210484
132571,0.46574939601284715
34850,0.7685444207633532
31369,0.8721541919197455
134312,0.08780428250271433
32691,0.9534262627230488
134942,0.2992620379375151
130702,0.010196669961406352
135985,0.018542592158879906
135573,0.05641294080152222
137197,0.055043827940299675
36610,0.9351585008526158
135170,0.041609272103189175
134768,0.6836197596262428
32954,0.9502902482110319
36666,0.9581311790421876
133505,0.20359451392675515
34641,0.9361375535449115
130831,0.004037085467403114
134661,0.005156282730543039
137156,0.014354508473873775
33671,0.9329201772326847
35545,0.9368661716249005
33480,0.7648742190913629
132834,0.004261658753631458
36067,0.9217231982043868
36633,0.6981370080320922
33704,0.3908864429187977
132488,0.03612262133221405
133223,0.005877755286205952
135874,0.5492638766864678
136503,0.48616266856000107
130246,0.252933899777279
133445,0.03564498131829863
34754,0.785806971305183
36018,0.8600319889705378
132078,0.024971011572489755
132975,0.3674450963717868
31548,0.8781782391801418
133385,0.010985298104740492
133144,0.23875320209171846
136005,0.00397081285889882
36329,0.8586732088199676
134675,0.07742342889548988
136418,0.6561994697437099
134001,0.17835142450901917
31000,0.9758841744886019
33540,0.8502570228164454
131772,0.01156353160966552
132904,0.7657852344336712
36710,0.6786698801057744
132941,0.7165454891417818
135779,0.0035492746365341477
136348,0.004638087936641091
135235,0.08403882757607949
132035,0.42452876113990123
135148,0.3831082643318959
30641,0.08606635785751304
134947,0.02086842345835819
132007,0.016984825697919537
137182,0.8007935360488183
35505,0.826553251118799
30948,0.9751027625351144
31506,0.8364528933076008
136586,0.22208213171607183
133766,0.013415931421031091
130134,0.006145414369122697
137428,0.5468765154933288
30567,0.9345461608220688
133602,0.08248280126067319
35817,0.5320460784517133
133355,0.038096963729367425
31837,0.9649136106519397
135472,0.005165426246669127
31166,0.6593748032347951
133260,0.3978567393596779
33276,0.7484959901767748
31601,0.8139295169064764
32775,0.9506058625595761
34777,0.9232341269830124
135469,0.32267033951746493
132330,0.006200139560914748
132476,0.1198918631295776
136335,0.06017654517798034
131978,0.011679888038949513
34689,0.9152132888495681
137206,0.03919696227830659
135223,0.3952261309381999
130433,0.00940510927269117
32692,0.8875588101269034
132219,0.6516409617217902
134577,0.0075592474977268535
133166,0.19134350796781271
34116,0.9681971067444094
135182,0.036099868621414836
133046,0.17859418879274452
132483,0.0503578986169871
132401,0.06629749256654766
37163,0.8665820482083564
136643,0.009162383956146132
33216,0.9679575964018741
132524,0.5547721001562104
34355,0.9555210398910837
35670,0.9237866027273118
134791,0.08965465119380839
131917,0.013693904216687997
36063,0.96967166747298
132003,0.014103358599488207
135246,0.052380741081711216
36239,0.9289857407340711
33770,0.9555830974556503
132266,0.023034266160598397
133026,0.010864684118271241
36749,0.817891146675725
34375,0.8349713503502414
35226,0.7331238159368848
32334,0.6390552341828817
131830,0.014545421352884527
36122,0.937641914553897
130032,0.05684326482408876
130663,0.0053978615806093335
132884,0.09209292905695414
33714,0.8999682681557346
35724,0.8442972380811814
136838,0.036868767697025316
130412,0.004249758246656572
134436,0.048069522360758996
137409,0.015759705384691902
32338,0.9495917416483716
133729,0.015587123972991437
131040,0.04980621205943464
134618,0.8247705965909635
35044,0.9664467521105125
130727,0.016560919552362986
135656,0.033230453134118
131544,0.32541069192072525
33490,0.9073867430843727
130068,0.1433610882937479
33778,0.893869268984649
36160,0.9409567620666028
35572,0.8315323233968857
132727,0.5047736620567039
133496,0.15492518535965613
36916,0.949730977718051
134447,0.28065388478522946
131812,0.21365821866247142
31585,0.8093712222122709
133238,0.010501583221861604
31954,0.9028680321466155
135647,0.09562085813960004
36165,0.9504480267871935
134500,0.21417013620714734
133234,0.7098073910729853
136662,0.0032379512407931087
33050,0.8696978921763405
35983,0.9271188688933328
32177,0.9612564135143311
36162,0.8111782455001264
135692,0.007104444482314688
132129,0.02790391987216835
34501,0.1582300271032296
131464,0.0033262864724067096
135922,0.02087173755543288
131220,0.782436111903887
31164,0.946656435893548
135108,0.15346309784262557
133607,0.4862936170978451
135110,0.02674568815934536
131230,0.3601349822616705
134331,0.7118916029720235
30912,0.7385589616324526
133282,0.15812647065624363
34657,0.11022008334346732
36024,0.923367796557085
131845,0.42912243645130166
132086,0.8280434695321826
33869,0.8796109950422492
131392,0.01340146830330601
30998,0.9269947954588394
130873,0.005550619290522564
35450,0.842871628145177
137169,0.7495151537466108
135494,0.006237381248109817
31681,0.6181541408014122
33579,0.7695830869452056
132478,0.16328583292816715
33806,0.9693897785452863
135286,0.034233975952219206
37439,0.9311739258399462
33270,0.8576362784907041
136168,0.005764830036845429
32369,0.8000239172284306
30706,0.9807425688170265
32820,0.23059931425612715
134972,0.42836233676879676
30206,0.7084794937341492
133862,0.01850569713331434
130845,0.05192973269574248
134203,0.6152162899489334
36990,0.15864497457656776
34283,0.5266066828277403
134396,0.060559736051364645
32049,0.82541172844251
133824,0.9117719630505534
134327,0.05240709664428281
32059,0.6734231606959852
36599,0.2269150334957688
133025,0.18047677473103751
33097,0.935927373331125
31640,0.8575038085524939
132321,0.51303497709792
37488,0.9396810884268694
34558,0.9580877478110272
32512,0.8536458073032037
36355,0.8256737111115517
35259,0.8521600910645099
131624,0.0021118876065028052
31480,0.9246455655761856
37005,0.8418168923543938
31261,0.8426402025619685
31023,0.9426413527123013
135538,0.798776304761892
34289,0.9771438516456927
36830,0.926642478164991
134956,0.030361339116612096
136051,0.01827814119133476
35235,0.9644306603358088
30985,0.9734009660713921
30249,0.7069335997145751
134521,0.8909635484865843
33234,0.8118474811033962
34843,0.41251752877074865
33823,0.696776878327283
133770,0.06120408488188474
30109,0.8101730068219328
131798,0.002868694980362981
132999,0.7144810340086647
132617,0.021631007484034022
131699,0.019375331081091306
130252,0.6265963187832555
36790,0.9411655895363658
133995,0.03520495326964622
134814,0.016562324668181253
135016,0.11606687500894246
135726,0.08933634534777612
33482,0.9725829276987592
131189,0.01277707188372032
134540,0.20377654560872197
35152,0.8772195050098763
134940,0.008958711803210881
133235,0.0045465996727544235
33132,0.9038755451725222
36225,0.8473775723568843
30359,0.8042979490467707
34623,0.8790678808071468
34225,0.9742910888318986
137105,0.5351160550784695
134239,0.1885055824531707
131398,0.0067719997822498785
131787,0.06093752480057706
33622,0.9292385872231642
135164,0.03663697927411621
33256,0.8500920784775569
132309,0.8700288682744935
33561,0.9367933725363664
130485,0.8885603606028136
33002,0.9494826759334525
33310,0.9588030974723853
135158,0.06714606612740158
34588,0.9129797878171874
130866,0.10593856575682833
135707,0.07801094295478828
130927,0.03570798465834747
135895,0.02523466451543708
130464,0.010845644420239331
135327,0.07370508035219611
33627,0.4060474624010064
30147,0.9401632894298554
132662,0.2816954616227543
135856,0.06243283599359007
136880,0.34133356802190884
34098,0.21862077208969077
33782,0.9517809338689258
130336,0.00500247538544678
32344,0.9644224428076703
133567,0.011709728687085683
36518,0.9704911847692738
32712,0.8982873974132167
35144,0.7236124619597084
136225,0.003416687526131592
36205,0.9453730970041151
134262,0.0058650078639780594
134431,0.07618368407487278
36955,0.6661967840502195
136899,0.9094147928084968
35156,0.9532377746828573
37193,0.2244647257335043
133725,0.09370659534151911
134767,0.09612566235661583
132251,0.7685408451770976
136600,0.003986879885588122
135155,0.016219663907713965
135610,0.013325356686112354
134548,0.048362781936523366
31113,0.9171993053233515
32897,0.9208151405535192
130265,0.02859815042909838
31916,0.7865838107328939
134944,0.0044929414500313085
135232,0.8107443153715634
130435,0.008555916700987053
135936,0.4551590293792619
136273,0.09187379806772512
130402,0.004721345210507015
130118,0.017335781176225147
134315,0.08826247018545139
33183,0.9369771167030652
32849,0.9717938957641765
130934,0.21137397605927885
33590,0.869011790701478
35763,0.9534281768145929
35427,0.9411575640169467
132715,0.020665040386326546
130186,0.007703175423543757
35285,0.19501978055559593
30687,0.8836040002921043
31408,0.6832926721569552
135215,0.27833405482631046
37290,0.9436249348615687
133036,0.6329412663933329
37378,0.9175334322981323
34664,0.9375410203703138
130857,0.031118833150474298
30323,0.9274681892076841
31716,0.8188146026729876
131942,0.292524496891123
133179,0.16816558911771423
130431,0.005591851232100658
134098,0.08292943941977707
134588,0.5996510562847994
30284,0.9620829021405873
32027,0.9688089431436899
30891,0.6169237075589475
132164,0.46636953721101637
133313,0.009373101064467114
32811,0.8032725773202565
34228,0.8603516106599087
33386,0.6680893881615322
34284,0.4481346778005831
131269,0.4555549519160944
32736,0.72819120845125
131164,0.4469520722217145
36736,0.8857685706119314
133424,0.5996017129735669
136330,0.6686296552590828
36814,0.6705446469856667
31378,0.9633586914452676
30441,0.898191834430366
134687,0.03965534021411279
31498,0.5321173176815893
34362,0.8107642963882649
34934,0.5141044328906619
30199,0.915708608463693
130309,0.1352615400973391
30886,0.8499744500867035
32513,0.8128907092518932
32892,0.8695751697636758
32719,0.9533067349613721
133287,0.28498681434463624
130695,0.029526175857947014
136374,0.3580090029795303
37468,0.9641703596944786
34662,0.9064925509736816
33230,0.892426195234111
33115,0.5698101251564244
131484,0.032841256507805755
33731,0.9570189604002244
30270,0.8841181009157348
131780,0.004588291090411707
31316,0.878839469983358
32729,0.9504796066673414
135012,0.018961907013564296
34446,0.6646063390958928
36245,0.8155710099551754
36386,0.9355387973117154
132563,0.009029897983770897
136309,0.5969990274969448
35094,0.9324401261766927
30408,0.9598872298651255
131886,0.5175417342656915
31251,0.8325636522501849
37074,0.7690853595120233
31769,0.4007715675222879
37017,0.9040298984972329
133670,0.13044234366410212
30333,0.9738432644687559
35768,0.1589688826412849
131043,0.0036421703892203956
35788,0.9140065887942541
35193,0.8819641029549123
34789,0.9631811769082539
132867,0.019026179751137375
137075,0.08155596409827987
133899,0.03313093413257573
32137,0.5771156214751875
33079,0.9658932368947097
132910,0.7420710049199493
136851,0.0033952309260587175
133018,0.01639146153986284
31174,0.8991141881466385
32998,0.8825482170813643
132889,0.042796318136688834
35180,0.8781483304133362
134964,0.3226075269051917
35384,0.9666856163566054
134934,0.09630872734109633
134505,0.324184288552154
30879,0.7116731859957647
30772,0.9763842818778367
34959,0.9684796948159485
31429,0.6509350737389008
132897,0.019292523033455272
136768,0.66446989526993
34220,0.9017590708577521
131826,0.0865451212562801
35395,0.493024110878005
32294,0.9231761979276665
130418,0.009162270711108029
35743,0.6851861833080234
133794,0.004112416946650373
135765,0.6271380889466409
33875,0.9290216487799264
31615,0.8311630201968407
136199,0.26693140183774267
32960,0.9628784998932707
35403,0.4244769339927961
33528,0.9590946002801516
133382,0.04260077418489998
33432,0.9412204135973999
135314,0.13111265665473593
33839,0.9417887024828873
31758,0.8771320251396447
30085,0.821526798024851
131930,0.042581346114317284
136216,0.6379882013602958
134624,0.23471209304416477
131113,0.3945652741900283
136731,0.003514342389101143
36619,0.9556359333578697
137483,0.005065301912026372
133414,0.22733727552369487
135929,0.014884399251966631
131840,0.46067048407324973
132866,0.13512787449710711
30196,0.6066932991187761
30497,0.963148952982927
132158,0.6059607562027484
31030,0.9270800239512156
134620,0.015545076981421817
32506,0.9627791304556276
137111,0.10241342401776807
130869,0.003499581238607945
36454,0.8459284364110324
36495,0.7830342796997585
32502,0.8537022405018377
30649,0.918556840096227
34704,0.47928463351105954
31521,0.2184147864883463
32612,0.8521249215064113
134237,0.004009368831446824
33366,0.8630706809127713
132928,0.17902874131926894
130500,0.4910938822579206
33683,0.9615356203063548
132667,0.01928566011148072
134590,0.027045342992272858
33551,0.9737195213317906
132077,0.011251632260754405
31915,0.8237939644319183
33062,0.9191750140429018
32087,0.5790947061019112
135875,0.3870733982862075
136087,0.4924983646703559
33510,0.9735454112955848
131257,0.29621439944063727
34272,0.9535538996131929
135428,0.008858521205451168
30474,0.8901212670523722
37286,0.6114389489559965
137494,0.17826943054584457
32525,0.8987179151861837
36578,0.9631481906314859
30999,0.9664912496698213
35359,0.8066341190384722
130217,0.057202625652281666
30446,0.93351131383558
135677,0.0064801953491203
136527,0.03807973520812564
34261,0.9154177986654584
35329,0.9565344040857835
36487,0.441762683531097
135260,0.06461404332963201
135403,0.10752703107489661
34325,0.7750821292562748
133601,0.0037547055345822002
32441,0.8707364310106116
32671,0.9330476208667344
33137,0.2635976052675421
133335,0.9626396910784003
36851,0.8766406262786913
131697,0.39786856437417106
36695,0.8736445480952371
130940,0.20220793903971082
31761,0.8427997359793089
136679,0.030044847303046275
130301,0.010839546872269757
31157,0.649684117777711
35455,0.9727489603077917
131920,0.008057279092825541
30454,0.8851145020525885
134796,0.12253860208460131
131603,0.21530482547853158
135272,0.2685192659876467
134346,0.04584027038858936
134507,0.0043756248911264485
131861,0.4243803516841155
30919,0.6405136532346811
30878,0.24191880528773255
34034,0.4231052994020682
133202,0.11074352709366675
32446,0.8908221074473621
136906,0.1693836477822072
37250,0.10642377176221651
34267,0.9254732507783611
130060,0.06428935933854277
130335,0.04609655499917792
34860,0.15094122823696166
134372,0.3920373977477562
30714,0.5358455014588516
37306,0.9443180953629093
35700,0.7880736456564664
130253,0.006329631907348582
34108,0.8422407463728364
130963,0.08138761086390316
30554,0.9195066139992889
134722,0.18008705101864617
134343,0.06818290479768001
33777,0.9335081618060976
30239,0.9348091633517461
35784,0.8959767958358021
137245,0.24501249942183567
36903,0.9572766546755017
136338,0.5555112397333097
137040,0.050428636361306005
30492,0.9340347642389164
137334,0.09237279592973106
32940,0.8946159034468173
136008,0.07864977772723009
132700,0.030486858782245673
34988,0.9258759570577577
37416,0.5966357946639705
132508,0.006361757765174649
31901,0.3776381212847333
136267,0.03323861464929852
33236,0.9270927508824782
35328,0.9588281032010755
32252,0.9469140582567763
135484,0.011691016130092866
31648,0.911118336780751
37346,0.9263420604108277
130603,0.06131475422548227
133412,0.004675610904534352
32171,0.9677564802849563
33418,0.7832333531978448
31574,0.80965453865303
135803,0.3152220768434012
33027,0.9287652510948181
37068,0.8953882029228379
131201,0.003349105906579749
33110,0.9287236592444472
33293,0.9589598380165809
35685,0.7638764850635686
36395,0.8604323706784444
134686,0.46634724521532156
30491,0.9461125517320439
32885,0.7855491852237532
137304,0.030604687051882212
33128,0.2860416343529747
31482,0.7760588242789295
36090,0.9307681472710686
33658,0.8460906500930524
135545,0.038190118316598076
130161,0.08399236928577122
30623,0.9662472844602978
134268,0.7619199993402257
135564,0.3625151510938259
30485,0.9307017942423819
131831,0.20508340385367171
131811,0.00968582224186455
137098,0.018276916643400032
32801,0.9255312753497396
132339,0.47092300897243505
32505,0.7125678317634099
36896,0.9113080501292449
131472,0.560909955686973
31454,0.9427366278488316
31345,0.9766809088989652
134772,0.03298587279152074
36777,0.6820862854529031
33451,0.9515055294145415
35185,0.9155572562937041
30478,0.7674788678369076
135735,0.05299496053098783
134585,0.5817080564463236
131403,0.04420844247551743
31380,0.9429299162842314
136746,0.053283254370874174
136024,0.02142693494005459
135681,0.32961340374930137
33856,0.9488347184088245
132407,0.02622980185868737
137295,0.050609007870638385
33305,0.9754581568453343
31475,0.6696893244686379
134835,0.18323881753087717
131066,0.0047883999039742215
133988,0.018344764109307965
132302,0.2392250038598234
35004,0.9467998691027114
32788,0.9654731135565677
131330,0.2578918656698564
132043,0.056469323550249896
130045,0.0028240757713793034
35831,0.46774863654628407
31584,0.9018289648646156
33681,0.9017976964271226
32523,0.1686322815880909
31936,0.8611705540656128
136924,0.14072314240388883
136612,0.019452174697229024
36815,0.892184979132598
130400,0.013752836774337269
130219,0.3044164018492454
36824,0.9665929606441805
35659,0.958352255175889
36747,0.8572364557911165
135957,0.6066970956766954
32916,0.42447059017658106
34935,0.859591692970442
134352,0.015618210852545436
36109,0.9717817598063462
135480,0.28030198305268195
135412,0.010310974772035186
133092,0.17466323627515018
35793,0.2928287488032
130537,0.20862065629663068
131144,0.034417052595402634
37089,0.9248221673141861
135227,0.011751657535932852
33085,0.970195734313145
134800,0.764617186891696
131459,0.022902634239559697
32072,0.944844378551122
32725,0.7996677691349926
131639,0.01184613581382898
34603,0.8870209735685307
30077,0.2371763144869511
135141,0.04472648979328278
36848,0.9140149077469444
133865,0.9441266351827516
134418,0.0035577839408732883
131288,0.019272844255322018
135650,0.011720947217424848
34870,0.9566529084332002
34733,0.8747837689791869
36185,0.8513123262675563
32638,0.9095557436930615
31142,0.6995992801771336
34651,0.38385126016037957
33784,0.9247784678491958
130524,0.017199670470583538
31488,0.9677813058580697
30235,0.8929605243244714
131769,0.01008633333826665
34585,0.7450516006687217
135058,0.07236190372922682
133617,0.010162818657796377
135067,0.17065661912824018
134002,0.032784696457837215
131046,0.14227526237199864
136019,0.05852535874915033
134921,0.07131289299201504
131368,0.6517348199817934
35896,0.8313147457046822
35434,0.874943669030827
134732,0.4584101599189295
36881,0.06963905974972359
31227,0.5208797093691773
134310,0.3175451824780451
34801,0.7877504529953202
36150,0.7699667586148191
30645,0.9271028551080063
35322,0.8768538914713643
130046,0.006876339578977704
135399,0.26140881202381483
132652,0.3538453865681127
132431,0.011887998616104798
34670,0.4027752603281811
136372,0.11268865143314473
133430,0.02467867552259779
35981,0.7652757772500629
36045,0.9486464716294449
32693,0.933018299909896
133835,0.7509030984681642
130601,0.009473719937501623
136171,0.07418004367821444
37051,0.18998538338110227
135536,0.059238664796581714
137148,0.6812217586029707
130776,0.01639334590445301
133967,0.11186630321895391
36591,0.963709057121151
137333,0.031195255657648878
133578,0.012530127438645487
31405,0.961550025038937
36767,0.9266274397958436
37007,0.9529206624235745
131966,0.08910704654833052
136415,0.10910602346064566
32415,0.9333063469464737
131128,0.002279491615111756
133309,0.1689076484311422
35739,0.9082063361309974
36181,0.715558287156493
31751,0.9467726306932823
37212,0.9596149103820208
136333,0.005573430913959657
36449,0.9691769561255863
136702,0.09147659572897232
34758,0.8593361407190628
30821,0.9451854341035075
34504,0.4323390014945853
134552,0.6883004703136146
136062,0.4045312359451516
131859,0.7763571274084169
132605,0.1363042387341454
33915,0.9439901370151598
30760,0.6529087024221013
132790,0.06562180336634955
33291,0.9454102529182073
134674,0.04805386930240689
32012,0.8714024961767453
37279,0.9650642106671974
134662,0.1355240625923454
134558,0.01841120280186928
132695,0.07606907424944662
133432,0.014536852253079284
37151,0.7889393504522468
133322,0.6129599754265601
31372,0.9265965477526075
33054,0.94109722676667
131170,0.13575453800858017
34154,0.8195450180419422
135553,0.04814245299659682
134692,0.09207662869149968
36052,0.6448426545654884
35453,0.9345287161348563
36838,0.46447370987774833
134600,0.10151439246816683
134423,0.08705862874452412
130771,0.03067999599029987
136567,0.24495949947754342
33835,0.9661221062091903
34414,0.8006728484832966
132496,0.7788708902038999
136791,0.004970564544351037
34532,0.8738301398358173
132677,0.10220964782622144
33332,0.9636800686723617
135475,0.024939862121541784
33160,0.9660620024092441
131973,0.1698269899157242
135244,0.13541908558583451
35593,0.9627180734535469
34951,0.865701495643428
130849,0.030101344099831152
132122,0.05793016296362987
36533,0.9613082725761706
31397,0.8955428789161066
31082,0.6391807771820393
35644,0.5122436629942217
136765,0.026461234815528197
35098,0.32243009369121367
31628,0.812474800137415
31216,0.9343461071044953
130533,0.0206867682470744
133855,0.2629141812991882
33943,0.7137022979736777
34736,0.1192928910068132
130587,0.02426402802073533
30013,0.26957237944883683
36801,0.8827371238932099
35926,0.8548297584726589
131294,0.40910841531610687
132047,0.09281455875752886
133085,0.08778192572461399
32844,0.8544600482772373
135664,0.03397379734740986
36726,0.9089150137901312
36226,0.3329760914390381
137247,0.658906304543802
31897,0.9615190251998846
33174,0.9589907364773083
32482,0.823597798564283
33953,0.9321175786641256
36579,0.7907999957094818
133421,0.011608322453425642
131168,0.8097014667171902
32293,0.8703385484643528
36035,0.9105864284815708
34865,0.8521894540129353
132417,0.008507006635413329
31243,0.3807323558147796
36866,0.9393339545763056
37231,0.08738886248429883
34416,0.9683619120104819
134575,0.18229090549861704
33411,0.41684497713164737
33119,0.8766416046270733
36650,0.8883624392361674
130049,0.00870992449547484
131628,0.008114196552487603
133175,0.5818246449850863
132815,0.10582338200465614
31363,0.9593250260570083
133126,0.09383901313315145
32637,0.9658577443717788
131412,0.03471579801241113
137344,0.0033973446133802416
32384,0.9239331714719312
31209,0.7117357213139496
137131,0.03521906549844914
134697,0.4773995044655516
32868,0.9119570977299537
37300,0.9553036398810575
135541,0.009166000526134654
130578,0.007152269849393374
36075,0.8631055287624491
137432,0.11007746316151637
135471,0.03536464108402196
132978,0.055340418196999086
30364,0.9232904774164933
36369,0.5327731846114108
34422,0.8055384645408667
137122,0.027833483839803854
131600,0.21972014628985087
34307,0.9674696601250171
130978,0.8763282891381392
37484,0.8841690074818721
134616,0.004326103571689649
131206,0.07678875751065765
31344,0.24387578865676085
34849,0.7512500891840383
130714,0.0043850120040053175
131406,0.40616449693537504
134682,0.09602253941077049
35377,0.9510512844096013
137172,0.017084318238183727
134353,0.039424602163879476
31143,0.9065811433649491
30112,0.9464162740882571
133594,0.007639779040617153
135665,0.05961865007052381
134789,0.07180844248810954
34125,0.5104251536670928
137095,0.03661168186030442
32017,0.9583562363535734
133599,0.06450104159000242
131216,0.7875033915098884
34157,0.938828200227365
130151,0.15321915499585764
130166,0.06288017181360583
134801,0.01129032195890133
36629,0.9255501327571735
34111,0.48396348370172715
137345,0.2938160865298523
32445,0.29738994976036376
135323,0.06313989819128142
31643,0.8104802403053029
133839,0.005074475059500134
35137,0.9537091277339604
131427,0.3380906983340121
132120,0.06534614038837812
132568,0.043290473803486676
31255,0.7101118432638546
31332,0.5179243241642486
135248,0.025132342054351275
135359,0.0334848087801231
35495,0.9606174962304943
133439,0.8520168252351787
135813,0.06641353939447311
34624,0.8110497848207674
30946,0.8424531018219755
132211,0.32209747044982556
30715,0.7238614091516689
136674,0.003665138466611163
35060,0.9387507221472122
32886,0.9623952510916157
136952,0.012805783096104886
31637,0.9795980905160029
34675,0.9762891361557815
134954,0.5537919654385901
30271,0.9204723466248177
33203,0.9214124443439043
36078,0.8848406150198744
35694,0.8764006786298832
134197,0.029495073630694937
31221,0.880892290952675
133467,0.12104265167443243
34183,0.8579989882224708
132273,0.04654918072045586
34746,0.8188216620125283
31987,0.8664870281083652
134928,0.47039120843780746
134181,0.3974834591931584
135616,0.6215377779940103
134077,0.016825189730512568
136241,0.00798645809125616
36806,0.9435343993219623
136243,0.11124390398263338
37070,0.8939667617577223
134135,0.030183338317233143
36724,0.7983544355645877
135123,0.1749294197788985
34487,0.8568447853201535
136341,0.00865856183836956
34987,0.923949783091876
134185,0.007010375657375205
37077,0.26534828794255916
33072,0.9735566412176666
33665,0.9516822834791934
36437,0.9572951233384085
37209,0.941710392749036
34872,0.9577727063849079
37482,0.9685699507421899
35946,0.9478076940380111
33836,0.6024247105384657
30568,0.0604512186365494
35899,0.7701350076902487
133829,0.022999103722766374
132631,0.1546010569654969
136693,0.042332430833698385
31611,0.9742250109066737
132087,0.7093478858865732
35718,0.6849780661716518
37241,0.9537202419663717
31686,0.7591072056746163
136981,0.10300074999031741
31220,0.91216810565601
133710,0.18511737061755618
32378,0.8662208752015867
134747,0.9018316899857447
135674,0.1307299349118496
131872,0.020672006162329948
30668,0.9290884692399112
135113,0.2881749521819721
137348,0.23253392689099542
34703,0.9381947832927486
32102,0.9631616615994849
135757,0.9348349818884566
132585,0.5733074625991229
36206,0.8172396861149883
134025,0.020533124253809213
36070,0.9056043377083651
35103,0.9429175643731806
130143,0.023125436166563592
30726,0.9371543476324314
30310,0.9036841627602192
136155,0.025931385362120488
31976,0.9168343477802448
135831,0.03179768058501621
130099,0.01642238725462611
34479,0.4324993604240778
34065,0.9381876305537786
135371,0.03711865597203734
132136,0.018363423338747794
34965,0.8133639468445428
135390,0.005472181238315478
132927,0.14872380765987595
135968,0.005073751874722651
33950,0.9617744006902268
130761,0.11461413329417379
33214,0.7611760411571872
131737,0.09969139242203995
131228,0.37950488183079517
30965,0.9472048327316589
35792,0.33136283712426107
132738,0.12319159504228255
130677,0.0026722061536502686
35333,0.6960302295342222
36773,0.7571874368331675
34855,0.9511581282138434
137175,0.6333938431903998
33057,0.9224570128837798
30410,0.6051644695473846
131305,0.39574631259769455
34061,0.7553355845839036
34259,0.9388042141913049
35340,0.7702100378500398
37344,0.9367757283550157
136867,0.016371956135485647
35405,0.6472465163914782
137352,0.04155568533424425
130125,0.8153734679151683
34845,0.16244238668897704
133252,0.04606974468528363
130367,0.8364638524046439
137035,0.3643875378251261
131996,0.017625232116616138
31210,0.865645952030593
34540,0.7972647290877639
137305,0.220961746325572
35578,0.9550889826141726
134065,0.010677416660090033
132575,0.06034718463055011
30794,0.8133772036767722
33802,0.8052265914715435
135815,0.032705805533391544
131008,0.06980775261750587
31088,0.817471532307404
31321,0.9353113345548332
34452,0.912084524583479
135203,0.535537810477011
130240,0.0909603869679002
36862,0.9382037014707063
37195,0.305845282097756
137497,0.014561033880434646
36983,0.8972384888277817
130664,0.02675102311719003
30865,0.9115140673329065
132767,0.007763964396717605
35331,0.8803948751468538
34193,0.9140487255096122
134402,0.04513100514916343
32934,0.9276045899258936
130127,0.1431405147808827
135104,0.015552331522610131
36439,0.8133123801930916
36440,0.8447621595630078
30933,0.9209350303039033
30735,0.9002435619348735
34431,0.9677235631584722
31286,0.8950419629414896
37330,0.7858652830516366
31123,0.7645164031340504
35123,0.671474455463008
35943,0.9484984519018607
32991,0.7148237939009848
130182,0.021090654596772403
30166,0.8815277101763572
30461,0.45445797023440926
36176,0.9017712958705887
132588,0.8103208142208861
134022,0.6763560024141336
133971,0.016101092993730737
131535,0.042789521020653594
135187,0.6075275850366849
132637,0.14429979863913164
31568,0.9752004623033966
34743,0.969974701554972
133261,0.028626006342698296
131598,0.37704758896348034
35554,0.9744393192093073
132850,0.08141770426717485
136038,0.002586905948718977
130481,0.01158248640340541
133370,0.08227976837373731
136854,0.030000629804129687
35039,0.9015825429027183
130211,0.006015805225117948
34882,0.8702550997948384
131654,0.12959448382523187
136125,0.16730222703075753
31762,0.2594169250313259
135614,0.004336692610362016
135208,0.7296585009119054
32240,0.8880274063021633
137291,0.5730080220765098
132209,0.004324769242724388
132862,0.005425110978443707
32494,0.862816284826593
36007,0.8496204088165049
31195,0.9068601654672535
32922,0.8298295271037238
137424,0.38065299100026906
32388,0.5652985213289389
136204,0.06010435383822633
34020,0.9648455666986742
132203,0.3465118963490172
137115,0.7451870692319511
136037,0.7673461772649146
137377,0.08859786489777122
35308,0.8511389678269201
136083,0.37793328241005186
36283,0.7683640430710846
30790,0.9485236100196217
135043,0.2665991657709419
31780,0.960145316868174
133831,0.037348266461840536
134141,0.006704239931088834
134603,0.6966420084815921
34101,0.9715839568974168
132308,0.004336245329536207
35652,0.7714886520085411
32501,0.5449991423509303
34387,0.779545510152166
30766,0.8439317721765534
36026,0.2823663485448933
34773,0.6084957793332987
36069,0.919088764453843
33064,0.8231293900903098
132550,0.548757884468786
32157,0.8640252569746848
130673,0.21389704936027742
130977,0.06300932764410114
31002,0.9110243063163943
136709,0.5182082494628466
132708,0.005239371190981303
30362,0.9606409898507232
32660,0.9259862379115915
133689,0.15473070269657344
34428,0.9338848836193387
135755,0.6706041010192885
30328,0.795252984577534
134534,0.047069189831203055
133491,0.04519099348843539
30183,0.8276937799551841
131605,0.006837133024262928
137491,0.07024467035964368
36987,0.9481708838631571
135504,0.008504464816377908
33874,0.901200155016767
130900,0.0030140423254550195
33168,0.9712951946771765
131071,0.2579646053368885
36992,0.7421431148872302
130692,0.055970630518915696
130326,0.03380843291605806
30656,0.3541073943960553
132338,0.05098909588326521
34831,0.9288857011501985
37420,0.9239865053326715
131130,0.5580698140257512
134461,0.003024301200387526
34600,0.8685998118127473
36574,0.9677505089429719
135912,0.05643892963930442
34883,0.9683726985016949
30781,0.575972992074237
136979,0.0618964910921953
35348,0.7210997039459824
31450,0.981365491242548
136232,0.10371372251443686
35095,0.8402181104408948
135107,0.009115785463268744
136948,0.010679361674685726
31367,0.6065097325123904
33840,0.9331893537002579
132543,0.09474090888273329
136026,0.17120499253157512
132860,0.010890399895748911
133575,0.027165866148781033
133502,0.01437153895767044
32101,0.05214025357026433
132355,0.15018339138536924
132474,0.5906126321305657
31269,0.8579198822652583
31917,0.9722375525808943
136565,0.18378098196497394
133757,0.45280441890660467
131435,0.05218313301801207
32013,0.9148411493821175
33706,0.8690827029259865
32127,0.9346762984240446
36473,0.9185757688256586
136610,0.8046713725274544
131360,0.6309492599929508
135824,0.004084449572002296
33727,0.8632422068294973
136718,0.6725343735981206
30291,0.8813690006776049
130589,0.00398308423012728
132222,0.03369129554681712
135097,0.003859996979508234
37257,0.6161923760444764
30546,0.10342200508738394
35284,0.9490843476598048
134223,0.17120570247180766
30141,0.9544835456136346
131518,0.8040905511105441
31759,0.28208592450259135
130971,0.010727871449819276
33503,0.9180508827859755
131848,0.007448546319383116
37207,0.9592883150323065
31387,0.8791525271859173
131254,0.04396820826172915
35089,0.5105131620429455
35376,0.9619262879324912
34842,0.5292406269607883
132379,0.08880395031786198
36660,0.9213966338915216
31010,0.9324438620802271
131816,0.003892351019901236
131727,0.025452874396013014
136253,0.017435284417287575
135587,0.07849480959089467
136078,0.009663156986470309
33595,0.930763942357893
135362,0.006479034546311954
134963,0.040329477198725344
30510,0.9533980536422693
32956,0.510468612867197
130440,0.023113157044904322
134224,0.006688316490683226
130747,0.07208516526078282
131160,0.007260107166930494
32236,0.9462490155106157
30225,0.8392293703443982
31179,0.9714856229150413
36079,0.9684668375895277
36988,0.8075335118733699
132934,0.06784864527238892
131202,0.1242669479983644
35897,0.8838073832580403
135192,0.03371392614960494
33209,0.22810210578621892
33431,0.6247474349800153
136669,0.0031487035196531765
34699,0.5694292201194411
136432,0.18737380722244035
136072,0.5759151516191753
136962,0.024645685708134284
35716,0.9342725047333795
35920,0.7550201392069948
30163,0.5204034235730127
32694,0.9294527153442458
36102,0.878370671339917
130421,0.06252893961785953
35728,0.9440687254722088
130790,0.031051297094701773
136606,0.018551283276036522
31867,0.9743273648361734
130607,0.749894350493137
33179,0.9428297889708247
35546,0.8466740034895648
130209,0.016681451523577806
30849,0.8882303751157363
132673,0.668214847991778
137301,0.028574154336582665
133299,0.017300279023883758
33475,0.34230234114198455
33589,0.9493572066122379
30719,0.9281464846110734
132440,0.13125575810618928
33396,0.8692059505094161
134809,0.008091995274660382
131259,0.00888680730916088
135440,0.03088680736956933
134551,0.2986385678158517
132948,0.014972547736837816
30664,0.7689223229122036
30167,0.6469414545061246
35383,0.9335695714258592
136222,0.037270727600679815
32538,0.9747823625068291
32573,0.9499580049910875
37297,0.952882734878894
32992,0.743428902262164
132716,0.4319553364040821
33635,0.9259058677168097
130132,0.48203565365059564
30466,0.755604960106474
32135,0.1468466702114767
136153,0.09654935876893958
34605,0.17638194360958315
30433,0.9761045438502862
135645,0.5123953717400564
134642,0.007061268062500504
137135,0.006964393444342923
137009,0.68181360732262
36686,0.6707463416367951
31559,0.22407686213772227
130565,0.08473915546937301
32082,0.9145582571404045
135640,0.112243885029152
131806,0.0055528624642172675
37436,0.8881185335942494
34391,0.9104716673857544
32427,0.8928501639774246
133647,0.31359407257218935
32454,0.7068120309762067
30394,0.9390155873193431
130092,0.12923261190117058
136698,0.795411174047084
36953,0.917396827333262
35654,0.6339001247084083
30952,0.7896820280643571
130648,0.3783877112699448
36010,0.9345025513341985
37210,0.9181160749162389
130029,0.027530015696140515
130734,0.055083083583491586
35646,0.8831098135019023
130116,0.1160718715684252
133217,0.19469218760328244
32110,0.6104253290635637
33512,0.909712926428608
136234,0.83916858274124
33624,0.1840941924829238
34476,0.620882787908149
33529,0.9401376880475816
32165,0.09935359268355068
136226,0.04309767415345766
136954,0.06821136473348166
132170,0.006403226182109642
35294,0.9633636325511664
133637,0.02055363261396364
32587,0.9516862646661048
31572,0.9536555697138872
34826,0.9289429202852006
32670,0.7470741481771128
36670,0.5351326008335677
131204,0.01399187262024942
33372,0.5589286856715199
132565,0.05412075764240229
135805,0.003115674996279418
135524,0.2524844768001995
136347,0.003249748633201135
130716,0.021395379311518033
35291,0.14842757649875116
34365,0.968963862046976
134781,0.07967764508446161
30973,0.9588009410528818
134625,0.0067357153366426215
137360,0.021700983520160793
30788,0.9118705210171547
131301,0.03087359185007729
36154,0.5005055223538624
35033,0.9570123739069487
36140,0.3528243438797136
35456,0.8769653185241095
133472,0.8707201765388476
35824,0.881860469062751
133423,0.012648112540910476
136220,0.744503491888659
133340,0.18935556639174306
30226,0.9760799877437307
34457,0.6951572448367055
35997,0.9795288558739317
131205,0.33268501698886044
136179,0.32298944525888
132006,0.3947345340761176
136423,0.07718409337454366
32522,0.9669481502887998
31271,0.8244516301315766
32460,0.665796742096719
134152,0.5294875441344952
32509,0.6705710511775297
133378,0.32987251759616293
132342,0.2291882237399329
134644,0.3538718796932623
32727,0.9457035770929142
36571,0.8093131551638035
134930,0.1428703379898611
135036,0.005562374101007199
132551,0.0037425541966429167
31147,0.5052343140045671
137394,0.9277023651268229
34147,0.9147505662253401
36275,0.750837432673359
136149,0.1640875478257233
35159,0.4789640657963882
134038,0.033815220545864055
36430,0.9575365003343193
31528,0.9581001343299284
133399,0.06252481409162704
133498,0.039278106482297494
33228,0.3607703278013977
33424,0.9133634633393962
31589,0.8836279553763955
134761,0.004571586794322362
135791,0.08160041415185885
35305,0.7390017635020978
133739,0.01994504915441885
136976,0.03387980893596775
130386,0.007952780075120507
135960,0.010646136264921259
130915,0.376378329233532
35386,0.9438104232998467
34458,0.5509327868536736
137380,0.0421199968777786
136375,0.00612526607860933
30347,0.9062007237320288
135583,0.17057973099422113
134808,0.44515848376778033
34692,0.962992512962522
33463,0.8756344864717799
34816,0.8036803570904026
37338,0.230510914697224
136519,0.8613055580415443
31588,0.5852260851989791
32461,0.8197770231768347
130758,0.14928297684219521
30748,0.9579478570997068
35511,0.9432169986831956
131951,0.004107693530031575
36151,0.33156768011123816
136306,0.09788640258819269
135163,0.19114311329836672
33620,0.9633519440219718
36463,0.9505800000606219
130618,0.057127532508262295
32348,0.91901888051081
135555,0.19967413604028583
135585,0.5927585640976004
36456,0.9366652468706318
35974,0.7298703192132393
31108,0.9105177997831775
30860,0.9693184582770847
131875,0.0037870958369848203
35213,0.24658985501241534
35606,0.5597714739640549
134052,0.35641764912951235
133084,0.8276730728040141
36127,0.8372716131036578
130001,0.5831106536790283
135901,0.9101677637885772
32312,0.9612476054513038
32786,0.8225399175675623
132942,0.2688004091367211
137270,0.2663334085916991
130235,0.010765197820955743
136782,0.040479734649725325
34392,0.9465282353322928
131405,0.04390238543382739
136800,0.25578423357872176
31265,0.9444972489961497
133070,0.10436273862674905
133898,0.16460763179929494
32520,0.9285246711556601
130676,0.0033970814354463987
31288,0.7688455012832645
133706,0.15773041102795182
34247,0.8962175726408921
136903,0.011880832805052522
131460,0.25643931098429545
30117,0.9330705212692967
133434,0.09397654969906753
136006,0.8009762512694332
35433,0.9589745811731454
34793,0.8222314380699995
133676,0.0032363153550077684
135712,0.018047675865932804
37093,0.6155540488766937
133749,0.7194821199197425
136461,0.8577639120378524
130157,0.007540493641575063
136191,0.03987914498802429
132213,0.8431017286859395
36392,0.9328354729826956
32843,0.11272026319402997
30152,0.9540638079671
136780,0.11362972257874643
132354,0.06355903121524435
33044,0.8756510376337231
132075,0.0715552493642027
135450,0.010130886654108787
32051,0.8674275866782993
35640,0.9652320870620275
131759,0.022157453692941566
33068,0.9378973265854702
132777,0.05660732363904532
130492,0.3579788583341127
135820,0.03713825099429897
36598,0.6783529732736062
133265,0.05632969521294995
31909,0.8622209009302966
36374,0.9640713580135558
33147,0.9779070790477998
32331,0.9771108412770529
134652,0.10219241185312347
131468,0.537621723247757
130580,0.303364376892235
33426,0.8803498929641811
130459,0.07041040037599657
132371,0.00906788890076229
137145,0.6349983534704418
133097,0.6893669095568179
36119,0.9587720199992494
34480,0.9639743788777649
131597,0.8362537548660036
35062,0.9114022575315786
130884,0.01737617468027041
36190,0.9707584477741544
37048,0.9385491976525239
136043,0.021322808506252868
130983,0.017654877874446556
31699,0.9716674259475836
131584,0.005198308789385687
33358,0.35938724914159415
130712,0.006312158973268935
135890,0.10334214002140606
136823,0.3191793545413315
33744,0.7534312780576664
133449,0.003696295302862116
131163,0.3925567620763803
31278,0.8569875238116893
133390,0.005298370969136832
134247,0.6270088688445193
30787,0.9256599364193825
130621,0.904158348713795
134610,0.1670317601981821
136629,0.864736869438128
135055,0.005166475010297901
132504,0.022728547239950016
131659,0.012206529726373913
36314,0.951008037181075
133939,0.7735558854638043
32578,0.8632815164384082
32613,0.9235006223100493
30789,0.9660264094269075
32900,0.8547647948335169
134313,0.006368640251590139
134913,0.029582140727445895
35038,0.8923334870191295
36095,0.9597328318660239
135678,0.6646288879509535
136128,0.21811171971479695
132805,0.22175163557398786
31374,0.9241567538475582
35885,0.8106697824031581
133804,0.008109585208605016
134394,0.0063349417589765936
36878,0.8870113181032153
132399,0.003449387171833989
32286,0.7583207466672011
33849,0.8881173354831973
134985,0.3755961231399145
132115,0.8013912660795168
33517,0.9158403393442407
33381,0.9647657463522461
36671,0.8822278316992739
32973,0.8847512678883003
137430,0.0347459170771893
132686,0.0480645423379894
135722,0.08096364309960982
36831,0.9377311809625125
137458,0.08575416274853238
135801,0.04754732864048681
131656,0.0035186345681055783
33215,0.9483465857733783
31290,0.9223446192013584
32032,0.9084326404610783
132632,0.8389945459870098
31650,0.9572958426781047
135633,0.43547446182430505
35125,0.9585444261112452
36889,0.9430230199607431
30940,0.4386417434645693
34759,0.930895852882658
130539,0.05265193968234848
35746,0.9214708965100259
35863,0.9489252102665103
135280,0.0036301995723589
37027,0.4743048777721711
36027,0.9125817531096458
134011,0.059085506044089256
34097,0.9524246687040084
131720,0.06037750967734723
136247,0.14002856657939636
133947,0.012678805294063756
31150,0.9538542978695665
33090,0.787732069226506
33640,0.9612724131737551
34638,0.919298336368757
32333,0.5851853083580527
31586,0.8244630457132551
133345,0.5859224250582427
33855,0.3515242414263056
32658,0.8180863080637445
133204,0.024802294332605557
33330,0.245904551619672
132267,0.28484033362414496
135202,0.03428333324803206
134950,0.047570386283823825
130208,0.008837103339304585
34037,0.7793021810979596
30721,0.7150226831431441
37466,0.33335014269569485
130257,0.12422927894580735
130922,0.12645578006642222
133802,0.09509435696131233
36975,0.9382541541826132
130953,0.6812150490685592
34349,0.4193324303104873
34303,0.8464640481903023
35008,0.805380269299197
130480,0.7119795768614197
32738,0.9056172341312645
136181,0.02986180044020769
34087,0.949780044408151
131098,0.5787507910730303
133300,0.0031190425552100583
32478,0.9146708195400071
131927,0.9489541659411616
135376,0.05326914935754232
36112,0.7642307469641629
130189,0.005188300701752117
132300,0.007682426707351784
31159,0.7755791109924953
132114,0.007613419117972643
31198,0.9661018639976684
137184,0.011772021435948497
132610,0.014198828297774718
34687,0.9704533249917797
32117,0.8019103886732912
37041,0.9334142416911537
31148,0.2224396300112002
36197,0.9627765523120888
130093,0.2120519330602319
135261,0.27554474341226637
33258,0.9618262960750913
31928,0.86431417088003
35755,0.9361831744389081
130987,0.21135703711582993
137398,0.004555503281407436
34690,0.36242404341694046
130577,0.21503167769595033
130041,0.0056057229069013
132381,0.09619179559990927
136530,0.016976521477848693
135743,0.052683080799751945
34812,0.8965910863872824
131321,0.3823995053517355
134559,0.03672112261104654
33718,0.24428030963414857
135711,0.6591180101770517
134792,0.8270200378273467
33547,0.8461083641304846
33709,0.9506562576459416
137007,0.856887996995907
134111,0.07203796032978546
134166,0.010292473397648983
37424,0.8864686896044709
133375,0.006879811613325029
32555,0.8191302132526549
130449,0.02807347984358212
136551,0.43617935525139706
33829,0.9277030621999539
36658,0.9383556829947586
130937,0.004083287688196224
133471,0.5658628868237606
131555,0.1955410654746681
31132,0.8051757218943517
135760,0.16391936913653657
132953,0.6861650815513055
32332,0.8273320368416364
133606,0.0013851818669034708
36316,0.894591608602051
136770,0.05475259148985199
32283,0.8466360148384169
132936,0.0043357011093647195
30930,0.6807284619816643
132098,0.15594485189099175
32932,0.950149392857925
136672,0.17222484786612086
31230,0.9687542382477714
132630,0.031372607571201264
31031,0.9518748741194802
31518,0.5775514542619328
130359,0.5502915173582736
36222,0.9241850316302396
133931,0.8235062825531241
130447,0.6306638595285304
34681,0.9555905961177404
31810,0.9425825377529778
35040,0.9566280661026987
35075,0.8901523108501437
36419,0.06393063771096111
36941,0.9322836576419624
135186,0.07969699495959975
133132,0.0076916484166925925
31043,0.9375576085830045
34853,0.9714415804814056
31616,0.9325002709725286
130242,0.10451875502658156
133045,0.0350259717491294
132455,0.013405661050520861
134685,0.12960180990891343
34144,0.9070211898627792
134641,0.005610754147074402
36469,0.9210185364158149
34459,0.6291875774804985
32714,0.8442775390779023
36669,0.8548651044930782
34361,0.8991049092442012
131021,0.8166326717680913
134050,0.00828281181818434
137292,0.04085741384749738
135955,0.03718304553403072
34749,0.8873643693941611
31044,0.8842495074852834
135085,0.08532049182317698
32606,0.7189250538677269
32099,0.9351633760521154
36443,0.9404119890539641
133669,0.008955980809670154
135310,0.22400338782777254
34004,0.9260598716255919
132096,0.053568612891102624
137347,0.006128464369342447
131803,0.8239463993768107
31770,0.8836721273209508
33626,0.5560303056460153
34791,0.742327229792784
35466,0.6562909502200969
135736,0.38935321227339886
33144,0.8990660521292645
31844,0.9589230108269517
134398,0.11594372988164543
30233,0.9755362304302744
34806,0.9210570813421455
35711,0.9080636678922971
37159,0.41306703414997115
37469,0.9379681305500407
136117,0.411523507525082
132036,0.9626917865362867
137407,0.507961170996367
33156,0.8762080427863055
34964,0.2858065230011237
134937,0.11267974038979471
133237,0.07603744695513703
131310,0.7331528871149138
131707,0.01580816017428889
33205,0.6683952534092227
36315,0.11168239956661019
33425,0.5978203513497783
34824,0.8938480852000175
137439,0.03965958681843628
31677,0.8745795069445239
30959,0.7696025540638882
136611,0.1909840483826889
137155,0.8966696449474639
30507,0.918896813501032
34410,0.8185006474806438
132582,0.38789161272896416
33654,0.39124380390436797
131962,0.8546373396047566
37497,0.7695565397299102
133978,0.18798528742870124
133618,0.27959776562937183
134911,0.22157741810668352
137249,0.0032119742590344053
35894,0.3461901964074484
37237,0.9422608880356065
131044,0.7958387970559277
33645,0.930503969600335
36672,0.9393334628039745
136047,0.009907336854299923
34095,0.8987170617068398
136973,0.09455613946837241
132698,0.010006202535265612
33634,0.8971942721600696
32227,0.953646076276734
30885,0.7693970163201187
35843,0.47283770666523417
33586,0.9396706181394975
136009,0.04507288334876609
132638,0.12763300096003055
131190,0.6506678862366676
33049,0.9574571006313783
36834,0.5596194529321277
136667,0.10788502371023939
130214,0.0035485187402346605
33352,0.7846708949760847
30598,0.9626128218387016
134120,0.7027364702667889
134700,0.7948764747911634
33989,0.9195711646753132
35263,0.932979872605978
131774,0.040539007033112646
137386,0.018517728136244384
34546,0.7980656551056603
33758,0.7159302070808489
33961,0.4529342709304978
35135,0.9512565069781298
34278,0.9532965408692812
133183,0.01934985881795072
31487,0.9413269582811414
33208,0.2906781640887763
36036,0.929111768042336
134417,0.012490452309349132
36837,0.9536069335182158
37379,0.9097265956055869
136455,0.22140065402581718
32994,0.9558629245712242
137010,0.024956972685754975
35904,0.8839964876436243
31776,0.9019672804961374
131462,0.16569178676236518
31501,0.9800839365061081
31070,0.8818093314593588
131868,0.010377302485651177
132331,0.003162456302408479
132138,0.00612017327246115
130086,0.3461233111969393
136269,0.03794423978877412
31847,0.90991526504825
32068,0.7316713834896673
33329,0.9338092311888817
136379,0.003227191842737346
30732,0.958923927499356
135188,0.002750197863182163
136209,0.06510024690133294
131782,0.007891572632322208
131270,0.005060587765530807
37293,0.9145282841459164
134326,0.009301177617848329
36442,0.9505332873303074
136349,0.018087852054828032
134864,0.047617449283303845
33819,0.9686339640160145
130231,0.023767734157615204
132944,0.06386335191223425
31990,0.961892365790767
130969,0.435748211865808
33902,0.9500849477006058
133086,0.17759490594162364
36346,0.9464918366469004
31746,0.3121489078724042
37208,0.954631127912443
37132,0.873582625705701
132736,0.022809969049281047
130425,0.10191415992220285
31874,0.939031092208389
32456,0.8908028708487561
36034,0.866590665004646
134525,0.050311687244950325
131815,0.05750160757427822
31350,0.9239442559171869
133577,0.5656030813199964
35056,0.8654671640939042
36595,0.889026376062376
133564,0.007540120479507666
36552,0.9478621257181487
131224,0.12403563031486609
36756,0.9325703222104096
34102,0.6888965533221095
130149,0.2231026665092118
31001,0.966604120102625
137049,0.7760810001617202
33495,0.44107510355965185
32579,0.9275079840740537
136649,0.2588611733684113
36378,0.8046506616347461
132337,0.028972971838368375
136510,0.01354869290436025
136971,0.014714413655801919
133922,0.19128477854521592
136134,0.041949946536034524
136942,0.0062546354678125445
133917,0.6465954079358232
136789,0.0037549111448849835
134087,0.8418207117267044
132008,0.3275599156782812
130115,0.018436585662524527
31700,0.8469169048687549
133660,0.0845327323439028
131662,0.02062423235055923
135046,0.07288369045708722
133267,0.002394763848709978
132959,0.036720545079987864
132762,0.8953026649792749
33268,0.9294486267265838
135307,0.00463002966462538
135581,0.07842538631260942
34928,0.10296557293282863
136337,0.21918244483253052
37395,0.6751128981859791
30257,0.9462926829893107
131923,0.3294174215639876
131706,0.1438037075542779
135072,0.4173811805190072
130968,0.3597697222154236
33867,0.7465552434253746
36680,0.19040222213763033
32761,0.7976909539451982
34328,0.9370661050087299
132511,0.38158697176912737
37429,0.8295717915057894
131833,0.09561522979994011
34017,0.8445094308188642
35753,0.2755997991219068
137110,0.667399981767389
31519,0.9777946183774185
134798,0.006062725679581113
134397,0.334678815896656
135117,0.004039088700085333
32979,0.9695186999062682
130939,0.02354038324492264
133373,0.04035845122671815
33892,0.917750061414393
30087,0.8929552273834117
33357,0.8973317898532744
131582,0.02177962212128927
30670,0.7580206054439604
34315,0.8390752426670984
134596,0.1398188397440946
134101,0.127109614675312
30895,0.2838963913706388
34701,0.6453044639728724
33601,0.9650389808117412
132398,0.08095503328607678
137470,0.00989977231978587
34602,0.9539242046880081
134039,0.05243697348989211
31057,0.8678828691154661
130794,0.07416413769468368
30634,0.8879798237490815
132452,0.004819653327793484
34094,0.612893276814376
32122,0.8591951368200978
34437,0.9720457468583095
131492,0.3434069396072478
37388,0.9636885649746274
30132,0.9012457727839502
136261,0.046497402445201806
132045,0.06888612525723513
136350,0.003155258965914678
35738,0.9462355897497491
37125,0.9011450781357894
137376,0.004957264535405822
33951,0.8767795705524651
136362,0.016944260188082032
134967,0.1753022649391105
36466,0.8634987918833987
35777,0.7726402260978399
37331,0.9579945252365271
136946,0.061216013224833256
32641,0.770935532142585
31910,0.9188868419512111
135814,0.0422807328109512
35072,0.8956861572574912
135739,0.006282486309151313
34893,0.9201790844623114
30371,0.9259004338252881
35607,0.8987083188189937
132911,0.030220396676447093
132454,0.034205609368218044
130250,0.004952451147249178
134727,0.011088664888368406
133526,0.01694582979447352
130952,0.09965941050841565
134350,0.008203993980001871
130592,0.02732577777598161
133872,0.24223267302680104
133558,0.002735147536002798
137057,0.06150421086727428
30252,0.9353349766324808
32184,0.24241347586228146
31556,0.9629524199796566
130506,0.8302618476232917
34666,0.9701071737973102
34991,0.1566465734766917
33556,0.9280347331008469
35735,0.9093401784666811
131899,0.08217501377846873
34398,0.8097837329288019
37020,0.9477386012620144
130645,0.18932119690071447
33582,0.6682618707200987
133817,0.01991484285388263
131578,0.006751233327465094
30830,0.9381530459333057
32300,0.8661425740586688
33766,0.9226179913968624
135848,0.737162792392992
33243,0.9433378279208542
136183,0.006406992599210481
33287,0.6760985360189573
131655,0.12575621773782117
31654,0.7014279910092761
33069,0.9011947863242686
35957,0.9043188318421205
33398,0.9451574075583118
134591,0.005713764960063554
30088,0.5229106534190759
33324,0.6453856585191349
31181,0.8529358818609266
36161,0.8852013821055804
37234,0.9391319906183772
35342,0.9172988823208544
136881,0.009597692110461957
137185,0.6577507328230382
37327,0.666322354144136
37453,0.6447611129730736
133874,0.02015207882037404
30954,0.2621114701142987
135073,0.24037047345972357
33736,0.8888730269626658
36147,0.9192476522602713
136665,0.4404515815886815
36977,0.5889340752032239
33900,0.9704675779947013
132892,0.017622946221342792
31570,0.503115691574483
35314,0.7961660713117301
135889,0.2114751932681325
130259,0.3158446431760708
134421,0.24315401861384137
131261,0.30423040788450806
36118,0.6082745857698286
132149,0.0054791019059415485
30172,0.9619712128998354
37154,0.841968536947584
134562,0.07327830995470327
133286,0.1236350780296098
36453,0.9506826515864694
130406,0.008080605488917045
33131,0.25535847405067325
131976,0.02632310062014157
35228,0.6035844159169064
137302,0.1057957285682906
30178,0.578468132789215
33842,0.9430929942749212
130770,0.025617419554591247
132264,0.43625878259024653
133209,0.26268167836495837
35815,0.3490760211114633
31238,0.8175639419658739
135830,0.8773938569303836
34090,0.9254677766254058
134729,0.4214454681543034
130408,0.04379859396740417
31876,0.8966430719074885
132711,0.2434541964623487
130851,0.0068821684091277795
130529,0.18836101241485206
32645,0.9407494907630392
35320,0.928682326539753
33282,0.9183790659784862
132492,0.19843091549788838
132276,0.11033491316427992
136105,0.03841710967278705
31879,0.6289017399289296
31420,0.9320933082924875
36993,0.9210419943066607
34373,0.8301782238649921
137125,0.014202036419937811
33413,0.9207525624041389
135699,0.014260645170289722
135859,0.3871919672716728
135445,0.009606324358131484
36759,0.9643219131718201
135089,0.017689909855606485
136640,0.10816083441896775
36723,0.837367504236759
34612,0.9593497308510347
133522,0.00524775572739802
131674,0.08540878801310828
133731,0.027779954508143818
30431,0.8865848008248995
35346,0.8155532533080574
134248,0.029160647088959754
35756,0.9606179363323868
132134,0.10255924284974358
33689,0.938278138949433
34887,0.8563320153607908
33121,0.8092527782479763
135543,0.05597969670192996
34706,0.8930844390392613
131836,0.0273939968010254
132477,0.12390487894467256
31207,0.9238376616234851
36237,0.8962721877328581
32325,0.9154790787527003
135615,0.007353851235372454
33504,0.9022475686382972
34199,0.9523739772089836
134008,0.02807486506232526
36128,0.9527320545329544
35493,0.932561288247747
35436,0.936353605083722
36879,0.9505483698507954
31566,0.8171155122774925
130207,0.025112773673650914
36873,0.8234461371053565
132151,0.23635485103246057
130424,0.013403754574091452
32298,0.8996318180321133
32652,0.8974837009778758
36268,0.7953233951595884
31925,0.8850351428848178
36390,0.9646200047189493
32626,0.8976149124286997
36380,0.8140284986037467
136581,0.4251094503859041
136630,0.031205831919102464
131200,0.013533373774645679
136236,0.009298173623543892
131450,0.004192833207515681
35879,0.9035111333747972
134580,0.02249652056461745
35183,0.9191555122204408
131979,0.003317346070519831
36411,0.6374570733237406
134844,0.029508016174297262
34523,0.23966458178914096
134696,0.07960483775616611
32657,0.9261737138160323
131473,0.3876359356418875
135514,0.7847337899217866
30080,0.9485460724853185
135443,0.6041668372782388
133380,0.0031260791995505227
131138,0.9020495276780149
33820,0.7183617960377199
132994,0.9612104881161175
133699,0.1966758387562638
35576,0.9260907471932582
136044,0.007059529789777052
133639,0.756871671149496
132255,0.11361376213725194
132442,0.4823305261958216
33564,0.2930457492135761
130531,0.2639319796998963
37016,0.5682187447613276
131491,0.0912201936060697
34626,0.9460731948449248
35364,0.9383552361762807
31206,0.8973250957942915
134847,0.6685256937316469
135907,0.02518114253513746
136871,0.10320086733762308
131907,0.03659137433628974
33575,0.9421128113919387
36562,0.7328146279237889
136636,0.1844134573996033
37372,0.8627981262347544
136219,0.17544864773220897
30378,0.5191816533870013
35887,0.9648013873676659
32113,0.8574422974513649
31474,0.5242810394848288
133628,0.009294964975914172
35492,0.9287572006384975
35891,0.7112890738617053
134755,0.06920368048956146
30968,0.9326668944549023
33949,0.7309622637894696
130382,0.004080443222128346
33464,0.9031679166353536
130573,0.1154909494601233
36144,0.8793996189630482
131983,0.09620729364809685
130061,0.9373426124065157
137092,0.0033702479462713176
136169,0.8302847465250717
134834,0.03321487410107525
34167,0.9656268275987113
30453,0.2663819346237778
31960,0.5098330838459044
132882,0.9022246480418065
32109,0.8535575953812609
36399,0.907798865732921
134587,0.04451530748752128
30620,0.8190839202317697
131314,0.2935761036425891
135179,0.03630718770623291
34203,0.937821289357388
32357,0.850448301082345
137173,0.34678195789824273
37119,0.9706727789074028
31483,0.8749175495931742
32600,0.9162018766789013
32222,0.8233019963658834
135373,0.24317493484788977
34221,0.9431368415402694
133665,0.012538119639577391
34898,0.6978646297392137
136175,0.7133432299336179
30320,0.7932323638879955
135763,0.0174393627309788
30381,0.9402652946828739
136416,0.10468553756685146
136733,0.03103773494759482
33996,0.9366428337613874
30751,0.9234950829488165
31325,0.9438590549843635
134478,0.018505215529875246
30543,0.7628637716013923
32762,0.9274145653039623
32839,0.8729844591671733
35220,0.7653519306161443
135308,0.03746273814218563
34885,0.8230064156811063
131380,0.006038467283709572
31485,0.9585383332058248
35898,0.9596989338924813
30717,0.8490879579088313
133059,0.4583296470576683
133180,0.007826735664905715
35770,0.9294045851241005
133316,0.00646226829918169
34411,0.9224528372869778
32717,0.646998045172716
133792,0.004723109999894649
134456,0.17687615314126323
135354,0.0688261820562298
31058,0.884957792831463
36919,0.6646396078870056
136145,0.20258060461208252
132993,0.00880594609925384
33968,0.8462767336815255
36193,0.9563195157175868
136133,0.018143623653036286
33453,0.7781683698878752
132326,0.09854464926195365
132917,0.4247447378464779
133141,0.24376649657535235
132386,0.021122383655560878
36929,0.9363016330709655
35410,0.8556993294755482
133531,0.03632422493437222
136190,0.45764266276549576
30276,0.9573685857341987
36590,0.968319871297846
134294,0.17703883770803458
134896,0.04873219382577323
131961,0.008040692792297154
30325,0.9436324618782144
36782,0.8514599022280163
32064,0.9170257252257668
33822,0.7277300058681373
35927,0.8343088153878613
136592,0.20920994640011606
136639,0.09045452283331976
130605,0.03708046137066309
130671,0.006237558254757171
137106,0.019903472036515962
134903,0.2783259209234892
133306,0.0768674104674206
31289,0.38119081056913146
132262,0.10230258609865579
135400,0.16622631597847431
36200,0.8956695777354613
132097,0.6327987026335722
131448,0.005274678918362599
32659,0.9634906658373726
34385,0.5201870275641951
136877,0.006460677208596216
132916,0.004953367419013292
134783,0.010595696685568826
133330,0.02088863581745809
135740,0.006363620647460652
37044,0.9682538176589708
33222,0.9628041624286561
130042,0.07856869753573227
34409,0.8920397360874273
30075,0.8729120279828531
135021,0.11594000593095534
31790,0.5243970329907837
137163,0.7887046032343293
131563,0.049816690087587295
130596,0.02121394135500063
31430,0.7975702389006836
33223,0.9583508605170445
33176,0.8388841362936399
30519,0.9535769891074439
135365,0.38054315884332734
132317,0.12595562119920423
131922,0.13213559250457943
32405,0.9496123985492522
135510,0.5759151516191753
34432,0.899513476626613
35688,0.5387386934035732
32208,0.939511104278451
130744,0.04843297527431727
36364,0.9316014426434813
33365,0.9668562289829705
134614,0.00303114795932922
31262,0.841741879831146
136578,0.029654132019792497
30265,0.7302667631120172
134094,0.724876197582822
34463,0.8056314472526879
32235,0.9294687103365051
37003,0.3993638980308287
132187,0.40698546979317124
136111,0.7386741416545046
30887,0.5655026622552921
31726,0.5494854691856791
133098,0.0733802535896585
136995,0.04588131222126011
35448,0.93910393450461
135216,0.16071659894450602
132027,0.17861973994617658
35507,0.6738334886281148
30910,0.29850164921406785
132837,0.10147720366793306
133078,0.21290470979683274
32550,0.909661009620376
35279,0.5796726691276911
36255,0.8848903826387111
135194,0.02339446539366405
133130,0.36292988505750057
137212,0.9296194719259412
130284,0.039436850260142334
34757,0.9760259064522803
36057,0.04043174259319857
30757,0.9041431955436519
32499,0.5231665990550165
33600,0.8839005428173758
136898,0.14578170694983095
37161,0.9153005653990474
132169,0.10569279704841761
131466,0.5404188726278923
132011,0.0398559935288992
30798,0.9302534000786135
36794,0.9287740576889225
31456,0.28015839688777994
32339,0.305167027856268
33207,0.940636992844822
131771,0.009835006364111044
136282,0.017870729653863958
30937,0.8452288972550465
34551,0.9305319097725165
32272,0.9613684476719808
134821,0.17525104368582695
135978,0.6579389644352582
134455,0.06466775212772335
36246,0.33660545931877817
36781,0.7857650419965295
131092,0.00484793563279229
132513,0.6235776127889203
133272,0.30042388425290384
30746,0.9591133587990406
135479,0.02363478404822892
32443,0.7656976661349543
134557,0.00430594544442701
32228,0.6291708461422288
132960,0.19060659903956506
134190,0.2248214734208504
133524,0.3070091709634951
130824,0.007493466463582971
30051,0.8600013815932118
33175,0.8460619643111295
130723,0.12773035702255867
31296,0.962824344503403
130415,0.01071691156757839
34642,0.42960880415614
136785,0.007528055785288625
33074,0.9261695785775315
34930,0.9533686238139691
31621,0.8932845324193075
30123,0.881891465607718
131490,0.3236359726560609
131033,0.2840824935110367
136902,0.10875610862368079
137136,0.003816122886402239
31907,0.9122942788027129
136514,0.017624252055969125
133169,0.27559202737494815
34911,0.897640588414171
132639,0.069165717691588
33014,0.9033190740452153
35832,0.5066659749105396
133970,0.012032831786475729
132517,0.07520792219928771
33786,0.9681187941802623
31597,0.7672717546526033
35151,0.9478755128866074
135663,0.03039706276172331
134763,0.035236958356345424
131404,0.4807950273983254
134554,0.36544856461878783
133263,0.00976303881454289
135196,0.060208254216975364
30663,0.8237457949988275
135268,0.10999051180026004
130597,0.09295909409272658
37196,0.9339118747145813
136759,0.8500647593252784
135449,0.023088418522018716
37124,0.27600472008502525
33232,0.9537740689092544
32379,0.49513388468396025
133879,0.013892119331094948
130844,0.7171780595380086
133936,0.02081142578936121
35014,0.9724383805997168
134890,0.2938072050428759
34485,0.6886424361557117
133028,0.08717744109537423
34230,0.4509122480111165
36783,0.6754235702450891
134760,0.7504686116771736
132589,0.6558761359316592
34306,0.6723265567272849
33832,0.9494313718460472
130720,0.040875428085452616
132998,0.015313451723736694
31838,0.9045496398331523
135905,0.0357279705661611
136817,0.003925646220521181
36184,0.912188369696572
135878,0.02316305830570212
36273,0.9159791807768434
133127,0.10842494679758603
33745,0.9617295856305572
37143,0.4714081449290219
34730,0.9399002563126988
134220,0.009591817004940228
31404,0.7956486554698821
130294,0.0043774670306670005
136959,0.07237640460756177
130474,0.43438855122849174
133061,0.01173783481940103
135324,0.8528531202274395
30679,0.9730385449975884
130652,0.0630236625231169
33302,0.2790094053088327
35401,0.8510536300386558
36513,0.23590649403457975
32009,0.8110167028042512
34151,0.7439788509599938
30511,0.5642935871472249
34795,0.6758702936395682
132298,0.0028014665375709308
132820,0.09977649701073114
32898,0.6917452687531332
132328,0.02176349648009228
134218,0.1080080151430815
130108,0.09465869785891479
136654,0.04118085839994241
132675,0.040975848195776224
130058,0.5507061464216678
33807,0.9701631604279712
37200,0.904930812643485
135369,0.8974922513214512
136887,0.3608803313860507
135167,0.14309351836595965
30164,0.9676035361388726
133244,0.13982316952855256
131408,0.14341179090545075
36146,0.11708732073362843
33893,0.8247735692916707
30678,0.9064690052105037
35557,0.9337394936595033
136598,0.010992410550721744
31526,0.9171256884403605
32915,0.9734223108658219
134435,0.8890829200975717
33773,0.9445746523187679
30559,0.5725291225596171
137478,0.22988753178040722
132634,0.012654836996946164
36922,0.9141705638413212
134121,0.578072473748183
36372,0.8362069630560334
34868,0.9612213268592544
136411,0.06498075464338615
37472,0.9644264301772295
30427,0.9197306490637924
35629,0.8624140873138285
30590,0.9241482542651657
134829,0.7329841607690728
32957,0.08510632926850087
31632,0.3319397309063504
135388,0.02725938982290611
130809,0.01339689191115315
137144,0.03607257723081518
30400,0.9312932029714701
35536,0.9466604447723423
35464,0.962436281998473
35722,0.8579441581433718
137103,0.6195383889917494
130741,0.1774071176973094
32632,0.964845113194088
134154,0.006051447516191936
30102,0.5839907229389816
35347,0.946755896509359
30783,0.9647464433342621
35023,0.9093818254348885
34468,0.5673689243706322
33513,0.9785499928698291
134879,0.015843448106784896
34222,0.4076706674592949
135917,0.6550235434701379
136961,0.05277550424636198
131765,0.04644558568316793
37242,0.9684371232385909
35032,0.9049789617723185
131281,0.020500718160221414
137493,0.5764829102777063
135869,0.28960624039854427
30094,0.9639852172082104
134820,0.004137443892017796
133973,0.19594645658948756
132766,0.006383817230069142
132868,0.033581933029351224
132740,0.01389337798983556
30450,0.9082754011583731
37040,0.8757564269713852
30294,0.25108063485578525
130467,0.7808796754240683
30780,0.607197776852564
32047,0.9324718840608519
131161,0.009594753004834979
136825,0.42137504182978114
132566,0.01745705065145287
33597,0.976273717837153
31545,0.4407370606227918
36326,0.9346761782716487
133122,0.42410938644166174
32548,0.8676395296986662
137290,0.035813862992182754
30124,0.8786899011860188
34002,0.9715434720102494
34950,0.9747938011061041
30880,0.7495613168670769
134726,0.09155246345744851
131378,0.038480163587382474
134459,0.026297137915584363
35306,0.43898302159374797
32866,0.5523850269267226
36982,0.923741677268116
134811,0.7464383652823566
134265,0.006520615868080035
131402,0.012258502421907711
130945,0.047472067418130315
130070,0.0050275306888040786
134486,0.0197220486974355
36978,0.794560619361624
135870,0.004246407651726557
130646,0.013522754456684445
32972,0.9171581612259666
36852,0.5036541879018328
134721,0.00465757631153607
33930,0.8902637573053037
32699,0.928898550742012
30699,0.9347580062457966
130511,0.04407628638895471
30530,0.5901081669486108
30240,0.2904208555446798
30700,0.913556125427318
131091,0.008377067042778076
134445,0.03632455373393305
33247,0.9625519180221482
34800,0.7745185115825912
31793,0.9420569692999434
33797,0.9435825436805039
130846,0.4785474523714711
131218,0.00816047099202872
30996,0.6520289327018859
131316,0.023541765080563472
132896,0.3197061091254408
130919,0.6457732487844193
134771,0.042537957785414596
32516,0.9666962350015557
131273,0.004564262467533156
134990,0.005389298350584118
30148,0.9177152630927354
132940,0.03943797355638882
36765,0.8485982771124201
35001,0.7889468335145543
134490,0.14117068907672126
33360,0.9697251060505812
130668,0.017036826815253397
134329,0.5576972785434832
130363,0.14753891170084435
136127,0.003576247096132021
35709,0.9688196360517185
33269,0.9030619845478065
33407,0.9682645019764778
32169,0.7579738171064125
33487,0.8671191648118057
36188,0.9629211466914755
134677,0.5836039412308562
30241,0.9356776053313258
134828,0.02254085239085995
32913,0.8727773661568806
35051,0.8327172774106947
134542,0.04771138042983283
34811,0.7491622557783955
37298,0.9025029704182328
130079,0.0031915130333596223
132259,0.17243122740629335
130768,0.009482172753029434
136498,0.027224787026482424
131433,0.017625752891560636
30005,0.6036347832804914
133271,0.14153799667909334
30603,0.8984125563350336
35029,0.9204305846497929
34471,0.9131311832177965
36472,0.7992287013122472
36607,0.9484168418479686
30459,0.9704800917365846
130197,0.19333419042682792
132732,0.5310037250202965
134112,0.25439601428300007
133384,0.17174373924904068
33983,0.9742095961937866
30867,0.8569585067857075
30819,0.934320953314888
36964,0.7401594371030353
135176,0.8983990142178584
30971,0.8768879313710972
33607,0.9114530967902665
136011,0.1366810827788199
35417,0.35280966975340033
135482,0.03033739770767672
137168,0.05022736403511899
134432,0.65295448344495
135860,0.3399119842094155
132056,0.010346922959401358
35895,0.3697440348837884
134713,0.005524426953151296
30677,0.9028475525662412
130615,0.4996891264171295
34640,0.48250109980113626
31471,0.951212622556959
35684,0.9805124801429318
36398,0.751617144260791
32407,0.9736380128064153
35829,0.9706865815938461
134097,0.18106936260228101
136569,0.007711356440584499
33747,0.9500005048075836
30863,0.9494489067413403
133921,0.45687141650107427
130558,0.006035596041923681
130536,0.10500362660483414
135298,0.029823692424655754
35083,0.9306631791473009
136491,0.04549354171168035
135516,0.1532647807968028
133029,0.6980473536801066
37100,0.9492721433321586
34698,0.9482507245051736
131383,0.0027764114037779385
134027,0.04176892445534388
133188,0.013035868744317903
35299,0.5976997870756591
34049,0.9412658024338361
131506,0.21108689865963307
34152,0.8929174379360968
130156,0.29437441796029207
134980,0.043995540356826346
36341,0.6438219953024333
132557,0.5528057931445595
133713,0.41003017184065
36138,0.9318188110660308
34696,0.4357954998006913
35174,0.9203951960836925
130823,0.5646493939539242
133192,0.008050765015393684
32618,0.8922002263160683
30876,0.8439402374269682
36502,0.9012768570260924
32480,0.8472088158908199
35059,0.8341715608345497
36363,0.6730660992682392
132560,0.006997854690339294
30636,0.9651017100334807
132127,0.5091380052270164
36171,0.8103365015959186
37199,0.9311369657231262
31197,0.5984135882849444
137237,0.2119394547725541
33333,0.9577257226659361
135537,0.31809026916547267
131482,0.45783477510245546
133177,0.5060709814299613
133415,0.12697333152459617
32291,0.7607711289793369
130955,0.13972543179618305
33830,0.9785700870423181
33126,0.890098136494269
135523,0.06425238012315292
36795,0.467279770653394
131847,0.01380483408825375
130047,0.0037512359260197968
130288,0.011468335818475181
136621,0.7139977925366866
31678,0.7777569229255453
36172,0.9574725968317904
135322,0.4269427359942711
31060,0.9572401416714641
35701,0.9338610317082099
34140,0.9396513471477258
36809,0.9356698646124069
134701,0.09520160641881766
32933,0.9494263384571722
32172,0.9275405887731502
36003,0.9614900521158295
131082,0.0063886923792567975
31932,0.9748760546642191
134910,0.05951748941375337
135253,0.0023767640901195476
34587,0.683852464841451
36667,0.9404663964717103
33737,0.9002500365286407
30724,0.8767600012563288
133823,0.07287522462067027
130348,0.30827560904138684
31900,0.9001208391934594
132380,0.2838569208455639
30765,0.9678130533729501
137088,0.0795321895071463
135162,0.11663195534180874
134472,0.5583850200674828
131134,0.6627307859349509
136784,0.1793957443336151
32007,0.7263891717829591
134368,0.3232088703396184
37267,0.8633313121391313
130811,0.08276402386694687
35537,0.8475734781342417
31509,0.9623813398326163
132022,0.00415995970664783
134363,0.02361220472877871
135427,0.08997106704431625
35698,0.9575556558795705
132366,0.034593051383540525
136382,0.10178406069240913
36870,0.7659456161512009
131410,0.595420307694278
130239,0.10614241777654954
134495,0.018393155931260566
137359,0.01500348724542749
132628,0.32902629080518403
133705,0.09598175087394561
30496,0.9520238517612359
34767,0.9585248390838798
131790,0.33883435501237713
33844,0.9640409990640922
37165,0.38042929378683266
130490,0.3258568641866307
30007,0.8989950743922738
135558,0.3464054649771985
132178,0.0068311901403744196
32728,0.8653737303937038
33165,0.7802189283773082
33061,0.6897445946542885
130759,0.13160954838374606
132852,0.060206631811718106
30518,0.959619396155998
132973,0.014499448393203008
132072,0.04821379796112779
130164,0.09402036021155814
30405,0.8496676482167314
133484,0.08314641926107924
135850,0.043394463294760946
31241,0.9487908627722899
132190,0.08795756097418689
133587,0.024164988345578807
131575,0.9705491507833642
132258,0.01846486822506601
135242,0.0711582238506369
34559,0.925717787040785
37230,0.3937066356548975
32030,0.9641828573081996
133460,0.4871681226230778
136634,0.8713355106456009
37308,0.579239543133536
31366,0.9307095836117034
136631,0.19557818400878907
37158,0.9601833947893215
133215,0.0046231608742406845
31092,0.13493489197005346
36426,0.8897609269482318
35107,0.4596089242386545
33196,0.9454752547511013
133279,0.1751843209375467
131846,0.7022690350893591
133083,0.16894101529587124
136713,0.0036747763638096025
131481,0.03547301246141045
136363,0.13309557651666726
133158,0.013236735317241215
32664,0.8405216686892474
33111,0.532202379100436
130276,0.1614038256127207
31878,0.3496018127764544
136761,0.3494724171393172
134731,0.049564312386833474
30928,0.9522330518258693
137181,0.025370853535150166
135592,0.10396338338272978
33479,0.9215476038381115
132981,0.05754810359315863
130078,0.025184850327220693
131334,0.006638812357299224
35162,0.957196349268376
34542,0.1525028444343582
130346,0.07947519650838666
131665,0.08184577934349899
32133,0.7175942719306327
135821,0.015291184550046235
133797,0.0021938958362722923
31694,0.9265058019842495
33868,0.9243448852625769
34562,0.9629101604783714
30778,0.9642382953389597
35953,0.9726975583712233
36324,0.9696649242354201
131758,0.023343766971093534
31553,0.950461007747403
136263,0.018015555066628147
133625,0.003612385093330617
131863,0.056831833523974105
31499,0.8784783068576005
31569,0.9614919235589542
32279,0.7953522421525904
137101,0.2712065669923336
136413,0.14796495615292318
30439,0.3317658314305826
33311,0.8825034443473325
32466,0.8676185617441177
137128,0.5661286800738194
33618,0.9302052876199123
31505,0.9715225364729174
132577,0.005753492585198031
35526,0.9276515235436178
30137,0.6466228269650909
130037,0.10550719565249614
37316,0.7576916591956592
30143,0.8051622768223471
31301,0.13259836958006524
132580,0.07191347444306906
134924,0.5722707787001924
133671,0.003588596384172989
132392,0.020314749174367902
36963,0.9208520668474001
35418,0.9792576152234718
31162,0.7823708018950164
35147,0.33225326301801056
132341,0.04143583375248891
30301,0.9384658522624255
130710,0.5995775090226813
137186,0.4019004136205305
130944,0.024949310922167522
34121,0.2497676407998125
133095,0.18534540509678932
130631,0.21139250265004825
30809,0.9493758947785487
130729,0.0033992247053304015
33908,0.8236042496430283
32827,0.9233951684071832
135325,0.01839930582281442
30341,0.9230969280313962
32698,0.7231170941853946
130310,0.16951126773014857
33481,0.894117376938233
37129,0.9583954485014352
34042,0.3157633388483245
135868,0.16518930582607072
137308,0.04548455526346081
132016,0.12157737844799692
35783,0.9382547970074961
36711,0.9478251070753787
34216,0.6424548472998807
31922,0.6563118585788075
33684,0.920740932995838
33801,0.9596001544672579
133954,0.054477010628764415
32211,0.8514726841814924
31041,0.9017862931528753
33834,0.7688508076488788
131300,0.015462058003586989
131487,0.4250885996185507
34981,0.3049899535540947
137034,0.00546523159186163
132461,0.1338477483774804
34326,0.9587241415879001
30064,0.5064874797269467
134267,0.2142064777744595
33212,0.9150343586920232
35017,0.7913964597927208
130203,0.15235160997854588
131671,0.01240169270723546
33518,0.8729343117244558
135572,0.04043870430038561
33569,0.7482248239636787
36938,0.9749888439533747
36042,0.9172967481042251
133821,0.02739940005717679
134645,0.0476347771207293
32951,0.6585453327582209
35937,0.6590750395529035
135597,0.002359389870669039
36304,0.7827850767934803
32304,0.8212763395886709
131417,0.006406161933463686
135204,0.22995297515387636
32317,0.98077122115379
30651,0.9245203589363173
32891,0.4970924789783929
131077,0.048753205312385646
35053,0.9574618653957272
132699,0.005426501840467088
35806,0.7957345792456456
31439,0.28442371872687144
135899,0.08769044115610394
36984,0.9374271676072391
130018,0.44360308550403593
31730,0.569207344727514
32663,0.8087457687600285
134348,0.15339552291834369
133889,0.5890434469444517
30502,0.8956727547857076
36875,0.9573550579171304
36322,0.8902581998283944
135782,0.10495177516096162
130501,0.02109844632513496
136463,0.19565324882749185
31196,0.9442279660004301
136035,0.007210120147947787
131302,0.3020940869553995
33775,0.44917778014117293
31581,0.9508558198743029
36912,0.463340013114557
132028,0.06303212402025063
131065,0.004800057534018553
31977,0.7740365792095519
135619,0.0026892927265348508
36305,0.9479546367193462
32551,0.9594074811988262
33195,0.9353372715038053
130422,0.03166615625855718
135379,0.014129692548539585
131145,0.01445769847598442
35484,0.7195964732723679
131879,0.2820390313451896
130297,0.3213133436671457
131854,0.044487342661427634
31059,0.799448177197188
36876,0.892107511628836
35105,0.8823593039029579
30212,0.5163674489693979
133674,0.6187215195164081
30175,0.9452386848148966
31947,0.9253660027504145
131348,0.3675598974426721
33031,0.9496182906094941
32530,0.9196733102775225
135153,0.20018949390963656
37043,0.9125489749662925
35170,0.9591377089130344
133783,0.953323182187374
32778,0.8983539522679094
133426,0.03330600249228918
34618,0.9487640592348674
130392,0.021595413051992265
132436,0.010743258162481461
35368,0.5149460377745569
136912,0.02781863764871266
36646,0.6435368607537411
135295,0.01857231220267044
134167,0.05742514596139563
130364,0.0041100078489810085
137281,0.019167263566975803
135146,0.003453095255199959
136886,0.17371207065306496
131629,0.0038438476239291987
30975,0.8607907959100155
33193,0.9493578423009313
131153,0.28248835610905587
35778,0.9692769977102098
31784,0.8675636583804552
130841,0.02481925324487718
133350,0.375541300151631
37477,0.9629198497828356
31323,0.7434125315604905
35909,0.9323338193644574
133119,0.003182480938664526
136070,0.028919161659953757
33450,0.9056629699499934
34073,0.6677411527302853
33007,0.5526665584847213
36918,0.9693547090212883
136242,0.046964080664816873
135438,0.010633243909685034
131362,0.0034982114160015073
30713,0.9566229302021398
36947,0.660939753794018
135600,0.07401502466260199
137396,0.09306166344512566
133230,0.005009344968326777
130902,0.013703410760884459
135435,0.549857673024144
35031,0.9667061567458327
32683,0.8077470669918173
135961,0.13488791692067478
32540,0.9464920639315113
35473,0.7226595225272636
36149,0.8781416604055012
136584,0.003362115144139744
132559,0.022212812933080348
33702,0.590242806895408
134319,0.041830369729555526
33690,0.793128091332701
133274,0.006758204081930319
35955,0.23830987243047827
132918,0.008480948514658004
37101,0.9602400778088398
133805,0.2203679932609075
135762,0.9294603680205511
136614,0.0062695889646204785
131001,0.07078066732012998
132549,0.00923376090403446
30749,0.938648666314466
132459,0.06395450311164394
37105,0.9326303902131629
35239,0.8966646144753405
134887,0.339404707416263
131980,0.03143889037100343
130778,0.004969855179379371
35660,0.8981983223935448
132894,0.17109389699025265
133229,0.010859821478809914
131709,0.0637803254466678
33909,0.8413541114395633
135276,0.028510591914096307
131934,0.004249852181855426
137444,0.012599022327375468
133008,0.4228543260971545
135598,0.21214966478152092
132021,0.05024722573718741
133506,0.013660050898568431
131400,0.5908022007156337
35454,0.5738017108718824
34382,0.844103929716218
36433,0.9638578243677044
130352,0.004548724690331378
131783,0.7736145493037163
31840,0.9297549870118988
136650,0.01715093001596458
133905,0.6834162024800039
134873,0.2601163290193306
36960,0.9621380842752078
34378,0.9399728856772634
131928,0.06296408181644404
35840,0.9290054697137028
35268,0.9320820621146844
36507,0.9598783268820992
133884,0.23127050050617076
37013,0.8588935782584844
31182,0.9412505231123672
32014,0.9375815729291552
30366,0.885373825435012
136932,0.04622011371117549
34331,0.4238153521896377
132561,0.8405187485439617
132489,0.16717926470829653
131995,0.8482401044496577
35741,0.9145659503636541
32679,0.9419360217748345
131469,0.6710389521553836
133746,0.0935221901844576
36820,0.9691939395010347
134629,0.022858967200649144
132690,0.005122843502448352
131198,0.030023677836832532
136027,0.004408029808699103
136691,0.9490711855052629
35381,0.9238981398785256
34972,0.49545486434134334
135456,0.23933915085218188
132498,0.18078221563540825
33101,0.8220997484230981
136555,0.13144194250707042
137387,0.016363760672774504
131970,0.2009139747654027
130949,0.23961183164701036
130779,0.1866038757027652
34916,0.6407254049084209
136982,0.003931254820199031
130315,0.008383109617242158
134541,0.011853772187996119
32896,0.9654530056408455
135001,0.2101202902023234
135759,0.0029146156144466166
131085,0.3490851567270117
136965,0.2818179745426734
134355,0.039885557741643984
132361,0.0939038170714131
134412,0.48133156690981893
135279,0.03755873291857332
136860,0.3348885737388309
135346,0.008545472551587531
30383,0.7629788958854515
134470,0.008662377314463045
32751,0.7020886484608745
130192,0.18024939169045784
35441,0.7165414116101815
137471,0.609177951873912
135930,0.12479892647821753
130444,0.012445868397291013
30988,0.9527037740710746
34939,0.7684385624105877
35517,0.9485691418966293
135688,0.055888898112222134
130590,0.06490490636965869
130639,0.04010289867180693
31356,0.28489829215828244
36302,0.882595631446263
136656,0.018727160072122263
34014,0.9606849189902302
137452,0.014871438457935498
133810,0.07206544569567722
34070,0.8596207760105905
132270,0.06731243295607853
36991,0.7583889099847808
30881,0.34804733922023395
33186,0.9620574511983419
131467,0.38948147740659705
32470,0.6825869982702301
33862,0.4128652914309476
33467,0.4173336608036722
130718,0.009242065195380574
133162,0.027258301001605374
134270,0.0390343327665065
36761,0.5459150500044313
133258,0.3224487931219878
131691,0.09068289569918107
35599,0.5319957934170894
135173,0.4891680933901511
35265,0.967070028941959
34541,0.8542467579918871
35065,0.8816863081532056
135038,0.097896618165979
30242,0.5454880504882005
34854,0.958496513626259
35115,0.9365442694853497
33506,0.9186286858199617
31019,0.8658882650227071
30447,0.8815987558877284
36542,0.7020715798943105
32326,0.9753170178720013
130999,0.003734245173321671
134837,0.7779247894480783
135882,0.09527019049766973
31817,0.9542145699969523
32861,0.733611828682804
137211,0.05014898163868563
135612,0.7181451833606669
135084,0.6652208634108294
33427,0.7708648227879636
35681,0.7746661607776262
136885,0.6430468825533833
133769,0.15902491398622287
33501,0.8322102726862163
34305,0.8525654933854395
133303,0.05180870045278088
132210,0.26574806736636813
31236,0.9092624025457401
130981,0.005837030270802833
133943,0.03603902677830542
30840,0.9675914489121296
31124,0.9471627799912311
133276,0.004809753091722199
30230,0.9036715464472593
30308,0.2936434691975673
31275,0.811890130148047
134174,0.029767439978174
37225,0.9524203300401797
35283,0.9289906540182494
130609,0.2679976570104714
36675,0.8702946945455089
37131,0.7091500252704542
130504,0.9327630691313309
35136,0.681547504918451
31872,0.8892044330466077
130110,0.045871564378640865
35423,0.7084502279408438
32802,0.8375020577633355
131884,0.06490113239945058
32321,0.5688726545732565
37118,0.09401424193516608
31695,0.9700584460339857
30922,0.7247590497765484
130786,0.036423014796838515
35697,0.6411811417599501
130626,0.04084626237965364
130856,0.012291780397112047
130711,0.016271700325923212
32977,0.883913783232221
131633,0.0044636051381812475
130438,0.08125980428194843
132597,0.13005953617338395
31864,0.8631510776492096
130202,0.08798834879632846
35069,0.8927771237363807
133979,0.006398134538421344
37251,0.8176534903943623
33248,0.25916615043004154
133966,0.06271255488989881
135312,0.006554992499788284
35858,0.9266113104119553
30900,0.8892089898010889
32833,0.5129085680064828
36949,0.9479261240863147
133452,0.014108079986170622
33617,0.7578640268856314
36674,0.739745930813711
132199,0.007921232077335893
134608,0.14595000274939063
136505,0.22970072820488358
34169,0.6485520461465681
33244,0.8853634743606968
30205,0.5243845403586131
36264,0.9733855038095781
37410,0.4566858797016909
135370,0.6588019871774674
132857,0.04225179617152293
32707,0.7373355443484387
35102,0.8429651735895464
130039,0.008845977739342734
34586,0.978645239994695
136408,0.08527810833080046
34496,0.9174929433784639
130636,0.033520828208242176
132147,0.012639006182108756
136566,0.20536968310453363
33018,0.9611467799232307
135595,0.014133168029526298
131663,0.7153642866639858
133433,0.005148933521341943
133121,0.05492324009527897
33285,0.9368822619605707
32383,0.9745017084537875
133147,0.02110780436873353
136712,0.19168028592008887
130196,0.0073208844004669016
33265,0.9654249611023068
34238,0.9722444845311121
34120,0.9592091244710201
131666,0.1031466715528648
35349,0.9280944677327274
30107,0.9134558488101782
136864,0.0034290240821676153
131748,0.12301191724830836
31717,0.5266336693482214
135061,0.027179080905037654
132471,0.031396681968716214
35068,0.9586141997271734
131850,0.03760003082229596
30068,0.536128041277637
32337,0.7755737934386154
135772,0.058177587800192804
32260,0.9153558793261213
135439,0.004104334621716878
30573,0.9622485249846788
134714,0.010222587746583404
137008,0.042816912022694296
32777,0.9671251780806553
33341,0.838217589061978
34645,0.5822651356842108
32987,0.893270993828251
136781,0.0032379609068107808
32150,0.7028592550164556
32809,0.9456167163905419
36572,0.06104081415111704
30544,0.9348192758090027
134984,0.28622981412472814
135392,0.008346760105325535
135017,0.01922200081145477
33096,0.8190995434297237
30125,0.8557043138792267
36333,0.5642919265421689
131363,0.3148194129234936
134468,0.05954970541174667
132295,0.7939034034284994
136478,0.3850807891861301
130858,0.009561294096299106
132519,0.008336041156934593
30487,0.6173967040955786
133030,0.043893030586224714
134640,0.3804088758309928
136297,0.08417666622292624
137420,0.7708001453638095
136328,0.05414320441008077
36698,0.8616646163327837
130591,0.014960972778308981
136685,0.6895869733337525
30991,0.9041245283629209
135245,0.00737751990767715
135363,0.09747452838582688
132601,0.4126673637185054
135671,0.008624579200337452
136016,0.06981661415276683
135715,0.018248455801663878
37384,0.779719571997166
31283,0.8336509517235139
130600,0.7119232357721199
36952,0.938775191776807
131495,0.1403990546237053
132623,0.006051808425951909
35267,0.9395251370229567
133161,0.00829294256800865
35425,0.9385622674683975
131356,0.03543359876444674
32899,0.6863590719498407
36663,0.6189947901610923
37398,0.9373686800304744
133450,0.026596061152807483
132829,0.09108203819692853
37115,0.681920760282342
32793,0.9453586818980496
31735,0.9692354522014965
33015,0.880402986992976
134824,0.03585954191027805
130453,0.016475167699070918
34953,0.8236574107253649
132423,0.1883324150539013
133207,0.011271312394569195
134279,0.08026300898501045
130089,0.013130763104216254
36780,0.9458092926502328
32154,0.892081835892979
35406,0.9116320879572769
135981,0.1552572270553386
31011,0.9398123783665188
135774,0.01235149911841046
32195,0.07905286420343428
33672,0.853808123824422
134139,0.3738409398610163
31676,0.9372236296151736
33122,0.5632711252925412
36807,0.9660355940942289
33241,0.9522256341927012
31653,0.6777405129850126
135138,0.4373795364495894
33973,0.7544390138906074
133178,0.037127962528180534
130550,0.011590265278269077
33629,0.9446829168781353
131687,0.006385754928532886
136208,0.021397180892761224
30412,0.6702648154570993
136913,0.008721575104817806
133846,0.008983049557306529
136706,0.09552926112257223
31801,0.9215969678632441
133065,0.004394530105209243
133777,0.17806718343308076
133463,0.008608929675951608
34821,0.968484275098353
135143,0.003738504694497654
133990,0.06536900210099642
32936,0.3964211104444321
131543,0.021340247771436904
135544,0.34104659200422527
30444,0.9578547192930844
135030,0.007227035257215216
136053,0.0062833845581922836
133596,0.6533088006961553
130800,0.24961739886472056
136508,0.007627148775337493
31258,0.13809803869340953
36740,0.6857876828482425
31721,0.8090741044516759
35595,0.9414852226875546
133458,0.3437088061666227
37052,0.9696451954863743
132132,0.19782227887834145
31846,0.8872668988270587
135810,0.06649832751442156
135356,0.005135227563069563
135197,0.8657763959177444
137459,0.02389746572564687
135631,0.21088307776242737
130062,0.7729137674595604
132651,0.05504654272993026
137240,0.5390100685937018
130785,0.01099036786930777
135184,0.10446131113064167
131035,0.011368735440796059
130930,0.24870575380755025
130238,0.3367916673007485
130989,0.02030496247553113
130835,0.004579375553465176
33732,0.8903751049703086
30031,0.6121061716391326
134207,0.8244709384544046
130472,0.08310199223918915
36382,0.7195977652622072
33937,0.9025029191832703
35510,0.9724340153638245
32542,0.6893680765347348
134140,0.007817863383844104
137002,0.004796524522813901
31146,0.9055923015479317
137319,0.02844633766095072
35307,0.960090933057056
35465,0.8373947691618693
132697,0.061655401721731826
32323,0.8647175943482621
33912,0.9560613226052861
130644,0.006957017504484267
34257,0.5868724646777069
36290,0.9012159161768512
35907,0.9119934528847773
34892,0.9635067685885874
135865,0.05052185569888873
31675,0.8597270967745438
31634,0.9567414256565956
33720,0.6737616616134705
136797,0.01638026232460033
134857,0.09473945515815062
30779,0.7713242421059343
134850,0.06857919071161928
130630,0.1349764570785739
35300,0.9238185762733717
34625,0.30301503283272513
137023,0.002621761330231018
34948,0.5991618176761258
135151,0.3668500983588201
36011,0.20568346464723336
34833,0.9257929844634468
133054,0.01994123267226077
135419,0.16542335857162505
130153,0.004772153019501686
33948,0.30772283640368997
136161,0.06260808516409354
130791,0.0703312577695183
131801,0.12236020255698264
31905,0.8786502764489466
36209,0.9744640039276591
35980,0.650500380542712
130737,0.007178232122634692
133358,0.025130997331592977
35512,0.9686710032734465
37078,0.20241588556879675
35366,0.9538301268904215
137239,0.0261350141208715
136445,0.020459443501173367
34150,0.9584210441606026
35110,0.9545910197861638
32244,0.9253237008350385
134183,0.06584383565751054
131131,0.0032403219685298488
134241,0.0047909356630602504
135122,0.05537591780561229
130305,0.1332894287491083
33816,0.9770828512480821
34088,0.8777990745109561
136644,0.02628621335382149
36080,0.26813111796060224
34768,0.9666534143016179
30044,0.931583569178233
34921,0.9107500055877598
132179,0.014959509616479495
30672,0.9569969719246337
30953,0.7357917127725976
130700,0.06348298262018479
31705,0.965901922975584
135653,0.002651674558745798
134325,0.052183924486127416
33437,0.8407312292959147
34544,0.9056039248339696
132835,0.008485975051551783
32709,0.7818700908948464
130071,0.014985208499328318
136891,0.006038405785537932
135822,0.005241424328316084
132915,0.1456461947184454
31771,0.6740775638429721
34797,0.06669830361280188
35625,0.8687559187645246
33905,0.9151126473978743
30464,0.9432908507825597
131217,0.7239183128668252
30120,0.8503110257618758
136580,0.011296905895248432
36944,0.850991632018605
131645,0.043910970413179144
134306,0.02247475442672958
31786,0.44979212403586183
32770,0.9055861022201114
135954,0.006324524716409751
130932,0.0807483479708826
36648,0.7584224627189654
132706,0.0033259189605182437
36867,0.11892128701435341
136010,0.017565788258618074
131557,0.047825527853534534
33100,0.916530465560796
133319,0.016192816117553317
130674,0.16272853038550741
135436,0.013159099397534279
132836,0.245927014584979
133629,0.028782358007601212
31649,0.9486807397471066
33284,0.8814648900382203
31825,0.7912090373286801
30073,0.8694808254739026
35529,0.9432731607934856
134989,0.0135737110161794
34161,0.877748605637657
31094,0.24929464406466695
134403,0.8348532681344576
31202,0.8290676604086398
131097,0.07009843899933296
33242,0.13634350935924955
135098,0.0307530548899183
32146,0.8751817552924768
30061,0.8819299165283014
134238,0.3148799399031016
137058,0.018920785391292588
136720,0.2836611443391177
37082,0.824197054587315
130232,0.03251994080231664
135918,0.006243603500541825
31816,0.8283239744859128
131331,0.07412966798139486
130376,0.046061925571620976
134018,0.009635092753071492
34616,0.9647546819611809
136090,0.08954522760976649
131512,0.6651591920172166
33545,0.8636243176986292
137112,0.028834920054991574
34960,0.7607117338224606
136089,0.1411865808929367
34606,0.7393445987794778
135967,0.017135189442770107
35165,0.940308194797381
136448,0.007232478114879216
33063,0.627054746327932
32557,0.81223384340496
32263,0.9281202272493325
30181,0.9619663239774701
135086,0.005622232878956698
32057,0.9780780103204041
133941,0.8122592778335758
35214,0.6559268071455759
30254,0.8306881689491993
36235,0.8567798915149335
32149,0.9320207244973705
136074,0.003992869409503495
37149,0.7360926245412697
132039,0.5057835106388113
35559,0.5018211450431108
132041,0.05318911175443575
35902,0.910431862186139
137020,0.1319891903355794
130349,0.1928236299291192
36948,0.955117216098873
36401,0.96554839128418
133573,0.02125394559561379
30360,0.3081035746257151
135608,0.013964872131166449
137337,0.36882621267528887
34963,0.7613144101347353
37376,0.1875315591111164
131089,0.7649990669155821
30557,0.9721859931401023
35133,0.9233201022991441
130470,0.2669768344922068
35324,0.9474885617598454
133005,0.42369948513070443
131939,0.04737431612334731
132900,0.09958254012748147
36271,0.8922770176019545
135963,0.04803535990798873
131027,0.10581647275906024
33831,0.9706529180590611
30314,0.5517626475545776
36612,0.5453859841007037
133840,0.025771636306667855
31256,0.9498250047889985
31503,0.8003354395731707
135378,0.01842067458149759
36499,0.6246035331240165
132573,0.10846597197846816
131107,0.45091429471716044
31795,0.4404942853721048
135088,0.023063956022631935
36732,0.5827346695615615
32533,0.3711658724467238
36494,0.933734790255257
130121,0.019440641806653437
32098,0.9442306740213926
35721,0.925697296346633
136922,0.030172825317286517
37289,0.9025970318922147
136250,0.012025619419268767
136889,0.004103640203775356
132763,0.18122114844481033
35518,0.8556057906178702
131545,0.08728608762852486
134770,0.019701213843905063
136993,0.03242698086369161
132499,0.41399225146299146
134076,0.1327299222237662
30275,0.9787158682997882
130493,0.04981202630656636
137063,0.003992361046216431
36082,0.8222728339139849
132493,0.0034501249930212934
35091,0.5356226344585653
134780,0.005226347354640342
30438,0.8822765924205795
132812,0.7948063080060284
131108,0.10931317027957321
131533,0.19488655491695475
131150,0.004116189049752533
32462,0.9474172678824553
37353,0.9575094914555164
35207,0.977522770901905
136777,0.18905961824880824
131789,0.08662580942905088
137479,0.24340035030176935
36713,0.4884400927423075
136936,0.0025242077756609527
132088,0.5164964097425797
133363,0.24755172409025614
35337,0.8901456115866211
130966,0.03804508694554689
133859,0.01079288532508822
134389,0.013113471562195504
34643,0.7636610596827238
37364,0.915415354473585
133001,0.007988142367543999
134621,0.28874712676652275
33818,0.9746535434790524
32901,0.9120135496621595
36204,0.9177124384563526
31130,0.9493151041929435
30591,0.1454850642989139
33261,0.9696023817231219
33866,0.2402002930616959
134019,0.04719204825076818
135505,0.005765568013475273
131449,0.014604404431832741
135844,0.1310843087158229
133992,0.02727087613735148
35121,0.973434329575347
34074,0.8678711598507273
34135,0.637166755347392
31077,0.7490202557432906
30658,0.8286953376028994
132636,0.14815167162902262
130466,0.4572043567810079
32701,0.8898645229738957
136124,0.23103613467410208
134093,0.7616262057262368
34175,0.8866422764597159
33896,0.14676914759391613
133441,0.0029760695257712946
36368,0.9165562615461225
30711,0.7861196263965619
134286,0.003967906875262286
34976,0.9339232253880093
132799,0.026248249470984482
32779,0.8847206555372182
136114,0.00830124826542682
136495,0.17607786047683835
33992,0.9749845091619662
136320,0.1122138814554809
133693,0.6904116393046725
37417,0.9753796968022346
36592,0.8648329619703191
32118,0.8747651013180995
31805,0.9294090123167127
35289,0.9747004709864976
135264,0.16689139779241866
30243,0.7283436501824003
136174,0.026094925036734683
32608,0.7790823293906517
35054,0.3707054274738063
33249,0.961739178809413
36218,0.8282395951150239
34685,0.9109404919553541
131478,0.013017087427598715
34258,0.8722902697250624
36028,0.6641405546830299
135789,0.042349094522786776
131188,0.10503101448227226
37292,0.3902320133141408
137406,0.0658831270384882
135326,0.016172910211331524
32402,0.09053348281201734
132165,0.375975154518897
37107,0.9780108872430242
35216,0.6646785892425542
33469,0.9325128247201053
132529,0.0341736100336635
33804,0.965218620432292
133728,0.47523204971889577
132530,0.7202558242948934
134149,0.08475324267749067
34659,0.7021210073131581
32053,0.8431698752607821
34852,0.9125276027756973
136985,0.02245468942350666
34630,0.9623971963871476
33817,0.8210306768261353
133186,0.004117145709317418
136331,0.018235834603802306
137434,0.05840941777787874
137085,0.48495987682669495
132340,0.06663518906482133
36768,0.8877646544965178
32365,0.22807035961775687
135024,0.0038690138868417217
31952,0.7621032602616303
35645,0.9146296520772603
132285,0.0028983030273049045
35114,0.9011283971810895
33152,0.818553204283578
131905,0.43067527971420677
31968,0.9737046074933882
34277,0.9306501967279759
35249,0.24550121978491107
134285,0.012121280117429925
33280,0.9588377085688773
36116,0.9656700638220461
136276,0.10492683224143487
137415,0.04949172843327762
132828,0.027188579700662168
35781,0.4049173592418912
33919,0.8311154959170548
135686,0.026061295877950696
137393,0.10951624004550771
137480,0.3606020095475639
136969,0.00941247153325244
30522,0.9230580106415753
135502,0.06340701594998938
134665,0.34083088709044396
132843,0.7992893502915166
34252,0.9515157605881526
136007,0.3596757626351096
133919,0.09449666895786193
131049,0.04547154228768333
136921,0.017844712039802275
30162,0.9287704095276224
136291,0.12271154867569878
33314,0.33871011700656806
34274,0.9500011925630476
136399,0.314657856868958
30892,0.2941862828958552
133818,0.027110695302285027
34115,0.9389850005949735
133037,0.6614011400355081
33536,0.9672160504074503
31330,0.8772669709417826
33927,0.9537374536031523
134813,0.0027777983181852214
134544,0.8720131830067535
33632,0.8481290059936273
34528,0.9399602258153824
34424,0.9131848216814449
32292,0.9656875937176043
131256,0.05900241896372332
131176,0.04044100576827003
35067,0.9567406572776247
33502,0.9148278937682987
32607,0.3412621951063668
133974,0.112066059140615
37415,0.3664886162970139
130817,0.18287550857959953
131616,0.004315441017616344
131723,0.17352775514411223
134865,0.18562556049853515
137117,0.031189389334200256
30201,0.8703257359756283
36718,0.7170480043866719
30057,0.9101009618428587
31728,0.9110017574896223
32627,0.9438772692416011
130620,0.016127869574022218
130888,0.07263608348978348
35762,0.9753478741833235
135437,0.07297910787889879
130158,0.44617635236880937
134056,0.05641391157770269
130445,0.9669005799150141
36521,0.9780956637393108
133474,0.0038236943691944067
32842,0.7113218847513475
31787,0.9341892414578234
133788,0.025947720926593587
30827,0.9509249159386504
134929,0.1280080551838655
130184,0.13494875683599744
133877,0.005512979796416816
132705,0.06764360503538083
130373,0.012206596375643683
34453,0.9678923105169899
35372,0.9470554311609782
35867,0.8360417599716871
32724,0.5982732966314559
135529,0.06860095606109892
132247,0.02507261579238225
32950,0.9320940055304981
131430,0.7480317980411703
32268,0.4335307914046756
132676,0.1518127665558427
34506,0.7496339687419242
30272,0.9575218620702783
36766,0.6710389521553836
37418,0.9231421837329481
34281,0.9712908035547276
131298,0.03216242743954003
136477,0.0782248013943077
131088,0.6425569072515267
37370,0.9376288442268368
131355,0.8344348204687433
137017,0.165569775043007
35822,0.8563597009917492
137284,0.014678229467823361
130991,0.7851940900016426
30192,0.9008995351799207
131527,0.030917991095621367
36577,0.7469225281571006
131283,0.4446761179482211
33906,0.9543159153206984
136310,0.005531686391024967
135991,0.05926484432911193
130187,0.6563735811578837
133256,0.03344148091509662
133503,0.011265817001350707
135871,0.005949490833316737
35727,0.054908211215252425
130891,0.014131354567050083
135398,0.0749310365248417
134096,0.015488516167253212
133514,0.006291183285861957
34866,0.2392006392488866
130389,0.19295109541288813
30776,0.3609027934895255
34770,0.8021549936809721
34595,0.7908410796448384
132997,0.048337145205687285
135777,0.07173808459203967
32120,0.9078661732188631
133622,0.026217642368402343
36400,0.8381156931296284
33231,0.8839386462136284
32644,0.9289556974624862
34408,0.9027514323972329
36509,0.739566874800286
132048,0.06650399918387123
36455,0.14410967530025232
136756,0.14464621037234818
34187,0.9516560414964221
134977,0.04326614059385647
30920,0.9807314413436875
135526,0.06706835769496076
35382,0.8594533104240405
34148,0.9020867700509807
136554,0.48070377369414813
136666,0.006224137914798193
33385,0.4260038692541649
30665,0.21572626245580673
33322,0.7233594549325741
31822,0.9276156295987522
31497,0.9761909090506632
135029,0.019533980664091902
31691,0.955966956130434
37339,0.9234465334658569
134936,0.9381849213272382
32255,0.8219161994961337
34538,0.6522063736761564
35678,0.42417796193096147
132105,0.0654362999912746
37434,0.8907660842755987
130984,0.18843225165308777
37015,0.9585763649789986
132689,0.15486232386561558
36106,0.9604096881803195
31577,0.9760453276537808
132502,0.041852494064560514
34607,0.6147901135674991
130255,0.048152144543715615
136661,0.6730901601628806
31598,0.9120935991694032
130916,0.6756514503633976
136098,0.050113811942104305
137091,0.16358768129143036
32865,0.8318284276036916
134040,0.036105874505211986
33740,0.565349638614622
35695,0.9294707948175849
135818,0.008458650910183128
137350,0.010521288225929988
36159,0.8981415945187209
134029,0.20655100434687473
134501,0.18705927065163735
133510,0.00313568737879021
33599,0.9396199287380819
137323,0.0066205267795443196
35146,0.9210917311949891
135942,0.13728526764540144
130992,0.022241913440448475
136901,0.0031854558678022864
131823,0.17409174022153098
131191,0.04504549558333682
33977,0.9231956135518141
37057,0.9342703305928999
31875,0.9212725773944072
34986,0.8534439606736143
36596,0.8284710429036724
32917,0.8247398064610196
36491,0.9008230232494643
36208,0.48132315953368215
132813,0.4692984983998378
133269,0.4871713277191056
136140,0.0637396079568035
133809,0.006048049052449139
135837,0.8110559913941626
137451,0.01206232691305094
136020,0.6952271236214334
37113,0.9417540385528231
30099,0.8023026567029977
131696,0.3320582353877958
30131,0.6333249173289065
136703,0.12219424570689628
132919,0.28521631199275654
36556,0.9451259768440107
136763,0.029741313449728066
133912,0.04341068150191084
130245,0.1429649562714261
135375,0.04586887706581118
33779,0.8342124118330067
37262,0.53020382634811
131015,0.8110723327437431
30957,0.9400711602898993
32907,0.8878161748739419
136716,0.1939542211190715
34079,0.9393147214418508
32819,0.6630609339911855
130582,0.14262449711694214
132193,0.1712337263249233
35687,0.9733875795277809
31607,0.8911860599390182
32019,0.8284027555919281
33591,0.9091095080242563
33446,0.6820482919755875
36481,0.22069951327229298
136983,0.007747524227424923
134393,0.012681779811169181
30289,0.2820705294729915
30042,0.9497661843345538
132450,0.15780518128816706
30043,0.8696155360882838
132001,0.07130882579189446
136719,0.006372562021913142
33814,0.955801747491007
135078,0.041511315396221396
133623,0.0034114862718695
134130,0.32722284909223287
34039,0.9142729122406464
32593,0.8725551884748474
32532,0.7776984924294237
34589,0.2761209757351175
135658,0.019853315121477613
35655,0.9686999269622305
34005,0.9562658517063374
136257,0.003571344285401665
131820,0.2905411785036314
136077,0.028424877275511688
33491,0.9627516187653993
32396,0.40226847629774676
132746,0.0031484196145135507
32768,0.419211709071529
36566,0.9032687341022871
136905,0.3093801864702573
130323,0.021782016742276554
136762,0.08451440900389452
133268,0.031187947377846928
132460,0.013441889425624957
30548,0.9330909793799911
35933,0.9140688341048933
136210,0.16646648679479736
37252,0.841341450378079
134242,0.8433339977579747
131880,0.24010420444743796
30523,0.3733555970223373
35131,0.9460794967226014
136270,0.009873754973688805
32181,0.8832701212261731
36545,0.835469229366007
136435,0.27101250671871857
130545,0.24934666273755562
131579,0.07475316520112955
136663,0.04881081755276504
133304,0.08089547129462353
131580,0.0828801149738867
130103,0.19796495447784143
30524,0.9680823235276964
33067,0.9434094409631374
34764,0.8912961743143482
37248,0.9600189749147254
133114,0.03160585996912252
132679,0.6421195860865497
135463,0.8012021326282409
136992,0.004053211137505654
131743,0.029663070733758685
36853,0.7324574191232505
36659,0.9342010365395241
33350,0.8298351673930167
31739,0.6247715751357032
30177,0.8695758598904736
31114,0.9799664870768531
32220,0.9520841880306503
30708,0.801654687083674
31935,0.8649176955269433
35734,0.2968532027408037
34249,0.8704583469931617
136450,0.7454191744235408
31833,0.8291545972873454
32757,0.8890994601052955
137268,0.39880545168793813
33153,0.9726401516815016
137448,0.003579705619482706
134222,0.04320969782605023
130804,0.2794424314932235
37098,0.9686914482617988
131781,0.42141852105990396
34802,0.9669552105658168
137405,0.04720531058205068
137338,0.844120592105927
131574,0.15596609739884812
131841,0.010288961039903453
130705,0.6741146727753615
36474,0.9632487696524494
32846,0.8857772811900158
131766,0.004510947126542005
36340,0.9620271216409142
130298,0.8400481707052138
131050,0.22006234459073062
36899,0.9442219055375418
136224,0.5662412798213075
31657,0.17726322265599762
134563,0.002795953286378742
137174,0.2848465527831259
32024,0.9162461593597944
133691,0.0755989594754079
32488,0.8953109497592178
32170,0.9278994388375914
131064,0.003230372155595673
33827,0.9550073297401589
132671,0.9604069353485403
35509,0.902554665725358
134988,0.1531160501346054
130929,0.28148619798696606
130855,0.04222684484324168
132240,0.5851853083580527
31494,0.719764913578899
136837,0.2147661548164807
134072,0.6114098015831106
130619,0.08322123613749634
130428,0.16882567274535643
135380,0.025251068932274228
32029,0.11891110712382084
35774,0.772574841124213
134489,0.6649178833757968
32209,0.958678770396429
30534,0.924529848540252
132842,0.09138930736396819
32198,0.971715681153873
31633,0.9264407582253915
36182,0.9698894332426051
37184,0.9601519636320457
33637,0.8417271453738009
132191,0.04179173835598548
132516,0.21465180048937696
130564,0.8101635232164468
33006,0.8850134420658147
32342,0.9447193769287765
35313,0.967635800528637
32948,0.8651108963479583
137487,0.012842813344506588
137488,0.004819272212181188
33136,0.9127682233720282
130256,0.1896344975636853
130216,0.06199141987648354
33246,0.3846405211158561
33004,0.8869602253990297
32258,0.052438913598160455
134529,0.1948882339968897
130669,0.015044956108594524
32350,0.8337629009191437
36696,0.7807640761653454
34942,0.7637540896820405
32514,0.9707980595457322
134565,0.06831798842519514
34912,0.9563654253027477
131805,0.06467165593224619
35855,0.9486937364554636
137419,0.009294687815649735
36129,0.9093743124436707
135459,0.2103129290763493
134212,0.0752108702167657
31445,0.9464649947696688
34010,0.8880085896033404
30805,0.9253396124490281
33404,0.923561569540494
132877,0.009803451611707783
133560,0.2088003499792825
130634,0.18548944768020748
134535,0.05116908852272228
134092,0.003629723515043284
31702,0.9260067700126875
37491,0.6965987674795446
30589,0.96902511648681
134882,0.01712182617872714
136617,0.6097522927328182
36362,0.963386935874216
36009,0.91020644759924
30811,0.9249349621771957
31231,0.19015479758498477
32190,0.28190443659519127
30494,0.896299835574056
135843,0.5783579522084294
132128,0.531197501032574
32675,0.9364466839935346
35706,0.8717648356131186
33107,0.924355666336532
132569,0.03303187424763356
136170,0.00725303593620358
35195,0.9431654312999544
34083,0.9572973480807256
30866,0.8900462467959971
34502,0.9622787710238924
33993,0.36262005879288145
131279,0.5537545767783749
33328,0.9173228351670891
134443,0.03645994525454082
35854,0.8921657709338318
34472,0.3024664033447256
136736,0.028065539801350306
135101,0.04367742879625976
30091,0.9785855706127999
34279,0.6938373509762031
137373,0.006713903333505828
135787,0.13755057292193984
134208,0.023947434005147795
34584,0.7188426092610836
130471,0.04570468399855426
133205,0.19127373488158989
130510,0.004217590100501519
30921,0.6109923967016525
30574,0.8098744131840832
130117,0.016953058161144684
134916,0.03167087978750367
133789,0.028821559566517267
34846,0.8846200732773591
32605,0.9636316540665617
131212,0.05058689481104433
130044,0.007929644261830125
35845,0.890886429609348
31682,0.9819816286631384
35996,0.9238923633546073
31855,0.943786045345151
131099,0.6815740884762422
32202,0.4398430319557899
131068,0.04652671131557755
30032,0.895561197504466
134825,0.3905147753651869
33511,0.9133645671737927
132378,0.10774503522905542
132155,0.05846143418346602
33486,0.8046310990319208
135093,0.01575320550935991
136831,0.04999591071484399
34656,0.7505402553945039
130236,0.024194725765299113
35732,0.33398477108020114
132487,0.04714220911546639
36101,0.9299918709626551
35085,0.8964858440861914
130429,0.1068828088224521
132986,0.7576461209640944
134293,0.02748946544333971
136390,0.0188184056404428
134349,0.05511562591229276
136988,0.006931218320257204
31379,0.976705128514533
133447,0.029809762153911488
133977,0.09241776671804414
33566,0.8798676857232839
134215,0.058589554347283176
135060,0.013570440165834276
33317,0.9505272908133439
36699,0.8913329002373391
131011,0.11923182343064131
31963,0.16695837258102664
30224,0.9070071078188522
34181,0.7648021402793708
134992,0.0031376902081081868
136434,0.03653860240188402
34381,0.8407795381503299
133585,0.027994824052892563
132547,0.09200960612400927
30955,0.9497953601433822
134371,0.017325192226576684
30540,0.5215468198195228
33974,0.961501809322062
35255,0.9764342233205168
31612,0.9705636972594216
31563,0.9658774320624238
133656,0.0053904481577991
30508,0.9224297610757197
32270,0.9301285817180973
33370,0.861727254078703
36183,0.4203154329568752
34264,0.7280755827009022
34891,0.7198865491927785
132956,0.004313985378677835
131968,0.6889741269548497
132914,0.013533989770355812
130755,0.023055396006490612
133438,0.02019093921157185
31606,0.8257054416029912
133703,0.01911848995258186
130221,0.07816569525732125
30210,0.16074061855232097
31871,0.8690830704925958
137019,0.045636962901082656
30399,0.9079403886707679
33139,0.19863174328731378
32484,0.9463836094578152
34517,0.9784822251531304
34186,0.36782423902771044
30304,0.8227339261598401
36260,0.17034449783048736
33382,0.7465129754395416
135984,0.007067916678155803
134872,0.026786494397565024
130599,0.005219531836470229
130138,0.07347003198065152
34646,0.8754704371295952
32372,0.8753534309031963
130015,0.06433823778383557
130819,0.01035303596249644
30831,0.9734424224120384
134440,0.9163843824927194
32718,0.9251092749652263
36276,0.9010954203366426
36560,0.6186620351886251
134187,0.4363111399215419
130023,0.32667088269959715
135790,0.28367662318279296
135311,0.025163092250106135
35591,0.9716180982252403
135047,0.8268379339895933
130145,0.003731339781324751
133500,0.01944556915991131
136387,0.22903328757843386
134405,0.27197161587406826
32404,0.9399576173729667
134465,0.0076674058411160435
36627,0.5015350612006266
133876,0.007289499905324794
136986,0.23408292821417406
134113,0.3853049659481541
134442,0.7117383893099256
136844,0.6046156679867001
134595,0.014694045731571886
136894,0.516258896691231
31737,0.9202172992096371
31462,0.5994846051711114
135535,0.467676905862192
30638,0.5851776614519006
135752,0.004827500251224804
34317,0.7522634078597137
130414,0.004316921811796907
31036,0.9547167257687688
136544,0.6364387788557204
34761,0.8762877010376091
30924,0.26344953882962185
37062,0.9364419176361345
130667,0.10045039350564294
36829,0.9711283051249112
134210,0.021158916281054502
130112,0.03852534614087688
135872,0.017523426893801437
135983,0.9000306193346874
136501,0.05855281748656356
35680,0.8031156074003442
36511,0.4735039404454733
130131,0.7371082560488478
33219,0.8925950819412283
30428,0.8605170168289622
133651,0.4419009704321944
32760,0.8150117676531713
132173,0.641162028668527
130834,0.05704791847807242
132816,0.08738535385218274
33029,0.9507002430659012
34863,0.44124420247941554
134095,0.7131189980155084
36485,0.7726257741080416
30386,0.8676423382420356
136737,0.8378899781710163
36706,0.81155504946828
32026,0.9083255559861088
131210,0.009770037014087553
131249,0.05445160665600665
130756,0.07176026880871582
35020,0.9630231248067405
136383,0.34501217098307024
133548,0.002546277508018304
32958,0.7924149510897106
30572,0.191846988817939
135037,0.742333878714009
135111,0.027655128615606036
130167,0.010664684708078789
33969,0.893893734494366
136014,0.157518957963481
36156,0.8875004355417825
33134,0.8868158103758436
136428,0.01572337753579421
31549,0.8544528149358647
33454,0.9683857751194545
30418,0.864213003063302
130295,0.005473652938630702
30981,0.7454203418632497
136760,0.0049969032972276865
33184,0.9408393618321583
32002,0.7487465505209923
131181,0.027521688320819547
34779,0.9507009993644604
31863,0.8272892897073273
132004,0.6204306500257403
32939,0.7756760805750067
30022,0.6998603322848046
132201,0.20226919302090574
33534,0.9803511876765029
36097,0.9539516839431762
131165,0.07429618039538961
134300,0.2722941464277857
34069,0.9704987432046926
35658,0.6343931806498284
137286,0.24187343569358588
30683,0.6774346574939222
31757,0.7246097425636375
34499,0.5274112279515204
136167,0.05287579200817566
34162,0.9351220134395992
30261,0.9195365523379929
130889,0.005793552574637813
31368,0.9326880666468629
36714,0.9761743847584698
32187,0.9076895959265737
132409,0.0029014667321635174
36135,0.4561137429386405
34840,0.9618730448255599
35315,0.9099854053745196
133073,0.7705777624262762
136268,0.02947803319064038
134960,0.26902980154633094
31025,0.21872375559591742
35668,0.569147174746577
135675,0.35244142168286474
33965,0.9488740975477836
31877,0.8282669843601428
30149,0.9192236023774354
135485,0.5304903857772909
134748,0.32114840761318236
136288,0.24366906565864327
137037,0.13096100640609926
33093,0.8986397552611878
131689,0.04912593162788968
137335,0.004576808745566716
137369,0.006353907728265265
133719,0.12830222096422333
131895,0.005197034197808204
135266,0.012160854806917346
135806,0.02932788077254521
135879,0.10381168533260522
132195,0.17974281017190047
30355,0.8507685109758099
132327,0.09311670519136721
30093,0.8570948748576016
132583,0.7881717854559966
131426,0.7331191510110885
135414,0.008243388129595488
134240,0.005550794754464988
34751,0.8961169894503405
33336,0.7832233013211002
135273,0.23425845276417595
137367,0.29755261222287005
32766,0.548099241682006
31491,0.9132517546621306
32838,0.8552514098490467
136165,0.007202293353959226
33402,0.9181045313767479
136815,0.027877135007639532
131777,0.23120348179562822
134257,0.006527421528999823
33104,0.5681863986959311
132512,0.023786686160944336
133760,0.1392557939740244
136326,0.9136073093354262
131022,0.39111423251680977
34796,0.8306280969197117
33765,0.9160707772275465
37382,0.20731026926321902
34920,0.5080345721358526
132771,0.12131104124794267
34929,0.8719077853436092
136840,0.015843012340439222
135467,0.029434452687301202
34383,0.756928132032398
35130,0.7994350605864906
35956,0.9745393224616894
34007,0.8940763427757784
36950,0.9006529867426281
30144,0.9211746450667073
31979,0.9332762045573977
137093,0.6461347722838493
136271,0.8350307624138585
130948,0.06622684797353992
33141,0.9218706411775283
33588,0.8672053133433237
132996,0.24837915569580582
36758,0.8008618638272834
135382,0.8296724583613925
132642,0.8761534430811847
30479,0.058793982540840214
36741,0.7985178241540754
136741,0.021399129020155807
30958,0.6957809438702747
30115,0.9364608865001892
131864,0.0065015996801006636
31857,0.9226487130540607
31500,0.9697929941405378
36914,0.85656991011318
131186,0.7258774494649932
34771,0.9336328756556329
136355,0.10662747522664151
132254,0.1491907881161514
31760,0.1876818649955151
134776,0.03227359153433257
30282,0.4506350354072449
131272,0.019451659305911095
35967,0.5896365949559216
134885,0.07358603843691754
132932,0.029335677581972742
32225,0.9442082581109006
131172,0.06061875082264106
133675,0.014075607057334901
131866,0.08814079136626696
136655,0.025732552284455947
130458,0.13693220152089014
36376,0.15713461542153692
36120,0.9131090664599741
30980,0.8666205649328326
131373,0.03544100011524273
131235,0.1947012275975334
34995,0.9400851394266321
37135,0.6447946684059828
32151,0.8329968255981961
136017,0.375230252391318
33939,0.8908818880854968
30283,0.9187312818763308
132324,0.7457109711504973
31169,0.6608202171046953
30843,0.897724022178339
135825,0.0735602013591892
31573,0.8822958947077755
135207,0.01730281833978666
131075,0.031287499399037015
30512,0.9639835636775312
36985,0.17043314981106927
33638,0.6800555290459773
131047,0.056736519858561166
35197,0.7113285723906421
35736,0.890099496822125
135591,0.45702816596245566
130901,0.418672382744811
130155,0.014371400885639252
31183,0.7184708421812556
35553,0.20081292557444977
134970,0.03684585766176838
133410,0.04675877208149161
131345,0.1149650497081066
34590,0.8576459046621189
33656,0.3667142757725499
136836,0.0064876958534642
35827,0.9170260176637591
31834,0.6814754022609548
132548,0.09920367427819776
30768,0.9386107138752681
133060,0.5670644787938103
133576,0.02404524336111998
30993,0.6635906206716627
136218,0.0872726165011246
32085,0.925555109094422
133736,0.018732244988506137
134901,0.015100389771596811
33181,0.9131362184257168
137271,0.16421574838035502
36823,0.9268731855047281
33304,0.9586581367482574
31856,0.4500423945063628
134733,0.21759652856014905
134476,0.028874120335411667
31788,0.7888399462344939
136079,0.5570831455886884
136575,0.1014240775663997
30318,0.8548821634171156
133273,0.05464784871661647
31035,0.9491582927918393
134110,0.006247594655489133
37223,0.8904490393996312
36894,0.083917433716205
30440,0.8092763057936112
31766,0.8722273311001699
31110,0.9621087004876006
134061,0.1434418461569934
30377,0.9695154319316874
131853,0.11979521347419807
136345,0.1141737603907516
32639,0.9599102304676957
30613,0.9293170565886761
136734,0.9290612155434382
132742,0.03050335270699061
32546,0.619343107055386
33375,0.7804145808895131
131126,0.5210275876130757
34321,0.9018876344523015
133079,0.18640181603629152
132845,0.0051341952351178525
36524,0.8760581517357274
30796,0.9349652874375719
134216,0.004382754070223652
31398,0.7626081732980995
31085,0.9519436427310125
34080,0.9540129646248958
130050,0.05581653647960953
30587,0.9270580354214553
35674,0.7734092216802696
132789,0.4968088390755394
132570,0.03459748645833391
131267,0.8324422482774789
31481,0.9367524197724879
136744,0.4838396073491785
131073,0.0031502103497199874
33348,0.8921184891914948
37295,0.8846701297375742
35744,0.8082005728918282
131274,0.04214898128771287
31620,0.35096788929991224
133111,0.6296787413816087
32887,0.835402389016297
34109,0.8729705998612848
135004,0.016123311827781164
135423,0.027819797491024707
134797,0.19029764342990854
135519,0.011752454576761818
31337,0.8920013749329798
31403,0.4419307787978144
36685,0.6160593895682279
131918,0.036013427618104686
133044,0.10501392953743668
31747,0.9525296801117338
30982,0.762640404132754
37000,0.8635105894922342
34862,0.28517290798092704
33630,0.9087988187470177
33476,0.8313455211039669
131606,0.17823021097608122
132731,0.0161922109738307
32166,0.9356752880398015
35429,0.9359938744699242
30817,0.9375325799727583
135632,0.018248894705202183
32746,0.7127568712461413
134856,0.21143992645178325
134932,0.20528104309278092
135217,0.7924577545407435
135395,0.007297075852259383
133529,0.05632817757312228
130072,0.027433471563982625
137437,0.013100702981218758
34165,0.8995250502839324
134388,0.5569607584174108
32792,0.7933857575212895
136195,0.02652280209928997
35355,0.5634121556721203
34702,0.9661235101974923
131000,0.5041576548693665
131333,0.014502519328268217
32526,0.8730201170661608
33309,0.9354079724031279
30369,0.26547526855869186
132320,0.1295588041943091
134978,0.10077528412963054
134650,0.11375221578400618
35564,0.8912157352390069
31658,0.9781010079716536
132458,0.1863925319411091
32926,0.13751287604064502
31490,0.9099371576310165
30340,0.7828926835755114
30833,0.9453771593483675
31666,0.9284962349714558
34705,0.9719404496619636
36169,0.6825452343692435
33135,0.9320884782057814
136835,0.013759824771979156
133732,0.041254320489999635
35589,0.7912673990037846
133157,0.07750061621405302
136687,0.004956030864230887
132026,0.40289011601161306
34905,0.9636555187436696
131825,0.04477052859073355
31056,0.7823920058383507
130381,0.10617151718542907
133172,0.006831933664160765
31672,0.7272729660263744
135347,0.7199981977965354
34429,0.9095301783374644
134655,0.048044363238534664
136239,0.04543995907036733
137485,0.003985406079857639
32167,0.8228108165734938
132887,0.07521372457283639
136298,0.0040871763321608
134752,0.09964711454107888
33078,0.783628309383523
33028,0.9152930365420726
36565,0.9596725800176172
36584,0.8090520375457848
34957,0.7078345667333341
136252,0.3038905473998287
31311,0.9474135621969697
131954,0.1751661645213127
132650,0.36319651039145834
130579,0.8634825639607586
31517,0.9017482298683129
37467,0.7671803179639647
33767,0.9049503084463257
32789,0.9722315845867922
35555,0.6811763260705932
34445,0.9484492611392662
132782,0.286956072117932
37221,0.9436768993256139
133324,0.11137034491181587
135447,0.005126072654231397
31557,0.6778371833774294
33124,0.9267448936451284
137378,0.0032584913439066706
35150,0.9265470598885368
36177,0.9331325896794568
130281,0.010722936889570005
32649,0.8702797625910952
36570,0.10259958256197801
37178,0.7707515770030147
37198,0.9327915255411106
32803,0.9342640799891598
32141,0.8138116633663841
35789,0.951989311874262
33812,0.6318666272378974
34271,0.8696015722433471
33025,0.9291133735631253
31111,0.7147715666797352
137228,0.007584562410735998
35751,0.3659565102634821
31958,0.8614914342568536
35803,0.959905072149907
37073,0.7764739447882484
133735,0.03002680131800112
36888,0.9200560705526983
134314,0.05046076766292701
131982,0.8707251453987085
131892,0.0041517144860474765
135372,0.009483593180697471
137223,0.23316215298199827
35421,0.572912457008012
31651,0.7621058919445262
33151,0.8768745784161529
32428,0.7515273987454885
134859,0.12228060113837849
31281,0.7100981250386644
132444,0.03877556950843874
131076,0.3486428557840369
130283,0.10523419807856826
37004,0.8675361350077594
35703,0.7138129084637111
37167,0.9422470802441483
35302,0.9087385884865137
35391,0.6036204687505216
35208,0.9409804603075866
36563,0.8992018415512617
34158,0.2466585789758387
36920,0.9618106423668851
132507,0.18549975920849202
32238,0.8897621686848625
133668,0.010088552489727792
35414,0.8684920707122716
135281,0.5021730775277111
135352,0.033275118216255124
31974,0.7900767542598112
32076,0.9539137660832069
131102,0.05349453872631382
34710,0.1970588335026927
135931,0.007366693823703306
136556,0.05184920736865398
32804,0.8601365747408501
36279,0.7818633836310882
135433,0.28088566759400385
30216,0.8350677440123894
37387,0.728590015661635
33677,0.9425342177129608
135838,0.03806999588203286
32997,0.6087665387507238
35818,0.19538245928926606
31823,0.9582109469013853
131745,0.4112603923745508
135425,0.007297441648023213
32588,0.9263259401552784
136146,0.1728611858060459
135462,0.07269913643781487
136799,0.18766140988705213
35097,0.606667860806837
32962,0.9664989978385153
130861,0.6707757352277571
37236,0.9205467151276133
31984,0.41852401527023536
133170,0.8330743217525884
37155,0.7631791201910386
35201,0.9255121045659978
133369,0.27374054920284324
37229,0.8533368648343445
133405,0.061414053808990704
132933,0.2639695242892353
131375,0.08881551670079463
134290,0.3847555012061509
36892,0.8756174436147625
31385,0.6947394336223671
130333,0.00421255370650629
33751,0.9671992325433523
133163,0.016431992846328795
137039,0.01759317995603531
130553,0.0051041490193017795
130274,0.006712311111683355
130137,0.005917264178169663
135458,0.0161482455347603
35389,0.911105605438562
130016,0.03144719020243091
133486,0.6998909936661182
132692,0.20114210819579376
34209,0.9471439888589865
130179,0.025256725219654608
131914,0.05573387019230336
130461,0.0034751677413077152
35358,0.923538891809478
36832,0.9522771977148596
135680,0.07725179362201126
131471,0.008665765854080403
37203,0.780801572296346
131372,0.03857656049571678
36779,0.8819789046152597
136454,0.17720014783067162
36551,0.7609553414573383
30293,0.894038863062748
34709,0.936776995561471
134416,0.2580213802916322
133461,0.7485412659924896
131610,0.02500522432317418
32515,0.8952499734808077
134063,0.04695906077343663
33972,0.8440376463054067
30460,0.8806663800998332
34663,0.9657165374008657
31228,0.9164888673518603
130926,0.016302088841825723
34470,0.9050765553818563
131946,0.010103006304656447
131678,0.6493265641222634
32930,0.9562977948280501
136316,0.05567438525998836
130567,0.18037946118446319
37408,0.8795810939228728
136524,0.13802432314519675
31486,0.9212103752186024
30752,0.8148970362629475
31542,0.9440691216444409
133588,0.005855804969140714
131760,0.21957606948192784
137341,0.13342418963439262
36406,0.9025647638812326
34998,0.8857322675895589
30286,0.401128376243211
35799,0.7860633521924921
35686,0.8107502579374268
132895,0.7444080436861875
134291,0.10458019446996046
31006,0.9365189762641104
33237,0.9344102307696363
36907,0.8953832175927462
131724,0.42572492054439837
134156,0.8494534925469993
30425,0.9411401366969288
130028,0.04117678311210594
33053,0.8654124793647946
34096,0.6323310723945339
36348,0.7378344415639473
133112,0.006864241411014448
34190,0.8869648518559652
36307,0.8981495644479404
30133,0.7526212832656454
35025,0.908429407979202
33710,0.9659522640157966
33343,0.545729289476273
34057,0.9240007281783946
136542,0.024625829658836387
36737,0.8678782504342184
134090,0.007408853861537085
136517,0.036227473619762626
34231,0.8871316507241618
132913,0.5137575807854599
32340,0.8523985563215538
134351,0.017944320598113336
132901,0.0029961145132821974
133549,0.019805173798442065
32229,0.805438145190075
132425,0.06494563028198068
37206,0.3285268072971652
130190,0.6702627384462616
31836,0.9318556735686041
131025,0.05943291518683323
133593,0.0363340763447507
133563,0.005136832826011191
131129,0.10923475010798779
130532,0.018626599326312214
31868,0.5570461423169034
132522,0.5995011688427097
131311,0.6088618758912563
35398,0.8902656066122893
30738,0.6352056099279781
136301,0.4279633923939647
37373,0.7169471993406655
37322,0.5759224624678991
134785,0.14462282096934564
31767,0.799978500369847
131525,0.011884858578073098
33189,0.7226157665914205
30159,0.8997251473540876
34478,0.9700530494374665
131060,0.20737974972879925
32361,0.918606781357753
130886,0.004769368151762613
35247,0.12590110726806203
136258,0.0121623510482814
35154,0.9800108641781591
136385,0.005051399811297599
133418,0.6416735634974462
135941,0.6192957901964328
37363,0.94554271133043
134889,0.09183730799464726
136359,0.10451865147039276
33091,0.8986060582203022
35471,0.9106191325028135
137422,0.08765226860209743
133462,0.6588525178028479
131006,0.8556993294755482
30468,0.8533716695171157
131620,0.009907475256766907
36309,0.5207133865289284
136525,0.019480369233954492
37109,0.9011061785255896
137464,0.031236589836128252
134841,0.8179319787669423
130961,0.5299576923559269
136810,0.008983757145749841
34508,0.9273568697998347
35733,0.93982495270543
33676,0.7442867338311678
132033,0.02997390920896857
131325,0.04728765148841211
131530,0.06877381180859254
135448,0.03425250080121017
135823,0.11659133689444698
135096,0.13985862327713047
33185,0.8224929763441227
32537,0.9227215433581872
134386,0.058708359912396896
133139,0.01656027312044413
37186,0.9546274869016166
32640,0.9218360990456707
135966,0.7985178241540754
30984,0.9742357696464695
30764,0.8657877781648133
137210,0.11751296278078481
134504,0.7693586760932706
137447,0.013736951589544213
137243,0.5068191169786914
130033,0.003560282504357917
32175,0.8552664357963374
35189,0.8164174700175538
33441,0.19360265978386587
132751,0.372858807700092
34835,0.9419533516658913
133047,0.03537548612162594
36287,0.9156891932289539
131219,0.04652445852078825
130475,0.0737742688588831
130959,0.1407645364609019
32033,0.8712778190265209
133473,0.0021733584888929333
136690,0.017773108204316213
131003,0.14937100587652843
136194,0.8018737446118636
132451,0.2603009289820337
32581,0.968915201581938
31582,0.8649965566350699
136637,0.00978910730823543
36754,0.836362073311144
32253,0.9267278288409614
133334,0.031835193473805964
133857,0.004246157805469904
31613,0.9031812925103349
36130,0.5437799532694709
30096,0.902609887393196
132592,0.5051869000241532
134415,0.35386693073871606
32112,0.020866036285960718
33318,0.2862996673390832
132015,0.020006690516663705
135928,0.12057348734906442
134438,0.012165978031116777
137074,0.004136056218484616
137033,0.03693797539687033
31911,0.6465754586812837
33368,0.9706696020002474
135530,0.01085742254153252
135748,0.014135192732096308
137099,0.0044851641753494
34223,0.9223024011499462
132849,0.03922367616130703
133176,0.006138416120420957
132744,0.002311848713312778
133784,0.6796415550108738
133950,0.03003819110629142
36265,0.9303084560245257
31428,0.6979169452413851
31531,0.8197258553191386
130129,0.0038627569524394773
30462,0.6809972133167531
132556,0.0316516217014136
31452,0.6664809097894036
34549,0.8821055520180381
36559,0.9412220831731024
136131,0.500109459351833
33048,0.9227929880898248
131137,0.1529373956085029
36050,0.1893375011803584
37185,0.7542203206856022
32835,0.8994497486434719
132082,0.005854520707411992
130698,0.07815260248127293
135974,0.08733818591822753
133662,0.004513765412387176
36331,0.8798982326062177
136828,0.009262407400446517
136956,0.01409701993837096
30344,0.7533284452832127
136582,0.05401284717387663
137238,0.013929446984314794
130693,0.8968923935972913
130575,0.04154574995210318
35636,0.9373446549291504
30306,0.9394698878118075
35582,0.8098253007713179
131637,0.013871371559607302
31756,0.8812642011796299
30868,0.4823709743935308
133837,0.04734773549794029
35847,0.9320716786945191
133246,0.06013517575853402
135068,0.0545946803437316
134357,0.06752264476794298
32702,0.8594379207434856
136052,0.08473184031489919
33764,0.83440652361748
30509,0.872641722924066
30063,0.7490704435572235
32706,0.9398496048334524
131849,0.00794920853046923
135517,0.34280507407507943
132821,0.7418066853772964
30090,0.6749501087873719
132090,0.006953449214771645
133741,0.03411010579047917
131767,0.005794778503219605
32586,0.9551255151286153
135236,0.02840150976719784
36874,0.9030973529197578
35826,0.970064463799651
34380,0.8670991683104198
30406,0.71755027147457
34510,0.9071387909575167
34344,0.7656216644540551
132117,0.07502267258706904
35549,0.855183100309931
131829,0.004645730252721044
130847,0.1125739820012885
36647,0.88875752345963
33325,0.8937913572608247
131630,0.24094608303538906
32732,0.8274006847818893
33573,0.757609129657911
130904,0.1292332814525498
133216,0.021983214183182522
33406,0.16348209449936202
136850,0.25955575185835983
32287,0.621537788070224
31463,0.92811414757859
31100,0.9662789316741903
33942,0.9293026598655011
135932,0.07537994324380011
131364,0.3185805917090777
134531,0.005546207875996523
136548,0.007109601160568497
31870,0.7192659915325101
35002,0.6868860350057497
36033,0.9317046415310947
37480,0.9514204206436614
33955,0.9656175472347924
32056,0.7872813556063332
36212,0.9204423747289402
32986,0.7050433241036923
37050,0.4756118821797411
133289,0.006992849560702858
133925,0.06121528130522772
135489,0.002794997263376787
137465,0.03288527094307683
136036,0.8131014011208609
36295,0.9695988613962611
133864,0.006983848046025104
135413,0.01081600356032034
36810,0.9391594324878838
136764,0.5648485566593653
135051,0.002764878247317339
30130,0.8930875242686563
36191,0.947881889540497
32876,0.9128056360935066
31798,0.7580075823630479
131882,0.003761235254044092
32870,0.9391902235393973
136494,0.011095380207194198
131059,0.0034230321285068934
136113,0.005133582146743398
36462,0.9131373828682161
134105,0.2121825060017115
34873,0.9437547474689906
34820,0.83432584834215
133236,0.17810412361188738
135053,0.020021687375676535
133466,0.5264741457613775
132073,0.26542282243331067
135728,0.016961056675497344
35090,0.9485098924220043
37315,0.9556661363674828
135695,0.4961083852598357
33456,0.8949654208743798
133326,0.00620980701040925
32721,0.9253254435678541
33240,0.7814189617865868
130995,0.0076445829510018515
132353,0.7050912520538195
137354,0.42390353224846794
136122,0.056207946864368794
32389,0.926272188505992
34829,0.96732934937025
35319,0.937285737618359
31392,0.9037654509464322
30119,0.9561765477403629
130434,0.028423972536984497
36850,0.9344086155895456
36410,0.9699197581073731
36966,0.4593752455226103
37392,0.9612644084168036
131819,0.017321964228307375
136283,0.012588861706852018
133442,0.42966784089756094
30987,0.8875260483931415
134288,0.7105588432015929
130783,0.14974766097761116
36735,0.7800117021097677
32705,0.9328054179921494
136711,0.8754032766549456
32162,0.9160629697503918
30872,0.9330899273799191
31235,0.5714481887616103
34031,0.8289907988377436
132009,0.0029487422877483367
132567,0.08126570343771106
31093,0.9542993707720673
36642,0.15463911261647714
137383,0.034187963051748836
32097,0.7421952874517602
36573,0.8893660341200597
34029,0.8356669417404039
136164,0.007882372866514407
37058,0.4991178703523658
130095,0.028958156362590793
37026,0.7231261818883057
137042,0.009084099451541545
32008,0.7803179887018401
134550,0.07554440914403975
36083,0.5735052440269092
30465,0.6908884211478118
131112,0.003755184541751311
31005,0.5210776060306781
34597,0.8318405085165294
133199,0.7491255794693725
134926,0.2131090789991788
37240,0.8889604136889834
135355,0.5506645593223154
31244,0.8412572726875056
33604,0.9108788497780358
131041,0.6143469918314628
37366,0.7154571285702658
136486,0.03622829614350219
31888,0.753372573272294
36032,0.972369043949475
134782,0.00365196384958709
34869,0.9347029943845521
35253,0.5582088736193677
136380,0.31455854251319365
130880,0.9078093040272753
32188,0.2856492791080913
30526,0.8970739748849801
136392,0.01338347130171227
135897,0.021075566664718583
132552,0.1896835640309272
32061,0.285365438052305
130584,0.03270350172814286
35155,0.8067081727310791
135156,0.3954104322761668
135091,0.5292903347477849
36285,0.9603693051894202
131461,0.0030769365246578347
32832,0.9429138436819439
135520,0.005887058511686527
35437,0.7731557474872159
35013,0.9714959509967349
134278,0.3165537849713012
31455,0.942935214823078
132645,0.12198448835416074
130269,0.0852443556700003
134419,0.003097819854877242
36857,0.8724180161513609
130813,0.3720371806455136
131419,0.0625650340718144
30972,0.9776584360146554
133290,0.721165052902979
36645,0.8463675556216534
131456,0.003386199816075909
30028,0.8116077556292307
34075,0.9341929247816385
136929,0.5462285427627677
35862,0.8040733648314567
36353,0.6710847395531991
35000,0.35668380414164785
133476,0.017799567114397383
35061,0.9751395758194121
136865,0.19433624617887002
30597,0.9496168197600742
31192,0.946537584942842
33570,0.5312136468614482
132281,0.07700570164198407
36681,0.8331171493821371
36267,0.9481468586531749
36233,0.950721994443855
30823,0.9710015255706522
132419,0.09697247028857921
30731,0.8877609058291445
33493,0.7236691011935004
133004,0.003642590121942002
34335,0.9384557302052716
32633,0.7659397927243303
32682,0.7639087435089165
30495,0.9774377823021201
35187,0.9142868350146802
36569,0.9632721638720909
136045,0.8393272116122413
35944,0.7671307697584782
137331,0.03609537481165735
135270,0.05516878791247986
130682,0.239860207504484
131856,0.00370484314025492
30414,0.832301542581632
136975,0.0034852435157784493
36482,0.9468061562067469
30741,0.8694678848397144
34769,0.9485090343663591
133945,0.07894752115337436
30909,0.9493231313929809
130136,0.440586981061053
131794,0.8615181472763513
130816,0.04457251914294247
30536,0.9625317409260394
30121,0.926720090550019
137192,0.7292645065421338
37476,0.9541362247442852
31980,0.9063386341078343
36477,0.9603299092579838
133751,0.6818041025414464
133942,0.14932021413404192
36805,0.967347227902008
37081,0.925760571665484
36359,0.6537435184728844
130912,0.16125414140141348
32952,0.8669533031521057
135397,0.0607900710322133
131493,0.5851677386639762
130316,0.14274088007594343
35168,0.9211601074907907
33478,0.9151209645062351
37361,0.948057959979499
33047,0.8906859521529417
132405,0.41830585502856316
135624,0.1156099001547729
37358,0.8666207959002328
31406,0.9705018268069079
37337,0.702391140109215
136370,0.0031134289878543605
33112,0.8446835575986942
36510,0.7208932915336171
30025,0.9306831219907751
131660,0.9477458981050171
32266,0.9286707637706356
134654,0.10939277075290352
134831,0.14503606686367312
137171,0.05146650008678999
131432,0.3757699172566387
136141,0.006877383407081948
136895,0.7250260265917249
35298,0.9406239419225872
133933,0.0238395767371897
34644,0.9586133516811932
130091,0.028125139736171118
131837,0.005179021395177726
135734,0.3611715510529578
33397,0.9723273513539479
36769,0.8974984152964598
32353,0.7604265569527939
130878,0.41729793298288986
134482,0.03687935700175526
35078,0.9367248270152746
30322,0.866674258079799
34454,0.6395116152137171
33170,0.7830447401680987
135337,0.14188669381780875
135894,0.04249742788438726
136433,0.25679796031836666
34329,0.5994008255377661
130670,0.04661645039564656
33414,0.9113277831248038
37345,0.9039708187606408
132792,0.0055774940164209155
35621,0.6171066517450483
33227,0.49319497422120523
135416,0.01462550312027841
132654,0.017379232076976187
35905,0.9069311751479391
32938,0.9124137524055211
132968,0.01635840875094168
134318,0.578975344642764
31355,0.9184271423556499
31891,0.897677238432878
137385,0.29584942981956464
134498,0.5130353689640714
136391,0.008255046184198745
32591,0.8818065137257496
35470,0.7759099596509781
137076,0.13782095472202135
131171,0.0038875562768302787
33982,0.5629773362602132
30279,0.9738378904048427
33347,0.8567829232461079
136547,0.009860333726005154
32223,0.9662533315173452
36381,0.6772898027075345
36858,0.9791687200454307
36375,0.632669300323036
34615,0.6509666252026932
36148,0.889050238433732
33468,0.8983351403268244
133477,0.6243150141899448
33439,0.9610619616698439
34235,0.9236606306377124
133720,0.03356773074891602
132718,0.010024375546676944
32367,0.9177658293943272
31051,0.7949085733305866
134400,0.05714160653567528
133969,0.0695455596899418
37269,0.941585794043275
35264,0.9649721090054326
136990,0.31318122525613434
130585,0.603328537630879
130570,0.008849173423992522
33326,0.9046703050383661
33148,0.8977030961725919
36384,0.554171817796768
133366,0.07478549840793831
134991,0.008689387592566855
134251,0.7589582187429713
130263,0.5619685917197164
132348,0.00951389670046999
130947,0.5936135730543346
136061,0.12423721130098948
135050,0.07400876502047159
133550,0.003873672531369226
31324,0.9116347607393447
134246,0.004211244006717026
31451,0.9301976778144085
133562,0.5565523859533836
31314,0.1613468942376164
36901,0.9364399519203204
136188,0.0985950242498562
32324,0.6929754057621339
35045,0.7852458283644372
134147,0.01322253878199071
33897,0.8210492991205214
134119,0.24001718108713527
130507,0.035592318603416585
131289,0.06188413774842919
30150,0.7800453068205251
35246,0.5821522759107696
134631,0.02868641022056769
136086,0.044599578075008355
136101,0.023169460634067097
136212,0.2565636128501727
131596,0.014676621989929872
30263,0.787966865435027
132057,0.0027711267810542873
130080,0.004307326069605976
31692,0.8411773057182494
136728,0.0634207710853034
134488,0.14467554567927712
130542,0.005174890495327898
34240,0.7524225048137356
33841,0.9537125459978971
34571,0.965154594837341
132329,0.8577784970855614
130084,0.0593393722371314
131263,0.00297579152099209
133584,0.06646412052609069
136847,0.19155317966122992
31476,0.9601041221217013
133081,0.23707281757439708
134927,0.8849937671064061
33448,0.8191961664437561
35500,0.9289918820206532
130976,0.02164611509704253
130679,0.08312107303241853
132347,0.01927128685262383
135464,0.011731749681856378
30046,0.957255939763344
34313,0.2203697952410058
132066,0.0045174433922290525
133930,0.39124324702705365
37333,0.9211042218678527
134129,0.4554568301223846
31293,0.9386815636181175
33679,0.9449843424397375
133501,0.15117559211384562
130391,0.23851525246330163
33339,0.8163569234244815
131106,0.019010560596484486
131309,0.08484556827019026
31800,0.8816069360916893
32955,0.6869250328731712
132377,0.3723918831662145
34722,0.8784260862552833
133726,0.005735209838268097
32476,0.9065965968811505
35139,0.9492049179078078
132655,0.5816575953890429
34658,0.7575840278384698
37116,0.8092248577611725
133782,0.33102162109646627
134118,0.026688204905583535
137445,0.6236579755524837
33612,0.8069309063555387
130635,0.13819276982221187
36995,0.9691655328984428
131395,0.022129986679161773
37426,0.7990474883272434
32380,0.9039332721894202
133225,0.005753741895113984
32320,0.946572005468553
133566,0.1175184284542776
36296,0.8491623783787926
133310,0.014957749592424938
35221,0.6962129750176995
133530,0.018949896897128157
135028,0.06277338441383151
130180,0.007794869686446637
130554,0.20164964238902847
131241,0.670607060847741
136658,0.22619230269364032
135522,0.0381967727020371
131194,0.03325597079130644
132619,0.007552945318954941
30490,0.8219060687435437
30415,0.8495530610314538
32464,0.9320718961823604
132013,0.04785177774443347
32391,0.71406794053148
36734,0.9104067029275248
133667,0.042563930034828994
36023,0.8688102513553296
134738,0.1097507136835335
133133,0.07220048483427223
136280,0.4837751749814315
35219,0.34682129485393176
34003,0.9699391166822673
35671,0.9110482582511321
31679,0.24124452296552434
30693,0.756612122508117
33769,0.9538723531091644
34338,0.9489028593778462
32234,0.8998909350605628
131442,0.8046199479258241
34089,0.90768064896981
131738,0.013524149663643712
131339,0.01862174616738388
30292,0.31984133334618914
132119,0.17232895006791574
34126,0.9472476483619472
130430,0.004108611228611472
135568,0.8989116198950219
34245,0.07382136570801981
134037,0.722056565583385
133999,0.8462369655091094
34076,0.9643050271657403
34012,0.963347541746225
33058,0.8312583377928771
130920,0.08656469657885885
133632,0.050086062719333975
132788,0.004944836877144754
36844,0.8955270361904935
136112,0.27959440084467035
37412,0.933680579310342
130689,0.04553192003482874
135221,0.03909075462466025
135561,0.3057502017733789
36352,0.9071816747682475
130355,0.28241348183322457
35073,0.9656902846269189
136013,0.013899025195604764
130247,0.007230647343851726
136108,0.5846401655763642
37391,0.8880448131188623
136978,0.10373180622832479
132587,0.06137125191173462
35050,0.21098591672616146
33798,0.9412071146927069
34913,0.8769589925391374
135804,0.015672530310750537
30942,0.9751008733976163
132468,0.3387883663969156
31933,0.9694876954749336
134046,0.23327894277746047
131232,0.0034190355580884994
35527,0.8919252473168078
131876,0.0505791817791886
30469,0.8652035819529409
30925,0.8902992159669704
32949,0.9698120171980064
131371,0.01631967392026378
136364,0.05012193502697264
35435,0.4969744587740118
32794,0.4955075165845976
135687,0.029831421203527855
134059,0.035753511534505025
36125,0.9692383512195744
132769,0.037401129063128244
132510,0.030858395619091303
35539,0.7378127948430617
37317,0.7805462291622473
31688,0.744938551131804
34451,0.2249605509827668
31693,0.9705771221007893
34104,0.8809145026772996
31107,0.9565110589342916
135694,0.9658125924821497
31279,0.9319787177132174
34421,0.9001231925135007
132424,0.05379552855848628
133249,0.1410431481171966
32598,0.9335366005699657
136465,0.016359527838062608
135525,0.003831323159394086
37285,0.9223997682706326
135659,0.023559015556774605
36338,0.8935461350692959
30338,0.9315369917573597
34027,0.7688143863436401
132564,0.1122319901837858
33660,0.5093890723527889
36581,0.9299569588290537
32375,0.9327665816649183
34368,0.9334416976840003
31939,0.7030759490188883
134173,0.05946332363319339
37047,0.9250183621651178
134537,0.031299674040783154
136039,0.0500750562358943
130552,0.013774483897237667
133633,0.3095182501933321
130083,0.07090929525569256
135159,0.34635503350240815
136137,0.045309372948497906
132413,0.26004545813682073
134718,0.12839344669451425
135618,0.006674461811141768
33204,0.9039333855171243
133885,0.32413986542291207
30644,0.9656505572325342
33321,0.8096035767845805
30171,0.9456072990312079
36220,0.5066188216222751
32730,0.9736251228766268
30875,0.8837897175588233
132533,0.030168599060342634
34509,0.9529392688582379
130369,0.0037555459370332634
132858,0.0032782641535476637
135219,0.20869094727105944
35243,0.774352678836622
31809,0.9723802443136149
136676,0.19979489845440337
32189,0.9409231718703895
31004,0.7665886689836632
37111,0.9409379423091458
135126,0.7656044401788746
136311,0.3917825233616926
133853,0.008016078383714929
135065,0.025715578001401278
132403,0.539073972020421
130643,0.5989527530921641
130548,0.11572524388442189
134053,0.015677308408795824
30563,0.9167110478910969
131135,0.06847463762739872
32888,0.7512161306257015
35900,0.862367409259764
136920,0.02518632414222563
31386,0.7740426168578275
131649,0.02234995079983335
32128,0.7638173382107126
131985,0.29380206744792
30694,0.8897230382955471
133696,0.4308522685275546
30661,0.9753147787961483
136540,0.19600931378725028
130986,0.013748548213300243
132660,0.04002741118094553
36360,0.4965171514400396
33772,0.9685032346583079
32034,0.9130495112416757
134509,0.012295703580285578
130419,0.3093082169334692
135262,0.18827524005374302
36475,0.41956820872053036
33019,0.953868577022863
135481,0.003485319417482359
132279,0.021925857991779728
30036,0.7846738688876586
32489,0.8294881638105729
30992,0.6603250137359953
135100,0.04779823625336585
31250,0.8841694700366711
133420,0.004488686129297767
36537,0.9544947537611332
30003,0.5330730987636663
134545,0.023243166937205878
32810,0.9349743246971989
34609,0.6339840020625801
135168,0.02513107991388143
35982,0.9220825384353568
33824,0.9453555947664626
33201,0.9547464348679272
34311,0.8776458434688379
30575,0.16250553298058007
136180,0.004220719216777737
137109,0.06048393283600527
130181,0.27632872958780474
31470,0.9540219933025325
33537,0.5653907394031111
136255,0.23627060473151823
137269,0.3681973098465075
31465,0.8893678713002102
30380,0.8332580629897189
134451,0.036897486352934286
34772,0.940216505349927
33477,0.9552755168839762
32243,0.9713345556238808
135319,0.4883973359158135
35256,0.8824933708370304
131262,0.6249881688077373
131255,0.5496779164096564
136872,0.4574725277676273
134876,0.01302736480649332
30076,0.9045966885170525
131276,0.0031240798219884635
134993,0.8936007610621403
31306,0.8633589487212883
130405,0.20308760686893867
136949,0.7426733206902806
35749,0.20945533378529768
32554,0.9096236828697875
33211,0.9304713712020334
33763,0.9528939286438587
34263,0.8802207547634199
31426,0.8492975413615862
132233,0.14409180967840746
36818,0.8844748707762732
32123,0.47203578510479255
135128,0.038877245289168985
132467,0.010993581419367784
133224,0.22407196933846243
133102,0.17466280056044087
137215,0.05235760994972717
30556,0.9305870828250138
33356,0.9468815671004682
136945,0.10503463605005059
132536,0.41693859282322193
32796,0.9766961035803985
134074,0.009840776710525339
31950,0.8457547283134078
133519,0.015308194285316021
35830,0.973740789044269
135302,0.011650156941143047
130105,0.1712824636658018
31508,0.9430342209571361
34926,0.9606462712322417
35178,0.8857265050890307
32153,0.9585382548068911
137132,0.28255800099948297
131381,0.09286531829171242
134281,0.0336310629689994
130706,0.2008486340289251
132375,0.10705445060036713
133690,0.00823951887764478
133068,0.32312659908606606
136587,0.050571285529320505
35917,0.9197396962159727
35318,0.9330947682810199
31841,0.19941384638924337
36906,0.7940838629855874
134316,0.004323523042373513
135394,0.0055355976955611085
33155,0.8864143642756952
35428,0.9626921119819661
131698,0.2698163501537377
35730,0.7275387229931274
134952,0.055754166240950524
135496,0.023768776389549814
135137,0.8453504512116405
132795,0.014041403284611433
131550,0.0041109268770097
131522,0.09503551080606587
134764,0.832597572685295
35992,0.9761710461533577
31665,0.5367480105846434
135769,0.03337128403747955
30429,0.9354033754650896
32596,0.7765650498491317
32387,0.2830723884465879
132092,0.018279891452171782
130598,0.7658814386361393
35288,0.6208193581749557
132469,0.011155850749318161
132109,0.7529286969359551
31062,0.8296813938612073
130366,0.011321531727422755
132020,0.22096815830451208
136647,0.10415580937100535
137005,0.7666516446597197
31039,0.9142237680207251
35261,0.9374646012407308
136235,0.005324869964702335
136060,0.004111521425460151
131565,0.02712651194023745
133866,0.04076507648021449
34899,0.9473581385047167
33907,0.8700677751702479
132076,0.020148365513472405
137108,0.009267211587276291
132137,0.1142124930780187
36791,0.2727904896637606
33038,0.9325644113302094
131422,0.015490181259876456
35999,0.9578584524149608
31803,0.9718447888790785
36262,0.6254540134103684
31064,0.7634555013000972
135970,0.2663881676425464
136484,0.047290638049282775
35373,0.9061892916741325
33075,0.878578039899205
137312,0.10764835309243577
35865,0.8594450263372879
131589,0.04082861855976501
35834,0.4912647911497018
137178,0.047540740421280384
134793,0.02926498741101071
130066,0.00334613546656708
134886,0.38479502734532184
31272,0.7440990138249526
32928,0.9616657088237459
34285,0.8731288291009978
30214,0.9680285927654644
130456,0.05847165548106988
35262,0.9593379571531201
133490,0.25428649250853164
34145,0.8484160454903148
134663,0.7109212734297969
32449,0.7995056720498301
131295,0.03995950397300939
133763,0.12133478641536566
135417,0.007752180728800552
34179,0.9509825461603706
31384,0.9572818704233506
36961,0.9059964752083813
131692,0.017720080047097582
133957,0.03140655890077801
135933,0.0619703780843483
135213,0.02811616343898623
134276,0.012819413128097517
36688,0.7883183384906607
132733,0.037674114039308364
132432,0.6013664202906083
135035,0.7280358899375698
130798,0.23632425334203302
136892,0.010377387958917593
131081,0.1323617892556997
34792,0.44293045785425306
134702,0.03146644111613654
133615,0.4410897016594258
137097,0.5168679613342427
130085,0.6825869982702301
130420,0.1268035876774312
32021,0.7511011043913742
133459,0.686799823413095
137139,0.22516006999109395
35988,0.9282176600082348
135629,0.009402257107311122
135749,0.13836021498860462
31492,0.9342598485490634
31541,0.6965491579608271
33885,0.9434004584472331
30537,0.9697413965530883
30327,0.9539270679229646
136774,0.009621799344289013
35951,0.5662412798213075
31014,0.548558389011712
36868,0.6435061525372556
132768,0.018647138945595366
35275,0.8954919554397938
31225,0.9312736172306582
134605,0.00945648700592339
133408,0.0443751537161727
35215,0.7667101522618369
132081,0.061252198186321494
35954,0.9658700537295641
31190,0.9269928702930141
133569,0.37477964209073283
136842,0.004798809825598674
135112,0.09554014257541715
30379,0.13024347665205685
135000,0.13542652470104738
37375,0.8789126580568692
136576,0.1423003024442296
130120,0.7773219028677594
31208,0.9516899926977366
136997,0.22754441488324514
37475,0.9131860816336566
135321,0.01732603013126986
36703,0.8799528157886329
35798,0.6980876190660439
137028,0.01578801913583285
33805,0.8808706822168285
36065,0.8945802284157749
34023,0.9590951419723013
35087,0.8650913682658514
34807,0.9557699954347385
35903,0.9242774953788913
130388,0.771657535150861
35521,0.7620882718698709
35673,0.44738773180570485
135546,0.005191646465733644
133619,0.0037808340007954074
137241,0.5726905202009184
136041,0.06960713118716341
35522,0.6679696761864857
33843,0.5206591506329751
36500,0.9810617804490768
34009,0.8211587581400346
30020,0.8299542229372336
30372,0.879869714939039
36885,0.8816890053750543
134877,0.40310171975170284
34568,0.2725097525743323
130684,0.22317383608788027
35254,0.9706103644475825
136657,0.039948019777343705
132871,0.026718277832343408
136633,0.011454344117161081
131546,0.007622549755932245
37273,0.7804441311440431
130390,0.0028988324115050562
32191,0.8480412077992692
135973,0.3351117027897035
135625,0.01132893124980755
30962,0.8370281691711983
130681,0.8672520308014343
30416,0.8221466815995526
130417,0.07029099705094508
136632,0.023081559989422684
134194,0.017799709443496185
32791,0.8804263848685797
35925,0.9768539547351851
35908,0.9197216937263666
133241,0.4400205533958803
32065,0.9551470666025667
35634,0.7421695274648432
131913,0.8978756992127533
31444,0.897466244463077
136653,0.7538362674143768
134579,0.006728873086379322
34001,0.928328938537865
35635,0.9446474586138192
131874,0.3765479923653672
35026,0.9589278564769651
34419,0.9476906954991708
130527,0.00535088525203836
130484,0.0300404965060927
31343,0.7541678798664697
137130,0.2567093881452026
34492,0.26651160838725646
130226,0.13519333406179612
34896,0.9323478065080337
30927,0.8433695590695349
32795,0.9229382701889337
31239,0.848554418307199
30652,0.8849872991259798
134715,0.15815443371996418
32507,0.909713315847753
35009,0.749395143254472
136285,0.08386753381287418
135410,0.008973028508087646
32106,0.5055547375073051
134691,0.054908747582459574
31826,0.9641763827410554
31600,0.8666814412466252
134549,0.007686225101417754
35810,0.82608864264147
30582,0.8894123728115132
135628,0.04507946469414636
137355,0.008876872630386619
36891,0.8800925474621101
35930,0.8311353951678602
132753,0.12383477224812056
33964,0.9498134469157999
32993,0.9765429915281106
134361,0.8016424101144558
136795,0.03477877518896579
130683,0.0034615074108380155
32828,0.7637208935695128
132659,0.3579463075394773
136619,0.3950037249617359
133292,0.23670683371367474
136659,0.004291264557291052
36931,0.7896259281506955
36048,0.7415081128693948
135174,0.08737526710408436
130632,0.041932892555928664
134453,0.13052250027972423
132261,0.031351227983686315
134684,0.007765953186422068
136897,0.23550796638010563
136930,0.14376882716565811
34351,0.9133591161874478
31731,0.1297620593767964
133527,0.9223279777395441
132991,0.02124910841081203
30140,0.7588349608154716
131891,0.00488704740472635
35361,0.9393016062591828
30771,0.9791140487083297
35202,0.6725113790971615
34176,0.9406105524586842
132531,0.6700983304726223
31191,0.8645841046202435
137209,0.0385386467057666
131231,0.21101951995991108
36244,0.8712600600549558
32374,0.9536747901483853
134430,0.4254811472350386
133708,0.09483048349484605
34194,0.7646731308847041
36366,0.9039189873422981
132382,0.030046654158068113
135689,0.7745600702122444
137446,0.18238063068814625
34778,0.3670112394103896
36657,0.728984013541609
32147,0.6834528635005113
37492,0.9587533679784047
35516,0.23258017375097098
35598,0.9003579492417445
35558,0.25819165349531165
135044,0.007526708491121108
133429,0.006128297362267308
133233,0.7006623434583223
134374,0.036259915240942374
134395,0.17471610711781826
131778,0.19769632541145865
31152,0.9646251251783631
32430,0.9097601724704436
137399,0.010433736239317048
133654,0.10594350498938623
31723,0.9444810017369291
34035,0.8639969790775412
33433,0.9017004879874913
130383,0.8791146946946697
33462,0.32964762581098894
37059,0.875882116336371
135898,0.1368274143973202
34969,0.7681015952505915
132955,0.8245386121174518
132189,0.03378556040349992
133572,0.6250522507980631
131352,0.11562494213760091
135087,0.07204479988159858
37450,0.9508958226224501
30939,0.641005836192478
133825,0.0051100861405352725
36292,0.621235995950921
134362,0.019363922239734495
135335,0.13230356039815014
30728,0.792182039562525
130943,0.00470085816980891
32142,0.9573851008920167
35731,0.8528779015191061
130106,0.06526161300539138
131423,0.025042345113607686
136604,0.024692988035552633
133657,0.005383813856844378
136189,0.09184940268095923
36044,0.7683455094669214
134004,0.012117530105374827
136421,0.049137196647298875
134342,0.05494472210128967
36693,0.9268825656280519
30374,0.965455995323354
31042,0.6464995340429278
36811,0.9694795319743523
134637,0.68340025486977
33392,0.8206340836484107
134192,0.8231953530007993
34149,0.7374426071066187
31765,0.6590301535486495
136869,0.061939832072385716
131669,0.5299302856143124
133368,0.44764656064179575
136520,0.1826166160516755
136564,0.029883655396833728
37172,0.7099226698118191
130171,0.004335174966415662
133206,0.028799341655101937
30545,0.9599735308791004
137250,0.29742557633833655
33129,0.9146554864585575
130829,0.010510898307804583
32356,0.8848198808548795
37486,0.8763150992979767
31090,0.902475916981468
37217,0.9218534155525218
133247,0.22654026448739678
31930,0.8455026548867174
132590,0.02691272680817928
31163,0.8074528694920696
30182,0.8828079268191964
34054,0.9653509177624979
134774,0.002941993104823959
130486,0.5451602587453775
135257,0.3612537148449506
35449,0.8007556712926348
131264,0.39023139225874437
134024,0.03165222668400063
31109,0.9394470454242936
133509,0.15439720620562036
33664,0.9756109973053985
30961,0.9366828954657441
136143,0.031158830962553796
136803,0.0074111621368449475
36833,0.8767941598530291
135115,0.015996690088950903
31008,0.8627438478745926
137320,0.06881320053297285
36480,0.6243063400650799
132182,0.2535629765798662
33263,0.9248685385731906
35648,0.970476594375984
136750,0.020858756867476583
31391,0.8758365523859231
30688,0.9801051067710607
134221,0.010266541886806053
34832,0.9154402062187724
135205,0.004580370348017932
135350,0.016312644420255453
31399,0.9687805554267374
137123,0.4328294789310513
132945,0.2697693101035876
31667,0.9741157044553501
30934,0.959552222760577
130690,0.05589804737007032
33273,0.8942917920935948
135972,0.08658155251476322
134750,0.0038993371577757644
131776,0.30851475722789057
32510,0.8848738931493806
36470,0.9720338167315494
133881,0.8503467959946086
32221,0.9678952039251936
134217,0.8222177039713111
136876,0.008464018068098416
135499,0.0038371925375615097
130114,0.17954492829465896
130013,0.22117535643002956
136336,0.2419273556464797
136303,0.011882992029463305
31266,0.6664452893433208
136485,0.25730012340872793
133644,0.003961876176252426
34233,0.9141586986124555
30396,0.7573816992061287
135892,0.0037279083452480847
136357,0.16177992396921714
30430,0.179815241237185
130892,0.06493354940175258
36583,0.9138328039446352
133106,0.013024228412012508
136806,0.07224204874788978
35357,0.9567488044887784
36775,0.9640554532499988
135285,0.08961328114561752
136866,0.09739745296863027
37390,0.6420233762990153
135269,0.09644290357813012
31017,0.7292472487441721
32568,0.7857279547442272
32001,0.9424541912565787
33848,0.9634199851257412
37201,0.9414736332556487
30747,0.910859609511744
30669,0.9600277677266056
137138,0.008559613033613307
30483,0.9282672015287026
35293,0.6032537378130096
30720,0.9505088769702149
130387,0.041567629669979705
32467,0.9756246373254736
134380,0.4692004393969803
131590,0.342708739748244
137414,0.0026722061536502686
134264,0.027879333694185944
136313,0.00954979038406716
35814,0.9261992944632254
35070,0.9415948963385554
131488,0.0131569575259609
136695,0.1368516852970829
137469,0.09943527917756827
31638,0.9161579003448336
33108,0.8751010709030006
135701,0.04764687596054748
136354,0.0748546425329191
32479,0.892092192218881
136342,0.0205139751511008
135460,0.008632399001146257
131388,0.1234138771796457
135406,0.009923718851454832
31783,0.9464146084027356
135071,0.795030718649075
31978,0.9689478268677825
133288,0.2631311116142812
132909,0.8631345382853296
34439,0.8683078049222116
137030,0.02526920848382533
131117,0.13111162742229115
33389,0.9488594219650738
32459,0.9289198435664061
33531,0.7175099265675253
35217,0.8863379947224328
34591,0.343640124579452
133197,0.013880794520293241
32700,0.6438581015007996
35274,0.86992594548918
130020,0.7904767416581138
135465,0.13110323583781436
137001,0.011513999950060534
134576,0.007486319246303136
131095,0.486971261521106
130011,0.17806540685567218
31068,0.03966177438443921
133897,0.005248210818140855
137047,0.259710126280632
135670,0.44625274407634796
30834,0.19397207013883122
36821,0.72087916439505
137118,0.12623847788704834
132438,0.019432488310552404
31687,0.826263431181054
136622,0.20418495216111224
130828,0.029773935228568547
132971,0.9597576518758618
132497,0.10211230944756824
32723,0.9680379572335361
130781,0.00477113509150302
136801,0.02640964674243594
33750,0.793706102186208
130300,0.003442922133834744
137220,0.5323234069413967
34021,0.407224764667534
30392,0.7507103758190303
132310,0.46402981569212864
33253,0.3935163752870813
37054,0.5120238032247265
34100,0.8111494966832956
34879,0.9632010439174717
34809,0.9481623440246569
136068,0.11373866240988746
133357,0.0071596703452485085
131034,0.5726280365372416
36856,0.9344325396037535
33703,0.9085724636268641
32398,0.7545260438147663
130404,0.19238292412774696
136206,0.35643369005738096
37332,0.32849175490958493
135209,0.06647393028347907
136430,0.03934785346240791
31119,0.7610843611852872
36356,0.8347957171464317
36131,0.9583811419775043
135515,0.023135835966610993
33883,0.5350460638992128
32103,0.9168612246067275
131619,0.006080870205461542
132322,0.9442781129435057
131199,0.009012186161856662
137327,0.0031852365802979496
136909,0.3923629201585613
133211,0.18207293410610167
135318,0.06675867282087722
133165,0.0025781133917987505
31792,0.9775111951483809
137339,0.4230832226613213
134719,0.6313946131554378
130921,0.14190253795795635
34174,0.8587783812280806
135237,0.3286829866578452
133150,0.005404713616586886
36301,0.9327567782757087
35367,0.4889935786266284
34046,0.8387559774332605
35653,0.846648670932828
133469,0.10665230196043246
136570,0.026502841915848282
137467,0.07343041924136609
132046,0.002545981000249161
36921,0.9563388256941988
135725,0.4454779592898245
133743,0.01553071544221549
30179,0.9700606236989093
34288,0.8743850662578916
37264,0.9608763910195173
33717,0.9718350373804656
136381,0.010406877561397333
37219,0.6950289407066985
32571,0.889196896973054
130957,0.8716698748399129
136185,0.8159900158434146
131573,0.012418625041174879
36784,0.8729053830525229
33958,0.8366657580678745
30514,0.8863423387448621
35443,0.9598220220281729
135255,0.043538380734843604
33040,0.8038514509809049
30220,0.5476421900327143
34861,0.9683647807873865
134790,0.11928373974759943
31707,0.9027847568547624
36880,0.8338065386710889
136230,0.22445475982335175
34323,0.9527949544853125
132734,0.6775786489103052
132830,0.014550381987051667
134717,0.03385567386037824
130839,0.019913697076275123
130520,0.01891157644365743
32559,0.193910064881822
33383,0.9524569097558694
131479,0.0735592742745069
36180,0.9566121409230398
32062,0.7929845288063152
30126,0.952675173810007
136356,0.009920044414091186
31144,0.8189269406051585
137443,0.05325829738780295
131542,0.05046138035265629
33022,0.9381051987490764
136727,0.028623283038757257
134786,0.8559528299453301
132979,0.009047660613806394
132176,0.025112397093151627
136177,0.005707355763508861
32566,0.7635929768495203
35866,0.5137300731164645
130169,0.17013739481984674
32974,0.9331469490590227
133976,0.08805894966798533
32547,0.9599522080319706
34902,0.7820320793166264
133714,0.07211470386688526
136683,0.015887849619647603
132318,0.5281628537314741
132350,0.25091433141894454
31551,0.8587319422650631
131327,0.00302365759888545
32368,0.934916094555179
132668,0.15836921967521286
35108,0.40283371797396744
34672,0.567735196734509
134332,0.006377699884331527
135723,0.0032370318883456406
37218,0.8647739915002326
35371,0.8385975361457718
32942,0.7910655091794998
130555,0.003485323215972779
37037,0.6172329519572768
31015,0.8407290705092074
30033,0.9475286378040648
31919,0.2081404251554068
130107,0.25440659113980535
131959,0.32998277599559755
32299,0.9054176623084369
32419,0.920036771508787
37069,0.38421415200380127
132809,0.004174024302818816
30673,0.3648633144510649
33364,0.879434433392295
135841,0.029865601781128934
33198,0.9502995616552711
34712,0.9532492199036314
135877,0.013659843042553785
33899,0.6811137980843123
134520,0.22916728983945733
131476,0.005791150040621087
131115,0.7666516446597197
32815,0.21155061115857804
33891,0.9241244613717587
32763,0.9433670849473904
34967,0.8910266145577596
32927,0.9555249537416036
37205,0.892525758846411
36005,0.8965550209390378
130030,0.3234316207965934
33142,0.7343373994062659
135732,0.7711687042495056
33725,0.9722195114691881
131558,0.03421581719977541
132312,0.002950413223434157
30256,0.7765172778674341
34914,0.6100160517828566
36884,0.8866386494353803
33521,0.48642285020298126
132876,0.0032327874815688976
135019,0.0368183356974985
34467,0.737531441614939
136660,0.8948202689979698
136076,0.06708472651682061
31464,0.8076703503322823
132225,0.18624362618772575
134615,0.24613238248746758
133910,0.015328382149565624
136811,0.17330802216357358
33707,0.9148243338216052
31898,0.8491191819564193
134593,0.006013131228428968
32884,0.8988194490052364
36700,0.8871101934692315
134104,0.3123976485964502
135483,0.004533904803317667
132906,0.008141839373051607
34810,0.9589863138610151
36835,0.9146222604265457
37456,0.9341192423829145
35225,0.9248301420399204
31583,0.9107822567397945
131342,0.10089467654997039
36059,0.9388994446282902
37479,0.670737083373551
132217,0.00913315873692642
32601,0.9130275765781728
32980,0.38053039299039493
131929,0.004946820068994798
134146,0.13878390138292374
136732,0.08939929618076976
135473,0.044882535992703504
133347,0.24770864392233888
132034,0.6051841075679701
32518,0.8861463496514064
32362,0.9194329630989067
31128,0.7020305886944952
34166,0.9104574268267482
133296,0.04253683717108151
131038,0.00667640913553829
132907,0.7109167018309929
136471,0.6717724516837825
135452,0.9131034423119376
34608,0.8520030919927996
137077,0.02655769897119969
134745,0.10078002942161265
130749,0.7961979116471317
31949,0.9118311835150266
33741,0.97561266360506
136681,0.7200230751692149
131784,0.8577784970855614
135609,0.014725786528354816
136277,0.2719739812646639
31811,0.9476464272094497
135139,0.9743592835733177
135490,0.43921030852403986
134511,0.016600133891701684
34996,0.8923967694321975
30926,0.31814496229555866
130562,0.007472333580872993
137214,0.39534600108564666
30515,0.9566649157213869
37474,0.9352635540259642
131100,0.06241609227730868
134784,0.004040417065186154
31989,0.8985813495438151
136294,0.039102526574219934
33409,0.8227111767777233
31287,0.8840193734661024
135057,0.05128671436684469
137368,0.7480867592874996
36452,0.9641737978150839
36689,0.8970530789566497
36198,0.736911205232581
133123,0.0041128898471949615
37413,0.9474989790450612
32485,0.8329124042035961
34567,0.9386092679145686
132125,0.017295789445891187
130463,0.019920711743624708
130843,0.0532120257227411
136447,0.004734265638363721
30105,0.9185962137184487
135696,0.5069466964040825
36839,0.9470194207715246
134736,0.006004997167534143
135635,0.0793615153427204
135092,0.09780324106336338
136935,0.003256853549466894
33033,0.9309945164926822
137441,0.31770240420964735
34050,0.7512210197395806
136783,0.0043773578931760385
35764,0.9731532971253778
137116,0.07450176753681487
34739,0.388376453680473
36056,0.9674495102291966
35540,0.9625600620570918
33264,0.8738920928366466
36227,0.950951812006865
36071,0.9417505183839985
36187,0.9416905778850158
133389,0.7700340574231542
36391,0.9125950923209802
135212,0.0376537888357817
35931,0.8158293562990874
132070,0.0039796814731166055
35561,0.9760887919731907
33799,0.8716116377334964
32873,0.609785454870106
136403,0.022872735576097945
37354,0.9737971438280953
137363,0.016407446045569273
133478,0.1887000998078927
36847,0.8345074580908298
33400,0.28373649450685606
32311,0.4546103733667466
135904,0.24683367258452218
33713,0.47857344853532996
34629,0.8818960183012492
32204,0.8654124852209709
131389,0.7130521692058955
37350,0.7733156663240022
131078,0.3137639569570181
36022,0.6555426416192707
134106,0.33881693424422815
134200,0.5086192641712365
31186,0.6990050373215199
33596,0.8412865561087934
31908,0.9166419460163626
31851,0.6416250728678563
37104,0.9237258658166396
33499,0.9292403518748562
132437,0.1514440394338044
134866,0.5927501998185922
134333,0.2199206630489961
33574,0.8138123317462463
136710,0.14835122119646843
136626,0.019377891712066754
34265,0.821009352769792
34518,0.9560404939191964
137053,0.08962771035898981
132759,0.014164445060322734
34999,0.9417176074258229
37261,0.9527894034795339
135617,0.6512720702099055
30029,0.9743252107538447
131621,0.15514722838614795
30727,0.9619212753282943
134143,0.013897409058334162
37414,0.9690773332671296
135796,0.03729219194399589
31552,0.9331299380285836
30642,0.8738791879692387
31410,0.6366476802434647
131562,0.18923829054666227
136302,0.004368213640262108
132053,0.12335459103189202
132992,0.0031762189413427227
134656,0.016328029359320703
35585,0.9187467782457822
33743,0.8368858422897147
37122,0.950601024882028
31764,0.38842222376894997
130302,0.280216650814295
36132,0.9691905207149063
133394,0.7202388816530721
130707,0.03025265265703512
34877,0.9522202756585976
133614,0.012987336981610403
136599,0.05530805116290567
31641,0.9203327601369125
36587,0.7053755188003682
135778,0.251591004242078
35169,0.9472514934583942
31614,0.595221215338354
135731,0.8945496756201614
133688,0.1521340158595096
35132,0.861887061740204
35415,0.9260241285176767
135385,0.053738772371891286
34473,0.61137515782811
31696,0.6138188964986058
132112,0.006625634189448143
133348,0.11843871971347686
131677,0.042732890167755166
30451,0.9320629067184052
133203,0.2497768777083775
133842,0.10965510576349198
134594,0.007323159897199132
31763,0.969264397812128
134902,0.6895468534050632
135992,0.0038573177159988217
135059,0.003392187030505545
30056,0.171199477350826
134204,0.00864643581854206
132433,0.20456096486677128
131835,0.042312836267582296
130299,0.12322115432152234
30869,0.8975128757058068
34319,0.7545105826235388
31421,0.7860801974211942
130906,0.08216214041693888
130496,0.022879736545109768
36932,0.7668820990205519
131122,0.03442839992921839
133929,0.015118505085698704
132465,0.04947555375242077
34513,0.9628901386861561
134277,0.030470280650556014
35861,0.842873979130485
131328,0.8244278601162127
131911,0.1013490990873843
134898,0.6028712698515466
130378,0.039942646594766214
133813,0.05186533056198248
34195,0.6406664570018261
35515,0.6552844392593662
136964,0.03290677884908202
32200,0.7390911255385154
136522,0.3163867443215827
132599,0.7246319535977033
37080,0.9472041828958598
137159,0.06700039012110365
136794,0.24388865976903848
37396,0.47627586041363323
137298,0.004254907928291349
130003,0.8578824489450666
33877,0.9782552587105425
30457,0.7193072915040671
131253,0.009077496417310624
135006,0.35651166603026635
132781,0.27536532180337026
34714,0.05394580714773267
36277,0.7725819806401875
32797,0.7792019692359631
30049,0.8599732485384358
134345,0.0041644877985274
31048,0.9654837698990741
134854,0.05158185430354417
132678,0.7354377217068675
31567,0.8513651259294537
136139,0.018969045943948867
33095,0.8310065170467684
132591,0.014251219508461406
30744,0.8168828951589315
36019,0.9431647060083538
137336,0.023581390361143043
133321,0.0036337233861051563
31149,0.7654321854775197
30228,0.9340536561016355
131324,0.4161890555206693
133698,0.010935066193377734
37437,0.9231158426710295
34353,0.6935463439645193
30358,0.8947581248322706
134188,0.05732451919318327
31865,0.8246380388026722
33756,0.9566307467755786
130455,0.09309485980490502
137162,0.5747703686383941
35568,0.9537504363108235
130469,0.11006599526281648
136118,0.6686296552590828
136568,0.006642228403610119
135753,0.04743485506021033
30929,0.816859357694423
36104,0.17713434708331352
136907,0.08517146795391692
34515,0.7894389320690927
33924,0.9303375303459427
32297,0.9222475657729718
36540,0.8852347102229502
136827,0.02515897247097952
31022,0.9421069139080573
36068,0.13418423299065696
135453,0.0798143904430495
34484,0.9682698340927263
133799,0.1152181871540926
133758,0.009899120465648677
35432,0.9536463002455804
131118,0.2028781967715005
134066,0.05506939084160867
30018,0.7700013905189985
30630,0.12184127454613022
36827,0.9606051720030305
35921,0.829822807984999
34198,0.8590202545463302
35128,0.9290100115633942
135808,0.6541544362732155
130697,0.04260961316849233
131291,0.014792540658915342
35563,0.9496499228017216
34343,0.9158093004028851
130292,0.029035053684277043
132765,0.0323931735651361
136198,0.47043206932565457
134128,0.10923940805112066
132785,0.5066277961586443
135956,0.01237030238342614
32472,0.44452242648596874
37498,0.10200378574041874
130830,0.1647128869647381
34713,0.6907831661830343
130740,0.5250941929557869
32192,0.9286703573128212
133344,0.22908848135977775
131079,0.020735222002470084
31617,0.8890559430798616
134116,0.43368360796084243
131728,0.008987940095466008
30129,0.9408170422335633
131614,0.4956086948882043
134115,0.10888047541287542
37342,0.7972622485875951
31237,0.9085115942572118
36040,0.9418487217949711
36913,0.882759234843584
136246,0.18618268360675153
32447,0.8587959864187917
34182,0.9138109773752782
133305,0.005054271112332247
33088,0.9523934154386384
32218,0.8123542802334244
130898,0.8179938072040861
133219,0.054426867242897706
136389,0.2563314459575249
130356,0.052806240283877794
30231,0.9428411853187144
136940,0.006909040999204699
136002,0.021609213192437554
133975,0.0735574380903886
130602,0.016796735114103664
35835,0.7849356919325955
35725,0.8071039999844276
32025,0.35767405101037064
37002,0.9157171361327141
135532,0.675183378439538
133849,0.03868123979634578
131881,0.03466693537722356
35958,0.9532198356991194
32360,0.7411923298383571
31982,0.5798345719447411
132963,0.6207727956875319
35876,0.917441579498251
32359,0.9336426801924242
130547,0.018327806766465605
32582,0.8979715281767638
132010,0.7449356839023662
30086,0.8387681398953466
34443,0.9427192649508664
36796,0.9172015783503153
132303,0.030788749692993955
36383,0.8889021058316414
136664,0.09928419732352362
133834,0.020113796059032792
134392,0.06485090817495419
136417,0.0017663597732562207
36731,0.46095878298990756
32830,0.7980946118094031
32910,0.8934272060992503
130082,0.027407547642817102
135003,0.29564119499343344
136668,0.10636787458706573
30549,0.1579803706251198
130713,0.713968032861579
133932,0.003630780594678931
134178,0.5811678202053755
136021,0.01632548312928173
33619,0.7632745896010947
35444,0.9342693647965113
130194,0.0030866669915280563
34123,0.8917413122779042
133952,0.011366836090723836
31529,0.9614851918304187
133507,0.009480909169453045
36490,0.8982322598009576
132604,0.0029581506133816867
134920,0.772442138773901
135005,0.911479347175241
134125,0.15493561944711573
36113,0.7311251800127082
34127,0.2633377094107219
134906,0.5890040337427747
130185,0.8260293692646442
34949,0.8617632279275995
136147,0.15124951372590043
37006,0.8748349726813633
136583,0.34468970101568197
31469,0.9146565041566349
133317,0.022034817239526976
30297,0.972966369963289
33419,0.8145917720425924
34395,0.9299752456076311
133400,0.005432531502661416
35602,0.975336255844635
31520,0.8696449165180911
130128,0.022279042461965454
131399,0.026404157152379183
135512,0.019371664264439988
35520,0.8075012311816745
30739,0.7090300735636713
33213,0.8838939810619018
136745,0.1136327348965548
36251,0.9661411551884704
34420,0.9740266204287089
136214,0.39786947878404005
34610,0.5366877153986821
30753,0.9604712551224693
132965,0.5099856485275341
31007,0.9667640655138388
30936,0.9758845937631535
132482,0.04905644832532126
37481,0.9616758131058558
34103,0.933264923040393
135913,0.17643690123214145
36425,0.49719010738825054
32130,0.5023489096353884
137307,0.8250094580550498
30186,0.8945005286384631
134779,0.0038688866324257
31779,0.8089375529117497
135015,0.012033609656948763
34817,0.9745870093006421
30189,0.8791116855498511
137435,0.511778761153457
31248,0.8068941775241548
36558,0.9661707498860274
134959,0.0063036411965332355
137203,0.015118774485376537
34356,0.4485527152153493
130503,0.012839915204349952
132954,0.10590054107605651
133852,0.39929665701928835
33319,0.9541311767013056
30964,0.8464250022139921
32168,0.9523739023425924
37310,0.8490476020872838
35809,0.9051088065213337
132980,0.020178355855567296
34449,0.9660244531771129
130569,0.008647831143077067
134900,0.5840463476427282
131705,0.18430390865919039
137226,0.03936134899192112
35007,0.7264072969029093
35717,0.9640192696395741
34520,0.889605196911599
133057,0.07434576815759843
131529,0.1658700735185824
137490,0.7665941208760553
131749,0.36422426699306865
137012,0.4309853058362402
137489,0.7106751271823628
33613,0.8029079440782817
34924,0.7716593708835365
132052,0.6369503421183028
135063,0.08315784337781622
135195,0.11909678420099812
36084,0.7061685546682117
33016,0.8312358342915349
32643,0.9436251506704365
130757,0.8245166573265162
133678,0.03327812985783547
131072,0.09441276246054268
36665,0.8608238778849657
134383,0.048490089920157825
133231,0.05229341339997103
30990,0.9152526766573137
33719,0.959499993713048
30472,0.7671762307812702
32455,0.9717826684175113
36299,0.95337182262743
133997,0.28938773592326744
30350,0.9514153884877453
135621,0.03412330102807624
34286,0.8940411330178564
34242,0.7471282748273259
32457,0.9642855864231947
137366,0.7771575964099801
137381,0.9298798217918295
34825,0.914346796627323
36819,0.5778683659245707
135927,0.018801030839592253
133376,0.08412172013215255
133768,0.020356488981131834
32941,0.9617389890823239
133328,0.022556260399964147
30583,0.9813189826526756
32420,0.92142453326905
30403,0.7132189435624908
130215,0.028442978835917825
33359,0.9551848405058954
33292,0.2572569029399293
31263,0.8904244148885034
31618,0.9671549214073856
136742,0.04746620024057198
34635,0.8917588901883068
132059,0.09490444014745637
131013,0.49945042244949645
135982,0.013842457370981779
131653,0.01855582711695797
133077,0.6026251753351628
132883,0.3026772347434119
134518,0.10873148838994114
30854,0.9236039005959545
130268,0.3178530111649271
36974,0.8349947972345813
133104,0.021976061849405593
33913,0.8199600537538417
135811,0.046697552723306765
134971,0.749173324186686
130476,0.06226331854353214
137213,0.10636943088658937
33791,0.9516941851312419
132257,0.05560202538108714
132839,0.009856775459356946
134145,0.006467820250141148
131029,0.261977349114199
136318,0.002749941923435123
36047,0.9711117700858493
132287,0.8966702854709068
135577,0.21574092023749125
134946,0.12080736145535634
36673,0.8518507990784688
135798,0.18317622107151937
36136,0.9298423345923948
35504,0.8730956695412526
35413,0.8890376728135605
36530,0.808764170835991
34318,0.9202006412770327
34727,0.9513097485404477
136618,0.08542904160413953
134581,0.027884712348798434
132717,0.06621253984606532
133545,0.2378834453833868
132074,0.008391963646393948
130936,0.12108487220311177
34460,0.824891022585316
31820,0.48893865326687624
132526,0.0375647130815349
30736,0.9713144804918458
135560,0.13674001228350438
136340,0.007693999739601295
32996,0.9318217596258269
34799,0.9418453080889939
132926,0.1753055809366428
133307,0.08204386943377028
131786,0.007997654724755684
30553,0.7433877921674785
133386,0.0036894072341074895
133359,0.39373890269842693
134838,0.027465719180370697
33102,0.925084329669741
35096,0.7891838666670259
131111,0.16333776904587882
132924,0.1444749263354209
37441,0.9513960791683258
37274,0.8252795147443563
31998,0.5689586490187691
130124,0.7148007875172518
35773,0.6538106121774288
32577,0.7912156382219632
31839,0.18525815773595306
37145,0.8328528913778264
133407,0.08876500020769797
37281,0.5948327289505739
131494,0.05174211031008507
132229,0.0406044624880877
137375,0.002315812161918349
135315,0.032841531947817124
31547,0.7127359198358431
137134,0.872490779823947
33262,0.7767832414735932
33390,0.9693857734196125
136366,0.014986662751761907
33693,0.5759224624678991
136594,0.03696407164865808
35519,0.9448334552798165
137364,0.12378112701494869
136159,0.5530399612636934
134805,0.70236184566863
35995,0.24491703030317977
131601,0.1435162155823188
31116,0.7954844448721391
30608,0.745374125232091
130767,0.0038343125581435447
137102,0.6726196189665312
130534,0.003517607693739318
35780,0.9475785892783234
36483,0.6125449837888461
33012,0.8898072842534999
136591,0.027049300114628836
135703,0.04801322727043232
35394,0.13422020620847455
136793,0.4152598067981689
130457,0.16720652319951762
30531,0.37531298760133947
137225,0.017992659394684207
134707,0.06798688066979366
34018,0.5583104729268388
33167,0.8842593290107572
136095,0.014003189210250285
137160,0.004529063770547895
137296,0.7911534896122391
130025,0.014785406546432617
134341,0.003021625012522667
136596,0.6169078071011067
136057,0.304283739241438
34818,0.9009681480639524
134909,0.059435421741639696
134961,0.015261058063009534
130374,0.1650998701333692
32040,0.9392484327004029
131890,0.3466593424991502
36103,0.9096163774931911
30315,0.6096571125508824
36498,0.8978368336336987
131873,0.06809081495582085
31099,0.38422651220150583
131615,0.04022668320377056
135377,0.21802645548427932
133153,0.003564610851884109
136684,0.013942346013096022
36053,0.9387647450147535
30009,0.9220769850026278
36497,0.30365308402378005
35211,0.9423251110044317
35882,0.11882288905264105
34204,0.9639191626566406
31418,0.8999142131092669
31118,0.9435131790422966
36676,0.8821426572284806
132635,0.026127168780766562
33298,0.9558925757749466
131057,0.11088202675985759
130183,0.0032840194399474344
137233,0.06483727411638215
31671,0.949204595515045
131237,0.2366071188004431
132396,0.0049676294309312485
136849,0.0780600964467929
31845,0.6837280241867846
133694,0.6071630362731384
30023,0.9057947134922328
33218,0.8721895593691176
31789,0.9540282207459145
34526,0.9179788287975652
33925,0.9127072485052987
31906,0.4498171138512688
31610,0.8554341247649045
131548,0.20360588052969927
134880,0.06046731273805807
31722,0.2839683254481968
133946,0.006413847600922969
32242,0.7065863110175895
36308,0.8610035941855262
133096,0.06660816453851783
33787,0.8963144776703031
135309,0.021294781841877834
37084,0.8842591066078356
32450,0.6180466652323406
36762,0.9256167683997816
31424,0.9017039706248585
130178,0.2857567337933821
135455,0.46690553991127015
35277,0.8088052657326417
130583,0.030094293905514068
37226,0.5293225752730665
132958,0.6847733759652284
134229,0.13163414969767528
35489,0.18086353100398958
32879,0.9337287752373338
133908,0.1560209988339961
36332,0.8710675795764624
131018,0.6392567347144567
30445,0.8392541817768309
134570,0.009678588594423734
36855,0.47605123190827064
130272,0.743431306866538
32193,0.9372636747914492
133860,0.23183576894819952
135116,0.03796389306016962
36041,0.9222911938141786
137183,0.15242284926173943
135613,0.4091650709601714
33991,0.9442871282217324
35476,0.92216510879113
133677,0.5923787932100404
131458,0.007129984627408825
130347,0.03672040214317368
33986,0.9665716573975056
35886,0.5491914174790812
130468,0.03576849177591782
36842,0.9570289946111562
33962,0.8264267660042015
36272,0.8044881380703843
136353,0.0033998983720228693
32131,0.9136244455599435
35729,0.7578723073000102
133845,0.050416720186182595
34884,0.9657275853598165
134013,0.007950039174557768
37009,0.7185477871751055
130538,0.27207075513512813
131156,0.0036286819386845155
130864,0.08401730947355382
36428,0.885013898570505
130818,0.01988076407691226
30489,0.9739285869101246
32611,0.9619749005277064
136792,0.012785528343885862
134261,0.011709046986755211
137477,0.2607867706110067
132439,0.007061224269370508
130793,0.7555868271427065
32653,0.2532706980018135
130964,0.018099028747761935
34563,0.870408520736941
35005,0.9597051762057618
31222,0.9143980753888955
36416,0.28210389002811703
34787,0.9608339465510289
31442,0.4870956175272157
131016,0.144507071947229
135200,0.2483027982096489
31226,0.8889629751261997
33815,0.9010301724343402
34251,0.954237293312488
135797,0.40325832466596284
132827,0.5504157187753138
137025,0.02203058694296567
30021,0.9459988427414112
31458,0.9359480575432362
134532,0.0035268440100705177
137073,0.8222198472573886
136289,0.6727335118624754
137384,0.011144367200230213
30407,0.890717804955917
36720,0.9683105114723091
32908,0.9452410256831439
35594,0.913261980805363
136552,0.010968990411087953
33461,0.9267934282646343
136492,0.1137149424598089
130505,0.02781512164823004
131351,0.00561891768531012
32116,0.8904959518066061
30888,0.9775098285279995
30755,0.8837922595833566
30316,0.15610883212680035
33429,0.550815626656624
131007,0.06513919381299893
31985,0.9313555109489355
136376,0.01824846607335142
30978,0.7799936577438832
136030,0.9245270864945571
34841,0.7825015353977494
36954,0.7625646709497595
36787,0.7165517723315751
31575,0.8635981140787877
136607,0.0036396559401613918
131183,0.09481714556380616
136395,0.3202786092053916
34907,0.40121454823315605
30217,0.16693972023188983
35420,0.9597294217068104
132447,0.5707821164703218
32343,0.7855840960103946
30266,0.904277380358457
31395,0.5998061402329959
33335,0.8565680473448266
133956,0.14856133654961018
32055,0.9616672533181203
135964,0.020048882506584015
35242,0.9502254953816236
131293,0.33064361415373783
134344,0.02352931042296221
31029,0.8716913928482946
33021,0.8929968057447171
30155,0.934968331068474
130516,0.009198367868156863
130604,0.0032685016003219844
130764,0.013813557390235959
32674,0.9642154541508822
32335,0.6629656148845151
30599,0.1354834700003891
130982,0.009309914503140646
135477,0.028738631889382173
33266,0.8667055407824376
31995,0.6042567439140731
132930,0.007603145424751835
137282,0.008644572346526509
134021,0.14271877848239994
36458,0.31395728405530565
36388,0.5060759440417235
132002,0.4998778466158029
135996,0.11157510781729169
136998,0.03430299304505978
135716,0.1518032398482175
136625,0.020294029768359104
130154,0.01890350377196405
34440,0.9209667284757088
36408,0.909129729542707
130360,0.03492827775887529
35092,0.2888250398092854
132301,0.13710096126374077
132969,0.003752669927002154
131568,0.005138758585333672
35027,0.5602632197804764
133080,0.04741243813306599
137022,0.8483690062878422
135042,0.021576887679650002
33954,0.9187352913754161
34519,0.7946511311606335
30612,0.6881838967274434
31966,0.8573109583151327
133189,0.020590582291125235
131607,0.6245569793573856
33465,0.6711010903979842
32662,0.9167707074216961
32052,0.9259804626565997
130518,0.7079916043160995
130751,0.028484746960661007
37356,0.9768460702370388
135938,0.004383111616931511
36123,0.30783316422302887
135331,0.729764649555131
134078,0.05945978886758248
30034,0.965736759797035
35480,0.6640901388239162
132870,0.022573394811186046
130814,0.07588818047670434
131844,0.6173819319185093
36418,0.9702837044180902
136446,0.0949451880093032
34941,0.920191782634211
130931,0.7901286363243323
132370,0.057269215088869965
132984,0.2058952677282243
32531,0.9144829343637062
130896,0.21486804617623095
32301,0.8741782171102364
34983,0.9193665583010336
34466,0.6156820541512223
30065,0.9700426386555272
134744,0.031563449310059284
35227,0.968178965507388
36098,0.8869308743883682
130810,0.005156785463823462
130696,0.12581454696431774
36361,0.909373774719406
31080,0.6116812022492615
33460,0.2678934006021958
35588,0.9212374145090654
136405,0.003544321621172964
137006,0.24007379203817467
34456,0.8950081568135498
36414,0.9034504975619189
33346,0.6635717743731498
135328,0.004682700690731817
134695,0.005759093929043372
131329,0.09441078338899851
130088,0.0034377999868851054
133640,0.006626809721006396
36580,0.9783235177610915
32143,0.40923995845325967
30165,0.9501414230106705
131045,0.8227844917478079
134347,0.4592411037832249
137340,0.2768342014415188
32946,0.9011760180264199
36632,0.949146864119113
33845,0.5196275258146903
130357,0.02232814472361138
133841,0.007557922836161244
30349,0.43956622131894324
36179,0.8411692129666255
131647,0.09429048446414226
133171,0.0032701632269874097
34639,0.966571300835266
135945,0.4403373497479494
135501,0.019086201178579322
36126,0.1051932335014162
37189,0.8763775878522826
130642,0.023287391600538533
132402,0.02778952022969302
131520,0.7530027887295796
36282,0.9662824008864579
135034,0.4561490964867998
130254,0.002954633776459894
31873,0.7697795262868765
130036,0.020713455333261233
133940,0.014415550281041153
134818,0.024075174137465977
132421,0.8713450673620171
131906,0.04965556451429909
37368,0.7222248528029109
135305,0.02055206006494241
30156,0.8072083434564072
30917,0.96849359372124
32752,0.6127395981518091
133848,0.06986768346892389
33549,0.9223971217677902
35081,0.9661657972372616
34661,0.8681167666752376
34085,0.9639112756145735
136275,0.009553668910633398
135105,0.01681395958794297
136476,0.5586429416634722
36664,0.9529946725869118
35351,0.934883409087378
136689,0.4816684689152676
33541,0.273118650880546
32083,0.3167983603110869
32492,0.9199713148252076
31021,0.8863670739919265
30348,0.95126096683904
31299,0.9329843576391934
30682,0.8863019189835414
30997,0.9346809500733844
132404,0.052840837331914
131638,0.2637704674941584
35715,0.7608398311446651
31540,0.9339043167819275
30113,0.6829529215958223
133626,0.20084412852623512
33560,0.7567954883823651
31101,0.906480221086278
30541,0.5139736917755995
32585,0.9115579892121023
32392,0.9483856095165099
135094,0.04417820832637303
136322,0.06451300391524342
30498,0.9685847714027027
134647,0.11503041445196083
137283,0.6542217485700971
137153,0.010065023084329562
34765,0.7280193508262365
134199,0.007121153407858296
33313,0.9698631198950892
137299,0.4384846743752831
32680,0.9105241085659073
33105,0.6832984496959259
31358,0.8590770936907965
35573,0.7824976803708323
135201,0.020116199083860097
33669,0.7223056604596645
131096,0.05117211293864259
136200,0.08399404386357301
35499,0.9226587026292097
130064,0.01490381589945584
36396,0.9646420518974109
31631,0.8038584991344327
32037,0.8846391605837415
33092,0.9612274061280994
36786,0.766307888188153
130266,0.09614109968021516
34224,0.899422370318715
136166,0.8296358345873225
130148,0.05873595197572145
31941,0.9229377059299096
32776,0.91478079163153
30145,0.9087995952218834
133012,0.02707871082017004
37465,0.7021987825513645
133873,0.4775427331082444
33944,0.9251912350788742
130773,0.029613968292503602
133066,0.007882229356558192
136467,0.013407162327552036
131926,0.10830920348197584
35439,0.7204158216083965
33935,0.9576070659354198
36000,0.08282650583146854
33837,0.45425621417616857
131570,0.018505795306199047
137140,0.01876939558021246
33976,0.788015549743054
130150,0.0024069214929464864
32078,0.9049364828385544
36261,0.7764711651990954
132316,0.09366509827880737
33438,0.9402694802155631
37153,0.9507373863271413
132080,0.027107811837404128
131299,0.0072315116443640234
33229,0.7865193050694467
135962,0.015652626527246007
34295,0.5948325489295221
136904,0.8448816286358382
136018,0.009145451340316826
32044,0.9708283011942656
130170,0.0028430757566557
36402,0.9389480714504348
132226,0.11182548205325232
35765,0.9765625717646611
134572,0.01381805510444488
133701,0.06903471771607185
33226,0.9532965181091891
136472,0.038367248799398304
136329,0.05738978500614901
30442,0.6620179040857934
134219,0.0057710477286250506
31334,0.7771390693533722
136308,0.009293814434522821
130719,0.833315226432448
132967,0.030663558086733125
30060,0.9665189057458525
131735,0.06483852205149686
36553,0.9254547426019653
137400,0.19138634033382274
136717,0.04775534939581405
134381,0.04417219470412967
31945,0.8570385945043606
31307,0.9148640735885516
136378,0.05689153500949844
137455,0.6568620033831443
132363,0.12868251082758275
132023,0.15542602677701584
37499,0.970482634166555
30812,0.9055437142400424
30826,0.21377719671574408
33221,0.7939689448655325
135287,0.043945706690810965
136088,0.058329520052640936
32823,0.9125046545197918
130837,0.08288409067528155
130728,0.3038261962212437
132778,0.4151992470614726
133883,0.06786912108649229
31535,0.3572732782113015
31133,0.8428570731850348
136939,0.012889043152095145
35311,0.6494475331690729
33998,0.96166664468695
135282,0.01220205884138055
135332,0.789237867599027
34533,0.9448247525692779
136757,0.3527919761622057
33716,0.708639653783294
134320,0.017134510575120228
130557,0.06697509639398333
136512,0.37886385056065786
132395,0.07874666672152741
33337,0.9415445676703688
35769,0.9581918271920072
131197,0.01143412018244351
136464,0.01191132330571639
37404,0.5921036957848208
33524,0.9561835599902364
30337,0.8274028627120238
35864,0.8552851012926102
133565,0.46874194261890334
137266,0.609124761815591
131223,0.010765036817516038
36877,0.829091525042921
135713,0.03625564947844544
33507,0.9410140630932318
135267,0.00829764075530122
31970,0.6713024774170544
136040,0.31294122610165365
33473,0.9706562350982552
137275,0.18118890160385603
34973,0.8365997104306
133149,0.004591229496607723
131948,0.06475994736586657
131103,0.26562054697352167
35852,0.7071736841072475
133159,0.8323464000186891
134987,0.02292952603912937
135993,0.014394430135720457
131268,0.012295091018453759
31821,0.8498346185696557
36997,0.9335654465969874
30547,0.9622513148275881
133962,0.09594320827097295
130368,0.9022246480418065
130508,0.7570253646668865
35497,0.9693280630327836
31543,0.8234891981669572
134931,0.15794641438667928
133201,0.023243824665788816
32543,0.9287868561198115
36861,0.8785513420512453
34834,0.9262534059924811
34491,0.9677804302776688
33505,0.6176444432791639
33598,0.8971515509070739
131586,0.0050161480176769005
33140,0.8334029064390484
132922,0.019451126548657244
35297,0.9302137382733043
32182,0.33914576822385756
37146,0.9323678363641558
36409,0.2275649215634537
36799,0.6923659812760659
36100,0.8106848088894668
132595,0.05215919448099733
135432,0.11910363832653695
133134,0.5792903603015793
35548,0.8651227863224187
31351,0.9233010861480675
36951,0.9522994121337482
130350,0.04017734621334525
134069,0.12306180057714358
132819,0.513824113645446
130623,0.10196878566919688
33580,0.9204096216995156
35779,0.8242883470774127
131236,0.01176265501912124
35222,0.9479878716491658
130448,0.004746865613117948
30835,0.7021184431043797
135492,0.17047133371725728
132304,0.01400511401270488
30170,0.4425810638368426
35869,0.7815639932489877
33417,0.9246720882586514
33894,0.7857294878368426
133895,0.013965949275441324
32553,0.3362474216909389
132188,0.9232328132303775
136344,0.0024438556153698943
30329,0.8976490765814923
34345,0.932089902844581
135064,0.1097850620085154
31964,0.49410101293537645
35682,0.8946189651269845
130654,0.21363600894823434
133353,0.014702667432423454
132140,0.015727551168523906
133043,0.25688225514760943
31338,0.9419711051712483
131058,0.5225434989886127
34857,0.8006879504980304
32790,0.9367636917527796
37246,0.8774205613486411
31804,0.4263928378990119
133009,0.1264036198255354
134969,0.7056973348394072
135228,0.05830046642791535
37400,0.8399037675100017
31120,0.22094481698919882
130730,0.005583399595824105
35099,0.9477108615361249
131785,0.015893740176062005
130780,0.0035105842686040103
30745,0.9398629605329626
131415,0.0683793549942846
31151,0.3854162797594073
133143,0.6831383410908143
135554,0.02623138471601773
130678,0.3146067257480947
133552,0.05319829171286099
134925,0.0036239353786244365
132030,0.007144950609069776
36152,0.8700471487543749
32318,0.9510456560488739
32929,0.39834337632054073
31069,0.4107061066025833
32328,0.9563257294809944
132523,0.05630099002519194
136231,0.05078268131160595
34093,0.38308005273017126
34160,0.8335536942210189
30040,0.9209337207746553
134517,0.02393160548891429
134142,0.3476264032032208
34753,0.9402009489680487
33125,0.8489208613763615
131051,0.14903203224553352
35849,0.8623072434182824
136054,0.5745585254815302
130661,0.16956188006812112
135041,0.009252092061951484
30857,0.9380554235665104
34053,0.9398993561955999
35402,0.9546906182301733
31061,0.23208633022173258
34180,0.4874899122742763
131477,0.08745882189380708
135165,0.00453698949367762
134089,0.002820838425214603
136543,0.002833630078968603
136533,0.00409380355856705
34592,0.9765125896204025
35566,0.9612812218624981
36107,0.9536031362422395
30733,0.9630748206792172
131445,0.012473696349549639
131896,0.11959702889017516
35767,0.42183429420413254
32138,0.3720369195683684
34246,0.9283190103580851
133533,0.648397619459595
132113,0.5738337503743851
136321,0.11913551733880168
132435,0.016496522858870537
30916,0.8588713830292611
30941,0.8575578651694776
34138,0.750405405903049
135666,0.019556530188715514
36557,0.7152621347485807
137496,0.037026751511827695
132183,0.004850577417744417
34573,0.9270576037752885
135142,0.03676896743146367
131903,0.012910916710867377
131227,0.08674218496577979
135589,0.18814842689491895
35380,0.8909380027590807
136500,0.9381849213272382
134303,0.1442241262583489
132779,0.030572167054766623
30800,0.9303015524810294
33790,0.927691214067706
32558,0.8966395190226615
134108,0.8038155779401864
136787,0.860248474271905
34211,0.9677468763702773
134015,0.03738271204670725
34448,0.8722801050798364
37403,0.9622766202334229
136033,0.024396749201444586
32159,0.9470405766890301
130222,0.16124452404145717
131104,0.044773396260141055
130104,0.015554266518568304
32970,0.8554258516982554
36730,0.9647933026971193
131795,0.0035560098484410615
37202,0.9605104766728945
133774,0.6505258779139123
30610,0.9408505528036675
32224,0.8913911091730837
137164,0.15664205433523742
134524,0.004025785825797582
34412,0.9239490944036479
131739,0.768163249159044
134664,0.03410592171665718
32535,0.9167501989439213
34985,0.7484015752625993
131133,0.15280761771573748
132937,0.24110103831770072
134047,0.5916998831891425
35761,0.9223151915621208
136951,0.01892531844817806
135304,0.03495179641143731
131119,0.8175375450422124
32091,0.9344602177314956
36640,0.9349826909420423
132364,0.3091493741574664
33423,0.8026500806064492
33742,0.9063123451604367
135210,0.04299508679392364
36445,0.9529938152516785
131673,0.024230351780333337
35948,0.968138505060605
131090,0.37168719737207034
135737,0.017414463144404646
34131,0.8070848922435908
130262,0.0022909248800858867
31038,0.9211418519816836
36471,0.8181171581807476
136910,0.015687526852152252
130606,0.11862080614740686
33614,0.5534660763004283
133610,0.8553383805307575
136272,0.7351480801223184
34290,0.6299700707929073
132110,0.34956427347628427
134205,0.0036499174051710156
36828,0.8880624864992938
130100,0.004956575987034116
133076,0.013039392403075811
135317,0.006577854005838419
136427,0.04905923760034051
132995,0.08418939447380468
134633,0.014830585063364009
36860,0.952357086771481
36195,0.9368702109045123
32931,0.944824306079713
37088,0.9494946596077527
36883,0.9659680210051895
33811,0.8487353665834475
30725,0.9668459992684694
130530,0.003627236535913698
31738,0.4896042912373536
136786,0.7570708471830485
34665,0.9219825494357767
36772,0.965159699869265
131497,0.4629771881045741
131297,0.3814168771109
31655,0.9509232468491378
130665,0.01511217147447311
33527,0.9684722109802314
132865,0.042033123489209206
132135,0.036640720037017495
132822,0.010823259774219156
136022,0.7576561865093399
37496,0.6828283825645172
130519,0.012165706870872994
136237,0.003804532388252672
135056,0.00682620560352083
37318,0.9044382132351886
132977,0.0035624010528496506
133101,0.05490061692628579
35196,0.1715489446162208
130848,0.15784243679986482
31937,0.9292191375798083
135300,0.10966433433676544
133354,0.21487829063756275
30723,0.9797387188705917
134523,0.7119576109827607
33653,0.8935097609982349
136429,0.014774198233928004
34784,0.9405563190303045
131087,0.0135560114112841
133093,0.18940931792699606
130502,0.2582630073695691
33443,0.906573594083348
36249,0.9305049682163515
35400,0.97527754856753
134699,0.11678968191275799
30579,0.9358136696663053
137179,0.0039009263275195244
135290,0.16978346395607222
35535,0.049295792238923206
34270,0.8398847276780976
37278,0.8758439415609869
34579,0.9017000857794623
130806,0.08051399321709204
31280,0.926274331045337
135474,0.21109373613710908
35791,0.9658704201533325
30290,0.6297927725628218
136351,0.032865482332409636
134672,0.015324128872970959
135125,0.12579255732271746
37360,0.8391251983960106
136360,0.5952627401365442
30697,0.9733772878716174
136822,0.010370453465471042
35171,0.966097732566334
132606,0.03696815816151826
30637,0.9684938569059679
133456,0.2523895610461182
136790,0.8088629081052972
35556,0.7732002766457661
135293,0.2627249169536952
136202,0.055339723463027506
35961,0.9547434947222425
30215,0.5041991582056289
132153,0.6856302325519094
134367,0.4355461647435982
33130,0.9293386623105777
37227,0.7705581209180803
132622,0.011752209586809163
133627,0.03781609180334339
136832,0.027917363254029284
131842,0.02564842788117403
131858,0.5171333856719683
132943,0.015388066616089123
132761,0.018586897689861614
130655,0.0736031369508056
135334,0.03162166519780604
35530,0.9232738404388319
131889,0.0056984354745565815
30246,0.5122277639160894
137087,0.8730390677387505
34474,0.7799666354284815
131956,0.01399633440177771
30750,0.45846270622692864
32290,0.7525513551747968
33009,0.944817215115278
31213,0.9572981611725719
34388,0.8478015718731156
134597,0.009610791988380801
133528,0.18954960670123983
136535,0.012634031337317119
130067,0.704830535454995
137218,0.040312032373374024
132694,0.9420946780347607
35469,0.9187115917614844
130637,0.005781326525142824
136438,0.8316099063581064
32989,0.9677339461887865
132063,0.6409601411640706
30730,0.5795024284198771
136531,0.0034017654731686997
134062,0.004861319365108634
135746,0.0069514069514931935
30139,0.6121851478921017
31028,0.9424661429076094
136883,0.01016688867247374
133717,0.5062348399955776
132624,0.055885052784953544
135691,0.04235710105465973
31460,0.7417369175112783
131002,0.06687730843814044
133218,0.9273756194869803
136081,0.14650665859513284
134284,0.05372698255751359
130396,0.3734967665444552
37347,0.7146742363224552
32385,0.9684479793330332
37249,0.786862945405188
135271,0.026762365529761994
31268,0.7590656310923752
135719,0.13908938563764955
137495,0.07554106917424831
136944,0.018226421409844026
131949,0.5974093711460564
135102,0.045665339188424164
30594,0.5878311781030268
134582,0.04936371462058735
35665,0.9664049757844355
130168,0.1780119952490751
133049,0.02049134263677201
30566,0.9274005962023614
32850,0.5185683188875492
30434,0.9541983988587616
133580,0.33572696692711157
31546,0.7994663915911645
131496,0.22099288994320052
30786,0.8517773192514255
30950,0.6714741601125213
134260,0.016766068419299677
134081,0.00921169562704885
130627,0.008007981153999264
130223,0.615325212821142
32282,0.7249016247165078
35590,0.6583871863757691
30501,0.9199192842997707
31431,0.9072923946759652
134955,0.05939556855744651
135027,0.033630102408009205
131440,0.020151785276289733
31794,0.6747044508239642
130815,0.021223716842479572
137198,0.16099337037269795
30002,0.9502220443940133
33988,0.9622245030205703
131361,0.011260214304676514
136641,0.27867012001959346
31869,0.8502629884040155
32136,0.9494420010209393
30281,0.9066575967948494
134099,0.08584461091826077
34316,0.6237144936391711
137146,0.3111390197555813
33296,0.4785663300364963
32968,0.931041308238782
134297,0.007247896216004501
132234,0.02342424294090859
34296,0.8700640230860033
35868,0.9463610261242985
134853,0.181940380279734
32567,0.8795409068969299
130559,0.12847318104928707
31596,0.9595103405046304
130593,0.020055702298195848
36196,0.9505387809729404
36755,0.9572673806938902
31920,0.7719343726578873
32173,0.9540876362803229
31625,0.7717971928261158
133886,0.015461839962698168
36484,0.8525761891049146
35077,0.9530669266025524
31341,0.9335614993734812
131192,0.00829075642585737
33187,0.34683836679627006
130282,0.02424145015899762
136914,0.03731422141233976
134162,0.005093467338224823
130261,0.1181931961828416
135109,0.6112532362154887
132389,0.021271432116188253
135233,0.8305341286700223
32453,0.8501657339469875
132131,0.003734044612773985
30244,0.14217240051449992
132804,0.011501977870346403
134777,0.007881284173939544
35699,0.7372110309610327
137326,0.7820168497704181
34543,0.9352929459457615
134206,0.14993133818300594
34633,0.5421708557767487
37110,0.9644524298999314
135401,0.06100265649174985
31895,0.4100885255359025
136067,0.0716000396526946
36479,0.8729965023570226
34556,0.8347293820730388
35143,0.7357756212974784
32382,0.6780394904828125
132682,0.2672582672956401
30696,0.9749593534182042
135069,0.0174002074919525
133017,0.00784611265966281
134905,0.048313131237378404
32590,0.9465244975679261
33581,0.8162229484535721
135531,0.20103730591469757
34636,0.9534102096564058
33275,0.9787938014532485
130176,0.05968754053444454
137029,0.560130629020201
35683,0.8800983735087912
32754,0.9223998077732602
130638,0.01272788129383064
31493,0.7668682386187644
136100,0.01277239612518949
35838,0.9507951328760604
31172,0.6134234366772161
131719,0.007278507224381284
31317,0.8782455608602209
33583,0.9453295420893523
134862,0.013886174138496039
36404,0.7983943799562663
37386,0.7296173263412978
134871,0.7147822774276431
134725,0.011811157815433404
31103,0.7724951670270925
134487,0.04993617865870364
134035,0.09478017870133602
32703,0.874333207051099
130624,0.2566123529330892
35986,0.9187320281613046
132961,0.00796114463926614
133487,0.21935361210674043
134441,0.03328616968512214
131209,0.05897762107902102
137442,0.00438299682294324
35808,0.7976981433255228
32969,0.39885139454712104
133775,0.014635940087490761
135717,0.024192550100216276
131409,0.09254934160863858
36234,0.962427393361343
134102,0.0794084291257163
32176,0.8005732815076304
133014,0.046388802284535416
37021,0.8272258520892406
130210,0.13798179604449284
34718,0.9566144532370163
137382,0.005095374043278622
31807,0.2767933406871068
137234,0.6994754065307974
36250,0.8913342703630244
37096,0.9585303535495178
31893,0.9121892816812804
35802,0.9137649377884267
136319,0.20361146380721507
136001,0.05161824519547682
136670,0.07200103963829248
32042,0.9507705767099364
130342,0.6241039566486875
31534,0.4666569576785321
35338,0.9736148672792253
30190,0.47547028807630554
130657,0.10380214531486662
132712,0.29419547772084087
31349,0.7955433706604724
35212,0.7577312995846801
130852,0.21999133477594074
31027,0.8758227843892822
131502,0.009871145624985117
33257,0.8810639348303624
134858,0.014849592376492134
131626,0.04445640756747449
133715,0.06825688545981681
136274,0.004155859476101404
35963,0.3392703579094464
35626,0.9042620499042406
132186,0.7481319065524255
131536,0.010315427604870888
130917,0.6662067343662499
136908,0.10182695006648101
135342,0.2590026585494013
35740,0.96974828275402
37349,0.9733734842013938
34503,0.9700537267255386
131174,0.05614570145559479
137342,0.2613356802230396
30074,0.8088522853364053
35960,0.8712124141160108
134307,0.351431047008464
130742,0.5878111574445695
131702,0.005339199599855531
134693,0.03847354852175134
31683,0.6308622533763779
132723,0.6582190448670077
131971,0.020604556919108476
35627,0.4219933103064382
33625,0.960076253717037
31095,0.8605846866388952
35583,0.9824188483785469
33272,0.8766705451615469
130877,0.41601192779297613
36259,0.935598938208186
131180,0.22937806384805093
135224,0.12870739603702747
34686,0.8709160427523622
130152,0.12048184247444658
32241,0.946762639833324
134678,0.002179084647409254
30816,0.9448278307784012
133388,0.2726228264207706
135336,0.2686355921672966
36387,0.5860912880127237
31912,0.8821096034887909
135855,0.300093449076703
134822,0.5356489905956523
137389,0.038672327649296595
130165,0.08117137958504489
137026,0.02267192387268003
33312,0.763070523754631
130130,0.6069011914701181
34067,0.8553403056541516
35586,0.9118687348489227
34405,0.9370159000581775
137248,0.05693783927588479
32812,0.9634350327120975
137187,0.045454410211554684
136808,0.007247919246257108
130616,0.004884334927197502
131799,0.007816519505237346
35006,0.9342076036918694
32780,0.43709955667678313
134611,0.026543387797238423
35506,0.8812617389667701
135914,0.004883220199394738
34309,0.9365570590129338
133991,0.769415995782715
37263,0.920473194969889
35565,0.6547979958464673
36602,0.707349230424147
36816,0.8691658818416158
33888,0.9468441427997089
134698,0.022067416330628427
34708,0.5755154172530421
36980,0.945667800880853
135299,0.018286304442079012
33416,0.6409949254221201
31407,0.9507750626179734
137208,0.026465547190905936
136526,0.002970928160974547
133482,0.01315326625042654
31727,0.9522314934937623
32852,0.8683733113707067
36354,0.9396747881876145
31371,0.9126838018557999
131158,0.01377687256456237
133907,0.4827601750551632
134338,0.013847019113012272
35796,0.6247551322799588
37019,0.959828679257711
31433,0.649112141537805
130313,0.023479828803655803
37136,0.8956542981437099
33981,0.68674433650916
131571,0.052009872313909515
35365,0.9625951945767836
34314,0.9558590534813589
33941,0.4428109667974373
132232,0.0227605563389459
133924,0.10984637125546669
135239,0.02414814053922916
136227,0.3389634887675861
34619,0.30201272707982707
134449,0.26771873584706113
32686,0.4465203886090493
34937,0.9327435341156897
134919,0.0784048709859458
37402,0.6899079491368869
33210,0.703313933969021
34013,0.37885543723640047
132840,0.9293039239090943
131367,0.5089536561312974
37365,0.9121883899574448
36760,0.16657665326578214
30767,0.916973730821982
132430,0.0324944664932614
34838,0.9212280138805081
136513,0.006534022618249475
30268,0.8849126884603628
36649,0.96177377286053
136162,0.11733244618284445
132775,0.012884748916610053
135854,0.03462966061650579
31135,0.8538829221296239
133981,0.07032446895687795
135833,0.0097980810446735
137089,0.01500110072150027
135470,0.7945696898106637
132747,0.6284408224141265
130572,0.5042016920594053
130672,0.04086539423645252
32429,0.9188785076706762
34788,0.8913826997074022
133570,0.010377000303347626
135468,0.01594293781563446
31918,0.5596947079256994
133828,0.003332610723723077
132666,0.06577068673262408
37270,0.9473890449458586
133254,0.45529940309757194
30904,0.9322545886346185
33674,0.9716012272502723
33401,0.9701967059293274
132486,0.39786360263167286
32500,0.9625345871122593
32999,0.8575268753859019
132898,0.13793278189810435
130200,0.005766350955428241
37024,0.8675244317436702
136772,0.4504187982035833
33466,0.8742885885644529
135846,0.10919467523266162
35617,0.26056214412847123
36503,0.9067823570495565
135900,0.8057460061943941
35052,0.8701641200755348
130427,0.02053655097638473
130380,0.006319882374544006
32036,0.9573079692868564
36266,0.9499371552614446
134823,0.05601721070608177
132212,0.02218055048690538
130280,0.43114099627584823
31170,0.958401189274504
35016,0.9684535525763855
135386,0.7650684509456807
132710,0.011591932370123955
131757,0.0036550182451711615
131428,0.018382776268828133
131710,0.09097551717247558
135274,0.011091001157129946
33548,0.9530543585247367
132670,0.3174974415448995
34280,0.9506004580645098
34677,0.9084262911829882
33918,0.9614735985577683
34903,0.9332949591965083
133332,0.23939235026231392
135817,0.0397811977065862
35100,0.9214072827239344
133752,0.7495151537466108
33233,0.9311357532640534
134668,0.07064681615385564
132107,0.009023607033361199
135230,0.02678260483798752
134168,0.008117901004243132
30716,0.5341481547752356
132908,0.0033070911968150346
35782,0.8526256364656675
35388,0.7818708102859939
35708,0.9501171660643174
133716,0.06312937153288531
33553,0.9566632619127053
37190,0.20078865533022947
132872,0.0074935969651627275
134815,0.5436886430207456
31083,0.944063798627882
135943,0.05110611832152673
135106,0.019328947205136268
132888,0.15196608736650885
30111,0.7957667003952189
132885,0.41200955969299385
133679,0.0792700066907458
33562,0.9644501239892735
130109,0.6852422677698035
131238,0.31863367534286496
36927,0.8524828165084474
33081,0.7228397465927262
134751,0.0069727600368951256
134607,0.016143994810037726
134983,0.09786336779326471
33052,0.9369163643553817
36841,0.9396074023527198
136534,0.04156162061231667
133833,0.015135309814670844
36886,0.9499331883761795
34450,0.9171779847605814
35759,0.9684760810052486
130009,0.2179372185553125
136705,0.15347381899458035
134467,0.08302209717487818
136487,0.0026017648048462226
133630,0.7691972069885014
33378,0.9410783453570686
132525,0.012261863551091615
31537,0.2343964451779557
132657,0.04687101227881285
132649,0.22638571753828976
36582,0.6617656018513981
137313,0.003525123165553084
132515,0.6542560945514673
36297,0.6576395754524099
132856,0.0069757850386398465
36543,0.31629293895154553
34650,0.8745457027426954
34043,0.9116606529631601
32966,0.842745270972268
131382,0.009370795203128505
32978,0.9635388697293721
30346,0.897332861050921
37405,0.5048394273863457
31361,0.9591805674137622
34554,0.789095517273012
133002,0.01371119288252699
137015,0.38209335525261534
134244,0.006370344962074467
34366,0.9141565666104585
33500,0.6211822144448383
131531,0.07778798244259409
130353,0.040401842122923554
130379,0.009349437759510493
36825,0.9736195231193971
133546,0.12524549579535688
35628,0.8129298695249081
132755,0.12675879164581963
30229,0.9701639545293372
134124,0.15598424962762125
131463,0.0038179252705430556
35551,0.7780719633611973
131718,0.019836615914857865
135880,0.015042152896321733
133042,0.09450498276252302
132838,0.08887127134586367
133494,0.5022102688908412
131524,0.008912511494879413
136424,0.4878578259708106
132983,0.31517349251101845
32031,0.8788601696202589
134304,0.02843609507333708
136080,0.04381318530444792
31427,0.9478084790427832
137251,0.003795221470278778
36088,0.8447182859130757
132520,0.5488726047712376
34848,0.9630135727220187
132982,0.005433746837802522
32750,0.9220600594351142
36072,0.8547180148379572
37494,0.9517511888686039
37258,0.8311293525249368
31750,0.8257471856489477
136546,0.7758283145517786
136573,0.2575206516289027
31827,0.6062495129799133
134091,0.033580469776054986
32575,0.8388626131429382
134379,0.017076614729450365
131005,0.28791819258924306
31145,0.9131485737726068
130658,0.06449549639147273
136585,0.0832366650999538
37235,0.5106084204975756
33371,0.9651178507599398
134494,0.008340948457523131
136400,0.004137388722348388
137071,0.13654598125045866
131313,0.04209206730523815
31718,0.5623437820315297
131634,0.3463446776964554
134870,0.751617144260791
34922,0.9247935344052751
32035,0.2687157977368998
37433,0.9702378827000367
135303,0.5401535145993254
32765,0.7948142598458376
135431,0.15216035514614323
136601,0.010247561004732049
134109,0.3223676704440784
36058,0.9051741797210645
36594,0.9422437255245988
134070,0.025988903880879006
130008,0.008794856645321902
31993,0.8393502717799071
133958,0.06527960830948065
131222,0.013189981594861119
131026,0.09589932753282703
33106,0.2417811530248026
130384,0.029664506546891675
135646,0.006657663945552673
135358,0.008488592144502283
35823,0.9011308732824521
130703,0.4854808784550675
136875,0.0786759183826113
136726,0.0202222275786516
131750,0.019581726421092308
132205,0.3333296883235398
35232,0.9466349279978676
136560,0.1327893854867284
131947,0.030435431342122392
130551,0.011511889715711961
30313,0.8968234581494132
34962,0.5701266268887992
31329,0.8677079672236208
34396,0.9696575710472929
131646,0.15479757330622437
37025,0.8824414446950636
131977,0.02348466756232635
32354,0.8303580257302703
33157,0.85326492998111
32093,0.9760068302809596
131994,0.007962855047541646
135708,0.07058774107903
30101,0.9437022133007305
30008,0.9380542291142391
33344,0.4168792097705662
35332,0.9538098780681773
132485,0.00796249160363744
131981,0.016879902001963314
35407,0.9003170333734801
133771,0.017098777112779042
135263,0.9003988168913235
132613,0.17207444011145412
32903,0.9399129885210382
36115,0.335345054846648
136538,0.3592202112408552
30389,0.8652931599314113
32247,0.8700958773085263
32226,0.6245185301179492
35350,0.9252448119759091
34823,0.925755504964741
130836,0.003911259909781821
135611,0.00894797062082591
34894,0.6415192773283513
31136,0.8845719443027892
131731,0.00527642554152031
33484,0.9327438182358725
133737,0.2135631213271631
37064,0.8577515537842686
37134,0.7747174936414398
32231,0.8466149821293116
133208,0.022431872955060553
130788,0.17360828842740678
35188,0.9639411949863501
133387,0.4090925185276685
134404,0.9069377781298695
36349,0.9521682006719514
132987,0.12472073729133241
34637,0.925621025945847
132841,0.009981961303647662
37055,0.1580358100741605
133475,0.00790642965792393
131761,0.17418835237680438
136420,0.18131884028032688
34059,0.9423885020409439
136776,0.012437180407155106
133815,0.2588028994425451
132581,0.05424883976380481
130159,0.014168414274915934
135741,0.005226934630745093
34462,0.9527641022523046
30298,0.8744629953676166
136888,0.04894096142952353
131793,0.49344254628676476
131556,0.06258769490713122
36743,0.7104968679004753
131990,0.002608216966717704
133753,0.003520805469482689
37335,0.776441136392521
133734,0.9381849213272382
31154,0.9621263722290263
31457,0.9263951832748331
130354,0.11412164939663558
135781,0.017191322950683208
35569,0.9458941485167354
133336,0.08756037058488766
37471,0.9399026034536933
135979,0.07461487932632696
34055,0.8600107899881575
32621,0.9055339537419929
136393,0.059917300145490814
35990,0.9386653272763641
32413,0.22940494215359516
36412,0.9701618979946205
137462,0.007561285277022373
34217,0.9673889457740357
34537,0.13616165820773324
132150,0.0067161689772324545
37256,0.9372856457121181
30801,0.6891368818812607
31890,0.644236639979872
37288,0.9535694340383272
36124,0.5106909572578107
133136,0.1820638817085687
33094,0.43673793576477393
133953,0.17732421759426592
34302,0.4673652892555708
135768,0.011885800421892684
34413,0.797383956548698
30398,0.9190472137578887
33975,0.8758341758075349
31894,0.6301677960906251
133397,0.16206224280011328
35579,0.7536265626028442
134522,0.0037439090467530833
37430,0.9346736651796037
134728,0.8864257868546799
37326,0.807920266275288
132123,0.06642151216811192
136671,0.035959526586193766
32496,0.9595457339575499
132521,0.676859254551497
37063,0.9739721576979758
36413,0.9164007166329019
133733,0.3368827398767109
133781,0.1137384077131335
32654,0.9628688500829113
133986,0.003457431073196437
131950,0.06084477448789347
136624,0.2331853505379087
131635,0.09057954455845246
134949,0.006900138229371569
36342,0.689655835757933
136187,0.14318013159129384
134689,0.005099230975705134
35571,0.9687368678653869
130517,0.9407049043127085
136627,0.7699010547316327
134464,0.72294690722073
31131,0.928304345504997
36137,0.9768782818486182
133039,0.0037261617300749904
133935,0.08696982629940356
131252,0.69662938214649
33838,0.9163810199083066
133787,0.6914023370307447
30488,0.9577066145949386
135157,0.003893769662244896
134875,0.8458670338448231
32371,0.8923716539273406
36923,0.785190362278672
131617,0.18572738111710593
33303,0.8572004949840789
130909,0.3106823424494856
37487,0.884588240216385
32816,0.7281261301952304
134411,0.0057473178951819096
35821,0.5957064561184781
34720,0.9701042802377013
37072,0.9492837330149788
34604,0.9360653439532916
135754,0.007805440864545457
35048,0.8829640453267501
37307,0.9128645156867383
130722,0.08775537657382293
32393,0.9507333341387434
134424,0.7807604805051156
131470,0.09425691191967145
32631,0.7258488920878723
132869,0.10253761018931905
33605,0.4517010768848866
135851,0.018382905884966893
133425,0.43206244030886526
132938,0.05962994311535915
135758,0.5574988539276481
35677,0.8247659028682441
30227,0.546719201977632
31097,0.703737515840078
35637,0.9264548182385425
136873,0.012487507424809556
134922,0.015927034358718433
31168,0.8915215500902715
36600,0.9430178639861306
30458,0.7794340781232325
36589,0.17855213023542657
132929,0.10439058461961226
35363,0.962143039023827
132145,0.6123969416071421
32349,0.9667411644863652
32358,0.9567059500088035
35034,0.7549116564019919
34033,0.8517828067488017
30390,0.6568184717428102
137166,0.07114538440057219
131828,0.01987441924918912
37291,0.9712063222742422
136559,0.005685232994884361
133151,0.20972470683715816
134826,0.025463378944058583
135127,0.04507281823518032
131740,0.01631569547613914
31489,0.9647935676379112
36970,0.9090016669525807
31260,0.7257777216588093
33323,0.5284772823594732
31996,0.9190962202394879
33374,0.8100234698566718
32704,0.9397777501900282
136025,0.01104482549877864
33963,0.947056416080639
134694,0.004239296421621465
131513,0.0038600717720387125
31304,0.7387363077094586
133298,0.644251458962283
132814,0.007041340341977972
133808,0.07228423194325234
132130,0.025348856766013284
134765,0.012337474796296113
34740,0.9625373678030952
136561,0.011826213184084925
130853,0.4140698216134315
130997,0.048469765250204105
36405,0.7368053035417255
36501,0.9345755338097504
34435,0.8156351568970931
32630,0.8183901554091868
134086,0.052274256857416296
135829,0.4773034290223606
36721,0.6560468534818726
132000,0.003381819409237781
36789,0.8941832746769037
135351,0.0056936665028132155
32434,0.8414112890922416
131243,0.602820236404465
32519,0.8747688161397521
134082,0.0777686994546345
36840,0.8657192679302246
130766,0.14131933279266495
36054,0.9689278225329825
137325,0.007365427332212257
31791,0.8725799686380642
135571,0.4829286122391427
134155,0.404574812093903
130675,0.41147553451991464
136292,0.918434978566819
131552,0.017912217229056053
132441,0.5950037716975473
134979,0.00790893791439763
133315,0.004357612905844042
134473,0.30153603898412557
30923,0.9616778197218356
135867,0.32100464017967134
136970,0.056514393745814316
34494,0.08906416131942631
32132,0.7893455279654765
131742,0.13994428722425345
136927,0.3057192542057417
30010,0.7222746772875286
132290,0.024140750602696517
134817,0.057204642924673886
36467,0.9660136041953016
133160,0.5983268256174521
34488,0.8581338025935332
135997,0.08010061042894684
33001,0.9554645568062907
37383,0.9588108810178656
34393,0.9586462044019022
134356,0.8369694685962493
130394,0.0790190002777676
37066,0.8737325421201517
31045,0.9335579130777749
130717,0.7222364072720627
137064,0.8250094580550498
35620,0.7450341536935816
134375,0.025114118257969324
131061,0.6326220795311576
130875,0.007900116512402376
130365,0.01671053187624244
130101,0.23909866482016842
30734,0.7440341270844246
132196,0.00390012112809268
133222,0.44929070312466174
33178,0.9414910906459519
30601,0.938407997906761
33666,0.9594682131139575
36286,0.9755868883570341
134134,0.2717142547106706
134163,0.01721123075795385
33967,0.9273092169725631
135527,0.0052895593136933925
33010,0.4684052964195741
132146,0.04446380489185489
34910,0.8442615861075323
131703,0.09592700612616878
134917,0.030572045404364017
35330,0.7233513775210234
31276,0.9322005422733323
34134,0.9208780771181785
131734,0.008664754587582322
136708,0.4735142860590404
131010,0.6943522108600817
133088,0.07929997453931861
30659,0.9228219315908256
33307,0.8374510833566824
136715,0.37769807620402285
35106,0.3938702431984591
36705,0.9506405144011059
32748,0.848743190732888
30353,0.7750967824059617
35965,0.6761590017549216
33739,0.7537623821081396
34766,0.9460020646474543
132250,0.4898824816463917
34738,0.9349949659715011
30014,0.6409737101439931
36615,0.7810682758125207
35179,0.24707887108741144
133308,0.13485108248310052
132376,0.7872710813733402
33520,0.22222723193762303
34051,0.5908474088028779
135684,0.1340334198244407
134479,0.0047033578245140924
35906,0.9350404955303121
31802,0.6958112851025836
32669,0.7630087581773758
134703,0.025839225999972175
30657,0.8125927341575134
30692,0.9705268368983836
37224,0.9590910054339072
130514,0.9328140389851146
136332,0.0032538109788728814
35352,0.9396460567669349
135911,0.10965827815129456
134584,0.00888332293399731
34557,0.9694186189055134
136203,0.016556707046498934
36624,0.8924627123208155
131566,0.006424633020742105
137055,0.05002166206670889
30686,0.9599038540865057
31626,0.9421302896367796
32904,0.8791119853845708
134012,0.1404534548624598
131893,0.006961738876031151
136023,0.020843842854037526
35871,0.705464862105974
30361,0.9692858970902758
132538,0.2708647430526521
133776,0.00644715567575627
133645,0.15994737611132512
35251,0.8765152169537647
36257,0.9053987082057264
135145,0.620430320802107
133652,0.37691287363496895
35148,0.4969585944745073
130341,0.012506282604986678
31340,0.9634683058841259
133680,0.006411630375113806
33250,0.7827057946531524
134122,0.8732061966132381
34438,0.8001630107492461
34647,0.8939329079758264
131414,0.0038740659484576513
133226,0.030524030960034268
30238,0.43149211076638555
133900,0.8906104228245453
131919,0.04076899406166517
135673,0.23334165685218541
31419,0.736446316818328
134839,0.020879070540815326
132669,0.011275826641855887
130893,0.10962308333366536
35157,0.9622195674058946
34324,0.9347507281091547
30185,0.9547235048399887
133557,0.03241110063404073
137079,0.010583675207210982
136412,0.029793634911040926
37460,0.6794035930654398
135706,0.01739451040283369
133934,0.15714542157577074
36678,0.954029906171395
32377,0.6972698319956869
37220,0.9289703526012096
132198,0.12714340694322585
137356,0.22200107656551069
131539,0.26583668197321086
32840,0.6194472438511904
36365,0.9143342840268239
37493,0.2632634513615735
133312,0.16430622069768688
36094,0.7979475893525376
32038,0.9781883271952878
34359,0.9233647997604986
131341,0.39681818051564555
133333,0.005391310816852921
135576,0.009538895928966189
131215,0.004014911567434201
31742,0.9723622458626144
32564,0.9194297284772825
137379,0.28424363389473906
34994,0.8592272693803591
33045,0.9441807733575577
134283,0.560336554216319
132620,0.2733910342734066
134193,0.4896423841536056
33388,0.052707099647954433
32911,0.9567595930118322
37490,0.6988537036189906
30471,0.9439903784428927
34649,0.7053909453695336
33646,0.9026124805145841
33933,0.8692936178166942
131012,0.1747988511107025
132903,0.010076068176089314
133320,0.06139932038951982
134377,0.6674876308353936
132794,0.5335764772883166
34369,0.9299039100431509
133517,0.011329057021946606
134546,0.6801752004880707
131067,0.035351597314172756
32508,0.9667115460398845
130437,0.7650962444002594
134311,0.23607423111603854
35488,0.9571004222655375
31673,0.9338582640970821
31605,0.9589262112047247
133401,0.061461287134157674
37483,0.7006238683875011
130318,0.09284400584921042
132172,0.8843092654129165
33960,0.9400590519593851
30847,0.9392160853486837
132100,0.4003823744293864
30963,0.9620657542600087
130407,0.12558670583147202
136740,0.036468830604051955
137392,0.9320777704012755
130478,0.7698270150561803
131839,0.6503880493542643
136163,0.025219407662647884
34566,0.670354953878435
30083,0.8490957934571022
31096,0.9636520366119911
132611,0.19490876085476597
36202,0.3619768440703826
33363,0.8815238788630404
137438,0.11225637247846504
135070,0.7799185479410757
31523,0.9424247195544952
134491,0.33903187478892166
137476,0.6414076938383604
133128,0.08586586680763665
132988,0.028590259591845486
36347,0.5322009752100889
34632,0.9602513052648343
134908,0.11177331073542232
135364,0.007108809079023058
33757,0.8701395654275665
31831,0.9299154217429457
133965,0.025215679209311795
31346,0.07267302163278058
135775,0.4816381310428871
35153,0.9583843672162827
35271,0.9738114493456802
130725,0.01204505413552515
130743,0.7542950097356438
35959,0.936937989163187
131303,0.6567701866271357
31139,0.9145758768355352
37130,0.8912095212951797
135657,0.022083105707852338
34895,0.9782564735993688
33810,0.6393477964197367
135129,0.02973986148427219
137361,0.024375672259215303
131581,0.45350200937395985
130308,0.006805470125361839
132346,0.046745253959670705
33584,0.8167163475834192
132104,0.017274167910761914
35408,0.8948695225190714
30671,0.9538530641663578
34530,0.8939719242189617
33532,0.94723809416997
30365,0.2860705301382227
30795,0.522495062273682
30203,0.6899322567835751
30858,0.9384975271734484
132050,0.019806735687706068
35836,0.9369386566928567
132449,0.1398165731195286
134409,0.03583024905273527
31957,0.8225191648739653
134330,0.014396534543937665
135557,0.07840402067544291
35513,0.8440870026860949
134211,0.03856864460047001
31012,0.9698286288119213
34904,0.957898045507637
35303,0.92068239684003
33940,0.6573752050479986
131814,0.003988767512478118
133406,0.051534310509067996
30600,0.5142668783995621
36247,0.9570564270721288
137332,0.40081971684925577
32648,0.9030155382309046
133611,0.6114673446369608
130867,0.07286913869479403
131921,0.016593725820050864
37095,0.9607507338691607
31105,0.7332637346080731
130141,0.026040896738648966
35296,0.966983060760323
136977,0.12720622306149543
32206,0.951522400573272
131020,0.6851965622259405
132085,0.03238282737365042
135348,0.024330689127080002
135969,0.15588708246069674
133022,0.6811763260705932
131612,0.01888856191024364
130224,0.6769603100388311
35252,0.942887349264031
134107,0.0821830382882313
134555,0.0036593037623894155
35750,0.9001866794151021
35012,0.8307806409017008
131242,0.0027254099892454753
130699,0.30054000288426447
32677,0.9464161429791096
33498,0.7966723471020263
134258,0.003845464519536234
31892,0.881061264375213
134117,0.02966481744978542
130111,0.687032612756453
34489,0.8765414690767025
30054,0.8446793528919216
34250,0.8132920566440255
35145,0.43363118107845383
132359,0.012665705374019037
132154,0.2585299766633708
30539,0.6680893881615322
34423,0.8639357271091405
36224,0.5341153859576445
132555,0.7037679851267131
34688,0.9435354943902461
131515,0.3249837559724193
35269,0.9094593287244194
131177,0.09896388505711327
37287,0.8376125444702676
132332,0.7115457730769257
134006,0.008782670692822021
30411,0.667494695429248
130521,0.1473432998689384
32124,0.684345949249561
137152,0.1886471880529851
31745,0.9548122719440542
130372,0.055873836179173304
135934,0.004210535707623609
36604,0.5854860308121881
131681,0.019220333462406612
36738,0.9229418780346215
33721,0.9532531421645591
135434,0.058527814455078174
132282,0.002479954788555791
133709,0.1455811110790797
136868,0.44196484289246474
133682,0.16454276570708998
131304,0.4022291515847444
136862,0.03431093342980036
34830,0.4266807318610746
36717,0.9172635558802357
131397,0.003367407245713901
30615,0.9069301672076794
32984,0.8794387110344584
135924,0.6612585453707813
34560,0.662620299725887
33696,0.9319821237613944
35325,0.8927573292509671
135891,0.31998731762567406
135218,0.2820078961650072
35416,0.8252854051370755
34292,0.9640189128523315
130775,0.009208688201817078
136571,0.8632976493628991
132306,0.2392283874313646
31689,0.43343882302507014
31866,0.9351998773995016
34241,0.8692866405562876
132245,0.5174162002002408
133636,0.01953734497408426
36893,0.7845008998209134
35160,0.8373450814855582
134444,0.8595599216252213
132446,0.01208385611573829
136173,0.15121608468046688
130147,0.4052233404161265
35467,0.4220467242909738
134515,0.015545651243613439
34425,0.8438678890156439
135507,0.08132585463800085
33042,0.44071300956653947
36864,0.9313215932630403
135989,0.03774063678963424
31037,0.6574850457467829
135975,0.015679388763305265
136352,0.7845432135728454
30650,0.6493265641222634
34737,0.9547092192575141
36751,0.9363801234511662
131152,0.024554913751447163
30513,0.9559883441387889
133536,0.020041059064005266
137072,0.04656938913793987
34901,0.6324765183342118
36300,0.8388717732306649
131290,0.18812331134689136
34880,0.9230483014374333
133485,0.004086979629239025
136071,0.003452648923827126
35642,0.9195461589032325
34372,0.957954376085868
32306,0.8470358778770073
33255,0.8263245426588233
30966,0.618485625622692
31923,0.9500451811942365
32410,0.9724902560726815
134753,0.03780479402909102
130979,0.013880415277259028
136916,0.0034550260490374077
134536,0.7167281519446822
30828,0.9090549327832596
132518,0.955149307123413
134475,0.7789966834005178
35833,0.8044503969036546
131315,0.2328494945249211
34654,0.9302274709953372
135826,0.004031888908903658
33526,0.9659434233331589
30456,0.8431883204900721
31297,0.9550319736750618
133944,0.0033733879329469318
133372,0.048855636667112345
136142,0.0029000998105323493
136207,0.03237143898698573
132615,0.00336057990863224
36077,0.17275927572801467
36924,0.5520296077054521
31884,0.9260859897288515
31217,0.904819691868978
132641,0.28356177585710163
32108,0.9734526017090557
34694,0.8153869298348749
31319,0.8956870216044419
135623,0.005397657234575242
134566,0.008790269488748727
132428,0.6443899524016867
135622,0.1178174756205147
134754,0.4266715625433324
35987,0.6644244886396752
37323,0.9459106241566557
137151,0.045292935987910614
132410,0.09835434065014319
131808,0.019032982820014203
134045,0.005442349021191437
32432,0.6290243597624454
134334,0.00974534291349128
30586,0.10432577777493014
34465,0.6216062715964561
135381,0.734906665017955
30484,0.35226570499999066
35461,0.5362633204814912
36186,0.7903017661126381
34715,0.9460401455946631
130439,0.0032885354547875344
31903,0.3838631774152676
36504,0.3901102586938727
130960,0.34792876171922954
30611,0.9178091775401817
133856,0.0061411231050522
131827,0.0037698697332648667
134683,0.0074639454353125825
36532,0.9121792664456316
136574,0.03768455697646335
34227,0.8538796333349875
33395,0.9326516433661135
36289,0.7801053689584898
136509,0.003303229826183187
31273,0.9147433079440818
36051,0.9533776216660325
130967,0.11016515776748557
135886,0.46255943461305227
131541,0.04296130956032081
34477,0.7711248316975187
30944,0.7144299065621533
35181,0.9074871689739611
131640,0.40980704329636597
34693,0.2147377767318015
31664,0.5941402451129365
133495,0.029831820242554
34958,0.9527377719925975
133803,0.010794295455088093
137395,0.06580759319568447
35079,0.8454078836345912
132272,0.032688812133879794
33055,0.9693167175997174
33715,0.7526276029173515
37053,0.8123092161113907
135476,0.0706342446206836
37008,0.9002082008606397
135539,0.3118255612267754
31991,0.646672706392655
137257,0.9337624384099754
31016,0.07680198380819805
31320,0.9533334780958426
37023,0.8118642786999797
30303,0.8970473970792154
135430,0.9016906969429213
131127,0.4863557178075325
133556,0.7993417387546281
133364,0.279683019111607
132600,0.040038085242360036
34124,0.969994767317965
134161,0.10406425685326733
33749,0.906893385165054
131124,0.014681597745728144
34655,0.7863723398764199
133901,0.009715854545292115
130525,0.1588708890633523
31348,0.9580188184979181
130763,0.011841858643778852
137426,0.008939005144708346
133875,0.013709075789035118
136470,0.29631134932781894
30838,0.7254510272506525
32310,0.9344501296143056
135705,0.14246466383319728
132608,0.46272499897606306
34631,0.917668055886286
32749,0.916344879551046
35177,0.4372576066961319
31075,0.9502049749637799
133255,0.02925141360671744
131869,0.010348327795819342
135175,0.6422694285879431
31200,0.8130597287282684
34599,0.7195025606655083
30097,0.9388166432031237
133067,0.07314755224991165
132800,0.5870060003271926
131446,0.08863007820421147
136855,0.3958328049739412
30424,0.9679307175477672
33251,0.844983122608971
35451,0.9362699034747947
132713,0.01720559308549275
34716,0.9667449046248706
36593,0.8752718751284514
36189,0.7878332643890856
34889,0.9521931351288104
135243,0.6065895947182913
136106,0.07807158705355567
35844,0.9585349054444474
36792,0.9278652248866416
37352,0.9270974978556621
134855,0.2548117999664938
132653,0.8970179668224859
30204,0.9090586673689872
132688,0.10903300721656409
37341,0.9442179183778976
35374,0.9350292509615857
137196,0.011474202708639735
133003,0.007191890564140721
30915,0.941219902409733
30000,0.8899681072246932
135149,0.01542454142823066
33194,0.3524142387980077
132231,0.003542089097814792
136422,0.17581920048825128
132055,0.0024897042122813758
136688,0.004883220199394738
133798,0.002833696807550539
36163,0.7173712911185944
36488,0.6717450959939026
36900,0.9396257547055922
35149,0.9380202377943797
136386,0.12865174497296222
130135,0.019200545959416872
37389,0.9658802853071767
32549,0.9153914968849193
34944,0.9263070238958393
32527,0.9574615875949739
34669,0.9735668866972398
132062,0.017609272727038428
32426,0.9111300536943494
132148,0.02819746008182123
131802,0.037495120093472924
136084,0.07220567699003771
30072,0.936316225944394
32156,0.684345949249561
135864,0.145624480254271
32273,0.930448204266382
133464,0.003611140577147119
130890,0.18501817062081263
32305,0.8525023035335788
135720,0.03714678119589751
130905,0.13808017828435865
31670,0.8053752927891334
32054,0.8623140268879673
32251,0.6070626750211425
137021,0.03751173227884402
130322,0.0488706458841382
132252,0.06176040654752635
134998,0.18447066235157558
32676,0.7737207280552876
30850,0.5406891465152638
36253,0.9129955032235842
131139,0.023005709705115583
37380,0.9472896973296868
131683,0.010025999413947667
135683,0.378782173737785
132625,0.009645479819493881
133173,0.009537807867667253
33355,0.9632822321497075
32486,0.9600763035493916
137499,0.037619256045353155
35479,0.8930280189719912
30570,0.8233966189853825
131887,0.040862118023735176
132490,0.016995045052930886
30027,0.8166978360107411
34886,0.3069018812705273
136863,0.01411693330523475
133200,0.04348347672723585
35737,0.8777180441068384
37160,0.9341532980643347
30533,0.9465550063681862
131987,0.04895924384283259
130581,0.7512079370925068
37092,0.5594122571630643
134803,0.23492930603154266
32390,0.6772033068844119
131503,0.016653158532590116
134233,0.0402510562955811
137068,0.6696138993820376
31245,0.9010990633183456
32477,0.9378890179610523
135547,0.00821620998168782
135668,0.14796528720332935
133863,0.00962690786545809
133393,0.07105267841937331
35176,0.7982108374056157
131451,0.004211003002869661
37034,0.18683540068012586
132025,0.09430271924412234
36656,0.4071018825310079
33555,0.7501685925057888
134202,0.4010870465063965
35622,0.8856614136904454
131143,0.7561472832179428
134136,0.0034010928991720117
134508,0.09230037626938317
32689,0.8000740837804835
131070,0.01766190495386912
36655,0.9473525451113399
131510,0.794883952730999
131898,0.008195263357182795
133142,0.005188048914557965
136893,0.8904470887173651
130975,0.00982593484477708
30943,0.9020443375963207
34441,0.9447796288066708
132912,0.017445255329430996
132544,0.008396694763305014
133847,0.44538546328557593
134003,0.30773978151290743
134446,0.21490169671941925
135965,0.025873963711531903
34433,0.7675800031686996
37056,0.8766704983913568
132293,0.0846451983012262
35991,0.9498190092031757
34555,0.6181920035754939
37302,0.437688813569515
33035,0.9654589487705065
134904,0.922970980847646
30813,0.9158025869652037
130651,0.31359907683976623
36243,0.5484374956651032
134506,0.1882280850658856
30397,0.878853456663305
132949,0.045930784977026747
132412,0.006574656227188952
34700,0.09456201074573224
35575,0.7030544172289197
135320,0.020544244399231536
37340,0.9748548917952806
137070,0.03509767093400819
32624,0.946507453224495
131214,0.044335431798595476
137330,0.007717245503284399
33723,0.9691429871068015
137127,0.6083560056685753
32483,0.7488921821680875
33154,0.954217549210669
131672,0.3088442434325052
135292,0.897624873985438
35574,0.9368478124181796
131357,0.22371097682682414
35631,0.08979108165348788
131561,0.05015369694103655
37272,0.9034081811855423
134457,0.02134143713195321
32784,0.45444791256213746
31854,0.8123927578612966
30324,0.9377869900061401
36211,0.6605887544405211
32140,0.9613765684956155
130271,0.004137636922264105
30841,0.7573340963664497
137027,0.005711121088544043
135594,0.0063932851840245225
34072,0.9679699646729968
31959,0.8058874576073312
130051,0.04181089802880575
134778,0.1516645896156368
33603,0.6249788858956248
134191,0.03963867044210269
30698,0.9659911123954379
134317,0.005963264317185774
131354,0.15028543890437507
131807,0.0330065002425291
30100,0.9689018181314221
30640,0.891591984426779
133658,0.01074706038693036
131912,0.3922501231083158
35662,0.9164900227194916
136753,0.003196756301231438
135745,0.7190586373253867
132445,0.6136945802154901
133791,0.6646103713652856
32105,0.9548126159253991
135031,0.12620551287760928
33729,0.8618370002546274
134272,0.06674577864605735
130522,0.09940216985200101
36014,0.9034309538714136
32345,0.8593499780582654
135827,0.6001189956887125
31054,0.9616664892185681
37399,0.922921069070741
136926,0.21190954550703966
33345,0.6966130403846744
33278,0.9610892681649714
134830,0.06415645317012042
34918,0.9519802637763771
33808,0.8898167005217509
130512,0.22813287208025707
132352,0.852148292329035
33554,0.8960202787707235
132721,0.012688799572703326
137263,0.15810339461279915
134041,0.8381479351837814
36447,0.7331952956323792
130195,0.002771095069802201
133448,0.019148399708179963
135454,0.47579892235087384
132854,0.02264274954878979
31302,0.8808527669244546
135845,0.023727679355951457
33558,0.32205660336266306
133906,0.009338475958197175
32214,0.7620763040745382
33670,0.4720182231505192
37268,0.9591649427671705
34525,0.9189364908747257
131017,0.08193685448476037
33559,0.7910419375026545
34952,0.9520530250998912
32210,0.9633882994609373
30015,0.8919266391340814
32269,0.9691091294477617
32216,0.9056728391080666
136859,0.2052375455474691
32858,0.5234024908045383
131184,0.041140232244845615
130990,0.30569378282062054
35630,0.9043535725838049
32095,0.9158445732096538
136686,0.4587070275106649
36908,0.7669087903443804
135343,0.012792053913656638
136279,0.15395704616700517
36370,0.6808687965205485
132192,0.007693549186175291
133844,0.01011023310210145
35042,0.5053029420923952
134688,0.007315574428903926
31205,0.2763944308603602
31178,0.9529605591257921
132846,0.11644169007767728
130296,0.514134233309564
34874,0.8054153947661711
35771,0.8533501384382611
130413,0.021437207481868677
133113,0.024345851177757366
134953,0.7881486383611982
34804,0.6985932947202936
34858,0.4775097643066413
135832,0.012225193675243329
135842,0.006887522180492073
135333,0.058154648491516796
34968,0.8094304880841585
34400,0.7922434538338041
34614,0.9687066957174424
36722,0.7589146178428101
136511,0.01157656526167299
133277,0.004208792423518257
133748,0.3660810926966783
133010,0.6252801501684744
133325,0.015637293002581397
34550,0.8808633682290173
135946,0.6255916345960479
30901,0.316538483532686
35720,0.8191133204886869
36164,0.8523912529612026
37284,0.197279169650107
31708,0.9713031336225151
36653,0.9782643055388804
134390,0.7051838024817083
30367,0.7375188141985586
131693,0.004507366391882988
132126,0.9163843824927194
133537,0.157397654649709
33870,0.9458272816595996
31161,0.8817635110804625
33422,0.7465452118628388
34724,0.9508937390865864
33752,0.9708980023830837
135750,0.12409158098180767
36800,0.9152618390806848
36318,0.9179242734166618
136730,0.00545427259200968
131074,0.6824040017733526
37214,0.8410350520261475
30681,0.690123617987993
137126,0.07923415912801296
130691,0.1416671701037397
130228,0.0070062884434282085
133240,0.034895235223170284
130465,0.24947110921915383
131822,0.010201761951976793
134289,0.026291338560378474
30759,0.9349012896530676
130218,0.9309945164926822
30026,0.5951307053347435
34583,0.8531413048175095
31940,0.928495954212587
134601,0.1488620013911442
35112,0.4998784428768743
31434,0.9257689781311319
32274,0.8898357606495594
32863,0.9775450181098333
30718,0.4662529866508543
33164,0.7937344618996602
136917,0.002875870530767381
36143,0.7443980708307236
133518,0.04230271092001653
132058,0.06831235875428117
130574,0.25451732423288126
136994,0.030193048609327696
135651,0.007376674915784403
30069,0.9163305280344429
136769,0.6247441205708703
32363,0.8745063073237902
130260,0.0034529070672450007
131935,0.023330357529835356
33192,0.45410456063867727
37127,0.8841542106958352
130688,0.049756960608352864
134945,0.04876536561199085
34574,0.6912196946438414
32799,0.9552257358905047
134263,0.07897901820548758
34577,0.8606436742409416
34330,0.9748560411768009
137404,0.0238149113798757
130479,0.21136909490811048
134914,0.05232834533666701
137180,0.8132247776484071
32963,0.9203796449324115
133148,0.38159807669836343
33865,0.6154565595995453
133937,0.8833498032076698
133762,0.051100886365768206
33685,0.9607283738060846
36403,0.8680474753887355
137194,0.6969095057727858
130736,0.005056399221998962
130887,0.01016234358591388
134339,0.7339325873779997
135627,0.013478751860482759
135500,0.03729419125606535
135121,0.03249340555631787
134477,0.08821658045808121
34379,0.6607023881655494
132292,0.7001622140641421
133621,0.17547279124956
35370,0.6356984027631747
135007,0.005552578281923999
135884,0.6668889228835475
134033,0.18476191675024284
134962,0.08877057866551857
135959,0.055154279438884256
31353,0.9524537701089548
37369,0.9489414474575095
130377,0.022123243264531568
131234,0.19919107369681766
31806,0.6225474978618708
131211,0.07228879679134889
134249,0.22318736513796006
30529,0.9382323217381365
133435,0.048666470070391515
133124,0.2984756915521854
135026,0.10558344595776632
37367,0.9281878698713786
33297,0.8106032256870815
35240,0.9409657342729467
34576,0.9375931012485319
33338,0.9559608838573599
136682,0.006782589600417839
36016,0.9097445034684436
36320,0.9542107044231651
32826,0.8928464824770921
136059,0.2702658681621645
36031,0.8939721685047055
33379,0.8981238240383977
131280,0.047777637132919396
32289,0.8762903310761363
34184,0.9666910046648789
134788,0.6619769228205016
33367,0.9450243379873552
33098,0.7271180776786761
132228,0.017050197630571487
132661,0.16745115531865357
137454,0.021725795775252674
132810,0.42125647065217786
133413,0.5373484024594267
132752,0.023259127693328534
32073,0.9072136316552883
33173,0.9132042942091728
31160,0.9081000079975745
35278,0.5862092649895804
136953,0.014756183395589371
31040,0.8586117198556575
35538,0.9624705554292027
31050,0.9493349961024431
133903,0.04624391308993604
132280,0.22461329083989934
36634,0.9692277480200063
137050,0.1662523346938915
132737,0.4730630075905357
36029,0.05309381830546602
32114,0.9430043077179684
34954,0.4641213545435959
136186,0.018982137068225796
32341,0.9306343967689843
131335,0.0027941519916646973
131434,0.016277849489841165
36935,0.9298944102871035
130409,0.12048802071370816
131602,0.03268263762510633
33008,0.9628501591081094
32431,0.9471768414570086
132743,0.032688876258993575
35533,0.6469895248612055
36956,0.970295261184735
131147,0.010698784030042572
33138,0.9352277327670484
32684,0.9415768840939466
30393,0.27586535558991776
37304,0.9713496677650756
31624,0.8182600553805018
33587,0.7209493285896915
34189,0.8383576200758632
32264,0.9378638837423678
33911,0.9372271073055272
30174,0.9421484142937397
134425,0.0956087700974868
134274,0.670393951882982
35661,0.9374911093482152
32081,0.8935402386976168
31775,0.8158411788129228
30110,0.863162678287895
31134,0.8786187894511881
32475,0.8616800484856505
36679,0.5811128748985184
32126,0.4607141302565456
30247,0.6642112130813311
32688,0.9811370879034554
136507,0.039519426224472715
31902,0.9092883942219905
36013,0.9653755382895333
133182,0.5277645904314762
133419,0.035591118075864944
132618,0.0053590191747088095
133968,0.08243196051999084
132484,0.37499848519078066
130306,0.054827537557555386
35928,0.6277242333138429
137431,0.33690622710948187
30504,0.9114866135211014
136442,0.04473910867429746
33726,0.8912456879713795
133331,0.042285435856411584
131773,0.5362825751597476
36002,0.9587014017599771
133955,0.16864821727724047
36871,0.5478791479263161
130264,0.24348990649653782
136156,0.006927895773538956
34634,0.832039873584776
32186,0.4564402573351062
133174,0.051617731666510035
30627,0.8443024134565607
30269,0.9704927178375665
34107,0.8290722693186046
133367,0.014836179447485609
136474,0.5212153769128162
30775,0.354644644591989
34581,0.9035337526247231
30873,0.8757621321643407
31706,0.7691000110560575
136312,0.011473863418044447
137193,0.03539360380764368
132696,0.04083012605092317
34748,0.9666104234313986
35452,0.9035908843025384
132268,0.006515125995811002
32697,0.9066451339566861
35055,0.7324134956000212
130096,0.07167375253588262
35182,0.8483494953007799
131266,0.2695265332977869
36904,0.8432968917836605
30845,0.9485336711145793
36519,0.8844483313585287
137324,0.006943131810848129
30030,0.9015722538560883
135903,0.011261700454953663
33762,0.8823650372043929
36725,0.8814049090786001
35971,0.9337551568127225
34146,0.6263374858665758
31400,0.8275490095529141
35037,0.8297172386538796
30969,0.06223593618972344
33785,0.9026578268792573
132031,0.11118041751198142
132064,0.06577235485730858
36887,0.8786760489607177
31219,0.9370282067571978
36882,0.9725364754511214
131609,0.004236059325884883
137300,0.20360010854980357
33509,0.937265086886007
136579,0.024983162438000178
131901,0.6630026392992703
33858,0.6667240981672362
133416,0.0057848248127171506
130462,0.05407341698457963
131588,0.02812344538739525
137309,0.11951106889174468
133878,0.5998669504507621
137402,0.007160657488284649
135940,0.23730864792120498
35924,0.9604935030798261
36843,0.6665050610488676
135562,0.0422887814430003
130119,0.0037986821245559513
135008,0.05439851361413162
35745,0.6144136377778281
34402,0.9280405693783191
30194,0.24088910901467217
31951,0.7806841897066501
130290,0.15333985631859876
36242,0.5973125202463103
134497,0.026719979293949404
36061,0.7804230316051628
30467,0.9419343871669263
36194,0.9276869309751635
135361,0.49792409142728833
30710,0.9232771612919944
137466,0.021656929306597933
36017,0.8723748425378193
35656,0.5567743017682829
37473,0.8909606345769425
137293,0.8841566293102737
132554,0.031737101023316366
132891,0.21498690849206248
36928,0.692141965127473
136324,0.013593615887075871
34856,0.8439891358960566
32010,0.8041781735831078
34112,0.5619716409173727
35390,0.9431122521403827
132314,0.05073480863047155
132373,0.510253963034923
135020,0.0029166569961412364
30193,0.9525805493973362
130393,0.3539736680036147
135718,0.03680742064051881
137031,0.004429177551954904
31522,0.8223617532010938
36547,0.514357603293109
130010,0.008955171339484008
130074,0.22404873131958283
130935,0.046329630779480366
36745,0.9549962247056533
134574,0.29676529868225127
133605,0.0032097794113809027
31507,0.4682200478957382
135881,0.31187953774455557
135599,0.005315914351431541
33351,0.8023285224668515
132185,0.016010140959071963
30784,0.5757972332323923
131306,0.010355411719199905
37470,0.5429627174168911
34794,0.184747654964251
35875,0.9613123331994757
134179,0.5793024987899149
135767,0.5536371821284787
133351,0.15951928020976044
34711,0.9403972710036074
135644,0.1131059346531144
33030,0.7569516146715238
36417,0.6618195558038013
132831,0.14601376617228873
134214,0.005794998158048457
31796,0.9243608918519268
30262,0.8459864722958029
131862,0.004644388431998316
33781,0.13872407963131744
132791,0.030517014625228413
136409,0.14245032885375092
32346,0.9170359297064099
34744,0.694304199908604
132357,0.0027826264924514076
32696,0.9523814066144715
32755,0.9396800737354307
35290,0.9261555145847582
136426,0.062659682169473
133951,0.020832381865515004
30503,0.8942982166206338
31078,0.8382920556844691
33043,0.9260977627367527
31076,0.9792526398701842
131516,0.5077402257676352
36096,0.9573442824771574
32753,0.8830909472264662
31848,0.7093003263349443
132414,0.08622112911958878
137165,0.024190577369747536
30402,0.9693272386065472
35542,0.7416899783002499
30871,0.9123614659176299
130160,0.03716980666025534
35194,0.9053046753960333
133184,0.0038381755340459634
136987,0.7054359679943207
30395,0.8909388817825341
136884,0.39467664608651337
135582,0.11084483327937174
130546,0.019008147513708384
134938,0.012054111795020781
37461,0.641563380315713
131878,0.14903155413654348
32316,0.9574418964564877
31352,0.8881395334414875
134712,0.1370427186519471
32923,0.931289466479878
34346,0.9553582056607925
134044,0.8547344857152979
132750,0.3220343771010032
31098,0.8369670001088676
135729,0.07389412801051494
136938,0.06271556498232042
35945,0.9358354098037297
35804,0.9313250909802111
32869,0.17079015825203422
35603,0.9374352229719772
131031,0.023138138760725457
132658,0.020374448075632667
132133,0.7251437922641135
31305,0.6140839670179532
36668,0.8942916089933368
130371,0.029842348222396883
31193,0.08655721408823902
35807,0.6735420254628042
136152,0.002436800000302076
31347,0.8458146299556412
33036,0.8906922668730072
34977,0.9682872395967962
32084,0.9687515442722179
130139,0.06444018963836504
33327,0.8369132458953784
132235,0.12140110500700696
136499,0.017486012178696716
30837,0.8971321326385229
35889,0.8817576429013791
34798,0.9218091734188977
130327,0.0366681432520418
133436,0.3928996707260999
136923,0.07829535248019112
136295,0.05676555593374616
31416,0.9400981955080919
32016,0.9615897672887986
35362,0.8576573834089927
135773,0.02463293009454644
133634,0.004102163577289337
135574,0.03811684341163795
133493,0.02391092123883933
133826,0.024738281907383683
30609,0.94762536077886
36544,0.5973107325715449
134627,0.011928502285327013
135800,0.1463648343305532
35949,0.48484507532764776
134391,0.004533578080424642
131940,0.017654533533559245
35483,0.9737587317794241
36043,0.9704601002855495
136550,0.6347760653384629
36536,0.7277944009757228
32203,0.47653792506839865
131695,0.013114323824231616
37348,0.9690484270773649
137054,0.08207228407080358
131711,0.3022007864673378
30219,0.8244821447026549
136201,0.20190154915557695
132042,0.015132618625498532
34063,0.4884108217820985
30908,0.38639537832402776
134709,0.08510499240410604
33853,0.9687586530871457
30709,0.9391658680440272
30558,0.8617830980847251
34136,0.9419897124987536
135478,0.021147145027725796
30342,0.14612550235122773
137391,0.012254937046572201
31326,0.27314275924089393
131229,0.017491783125588058
32205,0.7259863290224056
131285,0.7947382475876569
133892,0.0023714564208061175
137045,0.4409291020704469
36465,0.7914376717242206
130985,0.12805499105863236
36972,0.7732565445788928
33813,0.9416430879457028
132274,0.2626387513802687
34500,0.9350557181295249
137024,0.011120523592961534
32544,0.9789748287110709
31294,0.9054219175490272
31799,0.9467826296178116
30906,0.48707955532860703
34041,0.14444464173411087
135275,0.6721381028464926
36797,0.9014494818161846
137255,0.3140953316216949
34045,0.8468472485788242
136947,0.4182623643206731
34653,0.9708612415275787
136609,0.42767690519649343
131453,0.04511079561955798
136449,0.11726885240547337
132609,0.03451751851512565
30311,0.9272911624944771
33633,0.9336109447281218
30277,0.9539953565618348
132773,0.8179938072040861
134324,0.003706787679113399
135330,0.017855537958421305
135090,0.021440905071818693
31459,0.9521623022844954
136950,0.017813975090048714
133021,0.011042490302923477
134483,0.35583528289458793
33649,0.7817709894459073
132349,0.146117376476414
131754,0.003621669799012672
132970,0.01341645774332539
133031,0.10992250980956482
31724,0.8966697417422943
136130,0.027571343831903298
133013,0.007028887437380067
33667,0.9198639125209283
36350,0.9655847508320363
36199,0.8424133743448723
34163,0.9016538089727253
130928,0.026383010074779972
136249,0.06427841133510898
34226,0.7780300493897958
135289,0.026166305277219117
136490,0.011605320044083168
36937,0.9286845959635811
33768,0.8350307624138585
32376,0.9452576155237699
32015,0.806857130663361
135849,0.004290039388705566
130075,0.4052313794148082
135951,0.1634473854045711
32416,0.9178368415461733
37014,0.5970338303515315
132174,0.2521224786175873
32194,0.5623437820315297
36089,0.960804031690935
137388,0.015087806539764156
31973,0.930078048219661
132159,0.04997121375861213
35883,0.948646817903333
35624,0.8387974350156968
33288,0.8698313576966101
134769,0.008623598171334087
35224,0.9654015471858117
32276,0.6347083204311021
134474,0.05997135946425277
134232,0.028503305940642716
136967,0.0033051554439351444
133479,0.1250156927777138
30737,0.9273215243488789
134526,0.010375318646414148
133773,0.004778384379047855
131385,0.010388498321632394
37458,0.933538801953812
134366,0.037517036626043256
32678,0.9428298469652379
136807,0.006547690333237254
32829,0.9332475627637201
33712,0.9473741918117469
136123,0.029203017908311014
32444,0.6706115804305194
136184,0.13915575313050624
132802,0.5314256548284899
34253,0.6720278864300984
33496,0.9309804057930917
33274,0.5410966909919399
31578,0.798377325929281
32075,0.9643154194387504
33000,0.9424650075836799
31748,0.927023001614527
36968,0.8792886483087301
32914,0.6573905373260829
33032,0.858718794862962
33803,0.9280736103896893
37133,0.6647851376019405
36274,0.8867105621991132
137277,0.12604688452325427
34915,0.9349488584856881
30157,0.7281684153585225
135461,0.06346058397480368
137278,0.28038327594637824
35276,0.44632925885620484
33294,0.2927524462826351
134401,0.05118938607412868
130499,0.2500075901788648
31171,0.9507409486146419
134762,0.028940369761684265
33533,0.9223915749818521
133259,0.07712341172582224
135698,0.2741586172369992
36957,0.3927863722326222
32463,0.5877801625312586
134860,0.5254497619880779
36939,0.8979725981097937
132168,0.017730869034935308
133811,0.028008396856052793
134376,0.20535537763047862
136652,0.015794956662091245
31753,0.9656928305895467
134617,0.0040481912219456195
37012,0.6127841406539704
35936,0.643977411854193
34775,0.5091489175782846
32437,0.3889864061489127
130441,0.8914625691351379
132578,0.030442789649761073
32080,0.8840735343263513
131244,0.1910452819191008
135809,0.03610075274270301
33898,0.9050754712600109
130863,0.004212671435952878
37299,0.8879380826832703
33711,0.9744274433280264
131526,0.006543336424427228
32436,0.23192148453485312
136228,0.04682407807203161
136259,0.025496468862287323
130842,0.03555266372801907
133820,0.007758036026258073
36389,0.4417511586713717
32254,0.9607952209681524
31126,0.9652075083514151
37445,0.9317343033709704
31155,0.9770629573944113
37394,0.6806336507230816
135316,0.02516411446919334
137069,0.07154708984049066
32716,0.8777995149988301
130787,0.052279513339836166
135793,0.04921267143095072
135171,0.49255559520092856
37303,0.9036781740702695
133684,0.02199325139903871
31402,0.6850169232909138
34741,0.7915869817039063
130777,0.08266973126828427
32439,0.832179370108805
34334,0.5077039479904129
36608,0.958603385919035
130345,0.06947547522794116
31772,0.9400331174062124
32945,0.8219059516099279
31009,0.8206477550149714
35257,0.9007508611426907
32902,0.9609256244021833
36654,0.6219094923491234
31830,0.873001030920039
30401,0.9432478733441007
131179,0.005866778919808341
30452,0.9678517725140855
30979,0.9586182554018463
134690,0.8857327266754029
134539,0.005841411218142151
33026,0.9665710122725425
32043,0.9034272157031799
31327,0.7227258551870965
137000,0.15398833701084297
131350,0.29923791970287816
132094,0.03294867792270932
31308,0.9778407738317351
35113,0.9498851056497211
33990,0.964701383292057
31645,0.41264059498890404
32163,0.8992033240065764
130065,0.017449308254914704
30285,0.9406046910436239
136696,0.017174180433662277
33789,0.975052401706664
135251,0.003940000971642426
130941,0.0195671749078481
35462,0.9567495577073901
37075,0.8999772067117715
35632,0.7947136624900932
134773,0.01532733610726516
135178,0.024908905665232534
36294,0.804326118750327
134757,0.0171592573835247
132038,0.014774960191382684
131110,0.04471754929651542
35618,0.777078207450675
36522,0.9634253070586803
134710,0.0028231071220070807
35043,0.9115158317418813
130375,0.6636213111451728
130874,0.028237688885244486
31642,0.9441261613789412
133050,0.07609607640077598
137230,0.0028733027672378387
130102,0.22963453060531003
130285,0.6491572291653582
34683,0.9677244314414295
133181,0.16368500272211556
34024,0.17670742488565305
33087,0.7253950769118421
130244,0.04194689325742225
36925,0.9250864785576993
134471,0.9696980113186303
32315,0.9544826018107188
131642,0.003237689562392261
31609,0.9607936283717672
31565,0.6075749363755034
31774,0.9701272543937672
131650,0.015401036502492528
130146,0.03184402420058638
131379,0.015800842903285074
134724,0.6412397204208288
130954,0.15406970024961547
32152,0.9733716773695816
33538,0.7994195615415423
35615,0.8315974653231305
137038,0.050902387559921936
37188,0.9599847547923869
133020,0.023700673223395148
33623,0.6761798582840483
137421,0.31752572478936214
135920,0.041223715720650964
31975,0.9305947854568086
136743,0.017904229878850424
30274,0.9363780199346433
136245,0.13121169233798752
36727,0.9252514051729142
33651,0.28272197384747155
133053,0.2876749174111803
30255,0.9000910257057924
35111,0.6353328459839501
134153,0.022737813836324734
34906,0.8865489771780688
34038,0.9390286852591961
136121,0.035044696927455384
31495,0.7410819408481085
132957,0.2761109515697293
32086,0.9077285866028137
32517,0.5058318689917836
30173,0.9556057603022411
36168,0.9408235115154828
133882,0.02533606531674163
37301,0.8812837521710539
136798,0.7630087581773758
35396,0.9137739703279042
131030,0.7485394326019477
134103,0.0868808018338882
131623,0.16401317109527933
37462,0.7104651745187254
136192,0.031083825506738657
135189,0.4118397585043385
130885,0.017755300784509157
35076,0.4778720986777818
134373,0.03493484566941742
133816,0.08073831107404252
32744,0.8510794442321723
130398,0.02331254655905727
36802,0.9407938337331042
134806,0.14897845294991868
133920,0.005967595465790433
30373,0.8339865319098874
31468,0.9115029502583496
133024,0.010493728699231354
134891,0.09404195603479827
33530,0.929695271587612
32139,0.8123214795723648
133681,0.39371135379329253
31461,0.5448199417732678
36039,0.924303279738246
32988,0.6910808816532135
132269,0.0038693347705788155
33440,0.2891397899954974
31473,0.9697318097113004
131668,0.003907185361923246
34266,0.957655672623776
33552,0.845063203612693
33200,0.8114747839124012
30970,0.95837527114666
34212,0.9534395349807475
134485,0.1411560584915734
35118,0.9509729025567708
135702,0.6047538141325335
31886,0.7269846406297973
133745,0.13996462288108297
133913,0.1661362969069596
31362,0.8639401327992056
30905,0.8837983444350471
136900,0.013791106035969492
36702,0.9648298609005059
31564,0.8875928553317859
36917,0.45837758690095726
131136,0.2716029136341063
134849,0.6554722749761215
133311,0.6622914947347744
134028,0.007303338665613071
136441,0.8382957994114011
132801,0.005510699111067471
132602,0.011944851512214468
36269,0.9325215724537348
130750,0.03497512212032305
35200,0.7602138218125168
31627,0.9162578869180749
132664,0.05459626628374406
31885,0.7862316804367075
131454,0.0029140623709213802
35234,0.9283238771653198
134632,0.013220764272215234
31477,0.9255671469659009
31536,0.783199954092147
34548,0.9056969470622841
135384,0.05021769805599769
136260,0.01702861676582774
36549,0.9694255860619835
31819,0.9698575735006604
34695,0.9637119180984007
30207,0.4950099571484565
30116,0.9753847735393076
32498,0.9422292717994809
133015,0.06743499859287985
136425,0.06278081212790036
135220,0.009300502139690928
132265,0.14434063546724415
31550,0.9775394539882584
133697,0.7301992387284981
131517,0.6867010532619193
36523,0.9248489470445633
34364,0.9753827894516378
32667,0.8719341943768197
33572,0.97158255608828
35723,0.7403605610495017
136419,0.0028560147670783865
32616,0.8868550843389122
133806,0.09656841398255013
36012,0.9388198709358889
132388,0.6359938764584381
131185,0.358545364817151
137202,0.38027070771078014
137253,0.4958736878739345
31381,0.5592326061936735
133850,0.01001770872524774
34022,0.8881762504470658
36898,0.9727742088294407
33005,0.9465660083804128
36431,0.9400947875742729
37097,0.966942792133849
30628,0.8819677089874048
131207,0.6178525379186756
131083,0.01632536266801239
34580,0.9173726197384469
131116,0.021331537637457168
32845,0.8090398536127328
135191,0.1174932975037217
32856,0.17461027250748795
33394,0.8993062431019174
34068,0.6141977396074653
35704,0.822842897647692
133916,0.96198751972566
130401,0.302336968920995
34697,0.6670593912928995
32563,0.963435059536197
136758,0.003830028639131267
137416,0.7686119945218464
137219,0.7343008857574064
136645,0.003332313272179523
137481,0.0034820202183875664
134995,0.11136697349298784
130385,0.8498081337367273
137457,0.055261561848554505
131486,0.025424411844749778
135366,0.4571436528749494
137285,0.4157416922527934
135306,0.05042509961969237
130460,0.029877659180770108
136066,0.052596832123310636
34360,0.9117420089217056
34128,0.9295475056845892
35124,0.9852211301976859
35966,0.7592763387934769
136251,0.030119813006523534
36317,0.9605092603425212
32733,0.9104218799131669
133754,0.004076788981065482
133795,0.38863977832805496
36568,0.9339271753191247
132772,0.6820911217015853
136003,0.008364583191397629
32232,0.9264916241211228
33616,0.729764649555131
135340,0.02102370992603387
130859,0.05901578941799011
31447,0.8992816790573095
30995,0.9176052204444096
35117,0.9100587241614828
136456,0.01222369254818631
131048,0.15615352118665915
134743,0.5108547075840233
31218,0.43124630973775185
37371,0.7897773465277332
32853,0.7199317262603019
30974,0.9282526577781893
134669,0.27059448909121375
134730,0.49470264547646614
36715,0.9249857496550623
33202,0.8591790544422611
136346,0.13782086504191116
133341,0.007272352676651441
32164,0.4963999023798371
35309,0.7124776364247781
36555,0.9445681126532992
36303,0.9687616702679243
135654,0.059185881640588016
135949,0.026643142026594263
133909,0.12637411277020108
136475,0.037850000509319026
130571,0.2365407424725886
33557,0.5614549524840899
34621,0.7740919450399704
132040,0.1449361518501977
132505,0.035453391660681184
34808,0.7864835969711937
133893,0.03573272621544673
135727,0.009336408978321003
31393,0.9532415313766085
131251,0.20009726792338944
36813,0.6063348574581051
135022,0.14317525048785398
32511,0.9067346346742278
35459,0.9342917675264507
133257,0.17261937289603213
37141,0.9013969621739466
137154,0.025425562301279715
31359,0.9562906218082845
130487,0.10031055262330542
136553,0.014554286564893921
130715,0.007458756370616828
136046,0.017417693853735625
136093,0.03592020209240307
35063,0.9284046547823916
130612,0.7110355286026585
31449,0.8759585813664188
135045,0.4234473498425939
130473,0.004611704990370917
34516,0.7945753332769525
37035,0.8308707789645001
36108,0.5179551272986508
130870,0.005240760371191909
33146,0.6767748313853453
136129,0.2363454810697111
132051,0.11699496372489686
131560,0.16466591588966936
132808,0.007613570963215855
31102,0.7632661397310962
35086,0.8254306459953801
130731,0.004326007101144913
34732,0.9681760334108716
35850,0.9639887590041182
33783,0.8199262195643074
34871,0.8339059973730383
36546,0.9273101866371549
131755,0.003026077130174291
34931,0.9603747898829553
133094,0.16214184329075043
32604,0.8404984905605568
134897,0.6002078954911496
133704,0.07623846107960403
33080,0.8133927628643767
30108,0.870915602161518
132422,0.013397412099766626
34407,0.9144309272200937
31961,0.839190943528793
33089,0.8590301482284187
131505,0.10389999043028803
136407,0.7627360104320353
34229,0.9122212869954336
136462,0.06605897138688742
31089,0.8614295158491307
132180,0.018231287763000217
36256,0.6934560723200823
33929,0.7705039471766937
33430,0.8792568097120638
31743,0.6796915950099645
30932,0.8867825808341082
135876,0.5677418743368237
132674,0.00751754366911965
34745,0.978933993834808
37276,0.7740385565545026
33428,0.929128139512291
36605,0.6038766955776953
34030,0.95166836466154
130821,0.08707167405636808
32545,0.92951064884275
36254,0.8209512548003687
137318,0.01635986942655531
34511,0.9366185296679049
133100,0.02493830482314429
34545,0.8969519366161001
35119,0.8671714845989853
30631,0.8790888962015355
37409,0.8886476752686296
30330,0.9604314914041363
133902,0.04468178288932717
30079,0.9732443394270738
132139,0.003338161910266371
34945,0.8140787059543367
36158,0.8919442534927642
132749,0.007501701974303779
33514,0.8360203824484589
130998,0.27496995675871294
133583,0.07149412025062761
35501,0.9415209198263701
132803,0.08106864741599844
35675,0.579421700024735
134758,0.9634230407934571
31889,0.6425814276990955
35623,0.9695744853258246
30655,0.928062451961549
135495,0.014777088441406272
137460,0.04643123138719403
30016,0.8687841756194851
37183,0.9393553061992876
35475,0.9698597096817481
31828,0.9675134349592893
35532,0.986109561441795
135252,0.0622857697153482
131700,0.01703575993435947
34122,0.38058685430674777
37162,0.9456500205256516
133600,0.23251108887869298
135786,0.7908341769351039
37168,0.9260036849385098
32481,0.9609593044371715
136572,0.004179107616973458
35669,0.7259160281160701
34118,0.538967166754159
34185,0.940902126396804
136549,0.010074095546822068
35947,0.9595752437548983
133661,0.009498811592674976
135634,0.06444080965001452
133108,0.0035064331562752776
134638,0.35718229124327683
34082,0.8951046128531015
37215,0.9293777536179451
31636,0.8886273424596911
137191,0.3846974043589248
36321,0.9834188286519947
34119,0.9458461341017954
31733,0.8382745691412496
136369,0.10446365982521992
134759,0.06842609826070922
131444,0.06933677256390781
30404,0.6270809025946931
135426,0.004142327527129833
36971,0.9686522582214654
131670,0.024493347168941026
130004,0.7305798452215194
33331,0.6512850452612815
130278,0.010415280954889168
37314,0.16929821098806752
31194,0.9113908161477303
137314,0.2538833229149484
35345,0.916089138267077
31204,0.8565812672054733
131037,0.025916031972480845
130123,0.916134902141055
32070,0.8102366732196797
131870,0.024450481677093648
132307,0.08976919034276412
32303,0.9535367614863838
33376,0.9571764028280028
33959,0.8388054172767527
34878,0.5087458590752346
130784,0.08818294050403279
31423,0.8679115663774878
37164,0.9237527279064044
35514,0.7994207405354353
33373,0.9764461661737813
133190,0.0026650754187028188
32874,0.9699411441568065
131485,0.08771885572047465
37393,0.9122753350297041
35914,0.7343543679772742
36420,0.9711682465162025
135593,0.004614200310354916
137094,0.013432780442637182
33890,0.9696986561569549
32584,0.9313136801945204
133551,0.2991764868434072
137133,0.013588104103854162
136290,0.09641537549531107
35841,0.7861981423073441
35286,0.9526499198650704
135291,0.1827023964897868
135513,0.6478041407208809
30862,0.8887252143260419
33697,0.5522461501167585
133612,0.1981594182278959
30248,0.7622904394540768
33761,0.573184481967965
33224,0.8517453321421071
30822,0.7534698532289863
33483,0.9321391533113953
130822,0.2669762603792313
133198,0.09254456533851844
37128,0.8871292282938552
32781,0.4481996939474835
137498,0.02182969705055064
33492,0.7378225229002195
132833,0.050161404367612156
35021,0.8591194412414339
133812,0.04737954745182221
135835,0.026494632025448807
30806,0.8970758266165398
35702,0.8590607468882387
32278,0.6445820671445927
30899,0.9503810430078852
137408,0.3740864885878592
30740,0.9033078484664219
35692,0.9600247189408102
35766,0.9286448246771324
31153,0.9274150264070011
34851,0.7266940758283083
130451,0.003326474320787032
132758,0.08112457905619229
35109,0.9127276905012692
135738,0.018531260348680776
130076,0.10614632253467861
36677,0.27536509923686703
36588,0.9523071466566482
131988,0.11953834215426695
134051,0.6819627682595082
36393,0.7229573333851889
131883,0.14381939389936912
33362,0.5616127568386321
36601,0.9384626523946852
132704,0.00707737694266513
134646,0.5174209144705455
135893,0.006766216836932007
136841,0.24768727623974127
34897,0.6275837065246417
135976,0.46796362992998086
136848,0.03646987829264371
33994,0.8421539999026917
30419,0.917823194097835
33882,0.7687928846916702
131431,0.7708826688378081
30525,0.36667025283102345
130608,0.43508205532900623
34218,0.811081189320886
36133,0.9438675321295069
35820,0.4544709751993302
134454,0.009131733313250243
35790,0.941108622982993
32576,0.9619557503791474
131441,0.022330411049902573
134649,0.009981631997200775
133294,0.0029040032535336685
31318,0.9403345775529082
136697,0.35885490462898095
33615,0.9712795715995624
136307,0.15012589222472078
34674,0.8839790627097751
32237,0.9106701747664726
135771,0.014332103497604358
32011,0.9624234430377927
135939,0.7459798173696197
35616,0.908853328481381
32069,0.97318652324
34377,0.8050069639604498
30836,0.6182462661455184
133786,0.09677547265719955
137236,0.036600503866002984
32937,0.8278216698455416
136603,0.029493317403871296
36999,0.6788716829600203
37022,0.6855205413258009
30542,0.7968007831611672
131583,0.26749836938770677
36643,0.715931502910448
30626,0.8937725948878809
30104,0.9204580466917127
135915,0.05221910066427863
37166,0.9019622359372277
34565,0.9033648177430177
34553,0.3896217380682778
131675,0.0043377428716899835
35919,0.29355088463853884
132194,0.729764649555131
35638,0.9452186393512654
36621,0.8745374713971603
133116,0.008478746428348671
33316,0.8119475753235017
35856,0.35786157595270857
37170,0.8926564247445219
35468,0.9676081980808415
34790,0.8933281429268435
130063,0.607411656175505
33145,0.487595285853199
34287,0.8900164961192942
34864,0.9685397676541312
36625,0.5389890877287993
31472,0.9830816967856665
33023,0.9076317239614735
36422,0.9323733923644069
36854,0.6933179778646474
131233,0.754760481002842
136388,0.04169105580491436
134256,0.06589322000802206
30632,0.7837286293690802
134243,0.08263260003590471
135567,0.03078495799922282
136857,0.6978721095427322
35392,0.4924366691714841
37463,0.5508605015351373
130304,0.014239679398254643
135451,0.021560662529115503
35938,0.9493577015232669
32720,0.9238052901017332
32687,0.8494848132432707
135391,0.1948866190073789
36435,0.856785086440061
134598,0.07868829098685448
30160,0.7893490019853202
136488,0.01647256974305059
32245,0.9532302159020711
131851,0.04887818030191766
30134,0.9722780572373475
137004,0.014723533623891593
132089,0.04916478965377554
134716,0.023084399021064992
33190,0.8594871018416249
35010,0.9163933995132925
132387,0.004165427717570185
136096,0.008274418460400218
134296,0.7371153680228906
33846,0.7183918152227008
30532,0.6872923215975653
130774,0.004111904880306537
131109,0.0028212232592280838
131595,0.16938016831483882
131730,0.008210725324904057
137221,0.18141789282351217
136846,0.013676404810126755
135099,0.6524670211716117
36506,0.8281766524208869
30202,0.9553666424103047
136537,0.5407641287838363
136616,0.07425075923791807
136968,0.012850575386545904
133383,0.18699566551631158
130659,0.16304433857414294
36207,0.8611091680346649
135383,0.09434042425696322
133581,0.3209990056128422
31814,0.6391732173355776
37140,0.8599511045640217
135883,0.8006728484832966
34552,0.9247428592318945
131317,0.4628210129085566
36111,0.25439121564785283
33060,0.6122904686009272
32747,0.8735865577105649
32711,0.7938119112484733
30622,0.8639883863794648
130662,0.00949301616115502
30643,0.9506245699910209
30280,0.9056113722841155
135641,0.01391582916357302
133251,0.10442703912765693
132586,0.16929947899701359
36371,0.21220795184909386
137362,0.1437599770920935
134628,0.6340518193509886
37029,0.7637759099692663
134387,0.07535513247413222
132384,0.6979827760345012
30197,0.9196051662016846
135150,0.08976207983348121
36514,0.9423976318953265
137231,0.003947522523746753
34522,0.9614453525501765
30898,0.5179428153269231
137403,0.6012208515511653
136673,0.4403089882318306
37049,0.8350377168949538
37282,0.7899059836335572
30417,0.9599996353437871
135556,0.27932115644413313
137195,0.00402290512471678
36038,0.9435449178346118
35609,0.9808266980725849
36461,0.9660679009624713
34956,0.5084199604094544
131585,0.04659746018376851
34975,0.7718115443281823
36812,0.8061572097830922
137149,0.01876445664863652
31969,0.8843575640739783
33191,0.7962752959458612
30825,0.8623577217142052
131101,0.1667308699792856
35028,0.9762011727758462
135626,0.005883460667198061
31199,0.5591495510602753
137349,0.6821773437458707
131818,0.0483233889859719
32074,0.9616867874818675
136150,0.0451192834964353
130923,0.01923020403851284
30552,0.8985322272197622
30449,0.8244658512743872
33011,0.22393566455782
31777,0.8671978216876867
136334,0.010511647486430383
132647,0.592796961840857
32089,0.9221529723798769
33459,0.8463899332213128
36639,0.4322666928640863
34529,0.9143041506501884
35531,0.8564632090764899
136943,0.051465555852596996
133724,0.9702298028107559
137474,0.19430278981530563
35608,0.5945634502878714
37211,0.9536931626775278
35848,0.39177099013879735
133109,0.10310837071454965
35525,0.9277935406164417
136238,0.3070328819831326
31972,0.6931489867899188
133904,0.02955722775387422
35046,0.26869324246474996
130988,0.3025850970448202
137014,0.06493096032821202
130014,0.028973794368055934
37156,0.6726696294766464
32959,0.8675058441113859
37320,0.9488655828269646
36709,0.8600074516713228
133422,0.03247039889968372
36641,0.8626475678039416
136213,0.909616878910019
36626,0.9544028559700544
35633,0.970753441525585
32322,0.9448996003607889
134795,0.01807940562671393
130769,0.0035948458914050194
133740,0.041545478166264305
33776,0.9649120032697972
31904,0.49513168995947754
36746,0.9364928517326496
135023,0.014583063500515409
135081,0.9204781854369997
32423,0.9468734072575843
132018,0.2676934748917086
35258,0.6152836522722056
37086,0.9221711908157668
32160,0.8503370000195463
35994,0.9728239391866229
131945,0.010150436898894867
31478,0.8959164725498961
132024,0.36107003924080744
133499,0.5130721773647318
130488,0.06989679764553969
33113,0.8876770489773367
130765,0.1820788225404466
32759,0.9361746544726784
34276,0.8892469526895793
31270,0.9260836948887703
34676,0.5759151516191753
132593,0.020704798513259366
131457,0.03090514565636506
131618,0.670756086685122
34925,0.7753872327371579
134623,0.29836536581550316
36142,0.7852734486960059
135836,0.7295475686060902
30782,0.8857662689328296
31680,0.8134633642129042
34997,0.8556029921936439
135958,0.015122585613730885
134164,0.006004201403478973
36394,0.9596098797753612
30903,0.880531584580232
131594,0.02235969576103219
32063,0.537866362633544
134986,0.017898812672535343
31685,0.8176257005330676
131716,0.16967869819925363
35019,0.2799525774945897
36415,0.6860100129842904
35460,0.7049832708977936
33494,0.9775978894879906
35651,0.9625072345323321
131523,0.023254244098830947
32319,0.8029596642192197
31881,0.8174311498561411
32562,0.9037713982346606
134832,0.00413945852219769
136453,0.2522916489499564
31842,0.6181691263146786
35726,0.910011713510778
35581,0.9283631734386179
33543,0.8934172629751783
33086,0.6118518755660967
135231,0.9286164063570574
131796,0.6505258779139123
133984,0.10584204636837584
31710,0.8945635699019205
130956,0.09485196521242979
130494,0.003777995668035719
30356,0.48604039605636623
36110,0.874006712344443
30691,0.8162935197157026
36238,0.96281231791225
132720,0.00756895619423339
31422,0.7442811153660485
132067,0.06947624466058407
136896,0.6357472053164711
134009,0.7857725253342487
132248,0.017748197531028194
35317,0.6978893632130713
131123,0.0032198234592273473
137222,0.013651653202880667
30154,0.9237446391388524
34570,0.9413495022217526
32018,0.9569243882919138
36528,0.9120815310208281
35205,0.36029920387872993
31852,0.8743589705226406
35120,0.877444929231625
37448,0.7834112280836893
137216,0.13847986834322992
131447,0.01929587918338772
35816,0.7285226272991132
135247,0.01456827222302087
35446,0.938399489710102
30704,0.5968198978370339
130617,0.6821773437458707
136597,0.06933204310545521
135998,0.11050321900791298
30024,0.8671563336228043
34170,0.9466216696057842
36636,0.3806023353518935
131365,0.509231524246595
34239,0.5633095765234477
35250,0.4457132461148967
35801,0.19559026789424594
132691,0.02885092529316268
34168,0.6789044729018889
130594,0.38626192569446727
132707,0.04173261273196756
134842,0.15032515478286762
30675,0.8304446295101244
33682,0.8971151868457162
36996,0.9182110278856694
131376,0.006580712618919482
35667,0.4816993968994362
137189,0.16189829836275765
133513,0.11412689047118246
136714,0.40798691958343614
131791,0.02645463802407903
130808,0.026234356276488985
34210,0.9235028778462819
30808,0.7529762910351747
130942,0.08537575677599353
32570,0.7269066366311129
132702,0.9075586729797076
134741,0.012558711839534716
137044,0.007144320064380985
134354,0.03864535600811767
34337,0.6650940507963041
30607,0.898434478236791
132976,0.017402856590856407
134088,0.00829037529483679
136595,0.006517564738087464
137082,0.18658570363785543
33235,0.874809416090686
33886,0.9634131880937223
37449,0.892296443476153
32438,0.6760459730179539
134252,0.005690301609989064
135387,0.003005979891051901
36377,0.3469149938213989
132207,0.16946685924166943
35874,0.9574572767299784
30818,0.9118709545617044
35354,0.9224283747602542
33701,0.9132354192862383
137224,0.08523786422161471
130563,0.8891963302408195
132506,0.34552153104772354
32178,0.978251085240314
34129,0.9665275724719995
134171,0.004100180917791476
36060,0.8625433006596352
32807,0.8198829884091687
133914,0.22039248853315327
34947,0.16259194888980744
132574,0.006872022861851982
31832,0.913857337109242
133702,0.3747108455441243
34512,0.5760296148467607
34060,0.7491585131993777
136788,0.0057739038015812115
30633,0.9276939161254228
35805,0.05315389119828698
33083,0.8159536871747854
133994,0.017562537713818185
131120,0.016223160617989056
135783,0.034119000643673014
35989,0.968808490748558
35295,0.863616539690145
35142,0.8421131428755879
34269,0.9018007537161492
133155,0.3324145883652554
134407,0.18514720015541258
37319,0.8071297964920575
133707,0.19131824553039753
30251,0.8994271024977265
35691,0.8269376391425011
34601,0.8718501949118419
130753,0.2030463777414201
34507,0.7438378089807489
36945,0.5876714313580644
137264,0.3198272922327588
33871,0.9396926300105348
135493,0.13172313326178878
31298,0.7109997801754522
133195,0.0632364563328155
136638,0.10459353348503224
34993,0.9530543212450127
133032,0.12064203859584625
135132,0.5105419185994554
33921,0.6076246840022059
32831,0.9695685743104002
34747,0.9506496182426944
34298,0.9468573745697093
130611,0.07761328002667192
31376,0.6389759487810558
131809,0.0044745800348630635
134358,0.04284657692699634
34725,0.5934334529139789
132879,0.003998715381556899
135952,0.017841843362702524
136015,0.010056151896705303
36134,0.9699936742800286
137167,0.03774484513450197
132534,0.37822221202457973
33046,0.8454086217180814
134723,0.038684006761557484
135511,0.12220455050287422
136796,0.0079672549476369
130324,0.38179072007764525
135405,0.00296020493703329
136004,0.08648846610514412
134923,0.5917329590972715
36989,0.688725260511077
31446,0.9529199231254877
35893,0.9493756761253538
35541,0.9681649470508853
34215,0.7158070022441795
134894,0.003709007356205356
133125,0.04535706278627386
136651,0.006308863159922686
35970,0.7802686404955772
135669,0.009195552263322214
32836,0.7244080097323459
132793,0.0745976447596424
134369,0.8178034795954845
134213,0.014528242508374305
131337,0.1153823557352817
134951,0.02447040974319581
130403,0.12311903168434571
135498,0.018340742007990105
36895,0.9299610714459634
136049,0.5525289256312871
34159,0.2628330869281091
131024,0.005330571490549129
131443,0.2395330234538107
133245,0.11004984463804204
36586,0.9034463452934949
130423,0.164339441828798
130622,0.612596739811204
30345,0.6857764528436996
32100,0.5494640385553026
137081,0.09014900924853404
31496,0.9306449270515488
36910,0.8548539636979403
34436,0.908772291992741
31591,0.9436155681826985
36201,0.8794112184843402
32280,0.9464007481720959
35231,0.724824225193799
134749,0.018038224032715548
36092,0.8752971175400193
133455,0.18791898562059656
130882,0.010401812426652725
35911,0.867288636397724
31988,0.3208312693048492
135114,0.2820946072108469
130972,0.4120790721335386
134427,0.17432430838708873
34371,0.9094073890139838
34016,0.8876528599647614
34418,0.9321398294894243
36538,0.9657871927389683
134160,0.03825156967365457
31967,0.8381479929096265
32646,0.7735921420981171
33851,0.6634053310212538
134016,0.14572637007069927
134138,0.0055652453245487385
34719,0.8390563991621898
133983,0.06612068547683424
137440,0.04586961914890862
35424,0.9316466533641543
32666,0.891167485099855
136482,0.07049663732040738
30038,0.949757561365499
136516,0.005938915899680862
31335,0.9361874894384264
135353,0.20010407576917688
130526,0.08155208728068022
131366,0.4936171626900945
130812,0.040245415199513475
133730,0.5781340608916226
130946,0.8515534610366982
132390,0.2887805995562653
130660,0.16998565764214854
131411,0.6388421733994228
131788,0.005657992993341669
34406,0.9517246146806869
35842,0.9379511720028444
32851,0.8940882889008535
132687,0.029057994062707957
30382,0.45739651935013237
134426,0.06294970775559672
34254,0.33229430607541355
37343,0.9450350958061313
134667,0.0031835935203070828
30527,0.7755200332955636
131622,0.06872695215933253
136314,0.12427703339849026
131838,0.02847170870890915
34105,0.9600777365354792
134259,0.0038069788917421614
31544,0.8879428431850598
31850,0.9290551966108663
32249,0.9123533805447389
130399,0.1810375066606093
133270,0.051484382767470006
133007,0.02908501639832796
33290,0.41224548490193325
134060,0.03800219033793304
34534,0.581000737997033
31593,0.9706442122570706
133444,0.0763036961611604
133034,0.015136396465636538
37147,0.9493136795819105
31242,0.8004443937722244
35430,0.5749945362405664
32452,0.9425132126096815
130881,0.1262307183067612
136371,0.01348416663931214
36803,0.952400418890617
34495,0.7021689341267074
36691,0.9652515126083935
134895,0.48956897133829214
132584,0.02122093672668794
131154,0.01843264399710224
35486,0.8034201702873678
130754,0.010777707658310934
30565,0.8372104084909251
35870,0.8933140586228876
134705,0.08877577446960773
137306,0.01852721755671461
132774,0.7119795768614197
37377,0.9093877363617464
36764,0.41143520438805525
133266,0.003459486120868328
30158,0.9503673580327596
34300,0.8566852819908757
34961,0.8923453133022655
136941,0.20360189019937502
136539,0.009208069667491795
130894,0.8367406485153893
31639,0.8855250511870028
35457,0.9086785208371667
131592,0.021596232726479994
32058,0.9188003468724764
35851,0.9356016681129045
34783,0.1814411773332289
32503,0.894817892585793
37046,0.744602478937706
135990,0.04950231950201995
133481,0.028731465153693916
133711,0.029343767764193562
130163,0.005190141889093204
132256,0.8211909742755871
133827,0.09255161037130957
132656,0.03529241798601264
37180,0.7089678308387224
134245,0.21276837695883866
37485,0.8943079859670287
131747,0.048204120976846745
31882,0.9217812967550976
33405,0.9531511646813156
33084,0.3206611861703337
36157,0.9321663204089784
36358,0.533139292882356
32961,0.8742828606911633
132541,0.030031791793015808
32314,0.9332355323157369
33567,0.8806108346162584
133793,0.0038026239150711688
30852,0.9277146270332233
132466,0.014777334712450031
131175,0.0940649405961199
133428,0.07091798083755081
34908,0.9404893023078227
131319,0.0020947089576332277
130113,0.22101325056112833
33377,0.9008375827088598
130175,0.16453516523601955
34481,0.9145081435505629
130544,0.05974653084648878
32782,0.9585326200164337
136404,0.06927050029479345
135095,0.11849103407715672
36946,0.92615009694127
30856,0.9575645717138632
135756,0.011881310537357675
131343,0.006877657788154538
33809,0.9649420963577354
133574,0.023893643331999503
131763,0.5274037957124532
137262,0.009949429080452082
135172,0.02443160971173622
134807,0.004624947483157249
37428,0.9722373127481695
33471,0.7933909198877775
133832,0.12993999377151233
133961,0.1809686018715748
134881,0.8207001435161974
134592,0.639066391698146
137267,0.13056050115532114
31860,0.8673496794406916
137119,0.6928905711432138
135588,0.47637723991470293
36336,0.9643487375649713
32250,0.5123758269558196
135549,0.8795309525574553
36909,0.9727198997347254
36576,0.668365192632894
135953,0.02974147458075939
133446,0.022979224969005008
131132,0.14838349737599024
132562,0.08022201732206831
30562,0.8835488394192301
137401,0.021935042255811332
133712,0.0030142802673401464
35528,0.6521785819232396
134364,0.01038681503187959
132847,0.01849117809389962
30889,0.9398534985610972
36611,0.08903685170604353
132464,0.008023227699006237
137161,0.011768655668559662
133887,0.002629303834301518
36093,0.909697759987054
132760,0.01817567779024113
135185,0.009758485507708851
132084,0.20587999150919356
36508,0.9734392617979296
131989,0.9308989515187853
35611,0.6878319281942337
32296,0.6599656157830073
35890,0.24800964399984982
133227,0.1932284277596707
34197,0.966302669687516
130249,0.05209540027858562
137080,0.14685475343906046
137468,0.002405033993443688
36785,0.9690529188579295
135124,0.024009346974464787
34536,0.971464909959005
30769,0.9724909618549306
30486,0.9286730271635534
133356,0.03770779607767775
136820,0.7949085733305866
137205,0.04450218985169578
135339,0.2859201316747731
134132,0.08739925902468273
34078,0.783384700038944
34342,0.9466603279041027
136444,0.0341055107384545
33254,0.8762670664477475
132764,0.0163075626504572
136602,0.3209531318044685
33873,0.9641859657210541
137011,0.009919494655134855
130133,0.008721530293619726
130126,0.004142627721657931
131032,0.04709492591728506
36517,0.9351975170940161
34620,0.5061818412310571
135873,0.04145428619369131
132701,0.011482795673550213
32965,0.929805136246928
130446,0.15256951730004437
131800,0.8642736993358231
135402,0.010713127567155468
134137,0.9181045313767479
35650,0.8920312182750681
136031,0.8112183769121282
132224,0.3589967249148863
133858,0.796642262152374
132156,0.31495249667179825
36229,0.9259501495370515
32655,0.9191228837973626
130098,0.0229845580272005
135816,0.583640599147996
135010,0.004346997822106436
33655,0.6273052367030187
135637,0.004812405217611978
33923,0.8664696841542372
35210,0.08695993922326276
131452,0.0383729808777028
34678,0.36923718558698304
34357,0.9730165492503751
30352,0.5678132730179686
35438,0.03700657413552559
131056,0.8329633818305817
136293,0.02923321515229683
35066,0.8889540863882555
131953,0.014976528011179043
35964,0.865194871753546
136436,0.8255071452251792
36930,0.9127778481478721
32115,0.9491000154196052
33485,0.8248656170716637
33673,0.9574967665834092
35550,0.9245526743177647
133980,0.02389298562381189
136172,0.18084105775872017
30138,0.8764292088669594
37334,0.9075250688163119
132757,0.013413284539346785
131537,0.1778130434555849
130122,0.10850616942894725
136937,0.0414450574124805
134020,0.6589917806489951
132434,0.30569990097280453
134017,0.014558470330397463
131708,0.061054511096034894
133297,0.005726892003368848
33116,0.8639936223262027
34723,0.4359359230091186
31055,0.9015242293425054
136158,0.033499896402461635
31438,0.8695445975775133
135784,0.3320561492739118
132481,0.014010403564209507
132874,0.8252593170822387
133511,0.01197700225735699
36496,0.9656933888179051
132607,0.05680173587826548
131567,0.2541147330379013
136773,0.7816635840584407
135548,0.03346711785806574
135730,0.11320789288803106
136458,0.07370216572691704
34426,0.8961210716479336
131877,0.1519935750774234
131401,0.04091259821704851
37336,0.8351892548255544
131762,0.06302526311694229
34332,0.9344746717189429
37042,0.9244092512185924
35472,0.8296507072715333
37232,0.828247007682736
35772,0.6004803892793482
32668,0.8658365078887864
131804,0.642245526164657
131498,0.048291895662572394
36845,0.881572566166686
130633,0.19218554263571525
33369,0.39885194071756047
31630,0.7927965940407875
136819,0.05308841644792325
131717,0.8651426289298778
33516,0.9605677214436051
34106,0.5659572119146243
137067,0.8453504512116405
32893,0.8752209907968267
133035,0.22732592387765174
136502,0.01708996793345663
34514,0.5729204072096727
135509,0.2062174762606806
34403,0.4036817106814018
37427,0.9552604526975684
32288,0.9486613449236891
135908,0.1263421177138309
137322,0.008186608901951
31214,0.6055821069612422
31246,0.9177526549060784
136775,0.01920018688208383
35813,0.9726396341294266
136700,0.04269563043494614
32004,0.9096309531594082
135776,0.14268261091114604
31201,0.4591403190995723
35562,0.8966146238604884
130397,0.0729543624290049
32619,0.6781593952468434
35167,0.9346967089202198
130687,0.015293027691606675
31141,0.6322710446312966
33301,0.3755237449771073
31285,0.37259879558531067
134169,0.017606961646475693
133926,0.3166235821850524
36055,0.951630847224159
137273,0.06692443454178618
37036,0.6500335319344349
136481,0.002653856731708314
133232,0.19728012148857182
134573,0.2923306969975992
33076,0.6829217028124489
30581,0.8403689216681047
36652,0.9308339256044669
135863,0.019664739724128077
130411,0.3341461237779082
132116,0.032271832278256835
135579,0.0443606055826999
130031,0.2760026806711705
31212,0.8518035216477757
30161,0.9377863249526803
33051,0.3121403097584568
132167,0.4347688002335539
130782,0.16505353446320065
136256,0.171949736349706
34201,0.8976098020183236
130543,0.004235229309261722
133666,0.018849881680597452
132323,0.35585631881738905
37085,0.8364044276465588
130535,0.7187267388334749
135360,0.053196349039623864
32867,0.24217808808652516
132952,0.13537472820774846
134073,0.037692886721066174
132253,0.004748645838222978
33571,0.9726372473332833
133780,0.1338971081126328
131632,0.19294566798316354
130970,0.8567068932453448
35811,0.7453957341085611
134861,0.035547830740805045
32854,0.96428635403266
32045,0.9705491507833642
135584,0.7713150139502907
132065,0.01370768376539568
135487,0.05068624983905553
35237,0.8751830960549086
33281,0.951081261202914
30309,0.7842405591895575
34025,0.7916802189370197
134869,0.18671541730148805
133337,0.01999491728771202
35036,0.9587519897040946
35998,0.8334090690973118
130334,0.2794356418834789
35657,0.885117285119062
33034,0.38201466865400635
135288,0.10859293417256036
134235,0.8666632842432037
35524,0.886220360684949
36064,0.8153191118748572
34836,0.7824387160265167
134399,0.11169589998248067
136092,0.03453044749567699
136343,0.020364870191230053
34535,0.730438647723049
37247,0.6679367826202833
130233,0.11397657031898434
131591,0.18300721100484577
137294,0.10125839791172189
30535,0.9744517996480705
31703,0.9690124134363463
136974,0.6831878002996623
137346,0.0859396041080417
135497,0.007543025496145543
31188,0.9113333392311029
137066,0.0839522656704495
130432,0.08020088563861483
32199,0.8806412718405465
134739,0.19008760516552375
134271,0.009395342705067793
130436,0.12115822388456118
32435,0.2973958280939115
133664,0.15496799836462744
132735,0.31861234813948663
137124,0.0791024260191441
35241,0.9443410565889463
136064,0.004471518909963296
35003,0.9551816836451154
133638,0.12825996801780232
132420,0.004191336198056941
35229,0.7973974178277026
32924,0.8460568328183321
30947,0.928676392531053
135601,0.6978202827484724
30839,0.9079892251888884
130002,0.021163757447054538
135076,0.015392208556743281
137177,0.4774605560593487
131308,0.07460982509682151
36915,0.9293481116024196
33003,0.8466989748819727
32758,0.9483255410061701
32871,0.7501384312200314
32424,0.9652636891199998
35287,0.9780605329228214
134269,0.0640696761393566
132572,0.03222037618353949
130017,0.005394008655038156
134827,0.02518497947240196
133453,0.012449726464178376
132972,0.8027366670798228
136563,0.007268637938780249
130701,0.5775074536310554
131867,0.6358711756391989
137137,0.08262239169928702
130704,0.692575955125353
130528,0.19910209847383498
132271,0.014954272278478042
32921,0.8854682947160155
133262,0.002595750446764308
135655,0.10617163603544791
134292,0.13739531729550095
137343,0.11233547075099667
132333,0.0032869440312194085
134965,0.24613715683416698
34066,0.9761491311691797
34293,0.9684897007156412
135935,0.010731128145561583
131587,0.11730354235618251
131843,0.2921268154898276
134648,0.14142066252961896
36174,0.6966935443604608
36630,0.8626120564694519
35689,0.9418322550714386
35853,0.9490991011921532
136468,0.8417047787476901
33245,0.9232572146446048
134005,0.004054668740358239
132311,0.020075078510553884
37213,0.9441223771874306
33650,0.8595445620413213
33952,0.9036258109111034
36934,0.9144460091639102
136805,0.026315654176861412
134042,0.05832094262522033
136358,0.023401746890804674
33687,0.9343045946045567
33602,0.7829482159876531
33289,0.9620841221503161
34819,0.9666263474729077
31561,0.9057644919296196
134812,0.3713105240117614
136771,0.01947243529895498
133918,0.028412624782599958
131999,0.7886827259199085
35442,0.9620137682768747
30799,0.9171211844569791
131770,0.05542513175746899
31412,0.9146879153640504
133807,0.008206341668160491
31587,0.8561807224741207
132880,0.04733609087733024
131684,0.010984456836690307
34814,0.9196214092978465
33171,0.9016608497002659
133541,0.024675153659467687
30802,0.9351553932366379
32597,0.9678632239667313
33103,0.8354914288897437
134804,0.16383687657205795
35612,0.9606114879031052
135540,0.017275211605233026
132171,0.07866508935757799
131534,0.20097207381115728
33889,0.9334843590054194
36704,0.6671328186956802
30305,0.9437956841654911
32881,0.9331065467379489
130951,0.34992891533772075
131932,0.18854882934109785
31322,0.7360626714865552
133075,0.3999352989898349
134711,0.28044060175274194
135603,0.5028628144648396
136176,0.17013757805595614
133210,0.04399489284789239
136557,0.22481966020552085
135066,0.02131637620343927
133239,0.7354927863512394
36214,0.903453365135032
30071,0.3691467313847896
31516,0.8039209230344769
33904,0.9590895133328725
32552,0.6064522161498758
36613,0.648644662922421
35639,0.8475758989214939
32880,0.8451525402673794
134657,0.17218404872594992
136443,0.018391734756472763
134974,0.6319550857271602
131764,0.005881544538352788
134452,0.6856405234223857
31740,0.929485395499115
35610,0.9549551808707922
35163,0.9659357838545368
30815,0.970556685251027
33436,0.8705803944990633
37121,0.9474936274060514
135222,0.03467205923245926
132648,0.21646454130948856
131547,0.0715626314839734
31122,0.9150435405284499
131407,0.5244363628820303
30848,0.9276445422903805
30902,0.9624515127254505
131055,0.7284460145491085
135839,0.06820560727332693
133911,0.02670050157829664
135802,0.6780907381263365
34164,0.49190014003366195
35676,0.6617820038980502
132797,0.009956139435345953
135442,0.007052738288917056
31592,0.9261760753365674
35310,0.9575635179821071
32257,0.2530860325622252
31931,0.8008276367493044
35218,0.8869693197939787
31331,0.9678099823443718
132680,0.9134073142973469
33753,0.9264132085292842
34173,0.8586923711509844
134100,0.015363057220123929
34980,0.16797425595416338
135329,0.26626891522599744
36373,0.6814550131945317
34048,0.9088593731044863
136082,0.6777599879304106
132202,0.006476417147518806
31527,0.9015735663344508
132527,0.324144500795287
136048,0.20009188630401198
33408,0.9584864580757431
37452,0.6413967289989692
136469,0.11584250509792411
32347,0.8599493983042953
31264,0.8558366137641724
133761,0.02757584312832933
35244,0.8242738022897553
133785,0.013587120958449241
33700,0.8870073504166933
134201,0.1493764162972398
133489,0.1854151466283912
134170,0.04449779094955274
134519,0.4180193400305231
34291,0.17266323849979365
32330,0.8574331102180701
37280,0.805929854988755
31300,0.9306489205641839
130026,0.3844193507533289
135420,0.047994934104277055
30385,0.8035892418284816
36739,0.9091837973154653
136957,0.05008895410258556
132532,0.004492553643196243
134195,0.2872597173547826
136919,0.46613539848661356
34062,0.7117865326750379
133275,0.0626888428581281
130321,0.005367129366640378
135160,0.04744899627119703
137217,0.10156035626097158
30475,0.9004152105807501
31835,0.912450768212534
33796,0.871518908068969
130825,0.18123368361272593
30684,0.8311351740896694
134958,0.05545942974242529
34237,0.5159518167575061
35385,0.8831726821504104
30690,0.9740773898052847
31659,0.9463642808808275
34940,0.848981279430207
130442,0.013993377680714866
136834,0.7613255445626081
32469,0.9122291288175349
135014,0.06360085386390238
134966,0.031505910101136105
30078,0.9702354708257686
32111,0.5935075696419343
37438,0.9005879292219416
30300,0.9602391102977526
133568,0.5228194830485089
134528,0.03425354641665393
133523,0.023877779610678846
135080,0.1984090887323282
133090,0.8430610683524671
135049,0.005308102868234775
132289,0.018606145504644164
132495,0.46277326689639814
133755,0.01842344668085428
136532,0.08356465969873875
30635,0.764248011852801
132787,0.031834591032155246
36231,0.9343537751229842
34137,0.9290117940361984
37444,0.943905161945316
35942,0.6506329318655935
36529,0.8427803000758007
33847,0.916274360717593
30253,0.8797320567507363
36712,0.7805500945649273
134639,0.555201065843302
134653,0.13850490714258384
32824,0.9524060907009699
131688,0.008427217342358156
133723,0.0118302275386564
134196,0.9252350191264662
131564,0.667399981767389
35064,0.9230102675733927
33997,0.9633713124418193
31999,0.9177709292313928
131004,0.20138396065060948
30793,0.9328327961061389
131347,0.5431919047937241
131627,0.0056406517270255595
32230,0.9391009303599032
135013,0.08565602942001474
36325,0.8677025831197752
31853,0.9669253381240316
30317,0.8741645218377676
35584,0.20809245646880276
134384,0.02048286000868145
134385,0.04464553302342299
35463,0.876673761412279
135349,0.005634900353834148
130229,0.4409037463737656
134943,0.8346382779161152
37294,0.9578310214089042
34206,0.9495678265867871
136620,0.05860267508372186
30045,0.9434790509389839
133591,0.06669105729884253
35819,0.9295146734450017
131991,0.009191723992664477
134123,0.13132696295787272
133006,0.7245173763055854
130748,0.07639637773749794
31360,0.8375009077017345
134182,0.07380560307518402
32121,0.9528781028777311
36617,0.9191052579645989
136396,0.0036034878659400287
35619,0.89980315257158
130549,0.25061401549289314
134083,0.7888574498430071
132855,0.01655976195358054
133480,0.6482510298692494
32003,0.8293916467909469
36424,0.938155283359959
131377,0.023877542874874435
133056,0.007401622260567207
134337,0.0669791602475214
130048,0.10534500208368441
36763,0.7185574037718772
133542,0.013697479983334086
134676,0.12334004550951537
133048,0.008029831241934838
30184,0.9038422290920989
34598,0.7269541992852055
34256,0.7930753672814654
36967,0.9257565982287288
135888,0.12010645270959808
132503,0.8076395884070467
134282,0.01747038355055161
137297,0.2472384482040747
133145,0.06997824128826777
31339,0.8461994711325906
133374,0.35810901725768585
132206,0.6795992668511508
30500,0.9630245340407724
34729,0.8823597152454716
133915,0.2111674257752615
134799,0.03570858692760531
130227,0.00236500631618215
30122,0.908718140142565
136918,0.15345283539923776
130938,0.24657304820966736
32628,0.8191803787641159
131975,0.17744443401971577
130789,0.07381202000507539
35292,0.0987963571341371
37406,0.9736400781216131
137390,0.017365695662886583
135296,0.07388156952577091
34196,0.9105360556627666
33795,0.7544619986265417
133110,0.024102021722153852
34172,0.8437370539833039
34763,0.9350364352536056
135344,0.05948904307593379
30893,0.47694631844701857
30773,0.9289857184317463
131336,0.10972447774044233
132603,0.009591486131204268
31024,0.9579355087426376
134502,0.06707956167264767
35011,0.931009871899268
134975,0.09565453382018874
37255,0.8866858655851957
134460,0.00303167159503071
134049,0.048476177589447195
137311,0.05397204168350433
33059,0.9376959839760597
31965,0.7290214721587649
35301,0.635183248126686
132277,0.10920515532345094
37432,0.073202006354178
133613,0.054170108947518454
131374,0.0046354612585731165
135444,0.07144388095451859
135596,0.007220581082649986
33884,0.6975761220092722
36865,0.7936351274334672
131418,0.3232330844438958
33593,0.834704063370825
33387,0.813839282970295
33792,0.9186955388846738
31253,0.2755859870282435
134737,0.23663407419583463
133649,0.11210203381742595
130140,0.10163179171953447
133948,0.4269354025859572
35122,0.9061849946699794
36006,0.9604326635098854
35161,0.9672207887637576
136262,0.02022387028178793
131768,0.6748070951932539
131514,0.008546460390970994
132099,0.18711886217885906
133167,0.031643556106069115
130752,0.1359543149676598
137252,0.054232189131285836
133592,0.0040829134579336126
132032,0.001483680663359506
136915,0.01776695298483909
32473,0.972844849309815
134253,0.03522182996071574
34469,0.8433760678963866
36258,0.9612986351098445
37238,0.9556900864235922
135083,0.09979978519062549
131680,0.013026974709099401
134036,0.4020682273240356
133695,0.2476089457371311
36278,0.8201784148551983
34188,0.9500224198875307
133154,0.08190655739550705
35977,0.9193489975397209
32490,0.7184910903107917
134422,0.6883648991261386
34341,0.14495601519212295
36526,0.9130364321770013
135638,0.09883952467110238
132494,0.2245701270376309
132238,0.30486513670680765
36753,0.940529408612589
36460,0.18712955775482787
34299,0.7621297142266222
133890,0.3426596504136371
136148,0.06117165073860362
35260,0.7785364614570952
130339,0.015518204217726133
36339,0.8482402262120894
130666,0.26561163528551823
32808,0.9135002423347314
130802,0.28249657248398763
33928,0.9589526880352595
33550,0.9296484982941242
132215,0.05887811124741859
31277,0.9078349862955964
33563,0.8773275460691805
33197,0.8284805068789244
33259,0.9235724954957536
135604,0.0242039638392433
131965,0.27673844488324173
30517,0.9096192032655818
34781,0.7895195056323964
30053,0.5659142237217634
31669,0.934567919435372
132079,0.0041557497318816215
135277,0.04663092161902593
133454,0.02438782730231802
31741,0.4553073580292207
30949,0.947789719737507
133089,0.0034160460082514835
134994,0.08388256496907032
131885,0.5516181231472104
135852,0.41264468949325855
131925,0.16644673827729436
31986,0.8400565803688499
30118,0.7035307520410133
33217,0.5348175480988466
131195,0.8380176166342815
35776,0.9757222022983973
133242,0.7499524461745928
31768,0.7493697143997946
134305,0.8806558265077548
32756,0.9617681953130192
135607,0.10365205672283508
35323,0.8882489645155421
30198,0.12829972732922854
136536,0.03986610175936388
136437,0.004354922285105557
133492,0.0034916182101198024
30614,0.5698045052505641
36167,0.9753195400002359
33800,0.9537431450216505
133281,0.03313301886926224
134775,0.02584308860199651
135040,0.026793532688127515
130201,0.4747746244230399
136778,0.4115809223034608
35950,0.9549516036735348
132921,0.003388715478392635
133074,0.4358313845975875
37032,0.39158661348950496
133525,0.7360563065725281
136738,0.010766245319264215
31674,0.9301042913897815
36004,0.8974134434261919
134787,0.5580273150659605
37102,0.9650060388124949
133972,0.07817412366984534
30754,0.8617458331509382
135250,0.21036479580856526
137410,0.013303286230145296
32308,0.9434503374309078
131936,0.6867975114204221
131625,0.10586852967402956
130649,0.07801015040492186
130686,0.37334866444650855
131258,0.04082848038212585
132288,0.15710962926020183
133214,0.08716128132521447
36933,0.8401092320257092
32327,0.8675208564219148
136110,0.08961847538261142
37152,0.38068495892751536
31663,0.9316220609430245
36541,0.8445747942109644
134492,0.023643648631505778
135980,0.04366143856610006
133801,0.0992879324428814
137412,0.07226649949437497
30935,0.8413956248440885
135909,0.030444625770516244
35605,0.2852596864080203
132152,0.02522725826872931
131643,0.0015445641081424757
137235,0.6308199409807929
135862,0.10574820694627377
132621,0.009757114877753364
31532,0.7838172836203797
133443,0.5669678370412337
136327,0.18419719539433355
35404,0.9653405061739266
135177,0.021968369707002555
30455,0.1347274638079092
136300,0.1378666651309508
134000,0.12708980046770527
135404,0.010157949255731996
32837,0.9540456217386971
134843,0.01889821102201275
31229,0.5537273817195953
31185,0.8440601768003388
130566,0.008830045726669691
136707,0.006969067195485815
30055,0.9338050837279774
36105,0.9078087951084116
136361,0.36538430727859794
132539,0.08263645602790025
36515,0.9505052694580328
134567,0.012504037842216289
33979,0.932590097410446
136029,0.016214752302262242
136384,0.0033487213312138374
131715,0.23921737493153222
133589,0.4531680741746124
35713,0.9195214702248887
133747,0.0389661435307402
135652,0.036742441071719825
34668,0.7913184958470602
33699,0.6729866149077774
132239,0.11849496541822675
135389,0.009489356156537206
132817,0.6790362709415636
130820,0.009482412240354473
37309,0.522246179483182
133377,0.15416232408046748
131246,0.08065912639143186
33759,0.9320603961185154
135714,0.04795477565559765
36911,0.8142686233439844
32352,0.8111205186570004
35431,0.8875428579088591
136151,0.009807223425577985
136677,0.0060884045730735465
33631,0.9316187305495449
135411,0.007764852411415769
137083,0.021393068234941574
132443,0.0029041088872054526
32403,0.945872080381505
35341,0.9407861369865307
133411,0.005430127019961963
36661,0.9438417366450705
32442,0.9180199892144454
33340,0.9546080787036663
35714,0.9077132571725545
137016,0.004582169814934549
33472,0.5291320082009102
36962,0.8900979041513413
130325,0.3163643277122782
131213,0.7076803373816373
36367,0.1716512549312476
135697,0.8973058940379016
35478,0.8848365656267859
31232,0.6104253290635637
32731,0.9409336571972051
30258,0.9237482263343992
135916,0.058680524210699726
137046,0.21035370296637346
135807,0.5714670170190796
130000,0.6707884557431194
35975,0.7668468680223701
30797,0.9241359242511136
133220,0.03246769272497143
133796,0.004090127537447183
131358,0.10153233929685267
30004,0.9028708973198407
34780,0.8752014235872435
33295,0.37574271792193203
32201,0.5868025635896874
34917,0.8032851651813233
35580,0.7955293848870569
133403,0.10120872310662808
132644,0.8274834163102028
135283,0.009045622175071356
35978,0.9080376393537077
30070,0.8588212549087816
34401,0.9190557124249665
32771,0.8812560291327871
131577,0.322044872416292
135858,0.22724541649636687
36173,0.737162792392992
36708,0.9285462280078377
130273,0.2621985876307629
33793,0.9294363705138832
137353,0.11841017684461921
131149,0.015606181926159037
132336,0.23265270112279018
36683,0.7607157305712964
36692,0.8900539468056939
33946,0.6772490708722478
31647,0.3913154910851178
133923,0.2889354596257918
130509,0.018591796718128828
36344,0.8863549820021022
133063,0.10541218156870179
135566,0.006996866213914087
30191,0.48048544483695893
132242,0.04036139166714601
132693,0.25997427129582645
34092,0.9555971316464176
136755,0.6855864784269579
130918,0.005732092859330661
131416,0.0078005873626179915
133339,0.5057341279162594
134513,0.9193239419184003
135338,0.06615121358283979
32785,0.9388101711862575
136766,0.03491955642502194
135206,0.3068188986525401
132730,0.0029784812548645893
135240,0.31450136593983347
130826,0.31422851169669974
130650,0.7926886765834672
34390,0.9705026536460228
130993,0.21003710543063853
31436,0.9160773626480726
33082,0.9485683822067478
130515,0.2308989582232106
31466,0.6592475091637355
131964,0.06731280357901373
31282,0.8383663083656147
30081,0.912176409711664
131894,0.2416802217130644
35604,0.9699334183829065
30756,0.917883950074492
31066,0.9171981235601322
31138,0.9605553115145263
36153,0.9402661117096676
131658,0.047690595869776316
31562,0.8750874580816076
133927,0.1666030717021296
31052,0.8567068932453448
136410,0.3695543347164267
30288,0.9477792049826217
32947,0.539856955731691
33872,0.849544751873356
35881,0.8184008681975371
134323,0.25337813092857475
133253,0.8708125058315419
135896,0.004123534976714656
31623,0.9465977373511446
34572,0.9684177004674078
135834,0.12714919136910888
135761,0.37407844563529175
133129,0.8791294713648874
30585,0.9463357782334718
132218,0.015782624854090457
34447,0.9264859758911574
135660,0.07195934304846979
31158,0.844974782323725
135180,0.810692849854651
130191,0.305072731248176
37033,0.915173290819836
32872,0.8196051076573918
35481,0.9002988329033482
35192,0.8269593052146167
30245,0.9734350219068962
133764,0.964040443304027
34036,0.11127360354431758
30742,0.969106996237764
33452,0.8881902134757474
33863,0.9659702770215233
137450,0.03371500637178107
137453,0.0075964959103500575
31224,0.9398723455158909
33738,0.961073602162247
31554,0.7843100732899968
32583,0.8763858376111617
30319,0.5856960243551632
35705,0.9472901486247735
135744,0.06276661743549757
137048,0.1282741297387005
136521,0.005223393937604946
30037,0.3478609491101006
136264,0.3108128653079689
136635,0.007426198659378571
35080,0.9202343276166529
137150,0.6754760968362461
135642,0.19792359951319954
32855,0.7755529684445278
133949,0.11883003341594207
32267,0.8978865809062713
32665,0.8270824909268266
131162,0.007428413094918389
132806,0.6423318480413263
132985,0.536674975277133
36493,0.8591615652965163
31375,0.9471979003976186
133040,0.022642238500209407
132197,0.3855692204854533
130081,0.657281817186754
32710,0.932093347528692
133497,0.08183075996173328
135079,0.021949849988823582
31003,0.9546385739050074
133554,0.017372014690290156
131167,0.30075300751748213
132545,0.011201190987723285
30564,0.960443032101707
37142,0.887106146485344
31315,0.9105930043082534
33661,0.9692557514295389
134680,0.03992197067970651
36836,0.9589624342483958
33722,0.9230832508284786
30259,0.97328965597995
133869,0.589551860857131
35935,0.8700903336852646
130807,0.11621376788797888
134867,0.7127680061273509
136996,0.004652432705891671
133960,0.06966102122550204
32077,0.886088076163403
131286,0.7370251326901665
31524,0.8827589421880448
36210,0.8987670651582673
131042,0.04239679027204936
135457,0.006689202393195278
31719,0.8957477539751038
134085,0.6857021074553538
134064,0.1293944761277369
32370,0.5054187540755205
31414,0.9213473874653086
132964,0.002714614388846113
34966,0.9523515740183928
36516,0.8401850715376598
32574,0.9072020359012015
134704,0.18712450995177304
32180,0.7839536553655346
36750,0.39911750962279907
134673,0.2126495181854524
132260,0.1789164242386437
135183,0.024897987935238793
132990,0.40883656376008704
130568,0.03061870828708193
135704,0.004283896367572109
36534,0.8621731885759567
132509,0.037983688891766516
35209,0.9001521479604697
34171,0.6751737790872577
34946,0.8635234059219934
135259,0.017655259321840727
36328,0.8148796817623805
136858,0.21093516379932378
34417,0.9003632602281146
31785,0.8776186800207979
33609,0.5992304034236926
30321,0.7873893830563763
133685,0.21724881937789034
132633,0.009503204821950658
32309,0.7745642269936703
134158,0.09299637039104908
35419,0.8865662134647243
134230,0.011314813108772883
131924,0.017465272333207188
34374,0.8886951263835635
130198,0.7652520487825905
31690,0.9227236243171054
32912,0.5831602420178243
132626,0.825807093050982
135885,0.6087560374257125
36020,0.9062370354057805
34340,0.9119619587592701
32418,0.9120331645213318
30619,0.6928770858584831
34933,0.9180391868280853
136315,0.07253723563663349
31115,0.958909487083189
31087,0.746031530773499
134899,0.1625059908283175
133597,0.24259829427050522
137232,0.07764072856118902
133765,0.012241650037339569
134301,0.0065758152768466355
134543,0.006621301899179427
31067,0.8850685941618804
33850,0.7485727267262755
131657,0.2691418009029184
34243,0.8096189064475394
33985,0.7303132282270818
31956,0.9440698043911726
31560,0.9704168979788138
134670,0.024568567014365012
34275,0.9420278212015822
136281,0.005327142614194227
136751,0.6572244856928682
30758,0.9435335383296408
30409,0.9430042583611618
133836,0.0086563759233198
35929,0.6952646193689354
135643,0.05101278315278899
135166,0.00783448018005227
136680,0.004664415813311245
132875,0.8533194466389851
136058,0.22785444644730818
32875,0.7545105826235388
32610,0.8145831938252244
136197,0.04073134833750947
134007,0.004466109070841132
34389,0.9563292918773604
136724,0.2070416954814573
134840,0.0054753976554781526
32817,0.7629209173208344
36728,0.6595772537583313
135062,0.1229467589472457
134503,0.019835573360259633
132725,0.008662143648188245
31502,0.9305397888513812
33180,0.939715550682692
30296,0.9147867822442419
131193,0.6254601309017728
32497,0.9607466835903253
135766,0.16471813731783871
136729,0.05485240285994092
137176,0.05752142893567844
32313,0.5871033388928155
130656,0.025863022367806285
136853,0.5454273133420594
130760,0.003919385080941602
32196,0.531685288913807
35647,0.8534485034718016
133888,0.06961061722617072
135011,0.030139357708308744
132853,0.03195327997786995
132873,0.01889735908174356
36427,0.7667381844054165
132416,0.4097175967875501
131287,0.05789074038735957
34262,0.9084092569245136
131775,0.01765807870564428
30617,0.9146600859352669
136723,0.0068927244593174584
33860,0.908438541513711
136605,0.017455905638702647
132356,0.20398958756807006
135357,0.0042215482075535484
131247,0.03257568719255906
30807,0.954285770377372
36330,0.907351668424591
131865,0.02187974217807784
130173,0.12002232966127525
35649,0.8832846137528189
30299,0.931500597539817
35712,0.641141125302193
36798,0.6883130449389763
35353,0.9362897387994973
136136,0.7956324903115475
130206,0.05326361496146867
130275,0.5576083063198065
130797,0.028978333729702183
130069,0.13537544775681118
134636,0.2306883421572699
32565,0.853942257980765
32094,0.8809240816679804
37171,0.8865622699328396
35273,0.923887162741519
34232,0.96146218282633
135193,0.7534789095472095
30019,0.8002548741073249
136955,0.04588569555683233
34782,0.6650437371482383
132824,0.0085776359045803
130497,0.05130640794668284
34803,0.9516204150912131
135906,0.08615962409192282
137289,0.0036018071923799486
131613,0.9078093040272753
30824,0.9728325332807701
31357,0.8750804351766561
36527,0.8119270572187192
33957,0.9119467914039427
32148,0.9265154921590588
33585,0.8829334334045306
35184,0.7494500336480538
132101,0.06606557098557111
137096,0.1714688011153423
131958,0.03808966667241266
136406,0.024045007290731793
130732,0.6552033013707641
137279,0.002994304047472594
36407,0.586405282380825
136577,0.22110835385573294
32134,0.9335501920575501
32050,0.9507609840832486
132208,0.08776098261443231
133819,0.6650534338308047
35088,0.8718198240988262
132594,0.6828283825645172
35786,0.9110472237739765
132722,0.23554379148764942
131752,0.03272116388662372
132643,0.0067683499406459005
36170,0.9298820576604003
136818,0.020391235908582515
37087,0.5177514752765482
33647,0.9687848838501496
37148,0.7499459852345034
134299,0.011679637063190317
130924,0.030065878430838265
131714,0.6442725932499036
30058,0.7229835997337014
37011,0.7481910797610944
130320,0.048732833547165164
34628,0.8496763750959443
130879,0.1400688875643006
135780,0.00584825526890252
37091,0.8892781662591478
135819,0.07755508820060612
131519,0.4288932929903042
30153,0.9256461991898319
131721,0.08978364934826169
132343,0.2741698899563466
131105,0.03992926131550426
134484,0.0194956059686162
35399,0.7664734366721871
133646,0.15181166295089177
134746,0.014070312736844058
33308,0.5593891518040253
30135,0.4544773028334932
36638,0.9556610918818611
33984,0.32545363441990904
136843,0.42101083094705444
32275,0.6857034889831145
136506,0.021631347574984836
32534,0.9477609283554563
131369,0.5587336950960595
136861,0.013723603368409502
30209,0.961183072611706
36444,0.9171015093156087
134874,0.17061786526064643
32918,0.8447127651381955
130230,0.00660487886414748
35496,0.9444830371218806
134635,0.003836388933528152
133360,0.10855633151629553
131679,0.1712513927094463
34205,0.6299493791458003
32529,0.7551439901584711
30844,0.7346811138563262
32364,0.8480127518352827
136833,0.7575840278384698
135039,0.6211066607679685
131549,0.6649538046288437
34322,0.846267894765689
137456,0.004774844226190777
134148,0.3986198908378985
132325,0.32713841256287635
30363,0.7302779861340212
130090,0.09248578529889441
131652,0.03339498635219165
32521,0.9490884958852912
132369,0.02246144128031828
134918,0.01676238980481892
132479,0.00439301665738283
132200,0.06201406347404832
133062,0.9278497429222206
133555,0.6557669939608042
30989,0.5710761937040354
36345,0.5257746808598477
130762,0.6574678071803151
131908,0.5143306613193697
130237,0.11448995873584986
34989,0.8238741892388176
30761,0.612849304419601
33916,0.8436944962411612
34979,0.8726540189458045
35248,0.8534487575979333
134165,0.007554377608831495
32895,0.8123799768268509
132111,0.3447757370015684
31073,0.9718318840137747
32386,0.8653375874736585
31602,0.8939921343076004
36446,0.7974215566860385
135887,0.23565532543291068
132093,0.9152541024447969
130541,0.0049220614336262045
30169,0.9187136570185837
31354,0.6909799048282987
36662,0.4879477197737519
32541,0.8559762352370293
37359,0.9231222027749
34339,0.9316994289528371
30476,0.6617703862218594
130914,0.22107956491785163
134010,0.1461410782814735
134067,0.9070311188432493
34047,0.824225005425266
33668,0.9706372376016403
130307,0.008912179128215422
33947,0.8237178698562494
134295,0.02328929765620324
133851,0.22966972965412746
130726,0.030535013770577497
135770,0.2400332334828443
31156,0.9181370526849133
134189,0.3342146082479561
32248,0.9607142652482237
132012,0.020580192205639204
34660,0.84393056536679
137433,0.10639289605284453
132640,0.698730483797296
133402,0.008708189964418349
136934,0.739240223659255
136063,0.02316001687032377
131282,0.10178156028385552
132500,0.011489092234748498
130868,0.6436875011747554
33342,0.8602299862727248
136254,0.10735256927421473
131501,0.014237261046981087
131852,0.12683350427788462
30729,0.8695142368714023
132475,0.015763793850770827
31013,0.5450152034201245
132275,0.642742574243249
36351,0.7322159466838531
132535,0.008615961654088282
132826,0.012385281006887024
131425,0.15541843462616428
30580,0.25629734423787975
133457,0.6749013166250619
34255,0.671165010975315
34133,0.8921956380219414
30520,0.8486547020573274
132362,0.01900988881153092
130270,0.005070350415554764
131023,0.02389860225187393
31328,0.9358212391442097
134556,0.07056634600345377
130057,0.4489488272984262
35447,0.9371171441522765
33114,0.9536529448703791
131704,0.25526785656312595
31443,0.9649308413511385
33641,0.9630357935607808
130827,0.1234122885424292
35071,0.8192197749318878
132899,0.014390165496960315
30791,0.952642393866054
136286,0.0416950171390075
136102,0.028171169662898475
136473,0.2548485777389329
31435,0.9778549555017335
33628,0.7135199066416684
135077,0.06866406982411001
131944,0.9055492389560101
135676,0.008348010705905878
33447,0.897170300297593
30376,0.897223416110217
34627,0.9344879489977593
135297,0.0037431808413066953
30052,0.08623152547511591
35445,0.9415392624507175
134414,0.7059251178995443
37174,0.9247550353992509
32634,0.891282967514179
134043,0.08479225225892359
137158,0.147675509820167
36637,0.9735699431098801
30480,0.5894220694219462
32412,0.8477776588413458
34320,0.550532169089244
35837,0.7177198280144648
32048,0.9730923676955529
136752,0.8174353303924837
35878,0.9739680755892413
133871,0.08197024522102925
130913,0.0193774948189425
132905,0.14100376693956412
35093,0.2197500692340157
31712,0.5936868484995158
32096,0.9388382811781297
35412,0.8959049709557615
132411,0.8829403410691044
30136,0.9634443372321158
135590,0.07337936034222323
33592,0.9524765735721374
137321,0.03021969346930231
35233,0.5768571678135871
137328,0.4779822945635387
32800,0.7090300735636713
31448,0.9518973010024181
131686,0.011760456789209065
36778,0.9541692395025982
37329,0.955015903900917
133759,0.008532514872559176
32877,0.8918129160431054
136104,0.0382056648256203
30103,0.7707236800755992
36554,0.8499607760550609
33644,0.8096210769736936
132931,0.02859789157644721
134883,0.020350907148695373
32373,0.6521556561036032
32737,0.9633594247200172
132044,0.0330661776482819
31252,0.8100445314112674
35672,0.9656056225462439
32620,0.6720540305207563
135441,0.029584698465051806
130994,0.048037485118958424
131888,0.0177311624836701
31364,0.8870748776143027
137374,0.02362185521376267
30647,0.9315556798915967
131500,0.062393814397779676
37090,0.9537622447522096
134756,0.09600491938060575
35369,0.8704369462285753
136115,0.019578261109299076
132175,0.003485380684790711
34622,0.929488818587234
136050,0.8424160418052106
35508,0.974244539013033
136874,0.34474297755207733
133283,0.03596861581687144
137429,0.45359241729215405
134948,0.008046224584388417
35979,0.7568391490897584
33525,0.9336730918695103
36716,0.5863245792511683
133318,0.11178875114874107
30931,0.7017553846075957
136529,0.006513626026269943
34735,0.8868136005119835
34236,0.9658926310040337
30602,0.8921469174430947
137418,0.13719827287743713
135528,0.07454249952795601
137157,0.02426454105723099
35707,0.9749718006140253
34354,0.691289463846199
137052,0.11645225842795322
30624,0.10961330387812755
31370,0.8254811923836645
34052,0.9058423735027851
136299,0.26979461495768886
32971,0.8407782955999346
131225,0.0028730352998984268
33182,0.8951806965960489
35024,0.6018241897396419
32090,0.4061837041237899
134997,0.01572688489899584
136608,0.7628873452399342
35600,0.9611996058675112
37169,0.8920297845713594
34684,0.9318433907191546
36192,0.7318320787574251
136479,0.7409932131904879
30695,0.45263982721035073
134622,0.12369149091720488
31432,0.9400729742830928
131245,0.08785635872161034
132091,0.03429355731197772
36905,0.9209520004370062
36288,0.9787033186164992
32474,0.5764649302052005
133120,0.005812559222369814
30883,0.6677690094502997
32862,0.5881698521690769
31755,0.9108338402250017
134080,0.7337634002745332
33444,0.89639513673976
136999,0.046617936568174645
134941,0.12524536796280406
30375,0.8988585832960229
132118,0.024062670699850797
131141,0.190048867003834
34756,0.9288249269126759
134626,0.11262786646515813
33643,0.8172329885376403
137413,0.026618134079300554
30213,0.7001378454982093
33127,0.9575854644294879
32822,0.9710473264253662
131221,0.0038114757674754243
32295,0.8518315937963136
131413,0.9661449708775898
31413,0.958443648206295
32713,0.9665283669805269
136804,0.6037658971826156
37106,0.82671910845701
131504,0.9186678937397651
31579,0.9398388364186956
130177,0.05218170096149245
33391,0.9083358486043753
130560,0.07162922743004473
32589,0.9626714354084158
134275,0.0027259346316357096
34483,0.9614487022289946
34327,0.9642800405360602
131390,0.08154644890767987
131322,0.07920638157925694
37478,0.969472286876756
33675,0.8947004951836396
33987,0.8873775766897034
35812,0.9146216363800705
31215,0.8907905827082421
31187,0.9804163061755077
133814,0.011195811827063239
33073,0.8054429480508551
131729,0.13156624761211375
132553,0.009664751679364258
137372,0.060172690157590775
35794,0.9392731136675503
132629,0.04512806918923031
33639,0.8905854965914893
31074,0.5842955333515226
36694,0.9322851669967982
37192,0.4704246872575212
134410,0.002953705778126295
37094,0.33524771569423806
133107,0.07994392960713244
35175,0.10881327361812948
131499,0.7570260525220962
37244,0.9639451902849887
135977,0.10086557963700347
137078,0.6731199287713198
36478,0.9451018400343048
30195,0.8680509586986714
131644,0.04936915922055089
136870,0.09932957167591641
34178,0.699813558145787
35426,0.865591428661032
34347,0.8167725690857075
133349,0.6896536479605339
36476,0.9449716469492256
130370,0.14954961279932003
36564,0.9636721829367166
134048,0.13267128810924556
135630,0.9424652591724357
133790,0.7532969225611393
130799,0.15870880218292782
34728,0.9044561818567641
130172,0.003713434890846174
30571,0.7207052157410777
131974,0.28795090985580435
36248,0.3312018881958083
34992,0.5685197467132962
135866,0.01919693406894345
132083,0.06256916160461237
30842,0.6788777481268604
36606,0.926102933035444
36770,0.9700356561482496
137056,0.3741385979197195
133830,0.08252522237136707
33771,0.9740297373792138
136562,0.2875161769686056
34244,0.8985774838305673
137417,0.11413635345169987
37038,0.9673780788059112
31619,0.8796617658014225
131685,0.014589897662334074
35282,0.41862241205249945
134658,0.10485093208790293
133532,0.009678484256959491
134679,0.016199196958402343
35335,0.7942733536413893
132049,0.8486633110548314
34297,0.894727824944161
36926,0.8538563715120211
131036,0.004642999557484543
34888,0.856020349589831
131931,0.009286807463087734
132966,0.05415302847711066
31167,0.7594616396219585
30050,0.43070342345060597
137486,0.07038309696040528
32764,0.546396954081314
136440,0.024346916878183064
134742,0.0038755852377909783
130489,0.3254168276083176
136489,0.015138600575707824
33636,0.6185725972849566
132886,0.152723754346951
132612,0.03670895875569732
136518,0.7886145518740747
135721,0.16243277138468878
30435,0.9290529211787947
34497,0.14127522164273698
130248,0.010830494790026377
36719,0.9159207889032355
132163,0.43976870567058496
33910,0.9669400558922423
132278,0.044566749662639
133105,0.05335866481080951
132394,0.7766274252016343
132029,0.012744124965285113
132463,0.017152620985137697
137425,0.0313425869569745
34578,0.7710154620988046
34762,0.8239190925824913
30334,0.7376723835620589
34064,0.967966235689158
132244,0.004972801643574089
34399,0.9172432285847558
130338,0.01540571002017881
133099,0.0036822245023079548
36313,0.7495151537466108
136304,0.09758348571395167
35393,0.8369235164872618
133987,0.878310205239515
135857,0.014393812176556199
34721,0.9160246346679897
30707,0.95474353347745
135853,0.36959949385087965
131312,0.015197175882290092
36213,0.8736059742243782
35049,0.6995080439383973
132214,0.7083802957239871
31291,0.8156522378167865
31165,0.6425127433706567
134287,0.5882166247504879
135733,0.6774537264503375
34040,0.9542008909344168
33880,0.9394593417047574
34875,0.9608074004160961
135812,0.03848195759689159
136094,0.032556912493658184
36280,0.6065405358965839
135988,0.5491069529269877
30011,0.9281368917209181
35748,0.9736411085228733
37422,0.8710109705144359
30168,0.9614313892246593
134708,0.055854304885456396
36635,0.5659100902022218
131916,0.11679720095768276
30592,0.8563720308748103
136839,0.00773969132799098
35127,0.9353975458615298
31981,0.9593467255424412
32491,0.8409185633183098
31858,0.9411977568168108
132017,0.08140675247168279
131569,0.10014362419355805
30176,0.9487709928039625
32039,0.4040711661979963
130055,0.08268820435746416
34493,0.21248517456571264
37260,0.8291076450080238
31084,0.9110795950084899
33393,0.9536523644050195
30712,0.7271197207888984
35134,0.8680377586202886
32569,0.9702319225781306
33133,0.923372892333244
134516,0.005936931634338291
31934,0.9456966579299855
31033,0.938297372991514
32661,0.9090644820156151
34707,0.968137156131841
30770,0.9384202315156608
132071,0.26995173020230523
36981,0.8806519151081368
36539,0.9482037287725298
36081,0.8446152380315001
35693,0.9530096242866255
136497,0.0405798753567829
130876,0.11430435080451842
131832,0.00889669479141721
36959,0.9639820796071363
32409,0.8881028373930956
133603,0.599622547236546
35666,0.9086375402330593
37305,0.9631369846175202
134298,0.705987194224055
36337,0.9070407141913823
30114,0.6600213638247656
36902,0.9600730148193268
32174,0.8923738945053603
30864,0.8423505852363117
35710,0.9184234779110136
134973,0.0049028281728205805
36175,0.645278945742559
131396,0.07773360385689425
131779,0.02121778118557942
34155,0.9631296310207677
30295,0.9120808223283895
131437,0.00791540990032357
131226,0.9038998578284861
30516,0.8747361177946167
35972,0.3964893058968112
33864,0.1969008885105431
133193,0.23935299177624608
131391,0.02841226682415081
135534,0.3539826592742805
36486,0.9197127268091795
30550,0.9663837960505055
131480,0.19259241674903105
30368,0.9343172080385722
135140,0.37716186772592153
30870,0.8449001969047943
133635,0.8963968373278685
31948,0.9527273135953793
130087,0.007901626277939722
132935,0.0647509431765669
136178,0.03344192150171148
36804,0.9180255897798865
34077,0.946209851793266
136856,0.03802775738553051
31942,0.9487881569050989
34444,0.7897316180663628
131532,0.6823363467322392
32022,0.46146174454909117
133352,0.36205056656885676
36628,0.9604853692171891
33488,0.7520431066946832
133470,0.00984236508107767
130035,0.011199562239458621
133451,0.0015583318150243696
33901,0.9678275476687436
133338,0.23083842687125933
37181,0.8735145818804444
131608,0.8441146932099505
35236,0.9725097283777021
137244,0.007958113052797334
34081,0.9000420409934458
135620,0.16136238910659356
132456,0.0055078283487789296
37385,0.9618443241038367
31127,0.6018802565082078
37455,0.8818163227484733
130287,0.6904142075664658
130361,0.07208606906214403
34815,0.5203788261626177
130443,0.0031068598264745043
131984,0.00982433650623066
30336,0.23800711042234807
32615,0.821128658250629
36701,0.8877998280752455
133767,0.003947256124978063
135241,0.02968602866212159
33857,0.9172365391353399
37312,0.9502759925243132
137142,0.01918646828215971
133655,0.06903603317950928
30986,0.9633411086572201
133543,0.011094306527764431
134976,0.0024608577917046965
130872,0.013499857203927813
133361,0.027644621391584127
35872,0.92923113605363
133516,0.01664162186662799
132823,0.0334930335489176
135788,0.09698136179938079
130495,0.01170189565617772
136325,0.1015450559995064
132780,0.02085425145166131
135278,0.12625268101390758
134609,0.00364306026252832
133346,0.24642644308163822
32976,0.6248411885368459
34143,0.9371400443047797
132537,0.3995387703124549
31797,0.944490298948334
137423,0.016122261292295353
133598,0.010644359214628273
35993,0.9493196313109167
133396,0.15786390317176233
30743,0.9752457920756038
33680,0.6160077803019618
31234,0.9636031575077968
30763,0.9622038775687954
31440,0.8978533635018595
132427,0.04106444488997886
31896,0.8905965075032787
36379,0.9269388222564232
35474,0.0812617595331087
130329,0.06615046198590384
136483,0.004981111387315699
134735,0.002538804342869999
134228,0.030683041720712477
31714,0.9775247255102603
131871,0.007427525910979109
32841,0.920511087487742
31635,0.7485294320386207
30588,0.5225689094475598
35312,0.5895949255221925
132462,0.2892969696490307
35664,0.8725347849893306
32735,0.7591916129518312
131572,0.003614430810780777
30884,0.9570210119278565
32890,0.9001325830993165
35502,0.8472624970969541
134370,0.006475202927260841
32642,0.49295975557508154
35797,0.9543135135623817
131521,0.6085850103478041
31660,0.9240761151545048
32859,0.8812908316349046
131824,0.5761299566878098
37031,0.968070355686394
132881,0.7048069271426041
34308,0.8551998772135665
132230,0.7462131743598039
34990,0.9469020437605347
134630,0.022895821853870145
36216,0.9756136065047462
130314,0.9543593129898057
31953,0.8309137499604479
136215,0.03403374718581923
34363,0.9218669252160181
31781,0.9810082559816888
30976,0.9709617566294355
32125,0.9597581006947106
32975,0.9504044947187941
32878,0.7271082895768594
36774,0.8685189768313243
36958,0.9495701533233034
37194,0.244799895913128
135284,0.0166176350071122
33286,0.7952373690604349
32715,0.9382085181131123
130205,0.13095665869217235
34394,0.9429098143941791
132241,0.012674474908504974
136028,0.012975174980563983
135313,0.02729295636534863
131554,0.005734432915695899
133692,0.0036399206687682123
35030,0.93661343811646
130974,0.6458357066567597
32395,0.9420269962338106
36872,0.9164471523163313
36943,0.8680623562279715
136305,0.06544630439517421
134014,0.3656851007882765
35976,0.8527485632042864
137100,0.061702425568368524
33932,0.9090414967202
33594,0.7028592550164556
33657,0.8538580808167813
36531,0.9695641736042485
34156,0.7976693033281472
33662,0.24943525419054186
133091,0.0038352436966144045
31104,0.5083170024426993
36788,0.9642857956107704
36631,0.9460463736829413
30012,0.948547209253975
136452,0.8038155779401864
132286,0.017164308130339142
134480,0.009137019087358566
31608,0.8804918505826733
134057,0.15281117482564444
130053,0.012240863644431856
135130,0.23529836334967855
36793,0.9447892757149902
132974,0.14587289479073476
37187,0.8100018178539695
37173,0.5925373695748589
34099,0.9634314787678708
36217,0.8841393521603133
130792,0.21446286535570724
34056,0.7751881026603313
136966,0.035869923267652475
133395,0.68181360732262
37071,0.9647445346538148
136890,0.005446601113021508
134309,0.019887432700461095
134458,0.8521733441934035
30555,0.95659757847419
133280,0.5214023465472171
30067,0.944741532348816
131148,0.8416290811512586
131394,0.002840654830287392
32536,0.7797970990300682
33166,0.6891454637497455
130614,0.05429458697942452
31887,0.913587700277791
132019,0.006779882527063299
30967,0.9149382388804099
31997,0.938147095086438
37381,0.7671742904651022
136394,0.6623248726948912
131972,0.014827570643414407
131722,0.15333994346296503
130142,0.8553075005349514
134114,0.03908513585958302
36525,0.8993425404182966
33887,0.9516719033535259
134413,0.005955181842635901
35952,0.3922509800431324
135742,0.025013374824399425
36733,0.8198787070640403
30041,0.944793797680626
136813,0.019035778606626783
30911,0.9007193711863186
34837,0.9725101343125706
31292,0.8773860036634553
31752,0.9568566971036415
135639,0.012037714379712508
130477,0.0799150564746388
32651,0.6323132364985463
133392,0.2603233329114157
132709,0.17914015384748755
32673,0.8641063989551572
34114,0.8495470644817706
30914,0.7747779564951942
132181,0.025868782839997856
134606,0.169635317403991
31453,0.9105934419025061
131651,0.027853346193569065
36897,0.9450036941416052
136989,0.021245397286737716
133582,0.004408429588694664
31725,0.6161126903045877
30357,0.4794637574639248
33354,0.8143400625875488
30098,0.9503689140562481
30561,0.8493408228760513
33123,0.30945174829270305
30702,0.9661920789391322
31513,0.18394657519877397
36385,0.9226922008569621
132514,0.011176413889928457
30426,0.8634351528107056
136699,0.2554739639791205
31590,0.8812687976326321
130641,0.01457545360132984
30604,0.8402181104408948
136816,0.003793044579166636
34191,0.9195708313136663
131009,0.3955600094897983
30047,0.8806172475531135
33334,0.9588481834245438
130738,0.04831366718193505
33159,0.9376606220264836
34015,0.9718170237466195
132480,0.00976851256932887
31646,0.8706408131530915
31479,0.9563153392935511
36757,0.9257632143489574
130925,0.004557808042749407
30653,0.48185777775976735
31129,0.9115623225735092
134032,0.04601555598386798
132297,0.03199662493740613
35172,0.9596216131248175
36492,0.8983977992860223
30667,0.8977309770420586
130450,0.034309804077025594
33774,0.15213095063127025
134144,0.03241901160588739
137003,0.16842265489708755
133291,0.3232418784343023
130903,0.1286725093080596
130416,0.04215317964310267
135667,0.0680989706806982
32129,0.733189946916151
32857,0.8224853205261391
37233,0.5309020689202706
130640,0.002179876051817068
30084,0.057399437045990674
31233,0.9598669704317404
135550,0.021023666909925492
132739,0.02030789857087913
31927,0.4372636123674185
33412,0.9636488837427972
37112,0.8372221631224627
131393,0.6965335349611542
132893,0.6160167140753128
135082,0.11335532545273233
33039,0.9124565942043257
35719,0.9190128012693357
32572,0.668313217834166
33754,0.6706811492351438
37239,0.8946342689145678
30890,0.7190119045601817
33938,0.923980722050349
134851,0.05815936274449514
36561,0.7762597921639384
30846,0.9199800756734546
135575,0.7463937020882558
36228,0.7869385909105393
136613,0.010221782816250066
33733,0.9254972984018082
131641,0.30166608698802727
34415,0.04730054055621033
131933,0.1714823552088171
133213,0.6438443154042698
130024,0.04054738980633019
33117,0.910446916543191
37222,0.06406868887605868
32329,0.9619730244947505
36085,0.8625411885945069
36776,0.9290483071064025
34648,0.9140536270650208
133027,0.1273374406025441
137265,0.3359364562247386
36684,0.9357882921043676
135580,0.060911651580945886
33568,0.9454902254057826
137449,0.008404522727219092
133838,0.08922646069464177
133822,0.004292825452682286
35223,0.9110860222056489
135486,0.002986844071658122
131993,0.32102217278356665
37442,0.8421530147159247
35757,0.7494099500333722
132951,0.04867174101542644
33999,0.8868423769219528
34153,0.9612506280218922
137370,0.6118274698120518
32028,0.9813821542292418
134527,0.006760829054119493
132351,0.07547507589381049
37175,0.406272347357121
134227,0.34826507277476526
36049,0.9042932597931235
31018,0.9594680936209964
30127,0.8315486004008701
136558,0.18866267482579524
130933,0.02101930466450121
131370,0.1065482147675782
32155,0.7557357194388907
31121,0.9662477973049574
137288,0.013586365358195802
36450,0.7102633960216114
130980,0.09295899551062164
134030,0.00502952471491408
34984,0.9628524393050335
30237,0.8742469760504961
135238,0.19026776812253116
30666,0.8034144840747316
31333,0.4624539489863405
30983,0.956675989385791
37182,0.980395686693657
35880,0.9619150690505474
131857,0.43338043298681017
135009,0.03622240489779063
35164,0.9542486708582403
35440,0.8135358608560801
36232,0.6841952584270875
136431,0.7640473058862634
30062,0.9692659306982472
33971,0.8587288514919562
130795,0.11778108484485647
134734,0.1673061829537646
34214,0.9533816408451055
35523,0.9582352532671066
135672,0.11340529358761285
134075,0.06900196473275083
33519,0.6163837246484491
34130,0.8863172566774176
30578,0.971913416073368
132358,0.1555324850121011
132683,0.24849735731317885
131146,0.026562259895089892
34044,0.8172918977092841
33611,0.9480401096328239
136182,0.03210466243482386
136980,0.020739188012580095
31603,0.9265232265205496
135999,0.2190911566678512
33434,0.89987786732524
30448,0.8500614246695183
131992,0.006156499807806631
133653,0.032409633775406635
30861,0.8567068932453448
35074,0.9682310858634479
137041,0.07884480584613256
32399,0.9541604663491322
131900,0.07896117075303007
33410,0.7666516446597197
132237,0.02672323732140677
134766,0.019955994854953366
33542,0.8927578128239767
134382,0.23903606808367978
134023,0.19372881995876967
34569,0.9095403256347321
133800,0.06291288100812197
36086,0.9405081534146585
132360,0.15543533002764798
134198,0.027656569557466457
131915,0.0556760038410099
136678,0.03325584538033629
33020,0.6400431041195521
31734,0.8735364685687321
135033,0.17347693666619188
32635,0.9651707668699525
135429,0.4370061097834186
33149,0.5021500296756394
32302,0.6695672720229635
31652,0.8334017238311306
130040,0.009131061075397809
31713,0.8746863399250496
132745,0.09570049620064933
35913,0.9806266242975497
35339,0.5783388611596538
36468,0.8568113745668806
32722,0.6163837246484491
33384,0.8786569809554582
136085,0.17951967089507304
132989,0.5693193551992455
134939,0.01529172376577846
30343,0.8044358764848607
34867,0.8154665709143751
32060,0.8388756985689766
130199,0.3254841565972168
31063,0.9696466795323035
31382,0.7840566631699748
132284,0.09203331168851088
132060,0.07942997030102963
134836,0.014926267423237553
30146,0.4841092799335181
32504,0.9676190214211738
30625,0.7497568554844398
32336,0.5081009099187193
134510,0.13300642467366436
31177,0.6946826065300881
134892,0.020317060896260578
133642,0.03539233781510459
30413,0.8943801302680012
137475,0.013765106388506289
35018,0.8958727960712899
31815,0.578762136171567
34376,0.8948115823178501
134561,0.02101151957855682
32144,0.8460157620152033
130293,0.13972714886053014
32805,0.5549815273152701
135075,0.27196107490132804
30302,0.847792040220932
134586,0.26450982217648883
37126,0.43983170057328885
30804,0.8317525046427607
133504,0.3512223391832035
30774,0.9734120348745972
135301,0.004750155791743491
35344,0.8623038572119255
133722,0.13213406603639227
34805,0.9368547260452537
135944,0.061185332604130546
130653,0.07836478179607624
133000,0.17632070899295757
30059,0.37082485430086126
134254,0.004263131289142268
36822,0.1572343357472359
32397,0.9645530560493049
132296,0.04721604049231275
33037,0.9542478747286884
33854,0.6209131573213624
133515,0.009361218462641216
32943,0.9067953059559857
31913,0.9447725495537691
130277,0.007697073578904336
130213,0.4342404378988854
32213,0.6657195086975418
30082,0.9297994424711602
35334,0.8607943326438282
133314,0.39205430367199096
35941,0.907627114363546
34202,0.9156136540669539
33544,0.9232801612761408
33239,0.9605949175345599
133641,0.46930887572807456
37266,0.911123836639848
36505,0.9563831642790557
37459,0.9317563964617875
133963,0.04520217378362558
134589,0.02729945750289791
33692,0.9665610254856862
35596,0.927124237864267
32580,0.9329763844654659
136767,0.007040489157841306
31732,0.6562353438550277
31203,0.8320116306330743
132319,0.7246260305786669
136266,0.3103373227246794
32233,0.9810171924511919
135226,0.5967742653437744
30307,0.6239004718654639
130576,0.02104210359986898
134448,0.021074747002914986
134863,0.3272168462024967
137062,0.0053461681727010255
30273,0.9411176413165808
136323,0.18635288943247974
131631,0.014047996323078307
136217,0.5848948053913365
34561,0.9389102823011509
32834,0.8072548662681693
36890,0.9181506709390691
133750,0.005173078546839744
134434,0.18266862692858205
135709,0.5982441994381571
132616,0.027730763129956447
132160,0.20270688042598492
133327,0.054005972624711004
136879,0.005572589597594442
30287,0.9648565988723512
134499,0.003980148390862017
130056,0.0070661632295884085
133146,0.4156701731741611
133191,0.7718369691054265
31274,0.8280302302816785
34938,0.9635323445495392
34352,0.9585070647243816
36936,0.716157663816144
32774,0.9393259677985727
133982,0.02468395175264436
134336,0.4273056696445483
132470,0.020167319786910894
36335,0.6012632411890813
32935,0.15488818085665876
135971,0.653230384648347
134666,0.689251200346839
32023,0.7966499331572046
135995,0.26273406357862183
36644,0.9529258721832032
30855,0.9704758744471903
135254,0.014843289889592302
130588,0.03011542015697591
32990,0.5051322408062305
31883,0.5439844916588457
31955,0.9518727258330433
135700,0.44652017455746296
134150,0.25969935144103373
136852,0.10123716457012988
30956,0.5099871267447879
133742,0.008532309509427353
35742,0.9674503122372016
130059,0.01077611836177611
34839,0.9514611059414965
34774,0.3678940045119906
32217,0.9206148575333484
135503,0.008743267762903597
34384,0.9844037772189089
31437,0.7933852845667941
136065,0.8149524851654942
33279,0.7766102024096027
36436,0.8972936753223414
33508,0.8484494696116016
134893,0.3023797591039643
37401,0.8951196451767427
32622,0.952048263672717
37191,0.9488645031965139
137427,0.04030551146631118
33066,0.974489228231843
31754,0.8036856405050858
131910,0.2569091451077255
37419,0.9152242310030343
136747,0.032978038308698686
130043,0.01219080807411934
131019,0.022319184940557006
136466,0.010326973630504622
30676,0.9701932716624094
33474,0.9114172597786089
30859,0.9584257598359285
36682,0.9136016752130667
30221,0.8571891269482137
36979,0.4249874555287537
133540,0.026723980260696455
31701,0.686379389027913
33621,0.8117996232756504
136515,0.003784657199464819
33565,0.8936672663605891
36311,0.9155470792525222
132283,0.829949679586867
134450,0.0037487315757945305
33353,0.8819677089874048
135169,0.6715859731756028
36651,0.9524809735749681
36618,0.7227282183866717
136460,0.05187870079920749
33225,0.9465440153172906
132204,0.009236335280661534
34970,0.8210177677071224
31091,0.7448150063999988
132962,0.06643132377366498
136233,0.4046968797545723
34734,0.6826619854945511
130513,0.003926961481277317
136845,0.26698104854852184
36986,0.2799015194231602
34310,0.9646098479594992
35116,0.9075679194012092
134848,0.14857955215778268
37254,0.5314020066740914
33017,0.37831357606025917
31749,0.7891991152992827
135636,0.2272034132151164
130337,0.8034717011025858
135950,0.609200445530426
35534,0.7664199378508882
136809,0.003320637674642267
32894,0.9410324746340051
30621,0.9401762541644255
30569,0.4925397377083018
133648,0.023288535942431226
130796,0.013997404935575672
136928,0.01087031346027705
31312,0.9371710444038462
30391,0.7628171976262349
132124,0.004308513348450844
36548,0.8757485926968548
37423,0.8834267885767331
35141,0.9625629853801547
130586,0.009199317555959038
136248,0.3973719988005045
36969,0.8315737419448246
37446,0.9676827637303451
30200,0.9763921843578002
33071,0.9407664706902862
31512,0.538748634148242
133284,0.437780867382013
131701,0.03292100541805189
33735,0.9274411939371483
36690,0.8392632172741996
34547,0.9519817225221007
34486,0.570372248950189
32468,0.9551368758702121
130724,0.06986994660412288
132166,0.5284668619404271
130840,0.49820949511279766
136829,0.19354977589113073
131611,0.4118540228386611
132776,0.02591307789737457
35047,0.5162734511046984
137060,0.09881210502043239
137482,0.009839522131238693
35969,0.9699303592840816
32066,0.8256765671412598
31223,0.9250401707830634
31849,0.8738441754090811
136451,0.534381837816264
34828,0.9327013699651947
135409,0.006532896954276992
36520,0.9200184318006601
134126,0.004159276831166407
35859,0.9073745335035508
131436,0.008074480018227463
37144,0.8960094180951055
137357,0.015283077397692283
30421,0.8029811904363141
34813,0.7655381371965602
131323,0.21502708899172776
31698,0.9324080483296285
132472,0.06662438283826674
33349,0.901580813241182
133604,0.0052338697695372095
135661,0.00460442197642135
136278,0.3196598457049956
137473,0.893036649256986
137200,0.1438999294882315
133595,0.019179941812498404
32813,0.9362353537927504
32528,0.9689092167728333
130012,0.04442900719834691
130204,0.023678165312879817
132243,0.584456639967475
35336,0.9739032851658564
130234,0.006932193725108589
131260,0.11599401205397526
33652,0.9024833144026231
134706,0.14434114557730796
30388,0.9261477613234481
137201,0.11432122444928086
132220,0.09057737807345585
136830,0.04593162041500773
136628,0.029982927464780866
34019,0.9634088351597774
32212,0.5677418743368237
33821,0.387314323381444
33577,0.3338848096314089
135861,0.036785246622121376
137258,0.008375715494491258
131475,0.8830979138253173
132627,0.5666163179891254
134481,0.005005163513830982
30832,0.8415876014644484
31284,0.8050585518746801
130680,0.08337328470658148
30463,0.1560417203937352
33663,0.8106548395110286
134176,0.00590366263330705
131957,0.16754746503798484
134184,0.10384060010921982
30222,0.8324249730357014
131182,0.060636487645642105
135249,0.0030225674573049104
31812,0.7509923683690622
137121,0.396239338404404
133117,0.014460220058116317
130895,0.3297310287223741
35126,0.8636883217511974
135199,0.30797795036894066
131271,0.13963455608840364
136931,0.014213585644487199
37431,0.8089415808563662
32953,0.5656315812215693
31053,0.9348507002462922
33920,0.9236285060040983
136878,0.08901772768525631
130709,0.02088778464120524
36421,0.9019213775731216
34582,0.8309949621085579
31558,0.9169589902722493
30685,0.8820354970753906
134133,0.0030518758930383437
130523,0.7767258279886553
134034,0.07722019730284564
31899,0.9748383995393335
34213,0.898338714057672
35860,0.944282289178501
32985,0.5601410319628326
32421,0.5860651615756576
131338,0.010724172983072891
34731,0.8156762910575409
130772,0.024065976282285767
133996,0.09952582505331638
33878,0.9435884004304799
133362,0.05637050640607464
134308,0.007737076841831363
135799,0.06391122652578844
30443,0.8748472336800568
136132,0.015709276431266087
137143,0.015444371207279706
32433,0.8878450795139242
31467,0.9793342764083355
134569,0.07188830510688543
136960,0.04983399752637111
36869,0.8868786891584874
37421,0.8919329073769743
37028,0.9187599937392498
33403,0.8351113213808111
36145,0.7893112201340565
133843,0.02906110308860343
36973,0.4670795444017287
37313,0.9470968732802695
32006,0.9568486439138333
132770,0.006839549865537979
136193,0.005420466150638247
30066,0.9641128785316324
135225,0.07486437486137427
32623,0.8974940736706525
132249,0.10031435450710931
34786,0.977249975434544
135214,0.0712349999162888
136196,0.9121233975781494
130319,0.037999728737424666
31525,0.860578572078122
131751,0.003962396456575625
34936,0.9641084788202601
32355,0.9477104367875722
134340,0.38775573104189315
36614,0.9580122342688188
135103,0.013430122350353433
32864,0.9009806139096768
32219,0.3335034997471865
135521,0.022188554822694773
34294,0.8421695039699721
131332,0.005264511166836546
30142,0.8288051773637066
132453,0.3560030832848162
133547,0.7663056577294247
131732,0.02075913460640111
133571,0.006301023240283048
135133,0.03340909174196858
31843,0.9461590867793829
31571,0.855527739897018
130340,0.7851940900016426
131080,0.19757336962615032
32271,0.9486906609539821
35158,0.8013201406311161
35912,0.15369203922791597
35663,0.14367946718288638
30481,0.7090516842986375
32020,0.9763109943539688
136160,0.006256050939974947
31736,0.9612725580138347
134996,0.015734084008747203
35321,0.83068491795405
132528,0.0032958468588641147
32767,0.9771388253317661
33903,0.9433739502715827
34890,0.9705613867176942
134225,0.03026996263109842
30629,0.9766047661135662
134547,0.011407870908311645
132184,0.1320226242080671
32967,0.8368558634201928
132106,0.5152251604459531
37039,0.9634705482408857
34776,0.9587216554606481
35940,0.8670841905132215
33120,0.9111614987243644
131196,0.6917512979636493
32741,0.8853645594318695
30616,0.9365267654825127
133417,0.0131981958588099
132227,0.1507205814037007
35884,0.9324345551917141
130733,0.1464772752011741
31411,0.9587416757401295
30689,0.920181768836043
32161,0.9435597376423404
130267,0.16908569493271258
30593,0.219819285351632
130803,0.04126368306040433
133082,0.22287128216853086
135649,0.010394911953297304
132372,0.002914033231627658
35915,0.887434169654077
34350,0.8938640995554621
32408,0.7958625602482057
135565,0.8522743148021803
32614,0.8397049516267997
35327,0.7869597497409262
130498,0.004568864305167089
36343,0.22373940666545275
130454,0.6285282610683134
130251,0.12481755731268995
133718,0.7296959757002013
30897,0.34451761452492924
30951,0.8125303693089483
30432,0.8390982735200971
36965,0.8604835594485827
133398,0.010335330762743029
134571,0.11793723988264776
32561,0.9737196503971025
34594,0.9118028707948822
37177,0.2984401785635727
132786,0.0920673615610001
33826,0.8222875324866648
33206,0.9693790849604242
31189,0.971175951165392
31081,0.955344248516304
136528,0.23556727550632675
32818,0.9805291132625144
133342,0.18129299215969244
34927,0.7339390790952643
135552,0.06572826569373
137274,0.01996884952443168
136925,0.011140561898999052
35082,0.891601644286653
32883,0.35878607166422155
131054,0.007989431997198487
135648,0.05991492193855225
31595,0.9052627366075069
33945,0.3243781205772731
136480,0.022435594565555744
36742,0.9744911196963
132859,0.011070584606809881
136103,0.29043164285234085
34900,0.9395899457870325
36846,0.9657708876958532
32602,0.9056625694551192
30810,0.5845282842816775
34000,0.883912049596389
134433,0.8081912973133912
32920,0.9787653050800996
132177,0.021425499538542277
30521,0.41422979444454394
31377,0.8540418301738946
134643,0.7129090030354893
33238,0.8497778565127552
31394,0.6732476386481303
134671,0.5186638620153142
137436,0.035338609139418414
135118,0.003616346204038637
34742,0.9414344831081468
133854,0.13047133675692946
36270,0.9008399882326407
32743,0.8294154667807758
133561,0.004394804493544289
130331,0.43750426142199056
131349,0.08620830130509172
133055,0.037030646693466264
130950,0.12145958918667489
31938,0.9046863394614508
133643,0.0075641553377728005
32524,0.862592212065586
35490,0.9481340817073047
30264,0.7879389496886733
34084,0.9112896106498823
133011,0.02238615815467788
136397,0.004033947129939828
132925,0.02132080324107286
37065,0.8555511668268097
31824,0.8712422019258049
132448,0.004279735551179135
33914,0.9717800144901552
131813,0.007676611945520075
31180,0.8811147293085735
35375,0.9360574941039193
37374,0.758872690245728
34717,0.9318405799562313
31247,0.038610212003749395
132429,0.13421142969406508
131438,0.2258492240960682
130286,0.0630234971793666
35397,0.884997182102117
33978,0.9657705732177861
37325,0.9441377422904208
36597,0.970893115396879
133248,0.024004285593479283
133989,0.024955921880625422
131474,0.008267929233495647
130871,0.8920609771117535
33150,0.8288456485676696
36451,0.311317051985748
135367,0.04583704668671288
132703,0.0030769817606606624
137229,0.08763153315122069
136523,0.005804542723272643
133959,0.11401739041531919
30351,0.8956070490891985
35198,0.938113089502934
30234,0.4417511586713717
31929,0.9131896977392329
133381,0.8270769888603233
32366,0.9442002092478744
34208,0.8668017465500666
37311,0.9726420057921412
134982,0.23985434767337005
32185,0.9545077621763024
135052,0.012801896641111662
131239,0.03673819897852375
134437,0.006476266016836696
133756,0.03977018972078797
35280,0.9327237376845712
33861,0.8347289765377599
136963,0.16471106293573723
33267,0.8801039068410168
32307,0.9008447951586331
33515,0.9276673881010771
30128,0.9567871130574631
34673,0.9787998947830595
35758,0.9270432150170878
30701,0.9641812400242429
131387,0.021681230429901874
31744,0.8256509699977095
35901,0.8515118357755727
35754,0.8609608912148538
131014,0.00894803514619766
135422,0.011577152274088877
130291,0.04947312700391292
33648,0.8492119083702154
34008,0.8600246238830049
31373,0.9142270219992337
134740,0.009850175572323188
33056,0.960158055909192
31117,0.9650957005857833
33172,0.1581493420897716
30232,0.8559106789024941
33271,0.8753580743100596
136368,0.006105537417534314
133285,0.034468313134545535
36940,0.9076640728139549
133135,0.12768623592505968
30829,0.9574298042667881
132345,0.047566540955255504
35487,0.7553769670744519
130077,0.4362852349866936
135987,0.2436258555895767
133624,0.09156677261499693
134172,0.07162977927625155
133343,0.19959146023005148
132223,0.03506135125104884
131986,0.00343502941445214
35281,0.9558373689764662
35485,0.5494180506184132
136991,0.010466546030310497
134514,0.029928924302329928
132216,0.12997908630720956
32285,0.8908503992157326
32284,0.907965796194904
30218,0.5281628537314741
32814,0.8532592754339203
130610,0.918434978566819
136754,0.01921918865046302
131559,0.008742482043832664
131797,0.022916416977243854
35477,0.9306088210027397
133391,0.016564011189675803
134907,0.12254039759782237
134651,0.06772723176924345
135181,0.6737616616134705
135198,0.00415196274564042
36808,0.42744841549453283
37457,0.9117583971541914
135685,0.032672278096062886
133164,0.013359168990310408
135131,0.040025709147194
130362,0.00250171397238723
137065,0.03655127718139031
135751,0.109466064541122
130735,0.04619335034906924
130832,0.15754308473080925
35641,0.9388569919773162
35411,0.9668654060665326
135446,0.02618549157013329
31401,0.8783365860863708
133620,0.4220664932315036
136377,0.2559614951768155
135265,0.027131948323759498
34028,0.7970004278199121
34248,0.5426469272064923
33539,0.6978920442950938
134999,0.04519520496299666
131712,0.003627018791713543
136109,0.15809638496597012
133072,0.011788104061542102
131093,0.5391189141926901
131489,0.013003543288789415
132103,0.2067272419085677
134186,0.003081174219150961
33755,0.3204377301392731
130426,0.770935532142585
36998,0.8195493386402888
135154,0.011726009565214017
131997,0.15548637073646643
34531,0.9336737403524076
130860,0.3430018730317887
132685,0.09530485112726472
33895,0.9294062914864917
33220,0.9724174024728348
35613,0.8709513551775013
31656,0.8783549940602691
34219,0.22506374785468314
37103,0.9706448865289297
132902,0.007103334986764905
130193,0.014775900533271293
37137,0.9346654719492887
34113,0.9624634854439027
30477,0.9114709276888561
136126,0.09066340410120098
36752,0.7687203562666396
136958,0.0052615620581712135
37296,0.9209241260810664
32394,0.7177967884152411
31533,0.5770012979118925
135910,0.712175687953088
31818,0.8871396975552343
33934,0.5019904279980367
32944,0.9657690941034615
30017,0.9099062434648985
133659,0.4782521206281344
33760,0.8028989146181313
36221,0.8670585815696279
131604,0.16014221164760528
33306,0.8654434985910611
130911,0.018733568841430806
32256,0.9723925885226237
134127,0.3113216234909212
36001,0.952484202139753
36438,0.9699810681181388
135847,0.5321935750623564
133293,0.0071514461795087495
131208,0.2167155646923529
137141,0.004483427798082637
136055,0.016334757418835937
134619,0.022638396630305944
34859,0.17099917886153193
37328,0.9169930689778829
133019,0.010616094912483456
31594,0.9557020772239408
30278,0.9449184162882578
133087,0.012896796586165469
133069,0.03787466235294162
130647,0.15466507911051075
135986,0.29048615123220267
131340,0.040861494911856505
131142,0.03483133950839168
31992,0.7340409519608001
130746,0.5029333909112693
37489,0.9428550947246938
34397,0.22653132011892152
131593,0.03390319621034733
130225,0.0028035976384293833
135937,0.044016027628172305
36219,0.8320389000816831
34268,0.9006790192334477
132374,0.1089377431361179
35747,0.965679744562365
136821,0.06846897032451546
32995,0.9675670162154785
135710,0.5137933680297168
136722,0.16318171501800718
35601,0.9128008889684149
37447,0.9069588862528973
35587,0.9699190669626756
32259,0.48642285020298126
35266,0.4539414245575898
131278,0.023731119044283776
131240,0.3866127870195135
130745,0.015375529701250465
135518,0.41623242292776136
37216,0.9330190423538816
36616,0.7824297038156938
135134,0.002379336766000336
36087,0.9555498272853375
35696,0.8853128412464983
31259,0.17410353864065825
135764,0.11027825803706279
134612,0.03860974566016684
36155,0.9378212193945732
31257,0.8826269744112708
132501,0.0065120946925902945
36464,0.9328933023456484
33420,0.2226928325763677
134273,0.046944436131263985
136675,0.772524873262701
134359,0.013821302640955312
30538,0.31627670752737014
32919,0.9642517066913086
33489,0.458117432161788
133465,0.12397596361992484
135074,0.05778210782004329
32773,0.9397148079134617
136694,0.02712086832315333
37440,0.3094869614640988
137018,0.7479538639140224
137256,0.015131994984701008
35498,0.869600381398269
133609,0.319145710053658
130625,0.888945411749567
30236,0.833734364769426
135211,0.24855359741611938
35378,0.6359094492704638
34234,0.8226822106365487
137061,0.015001210762208105
133512,0.004257240201008478
32417,0.729469178498682
136317,0.007928020642500623
133544,0.030101726457389465
136882,0.5098901667693261
131155,0.0636661274077871
35356,0.9596924785879678
132863,0.017148690045213705
130561,0.007781074161779337
36849,0.9325298994672302
133064,0.3653977529438083
135002,0.2242748684655067
31176,0.7830320331542027
33522,0.964323227039418
130328,0.24313603332211747
37060,0.7689339496183699
36215,0.858140611317042
31049,0.9253182195315008
137317,0.09600321100931422
136725,0.14011312218504518
135190,0.006274380907855279
33995,0.9508456282789168
36942,0.9333668594248881
137315,0.0782046547555517
137084,0.18293848830130965
36223,0.9186825055669303
33695,0.7190667536370527
37324,0.8948685118109878
134915,0.011517514109784768
35567,0.8696874601466239
136589,0.3157430417020739
131694,0.02360354240748333
137107,0.0036143267043147144
132558,0.135182115434124
137260,0.7657922695398239
30584,0.9580609344609878
31510,0.9665557185812388
36603,0.9275439297281771
35129,0.9437583884047047
134071,0.0449076990932622
37435,0.7217381724745993
136120,0.09208465234339902
30473,0.9776735968012414
35173,0.5133463084621753
37117,0.9194947644294896
136642,0.6203935808303779
131455,0.08567510792664579
37243,0.8341485703988636
37411,0.8588470604655771
133616,0.006589507652258316
32982,0.6877585230318402
131744,0.02825569378447023
31914,0.7551364330165118
32539,0.9750518151916494
33399,0.9656086943144144
35877,0.7497009156274373
31072,0.9765830948640237
130833,0.08193200907287371
134512,0.007309175438290562
36357,0.8765624019780387
132365,0.7129508011766463
135690,0.39657867982964085
36976,0.8534134308313653
31994,0.9074188266441834
33497,0.9366085442300178
32239,0.9539336293104553
34132,0.8744286288645384
32708,0.21137233331089506
132054,0.005677182786894641
31555,0.9590416254614126
37001,0.8050501245174986
35968,0.8487919483715645
33980,0.8729051158896224
31859,0.9084835503999128
130452,0.0029486935714659445
32262,0.9114396774545844
133194,0.021322984032885222
134878,0.7846267431616113
32183,0.7388760033509765
32629,0.9666999897659353
135586,0.0066846742102620645
130212,0.6714209053910148
136284,0.35634496062200993
136073,0.023905475581775176
37108,0.8146095011248051
37495,0.524484373009668
135925,0.8810501779939888
130162,0.0056699219487977605
133431,0.006061374754576004
30331,0.8751410420152982
30260,0.5239518483841369
135948,0.019355086612443242
31576,0.1687883992675516
36114,0.9756738851228146
130613,0.0056479795220817615
33199,0.9776799011755797
131792,0.03877651320557948
135488,0.037193387256708954
134054,0.010545295975867279
133508,0.10639209537336017
31240,0.9738899170830378
132729,0.009143952304147704
136135,0.05408444892595872
31943,0.8488742627467769
133891,0.0986453667649286
35199,0.9433357564343968
35544,0.9457534623142851
136414,0.7724069007140115
131203,0.02153856506461536
135341,0.015668650231803544
34367,0.9204859297366698
130289,0.020472673308593394
135424,0.3066372521566754
33610,0.37600573230181267
136779,0.060378192051312216
131540,0.002895318541874056
137351,0.39089569707791005
34282,0.9323769283830886
137242,0.0407173989215588
35846,0.9453045364013998
33608,0.7297129658879582
37321,0.8661161756403072
137397,0.07189661070894653
30035,0.476687618538524
32925,0.9241241629167589
133721,0.026894594342098375
31862,0.9510517312369502
134157,0.10441706023702005
30437,0.9763613869556655
131511,0.06467376262655114
31709,0.9561091070868456
133138,0.011247312358790073
132748,0.061246953149401366
31417,0.9552159751755464
134226,0.20291104948666816
136296,0.007813788234889249
130258,0.3009811049522254
30596,0.9731515437229658
136069,0.0525630854766345
137259,0.302512297499026
130188,0.004918727122529865
33881,0.9466381786946052
32909,0.9637549598190587
131508,0.0738067691532271
32906,0.8847266987235977
33879,0.9431064395725989
36817,0.7945753332769525
35379,0.7174889834793758
137188,0.03943815096297266
34192,0.9061771055486004
30551,0.9679426384094347
35326,0.7663949367021938
131753,0.003493516851087965
30006,0.8888258916152354
131326,0.05886460983971195
30705,0.9407545849121111
137114,0.035933825424998345
32609,0.9561821080716812
131125,0.014010315711731452
36312,0.8329315548006463
132663,0.0811708651667569
134236,0.1911355346454438
132818,0.8241633469376204
35643,0.9239574913398843
33678,0.8421412621187409
132890,0.049544753046285035
132596,0.3603816943707713
131909,0.004643388767035687
134420,0.003950892133286674
31309,0.9625547931227354
33970,0.9584524470059131
135602,0.40575075147618056
36994,0.7536342934031633
31047,0.9214425985894685
33828,0.9060712145029237
33546,0.9659124350682378
130540,0.0336320553962292
35552,0.800409078075016
137461,0.8575111428724526
133553,0.1600828173438458
37123,0.7320285969533062
30576,0.9429975117238424
137090,0.0035569721197293855
130556,0.6364403289072589
32197,0.8337174385525805
132037,0.0037145083354236095
32092,0.9632306312267715
130312,0.07246986970034211
137261,0.008451379641748191
35888,0.9724941213859234
36535,0.9577982811122921
131576,0.7995561922875394
136075,0.574011102884258
131676,0.1128668756515302
37083,0.9366443945928924
136056,0.004533894872723674
36434,0.7638536249400071
131052,0.7122368613881904
134810,0.00563052424230334
136223,0.00419286508063843
34847,0.8692365096528272
32119,0.752280036996089
132851,0.5336750444526257
135605,0.1298308604430109
135119,0.7849356919325955
132294,0.0799377884592695
131897,0.09269601251902823
37407,0.9561492267116712
130343,0.886212772023886
33118,0.9453370875464022
136984,0.022052269223392453
33177,0.9254771788995902
33455,0.9277551567862468
136911,0.05983800311971251
134321,0.0035503063695607926
134031,0.9550598741478679
136704,0.007050203362605395
137113,0.5928033929641803
135693,0.11119200083187444
31926,0.9626635250640347
36327,0.9377156443992858
33143,0.7651403322568372
136265,0.010998768028823777
130962,0.13627545220203083
33724,0.8667831811779774
132756,0.19538543655253945
134266,0.6744670827424174
131661,0.02264498019206356
31530,0.8396031231564163
134408,0.022695335703888445
34521,0.9349253983821062
132162,0.21218071920182774
137227,0.008188961310851372
133379,0.006124043202504911
30662,0.7569073447438557
134602,0.03511299551792804
36622,0.9694546645287825
136692,0.9251882957150305
34273,0.35775897667039186
33956,0.9153864598983966
131292,0.002993058153367075
132728,0.05525002168129681
35918,0.9326515715217915
136091,0.14025201805470297
31409,0.915081240406308
133038,0.08945105095946178
132844,0.024809949840769775
137287,0.6231601012142111
32787,0.8802178063959084
131250,0.5351167685731667
32495,0.8108171166518986
31071,0.9483313029383207
134439,0.7073196871536471
135152,0.03604259143780797
136012,0.0070230960791209645
36306,0.8430470423910614
33013,0.7171615458741538
134462,0.09600931837291947
131275,0.014433169617146075
30092,0.7101726582881577
33260,0.9012237254828304
131069,0.5938632037440903
31697,0.9245473901407288
136739,0.33848525052082923
32847,0.9568506413449985
32556,0.7448404813836658
130850,0.11621091832003996
30994,0.967809012098291
35932,0.08791454277164167
36687,0.9073240333107718
34404,0.8028133451103614
33922,0.6470922896674569
134868,0.10294920568769778
135923,0.0147810774541983
33686,0.9607049236142783
132672,0.789237867599027
31032,0.433239964599769
34427,0.3672057628092429
36448,0.9174002288097362
31580,0.9377710918942319
134583,0.009288304866077991
134131,0.06501620163691631
33876,0.9432089498557966
133468,0.8619690421204059
36697,0.9652526304271218
30977,0.869482957182993
30354,0.8662361093161515
133365,0.06753610650542796
32046,0.9688088147386646
32882,0.8458146352483396
132832,0.03581293836357087
33606,0.8576535758108907
134912,0.010028098310064541
36397,0.5977152556162089
132102,0.018068692462998213
34750,0.8943000045097779
131938,0.015175258889934495
33457,0.9408096504074764
131053,0.03795929057431047
32681,0.8030516026295667
134833,0.3921142376667619
131086,0.05142762235154561
34682,0.9062012502313858
30606,0.8116299439232888
135578,0.17513357735962642
30639,0.8224004058253658
133672,0.7741477583526437
131538,0.04950921065874471
133118,0.007402921926276328
33966,0.8310144727439098
32905,0.9467052636754498
30648,0.8824623621335289
136496,0.021285235622803392
32595,0.8179216973461643
35238,0.7602632200307103
132108,0.11661788015985014
32690,0.9205812227056738
133483,0.6302453540011079
30180,0.9500125887579307
132095,0.08087487906180524
136802,0.19785563389959987
35934,0.14590705950616417
35458,0.9654802068380668
36298,0.8994163222919
32451,0.6875514303129315
133278,0.3212377461575041
131690,0.006483727947235994
37120,0.9285980281162659
31539,0.9504476721663018
135421,0.05398195176208013
33936,0.8993512706761699
34876,0.909108837860034
136545,0.007972848716760801
32448,0.9372098656832479
30913,0.9509370604494077
135921,0.01705169966616599
133440,0.29500095124804493
130685,0.04994003113871339
30814,0.923476571876849
135147,0.11321848877783766
37283,0.9337531776301273
35270,0.856114888796278
131955,0.07927041697917606
137329,0.1043708903427702
31946,0.9550383869046364
133250,0.09210710687665093
