id,is_member
cauldron_ln_8044,0.5024276838493349
cauldron_ln_7863,0.6635839797097067
mix_SI_UT_5400_19,0.1334928494159754
mix_SI_UT_5400_896,0.3863122776567873
cauldron_ln_17842,0.11736802141283594
mix_UI_ST_5400_1010,0.20460154660846575
mix_SI_UT_5400_1158,0.22499586989653636
cauldron_ln_5492,0.587341872087664
cauldron_ln_28055,0.7161635208097826
cauldron_ln_15782,0.7592616783386705
cauldron_ln_10896,0.7004276302156347
mix_UI_ST_5400_198,0.04060237552051542
cauldron_ln_14683,0.7987411701963079
mix_UI_ST_5400_1434,0.42538967474698886
cauldron_ln_15146,0.6433226735357735
cauldron_ln_11421,0.6755093054978787
cauldron_ln_9412,0.385391517312758
cauldron_ln_23873,0.3164529906342035
cauldron_ln_21744,0.5778963411455184
mix_UI_ST_5400_591,0.08129336807145526
mix_UI_ST_5400_1048,0.19518900154674168
cauldron_ln_1835,0.7519785046707932
mix_UI_ST_5400_1353,0.14673594250501976
cauldron_ln_14310,0.8414121009636878
mix_UI_ST_5400_432,0.052485160163640576
mix_UI_ST_5400_481,0.0718345834057756
cauldron_ln_12651,0.6996731424810795
cauldron_ln_9528,0.5857438674481598
cauldron_ln_28369,0.09704872962738925
mix_UI_ST_5400_381,0.03470438572834406
mix_SI_UT_5400_413,0.5520852146560361
cauldron_ln_11962,0.5332506345874871
cauldron_ln_14987,0.7827093942904999
cauldron_ln_10926,0.575825766012108
mix_UI_ST_5400_491,0.3181586195843312
cauldron_ln_7384,0.7078191736773822
mix_UI_ST_5400_1466,0.15757310709571065
mix_UI_ST_5400_1426,0.1571779284983824
cauldron_ln_29607,0.6924015274568722
cauldron_ln_12404,0.7315098844449599
cauldron_ln_4937,0.5830574263540872
cauldron_ln_10260,0.8303646799555555
mix_SI_UT_5400_526,0.12249057129061079
cauldron_ln_16527,0.5961361013520647
mix_UI_ST_5400_662,0.29511857703432365
mix_SI_UT_5400_437,0.2835374630881017
mix_SI_UT_5400_106,0.17305518500148687
cauldron_ln_7890,0.7702677775026282
mix_SI_UT_5400_1078,0.3155404753650133
cauldron_ln_11429,0.6788374230139413
mix_SI_UT_5400_30,0.4028517494287566
mix_UI_ST_5400_1483,0.475096821767141
cauldron_ln_7449,0.6821913634382675
mix_UI_ST_5400_1140,0.1880614693999607
cauldron_ln_24003,0.6304871875119252
cauldron_ln_9540,0.6955089916454387
cauldron_ln_22660,0.5746563749833027
cauldron_ln_1774,0.4915328316783273
mix_UI_ST_5400_629,0.2793177755231542
cauldron_ln_16259,0.6389142434714659
cauldron_ln_17752,0.8010340687430644
mix_UI_ST_5400_1073,0.4270845653601756
mix_UI_ST_5400_735,0.4528248577081607
mix_UI_ST_5400_1045,0.21243901294858775
mix_SI_UT_5400_397,0.0771640524170336
cauldron_ln_14219,0.6269748509675348
cauldron_ln_2781,0.6828732027145288
cauldron_ln_22647,0.5210428120278721
cauldron_ln_27463,0.3603878116618714
mix_UI_ST_5400_278,0.1137426889411845
mix_SI_UT_5400_67,0.0656586121669362
cauldron_ln_19954,0.6684113071039579
cauldron_ln_14482,0.7853561397111815
mix_UI_ST_5400_1035,0.35112297182629215
cauldron_ln_27388,0.42297663378133465
mix_UI_ST_5400_95,0.09169169835100134
mix_UI_ST_5400_1026,0.034703532250232406
mix_SI_UT_5400_300,0.07955262939566532
cauldron_ln_6757,0.7365552433964804
mix_UI_ST_5400_1169,0.6066181445019443
mix_SI_UT_5400_635,0.3978514991196115
mix_SI_UT_5400_478,0.29168915018916397
cauldron_ln_21010,0.8250353992778847
cauldron_ln_17103,0.48256337203921396
cauldron_ln_10561,0.8051761706097545
mix_UI_ST_5400_726,0.19599089595021407
mix_UI_ST_5400_676,0.29843760036908307
cauldron_ln_15332,0.6544533581394155
cauldron_ln_23958,0.5947046981787004
cauldron_ln_24104,0.6810694067339171
cauldron_ln_10117,0.5173817869024767
cauldron_ln_23357,0.6491331689874413
mix_SI_UT_5400_208,0.3688425251852325
cauldron_ln_4968,0.568590192123259
cauldron_ln_18453,0.8474578681969012
cauldron_ln_28882,0.6911033813058186
mix_UI_ST_5400_46,0.031022393488942094
cauldron_ln_22611,0.48637163644955217
mix_SI_UT_5400_1336,0.21340511121213984
cauldron_ln_6047,0.6526947523151962
cauldron_ln_338,0.525791233370848
cauldron_ln_11367,0.814834838053095
mix_SI_UT_5400_832,0.6416953786625659
cauldron_ln_5754,0.5461306225902928
cauldron_ln_23839,0.5791109081180896
cauldron_ln_27506,0.6512566804764139
mix_UI_ST_5400_1243,0.4115462648448782
mix_UI_ST_5400_76,0.04831559392340269
mix_SI_UT_5400_269,0.028052686007875492
cauldron_ln_8533,0.668605593152179
mix_SI_UT_5400_1040,0.08543160417206097
mix_UI_ST_5400_1211,0.05216420626294865
cauldron_ln_2986,0.6489475518629605
cauldron_ln_907,0.6774231628694667
cauldron_ln_19397,0.744872297056512
cauldron_ln_27571,0.6484185838936714
cauldron_ln_14244,0.4493295728568254
mix_SI_UT_5400_486,0.3177415711906638
cauldron_ln_1145,0.6066148174548378
cauldron_ln_18444,0.6125332252577831
cauldron_ln_1887,0.8059778040170031
mix_SI_UT_5400_400,0.0924589229299663
mix_UI_ST_5400_347,0.05495938511154737
mix_UI_ST_5400_807,0.465814583926905
cauldron_ln_29526,0.6832583770610944
mix_UI_ST_5400_1264,0.08716921354431229
mix_SI_UT_5400_515,0.0789336769669674
cauldron_ln_16634,0.660925437891805
mix_SI_UT_5400_588,0.5466912473718426
cauldron_ln_11925,0.5033369851091269
cauldron_ln_28010,0.7155043296450354
mix_UI_ST_5400_317,0.21566462860365576
mix_UI_ST_5400_299,0.37330403590075345
mix_UI_ST_5400_1017,0.13818263422126456
cauldron_ln_15024,0.5578211047820243
cauldron_ln_10384,0.5889231744307413
cauldron_ln_20378,0.7858927658654706
cauldron_ln_2969,0.81267312201443
cauldron_ln_27454,0.6321865285638675
mix_SI_UT_5400_533,0.55636208990211
cauldron_ln_2106,0.6622122140834716
mix_SI_UT_5400_1140,0.06649819610905311
mix_SI_UT_5400_58,0.7410864380978135
mix_SI_UT_5400_880,0.460267424002882
mix_SI_UT_5400_166,0.2670373254050634
cauldron_ln_29932,0.7275969373107182
mix_SI_UT_5400_315,0.39741755699708936
cauldron_ln_12775,0.7755373415254008
mix_SI_UT_5400_1397,0.25644841394994183
mix_SI_UT_5400_528,0.5235998647767093
cauldron_ln_23190,0.8207746600328507
mix_SI_UT_5400_146,0.11022569069270097
cauldron_ln_27258,0.7622934833262527
mix_UI_ST_5400_966,0.5638459565075145
mix_SI_UT_5400_403,0.4230404906442634
mix_UI_ST_5400_844,0.47479207578526145
cauldron_ln_5051,0.788995201414876
mix_SI_UT_5400_955,0.048342474643393696
cauldron_ln_10741,0.6166710024176691
cauldron_ln_15949,0.7253035167910902
cauldron_ln_19319,0.6553395156718815
cauldron_ln_18427,0.4058991252340355
mix_UI_ST_5400_487,0.1327779980505942
cauldron_ln_19269,0.7637942355553375
cauldron_ln_11550,0.6683952687725763
cauldron_ln_3692,0.6513982825341252
cauldron_ln_14785,0.2893485617198457
mix_UI_ST_5400_822,0.11185864424625784
cauldron_ln_10913,0.3079882730943404
cauldron_ln_607,0.8388485959517338
cauldron_ln_1630,0.20310114876806887
cauldron_ln_2488,0.7693992086833079
cauldron_ln_15622,0.7465554770723812
cauldron_ln_22881,0.5118464083458805
mix_SI_UT_5400_1154,0.7773648287335762
cauldron_ln_29166,0.7856659001053306
cauldron_ln_19244,0.5492236883534745
mix_SI_UT_5400_1352,0.22554048731306786
cauldron_ln_9689,0.7690493572568344
cauldron_ln_15068,0.73647881974732
cauldron_ln_11868,0.8270979921876888
mix_SI_UT_5400_61,0.21860084561871035
cauldron_ln_24541,0.7832922111410209
mix_SI_UT_5400_362,0.0730542618481933
cauldron_ln_1728,0.45629278674295404
mix_SI_UT_5400_1003,0.5336731782812719
cauldron_ln_21799,0.6761875789724039
cauldron_ln_8077,0.8247427823946099
mix_SI_UT_5400_1039,0.025631716528221334
mix_SI_UT_5400_1073,0.14837153549476484
cauldron_ln_15986,0.7295404008464401
cauldron_ln_6543,0.6651360926199988
cauldron_ln_19956,0.4994758756629006
cauldron_ln_7175,0.7002804446569388
cauldron_ln_23407,0.5457155452232223
cauldron_ln_15369,0.6346151096241944
cauldron_ln_16554,0.4537837780003071
cauldron_ln_448,0.7717756423682989
mix_UI_ST_5400_417,0.42697816736825916
cauldron_ln_22233,0.6560961075124403
cauldron_ln_26043,0.3241766120520554
cauldron_ln_16304,0.7444128104306704
cauldron_ln_14141,0.5845037028542235
cauldron_ln_23630,0.728975427766663
mix_UI_ST_5400_710,0.14162422634100796
cauldron_ln_8007,0.8533755259593088
mix_UI_ST_5400_590,0.4629245827417071
mix_SI_UT_5400_410,0.4626952732842021
cauldron_ln_24925,0.4417625672195032
cauldron_ln_27190,0.3569128125473793
mix_UI_ST_5400_1268,0.33631535747233055
mix_UI_ST_5400_685,0.44524125605901294
cauldron_ln_1069,0.5179223176225942
mix_UI_ST_5400_827,0.26701898654129125
mix_SI_UT_5400_5,0.36537404575684684
cauldron_ln_27839,0.5889932138828222
mix_SI_UT_5400_633,0.07678066566261207
cauldron_ln_14133,0.6926881037398437
mix_UI_ST_5400_728,0.646857299757442
mix_UI_ST_5400_437,0.3067761638834833
mix_SI_UT_5400_885,0.5633498490899831
cauldron_ln_4311,0.6276452520139892
mix_SI_UT_5400_301,0.1825287932700494
cauldron_ln_12842,0.36502051990223494
mix_UI_ST_5400_83,0.33910553452018
cauldron_ln_11288,0.4364892392150504
cauldron_ln_27828,0.6913552076423527
mix_SI_UT_5400_101,0.07122901126222514
cauldron_ln_16476,0.5705304256656443
mix_UI_ST_5400_709,0.38707045442627186
mix_SI_UT_5400_570,0.12550912118099122
cauldron_ln_19540,0.7532657308668294
cauldron_ln_17829,0.735763103845966
mix_UI_ST_5400_985,0.08196790102160093
cauldron_ln_2288,0.6868796288028197
cauldron_ln_18551,0.4205967344759812
mix_SI_UT_5400_240,0.36473354583836937
mix_SI_UT_5400_554,0.34579132518526423
cauldron_ln_26336,0.7038715963092987
cauldron_ln_8102,0.7415939768203978
cauldron_ln_8498,0.8016801327868028
cauldron_ln_16991,0.28942964605354526
mix_UI_ST_5400_149,0.27180647703067484
cauldron_ln_22346,0.7227457000459938
mix_UI_ST_5400_256,0.06710376110438082
mix_SI_UT_5400_337,0.13430350732709462
mix_UI_ST_5400_456,0.043807832977584386
cauldron_ln_26480,0.7416076413104045
cauldron_ln_29867,0.6390761177968378
mix_SI_UT_5400_1256,0.06440464552858123
cauldron_ln_917,0.6125124761531285
mix_SI_UT_5400_1001,0.2059118991195322
mix_SI_UT_5400_1141,0.3729148006897376
cauldron_ln_28787,0.44694625410287914
cauldron_ln_28349,0.8317514194328983
mix_UI_ST_5400_753,0.048543904887822883
mix_SI_UT_5400_1093,0.0862873071829145
cauldron_ln_21991,0.27370914142306346
cauldron_ln_22152,0.8429363204678735
mix_SI_UT_5400_1370,0.7082695850097662
mix_UI_ST_5400_1039,0.31219826956417085
mix_UI_ST_5400_240,0.3764122849921484
mix_SI_UT_5400_767,0.47578746825767443
mix_UI_ST_5400_1093,0.350026018818268
cauldron_ln_9330,0.5044526218049828
mix_SI_UT_5400_1447,0.2956579488141874
mix_SI_UT_5400_553,0.23465330948308918
cauldron_ln_8874,0.6825858953346167
cauldron_ln_21032,0.6811173598154863
mix_SI_UT_5400_1072,0.03671446531468932
cauldron_ln_10366,0.5441795439129777
mix_SI_UT_5400_497,0.26040644102742233
mix_SI_UT_5400_59,0.0593561650470381
cauldron_ln_26771,0.7311583729868509
mix_SI_UT_5400_738,0.06813930713431547
cauldron_ln_29306,0.8205651583938195
cauldron_ln_4556,0.5343114490709564
cauldron_ln_26578,0.709182756031081
mix_SI_UT_5400_485,0.40796000601229176
cauldron_ln_23109,0.6897856002031328
mix_SI_UT_5400_1198,0.5284096181152391
cauldron_ln_7975,0.7021171704450767
mix_UI_ST_5400_972,0.13709653725824844
mix_UI_ST_5400_1359,0.14474326713953334
cauldron_ln_27987,0.7601281234921635
mix_UI_ST_5400_542,0.1931885059800944
mix_SI_UT_5400_154,0.5178446987296497
cauldron_ln_22834,0.5242622434271791
cauldron_ln_24422,0.6003248340173963
cauldron_ln_13554,0.45806797387402043
mix_UI_ST_5400_1396,0.040050564033611485
mix_SI_UT_5400_1412,0.0962359712729123
mix_SI_UT_5400_123,0.070962286940251
cauldron_ln_21902,0.2011578802948799
mix_SI_UT_5400_1438,0.2168273462228985
mix_SI_UT_5400_253,0.17795792035698424
cauldron_ln_4461,0.40935001543998195
cauldron_ln_8537,0.6250447421024629
mix_SI_UT_5400_1480,0.46747317736481525
mix_UI_ST_5400_1403,0.06281052052838668
cauldron_ln_4837,0.760078761614672
mix_UI_ST_5400_1378,0.166398936942753
mix_SI_UT_5400_131,0.7621725823562029
mix_SI_UT_5400_634,0.2680443951628292
cauldron_ln_18548,0.7206846677964074
mix_UI_ST_5400_206,0.04232225434791391
mix_SI_UT_5400_1248,0.0456742396550818
mix_UI_ST_5400_1242,0.4215208927903949
mix_SI_UT_5400_113,0.4461191114972527
cauldron_ln_11500,0.6963176336864914
cauldron_ln_27731,0.6504001271913906
cauldron_ln_25656,0.23881156673241188
mix_SI_UT_5400_495,0.20414787315690383
mix_UI_ST_5400_1076,0.10951250309877397
mix_SI_UT_5400_1151,0.11666842129969912
cauldron_ln_2570,0.7694588792445629
cauldron_ln_21811,0.7799595306291244
mix_UI_ST_5400_599,0.037068164271263526
mix_SI_UT_5400_898,0.1299671191511147
cauldron_ln_11448,0.7663529759849459
cauldron_ln_23188,0.790196362680669
mix_SI_UT_5400_794,0.06884567200748029
mix_SI_UT_5400_76,0.10687999592372072
cauldron_ln_7577,0.4817862352470995
mix_UI_ST_5400_51,0.4362731649813596
mix_UI_ST_5400_501,0.16203250215736126
cauldron_ln_4827,0.7535338028352128
mix_UI_ST_5400_698,0.3983049330174261
cauldron_ln_5162,0.4088075457940226
cauldron_ln_23791,0.5163533331957739
cauldron_ln_15676,0.7460145340991605
cauldron_ln_22291,0.7975962962110765
mix_UI_ST_5400_968,0.41852369677702606
mix_UI_ST_5400_243,0.36522935098485737
cauldron_ln_19024,0.5037222718348917
mix_UI_ST_5400_558,0.17480521419829836
mix_UI_ST_5400_637,0.07317644770794976
mix_UI_ST_5400_1104,0.03899941471392695
mix_SI_UT_5400_136,0.5795383253618485
mix_UI_ST_5400_734,0.42307605568378215
cauldron_ln_9269,0.5005210819022404
cauldron_ln_29302,0.6437656766361299
mix_SI_UT_5400_317,0.1575218984017539
mix_UI_ST_5400_527,0.5609587643124414
cauldron_ln_13202,0.7211815451407072
mix_UI_ST_5400_786,0.04992496798500444
cauldron_ln_24382,0.7407274476003215
cauldron_ln_624,0.7095991270274609
cauldron_ln_17587,0.6348312925159829
mix_UI_ST_5400_15,0.3641701152767951
cauldron_ln_11604,0.5188443239652066
mix_UI_ST_5400_399,0.1516788904307771
mix_SI_UT_5400_389,0.22400629055002746
mix_SI_UT_5400_812,0.6201150136100326
mix_UI_ST_5400_697,0.6057740258145707
cauldron_ln_9526,0.5397418811248709
cauldron_ln_18362,0.7735140321599275
mix_SI_UT_5400_130,0.4009973032899561
cauldron_ln_2881,0.7458853172663147
mix_SI_UT_5400_751,0.06474750254048725
cauldron_ln_10966,0.5206380220386699
cauldron_ln_16840,0.8143214512399158
cauldron_ln_799,0.8020409476877683
mix_SI_UT_5400_1136,0.6102850569720879
cauldron_ln_22111,0.62183302421844
mix_SI_UT_5400_1066,0.05563957754825871
cauldron_ln_10806,0.3295348566846278
cauldron_ln_12532,0.7495645838302606
mix_UI_ST_5400_41,0.05020696596901123
cauldron_ln_13616,0.8324602106682979
mix_UI_ST_5400_897,0.3416321671052821
mix_UI_ST_5400_1240,0.15425001788705534
cauldron_ln_19787,0.15961895802785842
cauldron_ln_23476,0.3571833474654089
cauldron_ln_22959,0.24007119224349158
cauldron_ln_14947,0.5379368474582564
mix_UI_ST_5400_720,0.15933000510203726
cauldron_ln_25188,0.2546622678483336
mix_SI_UT_5400_442,0.32217115365705595
mix_UI_ST_5400_876,0.05732897386554831
cauldron_ln_11281,0.5915114311582739
cauldron_ln_5037,0.6985172215713686
cauldron_ln_28724,0.7134422284204649
mix_UI_ST_5400_1160,0.0764302663809935
mix_SI_UT_5400_202,0.5656288939738652
mix_UI_ST_5400_828,0.13785330797453849
cauldron_ln_11913,0.5392549907736572
mix_SI_UT_5400_263,0.15849875419775217
mix_UI_ST_5400_983,0.4103238011191561
mix_SI_UT_5400_1368,0.3407181373906683
mix_UI_ST_5400_1489,0.2999643249807885
cauldron_ln_12257,0.8309035039350721
mix_UI_ST_5400_511,0.13010989120112043
cauldron_ln_21796,0.509353673161277
cauldron_ln_25860,0.694934131977623
mix_UI_ST_5400_260,0.17898901242746285
mix_SI_UT_5400_958,0.04411424546118267
mix_SI_UT_5400_55,0.12474531591575948
cauldron_ln_23097,0.6718060214220118
mix_UI_ST_5400_257,0.043858826259310535
mix_UI_ST_5400_24,0.5537015788511337
mix_UI_ST_5400_583,0.49260767291875046
mix_SI_UT_5400_844,0.3008351677596395
cauldron_ln_27256,0.5569326444021416
mix_SI_UT_5400_1290,0.07600016569747275
mix_SI_UT_5400_777,0.4693296770660494
cauldron_ln_11645,0.7194181965398345
mix_SI_UT_5400_1160,0.1780753856993421
cauldron_ln_22026,0.5928750049453502
cauldron_ln_12080,0.7350047013389711
mix_UI_ST_5400_1204,0.19260007033748858
cauldron_ln_25532,0.7278426253603951
mix_SI_UT_5400_728,0.152312564648881
cauldron_ln_11946,0.06753107895824875
cauldron_ln_144,0.6357065313028372
mix_UI_ST_5400_598,0.09897859041666282
mix_UI_ST_5400_1059,0.12443909222589411
mix_SI_UT_5400_1096,0.423151378141435
cauldron_ln_12129,0.49966769523303645
mix_UI_ST_5400_1219,0.07359094461751603
cauldron_ln_13278,0.6847798939497738
mix_SI_UT_5400_1134,0.3158189924205923
cauldron_ln_23317,0.503145034607331
cauldron_ln_1570,0.710269928839759
cauldron_ln_25425,0.6148013211149095
mix_UI_ST_5400_245,0.10762716787141258
cauldron_ln_2561,0.6076192611526527
cauldron_ln_13287,0.7176468610347674
mix_SI_UT_5400_339,0.28905458445879983
mix_SI_UT_5400_1187,0.5448976304632953
mix_UI_ST_5400_1151,0.2233057850185137
mix_UI_ST_5400_403,0.3848149821599689
mix_UI_ST_5400_1118,0.07912524450293561
cauldron_ln_23250,0.33053215973379463
cauldron_ln_7535,0.6125963391314622
cauldron_ln_29018,0.7297053122322794
cauldron_ln_11047,0.6455587676423963
mix_UI_ST_5400_696,0.044732736109358386
mix_SI_UT_5400_489,0.0834331452547745
mix_UI_ST_5400_1095,0.030190388106747082
cauldron_ln_5366,0.7136343192316199
cauldron_ln_22210,0.7436953942025208
cauldron_ln_9069,0.8825669808421607
cauldron_ln_14098,0.6380301440359346
cauldron_ln_22891,0.6457334588906533
mix_UI_ST_5400_772,0.29601201211834394
mix_SI_UT_5400_782,0.20844427768546223
cauldron_ln_18035,0.7865531463101882
mix_UI_ST_5400_1244,0.6025351185394894
mix_SI_UT_5400_788,0.5315880398826096
cauldron_ln_14972,0.7683922743363625
cauldron_ln_27687,0.5032749691740419
cauldron_ln_13102,0.4304650776299226
cauldron_ln_26066,0.5925100079133048
mix_UI_ST_5400_885,0.39582608006234166
cauldron_ln_27591,0.5666830736183586
cauldron_ln_29575,0.4899162177655752
mix_SI_UT_5400_580,0.5967629327307231
cauldron_ln_679,0.3460811057578007
mix_SI_UT_5400_643,0.3138051814978853
mix_SI_UT_5400_168,0.6009946151997472
cauldron_ln_23468,0.22578963151410655
cauldron_ln_3944,0.6370699706028988
cauldron_ln_813,0.7042554969113551
mix_SI_UT_5400_730,0.6142743194409377
mix_UI_ST_5400_749,0.409593423643936
mix_UI_ST_5400_156,0.29284691424514425
cauldron_ln_21960,0.5992162129425056
cauldron_ln_577,0.5878232588978949
cauldron_ln_1416,0.6540545129835049
cauldron_ln_5242,0.6578210478437427
mix_UI_ST_5400_167,0.45262555168582796
cauldron_ln_4181,0.5574790057221465
mix_SI_UT_5400_1305,0.4396774953231997
mix_UI_ST_5400_854,0.4022954226805828
cauldron_ln_2751,0.6333383587701091
cauldron_ln_23293,0.25580004612708696
mix_SI_UT_5400_1366,0.1464977074443131
cauldron_ln_3838,0.6711772298454213
cauldron_ln_16178,0.49437182238176747
cauldron_ln_100,0.6674774911028141
cauldron_ln_13803,0.3571807297395575
mix_SI_UT_5400_278,0.17540262402405538
cauldron_ln_10579,0.6565633697358231
mix_UI_ST_5400_66,0.7259670569992083
cauldron_ln_17426,0.7371989551134865
mix_UI_ST_5400_1090,0.10260887992699966
cauldron_ln_13716,0.5777891657157932
cauldron_ln_15463,0.632144120654104
mix_SI_UT_5400_304,0.4092606618019556
mix_UI_ST_5400_217,0.09575688420329029
mix_SI_UT_5400_524,0.20508493646062315
cauldron_ln_21604,0.5391169947744376
mix_SI_UT_5400_1404,0.17066342699770393
cauldron_ln_1517,0.5841763559299636
mix_SI_UT_5400_1359,0.3445020072799161
mix_SI_UT_5400_804,0.45903621388282134
cauldron_ln_6262,0.6190890484046183
cauldron_ln_27879,0.2551319004028787
mix_SI_UT_5400_865,0.2481083839874056
mix_SI_UT_5400_868,0.6350612159566443
mix_SI_UT_5400_606,0.15880507678550893
mix_UI_ST_5400_1273,0.0662191420929426
mix_UI_ST_5400_825,0.1090520392663358
mix_SI_UT_5400_370,0.332967716158242
mix_SI_UT_5400_1280,0.2331433269299216
mix_SI_UT_5400_713,0.28994553100344406
mix_UI_ST_5400_911,0.0617450500632246
cauldron_ln_9162,0.5501064505759783
cauldron_ln_7894,0.4197051885608709
mix_UI_ST_5400_1196,0.38215227601891977
cauldron_ln_13609,0.6716310595719057
mix_SI_UT_5400_770,0.20583946918280263
cauldron_ln_17824,0.7211733977663143
cauldron_ln_4,0.33513495724824227
cauldron_ln_7184,0.6201062450607082
cauldron_ln_12131,0.7638352584252791
cauldron_ln_22906,0.8304639928293862
cauldron_ln_14765,0.7506508323237431
cauldron_ln_10161,0.6548822374795111
cauldron_ln_10400,0.7279060452646728
cauldron_ln_5688,0.7934649170744851
cauldron_ln_24335,0.7529062602670977
mix_UI_ST_5400_1279,0.19537510056505958
cauldron_ln_10067,0.6276584535047978
mix_SI_UT_5400_358,0.2254647456631689
mix_UI_ST_5400_1290,0.25652009729165404
cauldron_ln_22606,0.6697005550247099
cauldron_ln_8034,0.7963388439128182
mix_SI_UT_5400_246,0.1669545874263283
cauldron_ln_11716,0.4486306064601743
cauldron_ln_26040,0.39287828970473826
cauldron_ln_26,0.5293940947628075
mix_SI_UT_5400_670,0.4214265582000083
mix_UI_ST_5400_473,0.15787281971116235
mix_UI_ST_5400_255,0.4008373836360961
mix_UI_ST_5400_326,0.02440509779841881
cauldron_ln_27750,0.48071003711830773
cauldron_ln_5561,0.7150379565679897
cauldron_ln_8660,0.2779165020052873
mix_SI_UT_5400_859,0.4653750794254946
cauldron_ln_23350,0.7642204162923383
cauldron_ln_3842,0.646938020266826
cauldron_ln_6538,0.6567473610046346
mix_SI_UT_5400_1217,0.13378172071643646
mix_UI_ST_5400_465,0.5005851689407403
mix_SI_UT_5400_907,0.1009377267651697
cauldron_ln_24976,0.3969057563886216
cauldron_ln_1858,0.5720934460347462
cauldron_ln_23568,0.5974481285453281
cauldron_ln_17953,0.7083028535811153
mix_SI_UT_5400_8,0.6003887202461319
cauldron_ln_28947,0.5928968062350018
mix_SI_UT_5400_1421,0.16586012881355044
mix_SI_UT_5400_35,0.4269798635992684
cauldron_ln_2613,0.6011845782191994
mix_UI_ST_5400_88,0.6572431468314566
mix_UI_ST_5400_73,0.2482282702931748
mix_UI_ST_5400_1370,0.29075743334324033
mix_UI_ST_5400_196,0.3787770285968628
mix_UI_ST_5400_408,0.30143812349878596
mix_UI_ST_5400_651,0.23794455346877416
cauldron_ln_20260,0.5948417814875692
cauldron_ln_111,0.7891221842137117
cauldron_ln_20513,0.5314305868664024
cauldron_ln_3969,0.7569552102150527
cauldron_ln_11963,0.7949818891137799
cauldron_ln_12732,0.43840884813119785
mix_SI_UT_5400_1281,0.3394878410275669
cauldron_ln_22788,0.39051723195956595
cauldron_ln_11793,0.637164323951961
cauldron_ln_27061,0.7563623454003591
cauldron_ln_3418,0.6656755953738499
cauldron_ln_4130,0.5969034112088669
mix_SI_UT_5400_700,0.09888491560546867
mix_SI_UT_5400_184,0.02819585292759717
mix_SI_UT_5400_1257,0.05023604287464409
cauldron_ln_14787,0.6258170492461026
mix_UI_ST_5400_528,0.12619200111587736
mix_UI_ST_5400_905,0.4897744179105936
mix_SI_UT_5400_925,0.6011077248030114
cauldron_ln_707,0.5885853751427583
mix_SI_UT_5400_473,0.1164740206877109
mix_SI_UT_5400_72,0.19484993132516906
cauldron_ln_28407,0.5178234198910731
mix_UI_ST_5400_634,0.593671998499729
cauldron_ln_26101,0.6428995981039509
mix_SI_UT_5400_1348,0.08341352525508058
mix_SI_UT_5400_592,0.38772661227338745
cauldron_ln_22926,0.5111560509846549
cauldron_ln_1577,0.7683566781886813
cauldron_ln_3840,0.3674095097415406
cauldron_ln_10875,0.5809293524807875
mix_UI_ST_5400_1493,0.250048309720759
cauldron_ln_9804,0.8422392958308382
cauldron_ln_18037,0.53942242526962
cauldron_ln_8844,0.6478518488342888
cauldron_ln_9144,0.7157326889845481
mix_UI_ST_5400_234,0.2644770453459019
mix_SI_UT_5400_531,0.03505036787313845
mix_SI_UT_5400_416,0.17906319015246364
mix_SI_UT_5400_1185,0.04827134537304527
mix_UI_ST_5400_304,0.5575622511504053
mix_UI_ST_5400_1020,0.518110762796009
cauldron_ln_21999,0.6515351660257467
mix_UI_ST_5400_272,0.06794499172257586
mix_UI_ST_5400_139,0.46445727720180907
cauldron_ln_16553,0.810502203368938
mix_SI_UT_5400_764,0.33715698969427776
mix_SI_UT_5400_547,0.13469338823304333
mix_UI_ST_5400_1184,0.3004185486148344
mix_UI_ST_5400_1381,0.5316317457528965
mix_UI_ST_5400_1322,0.025661558118521475
mix_SI_UT_5400_1041,0.5518786767251882
mix_SI_UT_5400_200,0.10277394763595814
cauldron_ln_17601,0.7940729402864246
cauldron_ln_28140,0.40343262405819547
cauldron_ln_11792,0.7349665951738258
cauldron_ln_24762,0.6110663570823083
cauldron_ln_6564,0.7393161306315685
mix_UI_ST_5400_1349,0.2702871442900407
mix_SI_UT_5400_831,0.5004246569741744
cauldron_ln_24831,0.6743244416751053
cauldron_ln_11818,0.6832701040061171
mix_UI_ST_5400_1136,0.11405164609541357
mix_UI_ST_5400_1087,0.03556428149846951
cauldron_ln_23301,0.740429482753296
cauldron_ln_4432,0.7160047192792571
mix_SI_UT_5400_1022,0.23526342682142648
mix_UI_ST_5400_209,0.5281556597730018
cauldron_ln_14925,0.6282887280426461
cauldron_ln_14670,0.5391427204320036
cauldron_ln_29994,0.5530623316339718
mix_UI_ST_5400_1137,0.415166740327311
cauldron_ln_22708,0.740330205254732
cauldron_ln_17068,0.3252447505060362
mix_SI_UT_5400_376,0.13401833834609206
mix_UI_ST_5400_1161,0.48494299206542957
cauldron_ln_21019,0.37764076292002813
mix_SI_UT_5400_818,0.03139589434280859
cauldron_ln_10761,0.7292650593033768
cauldron_ln_21311,0.581328274688376
mix_UI_ST_5400_261,0.31893499112474477
cauldron_ln_19211,0.2526816033055087
cauldron_ln_18887,0.4498142146455715
mix_UI_ST_5400_115,0.23494221527336934
mix_UI_ST_5400_1144,0.06053325015655108
cauldron_ln_28447,0.7048047560937849
cauldron_ln_10020,0.6088954562464655
mix_SI_UT_5400_1382,0.27968729543450804
cauldron_ln_4115,0.05112839887370568
cauldron_ln_22528,0.7312665116062371
mix_UI_ST_5400_259,0.3651842105747969
mix_UI_ST_5400_1475,0.07194662496674797
mix_UI_ST_5400_686,0.2111438959136664
mix_UI_ST_5400_1267,0.06507066393496405
mix_UI_ST_5400_1337,0.04088427929767031
cauldron_ln_18384,0.756071605522615
mix_SI_UT_5400_395,0.5933400191052851
cauldron_ln_12872,0.7369089845811312
cauldron_ln_12801,0.3124789086840147
mix_UI_ST_5400_495,0.2689962881078859
mix_SI_UT_5400_1063,0.04022137180694296
mix_UI_ST_5400_1441,0.33141078152783415
cauldron_ln_9897,0.7572919809159115
cauldron_ln_6637,0.4620096670541488
cauldron_ln_17975,0.7237467171562022
mix_SI_UT_5400_1000,0.3560337720600354
mix_SI_UT_5400_314,0.3150565792566819
cauldron_ln_28730,0.5753681547124649
mix_SI_UT_5400_1418,0.28670466763479685
cauldron_ln_14328,0.7815204430607257
cauldron_ln_9377,0.8349299054982772
mix_SI_UT_5400_177,0.28070493271203273
mix_SI_UT_5400_775,0.26815710730356984
mix_UI_ST_5400_931,0.08509476834604396
cauldron_ln_24695,0.5132158392877465
cauldron_ln_27146,0.3996152584198095
mix_SI_UT_5400_229,0.2180075149601895
cauldron_ln_3454,0.6384124904693498
mix_UI_ST_5400_117,0.24045628613129388
mix_UI_ST_5400_264,0.1413078790219586
mix_UI_ST_5400_699,0.03787928910504119
cauldron_ln_7279,0.7525516668112403
cauldron_ln_3634,0.48955609264018607
mix_SI_UT_5400_355,0.11284324262943274
mix_SI_UT_5400_1456,0.11568059826999043
cauldron_ln_1775,0.765942432199973
mix_UI_ST_5400_574,0.3253471173327426
mix_SI_UT_5400_1375,0.07678851893412314
cauldron_ln_15192,0.7073232338801598
mix_SI_UT_5400_957,0.06334035980100874
mix_UI_ST_5400_1097,0.07271017790028195
cauldron_ln_19944,0.6419833991223056
mix_SI_UT_5400_642,0.07346594536500448
cauldron_ln_24871,0.742480570182593
cauldron_ln_17845,0.6028668217332165
mix_UI_ST_5400_1200,0.2173256276469104
mix_UI_ST_5400_1042,0.2569634067569939
cauldron_ln_14225,0.6256810517235144
mix_SI_UT_5400_46,0.5242017077306687
mix_SI_UT_5400_816,0.2133306190555786
cauldron_ln_7242,0.617039641480756
mix_UI_ST_5400_576,0.3716641700752079
cauldron_ln_23682,0.4853553848440727
cauldron_ln_282,0.7676846636471486
mix_UI_ST_5400_1298,0.041384565188429374
mix_UI_ST_5400_951,0.10065848803542853
cauldron_ln_27680,0.6206825134020622
cauldron_ln_9697,0.620049877055266
cauldron_ln_4974,0.5434948225443689
cauldron_ln_10928,0.37973590623033937
mix_UI_ST_5400_852,0.10019294059993615
cauldron_ln_19496,0.7193377047564795
cauldron_ln_21270,0.8552558541541218
mix_SI_UT_5400_881,0.4827730945086412
cauldron_ln_11513,0.7554893962697418
cauldron_ln_4536,0.47918757929761885
cauldron_ln_267,0.3793504777464111
cauldron_ln_15229,0.8092776349932782
mix_UI_ST_5400_1088,0.49695939864514604
cauldron_ln_20409,0.7133064054604323
cauldron_ln_24241,0.6514624785296852
mix_UI_ST_5400_173,0.04318338637357774
cauldron_ln_2865,0.6423674976235363
cauldron_ln_21754,0.5191918790144314
mix_SI_UT_5400_1094,0.0306210484841071
cauldron_ln_29473,0.5001703242427433
cauldron_ln_12952,0.8435825373915142
mix_SI_UT_5400_1057,0.43391760933810153
mix_SI_UT_5400_842,0.19741159708171743
mix_SI_UT_5400_199,0.417985781087182
mix_SI_UT_5400_947,0.0328659746406037
cauldron_ln_10261,0.39868622444638335
cauldron_ln_21853,0.5798950791502485
mix_UI_ST_5400_479,0.5979849652926077
mix_SI_UT_5400_1484,0.03331101269689773
cauldron_ln_24500,0.38570670008238905
cauldron_ln_22470,0.29390146971857467
mix_SI_UT_5400_494,0.23192515469515085
cauldron_ln_8989,0.6696453317394455
mix_SI_UT_5400_285,0.08090993147252018
cauldron_ln_22366,0.4960849224916415
cauldron_ln_23547,0.7993672570159867
cauldron_ln_12077,0.532241232293909
cauldron_ln_18287,0.771259321707582
mix_SI_UT_5400_79,0.39144844593419303
mix_SI_UT_5400_1274,0.3549614070380138
mix_UI_ST_5400_135,0.41107882795751716
mix_SI_UT_5400_4,0.08526774268241899
mix_UI_ST_5400_313,0.3616720487039142
cauldron_ln_28239,0.6082247836688588
cauldron_ln_22435,0.7963524465367944
cauldron_ln_23955,0.7179827470021533
mix_UI_ST_5400_358,0.3933135128176236
cauldron_ln_15158,0.5757804525139034
cauldron_ln_28153,0.2520767999459239
mix_UI_ST_5400_1306,0.18527681681745348
cauldron_ln_27377,0.8107753808026927
mix_UI_ST_5400_1127,0.13126588735418868
cauldron_ln_22043,0.7151367303532306
cauldron_ln_8148,0.7660007973392162
cauldron_ln_28423,0.6032254902885423
cauldron_ln_24261,0.7142901675765254
cauldron_ln_16295,0.8039215205579661
mix_SI_UT_5400_518,0.5636001764488064
mix_UI_ST_5400_169,0.1286328371759738
cauldron_ln_28681,0.8101762198660181
cauldron_ln_29551,0.8172702853741667
cauldron_ln_9613,0.7551588812444925
cauldron_ln_28425,0.7195642390203052
cauldron_ln_27791,0.6520848040033186
mix_UI_ST_5400_664,0.0859069186037115
mix_SI_UT_5400_237,0.1792250011019576
cauldron_ln_1061,0.7901265686102762
mix_SI_UT_5400_922,0.11220060957119651
mix_SI_UT_5400_599,0.10136486429403749
cauldron_ln_16365,0.6931240791491651
cauldron_ln_12138,0.6488981915736416
mix_SI_UT_5400_211,0.13187912989622752
cauldron_ln_15360,0.7147856138758727
mix_SI_UT_5400_961,0.04299276605607421
cauldron_ln_26558,0.6167134559774011
mix_SI_UT_5400_1319,0.1105613246658185
mix_UI_ST_5400_166,0.036064288177578854
mix_UI_ST_5400_1055,0.6035758515860041
mix_UI_ST_5400_759,0.13116103331748982
cauldron_ln_15915,0.7213868180252467
mix_SI_UT_5400_1182,0.0661867229838834
cauldron_ln_19229,0.6829948432363429
cauldron_ln_13509,0.6115859311265011
cauldron_ln_14078,0.7182060838210407
cauldron_ln_21191,0.6815679965975219
cauldron_ln_16830,0.3532509977843706
cauldron_ln_2993,0.6157109860896413
mix_UI_ST_5400_1296,0.19977113766196444
cauldron_ln_18156,0.6494867676259979
cauldron_ln_9290,0.6751146409223234
cauldron_ln_13313,0.4399717065816319
cauldron_ln_16479,0.6573449979837348
cauldron_ln_24995,0.621256739692384
cauldron_ln_16468,0.719674483241737
mix_UI_ST_5400_952,0.10464031562557877
mix_SI_UT_5400_974,0.5922662596922728
mix_UI_ST_5400_323,0.0395860411733272
mix_SI_UT_5400_386,0.12409976937578229
cauldron_ln_27476,0.7973400305223776
cauldron_ln_25385,0.5944463289524853
cauldron_ln_29764,0.7883290326380872
cauldron_ln_19917,0.701527379597384
cauldron_ln_27383,0.668333587317635
cauldron_ln_8051,0.7125467296801753
cauldron_ln_26037,0.5547180484802154
mix_UI_ST_5400_1081,0.2888574995262573
cauldron_ln_13295,0.7461379383529168
cauldron_ln_19275,0.39670658205993276
cauldron_ln_19672,0.5474410997111171
cauldron_ln_15785,0.49970768269269644
cauldron_ln_25528,0.6949109599299039
cauldron_ln_12592,0.5575098388393414
cauldron_ln_1072,0.7241962583602746
cauldron_ln_18180,0.6614304395921369
mix_UI_ST_5400_422,0.4989073622480699
cauldron_ln_16366,0.7951322934870491
mix_SI_UT_5400_704,0.11008002992230462
cauldron_ln_26356,0.7463068121314544
mix_SI_UT_5400_1258,0.367225414513064
cauldron_ln_5220,0.45783023738998807
mix_SI_UT_5400_32,0.1459947179155201
mix_SI_UT_5400_1278,0.02802859874375479
cauldron_ln_12273,0.6914676382552238
mix_UI_ST_5400_1109,0.312325477928691
mix_SI_UT_5400_341,0.04163473376570245
cauldron_ln_19988,0.5340526665605954
cauldron_ln_22714,0.7807933178575821
cauldron_ln_5466,0.7501090650868056
mix_UI_ST_5400_997,0.04196423776812902
cauldron_ln_7087,0.6939815872254309
cauldron_ln_27022,0.7096984148077223
cauldron_ln_22263,0.7736079041212623
mix_UI_ST_5400_174,0.13660536345890345
mix_SI_UT_5400_1459,0.36870662563491013
cauldron_ln_17682,0.7112190544665637
mix_UI_ST_5400_523,0.4722781781242198
cauldron_ln_23193,0.6185971905077414
mix_SI_UT_5400_356,0.47101523166303166
cauldron_ln_17012,0.63052073796842
mix_UI_ST_5400_151,0.13365661177992713
cauldron_ln_23472,0.6774062412602648
mix_UI_ST_5400_906,0.1403564666158176
mix_SI_UT_5400_589,0.0972814800685147
cauldron_ln_14928,0.7158645108440788
mix_UI_ST_5400_559,0.058095638679133324
mix_UI_ST_5400_1178,0.4618323374745439
mix_SI_UT_5400_381,0.05424445696115712
mix_SI_UT_5400_15,0.14097179751394132
mix_UI_ST_5400_1336,0.11440135362511884
cauldron_ln_18212,0.7046969454894785
cauldron_ln_9393,0.5835211332551127
mix_UI_ST_5400_1366,0.3361185615066787
cauldron_ln_24724,0.6342352383629843
mix_UI_ST_5400_153,0.5629249396781089
mix_SI_UT_5400_244,0.2963060212377221
mix_UI_ST_5400_1182,0.056196494239113874
cauldron_ln_29642,0.45356552830704155
mix_SI_UT_5400_1236,0.06409370804948233
cauldron_ln_17094,0.7228254318581473
mix_UI_ST_5400_769,0.5224545315198137
mix_SI_UT_5400_759,0.15041379854029746
mix_UI_ST_5400_963,0.3104230964081747
mix_UI_ST_5400_486,0.06480518257734172
mix_SI_UT_5400_1498,0.077715571689082
mix_UI_ST_5400_941,0.09681275835095818
mix_UI_ST_5400_273,0.11326946410133049
cauldron_ln_1134,0.47764457065817195
cauldron_ln_17818,0.7293306499754708
cauldron_ln_8160,0.2927197657696029
mix_UI_ST_5400_379,0.07888066400833862
mix_SI_UT_5400_971,0.19051388596211233
cauldron_ln_19128,0.7288060006805286
cauldron_ln_28319,0.6438954025369211
cauldron_ln_25271,0.7485215797932828
mix_SI_UT_5400_912,0.41943039987192765
mix_SI_UT_5400_663,0.23398547542262949
cauldron_ln_14414,0.7605048509752692
mix_SI_UT_5400_946,0.20382386913081732
cauldron_ln_8837,0.7861144720944968
cauldron_ln_15060,0.6622434824775625
mix_UI_ST_5400_1451,0.26107832672676123
cauldron_ln_7024,0.7751170355722541
cauldron_ln_12838,0.6605699179494647
cauldron_ln_27913,0.6740185455183536
cauldron_ln_6826,0.7379308353313427
cauldron_ln_1377,0.6169957240987275
mix_UI_ST_5400_1320,0.28288438259543447
cauldron_ln_17505,0.7716621345899504
mix_UI_ST_5400_242,0.11190393394692606
cauldron_ln_10498,0.4923854516919586
mix_UI_ST_5400_917,0.25139112723341933
mix_UI_ST_5400_8,0.5398017363172929
cauldron_ln_12260,0.5998291453900367
cauldron_ln_29081,0.8143357600598082
cauldron_ln_18880,0.5895085380516407
cauldron_ln_24910,0.1491769707965278
mix_SI_UT_5400_819,0.15119473406862224
mix_SI_UT_5400_197,0.2396050543592475
mix_SI_UT_5400_441,0.5692028723117115
mix_SI_UT_5400_365,0.21595575738599762
mix_SI_UT_5400_1460,0.13138394900238798
cauldron_ln_21085,0.18683640508882618
cauldron_ln_18882,0.6398598572510314
mix_SI_UT_5400_883,0.19826408491993142
cauldron_ln_26626,0.6473872344083371
mix_UI_ST_5400_1354,0.3797841978960418
mix_UI_ST_5400_639,0.2659278717269249
cauldron_ln_19329,0.3651047529801512
mix_SI_UT_5400_272,0.15570761834563163
mix_UI_ST_5400_1301,0.5824402413652054
mix_SI_UT_5400_345,0.07941584394844933
cauldron_ln_27328,0.29728595253135526
cauldron_ln_760,0.7839632171759976
cauldron_ln_18194,0.7337272937615278
cauldron_ln_4923,0.7938117645281364
cauldron_ln_19815,0.5511465410787594
mix_UI_ST_5400_6,0.1679226838826674
mix_UI_ST_5400_1107,0.07823732370048486
mix_UI_ST_5400_767,0.29202636028169726
mix_UI_ST_5400_707,0.544842767347607
mix_SI_UT_5400_1440,0.04523999659779665
cauldron_ln_22592,0.39109477718110225
mix_SI_UT_5400_1153,0.09057306897527306
mix_UI_ST_5400_1467,0.17236669222978396
cauldron_ln_6244,0.3708598431215022
cauldron_ln_952,0.5507106112231461
mix_UI_ST_5400_853,0.4395197911454257
cauldron_ln_3367,0.68767183354591
cauldron_ln_7909,0.5959500148165084
mix_UI_ST_5400_418,0.49275996588485704
cauldron_ln_104,0.6152119674113208
mix_SI_UT_5400_690,0.2680773167345555
mix_SI_UT_5400_1411,0.3479527982679882
cauldron_ln_21039,0.6308863152287716
cauldron_ln_19441,0.7623792573284236
mix_UI_ST_5400_126,0.09713157349672467
mix_UI_ST_5400_630,0.07740321375037137
cauldron_ln_12871,0.535044443203849
mix_SI_UT_5400_996,0.3072785912569629
cauldron_ln_24918,0.7174867559335298
mix_UI_ST_5400_237,0.2150414574387725
mix_UI_ST_5400_25,0.19693779306740639
mix_SI_UT_5400_766,0.7200024941754455
cauldron_ln_2236,0.16346493811562063
mix_UI_ST_5400_469,0.1072872939843844
cauldron_ln_4330,0.6611815060476636
mix_SI_UT_5400_1062,0.16682547880310805
cauldron_ln_15047,0.6730278098603252
mix_SI_UT_5400_913,0.18321887664870617
mix_SI_UT_5400_1365,0.42229438253245244
cauldron_ln_7687,0.5983962484932506
mix_UI_ST_5400_1116,0.0879765257968437
cauldron_ln_28037,0.7940700061279471
cauldron_ln_24513,0.4464350386522197
cauldron_ln_17520,0.7035429408482228
mix_SI_UT_5400_1355,0.3034750148320972
cauldron_ln_20164,0.7840300773606046
cauldron_ln_18029,0.5859839023414539
mix_SI_UT_5400_302,0.4816736426896028
cauldron_ln_15831,0.31113876872740076
mix_SI_UT_5400_293,0.06419658319648633
cauldron_ln_22601,0.6456813598640448
cauldron_ln_11875,0.7203547302452311
mix_SI_UT_5400_306,0.11087034541227343
mix_UI_ST_5400_1492,0.19751276140341012
mix_UI_ST_5400_904,0.12850207813517303
cauldron_ln_17733,0.7657772513627399
cauldron_ln_5667,0.8157912703127559
cauldron_ln_11601,0.717484574683437
cauldron_ln_2360,0.8073367475892881
mix_SI_UT_5400_1403,0.08939836955457367
mix_UI_ST_5400_600,0.6781632400221325
cauldron_ln_9932,0.420940498540633
mix_UI_ST_5400_104,0.40633756254045184
cauldron_ln_713,0.5974005200376483
cauldron_ln_18329,0.3527988564006903
mix_UI_ST_5400_565,0.16223628137883872
cauldron_ln_2667,0.6887620098774663
cauldron_ln_17716,0.28162605452311246
mix_UI_ST_5400_878,0.1436703120104148
cauldron_ln_9780,0.7683319556495797
mix_SI_UT_5400_1074,0.030934366385421803
cauldron_ln_17007,0.7847218448715441
mix_SI_UT_5400_521,0.09703931557469168
mix_SI_UT_5400_322,0.16098637104095803
mix_SI_UT_5400_988,0.08144379236317814
mix_SI_UT_5400_864,0.35950513616738233
cauldron_ln_21908,0.8288681366350757
cauldron_ln_17746,0.669668906293877
mix_UI_ST_5400_497,0.3692224987516782
mix_UI_ST_5400_287,0.19896400984317453
mix_SI_UT_5400_1080,0.17503602808051683
cauldron_ln_1913,0.6112757176233244
cauldron_ln_4288,0.7686023327115388
mix_SI_UT_5400_192,0.2170043510642093
cauldron_ln_19235,0.35922538631595824
cauldron_ln_1322,0.47898855299680426
mix_SI_UT_5400_959,0.07325486310600485
mix_SI_UT_5400_507,0.0791525771527822
cauldron_ln_532,0.6965722342499276
cauldron_ln_10236,0.46870861146571463
mix_SI_UT_5400_461,0.4384771521642852
cauldron_ln_16031,0.7082151332562834
cauldron_ln_27268,0.7821877535419686
cauldron_ln_5530,0.7485442122177868
cauldron_ln_13757,0.7097182962514375
mix_UI_ST_5400_354,0.18456055757224488
mix_UI_ST_5400_1348,0.3931287856976773
mix_UI_ST_5400_510,0.04800672245939412
mix_UI_ST_5400_178,0.0448909885958369
mix_UI_ST_5400_492,0.6091409850539878
mix_UI_ST_5400_89,0.2644729715806624
cauldron_ln_28265,0.6502241022619561
cauldron_ln_29227,0.13577641228837656
cauldron_ln_21442,0.5958108560423026
cauldron_ln_5510,0.7564322681879558
cauldron_ln_2423,0.2730280237330492
mix_UI_ST_5400_27,0.04213745210059512
cauldron_ln_17678,0.7080978465421692
mix_UI_ST_5400_1486,0.0732001674279967
mix_UI_ST_5400_1164,0.09401422816838786
mix_SI_UT_5400_14,0.4399124885427723
cauldron_ln_12076,0.7750774159250661
cauldron_ln_24508,0.33884223800352353
mix_UI_ST_5400_895,0.02696511164443073
cauldron_ln_28687,0.6921271465353436
cauldron_ln_18429,0.5497216016506097
mix_SI_UT_5400_548,0.32729385028519087
cauldron_ln_7694,0.7143237284100862
mix_UI_ST_5400_546,0.04516097299253314
cauldron_ln_1443,0.6952438462650674
mix_SI_UT_5400_85,0.02633724329741868
mix_UI_ST_5400_328,0.5929644065653541
mix_UI_ST_5400_396,0.6220825912976062
cauldron_ln_25899,0.42835932111543906
mix_SI_UT_5400_243,0.6959401006051031
cauldron_ln_6814,0.5519569262501334
mix_UI_ST_5400_1371,0.13245872846330875
cauldron_ln_22561,0.4068832852678463
mix_UI_ST_5400_526,0.2212014930906421
mix_UI_ST_5400_953,0.17719581258638595
cauldron_ln_9047,0.4837347365214984
cauldron_ln_1851,0.7130021695565381
cauldron_ln_10148,0.729199115195114
mix_SI_UT_5400_1163,0.10665355394130639
mix_SI_UT_5400_1222,0.3823289571262526
mix_SI_UT_5400_791,0.3013965397104945
mix_UI_ST_5400_1068,0.19384616334062224
mix_SI_UT_5400_1117,0.1381907249443331
mix_SI_UT_5400_797,0.300666386150309
mix_UI_ST_5400_1284,0.3220662574741986
cauldron_ln_7231,0.7512453813978863
mix_SI_UT_5400_686,0.4409356331329224
mix_UI_ST_5400_131,0.1862468728097642
mix_UI_ST_5400_1304,0.42609886391548124
mix_UI_ST_5400_205,0.17471703316555126
cauldron_ln_20637,0.3700374332702947
mix_SI_UT_5400_1331,0.35905771153685173
cauldron_ln_7840,0.2633834230346703
cauldron_ln_15445,0.6984909847140683
cauldron_ln_23019,0.4439432403165781
mix_UI_ST_5400_1415,0.2825200421956136
mix_UI_ST_5400_218,0.08120675105708992
cauldron_ln_12201,0.7605719485965221
mix_SI_UT_5400_221,0.1776686257090957
cauldron_ln_22418,0.8405534821631933
mix_UI_ST_5400_607,0.08235358479617763
mix_UI_ST_5400_228,0.5441031260039657
mix_SI_UT_5400_405,0.3250515455285141
mix_UI_ST_5400_882,0.03577166899688282
cauldron_ln_12261,0.730997783497499
mix_SI_UT_5400_181,0.4246414841932346
mix_UI_ST_5400_222,0.13327071732047768
cauldron_ln_20062,0.43926367513811904
cauldron_ln_6613,0.4413076275687843
mix_SI_UT_5400_1216,0.09772024759855225
cauldron_ln_25459,0.2816926105247206
mix_UI_ST_5400_96,0.25517900341198474
mix_SI_UT_5400_424,0.5214207752270552
mix_UI_ST_5400_703,0.4628662218021299
cauldron_ln_17686,0.8168902359769156
cauldron_ln_14762,0.6135423576298848
mix_UI_ST_5400_1207,0.33283323456410197
mix_UI_ST_5400_444,0.38728479136165084
cauldron_ln_22081,0.6488760553928703
mix_UI_ST_5400_937,0.16143898354732159
cauldron_ln_6114,0.43563836873633255
cauldron_ln_20165,0.653973823656167
mix_SI_UT_5400_87,0.14072479972884855
cauldron_ln_12084,0.7323606330676369
cauldron_ln_29534,0.41696456206933297
cauldron_ln_12057,0.5149411669753573
mix_SI_UT_5400_1175,0.14715189341881812
mix_SI_UT_5400_1318,0.40020698990441417
mix_SI_UT_5400_330,0.1915756493258518
cauldron_ln_28234,0.31801449040673835
mix_SI_UT_5400_664,0.42358621689700765
mix_SI_UT_5400_893,0.5244775286834173
mix_UI_ST_5400_808,0.0684574400814274
cauldron_ln_18590,0.6299174202001441
mix_UI_ST_5400_37,0.6283480804354848
cauldron_ln_14287,0.7961085351090492
mix_SI_UT_5400_1497,0.4880398622081522
cauldron_ln_14646,0.46398599203499313
mix_UI_ST_5400_312,0.11513243752205231
mix_UI_ST_5400_58,0.5505525244583053
cauldron_ln_15106,0.665274435026681
cauldron_ln_28937,0.5811894622330709
cauldron_ln_9068,0.7455425571983362
mix_SI_UT_5400_1311,0.09370189631037615
cauldron_ln_11543,0.3525044635051808
cauldron_ln_10436,0.7388484652057714
mix_UI_ST_5400_154,0.48679425943079524
mix_UI_ST_5400_996,0.38996860786668097
cauldron_ln_5399,0.8743964520855323
mix_SI_UT_5400_714,0.05319035010099221
cauldron_ln_17677,0.8186167995956235
mix_UI_ST_5400_1206,0.18101451971240584
cauldron_ln_17744,0.7553730241549318
mix_UI_ST_5400_361,0.6772217527077815
mix_UI_ST_5400_1232,0.40014743079601034
cauldron_ln_4159,0.6934683365519461
mix_SI_UT_5400_1379,0.4228984069201359
mix_SI_UT_5400_122,0.038562625678409734
mix_UI_ST_5400_1094,0.06002206809971977
mix_UI_ST_5400_1157,0.16818978973921214
mix_SI_UT_5400_618,0.6579518715874038
cauldron_ln_8745,0.6156379590903893
cauldron_ln_17018,0.4433326968095478
cauldron_ln_12142,0.1574810339587081
mix_UI_ST_5400_936,0.06913301854287286
mix_UI_ST_5400_971,0.1697378544355701
mix_UI_ST_5400_223,0.3096325298659026
cauldron_ln_22955,0.8295939770158927
mix_UI_ST_5400_567,0.1549085025396224
mix_UI_ST_5400_85,0.09583928677757879
cauldron_ln_3120,0.698492464843449
mix_SI_UT_5400_1214,0.1400459057195839
cauldron_ln_4493,0.5966054411234247
cauldron_ln_2793,0.6570828082709039
cauldron_ln_22121,0.6951279795741364
mix_UI_ST_5400_348,0.5552165702361201
cauldron_ln_17747,0.281804447251107
cauldron_ln_730,0.6236604402593199
mix_UI_ST_5400_1487,0.07562491809331756
cauldron_ln_29277,0.7071952742985861
mix_SI_UT_5400_876,0.0626787610208245
mix_UI_ST_5400_488,0.21013045022913046
cauldron_ln_18272,0.5197032462416482
cauldron_ln_9694,0.8116198341510694
cauldron_ln_13224,0.4901703828383037
cauldron_ln_23804,0.32451193688404445
cauldron_ln_10404,0.6099683472248238
cauldron_ln_21419,0.5000774890163444
mix_SI_UT_5400_1377,0.21358462162249364
mix_UI_ST_5400_838,0.1595242215668161
mix_UI_ST_5400_818,0.13934299615250384
cauldron_ln_23068,0.7558591621640569
cauldron_ln_26121,0.6673255201511017
mix_SI_UT_5400_261,0.22181956330242092
cauldron_ln_22032,0.7560205788632828
cauldron_ln_13097,0.6227410153858575
cauldron_ln_9075,0.4034594926060301
mix_UI_ST_5400_122,0.14453554922715717
mix_SI_UT_5400_660,0.4514848039381451
cauldron_ln_4488,0.23360004540959384
cauldron_ln_15005,0.07364722334059985
cauldron_ln_13020,0.26301892328310256
cauldron_ln_23208,0.3929676227304112
cauldron_ln_19173,0.6097349081477117
mix_SI_UT_5400_1277,0.4992343440061396
cauldron_ln_20865,0.059696051176526
mix_SI_UT_5400_707,0.027470576233177675
mix_SI_UT_5400_722,0.07739398764978539
mix_SI_UT_5400_595,0.2182946675605515
mix_SI_UT_5400_1283,0.3817265038917666
cauldron_ln_15404,0.5483445725445191
mix_UI_ST_5400_1346,0.22830731108746316
cauldron_ln_24589,0.817342116766296
cauldron_ln_3273,0.6738797158198524
cauldron_ln_21894,0.39483041558941895
mix_SI_UT_5400_698,0.16667384677303448
cauldron_ln_1926,0.12279701755818916
mix_SI_UT_5400_1137,0.022500042466396097
mix_SI_UT_5400_562,0.12646483613029735
cauldron_ln_8737,0.7105479229876072
cauldron_ln_23765,0.4145555308559169
cauldron_ln_15423,0.3317805396490797
mix_UI_ST_5400_463,0.35998690766319075
cauldron_ln_9152,0.6531333301898096
cauldron_ln_25713,0.540646608812133
mix_UI_ST_5400_1340,0.021108718268791175
mix_SI_UT_5400_1046,0.08409976150327114
cauldron_ln_29737,0.6953292179696032
cauldron_ln_19616,0.7685978828866521
mix_UI_ST_5400_401,0.03310195488778914
cauldron_ln_29855,0.6833876495761728
mix_UI_ST_5400_293,0.24597241799624506
mix_UI_ST_5400_152,0.13022490588123536
cauldron_ln_4566,0.296001686745762
cauldron_ln_26149,0.6564154303128745
cauldron_ln_3121,0.48609907308121764
mix_UI_ST_5400_467,0.28138252173982026
cauldron_ln_783,0.2622130232508033
mix_SI_UT_5400_908,0.2487860991554268
mix_UI_ST_5400_1122,0.11238465062187963
mix_SI_UT_5400_1303,0.6157656870842837
cauldron_ln_8140,0.5045065229385595
mix_SI_UT_5400_1239,0.25791706584897267
cauldron_ln_16842,0.8250486562944022
cauldron_ln_8211,0.7287473840619719
cauldron_ln_10395,0.7548529893800096
cauldron_ln_27965,0.6260042005985038
mix_SI_UT_5400_260,0.17856909827985046
mix_UI_ST_5400_754,0.20327971399385875
mix_UI_ST_5400_553,0.07326807610585864
cauldron_ln_18735,0.6651748977303676
mix_SI_UT_5400_1407,0.24524432796477513
mix_SI_UT_5400_1384,0.5616263412209048
cauldron_ln_11923,0.7301173495487422
mix_UI_ST_5400_964,0.1719377136458604
cauldron_ln_17263,0.5781225819519347
cauldron_ln_26409,0.7392083586940461
cauldron_ln_19755,0.06161595547266313
cauldron_ln_29941,0.741452896707227
cauldron_ln_18758,0.6612765504886009
mix_UI_ST_5400_303,0.06576530762166237
mix_UI_ST_5400_549,0.17838002975594863
mix_SI_UT_5400_1344,0.03965107500155636
mix_UI_ST_5400_1221,0.20540236447975246
cauldron_ln_11219,0.7060679200812453
cauldron_ln_804,0.478939376148603
mix_SI_UT_5400_924,0.33375178507944003
mix_UI_ST_5400_266,0.08707095529506301
mix_SI_UT_5400_897,0.10932004787253721
cauldron_ln_14526,0.428882612171092
mix_SI_UT_5400_431,0.066589830547049
cauldron_ln_24533,0.33257790550996663
mix_SI_UT_5400_298,0.19638149495676654
mix_SI_UT_5400_1304,0.31996058179701004
cauldron_ln_12514,0.3521284990760024
mix_SI_UT_5400_1250,0.16791850134973746
mix_SI_UT_5400_560,0.04138991975068258
cauldron_ln_6322,0.8571926617678328
cauldron_ln_7000,0.5402982843809211
cauldron_ln_26584,0.8271718831433381
cauldron_ln_9776,0.5094655698492286
mix_UI_ST_5400_805,0.025149560332580652
mix_UI_ST_5400_594,0.3500708085581845
cauldron_ln_10902,0.7715987271738003
cauldron_ln_7101,0.7924064475711471
mix_SI_UT_5400_942,0.3089968830243035
cauldron_ln_16806,0.17030909253706744
cauldron_ln_8162,0.7276932778174416
cauldron_ln_2732,0.8003640054034493
cauldron_ln_15859,0.19370340726040042
mix_UI_ST_5400_1124,0.2456159749854423
cauldron_ln_20975,0.6028150657600451
mix_UI_ST_5400_1397,0.18718535087914456
mix_SI_UT_5400_434,0.07602730360468297
mix_SI_UT_5400_1166,0.037169556497036516
cauldron_ln_17249,0.8037316006689341
mix_SI_UT_5400_126,0.1878139275580279
cauldron_ln_20032,0.5116837844140354
mix_UI_ST_5400_220,0.3027545422131007
mix_SI_UT_5400_326,0.28775822732084055
mix_SI_UT_5400_836,0.19395150471205208
cauldron_ln_20845,0.7299005548085922
cauldron_ln_19643,0.6377287393275703
mix_UI_ST_5400_679,0.5186267157572519
cauldron_ln_13175,0.6370129107777498
mix_SI_UT_5400_565,0.6687270096116489
cauldron_ln_28208,0.5691606643851463
cauldron_ln_20628,0.8021353610130808
mix_SI_UT_5400_295,0.20183480991839686
mix_UI_ST_5400_208,0.1407793995272929
mix_SI_UT_5400_758,0.06036771648879867
mix_UI_ST_5400_1213,0.21288389387718554
mix_SI_UT_5400_739,0.2736416067802768
mix_SI_UT_5400_1360,0.07770839700601045
cauldron_ln_12098,0.6190670908620715
mix_UI_ST_5400_279,0.15300563964916242
mix_SI_UT_5400_733,0.4551414172260596
cauldron_ln_23299,0.28922975958897046
cauldron_ln_12530,0.7498431014877602
mix_SI_UT_5400_614,0.7070985937982168
cauldron_ln_7503,0.6047019316645235
cauldron_ln_17327,0.621080783481387
mix_UI_ST_5400_1460,0.2654560414100722
cauldron_ln_278,0.6331475018090644
cauldron_ln_23239,0.23452671524546226
mix_UI_ST_5400_582,0.5515698666223721
mix_SI_UT_5400_665,0.15903773810517868
mix_SI_UT_5400_33,0.030428307432947783
cauldron_ln_9233,0.44418293391561436
mix_UI_ST_5400_1398,0.02030588814181638
cauldron_ln_15255,0.7255394633618315
cauldron_ln_26580,0.792990004024823
mix_UI_ST_5400_93,0.2993167714930507
mix_UI_ST_5400_902,0.5315723620268159
mix_SI_UT_5400_26,0.2809864737594948
mix_UI_ST_5400_294,0.21354987582801413
mix_SI_UT_5400_736,0.6121649005452046
cauldron_ln_8388,0.6161101914394331
mix_SI_UT_5400_620,0.10521745385827079
mix_UI_ST_5400_252,0.18291912843304717
cauldron_ln_19102,0.12862815736897837
cauldron_ln_2280,0.6076072911541007
cauldron_ln_18189,0.6815625706063118
mix_UI_ST_5400_55,0.2350693403756471
cauldron_ln_4853,0.6431734696440552
cauldron_ln_15866,0.7426867896916853
mix_SI_UT_5400_667,0.0935941332200318
cauldron_ln_27719,0.6888878314427522
mix_UI_ST_5400_612,0.2107658268886347
mix_SI_UT_5400_1298,0.5117509536647539
cauldron_ln_2287,0.22026287410201945
cauldron_ln_17282,0.672489172118222
mix_SI_UT_5400_685,0.06620136559228354
mix_UI_ST_5400_541,0.11170247506309693
cauldron_ln_8711,0.6548452528589772
mix_UI_ST_5400_1432,0.26777204769739427
mix_UI_ST_5400_1382,0.05261788703200715
mix_SI_UT_5400_1115,0.18401031699439702
cauldron_ln_13196,0.6979625438740136
mix_UI_ST_5400_185,0.07931458560112632
cauldron_ln_7583,0.027623338971505394
cauldron_ln_10496,0.3843456068177992
cauldron_ln_617,0.5166572721433422
mix_UI_ST_5400_161,0.30562306259783456
mix_UI_ST_5400_761,0.14662834973166317
cauldron_ln_14842,0.3013466716821116
mix_UI_ST_5400_1250,0.30580788953118976
cauldron_ln_7212,0.7264576665486066
cauldron_ln_14656,0.7563269078892155
cauldron_ln_7924,0.45406917113277123
mix_SI_UT_5400_699,0.4110143118864899
mix_SI_UT_5400_436,0.029807216111118945
cauldron_ln_19825,0.6608147854747657
mix_UI_ST_5400_504,0.5132713891284794
cauldron_ln_19005,0.5165946907705562
cauldron_ln_7454,0.4269939965209866
mix_UI_ST_5400_535,0.14599481669290112
cauldron_ln_10326,0.6977501332384639
cauldron_ln_12254,0.7255244903694014
mix_SI_UT_5400_935,0.5107592639749725
mix_UI_ST_5400_1199,0.041472966753856366
cauldron_ln_14377,0.7049154346524342
mix_SI_UT_5400_342,0.1828761535740866
mix_UI_ST_5400_683,0.03771792702122398
mix_SI_UT_5400_430,0.18689172752156663
cauldron_ln_28229,0.7023172321103355
mix_UI_ST_5400_1231,0.08505306222594251
mix_UI_ST_5400_1299,0.0883233837835749
mix_SI_UT_5400_857,0.27266619702987693
mix_UI_ST_5400_441,0.43591167098308037
mix_SI_UT_5400_543,0.19699941613301092
mix_SI_UT_5400_1069,0.3018673489251851
mix_SI_UT_5400_1052,0.041329931606786344
mix_UI_ST_5400_649,0.10225171933233944
mix_SI_UT_5400_608,0.40974508590723857
cauldron_ln_14130,0.7250528567481616
mix_SI_UT_5400_940,0.18891424200347834
mix_UI_ST_5400_212,0.09341796760730989
mix_UI_ST_5400_1141,0.2593921505597545
mix_UI_ST_5400_741,0.411446937998112
mix_SI_UT_5400_828,0.3692606038053996
cauldron_ln_4509,0.6321424896481049
mix_SI_UT_5400_134,0.4112985732765879
cauldron_ln_18419,0.7177897348746834
mix_SI_UT_5400_204,0.2549628886817661
cauldron_ln_27468,0.6754978924305948
cauldron_ln_226,0.720966148177672
mix_UI_ST_5400_1025,0.19411159526667737
mix_SI_UT_5400_716,0.2782996438903653
cauldron_ln_15743,0.3642020303045622
mix_UI_ST_5400_1056,0.22380136913715099
mix_SI_UT_5400_793,0.3821397334457062
cauldron_ln_3064,0.71416720894399
mix_SI_UT_5400_1015,0.6572454699771503
mix_UI_ST_5400_748,0.19538856755719952
cauldron_ln_5547,0.7302654821394853
mix_SI_UT_5400_862,0.13284942144825015
cauldron_ln_11313,0.571598685388055
mix_UI_ST_5400_1327,0.08519130847669915
mix_UI_ST_5400_1021,0.07689555916632773
mix_UI_ST_5400_367,0.5244385952097765
cauldron_ln_17980,0.7949792828268323
mix_UI_ST_5400_378,0.17631020176477125
mix_SI_UT_5400_238,0.5880349777749829
cauldron_ln_8671,0.5992747201192014
cauldron_ln_11814,0.508532450980282
cauldron_ln_19722,0.6191388081436777
cauldron_ln_24194,0.7250737623989593
cauldron_ln_10608,0.695948066872978
cauldron_ln_2292,0.30802496390846046
cauldron_ln_579,0.7296620106390554
mix_SI_UT_5400_292,0.12948331281824232
mix_SI_UT_5400_1376,0.18974728597963186
cauldron_ln_6332,0.7713195649994773
cauldron_ln_23111,0.4925792146047412
mix_UI_ST_5400_329,0.045632296258022106
cauldron_ln_11130,0.7616539332345129
cauldron_ln_12886,0.6583170749041861
cauldron_ln_25394,0.7687791713886022
cauldron_ln_23734,0.5205373552064971
cauldron_ln_549,0.6351779000767802
mix_SI_UT_5400_504,0.11889635924218217
mix_UI_ST_5400_48,0.31057525419078186
mix_UI_ST_5400_180,0.32180946418454104
mix_SI_UT_5400_867,0.21929216879562272
cauldron_ln_7519,0.48263471729665064
mix_UI_ST_5400_658,0.2893041717676741
cauldron_ln_28961,0.8127602894369094
mix_SI_UT_5400_257,0.2154671147386854
cauldron_ln_4877,0.08488116029846042
mix_SI_UT_5400_70,0.11227112598846899
mix_UI_ST_5400_1067,0.34179615690256016
cauldron_ln_5180,0.5638960675368903
cauldron_ln_14553,0.46352294368888813
mix_UI_ST_5400_229,0.3552636932231894
cauldron_ln_3857,0.6596488526838471
cauldron_ln_22582,0.7549853779060626
mix_SI_UT_5400_455,0.1316941560286891
cauldron_ln_23335,0.669550773798496
cauldron_ln_21873,0.6950346273666093
mix_SI_UT_5400_681,0.4230040927868418
mix_UI_ST_5400_1246,0.05394584728396197
cauldron_ln_18153,0.8083315639123392
cauldron_ln_13185,0.7759489013096403
cauldron_ln_22572,0.624097982667216
cauldron_ln_11930,0.7054135005883139
mix_UI_ST_5400_724,0.14195698230188267
cauldron_ln_6146,0.431312450674663
mix_UI_ST_5400_1484,0.17210104979013185
cauldron_ln_7131,0.7067069080456025
cauldron_ln_17082,0.6199959192096458
mix_UI_ST_5400_857,0.10348340373431386
cauldron_ln_10088,0.6904722345978033
cauldron_ln_20,0.7201990173820119
cauldron_ln_17378,0.4419596747161014
mix_UI_ST_5400_1108,0.6458724138247833
mix_SI_UT_5400_849,0.2294258446245682
mix_UI_ST_5400_276,0.5115850335705252
mix_UI_ST_5400_733,0.2903833524805908
mix_SI_UT_5400_1471,0.4191300544055584
mix_UI_ST_5400_160,0.3946601858461054
mix_UI_ST_5400_248,0.39374403314742307
mix_UI_ST_5400_1077,0.230062531170362
cauldron_ln_8419,0.84707253906184
cauldron_ln_10618,0.6316202028085997
mix_UI_ST_5400_653,0.16359993932993205
cauldron_ln_11161,0.6163460058326149
mix_SI_UT_5400_854,0.09946235638440226
cauldron_ln_7483,0.7070201862064661
cauldron_ln_1950,0.36088038610476836
mix_UI_ST_5400_1145,0.5151717974391155
cauldron_ln_3949,0.667435765170048
mix_SI_UT_5400_1101,0.11361786080972062
cauldron_ln_19357,0.36744854868558346
mix_UI_ST_5400_349,0.23662766529048562
cauldron_ln_8293,0.6196853857935003
mix_SI_UT_5400_385,0.17911190155201587
mix_UI_ST_5400_793,0.11381974948737456
cauldron_ln_26692,0.6266882019662015
mix_UI_ST_5400_1208,0.10674166103953629
cauldron_ln_12082,0.4307584982601772
mix_UI_ST_5400_999,0.14571340411555744
cauldron_ln_26698,0.7665833693661982
cauldron_ln_2232,0.49911914621692244
mix_SI_UT_5400_874,0.6364152645224379
mix_UI_ST_5400_524,0.14119704048704124
cauldron_ln_4997,0.6663887611334853
mix_SI_UT_5400_726,0.07787410763808991
mix_SI_UT_5400_34,0.24511540238946658
mix_UI_ST_5400_1225,0.6000801127262656
cauldron_ln_19681,0.6847423731403433
mix_SI_UT_5400_558,0.06587372324848118
mix_SI_UT_5400_1402,0.16525324500589228
mix_SI_UT_5400_439,0.2544486205169021
mix_SI_UT_5400_1174,0.24634510222308306
cauldron_ln_12748,0.5981740005595204
cauldron_ln_21006,0.7787341346009811
cauldron_ln_23999,0.6999556840104904
mix_SI_UT_5400_182,0.6664246664477096
cauldron_ln_8117,0.6691811974179316
mix_UI_ST_5400_1401,0.2776964775173437
mix_UI_ST_5400_1192,0.08527619882871082
cauldron_ln_1175,0.6714959664405173
cauldron_ln_15358,0.3862520223667234
cauldron_ln_16952,0.20845322188629906
mix_SI_UT_5400_1409,0.19908579081215516
mix_UI_ST_5400_239,0.0929756255448026
mix_UI_ST_5400_531,0.2694227969645213
cauldron_ln_1204,0.6879077695026968
mix_SI_UT_5400_1255,0.1532088261384319
cauldron_ln_14922,0.7319823573258558
mix_SI_UT_5400_1381,0.15246590285486022
mix_UI_ST_5400_1498,0.12554047659902293
mix_SI_UT_5400_1008,0.38054435223221383
mix_UI_ST_5400_512,0.08206802859973224
mix_UI_ST_5400_1234,0.5566640873932514
mix_SI_UT_5400_1441,0.2763013730936434
mix_UI_ST_5400_1408,0.24901922078314936
mix_SI_UT_5400_1240,0.031769512203137944
cauldron_ln_16567,0.4879153205994593
mix_UI_ST_5400_1265,0.5089892701769405
mix_UI_ST_5400_12,0.2939378031295116
cauldron_ln_25437,0.6616458880421642
cauldron_ln_14719,0.7435917999314654
mix_SI_UT_5400_340,0.04866425687866929
mix_UI_ST_5400_988,0.11163867683900555
mix_SI_UT_5400_21,0.5363732229470846
cauldron_ln_3141,0.8204298785319102
cauldron_ln_2644,0.5343913231158648
mix_SI_UT_5400_693,0.0628881853111656
mix_SI_UT_5400_419,0.13716978366531363
mix_SI_UT_5400_1086,0.07781970591493324
mix_UI_ST_5400_820,0.1437821051749052
mix_SI_UT_5400_445,0.3768058992396681
mix_UI_ST_5400_1255,0.04670581655210369
mix_SI_UT_5400_872,0.0637017510911497
cauldron_ln_2233,0.7562545858383235
cauldron_ln_21324,0.7994999895235012
cauldron_ln_25774,0.6987431986359043
mix_UI_ST_5400_737,0.086235146281745
cauldron_ln_7380,0.6931481014634224
cauldron_ln_17772,0.7154955486285606
mix_UI_ST_5400_1031,0.3805158430438814
cauldron_ln_15824,0.6787822829949215
cauldron_ln_25877,0.7683933603335263
mix_UI_ST_5400_1189,0.37935716963333943
cauldron_ln_503,0.7572786543459635
mix_UI_ST_5400_30,0.42569458465633236
mix_SI_UT_5400_1090,0.08433166435727953
mix_UI_ST_5400_233,0.2087112610533844
mix_UI_ST_5400_1099,0.2767711006043083
cauldron_ln_19104,0.8132791825355394
mix_SI_UT_5400_144,0.32420624277535814
mix_UI_ST_5400_739,0.03990581820393291
mix_SI_UT_5400_1061,0.18547078652552995
mix_SI_UT_5400_336,0.36277773347506104
mix_UI_ST_5400_150,0.2602971950830805
mix_SI_UT_5400_813,0.14310726478551464
cauldron_ln_12105,0.5291945058557999
cauldron_ln_15639,0.7181706120180104
cauldron_ln_26995,0.07919480982007635
mix_UI_ST_5400_1442,0.1395527142909493
cauldron_ln_15908,0.2648363589373461
mix_UI_ST_5400_752,0.13536769174153168
cauldron_ln_2879,0.3392300222058036
cauldron_ln_3463,0.7168040101856412
mix_SI_UT_5400_406,0.14171714108493055
mix_UI_ST_5400_251,0.07875811535667747
mix_UI_ST_5400_626,0.19388218511575128
cauldron_ln_25187,0.5307359689680298
mix_SI_UT_5400_1138,0.27481305312638893
cauldron_ln_9383,0.7161123747759448
cauldron_ln_26538,0.484974126727649
cauldron_ln_5401,0.738549414772181
cauldron_ln_19525,0.6123708548174651
cauldron_ln_15253,0.46254936335884295
mix_SI_UT_5400_469,0.21385808004543985
mix_SI_UT_5400_1466,0.17052064780141385
mix_UI_ST_5400_305,0.06470230980743404
cauldron_ln_19569,0.682850259269189
cauldron_ln_1288,0.6281749400108847
mix_SI_UT_5400_1478,0.06989741072481226
mix_UI_ST_5400_1194,0.3363955274693184
cauldron_ln_27393,0.7807690957976225
cauldron_ln_20284,0.752716449480497
cauldron_ln_18826,0.6901223684461764
mix_UI_ST_5400_540,0.08472791923230674
cauldron_ln_1929,0.6306806010318611
mix_UI_ST_5400_944,0.2945149308083004
cauldron_ln_11632,0.8032087281634209
cauldron_ln_8504,0.7070184996440998
mix_UI_ST_5400_500,0.4725194282627725
cauldron_ln_4126,0.3526822680659993
cauldron_ln_14120,0.752511329896272
mix_SI_UT_5400_391,0.0978790866928069
mix_UI_ST_5400_435,0.42696959794755596
cauldron_ln_24721,0.2917090745598954
mix_UI_ST_5400_1065,0.030875692042360296
mix_SI_UT_5400_335,0.06968843620928081
mix_UI_ST_5400_766,0.1748466095941184
mix_SI_UT_5400_525,0.4140895666143418
cauldron_ln_18260,0.6179774796925211
mix_SI_UT_5400_1477,0.40682506258718776
cauldron_ln_14036,0.8624510530545255
cauldron_ln_20104,0.6672055642084611
mix_SI_UT_5400_226,0.48568671846426176
cauldron_ln_5414,0.6736138112951386
cauldron_ln_27037,0.7373439097614578
cauldron_ln_24239,0.6045250677125622
mix_UI_ST_5400_427,0.29863055613434886
cauldron_ln_19371,0.5226540374177537
mix_SI_UT_5400_1204,0.2002643088376681
cauldron_ln_17052,0.53497997061186
mix_UI_ST_5400_112,0.43075202802091406
cauldron_ln_4146,0.6767320781455324
mix_SI_UT_5400_1065,0.4976758900799758
cauldron_ln_22957,0.53669110966217
cauldron_ln_696,0.4717744497711418
cauldron_ln_5478,0.805600870525695
cauldron_ln_21933,0.6855835122580449
cauldron_ln_24256,0.4991644285386657
mix_UI_ST_5400_447,0.10614500598008
cauldron_ln_20151,0.451846376234306
mix_UI_ST_5400_335,0.1445162561007951
cauldron_ln_6632,0.6938503596274125
mix_SI_UT_5400_1103,0.1549960940216732
cauldron_ln_118,0.41065771924564376
mix_SI_UT_5400_1180,0.3315512176371276
cauldron_ln_27674,0.6670060170603902
mix_SI_UT_5400_673,0.3267371708957677
cauldron_ln_10939,0.6376950880257377
mix_SI_UT_5400_36,0.48901930463409315
mix_SI_UT_5400_156,0.40220848333505915
mix_SI_UT_5400_969,0.4147676465310043
mix_UI_ST_5400_4,0.05301362378971558
cauldron_ln_28684,0.7950363827641369
cauldron_ln_9023,0.5723717949578389
cauldron_ln_17055,0.7671241654706636
mix_SI_UT_5400_978,0.3151881481286011
cauldron_ln_10816,0.5073079188040095
cauldron_ln_28291,0.5527497810820454
mix_UI_ST_5400_560,0.24580831847529935
cauldron_ln_23455,0.6039880065158367
mix_UI_ST_5400_779,0.11776271846027155
cauldron_ln_15755,0.06912167834193891
mix_SI_UT_5400_218,0.12588154018738912
cauldron_ln_5683,0.08925963624279731
cauldron_ln_2669,0.7966523202652831
cauldron_ln_22045,0.7077584903530301
cauldron_ln_26360,0.7813326606413269
mix_UI_ST_5400_1019,0.35254990894073907
mix_UI_ST_5400_554,0.14443797354775073
cauldron_ln_28107,0.6641088081846478
mix_UI_ST_5400_1223,0.2582626519805551
cauldron_ln_20051,0.539711978722201
cauldron_ln_11953,0.3421361436147167
cauldron_ln_18517,0.8229420504980418
cauldron_ln_53,0.6361368785550905
mix_UI_ST_5400_1319,0.5805850528305811
mix_UI_ST_5400_692,0.24065531183635977
cauldron_ln_20319,0.5397744785431875
mix_UI_ST_5400_660,0.261781264293655
mix_UI_ST_5400_129,0.19484745110699916
mix_SI_UT_5400_537,0.019577478826114388
cauldron_ln_4878,0.8783033282723436
mix_UI_ST_5400_94,0.3047862879798351
mix_SI_UT_5400_641,0.25486413587915346
cauldron_ln_16133,0.7205056770480947
cauldron_ln_19962,0.5719023522882427
cauldron_ln_20502,0.6770794180990388
mix_UI_ST_5400_482,0.17579659140557077
cauldron_ln_10387,0.7618057291695723
cauldron_ln_19445,0.36302685436063886
mix_UI_ST_5400_581,0.4810743939581662
cauldron_ln_28455,0.3274541190582839
cauldron_ln_14128,0.15013811618253137
mix_SI_UT_5400_585,0.21278872295446344
cauldron_ln_12,0.7170189817028007
mix_UI_ST_5400_499,0.048722886291558055
mix_UI_ST_5400_52,0.1854876303138147
cauldron_ln_11576,0.7202915864990427
mix_UI_ST_5400_1239,0.5849225106880953
cauldron_ln_25886,0.6919083400994472
cauldron_ln_17351,0.8214634308393287
cauldron_ln_23113,0.635237764279416
cauldron_ln_17624,0.6350429985706847
mix_SI_UT_5400_748,0.12644040731280193
cauldron_ln_29672,0.7090492763711087
mix_SI_UT_5400_923,0.032228777587860614
cauldron_ln_24844,0.5102185659258085
mix_SI_UT_5400_1452,0.48908543103602764
mix_UI_ST_5400_45,0.15144649013579495
cauldron_ln_29878,0.846598108579271
cauldron_ln_8161,0.8074702274513426
mix_UI_ST_5400_360,0.16491986151749166
cauldron_ln_17838,0.44865856421746264
cauldron_ln_7617,0.6624859649552963
mix_SI_UT_5400_1289,0.3495026740034745
mix_SI_UT_5400_790,0.25660925976466753
mix_SI_UT_5400_919,0.3036314622433818
mix_UI_ST_5400_1237,0.26151685033576066
mix_SI_UT_5400_651,0.5306641807528875
mix_UI_ST_5400_655,0.24836889754366168
mix_SI_UT_5400_1168,0.13667347863817392
cauldron_ln_15858,0.5824305340618476
cauldron_ln_23974,0.5314963772539283
mix_UI_ST_5400_918,0.32632680361413646
cauldron_ln_9670,0.7945327448282502
mix_SI_UT_5400_948,0.32166042758017277
cauldron_ln_18940,0.7229949669455432
cauldron_ln_15010,0.6589719627513215
cauldron_ln_4564,0.7602644757092217
cauldron_ln_14404,0.44008636333690254
cauldron_ln_22353,0.8064641298735478
cauldron_ln_5155,0.7184458574047987
mix_UI_ST_5400_1331,0.19597533092626462
mix_SI_UT_5400_671,0.3520058570376828
cauldron_ln_9455,0.5924639205155943
cauldron_ln_11427,0.5117814521587433
cauldron_ln_19713,0.5547945531763395
mix_SI_UT_5400_408,0.25398225620007475
mix_SI_UT_5400_792,0.21487225772810364
mix_SI_UT_5400_1238,0.2703953603974316
mix_UI_ST_5400_714,0.12197677141732641
cauldron_ln_8834,0.5360793757877773
cauldron_ln_21944,0.6989336884670185
mix_SI_UT_5400_1450,0.19119488856139177
mix_UI_ST_5400_1143,0.3129681457419884
cauldron_ln_10045,0.5255214198751028
mix_UI_ST_5400_387,0.05130407332573697
cauldron_ln_11657,0.41858795662606696
cauldron_ln_9358,0.48595828553780146
mix_SI_UT_5400_92,0.20640145797048673
cauldron_ln_26416,0.3801224237149453
mix_SI_UT_5400_1410,0.5409010479352055
cauldron_ln_14413,0.6554053847043169
mix_SI_UT_5400_107,0.15580235332280307
cauldron_ln_13566,0.1983088429595257
cauldron_ln_28071,0.3369818256985251
mix_SI_UT_5400_579,0.4358352595858124
mix_UI_ST_5400_31,0.3399591396273697
cauldron_ln_2470,0.690347843083076
mix_SI_UT_5400_574,0.025532293541149168
cauldron_ln_11177,0.7130753834412302
cauldron_ln_12571,0.49306065122217624
cauldron_ln_18766,0.2251308326031167
mix_UI_ST_5400_899,0.40030324613564094
mix_UI_ST_5400_792,0.25640656435091114
mix_UI_ST_5400_785,0.1359475100599357
cauldron_ln_24175,0.2848127637094533
mix_UI_ST_5400_1226,0.18641436940345216
mix_UI_ST_5400_578,0.2862395130673852
cauldron_ln_26611,0.771706237275426
cauldron_ln_2126,0.6181768278301646
cauldron_ln_749,0.6365730244448778
mix_SI_UT_5400_119,0.2980751308318189
cauldron_ln_19477,0.7158664954512743
cauldron_ln_24211,0.8089218373458364
mix_SI_UT_5400_17,0.029292900586274866
cauldron_ln_25331,0.6795244189392634
cauldron_ln_25151,0.35752290450956103
mix_UI_ST_5400_545,0.14031952998167474
mix_UI_ST_5400_784,0.42312750207013966
mix_UI_ST_5400_840,0.28289543553440877
cauldron_ln_18368,0.36986519797640893
mix_SI_UT_5400_1485,0.08117029498272212
cauldron_ln_334,0.7626918328670143
cauldron_ln_22940,0.5791246480779602
cauldron_ln_27311,0.6281391645964849
cauldron_ln_29375,0.5245603533370485
mix_SI_UT_5400_1071,0.2825160257123316
cauldron_ln_21790,0.7864638084493061
mix_UI_ST_5400_67,0.301363391345027
mix_UI_ST_5400_1198,0.06874808395450031
cauldron_ln_25505,0.6964093157293444
cauldron_ln_28981,0.38031488304736805
mix_UI_ST_5400_302,0.17264058552030398
mix_UI_ST_5400_790,0.13001091662762826
mix_SI_UT_5400_1369,0.057430449742243
cauldron_ln_13110,0.7058997661881801
mix_SI_UT_5400_1490,0.16998652477042073
cauldron_ln_26330,0.5821995247838219
cauldron_ln_18480,0.5868110043898873
cauldron_ln_1097,0.37783035876325743
cauldron_ln_13875,0.48760003771423577
cauldron_ln_19327,0.7208648313097938
mix_UI_ST_5400_843,0.03891307203453403
mix_UI_ST_5400_1044,0.37776645772098305
mix_UI_ST_5400_44,0.06525536188947534
mix_SI_UT_5400_172,0.09687778233262256
mix_UI_ST_5400_847,0.45082299396789305
mix_UI_ST_5400_2,0.20393603161981858
mix_SI_UT_5400_468,0.40333620816398574
mix_SI_UT_5400_873,0.31248080065044603
mix_SI_UT_5400_840,0.4980281739784822
mix_UI_ST_5400_1474,0.5264658471626471
mix_UI_ST_5400_21,0.08078727977695943
mix_UI_ST_5400_431,0.5017366603248503
cauldron_ln_20097,0.8046341861848839
cauldron_ln_4376,0.4246747495891554
mix_SI_UT_5400_1427,0.09991537038298824
mix_UI_ST_5400_687,0.10639891089267792
mix_SI_UT_5400_1284,0.4021067825677759
mix_UI_ST_5400_981,0.13104919567478343
cauldron_ln_11983,0.5566054296598267
mix_SI_UT_5400_331,0.17900322049210243
cauldron_ln_22164,0.5081216615067379
cauldron_ln_20479,0.6619468272079764
mix_SI_UT_5400_57,0.6175852746422981
cauldron_ln_13765,0.6795676138684495
cauldron_ln_2757,0.737762938683179
mix_SI_UT_5400_1169,0.3861525099939061
cauldron_ln_21667,0.6269015583472987
cauldron_ln_10895,0.8215409335289547
mix_UI_ST_5400_285,0.07605722770081287
mix_SI_UT_5400_467,0.2670188809176574
cauldron_ln_11370,0.6901685903337397
cauldron_ln_21980,0.6508477857538438
cauldron_ln_29634,0.5994417071738456
mix_UI_ST_5400_1083,0.06279535218017823
mix_SI_UT_5400_1243,0.1297146856210782
mix_UI_ST_5400_1102,0.07334425782264781
mix_UI_ST_5400_1469,0.43092970365942507
cauldron_ln_19184,0.6977188882660684
cauldron_ln_11820,0.7742436820075499
cauldron_ln_2144,0.2256101527101933
cauldron_ln_5882,0.5841273413458175
mix_SI_UT_5400_1329,0.05035951688619744
mix_SI_UT_5400_856,0.15489935488038634
mix_SI_UT_5400_587,0.27653525638267296
mix_SI_UT_5400_1105,0.11788733698443273
mix_UI_ST_5400_61,0.4117120968684374
cauldron_ln_27899,0.7391060297576835
mix_UI_ST_5400_5,0.055363129835915445
mix_UI_ST_5400_1060,0.20220240125689293
cauldron_ln_27053,0.8078119696957595
mix_SI_UT_5400_1327,0.0489655837299918
mix_UI_ST_5400_1054,0.43380981011840425
mix_UI_ST_5400_1276,0.06939231264868237
cauldron_ln_7919,0.5606824062596578
cauldron_ln_9133,0.7070109670147661
mix_SI_UT_5400_884,0.33185829434445624
mix_UI_ST_5400_10,0.4198252499828784
mix_UI_ST_5400_534,0.20280539337678893
mix_UI_ST_5400_837,0.1587964953008804
cauldron_ln_6416,0.18401246681956762
cauldron_ln_20460,0.7509616370102228
cauldron_ln_10373,0.7953021352188537
mix_UI_ST_5400_774,0.07142262895793759
mix_SI_UT_5400_638,0.034309441220728966
mix_UI_ST_5400_1334,0.303785975785303
cauldron_ln_27783,0.6500956242305591
cauldron_ln_8996,0.43363117188315375
cauldron_ln_27574,0.4865203208086395
mix_SI_UT_5400_1332,0.48313678217874456
cauldron_ln_2167,0.684541850803599
mix_SI_UT_5400_1425,0.3245332466302546
mix_UI_ST_5400_359,0.74181628830823
mix_UI_ST_5400_806,0.05153891151573141
mix_UI_ST_5400_263,0.3821775621436397
cauldron_ln_11924,0.6425818191267093
cauldron_ln_24266,0.8003204460131412
cauldron_ln_6729,0.671112348955589
mix_SI_UT_5400_604,0.026263446725198453
mix_SI_UT_5400_916,0.25169976911023184
cauldron_ln_25080,0.708716048665718
mix_SI_UT_5400_847,0.15021861098053454
mix_SI_UT_5400_1036,0.13950026000845162
cauldron_ln_2975,0.8175957703664468
mix_SI_UT_5400_1206,0.05579294535152588
mix_SI_UT_5400_509,0.10899152559089753
cauldron_ln_15790,0.7071620333667064
cauldron_ln_93,0.10719896566078979
mix_SI_UT_5400_1009,0.23295699157821484
cauldron_ln_20364,0.7448554844284294
mix_UI_ST_5400_1491,0.45189874821631404
mix_UI_ST_5400_1248,0.23937925670891513
mix_SI_UT_5400_201,0.21563048126777704
cauldron_ln_17571,0.7548787752880864
cauldron_ln_5774,0.6840014392850744
mix_UI_ST_5400_691,0.6119056490842265
cauldron_ln_21600,0.6844323196190869
cauldron_ln_20619,0.4646705735835149
mix_SI_UT_5400_825,0.3450772060170647
mix_UI_ST_5400_274,0.06003876143960331
mix_UI_ST_5400_846,0.10819076418788821
mix_UI_ST_5400_380,0.4327644707195616
cauldron_ln_3346,0.747193407785075
cauldron_ln_2430,0.6579277470698652
cauldron_ln_10798,0.6140884717074548
mix_UI_ST_5400_1166,0.5022470888950015
cauldron_ln_7841,0.8500874307531094
cauldron_ln_21563,0.8073420145474767
cauldron_ln_25912,0.7706835434299155
mix_SI_UT_5400_1476,0.16967681832568424
cauldron_ln_3228,0.4555138490729581
cauldron_ln_29946,0.756623984685469
mix_SI_UT_5400_752,0.42123011877910455
cauldron_ln_25368,0.7806530714795406
cauldron_ln_4212,0.44583329711893027
cauldron_ln_14910,0.48165413089741504
mix_SI_UT_5400_1350,0.267777039471309
cauldron_ln_15566,0.8038955668112542
mix_UI_ST_5400_782,0.5084413829611613
cauldron_ln_1149,0.595835037315219
cauldron_ln_17316,0.11093772899934282
cauldron_ln_26560,0.7241171099450894
cauldron_ln_5855,0.774200774580488
cauldron_ln_18472,0.6350223215142365
mix_UI_ST_5400_627,0.39606207116505876
cauldron_ln_16670,0.7019063883751528
cauldron_ln_24126,0.6580188815852871
cauldron_ln_4341,0.6678566002852109
cauldron_ln_3617,0.7430642790565192
cauldron_ln_18545,0.70176874160813
cauldron_ln_6170,0.2672493257828592
mix_UI_ST_5400_919,0.06010527368547296
mix_SI_UT_5400_823,0.0609074882465384
cauldron_ln_24150,0.7543631687181319
mix_UI_ST_5400_241,0.5431117919663182
cauldron_ln_18121,0.619007726888749
cauldron_ln_7456,0.34249983932805783
mix_SI_UT_5400_1458,0.38348594564787136
mix_SI_UT_5400_438,0.4009133981439713
mix_SI_UT_5400_352,0.1621930438752225
mix_SI_UT_5400_827,0.4463342676200358
mix_UI_ST_5400_633,0.19250981092520564
mix_SI_UT_5400_598,0.6724130119335179
mix_SI_UT_5400_377,0.05800306884360969
mix_UI_ST_5400_1373,0.1957667082934569
mix_UI_ST_5400_1314,0.1057894311093869
mix_SI_UT_5400_966,0.12218054729225097
mix_SI_UT_5400_571,0.20793585690434596
mix_UI_ST_5400_1294,0.44469058812791107
cauldron_ln_12913,0.10909858771719283
cauldron_ln_14545,0.46008925431233894
cauldron_ln_17890,0.11971454128509615
cauldron_ln_14721,0.40626606030306855
cauldron_ln_164,0.7160713143159418
mix_SI_UT_5400_193,0.3874888657756067
cauldron_ln_9916,0.7755807070329706
mix_UI_ST_5400_650,0.517684560836956
mix_SI_UT_5400_1011,0.24097894451309584
mix_SI_UT_5400_37,0.12655828651033096
cauldron_ln_6366,0.5288953169240893
cauldron_ln_18237,0.6876094030622361
cauldron_ln_12292,0.5497575568880846
mix_UI_ST_5400_986,0.4531648281653119
cauldron_ln_2996,0.7216137361177826
cauldron_ln_1142,0.8090045060748692
mix_UI_ST_5400_675,0.14531044006395497
mix_UI_ST_5400_1374,0.6383172353054261
cauldron_ln_22103,0.6362677255347686
cauldron_ln_3258,0.6702026344258412
cauldron_ln_23557,0.7646849539298632
cauldron_ln_20257,0.23073026004253566
cauldron_ln_1302,0.4565986124027862
cauldron_ln_17854,0.7978971608115658
mix_UI_ST_5400_927,0.0924875837646727
mix_SI_UT_5400_133,0.13896316702254044
cauldron_ln_15997,0.7492564374257175
mix_SI_UT_5400_609,0.21010511208852345
mix_SI_UT_5400_1227,0.1626580487763335
cauldron_ln_11918,0.7139314928948493
mix_SI_UT_5400_1496,0.6143600392563
cauldron_ln_870,0.7545029899230369
mix_SI_UT_5400_607,0.07629038922102688
cauldron_ln_29821,0.6714472115349259
mix_UI_ST_5400_729,0.18052674159379622
cauldron_ln_2874,0.2684093135652515
cauldron_ln_685,0.3052654603452599
cauldron_ln_26917,0.1617508031549226
cauldron_ln_7778,0.2737295506347322
mix_UI_ST_5400_668,0.1268594606395887
mix_UI_ST_5400_308,0.14036243087431782
cauldron_ln_23034,0.6537316479287165
cauldron_ln_12857,0.7635842826222368
cauldron_ln_622,0.6260611349571629
cauldron_ln_11708,0.593564925254201
cauldron_ln_3552,0.6566796344614244
mix_SI_UT_5400_1081,0.17468328129016303
mix_SI_UT_5400_624,0.16188609979167462
cauldron_ln_5252,0.3531681552754128
mix_SI_UT_5400_288,0.6281891548720979
mix_UI_ST_5400_967,0.0882954607188378
mix_UI_ST_5400_421,0.14593245404624078
cauldron_ln_21135,0.7063780557477739
mix_UI_ST_5400_867,0.15948433988048316
cauldron_ln_29229,0.6674381578646583
mix_SI_UT_5400_1271,0.3295595050140633
cauldron_ln_1129,0.16108134247246386
cauldron_ln_5319,0.7448763322869212
cauldron_ln_28637,0.6847307015420527
cauldron_ln_19265,0.4706884396313542
cauldron_ln_6621,0.6815203631745701
cauldron_ln_11729,0.6810316963849186
mix_SI_UT_5400_371,0.09768956730858311
cauldron_ln_20200,0.6515338595373997
mix_SI_UT_5400_1302,0.09379627616578279
cauldron_ln_16630,0.8721677622249562
mix_UI_ST_5400_1113,0.10106932796233674
cauldron_ln_24313,0.7561374065712356
cauldron_ln_13749,0.5133466022270684
mix_UI_ST_5400_834,0.14223934202659344
cauldron_ln_4879,0.6951006090208055
mix_SI_UT_5400_594,0.26897146555533746
mix_SI_UT_5400_1455,0.1885195567259264
cauldron_ln_18849,0.7182948091043178
mix_SI_UT_5400_1116,0.42163531579380875
mix_UI_ST_5400_148,0.3396400908355598
cauldron_ln_23344,0.6842655711646517
mix_SI_UT_5400_1315,0.1749200967845183
mix_SI_UT_5400_817,0.1837379970191647
cauldron_ln_29394,0.7369365016172469
cauldron_ln_23993,0.5924935812558968
cauldron_ln_26880,0.2853058871345196
cauldron_ln_28815,0.7819838289638585
mix_UI_ST_5400_1293,0.24024084851947533
cauldron_ln_20561,0.6036671278943118
mix_SI_UT_5400_1261,0.2719142736863558
cauldron_ln_4592,0.673545761239428
cauldron_ln_25709,0.6496068223014826
cauldron_ln_21217,0.7676993156363603
cauldron_ln_20132,0.6889090639925233
mix_SI_UT_5400_1401,0.11488160230675895
cauldron_ln_9892,0.7074317294746557
mix_UI_ST_5400_13,0.0970891593019725
cauldron_ln_906,0.7267193645697885
cauldron_ln_20825,0.8312177336196969
cauldron_ln_3820,0.7774503289900314
cauldron_ln_22533,0.6386144987498263
cauldron_ln_21863,0.5871660623866191
mix_SI_UT_5400_448,0.5606101735118615
mix_UI_ST_5400_715,0.051448452541564924
cauldron_ln_20603,0.7792181284266559
cauldron_ln_29800,0.583466582086146
mix_UI_ST_5400_875,0.10646621423769084
mix_UI_ST_5400_1478,0.3227949815101539
mix_SI_UT_5400_45,0.24428801590163784
cauldron_ln_15835,0.7958588081429032
cauldron_ln_12873,0.5069876510619997
mix_SI_UT_5400_353,0.10834406424430515
mix_SI_UT_5400_234,0.12662106281694738
cauldron_ln_12675,0.6912111110328785
mix_UI_ST_5400_334,0.020291339479931204
mix_UI_ST_5400_454,0.07056224395722577
cauldron_ln_12695,0.3361866033079508
mix_SI_UT_5400_1223,0.21495371577241856
cauldron_ln_2206,0.13524709720583433
mix_SI_UT_5400_432,0.37349078915139233
cauldron_ln_16596,0.6167064056453171
mix_SI_UT_5400_380,0.47570231028324317
mix_UI_ST_5400_318,0.103276922695817
cauldron_ln_25718,0.6286274653720052
cauldron_ln_2593,0.6830125448281754
mix_UI_ST_5400_471,0.06964028541693543
cauldron_ln_14247,0.6136497141909744
mix_UI_ST_5400_1165,0.14583165470260379
mix_UI_ST_5400_168,0.5080176442833597
mix_SI_UT_5400_187,0.36091805728974885
mix_UI_ST_5400_954,0.4961281923629281
mix_SI_UT_5400_762,0.19024107308650764
cauldron_ln_12356,0.7525786955659193
cauldron_ln_24665,0.6396519580519273
cauldron_ln_3001,0.5305628695079694
cauldron_ln_1983,0.7147185583158502
mix_UI_ST_5400_1251,0.28482197936269427
mix_SI_UT_5400_1099,0.14584728447060147
mix_SI_UT_5400_275,0.2553339492758292
cauldron_ln_18330,0.8524933122162716
cauldron_ln_15323,0.6945780292107679
cauldron_ln_7858,0.748226864270957
mix_UI_ST_5400_1310,0.19563392328784734
cauldron_ln_6728,0.556358464264664
cauldron_ln_4796,0.7485828497391318
cauldron_ln_27944,0.4385002746091985
cauldron_ln_27262,0.6073723645467657
cauldron_ln_13546,0.045736825797924076
cauldron_ln_9751,0.7111489862157891
mix_SI_UT_5400_460,0.2696498041137225
cauldron_ln_28906,0.8201261337203634
cauldron_ln_4842,0.29279750027472007
cauldron_ln_10128,0.2661084889129399
mix_SI_UT_5400_615,0.6321532794825495
mix_UI_ST_5400_1061,0.07255653295190495
mix_SI_UT_5400_265,0.09219992741738384
mix_UI_ST_5400_933,0.5716979764657295
cauldron_ln_28198,0.5125878806692419
mix_SI_UT_5400_329,0.05949900749072767
mix_SI_UT_5400_1390,0.17724230907146504
mix_SI_UT_5400_452,0.3556389373788708
mix_UI_ST_5400_877,0.14196314617142408
mix_UI_ST_5400_883,0.11668487662801469
mix_SI_UT_5400_972,0.06340899275972978
cauldron_ln_29968,0.7329427342311895
mix_UI_ST_5400_731,0.02433007216803656
mix_SI_UT_5400_158,0.33301459028267066
mix_UI_ST_5400_238,0.11077271887940834
mix_SI_UT_5400_516,0.29780874267683555
cauldron_ln_8631,0.7425612900257272
mix_UI_ST_5400_1482,0.08386204224892989
mix_UI_ST_5400_552,0.2816561369993015
mix_UI_ST_5400_568,0.14471979165522889
cauldron_ln_26694,0.6487806022653968
cauldron_ln_4333,0.36265697227667537
cauldron_ln_16799,0.7593454400862846
cauldron_ln_26897,0.7485273202073659
cauldron_ln_21336,0.7813945236619579
mix_UI_ST_5400_159,0.5012050983291922
cauldron_ln_15937,0.7591389131702597
mix_SI_UT_5400_520,0.24130508441013251
cauldron_ln_23161,0.7796046571627823
mix_SI_UT_5400_669,0.31413406379854103
mix_UI_ST_5400_1005,0.16401312092653728
mix_SI_UT_5400_1399,0.4301721744476651
mix_SI_UT_5400_861,0.024872785447168255
mix_SI_UT_5400_284,0.29081976673784216
cauldron_ln_21041,0.6367049426637992
mix_SI_UT_5400_1170,0.18005949773525542
cauldron_ln_10438,0.7024517663183637
cauldron_ln_15156,0.35566915075978267
mix_SI_UT_5400_964,0.2090051112560495
cauldron_ln_20471,0.7332774878658816
cauldron_ln_17506,0.5366182055762907
mix_UI_ST_5400_1236,0.04086820293568449
mix_SI_UT_5400_900,0.19557175500453866
cauldron_ln_29125,0.7771873395295346
cauldron_ln_5521,0.8608775382559546
cauldron_ln_27172,0.667608923451936
mix_UI_ST_5400_1287,0.08946810703153102
mix_UI_ST_5400_298,0.05274937638342532
mix_SI_UT_5400_1266,0.3886302426077669
mix_UI_ST_5400_132,0.12878844411172136
cauldron_ln_24034,0.6717324516655756
mix_SI_UT_5400_1026,0.07150442202957821
cauldron_ln_27234,0.619079197788962
cauldron_ln_2239,0.8460489707735683
mix_UI_ST_5400_1210,0.580754475101985
mix_SI_UT_5400_1251,0.255950501875109
cauldron_ln_2195,0.6698935887477886
mix_UI_ST_5400_476,0.3278034301092777
mix_UI_ST_5400_995,0.38734281563729334
cauldron_ln_25330,0.7067059089537893
mix_SI_UT_5400_1432,0.27247002522541647
mix_UI_ST_5400_776,0.15572878954365643
cauldron_ln_7995,0.8195320540101363
cauldron_ln_17756,0.7689127825802962
cauldron_ln_14908,0.7190819374306271
cauldron_ln_4872,0.1338148681287828
mix_UI_ST_5400_628,0.4189712153745813
cauldron_ln_16831,0.7905607101052852
cauldron_ln_1319,0.7934121895023711
cauldron_ln_6252,0.3413241095052847
cauldron_ln_12959,0.47207568394777877
mix_UI_ST_5400_1119,0.16021093418374716
cauldron_ln_863,0.6748085168914841
mix_SI_UT_5400_757,0.21696434255018862
mix_SI_UT_5400_512,0.10234891220823172
cauldron_ln_26887,0.31117815110810754
cauldron_ln_13041,0.6629533485407038
cauldron_ln_26745,0.7878567186788452
mix_SI_UT_5400_853,0.3249300288546872
mix_SI_UT_5400_746,0.15524633352414768
mix_UI_ST_5400_383,0.34763949514532244
cauldron_ln_15868,0.6605962387674682
cauldron_ln_10025,0.12318506260029666
mix_UI_ST_5400_344,0.10797764743389554
cauldron_ln_5099,0.7900662790112147
cauldron_ln_24035,0.7852129583600269
mix_SI_UT_5400_1150,0.07998320043049073
mix_SI_UT_5400_1247,0.3582048301766359
mix_SI_UT_5400_1392,0.08516467842120169
cauldron_ln_3801,0.5403033728039337
cauldron_ln_12910,0.6443267276799638
cauldron_ln_10886,0.642324343187642
mix_SI_UT_5400_249,0.0486416388446783
mix_UI_ST_5400_397,0.5116353263984431
mix_SI_UT_5400_1340,0.6188449512296545
mix_UI_ST_5400_1168,0.3698158421719362
cauldron_ln_1375,0.6549389121773286
mix_UI_ST_5400_493,0.1760044999012329
mix_UI_ST_5400_1027,0.4021985074039365
mix_UI_ST_5400_1125,0.09099751322700819
cauldron_ln_29914,0.4808599396279368
cauldron_ln_1988,0.5490133322597219
cauldron_ln_23157,0.6258903159895548
cauldron_ln_7036,0.7248288865321761
cauldron_ln_1914,0.6680436109792072
mix_SI_UT_5400_392,0.2634974278875361
mix_UI_ST_5400_1335,0.19274962829594516
mix_UI_ST_5400_1462,0.06371242757243509
mix_UI_ST_5400_50,0.22151424856040253
mix_SI_UT_5400_779,0.408282551333751
cauldron_ln_19609,0.5340607702366096
cauldron_ln_26889,0.7752575421349375
cauldron_ln_14138,0.6746115974121702
cauldron_ln_29738,0.7695783240614844
mix_SI_UT_5400_1059,0.03073733939987546
cauldron_ln_5333,0.7674929501089973
cauldron_ln_15679,0.654242165875073
cauldron_ln_940,0.5691271869746828
mix_SI_UT_5400_1263,0.03915500149631232
mix_SI_UT_5400_711,0.03925543719934285
mix_UI_ST_5400_990,0.5211784999802143
cauldron_ln_4866,0.6144181445787227
mix_UI_ST_5400_1015,0.15380425755396926
cauldron_ln_18516,0.2154055260824034
cauldron_ln_16575,0.5991175363933554
mix_UI_ST_5400_949,0.4146489365503365
cauldron_ln_9583,0.6274174445117475
mix_SI_UT_5400_1424,0.3236297694573944
cauldron_ln_1090,0.4559623998818062
cauldron_ln_149,0.6401321136302609
mix_SI_UT_5400_29,0.12518316799326765
mix_SI_UT_5400_951,0.3771889523488442
mix_SI_UT_5400_894,0.3777702470631515
cauldron_ln_29175,0.47011463731688885
mix_SI_UT_5400_105,0.1827617743031763
cauldron_ln_19793,0.590333810282338
mix_SI_UT_5400_1386,0.04840418378530604
mix_UI_ST_5400_865,0.044083045949464626
mix_SI_UT_5400_23,0.35799757873123844
mix_SI_UT_5400_1097,0.47230950435331664
mix_SI_UT_5400_77,0.4908684982598033
mix_SI_UT_5400_1087,0.5751012769807058
mix_UI_ST_5400_1437,0.3025654482020733
mix_SI_UT_5400_344,0.4064146163453569
mix_SI_UT_5400_487,0.0418005925494483
mix_UI_ST_5400_957,0.19185897740167154
cauldron_ln_7198,0.5679313992084207
mix_SI_UT_5400_1343,0.11468469195787379
mix_SI_UT_5400_44,0.4558438419223001
cauldron_ln_23376,0.7746259059178684
cauldron_ln_19997,0.6048685435135513
cauldron_ln_14861,0.6109397152167865
cauldron_ln_22566,0.8431358719056863
mix_UI_ST_5400_7,0.0903481202804019
mix_SI_UT_5400_499,0.05390722821982152
cauldron_ln_20643,0.8164530194329154
mix_UI_ST_5400_763,0.10815039734382649
cauldron_ln_3666,0.6602518587339282
mix_SI_UT_5400_1408,0.6961920755621159
mix_UI_ST_5400_477,0.05367209907810011
mix_SI_UT_5400_995,0.03707178447287806
mix_UI_ST_5400_230,0.11696847287652642
mix_SI_UT_5400_824,0.06887323292231816
mix_UI_ST_5400_907,0.3210681450339642
mix_SI_UT_5400_247,0.37503680179848686
cauldron_ln_21403,0.7637198761802367
cauldron_ln_8480,0.35393590009801396
mix_UI_ST_5400_1413,0.30726079566096953
mix_UI_ST_5400_1430,0.05426159964694843
cauldron_ln_13144,0.6913645076282104
mix_SI_UT_5400_118,0.07375394438322187
mix_SI_UT_5400_1378,0.22201270935864953
mix_UI_ST_5400_725,0.14962942969474796
cauldron_ln_14601,0.23186864565811105
cauldron_ln_25527,0.31963837407481266
cauldron_ln_542,0.7563968808147059
mix_SI_UT_5400_282,0.31434405555484013
cauldron_ln_6065,0.8091368875555744
mix_SI_UT_5400_212,0.19518473947318407
cauldron_ln_27316,0.720645225230735
cauldron_ln_29747,0.47179089191554513
mix_SI_UT_5400_1436,0.40671554539858684
mix_UI_ST_5400_836,0.4978083789792016
mix_SI_UT_5400_1279,0.17274748994968347
cauldron_ln_20663,0.6542446671087094
cauldron_ln_25201,0.3670419805233873
mix_UI_ST_5400_1072,0.09836683995521668
mix_UI_ST_5400_84,0.08108432996109481
cauldron_ln_16818,0.04983866779130776
mix_SI_UT_5400_483,0.43220755010868783
mix_SI_UT_5400_1406,0.22317313097371888
mix_SI_UT_5400_848,0.3026838490182766
mix_UI_ST_5400_787,0.08905777832490142
mix_UI_ST_5400_1138,0.5012382188823463
mix_UI_ST_5400_356,0.28411021272209014
cauldron_ln_23893,0.5589097278902778
mix_UI_ST_5400_1148,0.05292017693814876
mix_SI_UT_5400_672,0.4603482289251626
mix_SI_UT_5400_967,0.10100634782781169
mix_SI_UT_5400_338,0.3842785146831829
cauldron_ln_4711,0.8675050613727457
mix_UI_ST_5400_1385,0.23984458936184397
cauldron_ln_14187,0.3369998805970012
cauldron_ln_16565,0.2576736156772114
cauldron_ln_27773,0.4482337297824607
mix_SI_UT_5400_773,0.0639296419059084
cauldron_ln_3633,0.7501265739331929
mix_SI_UT_5400_914,0.08478387425408196
cauldron_ln_24583,0.5382754390503186
cauldron_ln_25486,0.42885422135152296
cauldron_ln_310,0.6868436810118663
cauldron_ln_20369,0.8598386869174683
mix_SI_UT_5400_953,0.38306776010824584
cauldron_ln_27853,0.5943935289033873
mix_SI_UT_5400_694,0.17889940346376218
mix_UI_ST_5400_1289,0.10591547213807735
mix_UI_ST_5400_332,0.4397925565745282
mix_UI_ST_5400_1450,0.06982636401867595
mix_SI_UT_5400_491,0.19101845227876937
mix_UI_ST_5400_575,0.43543744715550636
mix_UI_ST_5400_1078,0.5980225406989027
mix_SI_UT_5400_1202,0.2052257628402387
cauldron_ln_5274,0.4668909689376598
mix_SI_UT_5400_749,0.5045831974681505
cauldron_ln_12210,0.3789285119011346
mix_UI_ST_5400_144,0.0811764219090563
cauldron_ln_10920,0.39193951245279296
cauldron_ln_18423,0.7384790354879343
mix_SI_UT_5400_110,0.1437471063071612
cauldron_ln_1527,0.7187144030119019
cauldron_ln_18494,0.6038895672896261
cauldron_ln_5584,0.44931029327193994
mix_UI_ST_5400_778,0.14246993433455302
mix_SI_UT_5400_649,0.4434656049715534
cauldron_ln_11166,0.12867606851088362
mix_SI_UT_5400_372,0.14321267309817481
mix_SI_UT_5400_78,0.15444803996869638
mix_UI_ST_5400_322,0.32837966765236165
mix_SI_UT_5400_414,0.297830475817637
cauldron_ln_692,0.6401967451176034
cauldron_ln_12711,0.715770324442986
mix_UI_ST_5400_929,0.5489508405075825
cauldron_ln_7496,0.6275782139277247
mix_UI_ST_5400_350,0.32413417320447174
mix_SI_UT_5400_378,0.306782892908547
cauldron_ln_20025,0.6450204553603265
cauldron_ln_26249,0.6079297568119708
cauldron_ln_20293,0.47822343946361723
cauldron_ln_28354,0.3737512794171062
cauldron_ln_28608,0.6333378217744976
mix_UI_ST_5400_1317,0.3899874526739216
mix_UI_ST_5400_337,0.05282227738829069
cauldron_ln_24775,0.7644401334612267
cauldron_ln_10275,0.6358951578849321
cauldron_ln_977,0.7737489234237355
mix_UI_ST_5400_99,0.7051391448152289
mix_SI_UT_5400_732,0.21767702864279273
mix_SI_UT_5400_262,0.5785138794916422
cauldron_ln_21014,0.5863350770182387
mix_SI_UT_5400_287,0.28777238853091447
mix_SI_UT_5400_801,0.22072487954457848
cauldron_ln_15487,0.7882816952491416
cauldron_ln_6743,0.5691169906175002
cauldron_ln_22571,0.4762652330304543
cauldron_ln_17898,0.7571984040359376
mix_SI_UT_5400_399,0.19504268611958456
mix_SI_UT_5400_934,0.2957521837185765
mix_SI_UT_5400_929,0.12035410047408088
mix_SI_UT_5400_1276,0.07452811257144752
cauldron_ln_1079,0.14686740661993192
mix_SI_UT_5400_1184,0.03104368557786752
cauldron_ln_17352,0.6884435783652618
cauldron_ln_19507,0.5465701155273541
cauldron_ln_21120,0.7577089614096613
cauldron_ln_1797,0.7100589490305931
mix_UI_ST_5400_909,0.20716290733129994
cauldron_ln_10802,0.40801198115719006
cauldron_ln_29356,0.6812927437996426
mix_SI_UT_5400_1231,0.29673786930987534
mix_UI_ST_5400_858,0.17397964265920668
cauldron_ln_24406,0.4909236523854479
cauldron_ln_27636,0.44973139479737523
cauldron_ln_16618,0.804063428263262
mix_UI_ST_5400_1420,0.4415095396031288
mix_UI_ST_5400_1419,0.4006164549164168
mix_UI_ST_5400_705,0.2162147801971252
mix_UI_ST_5400_28,0.6436453645057126
cauldron_ln_15339,0.674287159676265
mix_UI_ST_5400_625,0.33567741605059537
mix_SI_UT_5400_366,0.4174460808194253
mix_UI_ST_5400_1187,0.666844401871809
cauldron_ln_18101,0.7373663913827492
mix_SI_UT_5400_535,0.22475979738792318
mix_UI_ST_5400_1315,0.33371527402955536
mix_SI_UT_5400_1259,0.5385521101546201
cauldron_ln_29651,0.4095511460134207
cauldron_ln_18990,0.7808094522637938
cauldron_ln_19186,0.8042514632166484
mix_SI_UT_5400_980,0.5153647453300646
cauldron_ln_27548,0.7452877072748907
cauldron_ln_5494,0.1803113264879651
cauldron_ln_1369,0.8031260579140649
mix_SI_UT_5400_93,0.490064409531387
mix_UI_ST_5400_1282,0.1951114235966111
mix_UI_ST_5400_1471,0.3352194838775735
mix_UI_ST_5400_91,0.5213333355887126
mix_SI_UT_5400_1388,0.3418922928132664
mix_UI_ST_5400_1368,0.09300563797141495
mix_UI_ST_5400_717,0.7133574576117403
mix_UI_ST_5400_796,0.39410652070374125
mix_UI_ST_5400_962,0.39374587923921317
mix_SI_UT_5400_112,0.1731177886155464
mix_UI_ST_5400_1075,0.4548850859935432
cauldron_ln_22324,0.3951142063059667
cauldron_ln_26808,0.7190226693754287
cauldron_ln_25079,0.10411161606026291
mix_UI_ST_5400_539,0.47738358874814574
cauldron_ln_4806,0.4933251810541103
cauldron_ln_21746,0.5725846957466326
cauldron_ln_23661,0.670370826096925
cauldron_ln_8070,0.3233459548924394
mix_UI_ST_5400_1495,0.6770950808051739
mix_UI_ST_5400_353,0.2664358881358756
mix_SI_UT_5400_418,0.35572522176275995
cauldron_ln_19799,0.4074348679495814
mix_SI_UT_5400_155,0.3899220298439219
mix_UI_ST_5400_1326,0.09814185302706396
mix_UI_ST_5400_1150,0.5061675637712723
mix_UI_ST_5400_556,0.46162093191706094
mix_SI_UT_5400_396,0.23325517169689144
cauldron_ln_16482,0.7991395122993669
cauldron_ln_3400,0.6402768862084873
mix_SI_UT_5400_1342,0.18999061102301934
mix_UI_ST_5400_459,0.07359316500436769
cauldron_ln_13717,0.30732243347401494
mix_UI_ST_5400_777,0.3879014252184758
mix_UI_ST_5400_1479,0.2101223740376526
cauldron_ln_29216,0.7881133461880672
cauldron_ln_5498,0.8135697790496957
mix_UI_ST_5400_1170,0.38453258577576477
cauldron_ln_13897,0.7575617476134799
cauldron_ln_5820,0.7483926326844994
mix_SI_UT_5400_887,0.029851558469883833
mix_UI_ST_5400_246,0.032594310223039206
mix_SI_UT_5400_1312,0.4779276802620953
cauldron_ln_8647,0.7473047072550651
cauldron_ln_8401,0.5327775841682681
cauldron_ln_18002,0.4719725883928163
cauldron_ln_26865,0.6374414269028981
cauldron_ln_5181,0.6903218710757179
cauldron_ln_4013,0.7203910266357483
cauldron_ln_6270,0.33229571138100333
mix_SI_UT_5400_795,0.19345794287980317
cauldron_ln_27875,0.7394027578452478
cauldron_ln_3849,0.6418672953886695
mix_SI_UT_5400_931,0.5497596256786532
cauldron_ln_12360,0.5852632912309427
mix_SI_UT_5400_1111,0.3653343492702879
cauldron_ln_24349,0.6603946392942097
cauldron_ln_7009,0.05154862618926148
mix_UI_ST_5400_170,0.10546756697684599
mix_SI_UT_5400_16,0.04795570762510362
mix_SI_UT_5400_351,0.0463678222220143
cauldron_ln_25343,0.6657543778577808
mix_UI_ST_5400_172,0.0871535992544304
mix_UI_ST_5400_1197,0.2453451797214489
cauldron_ln_21605,0.5292399798202934
mix_SI_UT_5400_1209,0.2833751856504991
cauldron_ln_6458,0.5883341197651382
cauldron_ln_28692,0.6352147201523657
mix_SI_UT_5400_952,0.5405028228594917
cauldron_ln_11781,0.7821477349518109
mix_SI_UT_5400_744,0.18736104013866878
mix_UI_ST_5400_281,0.0784098871396081
mix_SI_UT_5400_987,0.4476511584184286
cauldron_ln_6449,0.5364722902396504
mix_SI_UT_5400_1446,0.053687857048175
cauldron_ln_4134,0.7450949582839701
cauldron_ln_2203,0.813271698794453
cauldron_ln_22034,0.41971194135922824
mix_SI_UT_5400_276,0.28136692311733746
mix_SI_UT_5400_741,0.4013184839855397
mix_SI_UT_5400_279,0.4677904081060838
cauldron_ln_3449,0.5478832008554566
cauldron_ln_9885,0.5542037212403905
mix_UI_ST_5400_617,0.0953187247965189
cauldron_ln_2002,0.7445524519978298
mix_SI_UT_5400_815,0.2799014701122136
mix_UI_ST_5400_460,0.19277073773522316
mix_UI_ST_5400_189,0.05050000513757644
mix_UI_ST_5400_984,0.6355405878560513
mix_SI_UT_5400_1356,0.5506759671151757
cauldron_ln_12288,0.5801207103208315
mix_SI_UT_5400_1139,0.4155516983645203
mix_SI_UT_5400_656,0.1583597179884788
cauldron_ln_14956,0.37808364826676044
mix_UI_ST_5400_920,0.2239549931383051
cauldron_ln_13370,0.7695083814480801
mix_UI_ST_5400_1245,0.06846220844591275
mix_SI_UT_5400_84,0.45516536541526764
mix_UI_ST_5400_386,0.15741080259548856
cauldron_ln_2323,0.6621213912348135
cauldron_ln_10948,0.7727109600142572
cauldron_ln_12538,0.7410631004537389
mix_UI_ST_5400_813,0.5443352412508192
cauldron_ln_10207,0.7196405359436101
mix_SI_UT_5400_654,0.06623651592165261
cauldron_ln_8451,0.7836341966854494
mix_SI_UT_5400_216,0.05863101547479714
mix_UI_ST_5400_1233,0.08492142441348079
cauldron_ln_150,0.5737440142620365
mix_UI_ST_5400_616,0.16476150102334833
cauldron_ln_1364,0.688466753250363
cauldron_ln_23121,0.5616032756348098
cauldron_ln_22401,0.6510611831399105
cauldron_ln_502,0.6041586554090002
mix_SI_UT_5400_270,0.36511057992981266
mix_UI_ST_5400_409,0.4879901157286846
cauldron_ln_16609,0.6963028615805662
mix_SI_UT_5400_684,0.1691505550753019
cauldron_ln_17353,0.5728433400779096
cauldron_ln_7453,0.7263973056866989
cauldron_ln_11055,0.7304614585061022
cauldron_ln_343,0.4974157175631741
mix_SI_UT_5400_903,0.7161281973225919
cauldron_ln_467,0.8548168722772447
mix_UI_ST_5400_689,0.2798982149536527
mix_UI_ST_5400_1367,0.301953045955645
mix_SI_UT_5400_1299,0.038396875292877206
cauldron_ln_22910,0.5398513651977772
mix_SI_UT_5400_701,0.12382930339274255
cauldron_ln_23748,0.751654036350589
cauldron_ln_17549,0.59033778172686
mix_SI_UT_5400_268,0.09449674144330596
mix_SI_UT_5400_242,0.24723968491345674
cauldron_ln_4812,0.6453356087923492
cauldron_ln_1500,0.6469640045976621
mix_SI_UT_5400_121,0.20725640589997968
cauldron_ln_14570,0.49436846793743777
mix_SI_UT_5400_806,0.07864720660866825
mix_UI_ST_5400_405,0.16139628203187378
cauldron_ln_18503,0.347183972222742
cauldron_ln_12414,0.7326338092084352
mix_SI_UT_5400_1004,0.09130239463365161
cauldron_ln_8491,0.7333630532800494
mix_SI_UT_5400_180,0.11457515358795481
mix_SI_UT_5400_1265,0.509232617806506
cauldron_ln_1792,0.49724409039275796
mix_SI_UT_5400_676,0.36547737730637336
mix_SI_UT_5400_943,0.22119311184784507
cauldron_ln_26109,0.6358980563904427
mix_UI_ST_5400_176,0.1325040476311894
cauldron_ln_17335,0.8011775030756306
cauldron_ln_21500,0.3874199745496717
cauldron_ln_6716,0.6398303133984937
cauldron_ln_8570,0.20828192690123176
cauldron_ln_27679,0.6213339227196273
mix_SI_UT_5400_756,0.27751345582992637
mix_SI_UT_5400_549,0.15445835848906056
mix_SI_UT_5400_195,0.22757825309080534
mix_SI_UT_5400_834,0.2379083196375189
mix_UI_ST_5400_270,0.26584003937839307
mix_UI_ST_5400_593,0.1390814860366384
mix_SI_UT_5400_653,0.040980295236898306
cauldron_ln_14273,0.721724171619175
cauldron_ln_23579,0.5443313462572987
cauldron_ln_19820,0.7838596601965697
mix_UI_ST_5400_268,0.2311281814468742
mix_SI_UT_5400_1389,0.2567441531768975
mix_SI_UT_5400_40,0.34347174973483974
cauldron_ln_2401,0.3863265707339
cauldron_ln_23793,0.7645544283642665
mix_SI_UT_5400_1226,0.04839565526380038
mix_UI_ST_5400_916,0.09014950615063758
cauldron_ln_6741,0.7546488086996583
mix_SI_UT_5400_310,0.1114108593231326
mix_UI_ST_5400_632,0.11726581611768118
mix_SI_UT_5400_1387,0.3216220469512142
mix_SI_UT_5400_459,0.5771132557065835
cauldron_ln_20666,0.7339576073166332
cauldron_ln_9843,0.6804329459104558
mix_UI_ST_5400_343,0.11772150438488284
cauldron_ln_23338,0.7857934043777481
cauldron_ln_28999,0.6007144168432583
mix_SI_UT_5400_1142,0.43087481085710555
cauldron_ln_9612,0.6590005385637256
mix_UI_ST_5400_271,0.20830491457786182
mix_SI_UT_5400_901,0.20559035035586015
cauldron_ln_16289,0.6219329526390203
cauldron_ln_2351,0.6192106850502052
cauldron_ln_24157,0.6596204876944891
cauldron_ln_26790,0.8038339087707097
mix_SI_UT_5400_232,0.48538925554753803
mix_UI_ST_5400_1181,0.3163229084599503
cauldron_ln_21779,0.5954201984725243
mix_UI_ST_5400_804,0.40783067999158173
cauldron_ln_20486,0.7108460520309214
mix_SI_UT_5400_956,0.4707940254706443
mix_SI_UT_5400_412,0.4875567975607705
mix_SI_UT_5400_616,0.08961120330143557
mix_UI_ST_5400_1024,0.1946451048481595
cauldron_ln_11372,0.6358558459982385
cauldron_ln_25415,0.3985230352519965
cauldron_ln_29622,0.575469573016544
mix_SI_UT_5400_811,0.07306125938726996
cauldron_ln_28316,0.35650873853954457
mix_SI_UT_5400_359,0.262075027495441
cauldron_ln_4601,0.8138099352639357
mix_SI_UT_5400_1173,0.6398184157212932
mix_UI_ST_5400_391,0.23164571637783826
mix_SI_UT_5400_1076,0.34982565654087594
cauldron_ln_28875,0.720004925788344
cauldron_ln_1347,0.3546778181317253
cauldron_ln_5432,0.8054299531404151
mix_UI_ST_5400_1202,0.4100113169482843
cauldron_ln_19328,0.5816368680609028
cauldron_ln_5824,0.5384874479679054
mix_SI_UT_5400_890,0.5159038123656391
mix_UI_ST_5400_1049,0.6623574888418151
mix_SI_UT_5400_552,0.043922825298064044
cauldron_ln_3669,0.4281093675351286
cauldron_ln_10422,0.7240184532411653
cauldron_ln_27207,0.6766853520794532
cauldron_ln_14344,0.7525188457189835
cauldron_ln_15718,0.7402110761420506
mix_UI_ST_5400_16,0.05333114135877077
cauldron_ln_16775,0.7356295524713751
mix_SI_UT_5400_780,0.5313581267738902
mix_SI_UT_5400_796,0.508947191585104
cauldron_ln_1525,0.6412874855851391
mix_UI_ST_5400_855,0.08576191622004127
cauldron_ln_14748,0.82663176338112
cauldron_ln_4300,0.5293486229684945
cauldron_ln_29761,0.6149337263416275
mix_UI_ST_5400_1412,0.40866794844277543
mix_UI_ST_5400_573,0.32961720157718977
mix_SI_UT_5400_462,0.6809439664914343
cauldron_ln_25295,0.4870739911200238
cauldron_ln_7238,0.6211449185759379
cauldron_ln_28503,0.19683995255984327
cauldron_ln_24761,0.6527191180409022
cauldron_ln_16001,0.4577103504958047
cauldron_ln_19262,0.6423050354427141
cauldron_ln_20349,0.5354609349255447
cauldron_ln_5376,0.6553525824354725
mix_UI_ST_5400_1249,0.0828033128602346
cauldron_ln_8022,0.6515448682116979
cauldron_ln_29615,0.5742591710811885
mix_UI_ST_5400_1203,0.5309267828957734
cauldron_ln_28377,0.7373781221783622
mix_SI_UT_5400_147,0.39101620549615757
mix_UI_ST_5400_23,0.3081692630633409
cauldron_ln_11262,0.60873669470295
cauldron_ln_6588,0.8096815634390568
mix_SI_UT_5400_6,0.11845215600139765
cauldron_ln_2724,0.598412447443864
cauldron_ln_3229,0.6192225094584227
cauldron_ln_5163,0.723911785987404
mix_UI_ST_5400_39,0.0832494776782314
mix_SI_UT_5400_763,0.2628395807089027
cauldron_ln_20248,0.3499192145817966
mix_SI_UT_5400_937,0.21942207288091323
cauldron_ln_1321,0.63511470299139
mix_SI_UT_5400_569,0.04763205295712586
mix_SI_UT_5400_717,0.24068795108771274
cauldron_ln_23410,0.6329700585501884
mix_SI_UT_5400_877,0.05188844802776388
cauldron_ln_16176,0.6055239161658357
cauldron_ln_24111,0.08975971226376488
cauldron_ln_556,0.6248188468254785
mix_SI_UT_5400_1495,0.05121475904632361
cauldron_ln_6787,0.760622562371321
cauldron_ln_24473,0.7950482255842792
mix_UI_ST_5400_812,0.3499466412509321
mix_SI_UT_5400_657,0.5587568896919066
cauldron_ln_15448,0.5572360774094114
mix_SI_UT_5400_551,0.43181786892296575
cauldron_ln_14578,0.5345727395902652
cauldron_ln_26015,0.41438968961036216
cauldron_ln_21087,0.7674404604398326
cauldron_ln_11659,0.6194124875136601
cauldron_ln_8291,0.8357698299540596
mix_UI_ST_5400_345,0.03890798328561827
cauldron_ln_21328,0.6463508931561917
cauldron_ln_24870,0.7936085778627646
mix_UI_ST_5400_133,0.03128834245683709
cauldron_ln_17563,0.6515817749783113
mix_SI_UT_5400_245,0.6334805892722315
cauldron_ln_28317,0.5974684113723407
mix_UI_ST_5400_521,0.04740859463757986
cauldron_ln_4967,0.8355557280253947
mix_UI_ST_5400_142,0.5964506441132011
mix_UI_ST_5400_1355,0.44128403432280083
mix_UI_ST_5400_816,0.6336761940966746
cauldron_ln_15062,0.3077095714582029
mix_UI_ST_5400_943,0.34127415897147156
cauldron_ln_8221,0.7309414862822698
mix_UI_ST_5400_100,0.42502614415101136
cauldron_ln_29283,0.7978281882659256
mix_SI_UT_5400_561,0.09653345200382005
mix_UI_ST_5400_762,0.15639717301403855
mix_UI_ST_5400_1008,0.3778210808432403
cauldron_ln_3750,0.7357826062840447
cauldron_ln_20592,0.7363476790205377
mix_SI_UT_5400_332,0.03957806991311402
cauldron_ln_15756,0.7626442942987353
cauldron_ln_11736,0.6141155561226102
mix_UI_ST_5400_654,0.36064757135550074
cauldron_ln_10475,0.7668188433548424
mix_SI_UT_5400_75,0.28061935350576095
cauldron_ln_23924,0.572210906047333
mix_SI_UT_5400_1448,0.030679015618805268
mix_SI_UT_5400_18,0.18687510813824154
mix_UI_ST_5400_693,0.5610891007156602
cauldron_ln_4903,0.7416724026116441
mix_SI_UT_5400_1358,0.2953707520932942
cauldron_ln_10095,0.1442659748998496
cauldron_ln_9570,0.6811955131029208
mix_SI_UT_5400_799,0.436477440725501
cauldron_ln_497,0.2021631748978332
cauldron_ln_6786,0.8505796789682253
cauldron_ln_27321,0.7167674170880325
cauldron_ln_8876,0.8539689843978596
cauldron_ln_11379,0.7874355632319614
cauldron_ln_2483,0.46074695366837626
cauldron_ln_5447,0.6649260474525197
cauldron_ln_17031,0.6394817252861336
mix_UI_ST_5400_1285,0.3968579705371067
mix_UI_ST_5400_366,0.024670290315506625
cauldron_ln_17538,0.6882201784520487
mix_UI_ST_5400_186,0.3857719294412634
cauldron_ln_3038,0.7009698612310652
mix_SI_UT_5400_451,0.08185661410379799
mix_SI_UT_5400_420,0.419269066499961
cauldron_ln_9299,0.26063690345289675
cauldron_ln_12303,0.6960548940292058
cauldron_ln_24784,0.6304644514025542
cauldron_ln_10797,0.6346966096803308
mix_SI_UT_5400_1245,0.3006248189862668
cauldron_ln_13724,0.7300343413425007
mix_SI_UT_5400_387,0.18670047766036205
mix_UI_ST_5400_1384,0.04090188856092842
cauldron_ln_14649,0.770178055354819
mix_UI_ST_5400_193,0.17629804155554846
mix_SI_UT_5400_1048,0.07343047575386348
cauldron_ln_1764,0.7616039413100361
mix_SI_UT_5400_125,0.18150433821319056
cauldron_ln_11048,0.8234034611226019
cauldron_ln_19348,0.7601832162476669
mix_SI_UT_5400_936,0.43510722108379196
cauldron_ln_17918,0.6949126298109556
mix_SI_UT_5400_715,0.08202940237012471
mix_UI_ST_5400_309,0.29581403939207407
cauldron_ln_4397,0.6410369847721578
mix_SI_UT_5400_1122,0.5047791767523259
mix_SI_UT_5400_1129,0.06182886045282283
cauldron_ln_26647,0.7644267323109539
cauldron_ln_11006,0.6181852496458091
cauldron_ln_3529,0.5948631225888659
mix_UI_ST_5400_1291,0.0893103905105232
mix_UI_ST_5400_1179,0.25998515017791624
mix_SI_UT_5400_1224,0.11694525613066765
cauldron_ln_25808,0.7185541985212639
cauldron_ln_740,0.5549007572769478
mix_SI_UT_5400_394,0.5662731233864187
mix_SI_UT_5400_519,0.10285912171091162
mix_SI_UT_5400_148,0.29559143085383094
cauldron_ln_25565,0.49421434019841143
cauldron_ln_28494,0.72211941189361
mix_SI_UT_5400_390,0.3738644421181108
cauldron_ln_11506,0.3446368602517571
cauldron_ln_16003,0.7308819182029358
mix_SI_UT_5400_252,0.21785125803917582
cauldron_ln_13721,0.7201730176402708
mix_SI_UT_5400_1225,0.03585576654464076
cauldron_ln_5291,0.6075048696881973
mix_UI_ST_5400_1308,0.35393893662942866
mix_SI_UT_5400_1468,0.04639928954304468
cauldron_ln_1406,0.6553694315667267
cauldron_ln_15481,0.5123439038860971
cauldron_ln_9301,0.4966314449245947
mix_UI_ST_5400_351,0.06982904082213548
mix_UI_ST_5400_1084,0.2429824647491709
mix_SI_UT_5400_493,0.3040411555010783
mix_SI_UT_5400_712,0.05591179350854249
mix_SI_UT_5400_254,0.2826140384818492
mix_UI_ST_5400_214,0.16588719550650866
mix_UI_ST_5400_1312,0.5872028763697774
cauldron_ln_22230,0.7844469647320302
cauldron_ln_16143,0.7431988563201744
mix_SI_UT_5400_1070,0.3346411052551548
mix_SI_UT_5400_695,0.24094806745627842
cauldron_ln_11668,0.5080777183212059
mix_SI_UT_5400_149,0.3375546413169736
mix_UI_ST_5400_640,0.41443570400488594
cauldron_ln_23296,0.6150882945982186
mix_SI_UT_5400_776,0.03967467785256038
mix_SI_UT_5400_1242,0.23065383440305867
cauldron_ln_17734,0.7768666191101143
cauldron_ln_26539,0.5525614398184111
cauldron_ln_5756,0.7762847093667438
mix_SI_UT_5400_613,0.07850760766439493
cauldron_ln_2252,0.2281209227601254
mix_UI_ST_5400_179,0.19395809235544412
mix_SI_UT_5400_719,0.3632821564857376
mix_UI_ST_5400_1444,0.21851397425529245
cauldron_ln_12070,0.7441285771510955
mix_SI_UT_5400_505,0.269615927858995
mix_UI_ST_5400_1043,0.2173408007144387
mix_UI_ST_5400_860,0.25171461821001195
mix_UI_ST_5400_194,0.4271322432489054
mix_UI_ST_5400_1133,0.44437251297050434
cauldron_ln_22821,0.23550628539535734
mix_SI_UT_5400_415,0.15729532450076
cauldron_ln_7580,0.5438454694805402
mix_SI_UT_5400_1107,0.022809171071923713
mix_UI_ST_5400_480,0.18800414585691944
cauldron_ln_23885,0.6653985550524344
cauldron_ln_23570,0.777940298473097
mix_SI_UT_5400_1385,0.16624693703183235
mix_SI_UT_5400_625,0.12082353096799603
cauldron_ln_21899,0.7181317072783221
mix_UI_ST_5400_1069,0.05851995655454634
mix_SI_UT_5400_1492,0.2611763910178889
cauldron_ln_17077,0.8265507204233282
cauldron_ln_6257,0.4410321038596495
mix_SI_UT_5400_213,0.603516320434184
cauldron_ln_17715,0.5796102345070165
cauldron_ln_19637,0.6105881382551601
mix_SI_UT_5400_1188,0.23891932119439502
cauldron_ln_7098,0.8380440308567334
cauldron_ln_7178,0.7060672674442898
mix_UI_ST_5400_669,0.10826925361482698
cauldron_ln_21883,0.5848482677921425
cauldron_ln_17536,0.3071078139168659
cauldron_ln_22977,0.08576534046413792
cauldron_ln_11369,0.7120929140574266
mix_SI_UT_5400_830,0.5645353199062242
cauldron_ln_21337,0.7197437265940896
cauldron_ln_5520,0.7539020240938565
mix_UI_ST_5400_529,0.5426584110507084
mix_SI_UT_5400_109,0.09053412991272054
cauldron_ln_25740,0.6024037624783836
mix_SI_UT_5400_636,0.23993358976028517
cauldron_ln_25308,0.5831944580004143
mix_SI_UT_5400_1010,0.4163519882075504
cauldron_ln_18008,0.689863244163914
mix_SI_UT_5400_1326,0.6066230035948501
mix_SI_UT_5400_915,0.06948880430952133
cauldron_ln_17195,0.5530802533710006
cauldron_ln_13341,0.7833779521127162
mix_SI_UT_5400_1124,0.6474541351397778
cauldron_ln_3245,0.5849977023598636
cauldron_ln_8172,0.7419379463213129
mix_UI_ST_5400_926,0.18009324358759793
cauldron_ln_4876,0.5742745850558929
mix_UI_ST_5400_751,0.10099458377937871
mix_SI_UT_5400_1374,0.5637128000152428
mix_UI_ST_5400_975,0.5577770334979811
mix_SI_UT_5400_1405,0.11485065609248138
cauldron_ln_24849,0.7814199489733971
cauldron_ln_16941,0.6629213218965793
mix_SI_UT_5400_591,0.2804438963798662
cauldron_ln_15085,0.7789637310804627
mix_SI_UT_5400_596,0.39659463073395235
mix_UI_ST_5400_622,0.2027508246335992
cauldron_ln_11887,0.6126861838639035
cauldron_ln_106,0.029626167752584944
cauldron_ln_13192,0.30785007860269337
cauldron_ln_22696,0.5412591162647515
cauldron_ln_29285,0.7754819671659001
mix_SI_UT_5400_470,0.06107434872522337
cauldron_ln_6912,0.8142368100210029
cauldron_ln_9522,0.7299619753639789
mix_UI_ST_5400_1132,0.59471385556384
cauldron_ln_28412,0.8208998144881406
mix_UI_ST_5400_221,0.1965672259788387
mix_SI_UT_5400_1045,0.02355929535207412
cauldron_ln_16172,0.12202932860237486
cauldron_ln_14103,0.6100757689445588
mix_UI_ST_5400_1071,0.6094273758890011
mix_SI_UT_5400_1233,0.554263978674885
mix_SI_UT_5400_111,0.04293072605120281
mix_SI_UT_5400_324,0.08272217229163152
mix_SI_UT_5400_116,0.5443163469838788
cauldron_ln_1235,0.5833515846210506
cauldron_ln_24255,0.7183089983674726
cauldron_ln_15710,0.4994686127472474
mix_SI_UT_5400_51,0.05682119025675291
cauldron_ln_20644,0.6827771524456943
cauldron_ln_21833,0.7841410147159746
cauldron_ln_23944,0.7055173415054377
mix_SI_UT_5400_308,0.22862861634040754
cauldron_ln_25956,0.3082944724429858
cauldron_ln_15934,0.37638813230460477
mix_UI_ST_5400_1159,0.10915162630026398
cauldron_ln_24050,0.15398399147528513
mix_SI_UT_5400_190,0.06689713477250131
cauldron_ln_6763,0.47076336895894466
mix_SI_UT_5400_2,0.19260358513356646
mix_UI_ST_5400_457,0.13687512812622976
mix_UI_ST_5400_1224,0.139330044302076
cauldron_ln_16339,0.6427061768785389
cauldron_ln_5773,0.4768844106015878
mix_UI_ST_5400_1447,0.33114509140737935
mix_UI_ST_5400_956,0.033498902243224
cauldron_ln_2312,0.46556201507538464
mix_UI_ST_5400_1003,0.32305218449677753
mix_UI_ST_5400_1425,0.3415421302809359
cauldron_ln_24204,0.6217541405034593
cauldron_ln_1617,0.605462899540147
mix_SI_UT_5400_1050,0.42480241752413833
cauldron_ln_20936,0.5341747006139095
cauldron_ln_22017,0.6777850331374751
cauldron_ln_23477,0.7037213272148442
mix_SI_UT_5400_1038,0.39670096729243387
cauldron_ln_26664,0.6666318734654714
cauldron_ln_10615,0.6986120113316354
cauldron_ln_1497,0.7507935680625679
mix_SI_UT_5400_892,0.02722447390622046
mix_UI_ST_5400_1230,0.11864249786199418
mix_UI_ST_5400_1286,0.1959172214558893
cauldron_ln_19657,0.7645013900841188
cauldron_ln_6233,0.7853750804770023
cauldron_ln_1337,0.31440363134448635
cauldron_ln_28617,0.7080934914749322
cauldron_ln_808,0.7216636583253917
cauldron_ln_29971,0.6634785230432576
mix_UI_ST_5400_1456,0.5682266860916636
mix_UI_ST_5400_1155,0.04547399693239962
cauldron_ln_22663,0.7597697607032193
cauldron_ln_19031,0.6189800734902339
mix_SI_UT_5400_688,0.41566782133190955
cauldron_ln_12081,0.4441449595800375
mix_UI_ST_5400_1440,0.39285329226747956
mix_UI_ST_5400_311,0.19338023281040315
mix_SI_UT_5400_1337,0.08306185726919742
cauldron_ln_8006,0.6877604588757317
cauldron_ln_10427,0.6648831869547485
cauldron_ln_4976,0.25931782947544113
mix_SI_UT_5400_878,0.03965123437975188
mix_UI_ST_5400_688,0.36900502900672916
cauldron_ln_397,0.7106484526946457
cauldron_ln_520,0.6738490084589415
mix_UI_ST_5400_1063,0.48806724104800414
cauldron_ln_17300,0.6538291045848603
cauldron_ln_13607,0.3083605709905751
cauldron_ln_27780,0.7505731488484935
mix_UI_ST_5400_636,0.4397747025534904
mix_SI_UT_5400_1106,0.39720640199224866
mix_SI_UT_5400_343,0.16605135691134784
mix_UI_ST_5400_1146,0.033770984373650226
mix_SI_UT_5400_1025,0.12043322305530155
mix_UI_ST_5400_514,0.036816557237570456
cauldron_ln_10504,0.49293664147688293
mix_SI_UT_5400_1473,0.14341473984407166
cauldron_ln_6725,0.6585485870060155
mix_UI_ST_5400_470,0.22273915681580056
mix_SI_UT_5400_140,0.07103094951466926
mix_UI_ST_5400_977,0.22124187506363804
mix_SI_UT_5400_1017,0.40199997265589216
mix_SI_UT_5400_1489,0.07751536669312462
mix_UI_ST_5400_106,0.23049777272853753
mix_UI_ST_5400_423,0.040573029556840425
cauldron_ln_6123,0.6809236239636838
mix_SI_UT_5400_977,0.13298678252510004
mix_SI_UT_5400_10,0.274391933842154
mix_SI_UT_5400_1451,0.11439841860531567
cauldron_ln_10640,0.6279339289606385
mix_UI_ST_5400_969,0.1853798707341368
mix_SI_UT_5400_1235,0.1367250783528774
mix_UI_ST_5400_265,0.16302682291827789
cauldron_ln_16356,0.6943650264872175
mix_UI_ST_5400_288,0.07950770339259118
mix_SI_UT_5400_899,0.25120012388661805
cauldron_ln_12458,0.6936966803520164
mix_UI_ST_5400_898,0.49522370114384423
cauldron_ln_13902,0.630547735572893
mix_SI_UT_5400_141,0.020801451860974526
mix_UI_ST_5400_1006,0.03610171710403333
cauldron_ln_174,0.6264395995545893
mix_UI_ST_5400_1329,0.5814169932177994
mix_UI_ST_5400_1269,0.03460447956473442
mix_SI_UT_5400_289,0.4480788539878004
cauldron_ln_2976,0.7375699542761821
cauldron_ln_2421,0.7907401681092325
cauldron_ln_17143,0.6467520066427549
mix_UI_ST_5400_1190,0.13164279214021468
cauldron_ln_375,0.5696599960332775
cauldron_ln_17658,0.46488860073541627
cauldron_ln_4526,0.6776254177559122
mix_SI_UT_5400_176,0.16324497017203027
mix_SI_UT_5400_1372,0.06582407300538998
cauldron_ln_15776,0.7456756209594358
mix_UI_ST_5400_624,0.09345033128533847
mix_SI_UT_5400_648,0.3585317281117114
cauldron_ln_3352,0.7902184755495316
mix_UI_ST_5400_532,0.15565656003575573
mix_SI_UT_5400_822,0.46290029276395583
cauldron_ln_7366,0.7402666020487783
cauldron_ln_21184,0.5649681901043717
mix_UI_ST_5400_1092,0.5267339702997074
cauldron_ln_15774,0.39638621729305035
mix_UI_ST_5400_1496,0.29420164535693105
cauldron_ln_15467,0.8440416155731398
mix_UI_ST_5400_1452,0.21561747740413983
mix_UI_ST_5400_1338,0.08952205914954546
cauldron_ln_8632,0.7782719646280458
mix_SI_UT_5400_307,0.03080489624676014
cauldron_ln_7974,0.6917575401619191
mix_UI_ST_5400_284,0.2080203030760811
mix_UI_ST_5400_1341,0.48700029698802527
mix_SI_UT_5400_760,0.21999245584328156
mix_SI_UT_5400_778,0.1343915464801227
mix_SI_UT_5400_1264,0.20008426769300364
mix_SI_UT_5400_1100,0.26701295411830045
cauldron_ln_11907,0.690751040963163
cauldron_ln_9012,0.6378138411232541
mix_UI_ST_5400_1309,0.14386690334382854
mix_SI_UT_5400_277,0.3013178836157425
mix_UI_ST_5400_197,0.565319454827877
mix_UI_ST_5400_125,0.46424556671252326
cauldron_ln_12958,0.5710154309312256
mix_UI_ST_5400_1262,0.05966132797066535
cauldron_ln_29307,0.7711210930426937
mix_UI_ST_5400_1449,0.045705279448570606
cauldron_ln_7312,0.4964254423189665
mix_SI_UT_5400_1146,0.31574266195322165
cauldron_ln_20680,0.6883401238337157
mix_UI_ST_5400_596,0.1527846849700994
mix_UI_ST_5400_942,0.5598120371382386
mix_SI_UT_5400_564,0.04894717368477967
cauldron_ln_18293,0.4267087881787469
cauldron_ln_2234,0.5652978741692726
mix_SI_UT_5400_354,0.1691225842874077
mix_SI_UT_5400_1330,0.2515217395546521
mix_UI_ST_5400_1066,0.29400213614498116
cauldron_ln_25988,0.6374299427522145
cauldron_ln_28634,0.48246925679870006
cauldron_ln_26039,0.6163696428826437
mix_UI_ST_5400_992,0.2408415062117139
mix_SI_UT_5400_401,0.1340974813450822
mix_SI_UT_5400_217,0.2770866521045122
cauldron_ln_2942,0.7952187461806106
mix_UI_ST_5400_496,0.2783602258957168
cauldron_ln_12358,0.7070154276485139
cauldron_ln_13661,0.6251242986753894
mix_UI_ST_5400_211,0.4503164853117275
mix_SI_UT_5400_465,0.13507560886395142
mix_UI_ST_5400_1106,0.42279409961953984
cauldron_ln_20658,0.5576590203190188
cauldron_ln_6279,0.49963968236734924
cauldron_ln_22994,0.23504339885413855
cauldron_ln_13194,0.6015438475656132
cauldron_ln_5658,0.7094409181658419
cauldron_ln_2476,0.6476301018295454
mix_UI_ST_5400_68,0.40420396498475886
cauldron_ln_1459,0.47141978195195056
mix_UI_ST_5400_247,0.41333702071621864
mix_SI_UT_5400_503,0.11424173201503117
mix_UI_ST_5400_736,0.2011560385642656
cauldron_ln_21708,0.7761382172558957
cauldron_ln_28901,0.48320909823587627
cauldron_ln_1447,0.8229887959425969
mix_UI_ST_5400_53,0.19711607752985433
mix_SI_UT_5400_325,0.43879121904580354
mix_UI_ST_5400_1480,0.640454563223238
mix_SI_UT_5400_38,0.042975003190449126
mix_SI_UT_5400_128,0.06559131939345
mix_UI_ST_5400_1302,0.37522136184693866
mix_SI_UT_5400_1,0.296957715441699
mix_SI_UT_5400_629,0.08268583471637796
mix_UI_ST_5400_40,0.18395574126655884
cauldron_ln_13116,0.3912653854047188
cauldron_ln_8125,0.7804095204407093
mix_SI_UT_5400_222,0.030529696731162063
cauldron_ln_12749,0.53737486088918
mix_SI_UT_5400_590,0.2580456299972878
cauldron_ln_6846,0.4893107409475431
cauldron_ln_11275,0.5510185761382724
mix_SI_UT_5400_807,0.0418256459716545
mix_UI_ST_5400_19,0.045703404420839255
mix_SI_UT_5400_511,0.17347204104776626
cauldron_ln_17348,0.6833147200692397
cauldron_ln_17202,0.6270493984208859
mix_SI_UT_5400_1285,0.17870640690308132
mix_SI_UT_5400_622,0.162232541592385
cauldron_ln_8394,0.7964660970501791
mix_UI_ST_5400_695,0.1573876465941464
mix_SI_UT_5400_1119,0.10271490362677768
mix_UI_ST_5400_832,0.05687251055351247
mix_UI_ST_5400_1096,0.5711296908974852
cauldron_ln_25019,0.5228678640690267
mix_SI_UT_5400_464,0.1530163055172866
mix_UI_ST_5400_134,0.31992630477488504
cauldron_ln_21512,0.6830325842810114
cauldron_ln_2457,0.7020455427174439
mix_UI_ST_5400_1131,0.3926931685327436
mix_UI_ST_5400_466,0.40058657152116034
cauldron_ln_7199,0.4841845756906814
cauldron_ln_9750,0.5183497501906245
mix_UI_ST_5400_59,0.04952678321875828
cauldron_ln_13692,0.6701262275209285
cauldron_ln_3244,0.47426677052785793
mix_UI_ST_5400_1220,0.18313181961722313
cauldron_ln_8784,0.7865986727081116
cauldron_ln_1227,0.7501046593299275
cauldron_ln_23463,0.6271004691975494
mix_SI_UT_5400_47,0.3380394519316162
cauldron_ln_4776,0.24674742437170033
mix_SI_UT_5400_839,0.2629912495938792
cauldron_ln_21360,0.5506688328583756
mix_SI_UT_5400_1143,0.12478484649701542
mix_SI_UT_5400_25,0.1512030526294022
mix_SI_UT_5400_1395,0.10471006882077402
mix_SI_UT_5400_205,0.4069427558522807
mix_SI_UT_5400_346,0.40109071150042164
cauldron_ln_6760,0.8288831368667593
cauldron_ln_15478,0.5614685067380042
mix_UI_ST_5400_509,0.2815254801302818
mix_UI_ST_5400_868,0.11856501883138354
mix_UI_ST_5400_78,0.03960236565550425
cauldron_ln_9173,0.7787585588585535
mix_UI_ST_5400_938,0.22235299202045836
mix_SI_UT_5400_1253,0.3056663627499811
cauldron_ln_2553,0.37881151525531664
cauldron_ln_11528,0.6898566787925269
cauldron_ln_24903,0.5399223045784796
mix_UI_ST_5400_928,0.09665805813462118
cauldron_ln_27318,0.38473388691449656
cauldron_ln_6181,0.579492951101892
mix_SI_UT_5400_1021,0.20160336365362216
mix_UI_ST_5400_801,0.03936915179463685
cauldron_ln_29752,0.6687253753733451
mix_UI_ST_5400_192,0.08278706035056492
cauldron_ln_18012,0.8430477178367799
cauldron_ln_28399,0.5909141522082249
cauldron_ln_7291,0.7242902215792232
mix_SI_UT_5400_679,0.18360947752131446
cauldron_ln_2145,0.7787130887578642
cauldron_ln_8364,0.5789485723398771
mix_SI_UT_5400_258,0.10380054588779464
mix_UI_ST_5400_1135,0.14856177699956272
mix_SI_UT_5400_810,0.1500636780673138
cauldron_ln_18633,0.424972370891874
mix_UI_ST_5400_204,0.06746344072100244
cauldron_ln_12724,0.5651473410459731
cauldron_ln_11569,0.7274791768790758
mix_SI_UT_5400_74,0.05762702095944036
cauldron_ln_13789,0.7299025179764633
mix_UI_ST_5400_1407,0.5909076898112635
cauldron_ln_22656,0.8384883932662834
cauldron_ln_18909,0.6552140797007594
cauldron_ln_7647,0.6369784592308364
cauldron_ln_9398,0.6338525449636001
cauldron_ln_17570,0.647069251510122
cauldron_ln_25814,0.807476512532107
mix_UI_ST_5400_602,0.2565438664700319
cauldron_ln_15559,0.6315434644402966
mix_UI_ST_5400_611,0.2226919000742804
mix_SI_UT_5400_433,0.12682810997238364
cauldron_ln_26233,0.5358504842837779
mix_SI_UT_5400_393,0.32342068315947503
mix_SI_UT_5400_214,0.11645537521120372
cauldron_ln_22682,0.6604139514026234
mix_SI_UT_5400_477,0.06105325798664442
cauldron_ln_18544,0.8372369411177191
cauldron_ln_23923,0.6495118598001198
cauldron_ln_14189,0.4701508949994566
cauldron_ln_10908,0.7307090945542247
cauldron_ln_13971,0.7030482768420212
cauldron_ln_19625,0.7335162040845523
mix_UI_ST_5400_537,0.06924142979933132
mix_UI_ST_5400_1195,0.447614243539562
cauldron_ln_26739,0.7247060952412676
cauldron_ln_24131,0.25978317786580873
mix_SI_UT_5400_920,0.2306667696953889
mix_SI_UT_5400_1383,0.21355078393117874
mix_SI_UT_5400_1293,0.50969062348046
mix_UI_ST_5400_610,0.1874634274049313
cauldron_ln_14300,0.6549382631580654
cauldron_ln_5972,0.653939050666394
cauldron_ln_22355,0.6640546021393379
mix_UI_ST_5400_485,0.04591793843977569
mix_SI_UT_5400_281,0.06916089778713129
cauldron_ln_15100,0.7184080794936993
mix_UI_ST_5400_1241,0.055581090857143634
mix_UI_ST_5400_1428,0.1370357147896228
cauldron_ln_13948,0.31939067043108293
mix_UI_ST_5400_60,0.09021179194947085
cauldron_ln_2574,0.5734040759246196
cauldron_ln_19196,0.42245684434626196
cauldron_ln_2618,0.7804000351742374
cauldron_ln_5056,0.7362249386992059
cauldron_ln_15189,0.5247154739730187
mix_UI_ST_5400_817,0.10026593114290534
mix_SI_UT_5400_572,0.2912847992620469
mix_UI_ST_5400_732,0.43767738527944294
cauldron_ln_9703,0.698155567457166
mix_UI_ST_5400_1423,0.21949525511922469
mix_UI_ST_5400_158,0.7216823152812437
mix_UI_ST_5400_183,0.22101178915012054
mix_UI_ST_5400_891,0.11266041129481733
cauldron_ln_9045,0.6939352575513906
mix_SI_UT_5400_1044,0.04479627155389262
mix_UI_ST_5400_1325,0.050091617176298
mix_SI_UT_5400_708,0.26458259292464414
cauldron_ln_28990,0.6731929502738132
cauldron_ln_28089,0.32812186360872375
mix_UI_ST_5400_572,0.42866705116425874
cauldron_ln_15138,0.06384110377684353
cauldron_ln_22698,0.6830755488935156
cauldron_ln_2226,0.7513696322905317
mix_SI_UT_5400_1249,0.5343716558488341
mix_UI_ST_5400_1235,0.630363253957201
mix_UI_ST_5400_879,0.24156986666916286
cauldron_ln_7248,0.7564527807214403
cauldron_ln_6328,0.7118759754381332
cauldron_ln_24676,0.6392981891276176
mix_UI_ST_5400_656,0.552347519246056
mix_SI_UT_5400_256,0.18718887692078
cauldron_ln_25223,0.6479126680218874
mix_UI_ST_5400_92,0.31851223955349517
mix_UI_ST_5400_903,0.2908193426833171
mix_UI_ST_5400_589,0.18894205838437778
mix_UI_ST_5400_538,0.2610665551447432
cauldron_ln_16542,0.8615726788002303
cauldron_ln_3853,0.6913125305448764
cauldron_ln_28794,0.37979455353974
mix_UI_ST_5400_1439,0.28388849999870436
cauldron_ln_4530,0.7212201576451678
mix_UI_ST_5400_861,0.026353734225970295
mix_UI_ST_5400_713,0.04538821340097216
cauldron_ln_14176,0.4367946270208778
cauldron_ln_17782,0.8328553025876468
cauldron_ln_1393,0.6319652218850622
cauldron_ln_23286,0.776649597057859
cauldron_ln_7997,0.6406399652504737
mix_SI_UT_5400_1005,0.48433679632889864
cauldron_ln_4803,0.6297511732962441
cauldron_ln_14593,0.1995274717267297
mix_UI_ST_5400_802,0.3159396866672659
mix_SI_UT_5400_427,0.06775812675990794
mix_UI_ST_5400_331,0.15887680336094628
mix_SI_UT_5400_1272,0.13950346037971711
mix_UI_ST_5400_1121,0.12653034858881254
cauldron_ln_27118,0.6687783989849964
mix_SI_UT_5400_772,0.47854170633130433
cauldron_ln_9756,0.47546851186279415
cauldron_ln_1185,0.4394271759155687
cauldron_ln_26533,0.7487213444346075
mix_SI_UT_5400_1178,0.18006071111788352
mix_SI_UT_5400_223,0.1778793736598837
mix_SI_UT_5400_68,0.34530323805507146
cauldron_ln_29323,0.718574923935938
mix_UI_ST_5400_1128,0.16309783668067357
cauldron_ln_12498,0.37484572334599475
cauldron_ln_17248,0.7721403753314688
mix_SI_UT_5400_626,0.08680793450456914
mix_SI_UT_5400_492,0.09403460659329907
mix_UI_ST_5400_874,0.3989048788188558
mix_UI_ST_5400_47,0.3943751273124555
cauldron_ln_17175,0.7980985608954962
cauldron_ln_27901,0.6641325819533195
mix_UI_ST_5400_54,0.2937035547735668
mix_SI_UT_5400_1130,0.14058704007645953
cauldron_ln_10232,0.7783056216569656
cauldron_ln_11586,0.6844147338181277
mix_SI_UT_5400_12,0.4286920829724412
cauldron_ln_4885,0.27731439186100315
cauldron_ln_25377,0.42081734729584414
mix_UI_ST_5400_498,0.5376593809123928
cauldron_ln_9821,0.7432148449630873
cauldron_ln_2475,0.8675122644188633
cauldron_ln_10469,0.2516927241686274
cauldron_ln_26085,0.7097365264288942
mix_UI_ST_5400_402,0.1988517319319304
mix_UI_ST_5400_105,0.15122361510073395
mix_SI_UT_5400_82,0.148366427785676
cauldron_ln_18661,0.7098230455021413
mix_UI_ST_5400_798,0.6476176206599702
mix_UI_ST_5400_1339,0.3917053150444081
mix_UI_ST_5400_145,0.3121194064816718
cauldron_ln_29522,0.7351556596159308
mix_UI_ST_5400_1156,0.17634642271887324
mix_SI_UT_5400_534,0.13761929397862532
mix_SI_UT_5400_720,0.14080836930508592
mix_SI_UT_5400_835,0.18395697441665482
cauldron_ln_24137,0.725336884827764
cauldron_ln_18578,0.7930751004940737
mix_SI_UT_5400_479,0.03394600993637081
mix_UI_ST_5400_82,0.2746255949699514
mix_UI_ST_5400_232,0.3514300473597963
mix_SI_UT_5400_185,0.45681986703931116
cauldron_ln_22354,0.796645041480124
cauldron_ln_27299,0.6180689059340636
mix_SI_UT_5400_517,0.13387914386723115
cauldron_ln_16637,0.4699012838692854
mix_UI_ST_5400_165,0.5731981554475988
mix_SI_UT_5400_379,0.6744539601740713
mix_UI_ST_5400_887,0.180141588985973
mix_SI_UT_5400_1207,0.36352594665522153
cauldron_ln_4243,0.5143197992204349
mix_UI_ST_5400_280,0.13164955807496737
mix_SI_UT_5400_62,0.09198719310873306
mix_SI_UT_5400_803,0.03564109448445941
cauldron_ln_11317,0.5127631625772685
cauldron_ln_882,0.14155675920015903
cauldron_ln_18528,0.500733733417816
cauldron_ln_14134,0.6837443989931058
mix_UI_ST_5400_249,0.04863165731812723
cauldron_ln_501,0.7987086146051575
cauldron_ln_16919,0.633168599652935
mix_UI_ST_5400_275,0.10340374009732262
mix_SI_UT_5400_259,0.5372854380532777
cauldron_ln_10414,0.7676400650147326
mix_SI_UT_5400_135,0.3939465448135903
cauldron_ln_23891,0.7158291740140281
cauldron_ln_12781,0.693583561013563
cauldron_ln_27869,0.6055673960291663
cauldron_ln_24381,0.8644613579293692
cauldron_ln_12780,0.5611046374097612
cauldron_ln_18038,0.744934608347734
mix_UI_ST_5400_262,0.37446155184776064
cauldron_ln_11847,0.4492776458263712
cauldron_ln_11836,0.8030670192675402
cauldron_ln_11169,0.6367834016222347
cauldron_ln_21971,0.6875911010768585
cauldron_ln_19829,0.30345767398648293
mix_UI_ST_5400_244,0.1646676789196608
mix_SI_UT_5400_1200,0.05875504552422587
cauldron_ln_24272,0.555516588365881
mix_UI_ST_5400_426,0.4514564621878324
mix_UI_ST_5400_570,0.1254747648925935
mix_SI_UT_5400_368,0.05442941666924241
cauldron_ln_24774,0.8732086133265238
cauldron_ln_12521,0.6988526710478775
cauldron_ln_858,0.69858381892246
cauldron_ln_11780,0.7261821562845965
cauldron_ln_12304,0.7356128423215007
cauldron_ln_5062,0.7707394689266098
mix_UI_ST_5400_1217,0.318544325309876
mix_UI_ST_5400_803,0.45568345660706144
cauldron_ln_7069,0.6792119022578964
mix_SI_UT_5400_941,0.07921017257786483
mix_SI_UT_5400_1013,0.2657641506780305
cauldron_ln_25063,0.584575024086571
cauldron_ln_23458,0.2758841775499051
cauldron_ln_12346,0.7948529547291381
mix_SI_UT_5400_1428,0.22000539451854878
mix_UI_ST_5400_991,0.2134396602767565
cauldron_ln_23973,0.8207042749188558
mix_SI_UT_5400_814,0.09276129688832269
cauldron_ln_9442,0.5848997504261568
cauldron_ln_29044,0.20377362753659628
mix_SI_UT_5400_668,0.0968402741478954
cauldron_ln_28573,0.7941137385724235
cauldron_ln_10839,0.8563401010614917
cauldron_ln_234,0.48141832923623373
cauldron_ln_14738,0.4693280652789753
mix_UI_ST_5400_1033,0.5554592802720392
cauldron_ln_15645,0.7711262887201139
cauldron_ln_9430,0.7163419591774629
mix_UI_ST_5400_433,0.17634191502919883
cauldron_ln_13414,0.5330598687434455
mix_UI_ST_5400_1453,0.3947418730748325
cauldron_ln_1336,0.7601143289674754
mix_SI_UT_5400_115,0.28571778937836034
mix_SI_UT_5400_754,0.14889663614615173
mix_SI_UT_5400_1172,0.5119794334668749
cauldron_ln_381,0.6784683239457733
cauldron_ln_4175,0.7526934117980217
mix_UI_ST_5400_424,0.06833955736640916
cauldron_ln_27310,0.5662795940596013
mix_UI_ST_5400_701,0.1765759947144916
cauldron_ln_29200,0.7123359985733344
cauldron_ln_13571,0.6974734822873476
mix_UI_ST_5400_1111,0.44414748456166697
mix_UI_ST_5400_425,0.17771959985939173
cauldron_ln_11832,0.7919450967063456
cauldron_ln_253,0.813194897797904
cauldron_ln_2261,0.6478374361771964
mix_UI_ST_5400_1324,0.5628320253696246
cauldron_ln_24226,0.6998823290415528
mix_SI_UT_5400_1144,0.08600322338038385
mix_UI_ST_5400_592,0.7105983222784793
cauldron_ln_15446,0.7113696007201549
cauldron_ln_13905,0.5573525533895407
mix_SI_UT_5400_383,0.14463213955324244
cauldron_ln_1188,0.5332362097920046
mix_SI_UT_5400_879,0.1531126168060255
cauldron_ln_15180,0.6200369336683003
cauldron_ln_7912,0.6688475891278212
cauldron_ln_6005,0.7668335461493201
mix_SI_UT_5400_617,0.5624173146095178
cauldron_ln_17731,0.7131545431845269
cauldron_ln_14600,0.6641738264246507
cauldron_ln_18804,0.5996555794849108
mix_SI_UT_5400_1481,0.14951904678947958
cauldron_ln_2384,0.5486235235053103
mix_UI_ST_5400_1275,0.03413694595656426
mix_UI_ST_5400_1280,0.11866421474060697
cauldron_ln_2864,0.540333186220411
mix_UI_ST_5400_458,0.07900471479321547
cauldron_ln_23437,0.3871342934995983
mix_SI_UT_5400_675,0.04128576339310172
cauldron_ln_8005,0.44218979924867813
cauldron_ln_14689,0.6929275243213486
cauldron_ln_1264,0.674796476264429
cauldron_ln_5624,0.5109983617350771
mix_SI_UT_5400_1098,0.42983678432318406
cauldron_ln_10737,0.5285219350432235
mix_SI_UT_5400_602,0.04219628258973001
mix_SI_UT_5400_1118,0.18128732900814706
mix_UI_ST_5400_571,0.1850610649281756
cauldron_ln_782,0.7570200398933786
mix_SI_UT_5400_683,0.43529713163718986
mix_UI_ST_5400_845,0.2256156238400834
cauldron_ln_9467,0.6045067831250093
mix_SI_UT_5400_586,0.078135456610129
cauldron_ln_18317,0.7568530168552927
mix_UI_ST_5400_603,0.5235820107317871
cauldron_ln_10364,0.7135262584984605
cauldron_ln_21951,0.6062007522761723
cauldron_ln_6832,0.5158525342778126
cauldron_ln_22126,0.6254876292607401
mix_UI_ST_5400_859,0.042203653731998796
mix_SI_UT_5400_65,0.42203302915010277
cauldron_ln_28308,0.6486557932282221
cauldron_ln_16945,0.34152854550668565
cauldron_ln_22718,0.796076967115792
cauldron_ln_9608,0.7361406880065864
cauldron_ln_23386,0.7431721669037634
mix_UI_ST_5400_184,0.5099466672251067
cauldron_ln_25880,0.7850556074019669
mix_UI_ST_5400_1297,0.06753979848047174
cauldron_ln_7957,0.7638546255301328
mix_UI_ST_5400_18,0.44251005820122746
mix_SI_UT_5400_1324,0.18513746018229288
cauldron_ln_26789,0.5239577107514437
cauldron_ln_12315,0.40765300109388447
cauldron_ln_3659,0.7660061088687757
mix_UI_ST_5400_958,0.04921898951005047
mix_SI_UT_5400_975,0.045241938002006425
cauldron_ln_11223,0.5848417861177679
cauldron_ln_19762,0.7657868041406499
mix_UI_ST_5400_118,0.2555982836803592
mix_UI_ST_5400_1012,0.024161646467452398
cauldron_ln_14800,0.7500436478619639
mix_UI_ST_5400_1209,0.3541973438554481
mix_SI_UT_5400_550,0.29647874700869203
cauldron_ln_20840,0.49143283751254474
cauldron_ln_23550,0.537352304244586
mix_SI_UT_5400_692,0.2738408835572925
cauldron_ln_23578,0.5746895246262971
mix_SI_UT_5400_98,0.09251202335443429
mix_UI_ST_5400_282,0.40996201929532106
mix_SI_UT_5400_999,0.10336490476271254
mix_UI_ST_5400_1386,0.31353343678966517
cauldron_ln_19738,0.5820546421927468
cauldron_ln_10862,0.5189727962833266
mix_UI_ST_5400_127,0.4415505927396347
cauldron_ln_18648,0.7653094732541695
cauldron_ln_21046,0.7345787798610103
mix_SI_UT_5400_363,0.3259542834347575
cauldron_ln_24064,0.7662577627405507
mix_UI_ST_5400_1001,0.12367060527016122
mix_SI_UT_5400_160,0.21302395710277458
cauldron_ln_10663,0.3305780195607074
cauldron_ln_24796,0.4603876343465268
mix_UI_ST_5400_187,0.4077642867986597
mix_SI_UT_5400_496,0.2195953943115338
mix_SI_UT_5400_407,0.3223276106390429
mix_UI_ST_5400_404,0.36244488412165543
cauldron_ln_15959,0.25175943094232356
cauldron_ln_6649,0.49931492047339265
cauldron_ln_3549,0.7667331860136516
cauldron_ln_1293,0.7337205578510955
mix_UI_ST_5400_831,0.47399258943245537
cauldron_ln_7631,0.46437870875902565
cauldron_ln_19177,0.5109787641593062
mix_SI_UT_5400_994,0.5095104777808299
mix_UI_ST_5400_939,0.20740716911323884
mix_SI_UT_5400_689,0.4201848665495776
cauldron_ln_9724,0.3758530927284149
cauldron_ln_23057,0.8122961662033932
cauldron_ln_10321,0.24967058276118537
mix_SI_UT_5400_696,0.6016868929140677
cauldron_ln_29500,0.5489668521167644
cauldron_ln_19512,0.7230377374967736
mix_SI_UT_5400_350,0.37409816246067584
cauldron_ln_1469,0.6361832871625652
mix_UI_ST_5400_200,0.042323288479350886
mix_SI_UT_5400_95,0.4324848096109861
cauldron_ln_19981,0.43374270724725394
mix_UI_ST_5400_1411,0.14641456009556994
cauldron_ln_408,0.22695672635149036
cauldron_ln_28898,0.6484250909962462
mix_SI_UT_5400_724,0.14101377275099913
mix_SI_UT_5400_639,0.27279634486928994
mix_UI_ST_5400_631,0.1557955191463194
mix_UI_ST_5400_377,0.4005660426306457
cauldron_ln_27294,0.7051880544163592
mix_SI_UT_5400_143,0.12200523522624097
cauldron_ln_24813,0.5362920707967507
mix_UI_ST_5400_641,0.537929800585933
mix_UI_ST_5400_9,0.6184690155424466
cauldron_ln_11173,0.7158741530367656
cauldron_ln_17417,0.7865806157064764
mix_UI_ST_5400_225,0.05218121680504309
mix_SI_UT_5400_523,0.16019953160218137
cauldron_ln_28689,0.5547727790169665
mix_UI_ST_5400_289,0.18570534472546382
cauldron_ln_13302,0.613351865444056
cauldron_ln_24045,0.3870512092109337
cauldron_ln_15030,0.7157351413772148
mix_SI_UT_5400_932,0.13427036399091385
mix_UI_ST_5400_1036,0.20053627800743357
cauldron_ln_25474,0.598858316609975
cauldron_ln_19242,0.7966772547377738
mix_UI_ST_5400_1356,0.2218817247752201
cauldron_ln_18842,0.6502586840710609
mix_UI_ST_5400_810,0.5377221676922569
mix_SI_UT_5400_1192,0.06594171075048401
cauldron_ln_15190,0.1531697721541661
mix_UI_ST_5400_190,0.2660020668431434
cauldron_ln_7913,0.7379496242908772
mix_SI_UT_5400_1423,0.2955860358615767
cauldron_ln_5862,0.4954685082186715
cauldron_ln_11295,0.6355987188928377
mix_SI_UT_5400_11,0.0846375548154362
cauldron_ln_8670,0.8160745700330523
cauldron_ln_2090,0.7105622787437595
cauldron_ln_6659,0.5873659241898076
mix_UI_ST_5400_57,0.6231238508609304
cauldron_ln_25926,0.7135651542129846
cauldron_ln_15974,0.5016245941227908
mix_SI_UT_5400_22,0.0806106509189356
cauldron_ln_21956,0.661263240315358
cauldron_ln_22029,0.780335518505956
cauldron_ln_1276,0.6492620044101975
mix_UI_ST_5400_1171,0.24205131991600665
cauldron_ln_27456,0.7540898845098472
mix_SI_UT_5400_891,0.16183842807974042
cauldron_ln_22474,0.6801714498227065
cauldron_ln_23939,0.585963113045832
mix_UI_ST_5400_795,0.4063047601521459
cauldron_ln_24077,0.4272007643332667
cauldron_ln_11910,0.2330196009202543
cauldron_ln_22225,0.5825928751327265
cauldron_ln_6936,0.601947917998433
mix_UI_ST_5400_604,0.1893727115019341
cauldron_ln_20698,0.8657804608541524
mix_UI_ST_5400_1263,0.2586951324412291
cauldron_ln_26056,0.5425414290551782
cauldron_ln_18112,0.5103705821064893
cauldron_ln_998,0.5984152484017341
cauldron_ln_14833,0.7955062049820051
cauldron_ln_17237,0.42782214295520854
mix_UI_ST_5400_231,0.2431503006990549
mix_SI_UT_5400_601,0.4793182991689281
cauldron_ln_6138,0.8270204930797274
mix_SI_UT_5400_291,0.047616250015450175
mix_SI_UT_5400_514,0.19218230789662488
cauldron_ln_10250,0.6043134530437784
mix_UI_ST_5400_1212,0.15754393338621664
cauldron_ln_17851,0.6531597469404016
mix_SI_UT_5400_305,0.3070424438485435
mix_UI_ST_5400_1227,0.12965187295499242
cauldron_ln_14348,0.4288991726946031
mix_SI_UT_5400_846,0.3227977048516997
mix_UI_ST_5400_672,0.4489520549065936
mix_SI_UT_5400_1113,0.44449978750540176
mix_SI_UT_5400_539,0.28696657091640687
mix_UI_ST_5400_543,0.2294577007478862
mix_SI_UT_5400_875,0.21277344959233518
cauldron_ln_29643,0.47034870134555784
mix_SI_UT_5400_765,0.24479408241842446
mix_SI_UT_5400_584,0.08540229457041626
cauldron_ln_8539,0.3967615126439181
mix_SI_UT_5400_456,0.407439972898067
mix_UI_ST_5400_666,0.07745472721583103
mix_UI_ST_5400_286,0.41946265792112614
mix_UI_ST_5400_663,0.07136593026205743
cauldron_ln_14523,0.4382222479247502
cauldron_ln_16505,0.7556013340883849
mix_UI_ST_5400_182,0.2564990464226379
cauldron_ln_29683,0.6502168090670715
cauldron_ln_23143,0.8492953559020993
cauldron_ln_16564,0.7930101647293059
cauldron_ln_16142,0.7097920989154128
cauldron_ln_20435,0.7345396920584898
mix_UI_ST_5400_438,0.21987081545936174
mix_UI_ST_5400_1465,0.2502185291830358
mix_SI_UT_5400_53,0.4499267052613928
mix_SI_UT_5400_476,0.12045091900740264
cauldron_ln_21716,0.4069507011773165
mix_UI_ST_5400_330,0.05166101341840297
cauldron_ln_15851,0.617813441066297
cauldron_ln_17600,0.7152279541060635
cauldron_ln_10167,0.7094165185170059
cauldron_ln_10237,0.7677779420368664
cauldron_ln_29619,0.6091196444482462
mix_UI_ST_5400_1139,0.22853128081638713
mix_SI_UT_5400_1380,0.2876285462418664
mix_SI_UT_5400_1177,0.12697384566636258
cauldron_ln_5002,0.679705267032882
cauldron_ln_22262,0.3524550592332001
cauldron_ln_26489,0.6525144681190582
mix_SI_UT_5400_1426,0.20620802547818148
mix_UI_ST_5400_1288,0.11439450251170821
cauldron_ln_2508,0.664419261566982
mix_UI_ST_5400_448,0.27996980485202533
cauldron_ln_14426,0.5823411845288471
cauldron_ln_16971,0.6750607710483956
cauldron_ln_5519,0.7039135460065535
cauldron_ln_9418,0.784734524423808
cauldron_ln_13091,0.21341390904668978
cauldron_ln_14406,0.7188932166933899
mix_UI_ST_5400_750,0.17312888013426567
cauldron_ln_240,0.5874918053026514
cauldron_ln_1610,0.5626967158292785
mix_UI_ST_5400_670,0.4706346353800701
mix_UI_ST_5400_315,0.15929038322176398
cauldron_ln_29830,0.8042561363752656
mix_SI_UT_5400_1120,0.08794025296140245
mix_SI_UT_5400_718,0.11551316378966581
mix_SI_UT_5400_435,0.2839628697876022
mix_SI_UT_5400_171,0.44658756328118754
cauldron_ln_16878,0.7946990401254532
mix_SI_UT_5400_1288,0.2390162723143736
cauldron_ln_24518,0.7081393552795281
mix_SI_UT_5400_151,0.16936411145497207
cauldron_ln_12839,0.2909866881978056
cauldron_ln_12600,0.7240709281593931
cauldron_ln_16593,0.45995113783961544
mix_UI_ST_5400_412,0.11899809736987649
cauldron_ln_14539,0.5472946769171195
cauldron_ln_12908,0.7611635481279382
cauldron_ln_16152,0.665875332233062
cauldron_ln_19101,0.8537879163973838
cauldron_ln_6309,0.44944203715977626
cauldron_ln_7531,0.5920120132583333
cauldron_ln_15199,0.7369222803330773
mix_SI_UT_5400_1088,0.028996496467221706
mix_UI_ST_5400_124,0.6738286805073735
mix_SI_UT_5400_637,0.22655352009840846
mix_UI_ST_5400_530,0.2683853421957304
mix_SI_UT_5400_1230,0.44595468041093306
mix_UI_ST_5400_1361,0.30179053570524145
mix_UI_ST_5400_1228,0.17701888487442907
mix_UI_ST_5400_544,0.322363061982408
cauldron_ln_12631,0.5097585263398297
mix_UI_ST_5400_1174,0.14819765160593307
mix_UI_ST_5400_1433,0.27236242528197885
mix_UI_ST_5400_390,0.2928817057648463
mix_UI_ST_5400_848,0.4845721960817514
cauldron_ln_6134,0.5930013239593512
mix_UI_ST_5400_850,0.5562470502831215
mix_SI_UT_5400_783,0.5165375484472207
mix_SI_UT_5400_209,0.05840865940090215
cauldron_ln_24332,0.3545775954994074
mix_UI_ST_5400_1438,0.24762592247931053
mix_UI_ST_5400_1041,0.14207471718496484
mix_SI_UT_5400_290,0.19588631121441297
cauldron_ln_25639,0.7050965159598812
mix_UI_ST_5400_1468,0.2845457775954071
mix_UI_ST_5400_665,0.4934846095178249
mix_UI_ST_5400_566,0.24501778887884604
mix_UI_ST_5400_1281,0.27398717136826434
mix_SI_UT_5400_159,0.2076010789273505
cauldron_ln_1423,0.7080258070152845
cauldron_ln_18969,0.30105193642969535
mix_SI_UT_5400_1218,0.037177196440071426
cauldron_ln_12297,0.6881349645996611
cauldron_ln_3945,0.6359602638924012
cauldron_ln_8030,0.7634549123673643
mix_UI_ST_5400_580,0.127160014933021
mix_UI_ST_5400_235,0.2799573598802363
cauldron_ln_14083,0.7278898804579992
mix_UI_ST_5400_42,0.6016108237475913
cauldron_ln_14162,0.5928555982583945
mix_UI_ST_5400_1062,0.06264362114824444
mix_UI_ST_5400_645,0.6110019991460875
cauldron_ln_16338,0.7259979981857669
mix_UI_ST_5400_738,0.17058679776941849
mix_SI_UT_5400_1493,0.25628263869150325
cauldron_ln_2951,0.6119234492497088
mix_UI_ST_5400_519,0.137873967405277
cauldron_ln_20137,0.6218215214296993
mix_SI_UT_5400_910,0.19015951401673797
cauldron_ln_24018,0.8145572442964877
cauldron_ln_14716,0.4993778264168187
mix_UI_ST_5400_120,0.07883652257565296
cauldron_ln_996,0.6676974916013241
cauldron_ln_17297,0.49373563399165604
cauldron_ln_7501,0.5511361073577178
mix_SI_UT_5400_805,0.10903063065915732
mix_SI_UT_5400_108,0.049589412863271023
mix_SI_UT_5400_367,0.16641108362610046
mix_SI_UT_5400_939,0.05039564817510095
cauldron_ln_8124,0.17850682657070865
cauldron_ln_4558,0.628848458929043
mix_UI_ST_5400_789,0.12200334076348246
cauldron_ln_7869,0.4716686828117403
cauldron_ln_25700,0.1457055681453402
cauldron_ln_19547,0.13149314468005424
mix_SI_UT_5400_43,0.07792016418816569
cauldron_ln_24786,0.7619295176100758
cauldron_ln_23928,0.7628304546386925
mix_SI_UT_5400_687,0.2528162050621604
cauldron_ln_22802,0.6217773822497297
mix_SI_UT_5400_740,0.33242634312170083
mix_SI_UT_5400_162,0.26561461812555764
mix_UI_ST_5400_213,0.3317011865786724
cauldron_ln_1853,0.5910525729697413
mix_SI_UT_5400_446,0.03742330514915601
cauldron_ln_14026,0.8140089651201943
mix_UI_ST_5400_1260,0.0646100915282811
cauldron_ln_21653,0.5327808297955099
mix_SI_UT_5400_508,0.11964825852288859
mix_SI_UT_5400_532,0.07071594514160263
cauldron_ln_16789,0.6864156665512604
mix_UI_ST_5400_856,0.0593029340511002
mix_UI_ST_5400_1034,0.7064657122456901
cauldron_ln_11205,0.6458796796166165
mix_UI_ST_5400_562,0.057008338321925055
mix_UI_ST_5400_1261,0.520211386430996
mix_SI_UT_5400_962,0.5191772046481454
mix_UI_ST_5400_478,0.12227159776118582
mix_SI_UT_5400_99,0.605739042586248
cauldron_ln_12588,0.17843390728560826
mix_UI_ST_5400_143,0.044067892150642086
mix_UI_ST_5400_108,0.17843853347616692
mix_UI_ST_5400_201,0.5296634704341394
mix_UI_ST_5400_934,0.15176701415055727
cauldron_ln_24658,0.7928761420386256
cauldron_ln_4606,0.777083067590592
cauldron_ln_4370,0.5570739441368381
cauldron_ln_15212,0.6160365287890894
mix_SI_UT_5400_273,0.21332669093261641
mix_SI_UT_5400_1282,0.106781747630998
mix_SI_UT_5400_1461,0.18546544157038156
cauldron_ln_4611,0.8219894967896901
cauldron_ln_148,0.7376137487163319
mix_UI_ST_5400_171,0.053591955880716025
cauldron_ln_29330,0.8113869120450188
mix_SI_UT_5400_1444,0.46298542988572644
cauldron_ln_15849,0.7294396890194472
mix_SI_UT_5400_1079,0.11649140731308416
cauldron_ln_27996,0.6004486407296986
mix_UI_ST_5400_1328,0.18516552856701246
cauldron_ln_308,0.6240365007490685
cauldron_ln_1385,0.7840421624784135
cauldron_ln_13559,0.6728663034127857
cauldron_ln_24016,0.5835829031422511
mix_SI_UT_5400_1437,0.13725873183913506
mix_SI_UT_5400_1417,0.09944760983205075
mix_UI_ST_5400_608,0.05153622047124499
cauldron_ln_26962,0.5273979985664443
mix_UI_ST_5400_1431,0.2731863964579536
cauldron_ln_4251,0.6616725323025054
cauldron_ln_7620,0.6477129815775977
mix_UI_ST_5400_866,0.2633335763033987
cauldron_ln_28642,0.7715668316343327
cauldron_ln_4319,0.6849894528908573
mix_SI_UT_5400_747,0.11738727807631737
mix_UI_ST_5400_976,0.049851630075722554
cauldron_ln_20184,0.7566100324969245
mix_SI_UT_5400_769,0.20747132250960876
mix_SI_UT_5400_1338,0.29004205048155124
cauldron_ln_1588,0.1053393911021578
mix_UI_ST_5400_1416,0.18310935548160723
cauldron_ln_9076,0.7050463716496455
cauldron_ln_21341,0.5133145085789763
mix_UI_ST_5400_1172,0.5536787872218987
mix_SI_UT_5400_443,0.6608539111304886
cauldron_ln_17500,0.7811535189186457
cauldron_ln_7511,0.7736225700560191
cauldron_ln_10086,0.7155969657363233
mix_UI_ST_5400_671,0.08364889707175094
mix_SI_UT_5400_1413,0.13465896735457533
mix_SI_UT_5400_440,0.03537024126751602
cauldron_ln_23100,0.41195227209395413
cauldron_ln_16900,0.15133587175099014
mix_SI_UT_5400_1267,0.4779960418500202
mix_SI_UT_5400_555,0.07863434100424552
cauldron_ln_26119,0.3049925245694912
mix_SI_UT_5400_196,0.14386911406930875
mix_SI_UT_5400_0,0.043086684250625826
cauldron_ln_18068,0.6827052167039978
mix_SI_UT_5400_1443,0.5156295952754203
mix_UI_ST_5400_910,0.2803956626627092
mix_SI_UT_5400_930,0.26119085568502576
cauldron_ln_5488,0.6561045833762651
cauldron_ln_4996,0.7130433647594442
mix_SI_UT_5400_1064,0.26047163610550966
mix_UI_ST_5400_1446,0.07432098620729873
mix_UI_ST_5400_1421,0.3960981591266976
mix_SI_UT_5400_965,0.14935583361714527
mix_UI_ST_5400_306,0.11981234026243234
cauldron_ln_26059,0.5423237653589568
cauldron_ln_21753,0.8009354344995473
cauldron_ln_29556,0.7996966273105952
cauldron_ln_23054,0.704019785704816
cauldron_ln_3408,0.6887744656700476
cauldron_ln_23291,0.5986231047891704
cauldron_ln_8958,0.7247508679153503
mix_SI_UT_5400_1345,0.4541277478808906
cauldron_ln_3256,0.6293156785790033
mix_UI_ST_5400_595,0.03683362693254851
cauldron_ln_25118,0.8040864161028132
cauldron_ln_15965,0.6388219751847741
mix_SI_UT_5400_321,0.11566743168420052
cauldron_ln_12660,0.6875586332995733
cauldron_ln_27846,0.5583592993951816
cauldron_ln_25807,0.6486621119315916
mix_SI_UT_5400_1309,0.039981309913895736
cauldron_ln_17901,0.7448361910096379
cauldron_ln_29501,0.5869777046975552
mix_SI_UT_5400_911,0.02637407550588595
cauldron_ln_595,0.7699682793516379
cauldron_ln_3863,0.6540341841235597
mix_UI_ST_5400_914,0.30803069742286227
cauldron_ln_12357,0.645035436683939
cauldron_ln_17390,0.7822047434337565
mix_SI_UT_5400_1195,0.615615113569731
mix_UI_ST_5400_461,0.14585483545050454
mix_SI_UT_5400_103,0.22963108911562757
mix_UI_ST_5400_1222,0.15232367975298572
mix_UI_ST_5400_17,0.256000085569423
cauldron_ln_3480,0.146338055104176
mix_UI_ST_5400_842,0.5253793839137629
cauldron_ln_4383,0.5948233802200265
cauldron_ln_20799,0.8480828288820907
mix_UI_ST_5400_1387,0.38102357219162425
mix_UI_ST_5400_483,0.14124136180271313
mix_UI_ST_5400_1424,0.3204678643744667
mix_UI_ST_5400_392,0.153199082166557
mix_UI_ST_5400_1256,0.6918584835652816
mix_SI_UT_5400_501,0.49788312440769295
mix_UI_ST_5400_1477,0.22036402250194226
mix_SI_UT_5400_31,0.02876897983095851
mix_UI_ST_5400_36,0.5039403077646792
mix_SI_UT_5400_1273,0.05553348196103876
mix_SI_UT_5400_1482,0.35022310368751275
cauldron_ln_21286,0.795015222931539
mix_SI_UT_5400_998,0.404652059181804
cauldron_ln_18816,0.783646579336166
cauldron_ln_1133,0.6263194849513094
cauldron_ln_15388,0.3956875519419062
mix_SI_UT_5400_233,0.20305234753448076
cauldron_ln_14165,0.2731224051492259
mix_SI_UT_5400_360,0.08577855972630466
cauldron_ln_18780,0.7861303980477785
cauldron_ln_25942,0.6017350643234094
cauldron_ln_23565,0.7906491403680692
mix_UI_ST_5400_1388,0.2726362480485451
mix_UI_ST_5400_368,0.03334984568325322
cauldron_ln_14906,0.7192504144539593
mix_UI_ST_5400_474,0.6876117280399929
mix_SI_UT_5400_1270,0.1409391876960504
mix_UI_ST_5400_925,0.33286604536367287
mix_SI_UT_5400_120,0.08269249356895327
mix_UI_ST_5400_253,0.17299389549826888
mix_SI_UT_5400_798,0.373772036132797
mix_UI_ST_5400_188,0.35906796310964956
cauldron_ln_20716,0.6725389958353413
mix_UI_ST_5400_755,0.07644867209228332
mix_SI_UT_5400_1006,0.4220469164340212
mix_SI_UT_5400_1215,0.49314313176806635
cauldron_ln_26624,0.628417598731914
cauldron_ln_209,0.7103513416777534
cauldron_ln_21636,0.8068542267862318
cauldron_ln_27646,0.4878862896202413
mix_UI_ST_5400_1058,0.18919137914950696
cauldron_ln_7404,0.49396893724080854
mix_SI_UT_5400_725,0.13139147885251584
cauldron_ln_29835,0.8100814317378705
mix_SI_UT_5400_89,0.45521484420125413
mix_UI_ST_5400_49,0.40314637252924324
cauldron_ln_22002,0.7810591098646933
cauldron_ln_15013,0.664945164702692
cauldron_ln_23439,0.6853743761207309
mix_UI_ST_5400_873,0.3320062102103567
mix_UI_ST_5400_516,0.15883876295224011
cauldron_ln_8154,0.6275783134567219
mix_UI_ST_5400_81,0.13875251153889867
mix_SI_UT_5400_1203,0.13816144830853505
cauldron_ln_27451,0.6077769085117586
mix_UI_ST_5400_1040,0.4342907792816679
cauldron_ln_1404,0.4820297747395609
mix_UI_ST_5400_760,0.5699881737696224
mix_SI_UT_5400_96,0.1165121355453549
cauldron_ln_13365,0.8514337932886595
mix_SI_UT_5400_224,0.4653151553336705
cauldron_ln_22626,0.7663346965137279
cauldron_ln_2408,0.5409436763697733
mix_SI_UT_5400_655,0.24515236641860802
mix_SI_UT_5400_425,0.40192715438501647
mix_SI_UT_5400_1321,0.4674997950348621
mix_UI_ST_5400_955,0.13495174437422192
cauldron_ln_5592,0.6665433801797667
mix_UI_ST_5400_128,0.037437350340301136
mix_SI_UT_5400_428,0.3292221129286706
cauldron_ln_11037,0.8131524154363439
cauldron_ln_6711,0.6825533316705259
mix_SI_UT_5400_80,0.5900079269130138
mix_UI_ST_5400_783,0.4155315797932816
mix_UI_ST_5400_1120,0.246681856682791
mix_SI_UT_5400_680,0.13094320554255634
mix_UI_ST_5400_62,0.04897779466787404
cauldron_ln_18773,0.3771772000444581
cauldron_ln_12062,0.650311668062536
cauldron_ln_2587,0.700295547296595
cauldron_ln_8513,0.8004430729811003
cauldron_ln_23014,0.6272288897585763
cauldron_ln_3366,0.6586848069646114
mix_SI_UT_5400_71,0.1286432865343209
mix_SI_UT_5400_1018,0.31595293747129366
mix_UI_ST_5400_297,0.12810788353822766
cauldron_ln_10125,0.755163566030224
cauldron_ln_13072,0.6468283425331353
cauldron_ln_6713,0.5570719638336256
cauldron_ln_17171,0.6374007748797454
mix_SI_UT_5400_1252,0.47935557550608504
mix_SI_UT_5400_266,0.3811012575234227
mix_UI_ST_5400_1051,0.33009255167073304
cauldron_ln_15015,0.613487092058923
cauldron_ln_28632,0.6719983734649412
mix_SI_UT_5400_917,0.11749712910432258
mix_SI_UT_5400_348,0.5245310352196597
cauldron_ln_18641,0.39140609714416547
cauldron_ln_1759,0.8392859596963722
mix_UI_ST_5400_684,0.18633290203518021
cauldron_ln_17447,0.33497503246027105
cauldron_ln_8751,0.5897978600268465
mix_UI_ST_5400_394,0.06226816381584828
mix_UI_ST_5400_301,0.6159667426610635
mix_SI_UT_5400_73,0.28150501812870043
cauldron_ln_9351,0.634687912133441
cauldron_ln_16813,0.7296382069026188
mix_SI_UT_5400_682,0.20451602351133763
cauldron_ln_28248,0.695506273944942
cauldron_ln_27142,0.644380757912038
mix_SI_UT_5400_1429,0.5774908428452425
mix_SI_UT_5400_374,0.3237449305964748
cauldron_ln_16067,0.6621506271328597
cauldron_ln_13320,0.7655722583486628
mix_SI_UT_5400_280,0.310986950392861
cauldron_ln_7749,0.806628717971151
mix_SI_UT_5400_13,0.03987138341744136
mix_SI_UT_5400_173,0.4951366043985016
cauldron_ln_8325,0.48762609063129114
cauldron_ln_6180,0.636670253598441
mix_UI_ST_5400_764,0.4989473836727218
cauldron_ln_22690,0.4976756553688419
cauldron_ln_18143,0.7767813803891663
mix_UI_ST_5400_291,0.18535624843477386
cauldron_ln_26253,0.12085038403321173
cauldron_ln_16210,0.4573142085137477
cauldron_ln_17795,0.5510896868894137
mix_UI_ST_5400_443,0.03382544320896176
mix_UI_ST_5400_1089,0.18642920098128601
cauldron_ln_28264,0.6579998909570002
mix_UI_ST_5400_908,0.36945493898329346
mix_SI_UT_5400_945,0.5141033979289187
mix_UI_ST_5400_227,0.07623341648565393
mix_SI_UT_5400_1148,0.12017716864329955
mix_UI_ST_5400_1185,0.2518455752123947
mix_UI_ST_5400_1247,0.6657343437276162
cauldron_ln_3906,0.7424229457089633
mix_SI_UT_5400_1313,0.41411067572986465
cauldron_ln_9806,0.6369631708628584
mix_UI_ST_5400_1454,0.12338841880942202
mix_SI_UT_5400_1415,0.058358003338173314
mix_UI_ST_5400_993,0.2546888410904014
mix_UI_ST_5400_369,0.03107360547191448
mix_SI_UT_5400_742,0.2648139669180187
mix_UI_ST_5400_965,0.3508456410067839
mix_SI_UT_5400_1159,0.6717043764797022
cauldron_ln_29559,0.2346577108265232
mix_SI_UT_5400_888,0.44219508821381126
mix_SI_UT_5400_855,0.0796939132359916
cauldron_ln_13165,0.8052036203655648
cauldron_ln_24218,0.4859186927882026
mix_SI_UT_5400_1414,0.038476855295050794
cauldron_ln_8928,0.25622613023294427
mix_SI_UT_5400_650,0.17382374476912543
mix_UI_ST_5400_1271,0.13554506086523058
mix_SI_UT_5400_1316,0.16082844055999196
mix_UI_ST_5400_661,0.4976994808290411
mix_UI_ST_5400_978,0.292584232622177
mix_SI_UT_5400_417,0.2614681483817564
cauldron_ln_23135,0.7505782698283296
mix_UI_ST_5400_398,0.5100977181271835
cauldron_ln_8244,0.6660252728303615
mix_SI_UT_5400_1347,0.3593442265849529
cauldron_ln_23130,0.24058076515610563
mix_UI_ST_5400_1358,0.1709643139194326
mix_SI_UT_5400_871,0.39722669376816433
mix_SI_UT_5400_1164,0.41765529380365296
cauldron_ln_29887,0.2175784937806413
cauldron_ln_3388,0.3734667840123577
cauldron_ln_12944,0.7909628384623164
mix_UI_ST_5400_505,0.08409820225202906
cauldron_ln_4161,0.6655469594265507
cauldron_ln_7445,0.5398298428437831
mix_UI_ST_5400_1391,0.4788602415688795
mix_SI_UT_5400_1354,0.12803926361565693
mix_UI_ST_5400_155,0.2509789369981519
cauldron_ln_17399,0.7776611026158055
cauldron_ln_6777,0.4863905918205058
cauldron_ln_3869,0.7511239542687493
mix_SI_UT_5400_632,0.5825083057921864
mix_SI_UT_5400_944,0.13406104975318328
mix_SI_UT_5400_1109,0.06351403542853265
mix_UI_ST_5400_960,0.09781348042131632
mix_SI_UT_5400_710,0.11359662989168373
cauldron_ln_18378,0.6299375576444028
cauldron_ln_13816,0.7553378399144068
cauldron_ln_21654,0.7683509657640069
cauldron_ln_14213,0.26143045033009393
cauldron_ln_16706,0.20193456817993427
cauldron_ln_18622,0.5817921906985077
cauldron_ln_22995,0.8028699172093587
cauldron_ln_6518,0.7926119976612502
mix_UI_ST_5400_1352,0.24426357807889343
mix_UI_ST_5400_586,0.10581930567165779
mix_UI_ST_5400_700,0.3030373755734736
cauldron_ln_17240,0.582495856989435
cauldron_ln_27730,0.8361745140982229
mix_UI_ST_5400_508,0.1582656562179297
cauldron_ln_11336,0.5451931696568768
mix_UI_ST_5400_1380,0.060462742379736124
cauldron_ln_26964,0.3761800936948355
cauldron_ln_15771,0.605426697418675
mix_UI_ST_5400_635,0.3037935540047583
cauldron_ln_15546,0.7925405927641855
cauldron_ln_14366,0.41177693945875177
cauldron_ln_25571,0.6786487776076676
cauldron_ln_9580,0.15433224660256092
cauldron_ln_1147,0.6428724620311534
cauldron_ln_11375,0.7178426866531729
cauldron_ln_20179,0.7203386277597161
mix_SI_UT_5400_540,0.44292500332844326
mix_UI_ST_5400_98,0.09004039619694801
mix_SI_UT_5400_826,0.034568409710280405
mix_UI_ST_5400_1126,0.05178608356451217
cauldron_ln_22598,0.6203926131531876
mix_SI_UT_5400_1442,0.3967933513827717
mix_SI_UT_5400_1033,0.5657895660642418
mix_UI_ST_5400_1333,0.6550697523641295
mix_UI_ST_5400_77,0.22757310838824166
mix_UI_ST_5400_43,0.09622282741788558
mix_UI_ST_5400_1004,0.19386055784529066
mix_UI_ST_5400_563,0.290914391497073
cauldron_ln_3996,0.6725085211279769
cauldron_ln_24640,0.4238282660624566
cauldron_ln_19145,0.5589920350210287
mix_UI_ST_5400_11,0.3987342641298246
cauldron_ln_26738,0.7210119854813906
mix_SI_UT_5400_373,0.1777560752092121
mix_SI_UT_5400_1320,0.2036890115505755
mix_UI_ST_5400_56,0.6254225093573103
mix_UI_ST_5400_1323,0.06955230803872121
cauldron_ln_4946,0.4594300587701151
mix_SI_UT_5400_230,0.03339264585532908
cauldron_ln_13563,0.2765015613804303
cauldron_ln_23479,0.727362431990803
mix_UI_ST_5400_1283,0.09462170094337277
cauldron_ln_28267,0.5258565944249807
cauldron_ln_24420,0.6190530819708939
mix_SI_UT_5400_981,0.36241376867914965
mix_SI_UT_5400_1396,0.12324723190559306
cauldron_ln_27807,0.3624143503989137
cauldron_ln_22265,0.7299230162048223
cauldron_ln_21549,0.577016143020538
cauldron_ln_24567,0.8209168929389954
cauldron_ln_25451,0.6809288266335701
mix_SI_UT_5400_567,0.3430271234065155
mix_SI_UT_5400_311,0.1540684440573974
mix_UI_ST_5400_376,0.420549369138172
mix_UI_ST_5400_1147,0.1950591987838358
mix_SI_UT_5400_1167,0.30980523944648863
mix_UI_ST_5400_436,0.6110366137355778
cauldron_ln_19527,0.7369220808119836
cauldron_ln_16475,0.7067734764677903
cauldron_ln_2730,0.0872150959365373
cauldron_ln_28871,0.7189659308826127
mix_UI_ST_5400_886,0.06746558711948691
cauldron_ln_6014,0.4781346847316571
cauldron_ln_7530,0.6563331486258985
cauldron_ln_11799,0.5954165395272455
cauldron_ln_12531,0.661745103023505
cauldron_ln_23062,0.7757548013958427
mix_SI_UT_5400_1054,0.37062833844125753
cauldron_ln_6417,0.5636797091506384
mix_UI_ST_5400_1115,0.042905854109324806
cauldron_ln_17894,0.05635754581111244
mix_SI_UT_5400_1104,0.13747383853156436
mix_UI_ST_5400_1418,0.02707841553259194
mix_UI_ST_5400_945,0.20935631179067798
cauldron_ln_15376,0.772581355288857
mix_SI_UT_5400_851,0.35318319442509616
cauldron_ln_4105,0.6289484356082433
mix_UI_ST_5400_138,0.3508555456299802
cauldron_ln_14698,0.6103987527924066
cauldron_ln_6529,0.6039239330839958
cauldron_ln_7990,0.7889917700014444
mix_SI_UT_5400_60,0.4154233881823362
cauldron_ln_1645,0.812065621064817
mix_UI_ST_5400_395,0.6710271107504147
cauldron_ln_2487,0.6000139473206038
mix_SI_UT_5400_20,0.4551115407096403
cauldron_ln_12867,0.6625994601870726
mix_UI_ST_5400_711,0.05602874899072577
cauldron_ln_12122,0.13891610317835665
cauldron_ln_16734,0.8011644243757133
mix_SI_UT_5400_207,0.06816939575525793
cauldron_ln_5697,0.704811363294222
cauldron_ln_3185,0.451871042795732
mix_SI_UT_5400_388,0.243186314195194
mix_UI_ST_5400_1002,0.2751260172057022
mix_SI_UT_5400_927,0.12424008170676507
mix_SI_UT_5400_1221,0.13774540722078987
cauldron_ln_3613,0.6011277520035191
cauldron_ln_5046,0.6735968635496967
cauldron_ln_22967,0.4308292403806775
cauldron_ln_3533,0.24440614368923202
cauldron_ln_15775,0.5957620385841773
cauldron_ln_6282,0.5492484847719189
mix_UI_ST_5400_1011,0.2522214484755583
mix_SI_UT_5400_909,0.292319803524143
cauldron_ln_10239,0.7092284830299536
mix_UI_ST_5400_896,0.11732662273851951
mix_SI_UT_5400_529,0.05760935242018081
mix_SI_UT_5400_454,0.18830540586029565
cauldron_ln_1868,0.4427817247639423
mix_SI_UT_5400_545,0.21929691661597328
cauldron_ln_17475,0.5809032825012466
mix_UI_ST_5400_1383,0.6793418869063761
mix_SI_UT_5400_991,0.5264526654701318
mix_SI_UT_5400_274,0.2332122465813864
cauldron_ln_14761,0.5998045515385899
mix_UI_ST_5400_449,0.13709020447991757
cauldron_ln_28224,0.7889599592340238
mix_SI_UT_5400_1152,0.32085402576040956
cauldron_ln_1267,0.7853037587498528
mix_UI_ST_5400_451,0.5249519295540317
mix_SI_UT_5400_1260,0.10118209543686604
cauldron_ln_26791,0.8021154822155101
cauldron_ln_21868,0.8229899843190799
mix_UI_ST_5400_385,0.103830028095442
mix_UI_ST_5400_1332,0.06885571892762105
mix_UI_ST_5400_1080,0.0623303610603482
cauldron_ln_9876,0.7394581704258629
cauldron_ln_3389,0.1948342685471922
cauldron_ln_3419,0.44627891846350926
cauldron_ln_7377,0.6713530681521556
mix_SI_UT_5400_727,0.5330048984711213
cauldron_ln_15394,0.6136508095304782
cauldron_ln_6749,0.7105545192049033
mix_SI_UT_5400_1197,0.04285124821759219
cauldron_ln_20334,0.1288072058882284
cauldron_ln_23163,0.5225291629031905
mix_UI_ST_5400_947,0.25309571789536867
cauldron_ln_6764,0.7644745022236301
mix_UI_ST_5400_601,0.04567140455370321
cauldron_ln_13822,0.45440330074760915
mix_SI_UT_5400_271,0.0388210790622451
cauldron_ln_445,0.841691142927937
cauldron_ln_27272,0.4918330727520207
cauldron_ln_14965,0.39130111230648806
mix_UI_ST_5400_136,0.05374772114645844
mix_UI_ST_5400_123,0.26611746616422877
cauldron_ln_21529,0.6297864172462742
mix_UI_ST_5400_614,0.25180738978284967
cauldron_ln_14892,0.5988525880533215
mix_UI_ST_5400_34,0.17822727511391181
cauldron_ln_12009,0.7825948543870638
mix_UI_ST_5400_1472,0.4562179396797644
mix_SI_UT_5400_364,0.3556207226910164
cauldron_ln_15396,0.7770527048965881
cauldron_ln_4362,0.8438272266592487
mix_UI_ST_5400_71,0.06073399526171201
mix_UI_ST_5400_365,0.06801127306337368
mix_SI_UT_5400_789,0.4055545366242812
mix_UI_ST_5400_346,0.3100206753143503
mix_SI_UT_5400_809,0.09710392826048292
mix_UI_ST_5400_644,0.15821636703482744
cauldron_ln_25862,0.38284519675208195
cauldron_ln_11830,0.6932077682529094
cauldron_ln_21208,0.6479362608424327
mix_SI_UT_5400_1300,0.0711413677744713
cauldron_ln_3110,0.088383057938133
mix_SI_UT_5400_1058,0.11096190650019513
mix_SI_UT_5400_556,0.13995606095254623
mix_UI_ST_5400_22,0.30677246568953087
mix_SI_UT_5400_691,0.7256193779992991
cauldron_ln_8414,0.6806786197320212
cauldron_ln_12572,0.7027216601130317
mix_SI_UT_5400_1032,0.15446986650094324
mix_SI_UT_5400_444,0.4892458363147071
mix_SI_UT_5400_1186,0.08079822493055701
cauldron_ln_13048,0.7161491586530448
cauldron_ln_15964,0.7805058991119131
cauldron_ln_153,0.6232095751339117
mix_SI_UT_5400_1262,0.263296146220377
cauldron_ln_15623,0.511717960520603
cauldron_ln_24285,0.4891606369981144
mix_UI_ST_5400_325,0.12039648139998084
cauldron_ln_28917,0.7613727074450034
cauldron_ln_29924,0.3455840464271128
mix_SI_UT_5400_474,0.06256925733481256
cauldron_ln_925,0.5681446488917699
mix_SI_UT_5400_490,0.6714067765979059
cauldron_ln_20811,0.4740853651345352
cauldron_ln_15907,0.6144367737289564
cauldron_ln_5986,0.8090740638300962
mix_SI_UT_5400_1361,0.2931909680002968
mix_SI_UT_5400_1029,0.3253041815060643
mix_SI_UT_5400_1147,0.12075560666481576
mix_SI_UT_5400_729,0.5206048617951815
mix_SI_UT_5400_267,0.4605222303110645
mix_SI_UT_5400_1398,0.40780695252818555
cauldron_ln_20681,0.6447890870737079
mix_SI_UT_5400_979,0.02217000508275626
mix_SI_UT_5400_753,0.25792530668524233
cauldron_ln_15815,0.04270721489992302
cauldron_ln_17140,0.7176983691455819
mix_SI_UT_5400_303,0.45618007372067493
mix_SI_UT_5400_928,0.35963645496339613
mix_UI_ST_5400_1153,0.20760331584844188
cauldron_ln_27753,0.3446750619993112
cauldron_ln_21153,0.5802949092435075
mix_UI_ST_5400_393,0.1780980563441905
mix_SI_UT_5400_1190,0.33491620102414166
cauldron_ln_18592,0.4799682252598498
cauldron_ln_19629,0.6904846925242583
mix_UI_ST_5400_712,0.08642985392340488
cauldron_ln_5853,0.43479800349345155
mix_UI_ST_5400_503,0.21193820441904868
mix_UI_ST_5400_1188,0.2620409974257702
cauldron_ln_27931,0.4368619151194107
cauldron_ln_9883,0.45041695398902903
mix_UI_ST_5400_718,0.18747691714407685
mix_UI_ST_5400_1112,0.5746074052749504
cauldron_ln_21807,0.7573933774960693
mix_SI_UT_5400_1400,0.055672859278644994
cauldron_ln_18891,0.7024967381740634
cauldron_ln_26788,0.6678641367893454
mix_SI_UT_5400_578,0.5087388887389609
mix_UI_ST_5400_1372,0.06155789992810497
mix_SI_UT_5400_631,0.36271054478458153
cauldron_ln_9334,0.7891674687386246
mix_SI_UT_5400_1371,0.0732138759365412
cauldron_ln_3453,0.7574999772038156
cauldron_ln_4110,0.8015420234223629
cauldron_ln_19238,0.1424696632319713
cauldron_ln_20095,0.5418211395850965
cauldron_ln_9407,0.5224472925472787
cauldron_ln_23229,0.7857100066454182
cauldron_ln_14042,0.6641970970252156
mix_UI_ST_5400_1123,0.35252528088743373
mix_SI_UT_5400_721,0.3970160480701822
mix_SI_UT_5400_1189,0.42071477667557666
cauldron_ln_5979,0.29717339220900785
cauldron_ln_18314,0.7265797721090435
cauldron_ln_29373,0.7589048505103
mix_SI_UT_5400_1322,0.17116465948165505
mix_UI_ST_5400_826,0.6846020039782167
mix_UI_ST_5400_506,0.10974669593497625
mix_SI_UT_5400_1465,0.24937809991937032
mix_UI_ST_5400_799,0.20094630117587567
cauldron_ln_1033,0.816629622958072
mix_SI_UT_5400_1454,0.5349773945017016
cauldron_ln_16680,0.7380434570173428
mix_UI_ST_5400_1158,0.09759325390179989
mix_UI_ST_5400_111,0.14609165372166966
cauldron_ln_24909,0.6712776752703112
cauldron_ln_24503,0.6489216350163609
mix_SI_UT_5400_666,0.23548902852121678
mix_UI_ST_5400_869,0.06771616972703834
mix_UI_ST_5400_1186,0.17896430920381606
cauldron_ln_23459,0.7693174123161115
cauldron_ln_10632,0.6839514626884626
mix_SI_UT_5400_250,0.45990075044805817
cauldron_ln_7509,0.6144399328624958
mix_UI_ST_5400_371,0.3255713915204322
mix_SI_UT_5400_1092,0.1878136107975783
mix_SI_UT_5400_1286,0.23932464387633778
cauldron_ln_4117,0.6930548844717854
mix_SI_UT_5400_24,0.2524680579278773
mix_SI_UT_5400_102,0.08830980003246991
cauldron_ln_17,0.7884957509140436
cauldron_ln_26430,0.6126724876430036
mix_SI_UT_5400_575,0.5755809498405597
cauldron_ln_13979,0.6779613595453162
mix_SI_UT_5400_774,0.25382446248057705
cauldron_ln_22954,0.4667760060075506
cauldron_ln_2880,0.5441168009947672
cauldron_ln_10776,0.6438983009716805
cauldron_ln_16517,0.713424729810265
mix_SI_UT_5400_174,0.4441576409568005
cauldron_ln_6622,0.5464042081141958
mix_UI_ST_5400_389,0.26607352985854427
mix_SI_UT_5400_926,0.029732838839270484
cauldron_ln_2001,0.5442768840083613
mix_UI_ST_5400_452,0.10760303230656308
cauldron_ln_2026,0.46184791296660616
mix_SI_UT_5400_950,0.40590129994943963
mix_UI_ST_5400_269,0.3326031855000421
cauldron_ln_14830,0.6632936641147886
mix_SI_UT_5400_1367,0.5689779044768636
mix_SI_UT_5400_239,0.44678162748379835
cauldron_ln_23040,0.7942004929050976
mix_UI_ST_5400_773,0.439980690296574
mix_UI_ST_5400_333,0.34429792348686505
mix_UI_ST_5400_342,0.29461892232736947
mix_UI_ST_5400_745,0.07607766042802488
mix_UI_ST_5400_439,0.07573387821088728
cauldron_ln_8752,0.6937405154885332
mix_UI_ST_5400_75,0.199300802113744
mix_SI_UT_5400_566,0.08420642195910188
mix_UI_ST_5400_522,0.031661765497955956
cauldron_ln_25813,0.33066817287077926
mix_SI_UT_5400_334,0.27789729350249104
cauldron_ln_16716,0.72429940278967
mix_UI_ST_5400_411,0.24134535010682986
mix_UI_ST_5400_314,0.13467615700036997
cauldron_ln_16863,0.7371265186467363
cauldron_ln_11245,0.20546746611389227
cauldron_ln_24618,0.7506698710696542
cauldron_ln_13684,0.6801089512885209
mix_SI_UT_5400_976,0.06584767220147272
cauldron_ln_11231,0.7067370619311747
mix_UI_ST_5400_946,0.1802905616686435
cauldron_ln_8563,0.697478168447198
mix_UI_ST_5400_86,0.10097343228576637
mix_SI_UT_5400_264,0.3131907302697957
cauldron_ln_13845,0.6671614660250661
mix_SI_UT_5400_583,0.12601702998267955
mix_UI_ST_5400_1064,0.1117487466982562
cauldron_ln_16452,0.3620923614601941
mix_SI_UT_5400_838,0.0808571801190412
mix_SI_UT_5400_183,0.2554215513164112
mix_UI_ST_5400_157,0.21334134876433
mix_SI_UT_5400_1296,0.5311848195302316
mix_UI_ST_5400_1163,0.07217307148596429
mix_SI_UT_5400_1108,0.27842200723373933
cauldron_ln_14314,0.7585106691367474
mix_SI_UT_5400_527,0.05878275151917783
mix_UI_ST_5400_1362,0.046992069214097834
mix_UI_ST_5400_998,0.45914726693961544
cauldron_ln_16903,0.5620337252038197
cauldron_ln_29432,0.49483404075301524
cauldron_ln_29917,0.44358689834344966
cauldron_ln_13460,0.748910867142906
mix_SI_UT_5400_904,0.33268340415513065
cauldron_ln_17684,0.7009187419293608
cauldron_ln_27781,0.4271099734265623
mix_SI_UT_5400_203,0.02471149194604636
cauldron_ln_9678,0.7329889936651712
mix_UI_ST_5400_446,0.12111591291256818
mix_UI_ST_5400_33,0.1253142595917664
cauldron_ln_766,0.6905675759420885
cauldron_ln_25560,0.6194972585940965
mix_SI_UT_5400_661,0.4459787926572006
cauldron_ln_15846,0.666597202897344
cauldron_ln_11095,0.5386768371704013
mix_UI_ST_5400_1191,0.10052390903789635
mix_SI_UT_5400_1314,0.31649694715187016
mix_UI_ST_5400_615,0.08920114111142154
mix_SI_UT_5400_1470,0.3260018081154402
mix_UI_ST_5400_1180,0.1384387321058222
cauldron_ln_5041,0.8244902284231865
mix_SI_UT_5400_1237,0.14213397771132108
cauldron_ln_3813,0.47905574700552844
cauldron_ln_29269,0.62326015712346
mix_UI_ST_5400_321,0.49266332937390667
mix_UI_ST_5400_1463,0.4048808047855703
cauldron_ln_6549,0.6935387611405837
cauldron_ln_378,0.7798588532679791
mix_UI_ST_5400_682,0.320617280822975
mix_SI_UT_5400_1194,0.5241791549547982
mix_SI_UT_5400_1012,0.14325704649791132
mix_SI_UT_5400_1232,0.24291147264568447
cauldron_ln_2584,0.6909167088086127
cauldron_ln_25772,0.6231591300383357
cauldron_ln_10435,0.5606656908662915
mix_UI_ST_5400_982,0.2122792794762342
cauldron_ln_1798,0.5743250261217019
mix_SI_UT_5400_1043,0.678970789128
cauldron_ln_28090,0.780468165978172
cauldron_ln_3973,0.7247867882301117
cauldron_ln_16538,0.723734754363422
cauldron_ln_14237,0.7712966964195853
cauldron_ln_15038,0.6745147127665356
cauldron_ln_13169,0.6707041305955344
mix_SI_UT_5400_542,0.38397980133462317
mix_SI_UT_5400_734,0.18540085405951096
cauldron_ln_29759,0.46769665986480025
cauldron_ln_6033,0.6834479059659785
cauldron_ln_9891,0.5386346097660175
cauldron_ln_26583,0.7634928070223593
cauldron_ln_23047,0.7227243138447252
mix_UI_ST_5400_1318,0.3499859522878187
cauldron_ln_19519,0.4597292242954104
cauldron_ln_20677,0.8331093751277354
mix_SI_UT_5400_1125,0.41044403465331386
mix_SI_UT_5400_369,0.14860886445482535
cauldron_ln_29278,0.8124567399278515
cauldron_ln_13801,0.6990947000754663
mix_SI_UT_5400_706,0.3206168342585707
mix_UI_ST_5400_1000,0.18183382877320925
mix_UI_ST_5400_721,0.027924045846060272
cauldron_ln_20615,0.6893530102949865
mix_SI_UT_5400_458,0.5949304401468776
mix_UI_ST_5400_794,0.4404956064822006
mix_SI_UT_5400_1419,0.24100315726628238
cauldron_ln_1740,0.5986955549382904
cauldron_ln_9096,0.6213379596281625
cauldron_ln_24457,0.5921820534450157
cauldron_ln_15048,0.5790843827057437
mix_UI_ST_5400_1345,0.22631792225676
mix_UI_ST_5400_413,0.4941000566584897
mix_SI_UT_5400_1479,0.13870014639279704
cauldron_ln_1567,0.48311161666411373
mix_UI_ST_5400_694,0.10024993505546946
mix_SI_UT_5400_1254,0.09427730552809671
cauldron_ln_5806,0.49601790512502114
cauldron_ln_3373,0.7430701179940224
cauldron_ln_11356,0.4645684034676607
cauldron_ln_4588,0.6274965292488017
mix_UI_ST_5400_1436,0.05715509884096888
cauldron_ln_17179,0.6460137676539496
mix_UI_ST_5400_1238,0.5717210555319043
mix_UI_ST_5400_1457,0.26601710714608956
mix_SI_UT_5400_1014,0.19490075876881338
cauldron_ln_878,0.22635501090324234
cauldron_ln_7376,0.6142692850813692
cauldron_ln_19850,0.7835511302948321
mix_SI_UT_5400_619,0.10847532939946394
cauldron_ln_27085,0.6987117135275571
cauldron_ln_18818,0.7788615599818666
cauldron_ln_21664,0.5879286398187444
mix_SI_UT_5400_139,0.06131704636202189
mix_UI_ST_5400_462,0.14855782358212327
cauldron_ln_12636,0.45957061669858273
mix_SI_UT_5400_837,0.6094978674488629
cauldron_ln_6348,0.8079571703710555
mix_UI_ST_5400_202,0.4848250310248363
mix_UI_ST_5400_1086,0.218999304251439
cauldron_ln_25152,0.7529575902459371
mix_SI_UT_5400_993,0.171165663155178
mix_UI_ST_5400_1130,0.2504235969258215
cauldron_ln_3984,0.6119144224067536
cauldron_ln_21400,0.45302039349686024
cauldron_ln_7605,0.8178661572734416
cauldron_ln_23746,0.8294111214579265
cauldron_ln_11274,0.7262640885204874
mix_UI_ST_5400_561,0.03309413056221135
cauldron_ln_3589,0.5887723220512636
mix_SI_UT_5400_869,0.08774228486349228
cauldron_ln_4405,0.5888142057967675
mix_UI_ST_5400_609,0.08881138796774021
cauldron_ln_7489,0.5691079510746453
cauldron_ln_4448,0.1921194622996865
mix_SI_UT_5400_153,0.3975711860721993
mix_SI_UT_5400_1155,0.10610844179825896
cauldron_ln_4788,0.655549263793668
mix_UI_ST_5400_362,0.5718397310942664
cauldron_ln_4210,0.8026993049099838
mix_SI_UT_5400_858,0.1970732348247668
cauldron_ln_21458,0.6780621811499212
cauldron_ln_14494,0.5991668405952288
mix_SI_UT_5400_808,0.2353256029556846
cauldron_ln_7597,0.6724239988880628
cauldron_ln_24788,0.509370018368913
mix_UI_ST_5400_1292,0.038923949613381935
mix_UI_ST_5400_1395,0.05461264804499286
mix_UI_ST_5400_647,0.02740442464735213
cauldron_ln_11680,0.7344161436806276
mix_SI_UT_5400_104,0.21259093986827346
mix_SI_UT_5400_423,0.6488673867609642
cauldron_ln_10967,0.62304657060347
cauldron_ln_370,0.6303859789157638
mix_SI_UT_5400_1430,0.03741627352198699
mix_UI_ST_5400_930,0.15309845370368205
mix_SI_UT_5400_138,0.5858258008101502
mix_UI_ST_5400_1470,0.24811424762808737
mix_UI_ST_5400_339,0.15698740413579726
mix_UI_ST_5400_1343,0.41616833499662487
cauldron_ln_27968,0.7707406178915206
mix_UI_ST_5400_690,0.09376415458295363
mix_SI_UT_5400_1341,0.2595212234823704
mix_UI_ST_5400_1023,0.12933698889684764
mix_UI_ST_5400_445,0.6863353559750062
cauldron_ln_18874,0.7479811406869066
cauldron_ln_12653,0.7243232832890059
mix_UI_ST_5400_932,0.12759429408324247
mix_SI_UT_5400_1475,0.29386206722780683
cauldron_ln_9264,0.7470762636743937
cauldron_ln_18917,0.7058641416433373
mix_SI_UT_5400_296,0.26080799395948445
mix_UI_ST_5400_894,0.05837137465405143
cauldron_ln_17043,0.6719066442914113
cauldron_ln_4316,0.44059484096824697
mix_SI_UT_5400_1292,0.3881476697516053
mix_UI_ST_5400_1461,0.3758366931063284
cauldron_ln_12090,0.6223507159745472
mix_SI_UT_5400_970,0.43212379669209733
cauldron_ln_11756,0.7360576086123147
cauldron_ln_24931,0.7160688457365701
mix_SI_UT_5400_86,0.10383439046009843
cauldron_ln_1229,0.6416562110909607
cauldron_ln_2777,0.729623405909472
cauldron_ln_23643,0.598565409485026
cauldron_ln_5672,0.6066421612464783
mix_UI_ST_5400_414,0.24505859081949533
mix_SI_UT_5400_559,0.23171981507964468
mix_UI_ST_5400_901,0.06689307827332376
cauldron_ln_15411,0.8064322613761798
cauldron_ln_7164,0.655740541366161
cauldron_ln_14722,0.6114743724549558
mix_SI_UT_5400_1234,0.08912196169148101
cauldron_ln_19405,0.7599152258210278
cauldron_ln_18743,0.7800582815546631
cauldron_ln_15670,0.19575983481103165
cauldron_ln_9942,0.5470759363224528
cauldron_ln_16362,0.7630657478656557
cauldron_ln_29872,0.7527337992993152
cauldron_ln_8437,0.37544958005839557
mix_SI_UT_5400_382,0.048063642989217566
cauldron_ln_25854,0.43733764588715707
mix_UI_ST_5400_374,0.17750141070010353
mix_UI_ST_5400_921,0.5217522854270237
cauldron_ln_22652,0.7597273947040863
cauldron_ln_18215,0.737089967823216
mix_SI_UT_5400_1362,0.22450508185894846
mix_UI_ST_5400_219,0.04792181168073226
mix_SI_UT_5400_1433,0.04910513876653799
mix_UI_ST_5400_319,0.3545759685618496
mix_SI_UT_5400_97,0.03662650474647273
mix_SI_UT_5400_802,0.09556888876465755
cauldron_ln_17334,0.8338400617208716
mix_UI_ST_5400_1007,0.11096692999355644
cauldron_ln_9911,0.759082259635034
mix_SI_UT_5400_52,0.5305386796493246
cauldron_ln_9157,0.5992350148567107
cauldron_ln_7487,0.6132223565520252
cauldron_ln_7852,0.5792121933096976
mix_SI_UT_5400_1357,0.48303802949855923
mix_SI_UT_5400_189,0.1453776333563018
mix_SI_UT_5400_316,0.11214073259344706
mix_SI_UT_5400_702,0.2492903493734035
cauldron_ln_3676,0.5089509163963261
cauldron_ln_14951,0.5000911038610877
cauldron_ln_3211,0.589567828099842
mix_SI_UT_5400_513,0.6321138972141391
cauldron_ln_3063,0.41156839883733387
mix_SI_UT_5400_248,0.33294703716802077
cauldron_ln_15505,0.8466526954641598
cauldron_ln_11182,0.8153104392012365
cauldron_ln_3677,0.5914435624903435
mix_SI_UT_5400_1346,0.38510029979771765
cauldron_ln_17074,0.5706070761537712
cauldron_ln_19091,0.6143265534772453
mix_UI_ST_5400_1254,0.04537409528560089
mix_SI_UT_5400_678,0.421165202306367
cauldron_ln_26099,0.8450041720220481
mix_UI_ST_5400_1393,0.06116573688547444
mix_SI_UT_5400_164,0.25778807965395717
mix_SI_UT_5400_581,0.27128793259935446
cauldron_ln_20676,0.6248617303664482
mix_SI_UT_5400_1042,0.35076013061359285
mix_SI_UT_5400_475,0.45705471568135914
mix_SI_UT_5400_357,0.23879839899817804
cauldron_ln_2246,0.7129699753793446
mix_UI_ST_5400_1016,0.204126271315922
cauldron_ln_16589,0.6023083440766471
cauldron_ln_17379,0.6803583614620909
mix_SI_UT_5400_129,0.25840883351627353
mix_UI_ST_5400_923,0.4274889714647335
cauldron_ln_17710,0.7579014002075102
mix_UI_ST_5400_648,0.5900827480483635
mix_UI_ST_5400_555,0.3432332545213823
cauldron_ln_26682,0.6298400887266746
cauldron_ln_16763,0.5122772783186522
cauldron_ln_28034,0.6965857310941657
cauldron_ln_23349,0.6880508640211391
cauldron_ln_14415,0.6151508667402775
mix_SI_UT_5400_1472,0.4514586995322286
mix_UI_ST_5400_300,0.5916661240845976
mix_SI_UT_5400_124,0.040873182774516695
mix_UI_ST_5400_1409,0.18812545363198271
mix_UI_ST_5400_1013,0.27916593678029933
cauldron_ln_18111,0.503814580716577
mix_SI_UT_5400_1306,0.19436070287258347
cauldron_ln_4359,0.5550637186060134
mix_SI_UT_5400_50,0.06459701281482715
mix_SI_UT_5400_323,0.4767617848878366
cauldron_ln_18951,0.6890147137661813
cauldron_ln_860,0.6819369429252737
mix_SI_UT_5400_1085,0.09305769994417282
mix_UI_ST_5400_1363,0.28433632151325366
mix_SI_UT_5400_502,0.33698963836124196
mix_UI_ST_5400_770,0.15374366481963792
cauldron_ln_13636,0.7241203443260712
mix_UI_ST_5400_994,0.6002078409575993
cauldron_ln_14504,0.5796492542097116
mix_SI_UT_5400_573,0.22101372925153362
mix_SI_UT_5400_845,0.5532589771417129
cauldron_ln_23336,0.6643094845103218
cauldron_ln_10507,0.6515413167906068
mix_SI_UT_5400_349,0.11189318044252794
mix_SI_UT_5400_1056,0.15320051959099526
cauldron_ln_7437,0.6236553427442879
cauldron_ln_13007,0.8020383486256343
cauldron_ln_11676,0.4395781067164626
mix_UI_ST_5400_1427,0.03867770651360464
cauldron_ln_15198,0.667270108509507
cauldron_ln_6053,0.6035469152129358
mix_SI_UT_5400_568,0.3671218894637198
cauldron_ln_14774,0.34019284456088295
cauldron_ln_421,0.3837399687437501
cauldron_ln_6210,0.7965792743700817
cauldron_ln_13819,0.6693475611651988
mix_SI_UT_5400_210,0.20395145597838446
cauldron_ln_9651,0.6250444022254351
cauldron_ln_16083,0.6257166818155485
cauldron_ln_15536,0.5788262290067547
mix_UI_ST_5400_747,0.046169624518760055
cauldron_ln_21235,0.6461506611386283
mix_SI_UT_5400_194,0.030991084902673504
cauldron_ln_15802,0.7377060518171772
mix_UI_ST_5400_1429,0.10625652153727291
mix_SI_UT_5400_886,0.07321743812531636
mix_SI_UT_5400_127,0.5616026685927279
cauldron_ln_19596,0.6804515633418948
mix_SI_UT_5400_402,0.12424826012432232
cauldron_ln_18022,0.49367523822505555
mix_SI_UT_5400_1457,0.29460171796084544
mix_SI_UT_5400_1199,0.5330257133104153
cauldron_ln_11442,0.5561170633630255
mix_SI_UT_5400_178,0.12220376746679446
mix_UI_ST_5400_864,0.2605603240240658
mix_SI_UT_5400_241,0.44950279099097373
mix_UI_ST_5400_277,0.566969176441825
mix_SI_UT_5400_860,0.10017799121500769
mix_UI_ST_5400_973,0.24131261359715667
cauldron_ln_6867,0.7937696116551318
mix_UI_ST_5400_758,0.0910074546737684
cauldron_ln_17831,0.639192259800057
mix_SI_UT_5400_1269,0.3501570601087367
cauldron_ln_14522,0.7466193870097253
cauldron_ln_6223,0.7813119801135782
cauldron_ln_24821,0.48019895142303304
cauldron_ln_17435,0.7078771280996962
mix_SI_UT_5400_1110,0.04156588975807001
mix_UI_ST_5400_1142,0.07243746940595874
cauldron_ln_5819,0.4154637955922125
cauldron_ln_4761,0.6789425371393039
cauldron_ln_27023,0.5158878374537859
mix_UI_ST_5400_623,0.22172016941290373
cauldron_ln_9369,0.7782669560879236
mix_UI_ST_5400_551,0.38430502905798747
cauldron_ln_24753,0.32184421425975196
cauldron_ln_21612,0.6895586806816032
cauldron_ln_8713,0.28281709544438804
mix_SI_UT_5400_186,0.09386710010504062
cauldron_ln_2877,0.7335667254303888
mix_UI_ST_5400_788,0.45364053652900327
mix_UI_ST_5400_1214,0.35691894847997774
cauldron_ln_29736,0.7231682868317104
cauldron_ln_26010,0.6611797000983255
mix_UI_ST_5400_1162,0.6774932792576027
mix_SI_UT_5400_905,0.04162766511644977
cauldron_ln_177,0.7373154665204109
mix_UI_ST_5400_147,0.07367384615846553
mix_UI_ST_5400_146,0.030790989362846605
mix_UI_ST_5400_384,0.289314847862246
mix_UI_ST_5400_862,0.23162269993530046
cauldron_ln_19632,0.6710512734960601
mix_UI_ST_5400_1488,0.28927979891660605
mix_UI_ST_5400_584,0.18106238698297827
cauldron_ln_3883,0.4211538289441412
mix_UI_ST_5400_295,0.10620289445192958
mix_SI_UT_5400_1434,0.23859456493279382
cauldron_ln_6698,0.8273065144476086
cauldron_ln_16987,0.6304896125549755
cauldron_ln_4539,0.7382821264877044
mix_UI_ST_5400_835,0.2660275883103237
cauldron_ln_12698,0.7847975296723477
cauldron_ln_23389,0.5951280862612366
mix_UI_ST_5400_450,0.3674121200294792
cauldron_ln_12902,0.45140731805620193
cauldron_ln_13564,0.7198515692808714
mix_UI_ST_5400_880,0.13465564075072461
mix_SI_UT_5400_1191,0.2930510514705468
mix_SI_UT_5400_522,0.35369306893521846
mix_UI_ST_5400_468,0.18663212884167266
cauldron_ln_4153,0.7485581175824823
mix_SI_UT_5400_142,0.11238003148051981
mix_UI_ST_5400_1079,0.5213412189900071
mix_SI_UT_5400_918,0.053060110067895475
mix_SI_UT_5400_294,0.07973149985033032
mix_UI_ST_5400_889,0.3590815106380287
cauldron_ln_20366,0.7843132870696746
cauldron_ln_26793,0.7157050104434708
cauldron_ln_19239,0.7778220094202981
mix_UI_ST_5400_434,0.2597425407093861
mix_SI_UT_5400_997,0.2073804093704008
mix_SI_UT_5400_206,0.18961521800176556
mix_UI_ST_5400_163,0.15865050328238872
cauldron_ln_6069,0.7843071754305638
mix_UI_ST_5400_1154,0.22811023486857415
cauldron_ln_16888,0.763626198769846
cauldron_ln_17608,0.6358591322975291
cauldron_ln_11615,0.7870252287114262
cauldron_ln_8564,0.6539925718320018
mix_UI_ST_5400_743,0.5343272063695408
cauldron_ln_16933,0.6681698425803317
cauldron_ln_16783,0.6926775198874893
mix_UI_ST_5400_620,0.2628044355188953
mix_SI_UT_5400_906,0.45416081895432747
mix_SI_UT_5400_600,0.1421757623535463
cauldron_ln_18123,0.6614635883867706
mix_SI_UT_5400_963,0.48466541201491753
mix_UI_ST_5400_681,0.27728184220870383
cauldron_ln_16186,0.6893421634672263
mix_SI_UT_5400_9,0.5438368721830082
mix_UI_ST_5400_1218,0.17089217045890967
mix_UI_ST_5400_740,0.1776804008411545
mix_UI_ST_5400_428,0.40400944534998007
cauldron_ln_20311,0.6710606124894576
mix_SI_UT_5400_610,0.3359745525425828
cauldron_ln_13634,0.6295493646537805
mix_UI_ST_5400_406,0.058293850052572545
mix_SI_UT_5400_829,0.41353484198247126
cauldron_ln_16070,0.5996869882468762
mix_UI_ST_5400_870,0.25590911309523745
mix_SI_UT_5400_1328,0.6307007974706744
mix_UI_ST_5400_216,0.213141176222479
cauldron_ln_8369,0.45841661109457627
mix_SI_UT_5400_612,0.3158710536550162
mix_UI_ST_5400_1047,0.4271781843236009
mix_SI_UT_5400_1469,0.03159235870627355
cauldron_ln_27013,0.545221687459116
mix_SI_UT_5400_833,0.33067554075736694
cauldron_ln_21736,0.7367362677977336
mix_UI_ST_5400_667,0.26601846854523425
mix_UI_ST_5400_410,0.40415398922561496
cauldron_ln_20031,0.7237102198101555
cauldron_ln_7481,0.5784900032088234
mix_UI_ST_5400_320,0.646353926659915
mix_UI_ST_5400_814,0.12230957533691986
mix_UI_ST_5400_513,0.0811867309831742
mix_UI_ST_5400_1029,0.13566500641765505
mix_SI_UT_5400_1089,0.2233650443530718
mix_SI_UT_5400_1464,0.3746297672082636
cauldron_ln_15914,0.700072473826695
cauldron_ln_22809,0.2758288469788658
cauldron_ln_8604,0.18912424616454082
mix_UI_ST_5400_375,0.10662063184045842
cauldron_ln_9296,0.727501126456366
mix_SI_UT_5400_1035,0.2892735594021749
cauldron_ln_9555,0.49212903524359003
mix_UI_ST_5400_1497,0.03916709707401988
cauldron_ln_14040,0.8122581617261959
cauldron_ln_16431,0.5343229610909117
mix_SI_UT_5400_500,0.1776648594088686
cauldron_ln_26292,0.7459565259648687
mix_SI_UT_5400_283,0.1893581779678967
mix_SI_UT_5400_1431,0.03057323889553387
mix_UI_ST_5400_1,0.19422219807241414
mix_SI_UT_5400_1353,0.2541699306714761
cauldron_ln_1981,0.7035952016287459
mix_UI_ST_5400_210,0.2892197005224654
cauldron_ln_13884,0.7766515193469146
mix_UI_ST_5400_292,0.14192889860245844
mix_SI_UT_5400_644,0.054694777046692934
cauldron_ln_29798,0.6740886176243185
mix_UI_ST_5400_1114,0.21522543433921468
mix_SI_UT_5400_328,0.16919657724026665
mix_UI_ST_5400_97,0.027748828962898268
mix_SI_UT_5400_1307,0.2649604000858977
cauldron_ln_18108,0.46538912344309896
mix_SI_UT_5400_117,0.12955067975833523
cauldron_ln_17470,0.7549860160555508
cauldron_ln_28348,0.5107284491566177
cauldron_ln_18947,0.6405052967716167
mix_UI_ST_5400_657,0.0868469792128812
mix_SI_UT_5400_530,0.30299541458959
cauldron_ln_3785,0.7380221516428334
mix_UI_ST_5400_708,0.047154354240511176
mix_SI_UT_5400_781,0.26896778557257595
cauldron_ln_13700,0.6858560813456411
cauldron_ln_25001,0.6337770555562402
cauldron_ln_19817,0.6263738378489074
cauldron_ln_14818,0.5330762305383108
cauldron_ln_21228,0.6128878252146824
mix_UI_ST_5400_1414,0.34563671924651296
cauldron_ln_19274,0.6117512474349676
cauldron_ln_6825,0.3369189877043617
cauldron_ln_7736,0.6231004385661201
mix_UI_ST_5400_1257,0.29621114350118916
mix_UI_ST_5400_415,0.32891174751884666
mix_SI_UT_5400_1193,0.09167604150860893
mix_UI_ST_5400_14,0.5686776605341708
cauldron_ln_1790,0.74880441041814
cauldron_ln_12661,0.4834189879342622
cauldron_ln_13082,0.7638643504133633
cauldron_ln_9158,0.48229603545739835
mix_UI_ST_5400_1300,0.1443981290522244
mix_SI_UT_5400_984,0.2563227760689629
mix_SI_UT_5400_3,0.45376375678442443
cauldron_ln_2197,0.11485048980295225
mix_UI_ST_5400_979,0.11691407151448076
mix_UI_ST_5400_72,0.07853328948196439
mix_SI_UT_5400_488,0.299513366445036
mix_UI_ST_5400_324,0.029711675666238786
mix_UI_ST_5400_1205,0.07814216785694691
cauldron_ln_13474,0.710941039505888
mix_SI_UT_5400_54,0.4537785572290092
mix_UI_ST_5400_716,0.08490047967821293
cauldron_ln_15320,0.685460850690798
cauldron_ln_15549,0.41608085405334416
mix_UI_ST_5400_1103,0.08693056306317712
cauldron_ln_19448,0.28063290427804005
cauldron_ln_26571,0.5537360933418926
cauldron_ln_29873,0.5544818277209206
cauldron_ln_16916,0.5543071355492897
cauldron_ln_12019,0.7610494531300316
cauldron_ln_22928,0.777930350988383
cauldron_ln_7249,0.5824142504862386
mix_UI_ST_5400_719,0.08009959529735164
cauldron_ln_2077,0.725711346714001
cauldron_ln_19851,0.7320142107102503
mix_SI_UT_5400_27,0.2397821050972457
mix_SI_UT_5400_921,0.1767983632516603
mix_SI_UT_5400_1445,0.09841040638834932
cauldron_ln_9940,0.17900403410124116
cauldron_ln_29999,0.6730630324347626
cauldron_ln_15196,0.843092761495967
cauldron_ln_5789,0.3180126955261338
cauldron_ln_26432,0.6052494526811443
cauldron_ln_7644,0.5441272319339157
mix_SI_UT_5400_1310,0.0483310981203802
mix_SI_UT_5400_41,0.21385541172258465
cauldron_ln_5555,0.7171093601584908
cauldron_ln_21874,0.04498126884259372
mix_SI_UT_5400_313,0.2038904951482155
cauldron_ln_20892,0.8057032339614728
mix_SI_UT_5400_409,0.3003647649922646
mix_UI_ST_5400_1278,0.3221381298837286
mix_UI_ST_5400_1394,0.08083932151518641
cauldron_ln_12561,0.6219119297733275
mix_SI_UT_5400_949,0.3761187464425131
mix_SI_UT_5400_1132,0.1845946996686924
cauldron_ln_26644,0.5202761272739491
cauldron_ln_8565,0.6188710535890356
cauldron_ln_14144,0.8562580799336645
mix_SI_UT_5400_481,0.06992612716456344
cauldron_ln_6571,0.5866080700012908
cauldron_ln_13804,0.7692443757267075
mix_SI_UT_5400_1128,0.12221285253213357
mix_SI_UT_5400_179,0.18422358332782252
cauldron_ln_15164,0.44055890493787897
cauldron_ln_27863,0.6816025815537506
cauldron_ln_404,0.7322165451673142
mix_SI_UT_5400_546,0.2922121491928579
mix_UI_ST_5400_224,0.12594255642009503
cauldron_ln_28033,0.4152666530565746
cauldron_ln_16488,0.5221920032372711
cauldron_ln_28640,0.4543937479109256
cauldron_ln_25499,0.42651241549030183
mix_UI_ST_5400_680,0.03958722086669045
cauldron_ln_2780,0.7087482817815551
mix_UI_ST_5400_307,0.3264267648788305
cauldron_ln_28054,0.1950000651037589
cauldron_ln_23972,0.5569382058242971
cauldron_ln_23194,0.6127011061701159
mix_SI_UT_5400_1084,0.28336066512058733
mix_SI_UT_5400_705,0.3783899421472902
mix_UI_ST_5400_1321,0.29845002190883985
cauldron_ln_10760,0.38715516414337847
cauldron_ln_10917,0.6673849141090378
cauldron_ln_14306,0.31054215506244975
cauldron_ln_1329,0.5558835006268403
cauldron_ln_17719,0.24609601114590632
cauldron_ln_4393,0.5746473509050714
mix_SI_UT_5400_1244,0.30878860698479205
cauldron_ln_29431,0.5677086999856165
mix_SI_UT_5400_662,0.26489206192784553
mix_UI_ST_5400_678,0.5547497294745822
mix_UI_ST_5400_1473,0.059420746528324686
cauldron_ln_11681,0.47867573153393006
mix_UI_ST_5400_420,0.16492001200655598
mix_UI_ST_5400_373,0.2289742489014707
cauldron_ln_16984,0.4650084464394726
cauldron_ln_24697,0.7862457911392096
cauldron_ln_19256,0.8444357194023735
cauldron_ln_9960,0.6620540972957888
mix_SI_UT_5400_1220,0.029569242734234277
mix_UI_ST_5400_533,0.10448207200509663
cauldron_ln_13809,0.2596621621913462
cauldron_ln_19660,0.6449188881034905
mix_UI_ST_5400_1216,0.14079507372872818
mix_UI_ST_5400_872,0.06837066757601094
mix_UI_ST_5400_1082,0.5724199587513747
mix_UI_ST_5400_1046,0.68740785167426
mix_SI_UT_5400_1114,0.20739439928597958
cauldron_ln_2829,0.6134058066985697
mix_UI_ST_5400_1176,0.03586812428106668
cauldron_ln_2053,0.7716279327935307
mix_SI_UT_5400_1499,0.2145235790506875
cauldron_ln_24293,0.7149011468059967
cauldron_ln_17144,0.4682294888275974
cauldron_ln_8179,0.6757452302641933
mix_SI_UT_5400_157,0.025412150993055514
mix_UI_ST_5400_489,0.08783799758784507
cauldron_ln_23246,0.7015126790319945
mix_UI_ST_5400_1173,0.22800957148767192
mix_SI_UT_5400_299,0.3418949058174524
cauldron_ln_8985,0.7725148366383343
cauldron_ln_6677,0.7720369116843375
cauldron_ln_5292,0.6917765417191576
mix_UI_ST_5400_236,0.2498792847407553
mix_UI_ST_5400_267,0.03657504619952359
mix_UI_ST_5400_821,0.2048068555119527
cauldron_ln_17652,0.7705132660201739
mix_SI_UT_5400_225,0.48373265294369105
cauldron_ln_18855,0.6390962749962872
mix_SI_UT_5400_1268,0.24668561338229406
mix_SI_UT_5400_821,0.46553977959642057
cauldron_ln_8107,0.3060069865623617
mix_UI_ST_5400_1134,0.13769331516869834
cauldron_ln_27277,0.6104980757677994
cauldron_ln_26657,0.6730035577205076
cauldron_ln_29048,0.42482332462585215
cauldron_ln_29641,0.402649465065143
mix_UI_ST_5400_110,0.13318396488678963
cauldron_ln_23096,0.3931143702325523
mix_SI_UT_5400_132,0.11100775884171922
mix_UI_ST_5400_1105,0.26896563639493304
cauldron_ln_27854,0.6908427597327709
cauldron_ln_3099,0.7507689661972243
cauldron_ln_8470,0.6869624695294616
cauldron_ln_29646,0.748842355712835
mix_UI_ST_5400_989,0.40509563325251874
cauldron_ln_10382,0.6335717080258554
mix_UI_ST_5400_364,0.31290252714621647
cauldron_ln_17765,0.8375861563115277
cauldron_ln_19154,0.6416828260090542
cauldron_ln_11852,0.8269962560546187
mix_UI_ST_5400_79,0.49223525950370045
cauldron_ln_11481,0.7698541819582062
cauldron_ln_12863,0.6956029066891617
mix_UI_ST_5400_1253,0.17686102670735554
cauldron_ln_26204,0.7977077301278865
cauldron_ln_6788,0.6599778557489396
mix_SI_UT_5400_627,0.27114676553559464
cauldron_ln_10924,0.6948882513838801
cauldron_ln_13648,0.753669734455733
cauldron_ln_24598,0.3004521707504798
cauldron_ln_20014,0.7915063916031349
mix_SI_UT_5400_737,0.36122904346810536
mix_UI_ST_5400_839,0.1563155457407855
mix_SI_UT_5400_482,0.41597087071454264
cauldron_ln_18323,0.44593984437099193
cauldron_ln_9762,0.7736182303304178
mix_SI_UT_5400_236,0.05638346599633792
cauldron_ln_22583,0.7655625246160949
mix_SI_UT_5400_1391,0.12638052525894822
mix_UI_ST_5400_1070,0.5168309149811594
cauldron_ln_1782,0.4002568670100653
mix_UI_ST_5400_1344,0.10614227488111665
cauldron_ln_17611,0.4668056013200053
cauldron_ln_16644,0.44762622754569004
mix_UI_ST_5400_203,0.1592526238629206
mix_SI_UT_5400_784,0.17444877262058134
mix_UI_ST_5400_26,0.20429645623456055
mix_UI_ST_5400_130,0.3993156496170427
mix_SI_UT_5400_1121,0.04144283103167502
mix_SI_UT_5400_152,0.44005646112146357
cauldron_ln_26466,0.7902220665414286
mix_SI_UT_5400_81,0.17796766432934125
cauldron_ln_26596,0.7904004860620357
cauldron_ln_11921,0.4463406225890143
mix_UI_ST_5400_370,0.09581070507069292
mix_UI_ST_5400_892,0.15118311275455804
cauldron_ln_26434,0.6484850057096154
mix_UI_ST_5400_702,0.07691193944326896
mix_SI_UT_5400_1453,0.24496590937941998
cauldron_ln_28653,0.5661997845351857
cauldron_ln_17423,0.42447262662387064
cauldron_ln_8782,0.8347787154916231
mix_UI_ST_5400_199,0.1279162354526474
cauldron_ln_13080,0.5031680571294032
cauldron_ln_8145,0.5711283305467272
mix_UI_ST_5400_1443,0.0940611094377396
mix_SI_UT_5400_49,0.05741631460028508
cauldron_ln_6012,0.23120793727729871
cauldron_ln_19709,0.7715442578221743
cauldron_ln_21574,0.8476170017601861
mix_SI_UT_5400_1334,0.4749983159530098
cauldron_ln_23446,0.6384155620294163
cauldron_ln_2872,0.6694139542466568
mix_UI_ST_5400_674,0.03179424387125879
cauldron_ln_6406,0.8070303547814709
cauldron_ln_4547,0.7688363932672975
mix_SI_UT_5400_645,0.1327058846609658
cauldron_ln_11633,0.31586870726618044
mix_UI_ST_5400_1402,0.141270439484269
cauldron_ln_19308,0.688246793854563
mix_SI_UT_5400_404,0.38037560352150657
mix_UI_ST_5400_207,0.29343867555808806
cauldron_ln_20103,0.7379267927872506
mix_UI_ST_5400_419,0.10313621114652091
cauldron_ln_3654,0.7747945628791677
mix_UI_ST_5400_781,0.23890040243037616
mix_SI_UT_5400_563,0.19959035355190652
cauldron_ln_2740,0.5782486627748527
mix_SI_UT_5400_1091,0.3254269996094463
cauldron_ln_6341,0.24374202449881444
mix_UI_ST_5400_372,0.04810477417020078
cauldron_ln_2979,0.8047548854924296
mix_SI_UT_5400_1210,0.2945554700594456
cauldron_ln_28560,0.6235093881816869
mix_UI_ST_5400_619,0.422339352217618
cauldron_ln_27840,0.6383425109194385
cauldron_ln_23782,0.7857827872879859
cauldron_ln_2910,0.7701421134329299
cauldron_ln_11028,0.5010315019695084
mix_UI_ST_5400_1389,0.04421802007804444
cauldron_ln_18802,0.4297104006512791
cauldron_ln_23051,0.7123226561350405
cauldron_ln_7951,0.5143146191668375
cauldron_ln_28881,0.7532592557585219
cauldron_ln_10666,0.2658024840778579
mix_UI_ST_5400_137,0.6215281424101996
mix_SI_UT_5400_852,0.23382630096303642
cauldron_ln_16855,0.614184683562701
cauldron_ln_10076,0.35290729672076937
cauldron_ln_3816,0.6600459467168119
cauldron_ln_2040,0.8445613081588015
mix_UI_ST_5400_1464,0.3092250513400493
cauldron_ln_28430,0.39636262789981475
mix_SI_UT_5400_902,0.03875695652452342
cauldron_ln_1260,0.8619193917592531
mix_SI_UT_5400_603,0.500876503752788
cauldron_ln_5279,0.689088262750741
mix_UI_ST_5400_851,0.2625621081282157
cauldron_ln_7591,0.8227662905883507
mix_UI_ST_5400_621,0.5405892653767539
cauldron_ln_27983,0.811311185390015
mix_UI_ST_5400_1400,0.3064268994820513
cauldron_ln_5637,0.6512362733639717
mix_SI_UT_5400_453,0.09133128827804107
cauldron_ln_14175,0.5196322914576498
mix_SI_UT_5400_169,0.2863420444754739
cauldron_ln_21850,0.15763331497811395
mix_UI_ST_5400_1476,0.34258436780365364
mix_UI_ST_5400_1050,0.10342552142588776
cauldron_ln_1979,0.7911262240524402
mix_UI_ST_5400_507,0.38480745454818854
mix_UI_ST_5400_800,0.30100607348749797
cauldron_ln_11318,0.6483864207567833
cauldron_ln_22285,0.6554568942777023
cauldron_ln_11152,0.7543317414510966
mix_UI_ST_5400_547,0.10722312395567499
cauldron_ln_2496,0.56515745226281
cauldron_ln_5623,0.445208778633367
mix_UI_ST_5400_517,0.23991678641966993
cauldron_ln_27486,0.19242460889325824
mix_SI_UT_5400_1416,0.19513595405295067
cauldron_ln_11789,0.6200450567961535
cauldron_ln_23326,0.7902917900942907
cauldron_ln_11838,0.4773956571445741
cauldron_ln_29771,0.6693479514047542
cauldron_ln_13953,0.4471359471578339
cauldron_ln_20633,0.13136824779202483
mix_UI_ST_5400_1295,0.1624826623325774
cauldron_ln_10213,0.6727334869952
cauldron_ln_1689,0.4069097544125604
cauldron_ln_11123,0.11580446859994376
cauldron_ln_29523,0.5814569334009105
mix_UI_ST_5400_704,0.3379277135440607
cauldron_ln_13903,0.29153417127378445
cauldron_ln_3041,0.7221969620784026
cauldron_ln_10998,0.6272753137014224
cauldron_ln_1872,0.2191918191713575
cauldron_ln_21548,0.6758068985983623
mix_SI_UT_5400_735,0.03530908460262022
cauldron_ln_6732,0.6399005939726132
cauldron_ln_11141,0.8054304909349288
cauldron_ln_9267,0.8103604591982027
mix_SI_UT_5400_1019,0.08510414749380499
cauldron_ln_13584,0.7114528728246132
cauldron_ln_22692,0.2459635633916047
mix_SI_UT_5400_1053,0.3388805810600214
cauldron_ln_13337,0.5957090610531369
mix_SI_UT_5400_1420,0.052538655153978486
cauldron_ln_484,0.7673288309255355
cauldron_ln_5365,0.5427468826274007
cauldron_ln_1491,0.8072427781698236
mix_UI_ST_5400_520,0.02771846714703513
mix_SI_UT_5400_743,0.4259045033749258
cauldron_ln_9258,0.7048878814019
mix_SI_UT_5400_1007,0.1459549174982574
cauldron_ln_5068,0.7349382310378156
mix_UI_ST_5400_455,0.19166522304853445
cauldron_ln_12465,0.6626298518973968
mix_UI_ST_5400_107,0.20687074300715366
mix_SI_UT_5400_882,0.21460759089890555
cauldron_ln_16967,0.6547459148250999
mix_UI_ST_5400_87,0.5689150906588478
mix_UI_ST_5400_548,0.20712586569386585
mix_SI_UT_5400_198,0.13867996042378178
mix_UI_ST_5400_564,0.08226262239225382
mix_SI_UT_5400_28,0.3549044303066935
mix_SI_UT_5400_1102,0.384139515621134
mix_UI_ST_5400_970,0.4946612785813427
mix_UI_ST_5400_585,0.34715820467308456
mix_UI_ST_5400_913,0.06617112785397547
mix_UI_ST_5400_175,0.12537722851375432
cauldron_ln_26401,0.49704157807780475
cauldron_ln_28161,0.6768237745471638
mix_UI_ST_5400_1377,0.4940095035878261
mix_UI_ST_5400_341,0.46311384372037834
mix_UI_ST_5400_1392,0.2862740163825106
cauldron_ln_9207,0.5788938342218989
mix_SI_UT_5400_611,0.2520746097694633
mix_SI_UT_5400_731,0.17120142845214759
mix_UI_ST_5400_824,0.17524726812110075
cauldron_ln_25254,0.6574062675779655
cauldron_ln_13600,0.5465326325962643
cauldron_ln_26891,0.3082154134432862
cauldron_ln_10523,0.5395203819123833
cauldron_ln_12106,0.7417278754213346
mix_UI_ST_5400_0,0.06331637731286693
mix_UI_ST_5400_950,0.30095421464567673
cauldron_ln_14467,0.5013851943814713
cauldron_ln_6405,0.4757317852748112
mix_SI_UT_5400_593,0.10670868787210533
cauldron_ln_6650,0.7105797112203565
cauldron_ln_22637,0.28291982758610024
mix_SI_UT_5400_1047,0.16764863651558817
cauldron_ln_6415,0.7120074004420872
cauldron_ln_7318,0.7076441279294801
cauldron_ln_22781,0.8035048923833517
mix_SI_UT_5400_1024,0.34152784252646423
mix_UI_ST_5400_1091,0.5027431508800084
mix_UI_ST_5400_502,0.03763964016042175
mix_UI_ST_5400_90,0.07746667792166656
cauldron_ln_20857,0.7792081396020732
mix_SI_UT_5400_597,0.3443514448260791
cauldron_ln_8259,0.6106214545778287
cauldron_ln_9356,0.34441547065360817
cauldron_ln_19336,0.4613906770436915
cauldron_ln_20463,0.5163316830930043
cauldron_ln_16227,0.6302937648484426
mix_SI_UT_5400_384,0.5427435230929782
cauldron_ln_20135,0.7602533649161953
cauldron_ln_26495,0.7244938333649389
cauldron_ln_5325,0.34605325376546786
mix_UI_ST_5400_1149,0.3272705961879406
cauldron_ln_22270,0.7518437768165398
cauldron_ln_17453,0.7183348591075173
cauldron_ln_1281,0.5381315796298485
cauldron_ln_2774,0.6672894997397745
mix_SI_UT_5400_771,0.48115627138805994
mix_UI_ST_5400_162,0.07505055015647732
cauldron_ln_10441,0.6796417771588271
cauldron_ln_15689,0.7265670451275021
cauldron_ln_19565,0.8440826822899472
cauldron_ln_20329,0.6461867466739295
cauldron_ln_17860,0.6723290572131451
cauldron_ln_3512,0.2629362649751164
mix_UI_ST_5400_1085,0.4997467761527382
mix_SI_UT_5400_1339,0.2687764422462871
mix_SI_UT_5400_1135,0.5449388144249643
cauldron_ln_11032,0.32487261697893843
mix_UI_ST_5400_494,0.32360427726954355
cauldron_ln_26370,0.19223918358365327
mix_SI_UT_5400_327,0.05912573892099039
mix_SI_UT_5400_1208,0.33148010387621696
cauldron_ln_9468,0.7489552613285733
mix_UI_ST_5400_296,0.33088352097828977
mix_UI_ST_5400_706,0.04047803443713295
mix_SI_UT_5400_785,0.20505416969727397
cauldron_ln_3780,0.8097434971566855
mix_UI_ST_5400_1390,0.24971172482279258
mix_SI_UT_5400_1229,0.28536630016741593
mix_SI_UT_5400_1483,0.24164977411312039
mix_UI_ST_5400_948,0.11868262814340315
cauldron_ln_1666,0.5663617554474665
mix_SI_UT_5400_457,0.553801254026719
cauldron_ln_16721,0.7368176034368423
mix_UI_ST_5400_70,0.10047851204599725
mix_UI_ST_5400_912,0.29829863934815437
mix_UI_ST_5400_841,0.1838272396332261
mix_SI_UT_5400_449,0.2952860792616874
mix_SI_UT_5400_421,0.058175905054032646
cauldron_ln_15389,0.6132883325052816
cauldron_ln_7316,0.6854729402244388
mix_UI_ST_5400_1028,0.15553369684375182
mix_SI_UT_5400_309,0.41707117671278854
mix_SI_UT_5400_231,0.2228778650335943
cauldron_ln_27417,0.8373163208026344
mix_UI_ST_5400_336,0.0552382452645144
mix_SI_UT_5400_219,0.4931668560952542
mix_UI_ST_5400_1258,0.4337035896691053
cauldron_ln_4723,0.7680495849901408
mix_SI_UT_5400_895,0.47504783285059804
mix_SI_UT_5400_1055,0.38310582420236433
cauldron_ln_26520,0.66297771922208
mix_UI_ST_5400_775,0.17177883799255833
mix_UI_ST_5400_121,0.25946364807499456
mix_SI_UT_5400_866,0.3673019449384561
mix_SI_UT_5400_1211,0.3138669381292095
cauldron_ln_17134,0.6548031046094708
mix_SI_UT_5400_1127,0.23990126344017831
mix_UI_ST_5400_1350,0.10242136815445362
cauldron_ln_24520,0.8083355732657066
cauldron_ln_8373,0.18546190406478455
cauldron_ln_15240,0.6389251911121444
mix_SI_UT_5400_623,0.47217025855290046
cauldron_ln_14417,0.7734518087292452
cauldron_ln_7665,0.5451488389903116
mix_UI_ST_5400_1445,0.40078603583884764
cauldron_ln_17054,0.7987842410042518
mix_UI_ST_5400_746,0.04585178816515566
mix_UI_ST_5400_557,0.0688679400809167
cauldron_ln_2381,0.5495894932049976
cauldron_ln_7346,0.8529975116574032
mix_SI_UT_5400_411,0.4204670212791935
mix_SI_UT_5400_1051,0.196877073621053
cauldron_ln_20476,0.7137768943742266
cauldron_ln_8736,0.6057942917519679
mix_UI_ST_5400_550,0.05236745433091953
mix_SI_UT_5400_1181,0.19244436812677929
mix_SI_UT_5400_320,0.25885486214603115
cauldron_ln_8669,0.44363010544074455
cauldron_ln_21852,0.6326442604280342
mix_SI_UT_5400_422,0.505978940914868
cauldron_ln_22000,0.6231740272805536
mix_UI_ST_5400_771,0.2479855462523705
mix_UI_ST_5400_1272,0.1381326765353721
cauldron_ln_9793,0.5957650794518077
mix_SI_UT_5400_674,0.5149648313103519
cauldron_ln_9271,0.5866157978745624
cauldron_ln_818,0.5802575369833507
mix_UI_ST_5400_577,0.3950867378268463
mix_SI_UT_5400_472,0.0656927360048023
cauldron_ln_1675,0.550735424899254
mix_UI_ST_5400_1494,0.1303371619179861
mix_UI_ST_5400_113,0.4092917604765243
mix_UI_ST_5400_1129,0.18104628269637324
mix_SI_UT_5400_1002,0.36476250525651643
cauldron_ln_16676,0.7468837289447359
cauldron_ln_15061,0.5421232029594043
cauldron_ln_16651,0.5832271656104757
cauldron_ln_21197,0.7379651676278858
mix_UI_ST_5400_791,0.0597245327223421
cauldron_ln_21171,0.8147707120986889
mix_SI_UT_5400_463,0.3143987890387117
mix_SI_UT_5400_1126,0.11205201117462282
cauldron_ln_7165,0.5319561865500022
mix_SI_UT_5400_361,0.1674096598427569
cauldron_ln_21692,0.6117806249211948
mix_UI_ST_5400_63,0.09211954763368693
cauldron_ln_10304,0.7103520862442202
mix_SI_UT_5400_1325,0.41337895835697663
mix_SI_UT_5400_968,0.2873772141531687
cauldron_ln_21834,0.8012323127989516
mix_UI_ST_5400_1052,0.2949818924141641
cauldron_ln_18910,0.40748040877208036
cauldron_ln_22299,0.7591581549735565
mix_SI_UT_5400_480,0.2409661670546408
mix_UI_ST_5400_1422,0.049822647205042404
mix_SI_UT_5400_429,0.1903225611360434
mix_UI_ST_5400_1404,0.10733907282321392
cauldron_ln_25262,0.7828905869427072
mix_UI_ST_5400_250,0.489002466243964
mix_UI_ST_5400_849,0.22240272394106153
cauldron_ln_11,0.5254035506285484
mix_UI_ST_5400_1490,0.1957296956656322
cauldron_ln_14832,0.4746455538807447
mix_SI_UT_5400_768,0.5828705550494817
mix_UI_ST_5400_819,0.13678790752056966
cauldron_ln_11845,0.7305704309176558
mix_UI_ST_5400_1351,0.4608267982355083
cauldron_ln_19653,0.21488873765986372
mix_SI_UT_5400_576,0.24722884222595132
cauldron_ln_26756,0.8046021209169693
mix_SI_UT_5400_1112,0.7438563393105733
mix_UI_ST_5400_357,0.3714409667462265
mix_SI_UT_5400_251,0.05527343366381321
cauldron_ln_13141,0.7750521471231102
cauldron_ln_26033,0.6295752997246322
cauldron_ln_14831,0.4083044852301398
cauldron_ln_16939,0.5621591275028697
cauldron_ln_15206,0.8354045472763905
cauldron_ln_25650,0.6155724562287407
mix_UI_ST_5400_1307,0.17337823366932392
cauldron_ln_19733,0.8527125485738989
mix_SI_UT_5400_621,0.3524426803919941
mix_SI_UT_5400_1335,0.3776984608519699
cauldron_ln_3539,0.8032217278826546
mix_SI_UT_5400_1027,0.3671824994271804
mix_UI_ST_5400_1342,0.06199811533537608
cauldron_ln_10196,0.47758623679421364
cauldron_ln_2044,0.37513249520011976
cauldron_ln_13161,0.6645244422666354
cauldron_ln_9533,0.6012949984175029
cauldron_ln_28475,0.7866231467036999
cauldron_ln_1471,0.6363361509082279
mix_SI_UT_5400_215,0.2881337242786366
cauldron_ln_18903,0.8151223056094881
mix_UI_ST_5400_569,0.5017900930344315
mix_UI_ST_5400_1481,0.1801508747816734
cauldron_ln_3985,0.4506273593328221
mix_SI_UT_5400_1349,0.2830250259249643
mix_UI_ST_5400_525,0.0633896104625674
cauldron_ln_15160,0.6383320303904312
mix_SI_UT_5400_167,0.2917652544137439
cauldron_ln_918,0.49850432850870424
mix_SI_UT_5400_697,0.4334185879760313
mix_SI_UT_5400_1487,0.0846444422413635
mix_UI_ST_5400_588,0.2949012275390068
cauldron_ln_9625,0.7668679964097127
cauldron_ln_3905,0.7975487556184686
cauldron_ln_15538,0.6103869802677094
mix_UI_ST_5400_114,0.6398917670093589
mix_UI_ST_5400_475,0.04364109061181233
mix_SI_UT_5400_1449,0.05243124561542418
cauldron_ln_13108,0.8393373095446005
cauldron_ln_29882,0.28285499664311214
mix_UI_ST_5400_888,0.2302480688379912
mix_UI_ST_5400_922,0.07015193231894123
cauldron_ln_29688,0.572579224489556
mix_SI_UT_5400_1363,0.32811463514797395
cauldron_ln_8510,0.7073309633587279
mix_SI_UT_5400_800,0.03791702836580231
cauldron_ln_14074,0.7184595646980965
cauldron_ln_19316,0.5348081277326009
cauldron_ln_12289,0.7179864251037534
cauldron_ln_7807,0.6390099076117854
mix_SI_UT_5400_557,0.07882793837906746
mix_UI_ST_5400_352,0.025122761859805096
cauldron_ln_8328,0.6545649404554756
mix_SI_UT_5400_1028,0.16156383603515384
mix_UI_ST_5400_141,0.34745971237092294
mix_UI_ST_5400_652,0.7532950731723241
mix_SI_UT_5400_1301,0.12534910038122285
cauldron_ln_19666,0.6692595875736695
mix_SI_UT_5400_1075,0.12775226669699105
mix_SI_UT_5400_1364,0.19184884986276163
mix_UI_ST_5400_1152,0.03722762418527366
cauldron_ln_2837,0.5476263120788288
mix_UI_ST_5400_382,0.23190508388297867
mix_UI_ST_5400_1009,0.033669047440677585
cauldron_ln_7360,0.5107584068833813
mix_SI_UT_5400_1179,0.10589536360413318
cauldron_ln_9591,0.7079550936907464
cauldron_ln_16368,0.7695946575959898
cauldron_ln_4940,0.6844833390178326
mix_UI_ST_5400_442,0.37471874490468765
cauldron_ln_4480,0.6338856206056454
cauldron_ln_15455,0.7513200073715095
mix_UI_ST_5400_744,0.0777881492622241
mix_UI_ST_5400_642,0.41676418325203934
mix_UI_ST_5400_1399,0.39334992996133766
cauldron_ln_3823,0.7430093416877395
mix_SI_UT_5400_1037,0.14428694990083116
cauldron_ln_29573,0.6780991338485858
mix_UI_ST_5400_959,0.17989336677870227
mix_UI_ST_5400_388,0.6426235842270842
mix_SI_UT_5400_1123,0.19686747339536298
mix_UI_ST_5400_980,0.22284151828931287
mix_UI_ST_5400_1030,0.20152565953532423
cauldron_ln_8644,0.7251917947242308
cauldron_ln_20564,0.8265427260823288
cauldron_ln_8233,0.5969528905164394
mix_SI_UT_5400_1023,0.046338237274796884
cauldron_ln_5573,0.6790364003234863
cauldron_ln_8296,0.6774526339802975
mix_UI_ST_5400_1347,0.40357919117561164
cauldron_ln_13228,0.486498320497731
mix_UI_ST_5400_1303,0.031717763904889826
mix_SI_UT_5400_286,0.22872364509905163
cauldron_ln_21227,0.10249383349161327
cauldron_ln_15532,0.48400339011435434
mix_UI_ST_5400_823,0.09451803148051789
mix_SI_UT_5400_1488,0.26364529467830367
mix_UI_ST_5400_1417,0.08429625093825467
cauldron_ln_19723,0.7089235067868211
cauldron_ln_22974,0.5166905980508614
cauldron_ln_15569,0.28388141922534293
cauldron_ln_26382,0.6357243808348695
cauldron_ln_2211,0.7137819023487862
mix_UI_ST_5400_606,0.3621436913792233
mix_UI_ST_5400_1435,0.3755574436862569
cauldron_ln_27016,0.628530988229802
mix_UI_ST_5400_181,0.6235812039430728
cauldron_ln_9014,0.6184435627542927
cauldron_ln_25492,0.5715643345536032
cauldron_ln_22049,0.6712334740511025
mix_SI_UT_5400_658,0.6188005052610368
mix_SI_UT_5400_983,0.41395571666553127
mix_SI_UT_5400_933,0.21902204132593844
cauldron_ln_29687,0.8460138088348806
cauldron_ln_25374,0.6158449347016666
mix_SI_UT_5400_333,0.2498123654446957
cauldron_ln_29681,0.08853515400782445
cauldron_ln_27090,0.3530561372849207
mix_SI_UT_5400_1205,0.043077321828539086
mix_UI_ST_5400_1458,0.19399475476903097
mix_UI_ST_5400_515,0.5206284155098883
cauldron_ln_14329,0.2625287789663618
cauldron_ln_20222,0.6470812853450892
cauldron_ln_19058,0.6999765638908682
mix_UI_ST_5400_1311,0.5290428969393342
cauldron_ln_26787,0.15066159602059953
cauldron_ln_5975,0.61913969266739
mix_UI_ST_5400_815,0.2992152693336349
cauldron_ln_20769,0.7674488517832742
cauldron_ln_5934,0.8053968582600399
cauldron_ln_7235,0.8443851171402031
cauldron_ln_10535,0.7218504113037494
cauldron_ln_15308,0.436709449503342
mix_UI_ST_5400_140,0.667017730142879
cauldron_ln_14610,0.6050511153840228
cauldron_ln_17525,0.614724237434305
mix_UI_ST_5400_1183,0.3223286968225276
mix_UI_ST_5400_340,0.038988300412390486
mix_SI_UT_5400_1297,0.132292064298963
mix_SI_UT_5400_723,0.12032584632754537
cauldron_ln_16649,0.7693354652730142
cauldron_ln_25084,0.5472949698231471
mix_SI_UT_5400_39,0.12604946680861231
mix_SI_UT_5400_175,0.2637425471549091
cauldron_ln_29494,0.7292595076093623
cauldron_ln_5166,0.641351370002077
cauldron_ln_8286,0.7176370902985147
cauldron_ln_10043,0.7279805900750653
cauldron_ln_12975,0.7119595843739547
mix_UI_ST_5400_677,0.0393791583403995
cauldron_ln_19424,0.6883442978106625
cauldron_ln_9227,0.4494364383189987
cauldron_ln_18688,0.5406396681681649
cauldron_ln_14727,0.6669975242427912
cauldron_ln_4613,0.2353099131833588
mix_UI_ST_5400_961,0.3656004496328886
cauldron_ln_29632,0.6579731946295944
cauldron_ln_20245,0.7497877564542728
mix_UI_ST_5400_490,0.13504163398588628
cauldron_ln_19982,0.8039762534144548
cauldron_ln_19860,0.8045202567100838
cauldron_ln_12567,0.3679405792806107
cauldron_ln_10960,0.8031015729964355
cauldron_ln_292,0.6807076502849418
cauldron_ln_8476,0.7309825516662797
mix_UI_ST_5400_290,0.3676877416608635
cauldron_ln_7469,0.6726077114314675
mix_SI_UT_5400_1463,0.2131307044640366
cauldron_ln_3301,0.755119301427521
mix_SI_UT_5400_1156,0.37249836280560217
mix_UI_ST_5400_1037,0.22678282240654923
mix_UI_ST_5400_884,0.1536977027313206
cauldron_ln_14272,0.7229038309074243
cauldron_ln_9797,0.7347195431619782
cauldron_ln_10093,0.6733891481884784
cauldron_ln_22978,0.7569843145214714
mix_UI_ST_5400_1057,0.31011619797707923
mix_UI_ST_5400_1038,0.06251538160650315
cauldron_ln_28643,0.43142855207653197
cauldron_ln_29837,0.6311972154133065
cauldron_ln_5467,0.6435617221545116
mix_UI_ST_5400_1406,0.1706451274787086
mix_SI_UT_5400_703,0.058185862312979716
cauldron_ln_6245,0.5057796520115075
cauldron_ln_9488,0.47401520529297453
mix_UI_ST_5400_1074,0.8253353968315456
mix_SI_UT_5400_990,0.43404355014462553
cauldron_ln_19042,0.7623770833710395
cauldron_ln_1905,0.2806124226715845
cauldron_ln_17257,0.08859425359847324
mix_SI_UT_5400_163,0.045189429556264066
mix_SI_UT_5400_56,0.05132051116649561
mix_SI_UT_5400_1275,0.15314972088967982
mix_UI_ST_5400_756,0.35746028787293005
mix_UI_ST_5400_871,0.14334362874225481
cauldron_ln_11812,0.4766617002116119
cauldron_ln_21560,0.7782346787861036
mix_UI_ST_5400_940,0.19256435986425474
mix_UI_ST_5400_1053,0.4289662587201167
cauldron_ln_4696,0.8055561958164752
cauldron_ln_6195,0.6787635077081513
cauldron_ln_3023,0.5502770127236287
mix_SI_UT_5400_992,0.020552998545671143
cauldron_ln_27398,0.6858057373224019
mix_SI_UT_5400_63,0.22502870997219124
mix_SI_UT_5400_94,0.07878505469291473
mix_SI_UT_5400_318,0.10402324362400805
mix_SI_UT_5400_1323,0.17185787258874033
mix_UI_ST_5400_1032,0.6740980684769293
mix_UI_ST_5400_103,0.364563438269204
cauldron_ln_26420,0.8234871217184251
cauldron_ln_2552,0.5779855317598624
cauldron_ln_5154,0.6808314287073284
cauldron_ln_11406,0.21773155234688935
mix_SI_UT_5400_750,0.0365374882691582
cauldron_ln_2617,0.7488314558354705
cauldron_ln_11091,0.6118845986958519
mix_UI_ST_5400_1316,0.5211211025321716
cauldron_ln_17313,0.6485107631818836
cauldron_ln_19227,0.6237175725584618
mix_UI_ST_5400_797,0.05584114459601452
cauldron_ln_3934,0.6618914780719225
mix_UI_ST_5400_890,0.03218162616693507
cauldron_ln_13483,0.6225492571057858
mix_SI_UT_5400_347,0.1632692310997917
mix_UI_ST_5400_1376,0.17699302320273883
cauldron_ln_27786,0.6252410977048878
mix_SI_UT_5400_1176,0.4977906739393942
mix_SI_UT_5400_709,0.060964466622771475
mix_UI_ST_5400_1305,0.09807789933918745
mix_SI_UT_5400_1196,0.14036351745916864
mix_SI_UT_5400_66,0.12876068115347555
cauldron_ln_2952,0.5522196689333625
mix_SI_UT_5400_820,0.2029984189489633
mix_UI_ST_5400_1215,0.1372236799167355
mix_UI_ST_5400_587,0.2935143357660112
mix_UI_ST_5400_119,0.1501682446333617
cauldron_ln_8595,0.6724765585719128
cauldron_ln_21572,0.7206567220475477
mix_SI_UT_5400_506,0.41766119711327
cauldron_ln_9129,0.8242756783216179
mix_UI_ST_5400_1448,0.03365970528641237
mix_SI_UT_5400_1287,0.3178809753092918
mix_SI_UT_5400_1171,0.5177096302026274
cauldron_ln_10294,0.7461087474571454
cauldron_ln_2792,0.767138330130668
mix_UI_ST_5400_1117,0.34099041450993095
mix_SI_UT_5400_1162,0.22678507112576332
mix_SI_UT_5400_647,0.22601201271744914
cauldron_ln_1737,0.5890057911827764
cauldron_ln_26629,0.37967463797810075
mix_UI_ST_5400_536,0.12391382128505245
cauldron_ln_8951,0.297186688999204
cauldron_ln_18333,0.7586491691584395
mix_SI_UT_5400_90,0.043254139616083584
mix_SI_UT_5400_398,0.10282741200580708
mix_UI_ST_5400_20,0.49198279873296386
mix_SI_UT_5400_510,0.1998011229718849
cauldron_ln_11316,0.6131299008733382
mix_SI_UT_5400_1034,0.6311465268853168
cauldron_ln_15570,0.24638189364897942
mix_SI_UT_5400_605,0.1417262749423254
mix_UI_ST_5400_400,0.2550182696673651
mix_UI_ST_5400_1313,0.593237692541607
cauldron_ln_12526,0.7882987484002071
mix_UI_ST_5400_65,0.3335872722259223
cauldron_ln_12524,0.678448607996315
mix_UI_ST_5400_618,0.07864674114133889
mix_UI_ST_5400_1022,0.16876322750853207
cauldron_ln_11197,0.7856836879576228
mix_UI_ST_5400_935,0.1134660009402645
mix_SI_UT_5400_1060,0.3192758523016994
mix_UI_ST_5400_1499,0.38238658085335864
cauldron_ln_16151,0.7731604927425982
cauldron_ln_28695,0.5057376229836412
mix_SI_UT_5400_1201,0.07043611479849059
mix_SI_UT_5400_677,0.17643578915706648
cauldron_ln_21122,0.4530959832340198
cauldron_ln_17941,0.6105379741056995
mix_UI_ST_5400_109,0.19645948750440118
mix_UI_ST_5400_1369,0.5467873238244119
cauldron_ln_11206,0.6824527537495635
mix_UI_ST_5400_363,0.2435918544643005
cauldron_ln_18889,0.777419645489529
cauldron_ln_16627,0.35423063764467
mix_UI_ST_5400_215,0.2901062722975605
mix_SI_UT_5400_787,0.2977738471359703
cauldron_ln_19188,0.699999872822473
mix_UI_ST_5400_727,0.23446188847480695
mix_SI_UT_5400_1291,0.5215501630147561
cauldron_ln_16876,0.5501419710771187
mix_SI_UT_5400_628,0.12349692495250729
mix_SI_UT_5400_1491,0.3560380730191435
mix_UI_ST_5400_116,0.15889790927752787
mix_SI_UT_5400_165,0.1387803115105947
mix_UI_ST_5400_310,0.3833334967803277
mix_SI_UT_5400_42,0.0817372595042181
cauldron_ln_10702,0.8157656753634241
cauldron_ln_551,0.4740439401938008
mix_SI_UT_5400_1095,0.09331601632439547
mix_UI_ST_5400_1375,0.13006803051322202
mix_SI_UT_5400_227,0.05765756379594014
cauldron_ln_12856,0.5948152223457487
cauldron_ln_16814,0.36385212174574555
mix_SI_UT_5400_1067,0.4458914388574997
mix_SI_UT_5400_761,0.2813627822825886
mix_UI_ST_5400_638,0.28353391603355405
cauldron_ln_8354,0.211649676660863
mix_SI_UT_5400_870,0.05429827366192264
cauldron_ln_20532,0.538590358162273
mix_SI_UT_5400_1131,0.31975475412106447
cauldron_ln_16990,0.7872044290874982
mix_UI_ST_5400_453,0.6693287574937472
cauldron_ln_27341,0.7851322939212455
mix_UI_ST_5400_742,0.49994515844682
cauldron_ln_10102,0.6868262806141965
cauldron_ln_19268,0.7899621531111017
mix_SI_UT_5400_1020,0.20494683381848536
mix_SI_UT_5400_640,0.2223704247896674
cauldron_ln_24030,0.4335146886297901
cauldron_ln_22734,0.7406445148300917
mix_SI_UT_5400_297,0.04162068584410815
cauldron_ln_28191,0.43258176934693326
mix_UI_ST_5400_987,0.18662574084663547
mix_UI_ST_5400_1330,0.12510427241909383
mix_UI_ST_5400_1365,0.3309264545899899
mix_UI_ST_5400_646,0.1447490554231432
mix_UI_ST_5400_1177,0.22805133234498515
mix_SI_UT_5400_466,0.7371499791235219
mix_SI_UT_5400_1030,0.5452501739157953
cauldron_ln_22793,0.7030599959310939
mix_SI_UT_5400_191,0.1568598432665718
cauldron_ln_16120,0.7808052921713411
cauldron_ln_14405,0.4208387713152064
mix_SI_UT_5400_1016,0.052684699693693555
cauldron_ln_2353,0.5238026868807639
cauldron_ln_12156,0.778426733475081
mix_SI_UT_5400_1165,0.18075018226696904
cauldron_ln_2849,0.765863082670134
cauldron_ln_21994,0.6442712550520047
mix_UI_ST_5400_518,0.07515395765871298
mix_UI_ST_5400_102,0.060526584432514234
cauldron_ln_6351,0.7636991760074002
mix_UI_ST_5400_1455,0.09878993672334609
cauldron_ln_23178,0.7584271231677586
cauldron_ln_27407,0.6778834060113661
mix_UI_ST_5400_191,0.08762693954562704
mix_SI_UT_5400_1077,0.06397376268510348
mix_SI_UT_5400_1133,0.15709387209980263
cauldron_ln_4938,0.5406206879963209
cauldron_ln_21921,0.7592225334207245
cauldron_ln_13541,0.5529760948809604
mix_SI_UT_5400_1083,0.03717583833775452
mix_SI_UT_5400_982,0.5937655925046424
mix_UI_ST_5400_1274,0.2704847332211782
mix_SI_UT_5400_319,0.36414893729517184
cauldron_ln_14617,0.4654992898013036
cauldron_ln_8799,0.7628493604394571
cauldron_ln_28059,0.6507207050414932
cauldron_ln_4886,0.5451544681470974
cauldron_ln_28020,0.7670947145826124
cauldron_ln_16757,0.5303229584933771
mix_SI_UT_5400_447,0.18897855981908615
cauldron_ln_18251,0.8032499291903714
cauldron_ln_388,0.7506859871107772
mix_UI_ST_5400_765,0.4527645948929737
mix_UI_ST_5400_1459,0.044965002203988
cauldron_ln_4616,0.7840549084636917
mix_UI_ST_5400_80,0.13402411871228787
cauldron_ln_14057,0.7050852577243295
cauldron_ln_27635,0.6374208839041342
cauldron_ln_5993,0.6373648649799977
mix_UI_ST_5400_1485,0.030172128630496876
cauldron_ln_1085,0.6978380761414813
mix_SI_UT_5400_145,0.0508057169306538
mix_UI_ST_5400_338,0.09998411810677235
mix_SI_UT_5400_1474,0.5716727698242275
cauldron_ln_29757,0.832171096208674
mix_UI_ST_5400_177,0.38860128126758975
mix_UI_ST_5400_1360,0.1876698331339601
cauldron_ln_6321,0.7995586719450929
mix_SI_UT_5400_170,0.03836084270830724
mix_UI_ST_5400_101,0.15350586131400962
cauldron_ln_13567,0.5986517492462855
mix_UI_ST_5400_64,0.3084034188785405
mix_SI_UT_5400_1031,0.5100689801416085
mix_SI_UT_5400_1394,0.3906293703745286
mix_UI_ST_5400_915,0.5913511424545952
cauldron_ln_22282,0.6200867550536746
mix_SI_UT_5400_985,0.26502151664232865
mix_SI_UT_5400_843,0.10638308642226003
mix_UI_ST_5400_164,0.22532493435030462
cauldron_ln_5061,0.6723324978379295
mix_SI_UT_5400_1161,0.48888007577667064
mix_SI_UT_5400_1295,0.07819305713681911
cauldron_ln_17267,0.5509317924703703
mix_UI_ST_5400_1201,0.38230638940952166
mix_UI_ST_5400_1100,0.45866464549065045
cauldron_ln_12219,0.6835559387027149
mix_UI_ST_5400_924,0.15779863367468294
cauldron_ln_22117,0.661318269957843
mix_SI_UT_5400_1294,0.055272115481468834
cauldron_ln_26785,0.6842614834440728
mix_UI_ST_5400_881,0.05753356393283864
cauldron_ln_13187,0.6272221275152384
mix_UI_ST_5400_258,0.31239138363189817
mix_SI_UT_5400_1149,0.47502922455434443
cauldron_ln_9727,0.5539132548561053
cauldron_ln_13883,0.5342894874785956
cauldron_ln_19802,0.8331632063631242
mix_SI_UT_5400_484,0.38533895846149774
cauldron_ln_9822,0.8118252312774319
mix_UI_ST_5400_613,0.22061387318836576
cauldron_ln_12663,0.840091857954272
cauldron_ln_21390,0.7518351780787963
cauldron_ln_23171,0.6285579379165382
cauldron_ln_8811,0.749910312395601
cauldron_ln_22196,0.809229757655245
mix_UI_ST_5400_416,0.3036628172816006
mix_SI_UT_5400_841,0.1889906663772942
cauldron_ln_1700,0.6425806271903138
cauldron_ln_13873,0.6878432726219217
mix_UI_ST_5400_74,0.3927900546671159
cauldron_ln_14550,0.7421331794840377
mix_UI_ST_5400_32,0.14807361612803777
cauldron_ln_3115,0.42196622916061066
cauldron_ln_24374,0.6659153387753378
mix_UI_ST_5400_833,0.12779453708713812
cauldron_ln_13932,0.32601347457564556
cauldron_ln_6254,0.6213702227429359
mix_UI_ST_5400_605,0.1200356880717953
mix_SI_UT_5400_1373,0.3320272777055101
cauldron_ln_10763,0.8320707532235843
mix_SI_UT_5400_850,0.16987233481938893
mix_SI_UT_5400_1228,0.38582248778578276
cauldron_ln_46,0.5478600484592225
cauldron_ln_11565,0.7712635036964818
cauldron_ln_13222,0.5939008136915445
cauldron_ln_6110,0.7011773049950194
cauldron_ln_10651,0.3763538729557927
mix_SI_UT_5400_235,0.44750150466004285
mix_UI_ST_5400_1018,0.5888663501557918
cauldron_ln_17703,0.47540896767231505
mix_SI_UT_5400_312,0.32258629257322535
mix_UI_ST_5400_327,0.07917033548930158
cauldron_ln_29565,0.538411743880973
mix_SI_UT_5400_954,0.45934599172748924
cauldron_ln_26361,0.6497283021358989
mix_UI_ST_5400_430,0.16884633460999585
cauldron_ln_9214,0.7303393333658326
cauldron_ln_23483,0.6384303818536566
mix_UI_ST_5400_893,0.5238880933229022
cauldron_ln_3213,0.7815695771623785
mix_SI_UT_5400_188,0.35632586379250464
mix_UI_ST_5400_900,0.3332262605328526
cauldron_ln_2426,0.7400676819749812
cauldron_ln_4730,0.7912366974606856
cauldron_ln_26556,0.5323077371219704
mix_SI_UT_5400_498,0.08150134235358097
cauldron_ln_13210,0.6531026105252493
cauldron_ln_8709,0.6620353842680766
cauldron_ln_16171,0.49076427696634134
cauldron_ln_19077,0.5703519494189007
mix_UI_ST_5400_809,0.30201222688676904
cauldron_ln_11755,0.3621106977748258
cauldron_ln_1604,0.6787604546733781
mix_SI_UT_5400_986,0.447148360646696
cauldron_ln_10112,0.5236472030963013
cauldron_ln_5193,0.5727435941700827
cauldron_ln_4279,0.7536790640131847
mix_UI_ST_5400_1259,0.09333936803200348
mix_SI_UT_5400_1486,0.2615046521284476
cauldron_ln_16846,0.6536029504152521
mix_UI_ST_5400_1098,0.4955475919143378
cauldron_ln_24733,0.668572419714333
cauldron_ln_201,0.7965724536423704
cauldron_ln_18456,0.6272830510506546
cauldron_ln_17192,0.3424713253128844
cauldron_ln_3742,0.7403695329491333
cauldron_ln_17663,0.6616049823184351
cauldron_ln_29513,0.6023453568043164
cauldron_ln_903,0.7329163507726297
cauldron_ln_5296,0.5614325277233609
mix_SI_UT_5400_582,0.18729122114718214
mix_SI_UT_5400_114,0.21174285521208938
mix_SI_UT_5400_450,0.25084136128818274
cauldron_ln_24575,0.6319248542431976
cauldron_ln_22199,0.7041976432548578
cauldron_ln_2750,0.7451264250893133
cauldron_ln_15721,0.11794167080092818
cauldron_ln_17286,0.7589523171533215
mix_SI_UT_5400_1308,0.03793453794966765
cauldron_ln_4939,0.30270739766317434
cauldron_ln_8584,0.5021001775367492
cauldron_ln_20168,0.7470463829159777
mix_SI_UT_5400_88,0.17995045449771516
mix_UI_ST_5400_673,0.4405301454693251
mix_SI_UT_5400_536,0.14799206147366537
mix_UI_ST_5400_811,0.5446471078861184
mix_SI_UT_5400_989,0.16501091145298902
mix_SI_UT_5400_1213,0.03178315996934501
mix_SI_UT_5400_1439,0.20397518311163562
cauldron_ln_25128,0.5716891452374627
mix_UI_ST_5400_3,0.3616632384112478
mix_SI_UT_5400_1494,0.11321121228016202
mix_SI_UT_5400_471,0.4927621430150221
cauldron_ln_270,0.7444623491261381
mix_UI_ST_5400_429,0.34019722775005823
mix_UI_ST_5400_1379,0.5463335936766405
cauldron_ln_26893,0.22727807041036366
cauldron_ln_26286,0.44782298982031865
cauldron_ln_25156,0.6945126849640582
mix_UI_ST_5400_226,0.5941167035377896
cauldron_ln_5691,0.5516997746854706
mix_SI_UT_5400_7,0.0947055917265134
cauldron_ln_4943,0.8677491058648434
cauldron_ln_22661,0.6524526258132197
cauldron_ln_11972,0.6907786139058809
cauldron_ln_13201,0.5222295540072831
cauldron_ln_10874,0.5348982464352143
cauldron_ln_20523,0.7586075568992764
mix_SI_UT_5400_1183,0.08486792012050116
cauldron_ln_26443,0.45284023488043657
cauldron_ln_29537,0.4774731883970504
cauldron_ln_24190,0.8129189689604226
cauldron_ln_7865,0.6699565392223525
mix_UI_ST_5400_722,0.1376442783943867
cauldron_ln_21891,0.7252370714361005
mix_SI_UT_5400_375,0.16253985055534553
mix_SI_UT_5400_1467,0.12371682195653261
cauldron_ln_9287,0.4238515481549263
cauldron_ln_25674,0.6364436209884377
cauldron_ln_529,0.5871642828953438
cauldron_ln_26169,0.21950774434546896
cauldron_ln_27183,0.5069332059652281
mix_UI_ST_5400_1110,0.13263522653763482
cauldron_ln_9816,0.3574352485811645
cauldron_ln_8424,0.8214343861554386
cauldron_ln_10420,0.5577784621492408
cauldron_ln_13707,0.759847716470547
mix_UI_ST_5400_195,0.5165180433537276
mix_UI_ST_5400_1270,0.24667808044558473
mix_SI_UT_5400_1462,0.3352353133124752
mix_SI_UT_5400_863,0.11835363796897878
cauldron_ln_24863,0.6518633820124784
cauldron_ln_20568,0.46584049776645875
cauldron_ln_21554,0.81038591514317
mix_UI_ST_5400_407,0.21273689270773016
cauldron_ln_6392,0.6557680749002449
cauldron_ln_2802,0.6239718681913696
mix_SI_UT_5400_630,0.03853358789783361
mix_SI_UT_5400_659,0.5888261876122809
cauldron_ln_28231,0.733827422039621
cauldron_ln_26508,0.6520989905113752
cauldron_ln_6278,0.21481817760994593
mix_SI_UT_5400_1317,0.09571340706990458
mix_SI_UT_5400_1145,0.35575705326905915
cauldron_ln_6555,0.6891544124175856
mix_SI_UT_5400_100,0.42236089786669034
cauldron_ln_5877,0.558130872386245
cauldron_ln_17291,0.7020349244297258
cauldron_ln_22147,0.5106156565836314
mix_SI_UT_5400_64,0.11273717152807697
mix_SI_UT_5400_1157,0.15427503887184002
mix_SI_UT_5400_786,0.39065141347480714
cauldron_ln_23534,0.41736300184301767
mix_UI_ST_5400_1167,0.38017373046885516
mix_UI_ST_5400_38,0.3010545896248682
mix_UI_ST_5400_768,0.1907898801111709
cauldron_ln_2478,0.8575107846924922
cauldron_ln_29659,0.3142567910526214
cauldron_ln_7994,0.5456777661737616
cauldron_ln_26442,0.5204553897158282
cauldron_ln_22144,0.7742845939147205
cauldron_ln_16059,0.6356242480531404
cauldron_ln_25931,0.2883772965153791
mix_UI_ST_5400_597,0.07159900918596852
mix_UI_ST_5400_440,0.18869137690030374
mix_UI_ST_5400_464,0.4799267413273812
cauldron_ln_9243,0.4013277273552057
cauldron_ln_237,0.6647641456296057
cauldron_ln_29412,0.5807155767138977
mix_UI_ST_5400_974,0.5414270848935501
mix_UI_ST_5400_1014,0.13159455961548772
cauldron_ln_24161,0.6445565915219296
cauldron_ln_10127,0.760202178526583
mix_UI_ST_5400_1229,0.12553721017620123
cauldron_ln_1812,0.6282889921384855
mix_SI_UT_5400_544,0.027244469751482814
cauldron_ln_17581,0.720545350916218
cauldron_ln_5294,0.4018812151079538
cauldron_ln_1885,0.6845877884834608
cauldron_ln_1118,0.5019418605930968
mix_UI_ST_5400_1364,0.10068587118782357
mix_SI_UT_5400_889,0.07678697531048427
mix_UI_ST_5400_863,0.137749803660253
mix_UI_ST_5400_29,0.18843254853798524
cauldron_ln_27981,0.22673870799219217
cauldron_ln_8018,0.4936282026479026
mix_SI_UT_5400_938,0.3593858356431944
cauldron_ln_29407,0.8369057710815473
mix_UI_ST_5400_1405,0.09549826430271566
mix_UI_ST_5400_1175,0.23381469310713393
mix_SI_UT_5400_960,0.6984748831798602
mix_UI_ST_5400_579,0.09498800008290156
cauldron_ln_11900,0.6911555732033923
cauldron_ln_2799,0.5804674560887112
cauldron_ln_10230,0.43111324637336845
cauldron_ln_13334,0.40531285882925217
mix_UI_ST_5400_355,0.3412395888102906
cauldron_ln_15714,0.6575103453117817
cauldron_ln_14457,0.6375271740042496
mix_UI_ST_5400_1410,0.10553569702941147
cauldron_ln_11447,0.6239919467563035
mix_UI_ST_5400_757,0.49428754887860293
cauldron_ln_304,0.7532511991690648
cauldron_ln_11256,0.7250036446671395
mix_UI_ST_5400_1101,0.18775232098848565
cauldron_ln_15585,0.7101480493353186
cauldron_ln_29751,0.5725376787329326
cauldron_ln_3304,0.5696846192842201
cauldron_ln_24073,0.3986212477650811
cauldron_ln_3622,0.7442055862512165
cauldron_ln_14132,0.5584923201443895
cauldron_ln_20207,0.46676599570814603
cauldron_ln_10890,0.7244006247780708
mix_SI_UT_5400_137,0.6862027164365074
cauldron_ln_28924,0.29633280827122843
mix_UI_ST_5400_829,0.27368713910763487
cauldron_ln_20124,0.49512106603314787
cauldron_ln_14766,0.28064873152552017
cauldron_ln_25892,0.20329379609613152
cauldron_ln_10053,0.4519525326031679
cauldron_ln_13970,0.6681088061160825
mix_UI_ST_5400_1277,0.09801288831981533
mix_UI_ST_5400_643,0.4853889006381819
cauldron_ln_853,0.7123303416276502
mix_SI_UT_5400_1246,0.351148502636509
mix_SI_UT_5400_745,0.08400877797501913
cauldron_ln_23133,0.6801836366144767
mix_UI_ST_5400_35,0.5029316170866405
cauldron_ln_2988,0.508568389994887
cauldron_ln_22539,0.48198720910473714
cauldron_ln_4695,0.7088062972077045
mix_UI_ST_5400_316,0.047236380377473505
mix_SI_UT_5400_1082,0.05023468735181717
mix_SI_UT_5400_1393,0.4563007978305377
cauldron_ln_6003,0.616145830383275
cauldron_ln_19998,0.5085784881578004
cauldron_ln_14071,0.5519610416964664
cauldron_ln_27368,0.40137516868135314
cauldron_ln_23341,0.5916227538491093
cauldron_ln_28823,0.6798682735497763
mix_SI_UT_5400_1351,0.44190248651310005
cauldron_ln_184,0.6399701622195426
cauldron_ln_23698,0.8117422563984591
mix_SI_UT_5400_1049,0.20452719542034875
mix_SI_UT_5400_150,0.03565687429069158
mix_SI_UT_5400_228,0.4405486438890373
cauldron_ln_7985,0.7718102748656053
cauldron_ln_5276,0.15599615227016136
cauldron_ln_9809,0.735995283697755
mix_UI_ST_5400_830,0.36768400565608916
cauldron_ln_18554,0.5795488243506185
mix_SI_UT_5400_1219,0.018858982339314236
cauldron_ln_13949,0.6656044320303639
cauldron_ln_12345,0.8336275355675289
cauldron_ln_258,0.6291130487937893
mix_SI_UT_5400_1212,0.06461608919030148
cauldron_ln_85,0.7674154631076047
mix_SI_UT_5400_577,0.17771318937488667
mix_SI_UT_5400_652,0.18055331103716638
cauldron_ln_28833,0.8248911698632984
cauldron_ln_27481,0.545586974284817
mix_SI_UT_5400_973,0.08789353790110822
mix_SI_UT_5400_1241,0.22555298275086216
cauldron_ln_15933,0.7751490463007009
mix_UI_ST_5400_69,0.09723835805551329
cauldron_ln_18595,0.7204738068714858
mix_UI_ST_5400_1193,0.1071805750518552
cauldron_ln_673,0.5345068162870004
mix_UI_ST_5400_472,0.10200316193126893
cauldron_ln_1036,0.2492475767711582
cauldron_ln_20242,0.783937054089147
mix_SI_UT_5400_755,0.5578556143609652
mix_UI_ST_5400_1252,0.44664053054506414
cauldron_ln_21271,0.6806783476188143
mix_UI_ST_5400_780,0.1022624515182915
cauldron_ln_8577,0.7299172800933235
cauldron_ln_5176,0.5285042017957107
mix_UI_ST_5400_484,0.15513543339356423
cauldron_ln_3251,0.6993286253331585
cauldron_ln_11850,0.35194070169396785
cauldron_ln_11722,0.25475929059533897
cauldron_ln_17841,0.7587098863859665
cauldron_ln_10141,0.6939655619294672
mix_SI_UT_5400_255,0.4483905974982676
mix_SI_UT_5400_48,0.13997654394513637
mix_UI_ST_5400_723,0.16912467272453952
mix_SI_UT_5400_1333,0.2667868052941037
mix_UI_ST_5400_254,0.5071510477786781
cauldron_ln_8812,0.824049067690145
mix_SI_UT_5400_1422,0.4033807501765614
mix_SI_UT_5400_83,0.10070835547387538
cauldron_ln_10775,0.6050412859035816
mix_SI_UT_5400_541,0.6845852605235581
mix_UI_ST_5400_730,0.16241899399320192
mix_SI_UT_5400_91,0.14434763546744572
mix_UI_ST_5400_1357,0.6648170773697324
mix_SI_UT_5400_220,0.1574245173464249
mix_UI_ST_5400_1266,0.27012526237689977
cauldron_ln_19902,0.7166471816804951
mix_SI_UT_5400_426,0.23379606862530158
mix_SI_UT_5400_1435,0.3576998498371152
mix_SI_UT_5400_69,0.49713254204329954
mix_UI_ST_5400_659,0.46919567341158397
mix_SI_UT_5400_161,0.07006185963713718
mix_SI_UT_5400_1068,0.2400350518760067
mix_SI_UT_5400_646,0.44463150895551956
mix_UI_ST_5400_283,0.2141547292826857
mix_SI_UT_5400_538,0.027086782694594812
cauldron_ln_17393,0.7635152666480503
